chunk,logical_path,top_level,source_size,decoded_bytes,lua_bytes,decoded,decompiled,returncode,error,source_lpb
non_chara,actorbaseclass,actorbaseclass,467,454,444,True,True,0,,C:\Program Files (x86)\SquareEnix\FINAL FANTASY XIV\client\script\97qvs89r57y9rr.le.lpb
non_chara,actorbaseclass_u,actorbaseclass_u,1455,1442,1936,True,True,0,,C:\Program Files (x86)\SquareEnix\FINAL FANTASY XIV\client\script\97qvs89r57y9rr_p.le.lpb
non_chara,area/areabaseclass,area,4654,4641,6014,True,True,0,,C:\Program Files (x86)\SquareEnix\FINAL FANTASY XIV\client\script\9s59\9s5989r57y9rr.le.lpb
non_chara,area/areabaseclass_layout,area,835,822,977,True,True,0,,C:\Program Files (x86)\SquareEnix\FINAL FANTASY XIV\client\script\9s59\9s5989r57y9rr_y9lvpq.le.lpb
non_chara,area/areabaseclass_u,area,1453,1440,1755,True,True,0,,C:\Program Files (x86)\SquareEnix\FINAL FANTASY XIV\client\script\9s59\9s5989r57y9rr_p.le.lpb
non_chara,area/zone/zonebaseclass,area,439,426,360,True,True,0,,C:\Program Files (x86)\SquareEnix\FINAL FANTASY XIV\client\script\9s59\kvw5\kvw589r57y9rr.le.lpb
non_chara,area/zone/zonebaseclass_u,area,69,56,17,True,True,0,,C:\Program Files (x86)\SquareEnix\FINAL FANTASY XIV\client\script\9s59\kvw5\kvw589r57y9rr_p.le.lpb
non_chara,area/zone/zonemasterbattlefstf0,area,204,191,91,True,True,0,,C:\Program Files (x86)\SquareEnix\FINAL FANTASY XIV\client\script\9s59\kvw5\kvw5x9rq5s89qqy54rq4j.le.lpb
non_chara,area/zone/zonemasterbattleocno0,area,204,191,91,True,True,0,,C:\Program Files (x86)\SquareEnix\FINAL FANTASY XIV\client\script\9s59\kvw5\kvw5x9rq5s89qqy5v7wvj.le.lpb
non_chara,area/zone/zonemasterbattleocno1,area,204,191,91,True,True,0,,C:\Program Files (x86)\SquareEnix\FINAL FANTASY XIV\client\script\9s59\kvw5\kvw5x9rq5s89qqy5v7wvi.le.lpb
non_chara,area/zone/zonemasterbattlewilw0,area,204,191,91,True,True,0,,C:\Program Files (x86)\SquareEnix\FINAL FANTASY XIV\client\script\9s59\kvw5\kvw5x9rq5s89qqy5n1ynj.le.lpb
non_chara,area/zone/zonemastercottageprv00,area,205,192,92,True,True,0,,C:\Program Files (x86)\SquareEnix\FINAL FANTASY XIV\client\script\9s59\kvw5\kvw5x9rq5s7vqq935usojj.le.lpb
non_chara,area/zone/zonemastercruiseocno2,area,204,191,91,True,True,0,,C:\Program Files (x86)\SquareEnix\FINAL FANTASY XIV\client\script\9s59\kvw5\kvw5x9rq5s7sp1r5v7wvh.le.lpb
non_chara,area/zone/zonemastercruiseseas1,area,204,191,91,True,True,0,,C:\Program Files (x86)\SquareEnix\FINAL FANTASY XIV\client\script\9s59\kvw5\kvw5x9rq5s7sp1r5r59ri.le.lpb
non_chara,area/zone/zonemasterfstf0,area,198,185,85,True,True,0,,C:\Program Files (x86)\SquareEnix\FINAL FANTASY XIV\client\script\9s59\kvw5\kvw5x9rq5s4rq4j.le.lpb
non_chara,area/zone/zonemasterjail,area,197,184,84,True,True,0,,C:\Program Files (x86)\SquareEnix\FINAL FANTASY XIV\client\script\9s59\kvw5\kvw5x9rq5s091y.le.lpb
non_chara,area/zone/zonemasterlakl0,area,198,185,85,True,True,0,,C:\Program Files (x86)\SquareEnix\FINAL FANTASY XIV\client\script\9s59\kvw5\kvw5x9rq5sy9zyj.le.lpb
non_chara,area/zone/zonemastermarketfstf0,area,204,191,91,True,True,0,,C:\Program Files (x86)\SquareEnix\FINAL FANTASY XIV\client\script\9s59\kvw5\kvw5x9rq5sx9sz5q4rq4j.le.lpb
non_chara,area/zone/zonemastermarketseas0,area,204,191,91,True,True,0,,C:\Program Files (x86)\SquareEnix\FINAL FANTASY XIV\client\script\9s59\kvw5\kvw5x9rq5sx9sz5qr59rj.le.lpb
non_chara,area/zone/zonemastermarketwilw0,area,204,191,91,True,True,0,,C:\Program Files (x86)\SquareEnix\FINAL FANTASY XIV\client\script\9s59\kvw5\kvw5x9rq5sx9sz5qn1ynj.le.lpb
non_chara,area/zone/zonemasterocno0,area,198,185,85,True,True,0,,C:\Program Files (x86)\SquareEnix\FINAL FANTASY XIV\client\script\9s59\kvw5\kvw5x9rq5sv7wvj.le.lpb
non_chara,area/zone/zonemasterofficefstf0,area,204,191,91,True,True,0,,C:\Program Files (x86)\SquareEnix\FINAL FANTASY XIV\client\script\9s59\kvw5\kvw5x9rq5sv441754rq4j.le.lpb
non_chara,area/zone/zonemasterofficeseas0,area,204,191,91,True,True,0,,C:\Program Files (x86)\SquareEnix\FINAL FANTASY XIV\client\script\9s59\kvw5\kvw5x9rq5sv44175r59rj.le.lpb
non_chara,area/zone/zonemasterofficewilw0,area,204,191,91,True,True,0,,C:\Program Files (x86)\SquareEnix\FINAL FANTASY XIV\client\script\9s59\kvw5\kvw5x9rq5sv44175n1ynj.le.lpb
non_chara,area/zone/zonemasterprvi0,area,198,185,85,True,True,0,,C:\Program Files (x86)\SquareEnix\FINAL FANTASY XIV\client\script\9s59\kvw5\kvw5x9rq5suso1j.le.lpb
non_chara,area/zone/zonemasterrocr0,area,198,185,85,True,True,0,,C:\Program Files (x86)\SquareEnix\FINAL FANTASY XIV\client\script\9s59\kvw5\kvw5x9rq5ssv7sj.le.lpb
non_chara,area/zone/zonemasterrocr1,area,198,185,85,True,True,0,,C:\Program Files (x86)\SquareEnix\FINAL FANTASY XIV\client\script\9s59\kvw5\kvw5x9rq5ssv7si.le.lpb
non_chara,area/zone/zonemasterseas0,area,198,185,85,True,True,0,,C:\Program Files (x86)\SquareEnix\FINAL FANTASY XIV\client\script\9s59\kvw5\kvw5x9rq5sr59rj.le.lpb
non_chara,area/zone/zonemasterseas1,area,198,185,85,True,True,0,,C:\Program Files (x86)\SquareEnix\FINAL FANTASY XIV\client\script\9s59\kvw5\kvw5x9rq5sr59ri.le.lpb
non_chara,area/zone/zonemasterwilw0,area,198,185,85,True,True,0,,C:\Program Files (x86)\SquareEnix\FINAL FANTASY XIV\client\script\9s59\kvw5\kvw5x9rq5sn1ynj.le.lpb
chara_non_monster,chara/charabaseclass,chara,13821,13808,16608,True,True,0,,C:\Program Files (x86)\SquareEnix\FINAL FANTASY XIV\client\script\729s9\729s989r57y9rr.le.lpb
chara_non_monster,chara/charabaseclass_battle,chara,14538,14525,22211,True,True,0,,C:\Program Files (x86)\SquareEnix\FINAL FANTASY XIV\client\script\729s9\729s989r57y9rr_89qqy5.le.lpb
chara_non_monster,chara/charabaseclass_cliprog,chara,4508,4495,6306,True,True,0,,C:\Program Files (x86)\SquareEnix\FINAL FANTASY XIV\client\script\729s9\729s989r57y9rr_7y1usv3.le.lpb
chara_non_monster,chara/charabaseclass_event,chara,3553,3540,5146,True,True,0,,C:\Program Files (x86)\SquareEnix\FINAL FANTASY XIV\client\script\729s9\729s989r57y9rr_5o5wq.le.lpb
chara_non_monster,chara/charabaseclass_ffxivbattle,chara,5795,5782,7991,True,True,0,,C:\Program Files (x86)\SquareEnix\FINAL FANTASY XIV\client\script\729s9\729s989r57y9rr_44m1o89qqy5.le.lpb
chara_non_monster,chara/charabaseclass_parameter,chara,14673,14660,21138,True,True,0,,C:\Program Files (x86)\SquareEnix\FINAL FANTASY XIV\client\script\729s9\729s989r57y9rr_u9s9x5q5s.le.lpb
chara_non_monster,chara/charabaseclass_u,chara,12241,12228,17815,True,True,0,,C:\Program Files (x86)\SquareEnix\FINAL FANTASY XIV\client\script\729s9\729s989r57y9rr_p.le.lpb
chara_non_monster,chara/npc/crowd/crowdbaseclass,chara,349,336,201,True,True,0,,C:\Program Files (x86)\SquareEnix\FINAL FANTASY XIV\client\script\729s9\wu7\7svn6\7svn689r57y9rr.le.lpb
chara_non_monster,chara/npc/crowd/crowdstandard,chara,204,191,91,True,True,0,,C:\Program Files (x86)\SquareEnix\FINAL FANTASY XIV\client\script\729s9\wu7\7svn6\7svn6rq9w69s6.le.lpb
chara_non_monster,chara/npc/crowd/oceancty/crowdoceancty,chara,204,191,91,True,True,0,,C:\Program Files (x86)\SquareEnix\FINAL FANTASY XIV\client\script\729s9\wu7\7svn6\v759w7ql\7svn6v759w7ql.le.lpb
chara_non_monster,chara/npc/debug/debugcraftassist,chara,1783,1770,2830,True,True,0,,C:\Program Files (x86)\SquareEnix\FINAL FANTASY XIV\client\script\729s9\wu7\658p3\658p37s94q9rr1rq.le.lpb
chara_non_monster,chara/npc/debug/debugharvestassist,chara,490,477,419,True,True,0,,C:\Program Files (x86)\SquareEnix\FINAL FANTASY XIV\client\script\729s9\wu7\658p3\658p329so5rq9rr1rq.le.lpb
chara_non_monster,chara/npc/debug/debugmarker,chara,192,179,79,True,True,0,,C:\Program Files (x86)\SquareEnix\FINAL FANTASY XIV\client\script\729s9\wu7\658p3\658p3x9sz5s.le.lpb
chara_non_monster,chara/npc/debug/partytester,chara,2260,2247,4902,True,True,0,,C:\Program Files (x86)\SquareEnix\FINAL FANTASY XIV\client\script\729s9\wu7\658p3\u9sqlq5rq5s.le.lpb
chara_non_monster,chara/npc/debug/pathchecker,chara,623,610,1024,True,True,0,,C:\Program Files (x86)\SquareEnix\FINAL FANTASY XIV\client\script\729s9\wu7\658p3\u9q27257z5s.le.lpb
chara_non_monster,chara/npc/debug/populacehalloweentest,chara,362,349,317,True,True,0,,C:\Program Files (x86)\SquareEnix\FINAL FANTASY XIV\client\script\729s9\wu7\658p3\uvupy97529yyvn55wq5rq.le.lpb
chara_non_monster,chara/npc/debug/populacemenuman,chara,12412,12399,37002,True,True,0,,C:\Program Files (x86)\SquareEnix\FINAL FANTASY XIV\client\script\729s9\wu7\658p3\uvupy975x5wpx9w.le.lpb
chara_non_monster,chara/npc/debug/populacemonstergrandma,chara,2295,2282,4255,True,True,0,,C:\Program Files (x86)\SquareEnix\FINAL FANTASY XIV\client\script\729s9\wu7\658p3\uvupy975xvwrq5s3s9w6x9.le.lpb
chara_non_monster,chara/npc/debug/populacesnpccuttestman,chara,1994,1981,3501,True,True,0,,C:\Program Files (x86)\SquareEnix\FINAL FANTASY XIV\client\script\729s9\wu7\658p3\uvupy975rwu77pqq5rqx9w.le.lpb
chara_non_monster,chara/npc/debug/sensechecker,chara,388,375,373,True,True,0,,C:\Program Files (x86)\SquareEnix\FINAL FANTASY XIV\client\script\729s9\wu7\658p3\r5wr57257z5s.le.lpb
chara_non_monster,chara/npc/debug/serverposchecker,chara,197,184,84,True,True,0,,C:\Program Files (x86)\SquareEnix\FINAL FANTASY XIV\client\script\729s9\wu7\658p3\r5so5suvr7257z5s.le.lpb
chara_non_monster,chara/npc/debug/testcottage,chara,337,324,231,True,True,0,,C:\Program Files (x86)\SquareEnix\FINAL FANTASY XIV\client\script\729s9\wu7\658p3\q5rq7vqq935.le.lpb
chara_non_monster,chara/npc/gimmick/gimmickbuffrect,chara,218,205,105,True,True,0,,C:\Program Files (x86)\SquareEnix\FINAL FANTASY XIV\client\script\729s9\wu7\31xx17z\31xx17z8p44s57q.le.lpb
chara_non_monster,chara/npc/gimmick/gimmickbuffrecttriggerbox,chara,304,291,180,True,True,0,,C:\Program Files (x86)\SquareEnix\FINAL FANTASY XIV\client\script\729s9\wu7\31xx17z\31xx17z8p44s57qqs1335s8vm.le.lpb
chara_non_monster,chara/npc/gimmick/gimmickdetectionrect,chara,299,286,170,True,True,0,,C:\Program Files (x86)\SquareEnix\FINAL FANTASY XIV\client\script\729s9\wu7\31xx17z\31xx17z65q57q1vws57q.le.lpb
chara_non_monster,chara/npc/gimmick/gimmickexit,chara,320,307,174,True,True,0,,C:\Program Files (x86)\SquareEnix\FINAL FANTASY XIV\client\script\729s9\wu7\31xx17z\31xx17z5m1q.le.lpb
chara_non_monster,chara/npc/gimmick/gimmickexitrect,chara,735,722,694,True,True,0,,C:\Program Files (x86)\SquareEnix\FINAL FANTASY XIV\client\script\729s9\wu7\31xx17z\31xx17z5m1qs57q.le.lpb
chara_non_monster,chara/npc/gimmick/gimmickkeepoutrect,chara,327,314,193,True,True,0,,C:\Program Files (x86)\SquareEnix\FINAL FANTASY XIV\client\script\729s9\wu7\31xx17z\31xx17zz55uvpqs57q.le.lpb
chara_non_monster,chara/npc/gimmick/gimmickmapobj/beaconfortgategimmick,chara,1401,1388,1499,True,True,0,,C:\Program Files (x86)\SquareEnix\FINAL FANTASY XIV\client\script\729s9\wu7\31xx17z\31xx17zx9uv80\8597vw4vsq39q531xx17z.le.lpb
chara_non_monster,chara/npc/gimmick/gimmickmapobj/gimmickmapobj,chara,236,223,123,True,True,0,,C:\Program Files (x86)\SquareEnix\FINAL FANTASY XIV\client\script\729s9\wu7\31xx17z\31xx17zx9uv80\31xx17zx9uv80.le.lpb
chara_non_monster,chara/npc/gimmick/gimmickmapobj/gimmickmapobjbaseclass,chara,528,515,386,True,True,0,,C:\Program Files (x86)\SquareEnix\FINAL FANTASY XIV\client\script\729s9\wu7\31xx17z\31xx17zx9uv80\31xx17zx9uv8089r57y9rr.le.lpb
chara_non_monster,chara/npc/gimmick/gimmickmapobj/gimmickmapobjobstacle,chara,343,330,244,True,True,0,,C:\Program Files (x86)\SquareEnix\FINAL FANTASY XIV\client\script\729s9\wu7\31xx17z\31xx17zx9uv80\31xx17zx9uv80v8rq97y5.le.lpb
chara_non_monster,chara/npc/gimmick/gimmickmapobj/magicsquaregimmick,chara,400,387,268,True,True,0,,C:\Program Files (x86)\SquareEnix\FINAL FANTASY XIV\client\script\729s9\wu7\31xx17z\31xx17zx9uv80\x9317rtp9s531xx17z.le.lpb
chara_non_monster,chara/npc/gimmick/gimmicknpcbaseclass,chara,974,961,1015,True,True,0,,C:\Program Files (x86)\SquareEnix\FINAL FANTASY XIV\client\script\729s9\wu7\31xx17z\31xx17zwu789r57y9rr.le.lpb
chara_non_monster,chara/npc/gimmick/gimmickpoisoncure,chara,684,671,662,True,True,0,,C:\Program Files (x86)\SquareEnix\FINAL FANTASY XIV\client\script\729s9\wu7\31xx17z\31xx17zuv1rvw7ps5.le.lpb
chara_non_monster,chara/npc/gimmick/gimmickterminal,chara,495,482,307,True,True,0,,C:\Program Files (x86)\SquareEnix\FINAL FANTASY XIV\client\script\729s9\wu7\31xx17z\31xx17zq5sx1w9y.le.lpb
chara_non_monster,chara/npc/gimmick/gimmicktreasurebox,chara,810,797,625,True,True,0,,C:\Program Files (x86)\SquareEnix\FINAL FANTASY XIV\client\script\729s9\wu7\31xx17z\31xx17zqs59rps58vm.le.lpb
chara_non_monster,chara/npc/gimmick/gimmickwarp,chara,831,818,1029,True,True,0,,C:\Program Files (x86)\SquareEnix\FINAL FANTASY XIV\client\script\729s9\wu7\31xx17z\31xx17zn9su.le.lpb
chara_non_monster,chara/npc/gimmick/gimmickwarprect,chara,324,311,182,True,True,0,,C:\Program Files (x86)\SquareEnix\FINAL FANTASY XIV\client\script\729s9\wu7\31xx17z\31xx17zn9sus57q.le.lpb
chara_non_monster,chara/npc/gimmick/prefaceevent,chara,429,416,353,True,True,0,,C:\Program Files (x86)\SquareEnix\FINAL FANTASY XIV\client\script\729s9\wu7\31xx17z\us549755o5wq.le.lpb
chara_non_monster,chara/npc/mapobj/barriertree,chara,457,444,337,True,True,0,,C:\Program Files (x86)\SquareEnix\FINAL FANTASY XIV\client\script\729s9\wu7\x9uv80\89ss15sqs55.le.lpb
chara_non_monster,chara/npc/mapobj/companyship,chara,266,253,141,True,True,0,,C:\Program Files (x86)\SquareEnix\FINAL FANTASY XIV\client\script\729s9\wu7\x9uv80\7vxu9wlr21u.le.lpb
chara_non_monster,chara/npc/mapobj/doorserver,chara,611,598,529,True,True,0,,C:\Program Files (x86)\SquareEnix\FINAL FANTASY XIV\client\script\729s9\wu7\x9uv80\6vvsr5so5s.le.lpb
chara_non_monster,chara/npc/mapobj/doorstandard,chara,1910,1897,2364,True,True,0,,C:\Program Files (x86)\SquareEnix\FINAL FANTASY XIV\client\script\729s9\wu7\x9uv80\6vvsrq9w69s6.le.lpb
chara_non_monster,chara/npc/mapobj/mapobjclam,chara,1709,1696,2108,True,True,0,,C:\Program Files (x86)\SquareEnix\FINAL FANTASY XIV\client\script\729s9\wu7\x9uv80\x9uv807y9x.le.lpb
chara_non_monster,chara/npc/mapobj/mapobjfireworks,chara,1389,1376,1638,True,True,0,,C:\Program Files (x86)\SquareEnix\FINAL FANTASY XIV\client\script\729s9\wu7\x9uv80\x9uv8041s5nvszr.le.lpb
chara_non_monster,chara/npc/mapobj/mapobjonewaydoor,chara,617,604,541,True,True,0,,C:\Program Files (x86)\SquareEnix\FINAL FANTASY XIV\client\script\729s9\wu7\x9uv80\x9uv80vw5n9l6vvs.le.lpb
chara_non_monster,chara/npc/mapobj/mapobjonlyshowhide,chara,418,405,287,True,True,0,,C:\Program Files (x86)\SquareEnix\FINAL FANTASY XIV\client\script\729s9\wu7\x9uv80\x9uv80vwylr2vn2165.le.lpb
chara_non_monster,chara/npc/mapobj/mapobjportdoor,chara,904,891,700,True,True,0,,C:\Program Files (x86)\SquareEnix\FINAL FANTASY XIV\client\script\729s9\wu7\x9uv80\x9uv80uvsq6vvs.le.lpb
chara_non_monster,chara/npc/mapobj/mapobjshipport,chara,1057,1044,1571,True,True,0,,C:\Program Files (x86)\SquareEnix\FINAL FANTASY XIV\client\script\729s9\wu7\x9uv80\x9uv80r21uuvsq.le.lpb
chara_non_monster,chara/npc/mapobj/mapobjshiprouteland,chara,769,756,765,True,True,0,,C:\Program Files (x86)\SquareEnix\FINAL FANTASY XIV\client\script\729s9\wu7\x9uv80\x9uv80r21usvpq5y9w6.le.lpb
chara_non_monster,chara/npc/mapobj/mapobjstandard,chara,299,286,156,True,True,0,,C:\Program Files (x86)\SquareEnix\FINAL FANTASY XIV\client\script\729s9\wu7\x9uv80\x9uv80rq9w69s6.le.lpb
chara_non_monster,chara/npc/mapobj/mapobjtutorial,chara,448,435,353,True,True,0,,C:\Program Files (x86)\SquareEnix\FINAL FANTASY XIV\client\script\729s9\wu7\x9uv80\x9uv80qpqvs19y.le.lpb
chara_non_monster,chara/npc/mapobj/marketstand,chara,3090,3077,5412,True,True,0,,C:\Program Files (x86)\SquareEnix\FINAL FANTASY XIV\client\script\729s9\wu7\x9uv80\x9sz5qrq9w6.le.lpb
chara_non_monster,chara/npc/mapobj/pray12gods,chara,815,802,622,True,True,0,,C:\Program Files (x86)\SquareEnix\FINAL FANTASY XIV\client\script\729s9\wu7\x9uv80\us9lih3v6r.le.lpb
chara_non_monster,chara/npc/mapobj/testmapobj,chara,671,658,513,True,True,0,,C:\Program Files (x86)\SquareEnix\FINAL FANTASY XIV\client\script\729s9\wu7\x9uv80\q5rqx9uv80.le.lpb
chara_monster,chara/npc/monster/ahriman/ahrimanbaseclass,chara,217,204,104,True,True,0,,C:\Program Files (x86)\SquareEnix\FINAL FANTASY XIV\client\script\729s9\wu7\xvwrq5s\92s1x9w\92s1x9w89r57y9rr.le.lpb
chara_monster,chara/npc/monster/ahriman/ahrimanlesserstandard,chara,226,213,113,True,True,0,,C:\Program Files (x86)\SquareEnix\FINAL FANTASY XIV\client\script\729s9\wu7\xvwrq5s\92s1x9w\92s1x9wy5rr5srq9w69s6.le.lpb
chara_monster,chara/npc/monster/ahriman/ahrimannormalanimaobj,chara,226,213,113,True,True,0,,C:\Program Files (x86)\SquareEnix\FINAL FANTASY XIV\client\script\729s9\wu7\xvwrq5s\92s1x9w\92s1x9wwvsx9y9w1x9v80.le.lpb
chara_monster,chara/npc/monster/ahriman/ahrimannormalanimaobjb,chara,227,214,114,True,True,0,,C:\Program Files (x86)\SquareEnix\FINAL FANTASY XIV\client\script\729s9\wu7\xvwrq5s\92s1x9w\92s1x9wwvsx9y9w1x9v808.le.lpb
chara_monster,chara/npc/monster/ahriman/ahrimannormalnm,chara,220,207,107,True,True,0,,C:\Program Files (x86)\SquareEnix\FINAL FANTASY XIV\client\script\729s9\wu7\xvwrq5s\92s1x9w\92s1x9wwvsx9ywx.le.lpb
chara_monster,chara/npc/monster/ahriman/ahrimannormalnmmob,chara,223,210,110,True,True,0,,C:\Program Files (x86)\SquareEnix\FINAL FANTASY XIV\client\script\729s9\wu7\xvwrq5s\92s1x9w\92s1x9wwvsx9ywxxv8.le.lpb
chara_monster,chara/npc/monster/ahriman/ahrimannormalnmrush,chara,224,211,111,True,True,0,,C:\Program Files (x86)\SquareEnix\FINAL FANTASY XIV\client\script\729s9\wu7\xvwrq5s\92s1x9w\92s1x9wwvsx9ywxspr2.le.lpb
chara_monster,chara/npc/monster/ahriman/ahrimannormalpld0j6,chara,224,211,111,True,True,0,,C:\Program Files (x86)\SquareEnix\FINAL FANTASY XIV\client\script\729s9\wu7\xvwrq5s\92s1x9w\92s1x9wwvsx9yuy6j0d.le.lpb
chara_monster,chara/npc/monster/ahriman/ahrimannormalstandard,chara,226,213,113,True,True,0,,C:\Program Files (x86)\SquareEnix\FINAL FANTASY XIV\client\script\729s9\wu7\xvwrq5s\92s1x9w\92s1x9wwvsx9yrq9w69s6.le.lpb
chara_monster,chara/npc/monster/ahriman/ahrimanpatrolbaseclass,chara,223,210,110,True,True,0,,C:\Program Files (x86)\SquareEnix\FINAL FANTASY XIV\client\script\729s9\wu7\xvwrq5s\92s1x9w\92s1x9wu9qsvy89r57y9rr.le.lpb
chara_monster,chara/npc/monster/ahriman/ahrimanstandard,chara,220,207,107,True,True,0,,C:\Program Files (x86)\SquareEnix\FINAL FANTASY XIV\client\script\729s9\wu7\xvwrq5s\92s1x9w\92s1x9wrq9w69s6.le.lpb
chara_monster,chara/npc/monster/animaobj/animaobjbaseclass,chara,218,205,105,True,True,0,,C:\Program Files (x86)\SquareEnix\FINAL FANTASY XIV\client\script\729s9\wu7\xvwrq5s\9w1x9v80\9w1x9v8089r57y9rr.le.lpb
chara_monster,chara/npc/monster/animaobj/animaobjnormala,chara,223,210,110,True,True,0,,C:\Program Files (x86)\SquareEnix\FINAL FANTASY XIV\client\script\729s9\wu7\xvwrq5s\9w1x9v80\9w1x9v80wvsx9y9.le.lpb
chara_monster,chara/npc/monster/animaobj/animaobjnormalb,chara,223,210,110,True,True,0,,C:\Program Files (x86)\SquareEnix\FINAL FANTASY XIV\client\script\729s9\wu7\xvwrq5s\9w1x9v80\9w1x9v80wvsx9y8.le.lpb
chara_monster,chara/npc/monster/animaobj/animaobjnormalc,chara,223,210,110,True,True,0,,C:\Program Files (x86)\SquareEnix\FINAL FANTASY XIV\client\script\729s9\wu7\xvwrq5s\9w1x9v80\9w1x9v80wvsx9y7.le.lpb
chara_monster,chara/npc/monster/animaobj/animaobjnormald,chara,223,210,110,True,True,0,,C:\Program Files (x86)\SquareEnix\FINAL FANTASY XIV\client\script\729s9\wu7\xvwrq5s\9w1x9v80\9w1x9v80wvsx9y6.le.lpb
chara_monster,chara/npc/monster/animaobj/animaobjstandard,chara,224,211,111,True,True,0,,C:\Program Files (x86)\SquareEnix\FINAL FANTASY XIV\client\script\729s9\wu7\xvwrq5s\9w1x9v80\9w1x9v80rq9w69s6.le.lpb
chara_monster,chara/npc/monster/apkallu/apkallubaseclass,chara,217,204,104,True,True,0,,C:\Program Files (x86)\SquareEnix\FINAL FANTASY XIV\client\script\729s9\wu7\xvwrq5s\9uz9yyp\9uz9yyp89r57y9rr.le.lpb
chara_monster,chara/npc/monster/apkallu/apkallustandard,chara,220,207,107,True,True,0,,C:\Program Files (x86)\SquareEnix\FINAL FANTASY XIV\client\script\729s9\wu7\xvwrq5s\9uz9yyp\9uz9yyprq9w69s6.le.lpb
chara_monster,chara/npc/monster/apkallu/apkalluwildnessstandard,chara,228,215,115,True,True,0,,C:\Program Files (x86)\SquareEnix\FINAL FANTASY XIV\client\script\729s9\wu7\xvwrq5s\9uz9yyp\9uz9yypn1y6w5rrrq9w69s6.le.lpb
chara_monster,chara/npc/monster/basilisk/basiliskbaseclass,chara,218,205,105,True,True,0,,C:\Program Files (x86)\SquareEnix\FINAL FANTASY XIV\client\script\729s9\wu7\xvwrq5s\89r1y1rz\89r1y1rz89r57y9rr.le.lpb
chara_monster,chara/npc/monster/basilisk/basilisklessermnk0j4,chara,228,215,115,True,True,0,,C:\Program Files (x86)\SquareEnix\FINAL FANTASY XIV\client\script\729s9\wu7\xvwrq5s\89r1y1rz\89r1y1rzy5rr5sxwzj0f.le.lpb
chara_monster,chara/npc/monster/basilisk/basilisklessernm,chara,224,211,111,True,True,0,,C:\Program Files (x86)\SquareEnix\FINAL FANTASY XIV\client\script\729s9\wu7\xvwrq5s\89r1y1rz\89r1y1rzy5rr5swx.le.lpb
chara_monster,chara/npc/monster/basilisk/basilisklessernmrush,chara,228,215,115,True,True,0,,C:\Program Files (x86)\SquareEnix\FINAL FANTASY XIV\client\script\729s9\wu7\xvwrq5s\89r1y1rz\89r1y1rzy5rr5swxspr2.le.lpb
chara_monster,chara/npc/monster/basilisk/basilisklesserstandard,chara,230,217,117,True,True,0,,C:\Program Files (x86)\SquareEnix\FINAL FANTASY XIV\client\script\729s9\wu7\xvwrq5s\89r1y1rz\89r1y1rzy5rr5srq9w69s6.le.lpb
chara_monster,chara/npc/monster/basilisk/basilisknormalstandard,chara,230,217,117,True,True,0,,C:\Program Files (x86)\SquareEnix\FINAL FANTASY XIV\client\script\729s9\wu7\xvwrq5s\89r1y1rz\89r1y1rzwvsx9yrq9w69s6.le.lpb
chara_monster,chara/npc/monster/basilisk/basiliskstandard,chara,224,211,111,True,True,0,,C:\Program Files (x86)\SquareEnix\FINAL FANTASY XIV\client\script\729s9\wu7\xvwrq5s\89r1y1rz\89r1y1rzrq9w69s6.le.lpb
chara_monster,chara/npc/monster/bat/batbaseclass,chara,213,200,100,True,True,0,,C:\Program Files (x86)\SquareEnix\FINAL FANTASY XIV\client\script\729s9\wu7\xvwrq5s\89q\89q89r57y9rr.le.lpb
chara_monster,chara/npc/monster/bat/batnormalstandard,chara,210,197,97,True,True,0,,C:\Program Files (x86)\SquareEnix\FINAL FANTASY XIV\client\script\729s9\wu7\xvwrq5s\89q\89qwvsx9yrq9w69s6.le.lpb
chara_monster,chara/npc/monster/bat/batstandard,chara,204,191,91,True,True,0,,C:\Program Files (x86)\SquareEnix\FINAL FANTASY XIV\client\script\729s9\wu7\xvwrq5s\89q\89qrq9w69s6.le.lpb
chara_monster,chara/npc/monster/bat/batyellowstandard,chara,210,197,97,True,True,0,,C:\Program Files (x86)\SquareEnix\FINAL FANTASY XIV\client\script\729s9\wu7\xvwrq5s\89q\89ql5yyvnrq9w69s6.le.lpb
chara_monster,chara/npc/monster/bird/birdbaseclass,chara,214,201,101,True,True,0,,C:\Program Files (x86)\SquareEnix\FINAL FANTASY XIV\client\script\729s9\wu7\xvwrq5s\81s6\81s689r57y9rr.le.lpb
chara_monster,chara/npc/monster/bird/birdlesser,chara,206,193,93,True,True,0,,C:\Program Files (x86)\SquareEnix\FINAL FANTASY XIV\client\script\729s9\wu7\xvwrq5s\81s6\81s6y5rr5s.le.lpb
chara_monster,chara/npc/monster/bird/birdlessermooglef0f4,chara,216,203,103,True,True,0,,C:\Program Files (x86)\SquareEnix\FINAL FANTASY XIV\client\script\729s9\wu7\xvwrq5s\81s6\81s6y5rr5sxvv3y54j4f.le.lpb
chara_monster,chara/npc/monster/bird/birdlesserstandard,chara,214,201,101,True,True,0,,C:\Program Files (x86)\SquareEnix\FINAL FANTASY XIV\client\script\729s9\wu7\xvwrq5s\81s6\81s6y5rr5srq9w69s6.le.lpb
chara_monster,chara/npc/monster/bird/birdnormal,chara,206,193,93,True,True,0,,C:\Program Files (x86)\SquareEnix\FINAL FANTASY XIV\client\script\729s9\wu7\xvwrq5s\81s6\81s6wvsx9y.le.lpb
chara_monster,chara/npc/monster/bird/birdnormalstandard,chara,214,201,101,True,True,0,,C:\Program Files (x86)\SquareEnix\FINAL FANTASY XIV\client\script\729s9\wu7\xvwrq5s\81s6\81s6wvsx9yrq9w69s6.le.lpb
chara_monster,chara/npc/monster/bird/birdnormalwar0j6,chara,212,199,99,True,True,0,,C:\Program Files (x86)\SquareEnix\FINAL FANTASY XIV\client\script\729s9\wu7\xvwrq5s\81s6\81s6wvsx9yn9sj0d.le.lpb
chara_monster,chara/npc/monster/bird/birdstandard,chara,208,195,95,True,True,0,,C:\Program Files (x86)\SquareEnix\FINAL FANTASY XIV\client\script\729s9\wu7\xvwrq5s\81s6\81s6rq9w69s6.le.lpb
chara_monster,chara/npc/monster/birdman/birdmanbaseclass,chara,217,204,104,True,True,0,,C:\Program Files (x86)\SquareEnix\FINAL FANTASY XIV\client\script\729s9\wu7\xvwrq5s\81s6x9w\81s6x9w89r57y9rr.le.lpb
chara_monster,chara/npc/monster/birdman/birdmanconattackhamletstd,chara,246,233,133,True,True,0,,C:\Program Files (x86)\SquareEnix\FINAL FANTASY XIV\client\script\729s9\wu7\xvwrq5s\81s6x9w\81s6x9w7vw9qq97z29xy5qrq6.le.lpb
chara_monster,chara/npc/monster/birdman/birdmanconattacklesserstd,chara,246,233,133,True,True,0,,C:\Program Files (x86)\SquareEnix\FINAL FANTASY XIV\client\script\729s9\wu7\xvwrq5s\81s6x9w\81s6x9w7vw9qq97zy5rr5srq6.le.lpb
chara_monster,chara/npc/monster/birdman/birdmanconattacknormalstd,chara,246,233,133,True,True,0,,C:\Program Files (x86)\SquareEnix\FINAL FANTASY XIV\client\script\729s9\wu7\xvwrq5s\81s6x9w\81s6x9w7vw9qq97zwvsx9yrq6.le.lpb
chara_monster,chara/npc/monster/birdman/birdmanconcctrllesserstd,chara,245,232,132,True,True,0,,C:\Program Files (x86)\SquareEnix\FINAL FANTASY XIV\client\script\729s9\wu7\xvwrq5s\81s6x9w\81s6x9w7vw77qsyy5rr5srq6.le.lpb
chara_monster,chara/npc/monster/birdman/birdmanconcctrlnormalstd,chara,245,232,132,True,True,0,,C:\Program Files (x86)\SquareEnix\FINAL FANTASY XIV\client\script\729s9\wu7\xvwrq5s\81s6x9w\81s6x9w7vw77qsywvsx9yrq6.le.lpb
chara_monster,chara/npc/monster/birdman/birdmanconhealjobarmstd,chara,244,231,131,True,True,0,,C:\Program Files (x86)\SquareEnix\FINAL FANTASY XIV\client\script\729s9\wu7\xvwrq5s\81s6x9w\81s6x9w7vw259y0v89sxrq6.le.lpb
chara_monster,chara/npc/monster/birdman/birdmanconheallesserstd,chara,244,231,131,True,True,0,,C:\Program Files (x86)\SquareEnix\FINAL FANTASY XIV\client\script\729s9\wu7\xvwrq5s\81s6x9w\81s6x9w7vw259yy5rr5srq6.le.lpb
chara_monster,chara/npc/monster/birdman/birdmanconhealnormalstd,chara,244,231,131,True,True,0,,C:\Program Files (x86)\SquareEnix\FINAL FANTASY XIV\client\script\729s9\wu7\xvwrq5s\81s6x9w\81s6x9w7vw259ywvsx9yrq6.le.lpb
chara_monster,chara/npc/monster/birdman/birdmanconjurerbaseclass,chara,233,220,120,True,True,0,,C:\Program Files (x86)\SquareEnix\FINAL FANTASY XIV\client\script\729s9\wu7\xvwrq5s\81s6x9w\81s6x9w7vw0ps5s89r57y9rr.le.lpb
chara_monster,chara/npc/monster/birdman/birdmanconjurerbrd0j6a,chara,227,214,114,True,True,0,,C:\Program Files (x86)\SquareEnix\FINAL FANTASY XIV\client\script\729s9\wu7\xvwrq5s\81s6x9w\81s6x9w7vw0ps5s8s6j0d9.le.lpb
chara_monster,chara/npc/monster/birdman/birdmanconjurerbrd0j6b,chara,227,214,114,True,True,0,,C:\Program Files (x86)\SquareEnix\FINAL FANTASY XIV\client\script\729s9\wu7\xvwrq5s\81s6x9w\81s6x9w7vw0ps5s8s6j0d8.le.lpb
chara_monster,chara/npc/monster/birdman/birdmanconjurerstandard,chara,228,215,115,True,True,0,,C:\Program Files (x86)\SquareEnix\FINAL FANTASY XIV\client\script\729s9\wu7\xvwrq5s\81s6x9w\81s6x9w7vw0ps5srq9w69s6.le.lpb
chara_monster,chara/npc/monster/birdman/birdmanconpublicfortguard01,chara,248,235,135,True,True,0,,C:\Program Files (x86)\SquareEnix\FINAL FANTASY XIV\client\script\729s9\wu7\xvwrq5s\81s6x9w\81s6x9w7vwup8y174vsq3p9s6ji.le.lpb
chara_monster,chara/npc/monster/birdman/birdmanexcpublicfortguard01,chara,232,219,119,True,True,0,,C:\Program Files (x86)\SquareEnix\FINAL FANTASY XIV\client\script\729s9\wu7\xvwrq5s\81s6x9w\81s6x9w5m7up8y174vsq3p9s6ji.le.lpb
chara_monster,chara/npc/monster/birdman/birdmangladiator,chara,221,208,108,True,True,0,,C:\Program Files (x86)\SquareEnix\FINAL FANTASY XIV\client\script\729s9\wu7\xvwrq5s\81s6x9w\81s6x9w3y9619qvs.le.lpb
chara_monster,chara/npc/monster/birdman/birdmangladiatorbrd0j6,chara,227,214,114,True,True,0,,C:\Program Files (x86)\SquareEnix\FINAL FANTASY XIV\client\script\729s9\wu7\xvwrq5s\81s6x9w\81s6x9w3y9619qvs8s6j0d.le.lpb
chara_monster,chara/npc/monster/birdman/birdmangladiatorhamletnm,chara,229,216,116,True,True,0,,C:\Program Files (x86)\SquareEnix\FINAL FANTASY XIV\client\script\729s9\wu7\xvwrq5s\81s6x9w\81s6x9w3y9619qvs29xy5qwx.le.lpb
chara_monster,chara/npc/monster/birdman/birdmangladiatorhamletstd,chara,230,217,117,True,True,0,,C:\Program Files (x86)\SquareEnix\FINAL FANTASY XIV\client\script\729s9\wu7\xvwrq5s\81s6x9w\81s6x9w3y9619qvs29xy5qrq6.le.lpb
chara_monster,chara/npc/monster/birdman/birdmangladiatorjobarmstd,chara,230,217,117,True,True,0,,C:\Program Files (x86)\SquareEnix\FINAL FANTASY XIV\client\script\729s9\wu7\xvwrq5s\81s6x9w\81s6x9w3y9619qvs0v89sxrq6.le.lpb
chara_monster,chara/npc/monster/birdman/birdmangladiatorlesserstd,chara,230,217,117,True,True,0,,C:\Program Files (x86)\SquareEnix\FINAL FANTASY XIV\client\script\729s9\wu7\xvwrq5s\81s6x9w\81s6x9w3y9619qvsy5rr5srq6.le.lpb
chara_monster,chara/npc/monster/birdman/birdmangladiatornm,chara,223,210,110,True,True,0,,C:\Program Files (x86)\SquareEnix\FINAL FANTASY XIV\client\script\729s9\wu7\xvwrq5s\81s6x9w\81s6x9w3y9619qvswx.le.lpb
chara_monster,chara/npc/monster/birdman/birdmangladiatornormalstd,chara,230,217,117,True,True,0,,C:\Program Files (x86)\SquareEnix\FINAL FANTASY XIV\client\script\729s9\wu7\xvwrq5s\81s6x9w\81s6x9w3y9619qvswvsx9yrq6.le.lpb
chara_monster,chara/npc/monster/birdman/birdmangladiatorpublicfortnm01,chara,235,222,122,True,True,0,,C:\Program Files (x86)\SquareEnix\FINAL FANTASY XIV\client\script\729s9\wu7\xvwrq5s\81s6x9w\81s6x9w3y9619qvsup8y174vsqwxji.le.lpb
chara_monster,chara/npc/monster/birdman/birdmangladiatorstandard,chara,229,216,116,True,True,0,,C:\Program Files (x86)\SquareEnix\FINAL FANTASY XIV\client\script\729s9\wu7\xvwrq5s\81s6x9w\81s6x9w3y9619qvsrq9w69s6.le.lpb
chara_monster,chara/npc/monster/birdman/birdmanlancerbrd0j6,chara,224,211,111,True,True,0,,C:\Program Files (x86)\SquareEnix\FINAL FANTASY XIV\client\script\729s9\wu7\xvwrq5s\81s6x9w\81s6x9wy9w75s8s6j0d.le.lpb
chara_monster,chara/npc/monster/birdman/birdmanlancerhamletstd,chara,227,214,114,True,True,0,,C:\Program Files (x86)\SquareEnix\FINAL FANTASY XIV\client\script\729s9\wu7\xvwrq5s\81s6x9w\81s6x9wy9w75s29xy5qrq6.le.lpb
chara_monster,chara/npc/monster/birdman/birdmanlancerjobarmstd,chara,227,214,114,True,True,0,,C:\Program Files (x86)\SquareEnix\FINAL FANTASY XIV\client\script\729s9\wu7\xvwrq5s\81s6x9w\81s6x9wy9w75s0v89sxrq6.le.lpb
chara_monster,chara/npc/monster/birdman/birdmanlancerlesserstd,chara,227,214,114,True,True,0,,C:\Program Files (x86)\SquareEnix\FINAL FANTASY XIV\client\script\729s9\wu7\xvwrq5s\81s6x9w\81s6x9wy9w75sy5rr5srq6.le.lpb
chara_monster,chara/npc/monster/birdman/birdmanlancernormalstd,chara,227,214,114,True,True,0,,C:\Program Files (x86)\SquareEnix\FINAL FANTASY XIV\client\script\729s9\wu7\xvwrq5s\81s6x9w\81s6x9wy9w75swvsx9yrq6.le.lpb
chara_monster,chara/npc/monster/birdman/birdmanlancerpublicfortguard01,chara,235,222,122,True,True,0,,C:\Program Files (x86)\SquareEnix\FINAL FANTASY XIV\client\script\729s9\wu7\xvwrq5s\81s6x9w\81s6x9wy9w75sup8y174vsq3p9s6ji.le.lpb
chara_monster,chara/npc/monster/birdman/birdmanlancerstandard,chara,226,213,113,True,True,0,,C:\Program Files (x86)\SquareEnix\FINAL FANTASY XIV\client\script\729s9\wu7\xvwrq5s\81s6x9w\81s6x9wy9w75srq9w69s6.le.lpb
chara_monster,chara/npc/monster/birdman/birdmanmarauderbrd0j6,chara,226,213,113,True,True,0,,C:\Program Files (x86)\SquareEnix\FINAL FANTASY XIV\client\script\729s9\wu7\xvwrq5s\81s6x9w\81s6x9wx9s9p65s8s6j0d.le.lpb
chara_monster,chara/npc/monster/birdman/birdmanmarauderjobarmstd,chara,229,216,116,True,True,0,,C:\Program Files (x86)\SquareEnix\FINAL FANTASY XIV\client\script\729s9\wu7\xvwrq5s\81s6x9w\81s6x9wx9s9p65s0v89sxrq6.le.lpb
chara_monster,chara/npc/monster/birdman/birdmanmarauderlesserstd,chara,229,216,116,True,True,0,,C:\Program Files (x86)\SquareEnix\FINAL FANTASY XIV\client\script\729s9\wu7\xvwrq5s\81s6x9w\81s6x9wx9s9p65sy5rr5srq6.le.lpb
chara_monster,chara/npc/monster/birdman/birdmanmaraudernormalstd,chara,229,216,116,True,True,0,,C:\Program Files (x86)\SquareEnix\FINAL FANTASY XIV\client\script\729s9\wu7\xvwrq5s\81s6x9w\81s6x9wx9s9p65swvsx9yrq6.le.lpb
chara_monster,chara/npc/monster/birdman/birdmanmarauderstandard,chara,228,215,115,True,True,0,,C:\Program Files (x86)\SquareEnix\FINAL FANTASY XIV\client\script\729s9\wu7\xvwrq5s\81s6x9w\81s6x9wx9s9p65srq9w69s6.le.lpb
chara_monster,chara/npc/monster/birdman/birdmanstandard,chara,220,207,107,True,True,0,,C:\Program Files (x86)\SquareEnix\FINAL FANTASY XIV\client\script\729s9\wu7\xvwrq5s\81s6x9w\81s6x9wrq9w69s6.le.lpb
chara_monster,chara/npc/monster/boar/boarbaseclass,chara,214,201,101,True,True,0,,C:\Program Files (x86)\SquareEnix\FINAL FANTASY XIV\client\script\729s9\wu7\xvwrq5s\8v9s\8v9s89r57y9rr.le.lpb
chara_monster,chara/npc/monster/boar/boarlessernmf0f4,chara,212,199,99,True,True,0,,C:\Program Files (x86)\SquareEnix\FINAL FANTASY XIV\client\script\729s9\wu7\xvwrq5s\8v9s\8v9sy5rr5swx4j4f.le.lpb
chara_monster,chara/npc/monster/boar/boarlesserstandard,chara,214,201,101,True,True,0,,C:\Program Files (x86)\SquareEnix\FINAL FANTASY XIV\client\script\729s9\wu7\xvwrq5s\8v9s\8v9sy5rr5srq9w69s6.le.lpb
chara_monster,chara/npc/monster/boar/boarnormalnm,chara,208,195,95,True,True,0,,C:\Program Files (x86)\SquareEnix\FINAL FANTASY XIV\client\script\729s9\wu7\xvwrq5s\8v9s\8v9swvsx9ywx.le.lpb
chara_monster,chara/npc/monster/boar/boarnormalnmrush,chara,212,199,99,True,True,0,,C:\Program Files (x86)\SquareEnix\FINAL FANTASY XIV\client\script\729s9\wu7\xvwrq5s\8v9s\8v9swvsx9ywxspr2.le.lpb
chara_monster,chara/npc/monster/boar/boarnormalstandard,chara,214,201,101,True,True,0,,C:\Program Files (x86)\SquareEnix\FINAL FANTASY XIV\client\script\729s9\wu7\xvwrq5s\8v9s\8v9swvsx9yrq9w69s6.le.lpb
chara_monster,chara/npc/monster/boar/boarstandard,chara,208,195,95,True,True,0,,C:\Program Files (x86)\SquareEnix\FINAL FANTASY XIV\client\script\729s9\wu7\xvwrq5s\8v9s\8v9srq9w69s6.le.lpb
chara_monster,chara/npc/monster/bomb/bombbaseclass,chara,214,201,101,True,True,0,,C:\Program Files (x86)\SquareEnix\FINAL FANTASY XIV\client\script\729s9\wu7\xvwrq5s\8vx8\8vx889r57y9rr.le.lpb
chara_monster,chara/npc/monster/bomb/bombeventbaseclass,chara,219,206,106,True,True,0,,C:\Program Files (x86)\SquareEnix\FINAL FANTASY XIV\client\script\729s9\wu7\xvwrq5s\8vx8\8vx85o5wq89r57y9rr.le.lpb
chara_monster,chara/npc/monster/bomb/bombeventsummer2011,chara,316,303,202,True,True,0,,C:\Program Files (x86)\SquareEnix\FINAL FANTASY XIV\client\script\729s9\wu7\xvwrq5s\8vx8\8vx85o5wqrpxx5shjii.le.lpb
chara_monster,chara/npc/monster/bomb/bombeventsummer2012,chara,486,473,346,True,True,0,,C:\Program Files (x86)\SquareEnix\FINAL FANTASY XIV\client\script\729s9\wu7\xvwrq5s\8vx8\8vx85o5wqrpxx5shjih.le.lpb
chara_monster,chara/npc/monster/bomb/bomblesserhamlet,chara,212,199,99,True,True,0,,C:\Program Files (x86)\SquareEnix\FINAL FANTASY XIV\client\script\729s9\wu7\xvwrq5s\8vx8\8vx8y5rr5s29xy5q.le.lpb
chara_monster,chara/npc/monster/bomb/bomblessernm,chara,208,195,95,True,True,0,,C:\Program Files (x86)\SquareEnix\FINAL FANTASY XIV\client\script\729s9\wu7\xvwrq5s\8vx8\8vx8y5rr5swx.le.lpb
chara_monster,chara/npc/monster/bomb/bomblesserscenariothmlv30,chara,221,208,108,True,True,0,,C:\Program Files (x86)\SquareEnix\FINAL FANTASY XIV\client\script\729s9\wu7\xvwrq5s\8vx8\8vx8y5rr5sr75w9s1vq2xyogj.le.lpb
chara_monster,chara/npc/monster/bomb/bomblesserstandard,chara,214,201,101,True,True,0,,C:\Program Files (x86)\SquareEnix\FINAL FANTASY XIV\client\script\729s9\wu7\xvwrq5s\8vx8\8vx8y5rr5srq9w69s6.le.lpb
chara_monster,chara/npc/monster/bomb/bombnormalstandard,chara,214,201,101,True,True,0,,C:\Program Files (x86)\SquareEnix\FINAL FANTASY XIV\client\script\729s9\wu7\xvwrq5s\8vx8\8vx8wvsx9yrq9w69s6.le.lpb
chara_monster,chara/npc/monster/bomb/bombstandard,chara,208,195,95,True,True,0,,C:\Program Files (x86)\SquareEnix\FINAL FANTASY XIV\client\script\729s9\wu7\xvwrq5s\8vx8\8vx8rq9w69s6.le.lpb
chara_monster,chara/npc/monster/bug/bugbaseclass,chara,213,200,100,True,True,0,,C:\Program Files (x86)\SquareEnix\FINAL FANTASY XIV\client\script\729s9\wu7\xvwrq5s\8p3\8p389r57y9rr.le.lpb
chara_monster,chara/npc/monster/bug/bugstandard,chara,204,191,91,True,True,0,,C:\Program Files (x86)\SquareEnix\FINAL FANTASY XIV\client\script\729s9\wu7\xvwrq5s\8p3\8p3rq9w69s6.le.lpb
chara_monster,chara/npc/monster/bug/ladybugstandard,chara,208,195,95,True,True,0,,C:\Program Files (x86)\SquareEnix\FINAL FANTASY XIV\client\script\729s9\wu7\xvwrq5s\8p3\y96l8p3rq9w69s6.le.lpb
chara_monster,chara/npc/monster/cactus/cactusbaseclass,chara,216,203,103,True,True,0,,C:\Program Files (x86)\SquareEnix\FINAL FANTASY XIV\client\script\729s9\wu7\xvwrq5s\797qpr\797qpr89r57y9rr.le.lpb
chara_monster,chara/npc/monster/cactus/cactusflowerstandard,chara,222,209,109,True,True,0,,C:\Program Files (x86)\SquareEnix\FINAL FANTASY XIV\client\script\729s9\wu7\xvwrq5s\797qpr\797qpr4yvn5srq9w69s6.le.lpb
chara_monster,chara/npc/monster/cactus/cactuslesserhamlet,chara,220,207,107,True,True,0,,C:\Program Files (x86)\SquareEnix\FINAL FANTASY XIV\client\script\729s9\wu7\xvwrq5s\797qpr\797qpry5rr5s29xy5q.le.lpb
chara_monster,chara/npc/monster/cactus/cactuslesserstandard,chara,222,209,109,True,True,0,,C:\Program Files (x86)\SquareEnix\FINAL FANTASY XIV\client\script\729s9\wu7\xvwrq5s\797qpr\797qpry5rr5srq9w69s6.le.lpb
chara_monster,chara/npc/monster/cactus/cactusnormalnm,chara,216,203,103,True,True,0,,C:\Program Files (x86)\SquareEnix\FINAL FANTASY XIV\client\script\729s9\wu7\xvwrq5s\797qpr\797qprwvsx9ywx.le.lpb
chara_monster,chara/npc/monster/cactus/cactusnormalnmrush,chara,220,207,107,True,True,0,,C:\Program Files (x86)\SquareEnix\FINAL FANTASY XIV\client\script\729s9\wu7\xvwrq5s\797qpr\797qprwvsx9ywxspr2.le.lpb
chara_monster,chara/npc/monster/cactus/cactusnormalstandard,chara,222,209,109,True,True,0,,C:\Program Files (x86)\SquareEnix\FINAL FANTASY XIV\client\script\729s9\wu7\xvwrq5s\797qpr\797qprwvsx9yrq9w69s6.le.lpb
chara_monster,chara/npc/monster/cactus/cactusstandard,chara,216,203,103,True,True,0,,C:\Program Files (x86)\SquareEnix\FINAL FANTASY XIV\client\script\729s9\wu7\xvwrq5s\797qpr\797qprrq9w69s6.le.lpb
chara_monster,chara/npc/monster/chigoe/chigoebaseclass,chara,216,203,103,True,True,0,,C:\Program Files (x86)\SquareEnix\FINAL FANTASY XIV\client\script\729s9\wu7\xvwrq5s\7213v5\7213v589r57y9rr.le.lpb
chara_monster,chara/npc/monster/chigoe/chigoeeventsummer2011,chara,223,210,110,True,True,0,,C:\Program Files (x86)\SquareEnix\FINAL FANTASY XIV\client\script\729s9\wu7\xvwrq5s\7213v5\7213v55o5wqrpxx5shjii.le.lpb
chara_monster,chara/npc/monster/chigoe/chigoelesserscenariolimsalv10,chara,231,218,118,True,True,0,,C:\Program Files (x86)\SquareEnix\FINAL FANTASY XIV\client\script\729s9\wu7\xvwrq5s\7213v5\7213v5y5rr5sr75w9s1vy1xr9yoij.le.lpb
chara_monster,chara/npc/monster/chigoe/chigoelesserstandard,chara,222,209,109,True,True,0,,C:\Program Files (x86)\SquareEnix\FINAL FANTASY XIV\client\script\729s9\wu7\xvwrq5s\7213v5\7213v5y5rr5srq9w69s6.le.lpb
chara_monster,chara/npc/monster/chigoe/chigoenormalstandard,chara,222,209,109,True,True,0,,C:\Program Files (x86)\SquareEnix\FINAL FANTASY XIV\client\script\729s9\wu7\xvwrq5s\7213v5\7213v5wvsx9yrq9w69s6.le.lpb
chara_monster,chara/npc/monster/chigoe/chigoestandard,chara,216,203,103,True,True,0,,C:\Program Files (x86)\SquareEnix\FINAL FANTASY XIV\client\script\729s9\wu7\xvwrq5s\7213v5\7213v5rq9w69s6.le.lpb
chara_monster,chara/npc/monster/chocobo/chocobobaseclass,chara,217,204,104,True,True,0,,C:\Program Files (x86)\SquareEnix\FINAL FANTASY XIV\client\script\729s9\wu7\xvwrq5s\72v7v8v\72v7v8v89r57y9rr.le.lpb
chara_monster,chara/npc/monster/chocobo/chocobocaravanguard,chara,844,831,781,True,True,0,,C:\Program Files (x86)\SquareEnix\FINAL FANTASY XIV\client\script\729s9\wu7\xvwrq5s\72v7v8v\72v7v8v79s9o9w3p9s6.le.lpb
chara_monster,chara/npc/monster/coeurl/coeurlbaseclass,chara,216,203,103,True,True,0,,C:\Program Files (x86)\SquareEnix\FINAL FANTASY XIV\client\script\729s9\wu7\xvwrq5s\7v5psy\7v5psy89r57y9rr.le.lpb
chara_monster,chara/npc/monster/coeurl/coeurllesserjobarm,chara,220,207,107,True,True,0,,C:\Program Files (x86)\SquareEnix\FINAL FANTASY XIV\client\script\729s9\wu7\xvwrq5s\7v5psy\7v5psyy5rr5s0v89sx.le.lpb
chara_monster,chara/npc/monster/coeurl/coeurllessernmrush,chara,220,207,107,True,True,0,,C:\Program Files (x86)\SquareEnix\FINAL FANTASY XIV\client\script\729s9\wu7\xvwrq5s\7v5psy\7v5psyy5rr5swxspr2.le.lpb
chara_monster,chara/npc/monster/coeurl/coeurllesserpublicdungeonnm01,chara,231,218,118,True,True,0,,C:\Program Files (x86)\SquareEnix\FINAL FANTASY XIV\client\script\729s9\wu7\xvwrq5s\7v5psy\7v5psyy5rr5sup8y176pw35vwwxji.le.lpb
chara_monster,chara/npc/monster/coeurl/coeurllesserstandard,chara,222,209,109,True,True,0,,C:\Program Files (x86)\SquareEnix\FINAL FANTASY XIV\client\script\729s9\wu7\xvwrq5s\7v5psy\7v5psyy5rr5srq9w69s6.le.lpb
chara_monster,chara/npc/monster/coeurl/coeurlnormalstandard,chara,222,209,109,True,True,0,,C:\Program Files (x86)\SquareEnix\FINAL FANTASY XIV\client\script\729s9\wu7\xvwrq5s\7v5psy\7v5psywvsx9yrq9w69s6.le.lpb
chara_monster,chara/npc/monster/crab/crabbaseclass,chara,214,201,101,True,True,0,,C:\Program Files (x86)\SquareEnix\FINAL FANTASY XIV\client\script\729s9\wu7\xvwrq5s\7s98\7s9889r57y9rr.le.lpb
chara_monster,chara/npc/monster/crab/crablesserhamlet,chara,212,199,99,True,True,0,,C:\Program Files (x86)\SquareEnix\FINAL FANTASY XIV\client\script\729s9\wu7\xvwrq5s\7s98\7s98y5rr5s29xy5q.le.lpb
chara_monster,chara/npc/monster/crab/crablesserstandard,chara,214,201,101,True,True,0,,C:\Program Files (x86)\SquareEnix\FINAL FANTASY XIV\client\script\729s9\wu7\xvwrq5s\7s98\7s98y5rr5srq9w69s6.le.lpb
chara_monster,chara/npc/monster/crab/crabnormalnm,chara,208,195,95,True,True,0,,C:\Program Files (x86)\SquareEnix\FINAL FANTASY XIV\client\script\729s9\wu7\xvwrq5s\7s98\7s98wvsx9ywx.le.lpb
chara_monster,chara/npc/monster/crab/crabnormalpublicdungeonnm01,chara,223,210,110,True,True,0,,C:\Program Files (x86)\SquareEnix\FINAL FANTASY XIV\client\script\729s9\wu7\xvwrq5s\7s98\7s98wvsx9yup8y176pw35vwwxji.le.lpb
chara_monster,chara/npc/monster/crab/crabnormalstandard,chara,214,201,101,True,True,0,,C:\Program Files (x86)\SquareEnix\FINAL FANTASY XIV\client\script\729s9\wu7\xvwrq5s\7s98\7s98wvsx9yrq9w69s6.le.lpb
chara_monster,chara/npc/monster/crab/crabstandard,chara,208,195,95,True,True,0,,C:\Program Files (x86)\SquareEnix\FINAL FANTASY XIV\client\script\729s9\wu7\xvwrq5s\7s98\7s98rq9w69s6.le.lpb
chara_monster,chara/npc/monster/crowd/crowdbaseclass,chara,215,202,102,True,True,0,,C:\Program Files (x86)\SquareEnix\FINAL FANTASY XIV\client\script\729s9\wu7\xvwrq5s\7svn6\7svn689r57y9rr.le.lpb
chara_monster,chara/npc/monster/crowd/crowdbee,chara,207,194,94,True,True,0,,C:\Program Files (x86)\SquareEnix\FINAL FANTASY XIV\client\script\729s9\wu7\xvwrq5s\7svn6\7svn6855.le.lpb
chara_monster,chara/npc/monster/crowd/crowdbeestandard,chara,215,202,102,True,True,0,,C:\Program Files (x86)\SquareEnix\FINAL FANTASY XIV\client\script\729s9\wu7\xvwrq5s\7svn6\7svn6855rq9w69s6.le.lpb
chara_monster,chara/npc/monster/crowd/crowdfly,chara,207,194,94,True,True,0,,C:\Program Files (x86)\SquareEnix\FINAL FANTASY XIV\client\script\729s9\wu7\xvwrq5s\7svn6\7svn64yl.le.lpb
chara_monster,chara/npc/monster/crowd/crowdflystandard,chara,215,202,102,True,True,0,,C:\Program Files (x86)\SquareEnix\FINAL FANTASY XIV\client\script\729s9\wu7\xvwrq5s\7svn6\7svn64ylrq9w69s6.le.lpb
chara_monster,chara/npc/monster/crowd/crowdmosquito,chara,212,199,99,True,True,0,,C:\Program Files (x86)\SquareEnix\FINAL FANTASY XIV\client\script\729s9\wu7\xvwrq5s\7svn6\7svn6xvrtp1qv.le.lpb
chara_monster,chara/npc/monster/crowd/crowdmosquitostandard,chara,220,207,107,True,True,0,,C:\Program Files (x86)\SquareEnix\FINAL FANTASY XIV\client\script\729s9\wu7\xvwrq5s\7svn6\7svn6xvrtp1qvrq9w69s6.le.lpb
chara_monster,chara/npc/monster/crowd/crowdstandard,chara,212,199,99,True,True,0,,C:\Program Files (x86)\SquareEnix\FINAL FANTASY XIV\client\script\729s9\wu7\xvwrq5s\7svn6\7svn6rq9w69s6.le.lpb
chara_monster,chara/npc/monster/cyclops/cyclopsbaseclass,chara,217,204,104,True,True,0,,C:\Program Files (x86)\SquareEnix\FINAL FANTASY XIV\client\script\729s9\wu7\xvwrq5s\7l7yvur\7l7yvur89r57y9rr.le.lpb
chara_monster,chara/npc/monster/cyclops/cyclopslesserstandard,chara,226,213,113,True,True,0,,C:\Program Files (x86)\SquareEnix\FINAL FANTASY XIV\client\script\729s9\wu7\xvwrq5s\7l7yvur\7l7yvury5rr5srq9w69s6.le.lpb
chara_monster,chara/npc/monster/cyclops/cyclopsnormalfactionempire,chara,231,218,118,True,True,0,,C:\Program Files (x86)\SquareEnix\FINAL FANTASY XIV\client\script\729s9\wu7\xvwrq5s\7l7yvur\7l7yvurwvsx9y497q1vw5xu1s5.le.lpb
chara_monster,chara/npc/monster/cyclops/cyclopsnormalstandard,chara,226,213,113,True,True,0,,C:\Program Files (x86)\SquareEnix\FINAL FANTASY XIV\client\script\729s9\wu7\xvwrq5s\7l7yvur\7l7yvurwvsx9yrq9w69s6.le.lpb
chara_monster,chara/npc/monster/dodo/dodobaseclass,chara,214,201,101,True,True,0,,C:\Program Files (x86)\SquareEnix\FINAL FANTASY XIV\client\script\729s9\wu7\xvwrq5s\6v6v\6v6v89r57y9rr.le.lpb
chara_monster,chara/npc/monster/dodo/dodolesserstandard,chara,214,201,101,True,True,0,,C:\Program Files (x86)\SquareEnix\FINAL FANTASY XIV\client\script\729s9\wu7\xvwrq5s\6v6v\6v6vy5rr5srq9w69s6.le.lpb
chara_monster,chara/npc/monster/dodo/dodonormalnm,chara,208,195,95,True,True,0,,C:\Program Files (x86)\SquareEnix\FINAL FANTASY XIV\client\script\729s9\wu7\xvwrq5s\6v6v\6v6vwvsx9ywx.le.lpb
chara_monster,chara/npc/monster/dodo/dodonormalstandard,chara,214,201,101,True,True,0,,C:\Program Files (x86)\SquareEnix\FINAL FANTASY XIV\client\script\729s9\wu7\xvwrq5s\6v6v\6v6vwvsx9yrq9w69s6.le.lpb
chara_monster,chara/npc/monster/dodo/dodostandard,chara,208,195,95,True,True,0,,C:\Program Files (x86)\SquareEnix\FINAL FANTASY XIV\client\script\729s9\wu7\xvwrq5s\6v6v\6v6vrq9w69s6.le.lpb
chara_monster,chara/npc/monster/elemental/earthelementalstandard,chara,233,220,120,True,True,0,,C:\Program Files (x86)\SquareEnix\FINAL FANTASY XIV\client\script\729s9\wu7\xvwrq5s\5y5x5wq9y\59sq25y5x5wq9yrq9w69s6.le.lpb
chara_monster,chara/npc/monster/elemental/earthelementalwhm0j6,chara,231,218,118,True,True,0,,C:\Program Files (x86)\SquareEnix\FINAL FANTASY XIV\client\script\729s9\wu7\xvwrq5s\5y5x5wq9y\59sq25y5x5wq9yn2xj0d.le.lpb
chara_monster,chara/npc/monster/elemental/elementalbaseclass,chara,219,206,106,True,True,0,,C:\Program Files (x86)\SquareEnix\FINAL FANTASY XIV\client\script\729s9\wu7\xvwrq5s\5y5x5wq9y\5y5x5wq9y89r57y9rr.le.lpb
chara_monster,chara/npc/monster/elemental/elementalscenariogridanialv20,chara,240,227,127,True,True,0,,C:\Program Files (x86)\SquareEnix\FINAL FANTASY XIV\client\script\729s9\wu7\xvwrq5s\5y5x5wq9y\5y5x5wq9yr75w9s1v3s169w19yohj.le.lpb
chara_monster,chara/npc/monster/elemental/elementalscenariolnclv20,chara,235,222,122,True,True,0,,C:\Program Files (x86)\SquareEnix\FINAL FANTASY XIV\client\script\729s9\wu7\xvwrq5s\5y5x5wq9y\5y5x5wq9yr75w9s1vyw7yohj.le.lpb
chara_monster,chara/npc/monster/elemental/elementalstandard,chara,228,215,115,True,True,0,,C:\Program Files (x86)\SquareEnix\FINAL FANTASY XIV\client\script\729s9\wu7\xvwrq5s\5y5x5wq9y\5y5x5wq9yrq9w69s6.le.lpb
chara_monster,chara/npc/monster/elemental/fireelementaleventsummer2011,chara,239,226,126,True,True,0,,C:\Program Files (x86)\SquareEnix\FINAL FANTASY XIV\client\script\729s9\wu7\xvwrq5s\5y5x5wq9y\41s55y5x5wq9y5o5wqrpxx5shjii.le.lpb
chara_monster,chara/npc/monster/elemental/fireelementalscenarioconlv36,chara,239,226,126,True,True,0,,C:\Program Files (x86)\SquareEnix\FINAL FANTASY XIV\client\script\729s9\wu7\xvwrq5s\5y5x5wq9y\41s55y5x5wq9yr75w9s1v7vwyogd.le.lpb
chara_monster,chara/npc/monster/elemental/fireelementalstandard,chara,232,219,119,True,True,0,,C:\Program Files (x86)\SquareEnix\FINAL FANTASY XIV\client\script\729s9\wu7\xvwrq5s\5y5x5wq9y\41s55y5x5wq9yrq9w69s6.le.lpb
chara_monster,chara/npc/monster/elemental/fireelementalwhm0j6,chara,230,217,117,True,True,0,,C:\Program Files (x86)\SquareEnix\FINAL FANTASY XIV\client\script\729s9\wu7\xvwrq5s\5y5x5wq9y\41s55y5x5wq9yn2xj0d.le.lpb
chara_monster,chara/npc/monster/elemental/iceelementalstandard,chara,231,218,118,True,True,0,,C:\Program Files (x86)\SquareEnix\FINAL FANTASY XIV\client\script\729s9\wu7\xvwrq5s\5y5x5wq9y\1755y5x5wq9yrq9w69s6.le.lpb
chara_monster,chara/npc/monster/elemental/iceelementalwhm0j6,chara,229,216,116,True,True,0,,C:\Program Files (x86)\SquareEnix\FINAL FANTASY XIV\client\script\729s9\wu7\xvwrq5s\5y5x5wq9y\1755y5x5wq9yn2xj0d.le.lpb
chara_monster,chara/npc/monster/elemental/lightningelementalstandard,chara,237,224,124,True,True,0,,C:\Program Files (x86)\SquareEnix\FINAL FANTASY XIV\client\script\729s9\wu7\xvwrq5s\5y5x5wq9y\y132qw1w35y5x5wq9yrq9w69s6.le.lpb
chara_monster,chara/npc/monster/elemental/lightningelementalwhm0j6,chara,235,222,122,True,True,0,,C:\Program Files (x86)\SquareEnix\FINAL FANTASY XIV\client\script\729s9\wu7\xvwrq5s\5y5x5wq9y\y132qw1w35y5x5wq9yn2xj0d.le.lpb
chara_monster,chara/npc/monster/elemental/warterelementalstandard,chara,234,221,121,True,True,0,,C:\Program Files (x86)\SquareEnix\FINAL FANTASY XIV\client\script\729s9\wu7\xvwrq5s\5y5x5wq9y\n9sq5s5y5x5wq9yrq9w69s6.le.lpb
chara_monster,chara/npc/monster/elemental/waterelementalwhm0j6,chara,231,218,118,True,True,0,,C:\Program Files (x86)\SquareEnix\FINAL FANTASY XIV\client\script\729s9\wu7\xvwrq5s\5y5x5wq9y\n9q5s5y5x5wq9yn2xj0d.le.lpb
chara_monster,chara/npc/monster/elemental/windelementalstandard,chara,232,219,119,True,True,0,,C:\Program Files (x86)\SquareEnix\FINAL FANTASY XIV\client\script\729s9\wu7\xvwrq5s\5y5x5wq9y\n1w65y5x5wq9yrq9w69s6.le.lpb
chara_monster,chara/npc/monster/elemental/windelementalwhm0j6,chara,230,217,117,True,True,0,,C:\Program Files (x86)\SquareEnix\FINAL FANTASY XIV\client\script\729s9\wu7\xvwrq5s\5y5x5wq9y\n1w65y5x5wq9yn2xj0d.le.lpb
chara_monster,chara/npc/monster/empire/empirearcher,chara,214,201,101,True,True,0,,C:\Program Files (x86)\SquareEnix\FINAL FANTASY XIV\client\script\729s9\wu7\xvwrq5s\5xu1s5\5xu1s59s725s.le.lpb
chara_monster,chara/npc/monster/empire/empirearcherevent,chara,229,216,116,True,True,0,,C:\Program Files (x86)\SquareEnix\FINAL FANTASY XIV\client\script\729s9\wu7\xvwrq5s\5xu1s5\5xu1s59s725s5o5wq.le.lpb
chara_monster,chara/npc/monster/empire/empirearchergcx105,chara,220,207,107,True,True,0,,C:\Program Files (x86)\SquareEnix\FINAL FANTASY XIV\client\script\729s9\wu7\xvwrq5s\5xu1s5\5xu1s59s725s37mije.le.lpb
chara_monster,chara/npc/monster/empire/empirearchergmevent123,chara,224,211,111,True,True,0,,C:\Program Files (x86)\SquareEnix\FINAL FANTASY XIV\client\script\729s9\wu7\xvwrq5s\5xu1s5\5xu1s59s725s3x5o5wqihg.le.lpb
chara_monster,chara/npc/monster/empire/empirearcherpublicfort,chara,224,211,111,True,True,0,,C:\Program Files (x86)\SquareEnix\FINAL FANTASY XIV\client\script\729s9\wu7\xvwrq5s\5xu1s5\5xu1s59s725sup8y174vsq.le.lpb
chara_monster,chara/npc/monster/empire/empirearcherstandard,chara,222,209,109,True,True,0,,C:\Program Files (x86)\SquareEnix\FINAL FANTASY XIV\client\script\729s9\wu7\xvwrq5s\5xu1s5\5xu1s59s725srq9w69s6.le.lpb
chara_monster,chara/npc/monster/empire/empirearcscenariomainlv046,chara,228,215,115,True,True,0,,C:\Program Files (x86)\SquareEnix\FINAL FANTASY XIV\client\script\729s9\wu7\xvwrq5s\5xu1s5\5xu1s59s7r75w9s1vx91wyojfd.le.lpb
chara_monster,chara/npc/monster/empire/empirebaseclass,chara,216,203,103,True,True,0,,C:\Program Files (x86)\SquareEnix\FINAL FANTASY XIV\client\script\729s9\wu7\xvwrq5s\5xu1s5\5xu1s589r57y9rr.le.lpb
chara_monster,chara/npc/monster/empire/empirechief,chara,213,200,100,True,True,0,,C:\Program Files (x86)\SquareEnix\FINAL FANTASY XIV\client\script\729s9\wu7\xvwrq5s\5xu1s5\5xu1s572154.le.lpb
chara_monster,chara/npc/monster/empire/empirechiefevent,chara,228,215,115,True,True,0,,C:\Program Files (x86)\SquareEnix\FINAL FANTASY XIV\client\script\729s9\wu7\xvwrq5s\5xu1s5\5xu1s5721545o5wq.le.lpb
chara_monster,chara/npc/monster/empire/empirechiefevent2,chara,229,216,116,True,True,0,,C:\Program Files (x86)\SquareEnix\FINAL FANTASY XIV\client\script\729s9\wu7\xvwrq5s\5xu1s5\5xu1s5721545o5wqh.le.lpb
chara_monster,chara/npc/monster/empire/empirechiefgmevent123,chara,223,210,110,True,True,0,,C:\Program Files (x86)\SquareEnix\FINAL FANTASY XIV\client\script\729s9\wu7\xvwrq5s\5xu1s5\5xu1s5721543x5o5wqihg.le.lpb
chara_monster,chara/npc/monster/empire/empirechiefpublicfort,chara,223,210,110,True,True,0,,C:\Program Files (x86)\SquareEnix\FINAL FANTASY XIV\client\script\729s9\wu7\xvwrq5s\5xu1s5\5xu1s572154up8y174vsq.le.lpb
chara_monster,chara/npc/monster/empire/empirechiefscenariomainlv046,chara,230,217,117,True,True,0,,C:\Program Files (x86)\SquareEnix\FINAL FANTASY XIV\client\script\729s9\wu7\xvwrq5s\5xu1s5\5xu1s572154r75w9s1vx91wyojfd.le.lpb
chara_monster,chara/npc/monster/empire/empirechiefstandard,chara,221,208,108,True,True,0,,C:\Program Files (x86)\SquareEnix\FINAL FANTASY XIV\client\script\729s9\wu7\xvwrq5s\5xu1s5\5xu1s572154rq9w69s6.le.lpb
chara_monster,chara/npc/monster/empire/empireconjurer,chara,216,203,103,True,True,0,,C:\Program Files (x86)\SquareEnix\FINAL FANTASY XIV\client\script\729s9\wu7\xvwrq5s\5xu1s5\5xu1s57vw0ps5s.le.lpb
chara_monster,chara/npc/monster/empire/empireconjurerattackstandard,chara,230,217,117,True,True,0,,C:\Program Files (x86)\SquareEnix\FINAL FANTASY XIV\client\script\729s9\wu7\xvwrq5s\5xu1s5\5xu1s57vw0ps5s9qq97zrq9w69s6.le.lpb
chara_monster,chara/npc/monster/empire/empireconjurerevent,chara,231,218,118,True,True,0,,C:\Program Files (x86)\SquareEnix\FINAL FANTASY XIV\client\script\729s9\wu7\xvwrq5s\5xu1s5\5xu1s57vw0ps5s5o5wq.le.lpb
chara_monster,chara/npc/monster/empire/empireconjurergmevent123,chara,226,213,113,True,True,0,,C:\Program Files (x86)\SquareEnix\FINAL FANTASY XIV\client\script\729s9\wu7\xvwrq5s\5xu1s5\5xu1s57vw0ps5s3x5o5wqihg.le.lpb
chara_monster,chara/npc/monster/empire/empireconjurerpublicfort,chara,226,213,113,True,True,0,,C:\Program Files (x86)\SquareEnix\FINAL FANTASY XIV\client\script\729s9\wu7\xvwrq5s\5xu1s5\5xu1s57vw0ps5sup8y174vsq.le.lpb
chara_monster,chara/npc/monster/empire/empireconjurerstandard,chara,224,211,111,True,True,0,,C:\Program Files (x86)\SquareEnix\FINAL FANTASY XIV\client\script\729s9\wu7\xvwrq5s\5xu1s5\5xu1s57vw0ps5srq9w69s6.le.lpb
chara_monster,chara/npc/monster/empire/empireeventbaseclass,chara,221,208,108,True,True,0,,C:\Program Files (x86)\SquareEnix\FINAL FANTASY XIV\client\script\729s9\wu7\xvwrq5s\5xu1s5\5xu1s55o5wq89r57y9rr.le.lpb
chara_monster,chara/npc/monster/empire/empiregladiator,chara,217,204,104,True,True,0,,C:\Program Files (x86)\SquareEnix\FINAL FANTASY XIV\client\script\729s9\wu7\xvwrq5s\5xu1s5\5xu1s53y9619qvs.le.lpb
chara_monster,chara/npc/monster/empire/empiregladiatorevent,chara,232,219,119,True,True,0,,C:\Program Files (x86)\SquareEnix\FINAL FANTASY XIV\client\script\729s9\wu7\xvwrq5s\5xu1s5\5xu1s53y9619qvs5o5wq.le.lpb
chara_monster,chara/npc/monster/empire/empiregladiatorpublicfort,chara,227,214,114,True,True,0,,C:\Program Files (x86)\SquareEnix\FINAL FANTASY XIV\client\script\729s9\wu7\xvwrq5s\5xu1s5\5xu1s53y9619qvsup8y174vsq.le.lpb
chara_monster,chara/npc/monster/empire/empiregladiatorstandard,chara,225,212,112,True,True,0,,C:\Program Files (x86)\SquareEnix\FINAL FANTASY XIV\client\script\729s9\wu7\xvwrq5s\5xu1s5\5xu1s53y9619qvsrq9w69s6.le.lpb
chara_monster,chara/npc/monster/empire/empireglascenariomainlv046,chara,228,215,115,True,True,0,,C:\Program Files (x86)\SquareEnix\FINAL FANTASY XIV\client\script\729s9\wu7\xvwrq5s\5xu1s5\5xu1s53y9r75w9s1vx91wyojfd.le.lpb
chara_monster,chara/npc/monster/empire/empirelancer,chara,214,201,101,True,True,0,,C:\Program Files (x86)\SquareEnix\FINAL FANTASY XIV\client\script\729s9\wu7\xvwrq5s\5xu1s5\5xu1s5y9w75s.le.lpb
chara_monster,chara/npc/monster/empire/empirelancerevent,chara,229,216,116,True,True,0,,C:\Program Files (x86)\SquareEnix\FINAL FANTASY XIV\client\script\729s9\wu7\xvwrq5s\5xu1s5\5xu1s5y9w75s5o5wq.le.lpb
chara_monster,chara/npc/monster/empire/empirelancergcx105,chara,220,207,107,True,True,0,,C:\Program Files (x86)\SquareEnix\FINAL FANTASY XIV\client\script\729s9\wu7\xvwrq5s\5xu1s5\5xu1s5y9w75s37mije.le.lpb
chara_monster,chara/npc/monster/empire/empirelancergmevent123,chara,224,211,111,True,True,0,,C:\Program Files (x86)\SquareEnix\FINAL FANTASY XIV\client\script\729s9\wu7\xvwrq5s\5xu1s5\5xu1s5y9w75s3x5o5wqihg.le.lpb
chara_monster,chara/npc/monster/empire/empirelancerpublicfort,chara,224,211,111,True,True,0,,C:\Program Files (x86)\SquareEnix\FINAL FANTASY XIV\client\script\729s9\wu7\xvwrq5s\5xu1s5\5xu1s5y9w75sup8y174vsq.le.lpb
chara_monster,chara/npc/monster/empire/empirelancerstandard,chara,222,209,109,True,True,0,,C:\Program Files (x86)\SquareEnix\FINAL FANTASY XIV\client\script\729s9\wu7\xvwrq5s\5xu1s5\5xu1s5y9w75srq9w69s6.le.lpb
chara_monster,chara/npc/monster/empire/empiremarauderevent,chara,231,218,118,True,True,0,,C:\Program Files (x86)\SquareEnix\FINAL FANTASY XIV\client\script\729s9\wu7\xvwrq5s\5xu1s5\5xu1s5x9s9p65s5o5wq.le.lpb
chara_monster,chara/npc/monster/empire/empiremaraudergmevent123,chara,226,213,113,True,True,0,,C:\Program Files (x86)\SquareEnix\FINAL FANTASY XIV\client\script\729s9\wu7\xvwrq5s\5xu1s5\5xu1s5x9s9p65s3x5o5wqihg.le.lpb
chara_monster,chara/npc/monster/empire/empiremarauderpublicfort,chara,226,213,113,True,True,0,,C:\Program Files (x86)\SquareEnix\FINAL FANTASY XIV\client\script\729s9\wu7\xvwrq5s\5xu1s5\5xu1s5x9s9p65sup8y174vsq.le.lpb
chara_monster,chara/npc/monster/empire/empiremarauderstandard,chara,224,211,111,True,True,0,,C:\Program Files (x86)\SquareEnix\FINAL FANTASY XIV\client\script\729s9\wu7\xvwrq5s\5xu1s5\5xu1s5x9s9p65srq9w69s6.le.lpb
chara_monster,chara/npc/monster/empire/empirepugilist,chara,216,203,103,True,True,0,,C:\Program Files (x86)\SquareEnix\FINAL FANTASY XIV\client\script\729s9\wu7\xvwrq5s\5xu1s5\5xu1s5up31y1rq.le.lpb
chara_monster,chara/npc/monster/empire/empirepugilistevent,chara,231,218,118,True,True,0,,C:\Program Files (x86)\SquareEnix\FINAL FANTASY XIV\client\script\729s9\wu7\xvwrq5s\5xu1s5\5xu1s5up31y1rq5o5wq.le.lpb
chara_monster,chara/npc/monster/empire/empirepugilistgcx105,chara,222,209,109,True,True,0,,C:\Program Files (x86)\SquareEnix\FINAL FANTASY XIV\client\script\729s9\wu7\xvwrq5s\5xu1s5\5xu1s5up31y1rq37mije.le.lpb
chara_monster,chara/npc/monster/empire/empirepugilistgmevent123,chara,226,213,113,True,True,0,,C:\Program Files (x86)\SquareEnix\FINAL FANTASY XIV\client\script\729s9\wu7\xvwrq5s\5xu1s5\5xu1s5up31y1rq3x5o5wqihg.le.lpb
chara_monster,chara/npc/monster/empire/empirepugilistpublicfort,chara,226,213,113,True,True,0,,C:\Program Files (x86)\SquareEnix\FINAL FANTASY XIV\client\script\729s9\wu7\xvwrq5s\5xu1s5\5xu1s5up31y1rqup8y174vsq.le.lpb
chara_monster,chara/npc/monster/empire/empirepugiliststandard,chara,224,211,111,True,True,0,,C:\Program Files (x86)\SquareEnix\FINAL FANTASY XIV\client\script\729s9\wu7\xvwrq5s\5xu1s5\5xu1s5up31y1rqrq9w69s6.le.lpb
chara_monster,chara/npc/monster/empire/empirestandard,chara,216,203,103,True,True,0,,C:\Program Files (x86)\SquareEnix\FINAL FANTASY XIV\client\script\729s9\wu7\xvwrq5s\5xu1s5\5xu1s5rq9w69s6.le.lpb
chara_monster,chara/npc/monster/empire/empirethaumaturge,chara,219,206,106,True,True,0,,C:\Program Files (x86)\SquareEnix\FINAL FANTASY XIV\client\script\729s9\wu7\xvwrq5s\5xu1s5\5xu1s5q29px9qps35.le.lpb
chara_monster,chara/npc/monster/empire/empirethaumaturgeattackstandard,chara,233,220,120,True,True,0,,C:\Program Files (x86)\SquareEnix\FINAL FANTASY XIV\client\script\729s9\wu7\xvwrq5s\5xu1s5\5xu1s5q29px9qps359qq97zrq9w69s6.le.lpb
chara_monster,chara/npc/monster/empire/empirethaumaturgeevent,chara,234,221,121,True,True,0,,C:\Program Files (x86)\SquareEnix\FINAL FANTASY XIV\client\script\729s9\wu7\xvwrq5s\5xu1s5\5xu1s5q29px9qps355o5wq.le.lpb
chara_monster,chara/npc/monster/empire/empirethaumaturgegmevent123,chara,229,216,116,True,True,0,,C:\Program Files (x86)\SquareEnix\FINAL FANTASY XIV\client\script\729s9\wu7\xvwrq5s\5xu1s5\5xu1s5q29px9qps353x5o5wqihg.le.lpb
chara_monster,chara/npc/monster/empire/empirethaumaturgepublicfort,chara,229,216,116,True,True,0,,C:\Program Files (x86)\SquareEnix\FINAL FANTASY XIV\client\script\729s9\wu7\xvwrq5s\5xu1s5\5xu1s5q29px9qps35up8y174vsq.le.lpb
chara_monster,chara/npc/monster/empire/empirethaumaturgestandard,chara,227,214,114,True,True,0,,C:\Program Files (x86)\SquareEnix\FINAL FANTASY XIV\client\script\729s9\wu7\xvwrq5s\5xu1s5\5xu1s5q29px9qps35rq9w69s6.le.lpb
chara_monster,chara/npc/monster/fighter/fighterallyarcherstandard,chara,321,308,213,True,True,0,,C:\Program Files (x86)\SquareEnix\FINAL FANTASY XIV\client\script\729s9\wu7\xvwrq5s\4132q5s\4132q5s9yyl9s725srq9w69s6.le.lpb
chara_monster,chara/npc/monster/fighter/fighterallyarcherwybir,chara,318,305,207,True,True,0,,C:\Program Files (x86)\SquareEnix\FINAL FANTASY XIV\client\script\729s9\wu7\xvwrq5s\4132q5s\4132q5s9yyl9s725snl81s.le.lpb
chara_monster,chara/npc/monster/fighter/fighterallyconjurerstandard,chara,323,310,217,True,True,0,,C:\Program Files (x86)\SquareEnix\FINAL FANTASY XIV\client\script\729s9\wu7\xvwrq5s\4132q5s\4132q5s9yyl7vw0ps5srq9w69s6.le.lpb
chara_monster,chara/npc/monster/fighter/fighterallygladiatorgreinfarr,chara,325,312,221,True,True,0,,C:\Program Files (x86)\SquareEnix\FINAL FANTASY XIV\client\script\729s9\wu7\xvwrq5s\4132q5s\4132q5s9yyl3y9619qvs3s51w49ss.le.lpb
chara_monster,chara/npc/monster/fighter/fighterallygladiatorhena1,chara,321,308,213,True,True,0,,C:\Program Files (x86)\SquareEnix\FINAL FANTASY XIV\client\script\729s9\wu7\xvwrq5s\4132q5s\4132q5s9yyl3y9619qvs25w9i.le.lpb
chara_monster,chara/npc/monster/fighter/fighterallygladiatorhena2,chara,321,308,213,True,True,0,,C:\Program Files (x86)\SquareEnix\FINAL FANTASY XIV\client\script\729s9\wu7\xvwrq5s\4132q5s\4132q5s9yyl3y9619qvs25w9h.le.lpb
chara_monster,chara/npc/monster/fighter/fighterallygladiatorjobarm,chara,322,309,215,True,True,0,,C:\Program Files (x86)\SquareEnix\FINAL FANTASY XIV\client\script\729s9\wu7\xvwrq5s\4132q5s\4132q5s9yyl3y9619qvs0v89sx.le.lpb
chara_monster,chara/npc/monster/fighter/fighterallygladiatornormal,chara,322,309,215,True,True,0,,C:\Program Files (x86)\SquareEnix\FINAL FANTASY XIV\client\script\729s9\wu7\xvwrq5s\4132q5s\4132q5s9yyl3y9619qvswvsx9y.le.lpb
chara_monster,chara/npc/monster/fighter/fighterallygladiatorstandard,chara,324,311,219,True,True,0,,C:\Program Files (x86)\SquareEnix\FINAL FANTASY XIV\client\script\729s9\wu7\xvwrq5s\4132q5s\4132q5s9yyl3y9619qvsrq9w69s6.le.lpb
chara_monster,chara/npc/monster/fighter/fighterallyguarded,chara,314,301,199,True,True,0,,C:\Program Files (x86)\SquareEnix\FINAL FANTASY XIV\client\script\729s9\wu7\xvwrq5s\4132q5s\4132q5s9yyl3p9s656.le.lpb
chara_monster,chara/npc/monster/fighter/fighterallyguardedniellefresne,chara,326,313,223,True,True,0,,C:\Program Files (x86)\SquareEnix\FINAL FANTASY XIV\client\script\729s9\wu7\xvwrq5s\4132q5s\4132q5s9yyl3p9s656w15yy54s5rw5.le.lpb
chara_monster,chara/npc/monster/fighter/fighterallylancerstandard,chara,321,308,213,True,True,0,,C:\Program Files (x86)\SquareEnix\FINAL FANTASY XIV\client\script\729s9\wu7\xvwrq5s\4132q5s\4132q5s9yyly9w75srq9w69s6.le.lpb
chara_monster,chara/npc/monster/fighter/fighterallymarauderemerick,chara,231,218,118,True,True,0,,C:\Program Files (x86)\SquareEnix\FINAL FANTASY XIV\client\script\729s9\wu7\xvwrq5s\4132q5s\4132q5s9yylx9s9p65s5x5s17z.le.lpb
chara_monster,chara/npc/monster/fighter/fighterallymaraudermelod,chara,229,216,116,True,True,0,,C:\Program Files (x86)\SquareEnix\FINAL FANTASY XIV\client\script\729s9\wu7\xvwrq5s\4132q5s\4132q5s9yylx9s9p65sx5yv6.le.lpb
chara_monster,chara/npc/monster/fighter/fighterallymarauderstandard,chara,323,310,217,True,True,0,,C:\Program Files (x86)\SquareEnix\FINAL FANTASY XIV\client\script\729s9\wu7\xvwrq5s\4132q5s\4132q5s9yylx9s9p65srq9w69s6.le.lpb
chara_monster,chara/npc/monster/fighter/fighterallyopeningattacker,chara,322,309,215,True,True,0,,C:\Program Files (x86)\SquareEnix\FINAL FANTASY XIV\client\script\729s9\wu7\xvwrq5s\4132q5s\4132q5s9yylvu5w1w39qq97z5s.le.lpb
chara_monster,chara/npc/monster/fighter/fighterallyopeninghealer,chara,320,307,211,True,True,0,,C:\Program Files (x86)\SquareEnix\FINAL FANTASY XIV\client\script\729s9\wu7\xvwrq5s\4132q5s\4132q5s9yylvu5w1w3259y5s.le.lpb
chara_monster,chara/npc/monster/fighter/fighterallypugiliststandard,chara,323,310,217,True,True,0,,C:\Program Files (x86)\SquareEnix\FINAL FANTASY XIV\client\script\729s9\wu7\xvwrq5s\4132q5s\4132q5s9yylup31y1rqrq9w69s6.le.lpb
chara_monster,chara/npc/monster/fighter/fighterbaseclass,chara,217,204,104,True,True,0,,C:\Program Files (x86)\SquareEnix\FINAL FANTASY XIV\client\script\729s9\wu7\xvwrq5s\4132q5s\4132q5s89r57y9rr.le.lpb
chara_monster,chara/npc/monster/fighter/fighterenemyarchermnk0j6,chara,229,216,116,True,True,0,,C:\Program Files (x86)\SquareEnix\FINAL FANTASY XIV\client\script\729s9\wu7\xvwrq5s\4132q5s\4132q5s5w5xl9s725sxwzj0d.le.lpb
chara_monster,chara/npc/monster/fighter/fighterenemyarcherstandard,chara,231,218,118,True,True,0,,C:\Program Files (x86)\SquareEnix\FINAL FANTASY XIV\client\script\729s9\wu7\xvwrq5s\4132q5s\4132q5s5w5xl9s725srq9w69s6.le.lpb
chara_monster,chara/npc/monster/fighter/fighterenemyarcscenarioarclv36,chara,235,222,122,True,True,0,,C:\Program Files (x86)\SquareEnix\FINAL FANTASY XIV\client\script\729s9\wu7\xvwrq5s\4132q5s\4132q5s5w5xl9s7r75w9s1v9s7yogd.le.lpb
chara_monster,chara/npc/monster/fighter/fighterenemyconjurerstandard,chara,233,220,120,True,True,0,,C:\Program Files (x86)\SquareEnix\FINAL FANTASY XIV\client\script\729s9\wu7\xvwrq5s\4132q5s\4132q5s5w5xl7vw0ps5srq9w69s6.le.lpb
chara_monster,chara/npc/monster/fighter/fighterenemygladiatorcharledore,chara,236,223,123,True,True,0,,C:\Program Files (x86)\SquareEnix\FINAL FANTASY XIV\client\script\729s9\wu7\xvwrq5s\4132q5s\4132q5s5w5xl3y9619qvs729sy56vs5.le.lpb
chara_monster,chara/npc/monster/fighter/fighterenemygladiatorfactionemp,chara,236,223,123,True,True,0,,C:\Program Files (x86)\SquareEnix\FINAL FANTASY XIV\client\script\729s9\wu7\xvwrq5s\4132q5s\4132q5s5w5xl3y9619qvs497q1vw5xu.le.lpb
chara_monster,chara/npc/monster/fighter/fighterenemygladiatornormal,chara,232,219,119,True,True,0,,C:\Program Files (x86)\SquareEnix\FINAL FANTASY XIV\client\script\729s9\wu7\xvwrq5s\4132q5s\4132q5s5w5xl3y9619qvswvsx9y.le.lpb
chara_monster,chara/npc/monster/fighter/fighterenemygladiatorpld0j5,chara,232,219,119,True,True,0,,C:\Program Files (x86)\SquareEnix\FINAL FANTASY XIV\client\script\729s9\wu7\xvwrq5s\4132q5s\4132q5s5w5xl3y9619qvsuy6j0e.le.lpb
chara_monster,chara/npc/monster/fighter/fighterenemygladiatorstandard,chara,234,221,121,True,True,0,,C:\Program Files (x86)\SquareEnix\FINAL FANTASY XIV\client\script\729s9\wu7\xvwrq5s\4132q5s\4132q5s5w5xl3y9619qvsrq9w69s6.le.lpb
chara_monster,chara/npc/monster/fighter/fighterenemylancermnk0j6,chara,229,216,116,True,True,0,,C:\Program Files (x86)\SquareEnix\FINAL FANTASY XIV\client\script\729s9\wu7\xvwrq5s\4132q5s\4132q5s5w5xly9w75sxwzj0d.le.lpb
chara_monster,chara/npc/monster/fighter/fighterenemylancerstandard,chara,231,218,118,True,True,0,,C:\Program Files (x86)\SquareEnix\FINAL FANTASY XIV\client\script\729s9\wu7\xvwrq5s\4132q5s\4132q5s5w5xly9w75srq9w69s6.le.lpb
chara_monster,chara/npc/monster/fighter/fighterenemymaraudermnk0j6,chara,231,218,118,True,True,0,,C:\Program Files (x86)\SquareEnix\FINAL FANTASY XIV\client\script\729s9\wu7\xvwrq5s\4132q5s\4132q5s5w5xlx9s9p65sxwzj0d.le.lpb
chara_monster,chara/npc/monster/fighter/fighterenemymarauderstandard,chara,233,220,120,True,True,0,,C:\Program Files (x86)\SquareEnix\FINAL FANTASY XIV\client\script\729s9\wu7\xvwrq5s\4132q5s\4132q5s5w5xlx9s9p65srq9w69s6.le.lpb
chara_monster,chara/npc/monster/fighter/fighterenemymarauderwar0j6,chara,231,218,118,True,True,0,,C:\Program Files (x86)\SquareEnix\FINAL FANTASY XIV\client\script\729s9\wu7\xvwrq5s\4132q5s\4132q5s5w5xlx9s9p65sn9sj0d.le.lpb
chara_monster,chara/npc/monster/fighter/fighterenemymrdscenarioglalv36,chara,235,222,122,True,True,0,,C:\Program Files (x86)\SquareEnix\FINAL FANTASY XIV\client\script\729s9\wu7\xvwrq5s\4132q5s\4132q5s5w5xlxs6r75w9s1v3y9yogd.le.lpb
chara_monster,chara/npc/monster/fighter/fighterenemymrdscenariomrdlv36,chara,235,222,122,True,True,0,,C:\Program Files (x86)\SquareEnix\FINAL FANTASY XIV\client\script\729s9\wu7\xvwrq5s\4132q5s\4132q5s5w5xlxs6r75w9s1vxs6yogd.le.lpb
chara_monster,chara/npc/monster/fighter/fighterenemypugilistmnk0j6,chara,231,218,118,True,True,0,,C:\Program Files (x86)\SquareEnix\FINAL FANTASY XIV\client\script\729s9\wu7\xvwrq5s\4132q5s\4132q5s5w5xlup31y1rqxwzj0d.le.lpb
chara_monster,chara/npc/monster/fighter/fighterenemypugiliststandard,chara,233,220,120,True,True,0,,C:\Program Files (x86)\SquareEnix\FINAL FANTASY XIV\client\script\729s9\wu7\xvwrq5s\4132q5s\4132q5s5w5xlup31y1rqrq9w69s6.le.lpb
chara_monster,chara/npc/monster/fighter/fighterenemythaumaturgemnk0j6,chara,234,221,121,True,True,0,,C:\Program Files (x86)\SquareEnix\FINAL FANTASY XIV\client\script\729s9\wu7\xvwrq5s\4132q5s\4132q5s5w5xlq29px9qps35xwzj0d.le.lpb
chara_monster,chara/npc/monster/fighter/fighterenemythaumaturgestandard,chara,236,223,123,True,True,0,,C:\Program Files (x86)\SquareEnix\FINAL FANTASY XIV\client\script\729s9\wu7\xvwrq5s\4132q5s\4132q5s5w5xlq29px9qps35rq9w69s6.le.lpb
chara_monster,chara/npc/monster/fighter/fighterenemythmscenariomainlv38,chara,236,223,123,True,True,0,,C:\Program Files (x86)\SquareEnix\FINAL FANTASY XIV\client\script\729s9\wu7\xvwrq5s\4132q5s\4132q5s5w5xlq2xr75w9s1vx91wyogb.le.lpb
chara_monster,chara/npc/monster/fighter/fighterenemythmscenariopgllv36,chara,235,222,122,True,True,0,,C:\Program Files (x86)\SquareEnix\FINAL FANTASY XIV\client\script\729s9\wu7\xvwrq5s\4132q5s\4132q5s5w5xlq2xr75w9s1vu3yyogd.le.lpb
chara_monster,chara/npc/monster/fighter/fighterenemythmscenariothmlv36,chara,235,222,122,True,True,0,,C:\Program Files (x86)\SquareEnix\FINAL FANTASY XIV\client\script\729s9\wu7\xvwrq5s\4132q5s\4132q5s5w5xlq2xr75w9s1vq2xyogd.le.lpb
chara_monster,chara/npc/monster/fighter/fightersupport/fightersupportarcher,chara,254,241,141,True,True,0,,C:\Program Files (x86)\SquareEnix\FINAL FANTASY XIV\client\script\729s9\wu7\xvwrq5s\4132q5s\4132q5srpuuvsq\4132q5srpuuvsq9s725s.le.lpb
chara_monster,chara/npc/monster/fighter/fightersupport/fightersupportbaseclass,chara,323,310,213,True,True,0,,C:\Program Files (x86)\SquareEnix\FINAL FANTASY XIV\client\script\729s9\wu7\xvwrq5s\4132q5s\4132q5srpuuvsq\4132q5srpuuvsq89r57y9rr.le.lpb
chara_monster,chara/npc/monster/fighter/fightersupport/fightersupportconjurer,chara,256,243,143,True,True,0,,C:\Program Files (x86)\SquareEnix\FINAL FANTASY XIV\client\script\729s9\wu7\xvwrq5s\4132q5s\4132q5srpuuvsq\4132q5srpuuvsq7vw0ps5s.le.lpb
chara_monster,chara/npc/monster/fighter/fightersupport/fightersupportgladiator,chara,257,244,144,True,True,0,,C:\Program Files (x86)\SquareEnix\FINAL FANTASY XIV\client\script\729s9\wu7\xvwrq5s\4132q5s\4132q5srpuuvsq\4132q5srpuuvsq3y9619qvs.le.lpb
chara_monster,chara/npc/monster/fighter/fightersupport/fightersupportlancer,chara,254,241,141,True,True,0,,C:\Program Files (x86)\SquareEnix\FINAL FANTASY XIV\client\script\729s9\wu7\xvwrq5s\4132q5s\4132q5srpuuvsq\4132q5srpuuvsqy9w75s.le.lpb
chara_monster,chara/npc/monster/fighter/fightersupport/fightersupportthaumaturge,chara,259,246,146,True,True,0,,C:\Program Files (x86)\SquareEnix\FINAL FANTASY XIV\client\script\729s9\wu7\xvwrq5s\4132q5s\4132q5srpuuvsq\4132q5srpuuvsqq29px9qps35.le.lpb
chara_monster,chara/npc/monster/firefly/fireflybaseclass,chara,217,204,104,True,True,0,,C:\Program Files (x86)\SquareEnix\FINAL FANTASY XIV\client\script\729s9\wu7\xvwrq5s\41s54yl\41s54yl89r57y9rr.le.lpb
chara_monster,chara/npc/monster/firefly/fireflynormal,chara,218,205,105,True,True,0,,C:\Program Files (x86)\SquareEnix\FINAL FANTASY XIV\client\script\729s9\wu7\xvwrq5s\41s54yl\41s54ylwvsx9y.le.lpb
chara_monster,chara/npc/monster/firefly/fireflynormalstandard,chara,226,213,113,True,True,0,,C:\Program Files (x86)\SquareEnix\FINAL FANTASY XIV\client\script\729s9\wu7\xvwrq5s\41s54yl\41s54ylwvsx9yrq9w69s6.le.lpb
chara_monster,chara/npc/monster/firefly/fireflystandard,chara,220,207,107,True,True,0,,C:\Program Files (x86)\SquareEnix\FINAL FANTASY XIV\client\script\729s9\wu7\xvwrq5s\41s54yl\41s54ylrq9w69s6.le.lpb
chara_monster,chara/npc/monster/flan/flanbaseclass,chara,214,201,101,True,True,0,,C:\Program Files (x86)\SquareEnix\FINAL FANTASY XIV\client\script\729s9\wu7\xvwrq5s\4y9w\4y9w89r57y9rr.le.lpb
chara_monster,chara/npc/monster/flan/flanlesserstandard,chara,214,201,101,True,True,0,,C:\Program Files (x86)\SquareEnix\FINAL FANTASY XIV\client\script\729s9\wu7\xvwrq5s\4y9w\4y9wy5rr5srq9w69s6.le.lpb
chara_monster,chara/npc/monster/flan/flanlesserstandardanimaobj,chara,222,209,109,True,True,0,,C:\Program Files (x86)\SquareEnix\FINAL FANTASY XIV\client\script\729s9\wu7\xvwrq5s\4y9w\4y9wy5rr5srq9w69s69w1x9v80.le.lpb
chara_monster,chara/npc/monster/flan/flanlesserstandardanimaobjb,chara,223,210,110,True,True,0,,C:\Program Files (x86)\SquareEnix\FINAL FANTASY XIV\client\script\729s9\wu7\xvwrq5s\4y9w\4y9wy5rr5srq9w69s69w1x9v808.le.lpb
chara_monster,chara/npc/monster/flan/flanlesserstandardjobarm1,chara,221,208,108,True,True,0,,C:\Program Files (x86)\SquareEnix\FINAL FANTASY XIV\client\script\729s9\wu7\xvwrq5s\4y9w\4y9wy5rr5srq9w69s60v89sxi.le.lpb
chara_monster,chara/npc/monster/flan/flanlesserstandardjobarm2,chara,221,208,108,True,True,0,,C:\Program Files (x86)\SquareEnix\FINAL FANTASY XIV\client\script\729s9\wu7\xvwrq5s\4y9w\4y9wy5rr5srq9w69s60v89sxh.le.lpb
chara_monster,chara/npc/monster/flan/flannormalstandard,chara,214,201,101,True,True,0,,C:\Program Files (x86)\SquareEnix\FINAL FANTASY XIV\client\script\729s9\wu7\xvwrq5s\4y9w\4y9wwvsx9yrq9w69s6.le.lpb
chara_monster,chara/npc/monster/flower/flowerbaseclass,chara,216,203,103,True,True,0,,C:\Program Files (x86)\SquareEnix\FINAL FANTASY XIV\client\script\729s9\wu7\xvwrq5s\4yvn5s\4yvn5s89r57y9rr.le.lpb
chara_monster,chara/npc/monster/flower/flowerpoisonousnm,chara,219,206,106,True,True,0,,C:\Program Files (x86)\SquareEnix\FINAL FANTASY XIV\client\script\729s9\wu7\xvwrq5s\4yvn5s\4yvn5suv1rvwvprwx.le.lpb
chara_monster,chara/npc/monster/flower/flowerpoisonousstandard,chara,225,212,112,True,True,0,,C:\Program Files (x86)\SquareEnix\FINAL FANTASY XIV\client\script\729s9\wu7\xvwrq5s\4yvn5s\4yvn5suv1rvwvprrq9w69s6.le.lpb
chara_monster,chara/npc/monster/flower/flowerstandard,chara,216,203,103,True,True,0,,C:\Program Files (x86)\SquareEnix\FINAL FANTASY XIV\client\script\729s9\wu7\xvwrq5s\4yvn5s\4yvn5srq9w69s6.le.lpb
chara_monster,chara/npc/monster/fly/flybaseclass,chara,213,200,100,True,True,0,,C:\Program Files (x86)\SquareEnix\FINAL FANTASY XIV\client\script\729s9\wu7\xvwrq5s\4yl\4yl89r57y9rr.le.lpb
chara_monster,chara/npc/monster/fly/flylesserstandard,chara,210,197,97,True,True,0,,C:\Program Files (x86)\SquareEnix\FINAL FANTASY XIV\client\script\729s9\wu7\xvwrq5s\4yl\4yly5rr5srq9w69s6.le.lpb
chara_monster,chara/npc/monster/fly/flynormalnm,chara,204,191,91,True,True,0,,C:\Program Files (x86)\SquareEnix\FINAL FANTASY XIV\client\script\729s9\wu7\xvwrq5s\4yl\4ylwvsx9ywx.le.lpb
chara_monster,chara/npc/monster/fly/flynormalnmrush,chara,208,195,95,True,True,0,,C:\Program Files (x86)\SquareEnix\FINAL FANTASY XIV\client\script\729s9\wu7\xvwrq5s\4yl\4ylwvsx9ywxspr2.le.lpb
chara_monster,chara/npc/monster/fly/flynormalstandard,chara,210,197,97,True,True,0,,C:\Program Files (x86)\SquareEnix\FINAL FANTASY XIV\client\script\729s9\wu7\xvwrq5s\4yl\4ylwvsx9yrq9w69s6.le.lpb
chara_monster,chara/npc/monster/fly/flystandard,chara,204,191,91,True,True,0,,C:\Program Files (x86)\SquareEnix\FINAL FANTASY XIV\client\script\729s9\wu7\xvwrq5s\4yl\4ylrq9w69s6.le.lpb
chara_monster,chara/npc/monster/frilllizard/frilllizardbaseclass,chara,221,208,108,True,True,0,,C:\Program Files (x86)\SquareEnix\FINAL FANTASY XIV\client\script\729s9\wu7\xvwrq5s\4s1yyy1k9s6\4s1yyy1k9s689r57y9rr.le.lpb
chara_monster,chara/npc/monster/frilllizard/frilllizardlesserstandard,chara,242,229,129,True,True,0,,C:\Program Files (x86)\SquareEnix\FINAL FANTASY XIV\client\script\729s9\wu7\xvwrq5s\4s1yyy1k9s6\4s1yyy1k9s6y5rr5srq9w69s6.le.lpb
chara_monster,chara/npc/monster/frilllizard/frilllizardnormalstandard,chara,242,229,129,True,True,0,,C:\Program Files (x86)\SquareEnix\FINAL FANTASY XIV\client\script\729s9\wu7\xvwrq5s\4s1yyy1k9s6\4s1yyy1k9s6wvsx9yrq9w69s6.le.lpb
chara_monster,chara/npc/monster/funguar/funguarbaseclass,chara,217,204,104,True,True,0,,C:\Program Files (x86)\SquareEnix\FINAL FANTASY XIV\client\script\729s9\wu7\xvwrq5s\4pw3p9s\4pw3p9s89r57y9rr.le.lpb
chara_monster,chara/npc/monster/funguar/funguarlesser,chara,218,205,105,True,True,0,,C:\Program Files (x86)\SquareEnix\FINAL FANTASY XIV\client\script\729s9\wu7\xvwrq5s\4pw3p9s\4pw3p9sy5rr5s.le.lpb
chara_monster,chara/npc/monster/funguar/funguarlesserstandard,chara,226,213,113,True,True,0,,C:\Program Files (x86)\SquareEnix\FINAL FANTASY XIV\client\script\729s9\wu7\xvwrq5s\4pw3p9s\4pw3p9sy5rr5srq9w69s6.le.lpb
chara_monster,chara/npc/monster/funguar/funguarnormal,chara,218,205,105,True,True,0,,C:\Program Files (x86)\SquareEnix\FINAL FANTASY XIV\client\script\729s9\wu7\xvwrq5s\4pw3p9s\4pw3p9swvsx9y.le.lpb
chara_monster,chara/npc/monster/funguar/funguarnormalnm,chara,220,207,107,True,True,0,,C:\Program Files (x86)\SquareEnix\FINAL FANTASY XIV\client\script\729s9\wu7\xvwrq5s\4pw3p9s\4pw3p9swvsx9ywx.le.lpb
chara_monster,chara/npc/monster/funguar/funguarnormalstandard,chara,226,213,113,True,True,0,,C:\Program Files (x86)\SquareEnix\FINAL FANTASY XIV\client\script\729s9\wu7\xvwrq5s\4pw3p9s\4pw3p9swvsx9yrq9w69s6.le.lpb
chara_monster,chara/npc/monster/funguar/funguarstandard,chara,220,207,107,True,True,0,,C:\Program Files (x86)\SquareEnix\FINAL FANTASY XIV\client\script\729s9\wu7\xvwrq5s\4pw3p9s\4pw3p9srq9w69s6.le.lpb
chara_monster,chara/npc/monster/gargoyle/gargoylebaseclass,chara,218,205,105,True,True,0,,C:\Program Files (x86)\SquareEnix\FINAL FANTASY XIV\client\script\729s9\wu7\xvwrq5s\39s3vly5\39s3vly589r57y9rr.le.lpb
chara_monster,chara/npc/monster/gargoyle/gargoylelesserblm0j6,chara,228,215,115,True,True,0,,C:\Program Files (x86)\SquareEnix\FINAL FANTASY XIV\client\script\729s9\wu7\xvwrq5s\39s3vly5\39s3vly5y5rr5s8yxj0d.le.lpb
chara_monster,chara/npc/monster/gargoyle/gargoylelesserjobarm,chara,228,215,115,True,True,0,,C:\Program Files (x86)\SquareEnix\FINAL FANTASY XIV\client\script\729s9\wu7\xvwrq5s\39s3vly5\39s3vly5y5rr5s0v89sx.le.lpb
chara_monster,chara/npc/monster/gargoyle/gargoylenormalanimaobj,chara,230,217,117,True,True,0,,C:\Program Files (x86)\SquareEnix\FINAL FANTASY XIV\client\script\729s9\wu7\xvwrq5s\39s3vly5\39s3vly5wvsx9y9w1x9v80.le.lpb
chara_monster,chara/npc/monster/gargoyle/gargoylenormalanimaobjb,chara,231,218,118,True,True,0,,C:\Program Files (x86)\SquareEnix\FINAL FANTASY XIV\client\script\729s9\wu7\xvwrq5s\39s3vly5\39s3vly5wvsx9y9w1x9v808.le.lpb
chara_monster,chara/npc/monster/gargoyle/gargoylenormaljobarm,chara,228,215,115,True,True,0,,C:\Program Files (x86)\SquareEnix\FINAL FANTASY XIV\client\script\729s9\wu7\xvwrq5s\39s3vly5\39s3vly5wvsx9y0v89sx.le.lpb
chara_monster,chara/npc/monster/gargoyle/gargoylenormalstandard,chara,230,217,117,True,True,0,,C:\Program Files (x86)\SquareEnix\FINAL FANTASY XIV\client\script\729s9\wu7\xvwrq5s\39s3vly5\39s3vly5wvsx9yrq9w69s6.le.lpb
chara_monster,chara/npc/monster/garuda/garudabaseclass,chara,216,203,103,True,True,0,,C:\Program Files (x86)\SquareEnix\FINAL FANTASY XIV\client\script\729s9\wu7\xvwrq5s\39sp69\39sp6989r57y9rr.le.lpb
chara_monster,chara/npc/monster/garuda/garudafeather,chara,210,197,97,True,True,0,,C:\Program Files (x86)\SquareEnix\FINAL FANTASY XIV\client\script\729s9\wu7\xvwrq5s\39sp69\39sp69459q25s.le.lpb
chara_monster,chara/npc/monster/garuda/garudalesser,chara,214,201,101,True,True,0,,C:\Program Files (x86)\SquareEnix\FINAL FANTASY XIV\client\script\729s9\wu7\xvwrq5s\39sp69\39sp69y5rr5s.le.lpb
chara_monster,chara/npc/monster/garuda/garudamiragenormal,chara,220,207,107,True,True,0,,C:\Program Files (x86)\SquareEnix\FINAL FANTASY XIV\client\script\729s9\wu7\xvwrq5s\39sp69\39sp69x1s935wvsx9y.le.lpb
chara_monster,chara/npc/monster/garuda/garudanormal,chara,214,201,101,True,True,0,,C:\Program Files (x86)\SquareEnix\FINAL FANTASY XIV\client\script\729s9\wu7\xvwrq5s\39sp69\39sp69wvsx9y.le.lpb
chara_monster,chara/npc/monster/gigantoad/gigantoadbaseclass,chara,219,206,106,True,True,0,,C:\Program Files (x86)\SquareEnix\FINAL FANTASY XIV\client\script\729s9\wu7\xvwrq5s\3139wqv96\3139wqv9689r57y9rr.le.lpb
chara_monster,chara/npc/monster/gigantoad/gigantoadlesser,chara,226,213,113,True,True,0,,C:\Program Files (x86)\SquareEnix\FINAL FANTASY XIV\client\script\729s9\wu7\xvwrq5s\3139wqv96\3139wqv96y5rr5s.le.lpb
chara_monster,chara/npc/monster/gigantoad/gigantoadlesserstandard,chara,234,221,121,True,True,0,,C:\Program Files (x86)\SquareEnix\FINAL FANTASY XIV\client\script\729s9\wu7\xvwrq5s\3139wqv96\3139wqv96y5rr5srq9w69s6.le.lpb
chara_monster,chara/npc/monster/gigantoad/gigantoadnormal,chara,226,213,113,True,True,0,,C:\Program Files (x86)\SquareEnix\FINAL FANTASY XIV\client\script\729s9\wu7\xvwrq5s\3139wqv96\3139wqv96wvsx9y.le.lpb
chara_monster,chara/npc/monster/gigantoad/gigantoadnormalstandard,chara,234,221,121,True,True,0,,C:\Program Files (x86)\SquareEnix\FINAL FANTASY XIV\client\script\729s9\wu7\xvwrq5s\3139wqv96\3139wqv96wvsx9yrq9w69s6.le.lpb
chara_monster,chara/npc/monster/gigantoad/gigantoadstandard,chara,228,215,115,True,True,0,,C:\Program Files (x86)\SquareEnix\FINAL FANTASY XIV\client\script\729s9\wu7\xvwrq5s\3139wqv96\3139wqv96rq9w69s6.le.lpb
chara_monster,chara/npc/monster/gnole/gnolebaseclass,chara,215,202,102,True,True,0,,C:\Program Files (x86)\SquareEnix\FINAL FANTASY XIV\client\script\729s9\wu7\xvwrq5s\3wvy5\3wvy589r57y9rr.le.lpb
chara_monster,chara/npc/monster/gnole/gnoleconattacklesserstd,chara,238,225,125,True,True,0,,C:\Program Files (x86)\SquareEnix\FINAL FANTASY XIV\client\script\729s9\wu7\xvwrq5s\3wvy5\3wvy57vw9qq97zy5rr5srq6.le.lpb
chara_monster,chara/npc/monster/gnole/gnoleconattacknormalstd,chara,238,225,125,True,True,0,,C:\Program Files (x86)\SquareEnix\FINAL FANTASY XIV\client\script\729s9\wu7\xvwrq5s\3wvy5\3wvy57vw9qq97zwvsx9yrq6.le.lpb
chara_monster,chara/npc/monster/gnole/gnoleconcctrllesserstd,chara,237,224,124,True,True,0,,C:\Program Files (x86)\SquareEnix\FINAL FANTASY XIV\client\script\729s9\wu7\xvwrq5s\3wvy5\3wvy57vw77qsyy5rr5srq6.le.lpb
chara_monster,chara/npc/monster/gnole/gnoleconcctrlnormalstd,chara,237,224,124,True,True,0,,C:\Program Files (x86)\SquareEnix\FINAL FANTASY XIV\client\script\729s9\wu7\xvwrq5s\3wvy5\3wvy57vw77qsywvsx9yrq6.le.lpb
chara_monster,chara/npc/monster/gnole/gnoleconheallesserstd,chara,236,223,123,True,True,0,,C:\Program Files (x86)\SquareEnix\FINAL FANTASY XIV\client\script\729s9\wu7\xvwrq5s\3wvy5\3wvy57vw259yy5rr5srq6.le.lpb
chara_monster,chara/npc/monster/gnole/gnoleconhealnormalstd,chara,236,223,123,True,True,0,,C:\Program Files (x86)\SquareEnix\FINAL FANTASY XIV\client\script\729s9\wu7\xvwrq5s\3wvy5\3wvy57vw259ywvsx9yrq6.le.lpb
chara_monster,chara/npc/monster/gnole/gnoleconjurerbaseclass,chara,225,212,112,True,True,0,,C:\Program Files (x86)\SquareEnix\FINAL FANTASY XIV\client\script\729s9\wu7\xvwrq5s\3wvy5\3wvy57vw0ps5s89r57y9rr.le.lpb
chara_monster,chara/npc/monster/gnole/gnoleconjurerpublicfortguard01,chara,245,232,132,True,True,0,,C:\Program Files (x86)\SquareEnix\FINAL FANTASY XIV\client\script\729s9\wu7\xvwrq5s\3wvy5\3wvy57vw0ps5sup8y174vsq3p9s6ji.le.lpb
chara_monster,chara/npc/monster/gnole/gnoleconjurerstandard,chara,220,207,107,True,True,0,,C:\Program Files (x86)\SquareEnix\FINAL FANTASY XIV\client\script\729s9\wu7\xvwrq5s\3wvy5\3wvy57vw0ps5srq9w69s6.le.lpb
chara_monster,chara/npc/monster/gnole/gnolegladiatorhamletstd,chara,222,209,109,True,True,0,,C:\Program Files (x86)\SquareEnix\FINAL FANTASY XIV\client\script\729s9\wu7\xvwrq5s\3wvy5\3wvy53y9619qvs29xy5qrq6.le.lpb
chara_monster,chara/npc/monster/gnole/gnolegladiatorjobarmstd,chara,222,209,109,True,True,0,,C:\Program Files (x86)\SquareEnix\FINAL FANTASY XIV\client\script\729s9\wu7\xvwrq5s\3wvy5\3wvy53y9619qvs0v89sxrq6.le.lpb
chara_monster,chara/npc/monster/gnole/gnolegladiatorlesserstd,chara,222,209,109,True,True,0,,C:\Program Files (x86)\SquareEnix\FINAL FANTASY XIV\client\script\729s9\wu7\xvwrq5s\3wvy5\3wvy53y9619qvsy5rr5srq6.le.lpb
chara_monster,chara/npc/monster/gnole/gnolegladiatornormalstd,chara,222,209,109,True,True,0,,C:\Program Files (x86)\SquareEnix\FINAL FANTASY XIV\client\script\729s9\wu7\xvwrq5s\3wvy5\3wvy53y9619qvswvsx9yrq6.le.lpb
chara_monster,chara/npc/monster/gnole/gnolegladiatorpublicfortguard01,chara,230,217,117,True,True,0,,C:\Program Files (x86)\SquareEnix\FINAL FANTASY XIV\client\script\729s9\wu7\xvwrq5s\3wvy5\3wvy53y9619qvsup8y174vsq3p9s6ji.le.lpb
chara_monster,chara/npc/monster/gnole/gnolegladiatorstandard,chara,221,208,108,True,True,0,,C:\Program Files (x86)\SquareEnix\FINAL FANTASY XIV\client\script\729s9\wu7\xvwrq5s\3wvy5\3wvy53y9619qvsrq9w69s6.le.lpb
chara_monster,chara/npc/monster/gnole/gnolemarauderhamletstd,chara,221,208,108,True,True,0,,C:\Program Files (x86)\SquareEnix\FINAL FANTASY XIV\client\script\729s9\wu7\xvwrq5s\3wvy5\3wvy5x9s9p65s29xy5qrq6.le.lpb
chara_monster,chara/npc/monster/gnole/gnolemarauderjobarmstd,chara,221,208,108,True,True,0,,C:\Program Files (x86)\SquareEnix\FINAL FANTASY XIV\client\script\729s9\wu7\xvwrq5s\3wvy5\3wvy5x9s9p65s0v89sxrq6.le.lpb
chara_monster,chara/npc/monster/gnole/gnolemarauderlesserstd,chara,221,208,108,True,True,0,,C:\Program Files (x86)\SquareEnix\FINAL FANTASY XIV\client\script\729s9\wu7\xvwrq5s\3wvy5\3wvy5x9s9p65sy5rr5srq6.le.lpb
chara_monster,chara/npc/monster/gnole/gnolemaraudernormalstd,chara,221,208,108,True,True,0,,C:\Program Files (x86)\SquareEnix\FINAL FANTASY XIV\client\script\729s9\wu7\xvwrq5s\3wvy5\3wvy5x9s9p65swvsx9yrq6.le.lpb
chara_monster,chara/npc/monster/gnole/gnolemarauderpublicfortguard01,chara,229,216,116,True,True,0,,C:\Program Files (x86)\SquareEnix\FINAL FANTASY XIV\client\script\729s9\wu7\xvwrq5s\3wvy5\3wvy5x9s9p65sup8y174vsq3p9s6ji.le.lpb
chara_monster,chara/npc/monster/gnole/gnolemarauderstandard,chara,220,207,107,True,True,0,,C:\Program Files (x86)\SquareEnix\FINAL FANTASY XIV\client\script\729s9\wu7\xvwrq5s\3wvy5\3wvy5x9s9p65srq9w69s6.le.lpb
chara_monster,chara/npc/monster/gnole/gnolestandard,chara,212,199,99,True,True,0,,C:\Program Files (x86)\SquareEnix\FINAL FANTASY XIV\client\script\729s9\wu7\xvwrq5s\3wvy5\3wvy5rq9w69s6.le.lpb
chara_monster,chara/npc/monster/gnole/gnolethaumaturge,chara,215,202,102,True,True,0,,C:\Program Files (x86)\SquareEnix\FINAL FANTASY XIV\client\script\729s9\wu7\xvwrq5s\3wvy5\3wvy5q29px9qps35.le.lpb
chara_monster,chara/npc/monster/gnole/gnolethaumaturgebaseclass,chara,228,215,115,True,True,0,,C:\Program Files (x86)\SquareEnix\FINAL FANTASY XIV\client\script\729s9\wu7\xvwrq5s\3wvy5\3wvy5q29px9qps3589r57y9rr.le.lpb
chara_monster,chara/npc/monster/gnole/gnolethaumaturgepublicfortnm01,chara,251,238,138,True,True,0,,C:\Program Files (x86)\SquareEnix\FINAL FANTASY XIV\client\script\729s9\wu7\xvwrq5s\3wvy5\3wvy5q29px9qps35up8y174vsqwxji.le.lpb
chara_monster,chara/npc/monster/gnole/gnolethaumaturgestandard,chara,223,210,110,True,True,0,,C:\Program Files (x86)\SquareEnix\FINAL FANTASY XIV\client\script\729s9\wu7\xvwrq5s\3wvy5\3wvy5q29px9qps35rq9w69s6.le.lpb
chara_monster,chara/npc/monster/gnole/gnolethmabsorblesserstd,chara,244,231,131,True,True,0,,C:\Program Files (x86)\SquareEnix\FINAL FANTASY XIV\client\script\729s9\wu7\xvwrq5s\3wvy5\3wvy5q2x98rvs8y5rr5srq6.le.lpb
chara_monster,chara/npc/monster/gnole/gnolethmabsorbnormalstd,chara,244,231,131,True,True,0,,C:\Program Files (x86)\SquareEnix\FINAL FANTASY XIV\client\script\729s9\wu7\xvwrq5s\3wvy5\3wvy5q2x98rvs8wvsx9yrq6.le.lpb
chara_monster,chara/npc/monster/gnole/gnolethmattackhamletnm,chara,243,230,130,True,True,0,,C:\Program Files (x86)\SquareEnix\FINAL FANTASY XIV\client\script\729s9\wu7\xvwrq5s\3wvy5\3wvy5q2x9qq97z29xy5qwx.le.lpb
chara_monster,chara/npc/monster/gnole/gnolethmattackhamletstd,chara,244,231,131,True,True,0,,C:\Program Files (x86)\SquareEnix\FINAL FANTASY XIV\client\script\729s9\wu7\xvwrq5s\3wvy5\3wvy5q2x9qq97z29xy5qrq6.le.lpb
chara_monster,chara/npc/monster/gnole/gnolethmattackjobarmstd,chara,244,231,131,True,True,0,,C:\Program Files (x86)\SquareEnix\FINAL FANTASY XIV\client\script\729s9\wu7\xvwrq5s\3wvy5\3wvy5q2x9qq97z0v89sxrq6.le.lpb
chara_monster,chara/npc/monster/gnole/gnolethmattacklesserstd,chara,244,231,131,True,True,0,,C:\Program Files (x86)\SquareEnix\FINAL FANTASY XIV\client\script\729s9\wu7\xvwrq5s\3wvy5\3wvy5q2x9qq97zy5rr5srq6.le.lpb
chara_monster,chara/npc/monster/gnole/gnolethmattacknormalstd,chara,244,231,131,True,True,0,,C:\Program Files (x86)\SquareEnix\FINAL FANTASY XIV\client\script\729s9\wu7\xvwrq5s\3wvy5\3wvy5q2x9qq97zwvsx9yrq6.le.lpb
chara_monster,chara/npc/monster/gnole/gnolethmdebufflesserstd,chara,244,231,131,True,True,0,,C:\Program Files (x86)\SquareEnix\FINAL FANTASY XIV\client\script\729s9\wu7\xvwrq5s\3wvy5\3wvy5q2x658p44y5rr5srq6.le.lpb
chara_monster,chara/npc/monster/gnole/gnolethmdebuffnormalstd,chara,244,231,131,True,True,0,,C:\Program Files (x86)\SquareEnix\FINAL FANTASY XIV\client\script\729s9\wu7\xvwrq5s\3wvy5\3wvy5q2x658p44wvsx9yrq6.le.lpb
chara_monster,chara/npc/monster/goblin/goblinbaseclass,chara,216,203,103,True,True,0,,C:\Program Files (x86)\SquareEnix\FINAL FANTASY XIV\client\script\729s9\wu7\xvwrq5s\3v8y1w\3v8y1w89r57y9rr.le.lpb
chara_monster,chara/npc/monster/goblin/goblinbommerglanm,chara,219,206,106,True,True,0,,C:\Program Files (x86)\SquareEnix\FINAL FANTASY XIV\client\script\729s9\wu7\xvwrq5s\3v8y1w\3v8y1w8vxx5s3y9wx.le.lpb
chara_monster,chara/npc/monster/goblin/goblinbommerglanmmob,chara,222,209,109,True,True,0,,C:\Program Files (x86)\SquareEnix\FINAL FANTASY XIV\client\script\729s9\wu7\xvwrq5s\3v8y1w\3v8y1w8vxx5s3y9wxxv8.le.lpb
chara_monster,chara/npc/monster/goblin/goblinbommerglastandard,chara,225,212,112,True,True,0,,C:\Program Files (x86)\SquareEnix\FINAL FANTASY XIV\client\script\729s9\wu7\xvwrq5s\3v8y1w\3v8y1w8vxx5s3y9rq9w69s6.le.lpb
chara_monster,chara/npc/monster/golem/golembaseclass,chara,215,202,102,True,True,0,,C:\Program Files (x86)\SquareEnix\FINAL FANTASY XIV\client\script\729s9\wu7\xvwrq5s\3vy5x\3vy5x89r57y9rr.le.lpb
chara_monster,chara/npc/monster/golem/golemlessernmrush,chara,216,203,103,True,True,0,,C:\Program Files (x86)\SquareEnix\FINAL FANTASY XIV\client\script\729s9\wu7\xvwrq5s\3vy5x\3vy5xy5rr5swxspr2.le.lpb
chara_monster,chara/npc/monster/golem/golemlesserstandard,chara,218,205,105,True,True,0,,C:\Program Files (x86)\SquareEnix\FINAL FANTASY XIV\client\script\729s9\wu7\xvwrq5s\3vy5x\3vy5xy5rr5srq9w69s6.le.lpb
chara_monster,chara/npc/monster/golem/golemwhitegeneral,chara,216,203,103,True,True,0,,C:\Program Files (x86)\SquareEnix\FINAL FANTASY XIV\client\script\729s9\wu7\xvwrq5s\3vy5x\3vy5xn21q535w5s9y.le.lpb
chara_monster,chara/npc/monster/golem/golemwhitegeneralnormal,chara,222,209,109,True,True,0,,C:\Program Files (x86)\SquareEnix\FINAL FANTASY XIV\client\script\729s9\wu7\xvwrq5s\3vy5x\3vy5xn21q535w5s9ywvsx9y.le.lpb
chara_monster,chara/npc/monster/golem/golemwhitegeneralnormal2,chara,223,210,110,True,True,0,,C:\Program Files (x86)\SquareEnix\FINAL FANTASY XIV\client\script\729s9\wu7\xvwrq5s\3vy5x\3vy5xn21q535w5s9ywvsx9yh.le.lpb
chara_monster,chara/npc/monster/goobbue/goobbuebaseclass,chara,217,204,104,True,True,0,,C:\Program Files (x86)\SquareEnix\FINAL FANTASY XIV\client\script\729s9\wu7\xvwrq5s\3vv88p5\3vv88p589r57y9rr.le.lpb
chara_monster,chara/npc/monster/goobbue/goobbuelesser,chara,218,205,105,True,True,0,,C:\Program Files (x86)\SquareEnix\FINAL FANTASY XIV\client\script\729s9\wu7\xvwrq5s\3vv88p5\3vv88p5y5rr5s.le.lpb
chara_monster,chara/npc/monster/goobbue/goobbuelesserscenariouldahlv00,chara,235,222,122,True,True,0,,C:\Program Files (x86)\SquareEnix\FINAL FANTASY XIV\client\script\729s9\wu7\xvwrq5s\3vv88p5\3vv88p5y5rr5sr75w9s1vpy692yojj.le.lpb
chara_monster,chara/npc/monster/goobbue/goobbuelesserstandard,chara,226,213,113,True,True,0,,C:\Program Files (x86)\SquareEnix\FINAL FANTASY XIV\client\script\729s9\wu7\xvwrq5s\3vv88p5\3vv88p5y5rr5srq9w69s6.le.lpb
chara_monster,chara/npc/monster/goobbue/goobbuepublicfortpet01,chara,227,214,114,True,True,0,,C:\Program Files (x86)\SquareEnix\FINAL FANTASY XIV\client\script\729s9\wu7\xvwrq5s\3vv88p5\3vv88p5up8y174vsqu5qji.le.lpb
chara_monster,chara/npc/monster/goobbue/goobbuestandard,chara,220,207,107,True,True,0,,C:\Program Files (x86)\SquareEnix\FINAL FANTASY XIV\client\script\729s9\wu7\xvwrq5s\3vv88p5\3vv88p5rq9w69s6.le.lpb
chara_monster,chara/npc/monster/griffin/griffinbaseclass,chara,217,204,104,True,True,0,,C:\Program Files (x86)\SquareEnix\FINAL FANTASY XIV\client\script\729s9\wu7\xvwrq5s\3s1441w\3s1441w89r57y9rr.le.lpb
chara_monster,chara/npc/monster/griffin/griffinlesserstandard,chara,226,213,113,True,True,0,,C:\Program Files (x86)\SquareEnix\FINAL FANTASY XIV\client\script\729s9\wu7\xvwrq5s\3s1441w\3s1441wy5rr5srq9w69s6.le.lpb
chara_monster,chara/npc/monster/griffin/griffinnormalstandard,chara,226,213,113,True,True,0,,C:\Program Files (x86)\SquareEnix\FINAL FANTASY XIV\client\script\729s9\wu7\xvwrq5s\3s1441w\3s1441wwvsx9yrq9w69s6.le.lpb
chara_monster,chara/npc/monster/griffin/griffinstandard,chara,220,207,107,True,True,0,,C:\Program Files (x86)\SquareEnix\FINAL FANTASY XIV\client\script\729s9\wu7\xvwrq5s\3s1441w\3s1441wrq9w69s6.le.lpb
chara_monster,chara/npc/monster/hamletguard/hamletguardarcherstd,chara,237,224,124,True,True,0,,C:\Program Files (x86)\SquareEnix\FINAL FANTASY XIV\client\script\729s9\wu7\xvwrq5s\29xy5q3p9s6\29xy5q3p9s69s725srq6.le.lpb
chara_monster,chara/npc/monster/hamletguard/hamletguardbaseclass,chara,312,299,199,True,True,0,,C:\Program Files (x86)\SquareEnix\FINAL FANTASY XIV\client\script\729s9\wu7\xvwrq5s\29xy5q3p9s6\29xy5q3p9s689r57y9rr.le.lpb
chara_monster,chara/npc/monster/hamletguard/hamletguardgladiatorstd,chara,240,227,127,True,True,0,,C:\Program Files (x86)\SquareEnix\FINAL FANTASY XIV\client\script\729s9\wu7\xvwrq5s\29xy5q3p9s6\29xy5q3p9s63y9619qvsrq6.le.lpb
chara_monster,chara/npc/monster/ifrit/ifritaid,chara,306,293,194,True,True,0,,C:\Program Files (x86)\SquareEnix\FINAL FANTASY XIV\client\script\729s9\wu7\xvwrq5s\14s1q\14s1q916.le.lpb
chara_monster,chara/npc/monster/ifrit/ifritanchor,chara,210,197,97,True,True,0,,C:\Program Files (x86)\SquareEnix\FINAL FANTASY XIV\client\script\729s9\wu7\xvwrq5s\14s1q\14s1q9w72vs.le.lpb
chara_monster,chara/npc/monster/ifrit/ifritbaseclass,chara,215,202,102,True,True,0,,C:\Program Files (x86)\SquareEnix\FINAL FANTASY XIV\client\script\729s9\wu7\xvwrq5s\14s1q\14s1q89r57y9rr.le.lpb
chara_monster,chara/npc/monster/ifrit/ifritdummy,chara,308,295,198,True,True,0,,C:\Program Files (x86)\SquareEnix\FINAL FANTASY XIV\client\script\729s9\wu7\xvwrq5s\14s1q\14s1q6pxxl.le.lpb
chara_monster,chara/npc/monster/ifrit/ifritdummy001,chara,212,199,99,True,True,0,,C:\Program Files (x86)\SquareEnix\FINAL FANTASY XIV\client\script\729s9\wu7\xvwrq5s\14s1q\14s1q6pxxljji.le.lpb
chara_monster,chara/npc/monster/ifrit/ifritdummy002,chara,212,199,99,True,True,0,,C:\Program Files (x86)\SquareEnix\FINAL FANTASY XIV\client\script\729s9\wu7\xvwrq5s\14s1q\14s1q6pxxljjh.le.lpb
chara_monster,chara/npc/monster/ifrit/ifrithotair,chara,309,296,200,True,True,0,,C:\Program Files (x86)\SquareEnix\FINAL FANTASY XIV\client\script\729s9\wu7\xvwrq5s\14s1q\14s1q2vq91s.le.lpb
chara_monster,chara/npc/monster/ifrit/ifrithyper,chara,219,206,106,True,True,0,,C:\Program Files (x86)\SquareEnix\FINAL FANTASY XIV\client\script\729s9\wu7\xvwrq5s\14s1q\14s1q2lu5s.le.lpb
chara_monster,chara/npc/monster/ifrit/ifrithyperanchor,chara,324,311,220,True,True,0,,C:\Program Files (x86)\SquareEnix\FINAL FANTASY XIV\client\script\729s9\wu7\xvwrq5s\14s1q\14s1q2lu5s9w72vs.le.lpb
chara_monster,chara/npc/monster/ifrit/ifrithyperbaseclass,chara,220,207,107,True,True,0,,C:\Program Files (x86)\SquareEnix\FINAL FANTASY XIV\client\script\729s9\wu7\xvwrq5s\14s1q\14s1q2lu5s89r57y9rr.le.lpb
chara_monster,chara/npc/monster/ifrit/ifrithyperdummy,chara,323,310,218,True,True,0,,C:\Program Files (x86)\SquareEnix\FINAL FANTASY XIV\client\script\729s9\wu7\xvwrq5s\14s1q\14s1q2lu5s6pxxl.le.lpb
chara_monster,chara/npc/monster/ifrit/ifritnormal,chara,210,197,97,True,True,0,,C:\Program Files (x86)\SquareEnix\FINAL FANTASY XIV\client\script\729s9\wu7\xvwrq5s\14s1q\14s1qwvsx9y.le.lpb
chara_monster,chara/npc/monster/imp/impbaseclass,chara,213,200,100,True,True,0,,C:\Program Files (x86)\SquareEnix\FINAL FANTASY XIV\client\script\729s9\wu7\xvwrq5s\1xu\1xu89r57y9rr.le.lpb
chara_monster,chara/npc/monster/imp/implesserstandard,chara,210,197,97,True,True,0,,C:\Program Files (x86)\SquareEnix\FINAL FANTASY XIV\client\script\729s9\wu7\xvwrq5s\1xu\1xuy5rr5srq9w69s6.le.lpb
chara_monster,chara/npc/monster/imp/impnormalanimaobj,chara,210,197,97,True,True,0,,C:\Program Files (x86)\SquareEnix\FINAL FANTASY XIV\client\script\729s9\wu7\xvwrq5s\1xu\1xuwvsx9y9w1x9v80.le.lpb
chara_monster,chara/npc/monster/imp/impnormalanimaobjb,chara,211,198,98,True,True,0,,C:\Program Files (x86)\SquareEnix\FINAL FANTASY XIV\client\script\729s9\wu7\xvwrq5s\1xu\1xuwvsx9y9w1x9v808.le.lpb
chara_monster,chara/npc/monster/imp/impnormalnm,chara,204,191,91,True,True,0,,C:\Program Files (x86)\SquareEnix\FINAL FANTASY XIV\client\script\729s9\wu7\xvwrq5s\1xu\1xuwvsx9ywx.le.lpb
chara_monster,chara/npc/monster/imp/impnormalstandard,chara,210,197,97,True,True,0,,C:\Program Files (x86)\SquareEnix\FINAL FANTASY XIV\client\script\729s9\wu7\xvwrq5s\1xu\1xuwvsx9yrq9w69s6.le.lpb
chara_monster,chara/npc/monster/imp/impstandard,chara,204,191,91,True,True,0,,C:\Program Files (x86)\SquareEnix\FINAL FANTASY XIV\client\script\729s9\wu7\xvwrq5s\1xu\1xurq9w69s6.le.lpb
chara_monster,chara/npc/monster/jellyfish/jellyfishbaseclass,chara,219,206,106,True,True,0,,C:\Program Files (x86)\SquareEnix\FINAL FANTASY XIV\client\script\729s9\wu7\xvwrq5s\05yyl41r2\05yyl41r289r57y9rr.le.lpb
chara_monster,chara/npc/monster/jellyfish/jellyfishlesserstandard,chara,234,221,121,True,True,0,,C:\Program Files (x86)\SquareEnix\FINAL FANTASY XIV\client\script\729s9\wu7\xvwrq5s\05yyl41r2\05yyl41r2y5rr5srq9w69s6.le.lpb
chara_monster,chara/npc/monster/jellyfish/jellyfishnormalstandard,chara,234,221,121,True,True,0,,C:\Program Files (x86)\SquareEnix\FINAL FANTASY XIV\client\script\729s9\wu7\xvwrq5s\05yyl41r2\05yyl41r2wvsx9yrq9w69s6.le.lpb
chara_monster,chara/npc/monster/jellyfish/jellyfishscenariolimsalv00,chara,237,224,124,True,True,0,,C:\Program Files (x86)\SquareEnix\FINAL FANTASY XIV\client\script\729s9\wu7\xvwrq5s\05yyl41r2\05yyl41r2r75w9s1vy1xr9yojj.le.lpb
chara_monster,chara/npc/monster/jellyfish/jellyfishstandard,chara,228,215,115,True,True,0,,C:\Program Files (x86)\SquareEnix\FINAL FANTASY XIV\client\script\729s9\wu7\xvwrq5s\05yyl41r2\05yyl41r2rq9w69s6.le.lpb
chara_monster,chara/npc/monster/kesaranpasaran/kesaranpasaranbaseclass,chara,224,211,111,True,True,0,,C:\Program Files (x86)\SquareEnix\FINAL FANTASY XIV\client\script\729s9\wu7\xvwrq5s\z5r9s9wu9r9s9w\z5r9s9wu9r9s9w89r57y9rr.le.lpb
chara_monster,chara/npc/monster/kesaranpasaran/kesaranpasaranstandard,chara,248,235,135,True,True,0,,C:\Program Files (x86)\SquareEnix\FINAL FANTASY XIV\client\script\729s9\wu7\xvwrq5s\z5r9s9wu9r9s9w\z5r9s9wu9r9s9wrq9w69s6.le.lpb
chara_monster,chara/npc/monster/khimaira/khimairabaseclass,chara,218,205,105,True,True,0,,C:\Program Files (x86)\SquareEnix\FINAL FANTASY XIV\client\script\729s9\wu7\xvwrq5s\z21x91s9\z21x91s989r57y9rr.le.lpb
chara_monster,chara/npc/monster/khimaira/khimairalesserstandard,chara,230,217,117,True,True,0,,C:\Program Files (x86)\SquareEnix\FINAL FANTASY XIV\client\script\729s9\wu7\xvwrq5s\z21x91s9\z21x91s9y5rr5srq9w69s6.le.lpb
chara_monster,chara/npc/monster/khimaira/khimairanormalnmrush,chara,228,215,115,True,True,0,,C:\Program Files (x86)\SquareEnix\FINAL FANTASY XIV\client\script\729s9\wu7\xvwrq5s\z21x91s9\z21x91s9wvsx9ywxspr2.le.lpb
chara_monster,chara/npc/monster/khimaira/khimairanormalstandard,chara,230,217,117,True,True,0,,C:\Program Files (x86)\SquareEnix\FINAL FANTASY XIV\client\script\729s9\wu7\xvwrq5s\z21x91s9\z21x91s9wvsx9yrq9w69s6.le.lpb
chara_monster,chara/npc/monster/killermachine/killermachinebaseclass,chara,223,210,110,True,True,0,,C:\Program Files (x86)\SquareEnix\FINAL FANTASY XIV\client\script\729s9\wu7\xvwrq5s\z1yy5sx9721w5\z1yy5sx9721w589r57y9rr.le.lpb
chara_monster,chara/npc/monster/killermachine/killermachinelesserfactionemp,chara,252,239,139,True,True,0,,C:\Program Files (x86)\SquareEnix\FINAL FANTASY XIV\client\script\729s9\wu7\xvwrq5s\z1yy5sx9721w5\z1yy5sx9721w5y5rr5s497q1vw5xu.le.lpb
chara_monster,chara/npc/monster/killermachine/killermachinelesserfactionemp1,chara,253,240,140,True,True,0,,C:\Program Files (x86)\SquareEnix\FINAL FANTASY XIV\client\script\729s9\wu7\xvwrq5s\z1yy5sx9721w5\z1yy5sx9721w5y5rr5s497q1vw5xui.le.lpb
chara_monster,chara/npc/monster/killermachine/killermachinelesserfactionemp2,chara,253,240,140,True,True,0,,C:\Program Files (x86)\SquareEnix\FINAL FANTASY XIV\client\script\729s9\wu7\xvwrq5s\z1yy5sx9721w5\z1yy5sx9721w5y5rr5s497q1vw5xuh.le.lpb
chara_monster,chara/npc/monster/killermachine/killermachinelesserfort001,chara,249,236,136,True,True,0,,C:\Program Files (x86)\SquareEnix\FINAL FANTASY XIV\client\script\729s9\wu7\xvwrq5s\z1yy5sx9721w5\z1yy5sx9721w5y5rr5s4vsqjji.le.lpb
chara_monster,chara/npc/monster/killermachine/killermachinelessergcx103,chara,248,235,135,True,True,0,,C:\Program Files (x86)\SquareEnix\FINAL FANTASY XIV\client\script\729s9\wu7\xvwrq5s\z1yy5sx9721w5\z1yy5sx9721w5y5rr5s37mijg.le.lpb
chara_monster,chara/npc/monster/killermachine/killermachinelesserstandard,chara,250,237,137,True,True,0,,C:\Program Files (x86)\SquareEnix\FINAL FANTASY XIV\client\script\729s9\wu7\xvwrq5s\z1yy5sx9721w5\z1yy5sx9721w5y5rr5srq9w69s6.le.lpb
chara_monster,chara/npc/monster/killermachine/killermachinenormalfortnm001,chara,251,238,138,True,True,0,,C:\Program Files (x86)\SquareEnix\FINAL FANTASY XIV\client\script\729s9\wu7\xvwrq5s\z1yy5sx9721w5\z1yy5sx9721w5wvsx9y4vsqwxjji.le.lpb
chara_monster,chara/npc/monster/killermachine/killermachinenormalgcx105,chara,248,235,135,True,True,0,,C:\Program Files (x86)\SquareEnix\FINAL FANTASY XIV\client\script\729s9\wu7\xvwrq5s\z1yy5sx9721w5\z1yy5sx9721w5wvsx9y37mije.le.lpb
chara_monster,chara/npc/monster/killermachine/killermachinenormalgmevent123,chara,252,239,139,True,True,0,,C:\Program Files (x86)\SquareEnix\FINAL FANTASY XIV\client\script\729s9\wu7\xvwrq5s\z1yy5sx9721w5\z1yy5sx9721w5wvsx9y3x5o5wqihg.le.lpb
chara_monster,chara/npc/monster/killermachine/killermachinenormalstandard,chara,250,237,137,True,True,0,,C:\Program Files (x86)\SquareEnix\FINAL FANTASY XIV\client\script\729s9\wu7\xvwrq5s\z1yy5sx9721w5\z1yy5sx9721w5wvsx9yrq9w69s6.le.lpb
chara_monster,chara/npc/monster/kujata/kujatabaseclass,chara,216,203,103,True,True,0,,C:\Program Files (x86)\SquareEnix\FINAL FANTASY XIV\client\script\729s9\wu7\xvwrq5s\zp09q9\zp09q989r57y9rr.le.lpb
chara_monster,chara/npc/monster/kujata/kujatahornedglnm,chara,218,205,105,True,True,0,,C:\Program Files (x86)\SquareEnix\FINAL FANTASY XIV\client\script\729s9\wu7\xvwrq5s\zp09q9\zp09q92vsw563ywx.le.lpb
chara_monster,chara/npc/monster/kujata/kujatahornednm,chara,216,203,103,True,True,0,,C:\Program Files (x86)\SquareEnix\FINAL FANTASY XIV\client\script\729s9\wu7\xvwrq5s\zp09q9\zp09q92vsw56wx.le.lpb
chara_monster,chara/npc/monster/kujata/kujatahornednmrush,chara,220,207,107,True,True,0,,C:\Program Files (x86)\SquareEnix\FINAL FANTASY XIV\client\script\729s9\wu7\xvwrq5s\zp09q9\zp09q92vsw56wxspr2.le.lpb
chara_monster,chara/npc/monster/kujata/kujatahornedstandard,chara,222,209,109,True,True,0,,C:\Program Files (x86)\SquareEnix\FINAL FANTASY XIV\client\script\729s9\wu7\xvwrq5s\zp09q9\zp09q92vsw56rq9w69s6.le.lpb
chara_monster,chara/npc/monster/kujata/kujatahornedwar0j5,chara,220,207,107,True,True,0,,C:\Program Files (x86)\SquareEnix\FINAL FANTASY XIV\client\script\729s9\wu7\xvwrq5s\zp09q9\zp09q92vsw56n9sj0e.le.lpb
chara_monster,chara/npc/monster/lemming/glirulusstandard,chara,221,208,108,True,True,0,,C:\Program Files (x86)\SquareEnix\FINAL FANTASY XIV\client\script\729s9\wu7\xvwrq5s\y5xx1w3\3y1spyprrq9w69s6.le.lpb
chara_monster,chara/npc/monster/lemming/harestandard,chara,217,204,104,True,True,0,,C:\Program Files (x86)\SquareEnix\FINAL FANTASY XIV\client\script\729s9\wu7\xvwrq5s\y5xx1w3\29s5rq9w69s6.le.lpb
chara_monster,chara/npc/monster/lemming/lemmingbaseclass,chara,217,204,104,True,True,0,,C:\Program Files (x86)\SquareEnix\FINAL FANTASY XIV\client\script\729s9\wu7\xvwrq5s\y5xx1w3\y5xx1w389r57y9rr.le.lpb
chara_monster,chara/npc/monster/lemming/lemmingeventmoon2011,chara,225,212,112,True,True,0,,C:\Program Files (x86)\SquareEnix\FINAL FANTASY XIV\client\script\729s9\wu7\xvwrq5s\y5xx1w3\y5xx1w35o5wqxvvwhjii.le.lpb
chara_monster,chara/npc/monster/lemming/lemmingscenariomrdlv20,chara,227,214,114,True,True,0,,C:\Program Files (x86)\SquareEnix\FINAL FANTASY XIV\client\script\729s9\wu7\xvwrq5s\y5xx1w3\y5xx1w3r75w9s1vxs6yohj.le.lpb
chara_monster,chara/npc/monster/lemming/lemmingstandard,chara,220,207,107,True,True,0,,C:\Program Files (x86)\SquareEnix\FINAL FANTASY XIV\client\script\729s9\wu7\xvwrq5s\y5xx1w3\y5xx1w3rq9w69s6.le.lpb
chara_monster,chara/npc/monster/lemming/nuteaterstandard,chara,221,208,108,True,True,0,,C:\Program Files (x86)\SquareEnix\FINAL FANTASY XIV\client\script\729s9\wu7\xvwrq5s\y5xx1w3\wpq59q5srq9w69s6.le.lpb
chara_monster,chara/npc/monster/lentigo/lentigobaseclass,chara,316,303,212,True,True,0,,C:\Program Files (x86)\SquareEnix\FINAL FANTASY XIV\client\script\729s9\wu7\xvwrq5s\y5wq13v\y5wq13v89r57y9rr.le.lpb
chara_monster,chara/npc/monster/lentigo/lentigogarudatyphoon,chara,225,212,112,True,True,0,,C:\Program Files (x86)\SquareEnix\FINAL FANTASY XIV\client\script\729s9\wu7\xvwrq5s\y5wq13v\y5wq13v39sp69qlu2vvw.le.lpb
chara_monster,chara/npc/monster/lentigo/lentigomooglef0f4,chara,222,209,109,True,True,0,,C:\Program Files (x86)\SquareEnix\FINAL FANTASY XIV\client\script\729s9\wu7\xvwrq5s\y5wq13v\y5wq13vxvv3y54j4f.le.lpb
chara_monster,chara/npc/monster/lentigo/lentigowhitegeneralmeteor,chara,230,217,117,True,True,0,,C:\Program Files (x86)\SquareEnix\FINAL FANTASY XIV\client\script\729s9\wu7\xvwrq5s\y5wq13v\y5wq13vn21q535w5s9yx5q5vs.le.lpb
chara_monster,chara/npc/monster/lentigo/lentigowhitegeneralws,chara,226,213,113,True,True,0,,C:\Program Files (x86)\SquareEnix\FINAL FANTASY XIV\client\script\729s9\wu7\xvwrq5s\y5wq13v\y5wq13vn21q535w5s9ynr.le.lpb
chara_monster,chara/npc/monster/livingdead/livingdeadanimabaseclass,chara,225,212,112,True,True,0,,C:\Program Files (x86)\SquareEnix\FINAL FANTASY XIV\client\script\729s9\wu7\xvwrq5s\y1o1w36596\y1o1w365969w1x989r57y9rr.le.lpb
chara_monster,chara/npc/monster/livingdead/livingdeadbaseclass,chara,220,207,107,True,True,0,,C:\Program Files (x86)\SquareEnix\FINAL FANTASY XIV\client\script\729s9\wu7\xvwrq5s\y1o1w36596\y1o1w3659689r57y9rr.le.lpb
chara_monster,chara/npc/monster/livingdead/livingdeadlancer,chara,230,217,117,True,True,0,,C:\Program Files (x86)\SquareEnix\FINAL FANTASY XIV\client\script\729s9\wu7\xvwrq5s\y1o1w36596\y1o1w36596y9w75s.le.lpb
chara_monster,chara/npc/monster/livingdead/livingdeadlanceranimaobj,chara,248,235,135,True,True,0,,C:\Program Files (x86)\SquareEnix\FINAL FANTASY XIV\client\script\729s9\wu7\xvwrq5s\y1o1w36596\y1o1w36596y9w75s9w1x9v80.le.lpb
chara_monster,chara/npc/monster/livingdead/livingdeadlanceranimaobjb,chara,249,236,136,True,True,0,,C:\Program Files (x86)\SquareEnix\FINAL FANTASY XIV\client\script\729s9\wu7\xvwrq5s\y1o1w36596\y1o1w36596y9w75s9w1x9v808.le.lpb
chara_monster,chara/npc/monster/livingdead/livingdeadlancerpld0j1,chara,236,223,123,True,True,0,,C:\Program Files (x86)\SquareEnix\FINAL FANTASY XIV\client\script\729s9\wu7\xvwrq5s\y1o1w36596\y1o1w36596y9w75suy6j0i.le.lpb
chara_monster,chara/npc/monster/livingdead/livingdeadlancerstandard,chara,238,225,125,True,True,0,,C:\Program Files (x86)\SquareEnix\FINAL FANTASY XIV\client\script\729s9\wu7\xvwrq5s\y1o1w36596\y1o1w36596y9w75srq9w69s6.le.lpb
chara_monster,chara/npc/monster/livingdead/livingdeadstandard,chara,232,219,119,True,True,0,,C:\Program Files (x86)\SquareEnix\FINAL FANTASY XIV\client\script\729s9\wu7\xvwrq5s\y1o1w36596\y1o1w36596rq9w69s6.le.lpb
chara_monster,chara/npc/monster/livingdead/livingdeadthaumaturge,chara,235,222,122,True,True,0,,C:\Program Files (x86)\SquareEnix\FINAL FANTASY XIV\client\script\729s9\wu7\xvwrq5s\y1o1w36596\y1o1w36596q29px9qps35.le.lpb
chara_monster,chara/npc/monster/livingdead/livingdeadthaumaturgeanimaobj,chara,253,240,140,True,True,0,,C:\Program Files (x86)\SquareEnix\FINAL FANTASY XIV\client\script\729s9\wu7\xvwrq5s\y1o1w36596\y1o1w36596q29px9qps359w1x9v80.le.lpb
chara_monster,chara/npc/monster/livingdead/livingdeadthaumaturgeanimaobjb,chara,254,241,141,True,True,0,,C:\Program Files (x86)\SquareEnix\FINAL FANTASY XIV\client\script\729s9\wu7\xvwrq5s\y1o1w36596\y1o1w36596q29px9qps359w1x9v808.le.lpb
chara_monster,chara/npc/monster/livingdead/livingdeadthaumaturgehamlet,chara,241,228,128,True,True,0,,C:\Program Files (x86)\SquareEnix\FINAL FANTASY XIV\client\script\729s9\wu7\xvwrq5s\y1o1w36596\y1o1w36596q29px9qps3529xy5q.le.lpb
chara_monster,chara/npc/monster/livingdead/livingdeadthaumaturgepld0j1,chara,241,228,128,True,True,0,,C:\Program Files (x86)\SquareEnix\FINAL FANTASY XIV\client\script\729s9\wu7\xvwrq5s\y1o1w36596\y1o1w36596q29px9qps35uy6j0i.le.lpb
chara_monster,chara/npc/monster/livingdead/livingdeadthaumaturgestandard,chara,243,230,130,True,True,0,,C:\Program Files (x86)\SquareEnix\FINAL FANTASY XIV\client\script\729s9\wu7\xvwrq5s\y1o1w36596\y1o1w36596q29px9qps35rq9w69s6.le.lpb
chara_monster,chara/npc/monster/lizardman/lizardmanarcher,chara,226,213,113,True,True,0,,C:\Program Files (x86)\SquareEnix\FINAL FANTASY XIV\client\script\729s9\wu7\xvwrq5s\y1k9s6x9w\y1k9s6x9w9s725s.le.lpb
chara_monster,chara/npc/monster/lizardman/lizardmanarcherlesserstd,chara,235,222,122,True,True,0,,C:\Program Files (x86)\SquareEnix\FINAL FANTASY XIV\client\script\729s9\wu7\xvwrq5s\y1k9s6x9w\y1k9s6x9w9s725sy5rr5srq6.le.lpb
chara_monster,chara/npc/monster/lizardman/lizardmanarchernormalstd,chara,235,222,122,True,True,0,,C:\Program Files (x86)\SquareEnix\FINAL FANTASY XIV\client\script\729s9\wu7\xvwrq5s\y1k9s6x9w\y1k9s6x9w9s725swvsx9yrq6.le.lpb
chara_monster,chara/npc/monster/lizardman/lizardmanarcherstandard,chara,234,221,121,True,True,0,,C:\Program Files (x86)\SquareEnix\FINAL FANTASY XIV\client\script\729s9\wu7\xvwrq5s\y1k9s6x9w\y1k9s6x9w9s725srq9w69s6.le.lpb
chara_monster,chara/npc/monster/lizardman/lizardmanarcpublicfortguard01,chara,240,227,127,True,True,0,,C:\Program Files (x86)\SquareEnix\FINAL FANTASY XIV\client\script\729s9\wu7\xvwrq5s\y1k9s6x9w\y1k9s6x9w9s7up8y174vsq3p9s6ji.le.lpb
chara_monster,chara/npc/monster/lizardman/lizardmanbaseclass,chara,219,206,106,True,True,0,,C:\Program Files (x86)\SquareEnix\FINAL FANTASY XIV\client\script\729s9\wu7\xvwrq5s\y1k9s6x9w\y1k9s6x9w89r57y9rr.le.lpb
chara_monster,chara/npc/monster/lizardman/lizardmanlancer,chara,226,213,113,True,True,0,,C:\Program Files (x86)\SquareEnix\FINAL FANTASY XIV\client\script\729s9\wu7\xvwrq5s\y1k9s6x9w\y1k9s6x9wy9w75s.le.lpb
chara_monster,chara/npc/monster/lizardman/lizardmanlancerhamletstd,chara,235,222,122,True,True,0,,C:\Program Files (x86)\SquareEnix\FINAL FANTASY XIV\client\script\729s9\wu7\xvwrq5s\y1k9s6x9w\y1k9s6x9wy9w75s29xy5qrq6.le.lpb
chara_monster,chara/npc/monster/lizardman/lizardmanlancerlesserstd,chara,235,222,122,True,True,0,,C:\Program Files (x86)\SquareEnix\FINAL FANTASY XIV\client\script\729s9\wu7\xvwrq5s\y1k9s6x9w\y1k9s6x9wy9w75sy5rr5srq6.le.lpb
chara_monster,chara/npc/monster/lizardman/lizardmanlancernormalstd,chara,235,222,122,True,True,0,,C:\Program Files (x86)\SquareEnix\FINAL FANTASY XIV\client\script\729s9\wu7\xvwrq5s\y1k9s6x9w\y1k9s6x9wy9w75swvsx9yrq6.le.lpb
chara_monster,chara/npc/monster/lizardman/lizardmanlancerstandard,chara,234,221,121,True,True,0,,C:\Program Files (x86)\SquareEnix\FINAL FANTASY XIV\client\script\729s9\wu7\xvwrq5s\y1k9s6x9w\y1k9s6x9wy9w75srq9w69s6.le.lpb
chara_monster,chara/npc/monster/lizardman/lizardmanlncpublicfortguard01,chara,240,227,127,True,True,0,,C:\Program Files (x86)\SquareEnix\FINAL FANTASY XIV\client\script\729s9\wu7\xvwrq5s\y1k9s6x9w\y1k9s6x9wyw7up8y174vsq3p9s6ji.le.lpb
chara_monster,chara/npc/monster/lizardman/lizardmanpglpublicfortnm01,chara,237,224,124,True,True,0,,C:\Program Files (x86)\SquareEnix\FINAL FANTASY XIV\client\script\729s9\wu7\xvwrq5s\y1k9s6x9w\y1k9s6x9wu3yup8y174vsqwxji.le.lpb
chara_monster,chara/npc/monster/lizardman/lizardmanpugilist,chara,228,215,115,True,True,0,,C:\Program Files (x86)\SquareEnix\FINAL FANTASY XIV\client\script\729s9\wu7\xvwrq5s\y1k9s6x9w\y1k9s6x9wup31y1rq.le.lpb
chara_monster,chara/npc/monster/lizardman/lizardmanpugilisthamletnm,chara,236,223,123,True,True,0,,C:\Program Files (x86)\SquareEnix\FINAL FANTASY XIV\client\script\729s9\wu7\xvwrq5s\y1k9s6x9w\y1k9s6x9wup31y1rq29xy5qwx.le.lpb
chara_monster,chara/npc/monster/lizardman/lizardmanpugilisthamletstd,chara,237,224,124,True,True,0,,C:\Program Files (x86)\SquareEnix\FINAL FANTASY XIV\client\script\729s9\wu7\xvwrq5s\y1k9s6x9w\y1k9s6x9wup31y1rq29xy5qrq6.le.lpb
chara_monster,chara/npc/monster/lizardman/lizardmanpugilistjobarmlesser,chara,240,227,127,True,True,0,,C:\Program Files (x86)\SquareEnix\FINAL FANTASY XIV\client\script\729s9\wu7\xvwrq5s\y1k9s6x9w\y1k9s6x9wup31y1rq0v89sxy5rr5s.le.lpb
chara_monster,chara/npc/monster/lizardman/lizardmanpugilistjobarmstd,chara,237,224,124,True,True,0,,C:\Program Files (x86)\SquareEnix\FINAL FANTASY XIV\client\script\729s9\wu7\xvwrq5s\y1k9s6x9w\y1k9s6x9wup31y1rq0v89sxrq6.le.lpb
chara_monster,chara/npc/monster/lizardman/lizardmanpugilistlesserstd,chara,237,224,124,True,True,0,,C:\Program Files (x86)\SquareEnix\FINAL FANTASY XIV\client\script\729s9\wu7\xvwrq5s\y1k9s6x9w\y1k9s6x9wup31y1rqy5rr5srq6.le.lpb
chara_monster,chara/npc/monster/lizardman/lizardmanpugilistnormalstd,chara,237,224,124,True,True,0,,C:\Program Files (x86)\SquareEnix\FINAL FANTASY XIV\client\script\729s9\wu7\xvwrq5s\y1k9s6x9w\y1k9s6x9wup31y1rqwvsx9yrq6.le.lpb
chara_monster,chara/npc/monster/lizardman/lizardmanpugiliststandard,chara,236,223,123,True,True,0,,C:\Program Files (x86)\SquareEnix\FINAL FANTASY XIV\client\script\729s9\wu7\xvwrq5s\y1k9s6x9w\y1k9s6x9wup31y1rqrq9w69s6.le.lpb
chara_monster,chara/npc/monster/lizardman/lizardmanstandard,chara,228,215,115,True,True,0,,C:\Program Files (x86)\SquareEnix\FINAL FANTASY XIV\client\script\729s9\wu7\xvwrq5s\y1k9s6x9w\y1k9s6x9wrq9w69s6.le.lpb
chara_monster,chara/npc/monster/lizardman/lizardmanthaumaturge,chara,231,218,118,True,True,0,,C:\Program Files (x86)\SquareEnix\FINAL FANTASY XIV\client\script\729s9\wu7\xvwrq5s\y1k9s6x9w\y1k9s6x9wq29px9qps35.le.lpb
chara_monster,chara/npc/monster/lizardman/lizardmanthaumaturgebaseclass,chara,244,231,131,True,True,0,,C:\Program Files (x86)\SquareEnix\FINAL FANTASY XIV\client\script\729s9\wu7\xvwrq5s\y1k9s6x9w\y1k9s6x9wq29px9qps3589r57y9rr.le.lpb
chara_monster,chara/npc/monster/lizardman/lizardmanthaumaturgenm,chara,233,220,120,True,True,0,,C:\Program Files (x86)\SquareEnix\FINAL FANTASY XIV\client\script\729s9\wu7\xvwrq5s\y1k9s6x9w\y1k9s6x9wq29px9qps35wx.le.lpb
chara_monster,chara/npc/monster/lizardman/lizardmanthaumaturgestandard,chara,239,226,126,True,True,0,,C:\Program Files (x86)\SquareEnix\FINAL FANTASY XIV\client\script\729s9\wu7\xvwrq5s\y1k9s6x9w\y1k9s6x9wq29px9qps35rq9w69s6.le.lpb
chara_monster,chara/npc/monster/lizardman/lizardmanthmattackhamletstd,chara,260,247,147,True,True,0,,C:\Program Files (x86)\SquareEnix\FINAL FANTASY XIV\client\script\729s9\wu7\xvwrq5s\y1k9s6x9w\y1k9s6x9wq2x9qq97z29xy5qrq6.le.lpb
chara_monster,chara/npc/monster/lizardman/lizardmanthmattacklesserstd,chara,260,247,147,True,True,0,,C:\Program Files (x86)\SquareEnix\FINAL FANTASY XIV\client\script\729s9\wu7\xvwrq5s\y1k9s6x9w\y1k9s6x9wq2x9qq97zy5rr5srq6.le.lpb
chara_monster,chara/npc/monster/lizardman/lizardmanthmattacknormalstd,chara,260,247,147,True,True,0,,C:\Program Files (x86)\SquareEnix\FINAL FANTASY XIV\client\script\729s9\wu7\xvwrq5s\y1k9s6x9w\y1k9s6x9wq2x9qq97zwvsx9yrq6.le.lpb
chara_monster,chara/npc/monster/lizardman/lizardmanthmheallesserstd,chara,258,245,145,True,True,0,,C:\Program Files (x86)\SquareEnix\FINAL FANTASY XIV\client\script\729s9\wu7\xvwrq5s\y1k9s6x9w\y1k9s6x9wq2x259yy5rr5srq6.le.lpb
chara_monster,chara/npc/monster/lizardman/lizardmanthmhealnormalstd,chara,258,245,145,True,True,0,,C:\Program Files (x86)\SquareEnix\FINAL FANTASY XIV\client\script\729s9\wu7\xvwrq5s\y1k9s6x9w\y1k9s6x9wq2x259ywvsx9yrq6.le.lpb
chara_monster,chara/npc/monster/lizardman/lizardmanthmpublicfortguard01,chara,262,249,149,True,True,0,,C:\Program Files (x86)\SquareEnix\FINAL FANTASY XIV\client\script\729s9\wu7\xvwrq5s\y1k9s6x9w\y1k9s6x9wq2xup8y174vsq3p9s6ji.le.lpb
chara_monster,chara/npc/monster/lizardman/lizardmanthmpublicifritnm01,chara,260,247,147,True,True,0,,C:\Program Files (x86)\SquareEnix\FINAL FANTASY XIV\client\script\729s9\wu7\xvwrq5s\y1k9s6x9w\y1k9s6x9wq2xup8y1714s1qwxji.le.lpb
chara_monster,chara/npc/monster/longlegs/harvestmannm,chara,220,207,107,True,True,0,,C:\Program Files (x86)\SquareEnix\FINAL FANTASY XIV\client\script\729s9\wu7\xvwrq5s\yvw3y53r\29so5rqx9wwx.le.lpb
chara_monster,chara/npc/monster/longlegs/harvestmanstandard,chara,226,213,113,True,True,0,,C:\Program Files (x86)\SquareEnix\FINAL FANTASY XIV\client\script\729s9\wu7\xvwrq5s\yvw3y53r\29so5rqx9wrq9w69s6.le.lpb
chara_monster,chara/npc/monster/longlegs/longlegsbaseclass,chara,218,205,105,True,True,0,,C:\Program Files (x86)\SquareEnix\FINAL FANTASY XIV\client\script\729s9\wu7\xvwrq5s\yvw3y53r\yvw3y53r89r57y9rr.le.lpb
chara_monster,chara/npc/monster/longlegs/longlegsstandard,chara,224,211,111,True,True,0,,C:\Program Files (x86)\SquareEnix\FINAL FANTASY XIV\client\script\729s9\wu7\xvwrq5s\yvw3y53r\yvw3y53rrq9w69s6.le.lpb
chara_monster,chara/npc/monster/longlegs/pycnogonidstandard,chara,226,213,113,True,True,0,,C:\Program Files (x86)\SquareEnix\FINAL FANTASY XIV\client\script\729s9\wu7\xvwrq5s\yvw3y53r\ul7wv3vw16rq9w69s6.le.lpb
chara_monster,chara/npc/monster/mole/molebaseclass,chara,214,201,101,True,True,0,,C:\Program Files (x86)\SquareEnix\FINAL FANTASY XIV\client\script\729s9\wu7\xvwrq5s\xvy5\xvy589r57y9rr.le.lpb
chara_monster,chara/npc/monster/mole/moleechidna,chara,207,194,94,True,True,0,,C:\Program Files (x86)\SquareEnix\FINAL FANTASY XIV\client\script\729s9\wu7\xvwrq5s\xvy5\xvy557216w9.le.lpb
chara_monster,chara/npc/monster/mole/moleechidnastandard,chara,215,202,102,True,True,0,,C:\Program Files (x86)\SquareEnix\FINAL FANTASY XIV\client\script\729s9\wu7\xvwrq5s\xvy5\xvy557216w9rq9w69s6.le.lpb
chara_monster,chara/npc/monster/mole/molemole,chara,204,191,91,True,True,0,,C:\Program Files (x86)\SquareEnix\FINAL FANTASY XIV\client\script\729s9\wu7\xvwrq5s\xvy5\xvy5xvy5.le.lpb
chara_monster,chara/npc/monster/mole/molemolestandard,chara,212,199,99,True,True,0,,C:\Program Files (x86)\SquareEnix\FINAL FANTASY XIV\client\script\729s9\wu7\xvwrq5s\xvy5\xvy5xvy5rq9w69s6.le.lpb
chara_monster,chara/npc/monster/mole/molestandard,chara,208,195,95,True,True,0,,C:\Program Files (x86)\SquareEnix\FINAL FANTASY XIV\client\script\729s9\wu7\xvwrq5s\xvy5\xvy5rq9w69s6.le.lpb
chara_monster,chara/npc/monster/monkey/monkeybaseclass,chara,216,203,103,True,True,0,,C:\Program Files (x86)\SquareEnix\FINAL FANTASY XIV\client\script\729s9\wu7\xvwrq5s\xvwz5l\xvwz5l89r57y9rr.le.lpb
chara_monster,chara/npc/monster/monkey/monkeylesserstandard,chara,222,209,109,True,True,0,,C:\Program Files (x86)\SquareEnix\FINAL FANTASY XIV\client\script\729s9\wu7\xvwrq5s\xvwz5l\xvwz5ly5rr5srq9w69s6.le.lpb
chara_monster,chara/npc/monster/monkey/monkeynormalhamlet,chara,220,207,107,True,True,0,,C:\Program Files (x86)\SquareEnix\FINAL FANTASY XIV\client\script\729s9\wu7\xvwrq5s\xvwz5l\xvwz5lwvsx9y29xy5q.le.lpb
chara_monster,chara/npc/monster/monkey/monkeynormalnm,chara,216,203,103,True,True,0,,C:\Program Files (x86)\SquareEnix\FINAL FANTASY XIV\client\script\729s9\wu7\xvwrq5s\xvwz5l\xvwz5lwvsx9ywx.le.lpb
chara_monster,chara/npc/monster/monkey/monkeynormalnmf0f4,chara,220,207,107,True,True,0,,C:\Program Files (x86)\SquareEnix\FINAL FANTASY XIV\client\script\729s9\wu7\xvwrq5s\xvwz5l\xvwz5lwvsx9ywx4j4f.le.lpb
chara_monster,chara/npc/monster/monkey/monkeynormalstandard,chara,222,209,109,True,True,0,,C:\Program Files (x86)\SquareEnix\FINAL FANTASY XIV\client\script\729s9\wu7\xvwrq5s\xvwz5l\xvwz5lwvsx9yrq9w69s6.le.lpb
chara_monster,chara/npc/monster/monkey/monkeystandard,chara,216,203,103,True,True,0,,C:\Program Files (x86)\SquareEnix\FINAL FANTASY XIV\client\script\729s9\wu7\xvwrq5s\xvwz5l\xvwz5lrq9w69s6.le.lpb
chara_monster,chara/npc/monster/monsterbaseclass,chara,201,188,88,True,True,0,,C:\Program Files (x86)\SquareEnix\FINAL FANTASY XIV\client\script\729s9\wu7\xvwrq5s\xvwrq5s89r57y9rr.le.lpb
chara_monster,chara/npc/monster/monsterdefault,chara,211,198,98,True,True,0,,C:\Program Files (x86)\SquareEnix\FINAL FANTASY XIV\client\script\729s9\wu7\xvwrq5s\xvwrq5s6549pyq.le.lpb
chara_monster,chara/npc/monster/monstermuppet,chara,210,197,97,True,True,0,,C:\Program Files (x86)\SquareEnix\FINAL FANTASY XIV\client\script\729s9\wu7\xvwrq5s\xvwrq5sxpuu5q.le.lpb
chara_monster,chara/npc/monster/moogle/mooglebaseclass,chara,216,203,103,True,True,0,,C:\Program Files (x86)\SquareEnix\FINAL FANTASY XIV\client\script\729s9\wu7\xvwrq5s\xvv3y5\xvv3y589r57y9rr.le.lpb
chara_monster,chara/npc/monster/moogle/moogledarkattacker,chara,220,207,107,True,True,0,,C:\Program Files (x86)\SquareEnix\FINAL FANTASY XIV\client\script\729s9\wu7\xvwrq5s\xvv3y5\xvv3y569sz9qq97z5s.le.lpb
chara_monster,chara/npc/monster/moogle/moogledarkbuffer,chara,218,205,105,True,True,0,,C:\Program Files (x86)\SquareEnix\FINAL FANTASY XIV\client\script\729s9\wu7\xvwrq5s\xvv3y5\xvv3y569sz8p445s.le.lpb
chara_monster,chara/npc/monster/moogle/moogledarkdebuffer,chara,220,207,107,True,True,0,,C:\Program Files (x86)\SquareEnix\FINAL FANTASY XIV\client\script\729s9\wu7\xvwrq5s\xvv3y5\xvv3y569sz658p445s.le.lpb
chara_monster,chara/npc/monster/moogle/moogledarkhealer,chara,218,205,105,True,True,0,,C:\Program Files (x86)\SquareEnix\FINAL FANTASY XIV\client\script\729s9\wu7\xvwrq5s\xvv3y5\xvv3y569sz259y5s.le.lpb
chara_monster,chara/npc/monster/moogle/moogledarkking,chara,216,203,103,True,True,0,,C:\Program Files (x86)\SquareEnix\FINAL FANTASY XIV\client\script\729s9\wu7\xvwrq5s\xvv3y5\xvv3y569szz1w3.le.lpb
chara_monster,chara/npc/monster/moogle/moogledarknuker,chara,217,204,104,True,True,0,,C:\Program Files (x86)\SquareEnix\FINAL FANTASY XIV\client\script\729s9\wu7\xvwrq5s\xvv3y5\xvv3y569szwpz5s.le.lpb
chara_monster,chara/npc/monster/moogle/moogledarksniper,chara,218,205,105,True,True,0,,C:\Program Files (x86)\SquareEnix\FINAL FANTASY XIV\client\script\729s9\wu7\xvwrq5s\xvv3y5\xvv3y569szrw1u5s.le.lpb
chara_monster,chara/npc/monster/moogle/moogledarktanker,chara,218,205,105,True,True,0,,C:\Program Files (x86)\SquareEnix\FINAL FANTASY XIV\client\script\729s9\wu7\xvwrq5s\xvv3y5\xvv3y569szq9wz5s.le.lpb
chara_monster,chara/npc/monster/morbol/morbolbaseclass,chara,216,203,103,True,True,0,,C:\Program Files (x86)\SquareEnix\FINAL FANTASY XIV\client\script\729s9\wu7\xvwrq5s\xvs8vy\xvs8vy89r57y9rr.le.lpb
chara_monster,chara/npc/monster/morbol/morbollesser,chara,214,201,101,True,True,0,,C:\Program Files (x86)\SquareEnix\FINAL FANTASY XIV\client\script\729s9\wu7\xvwrq5s\xvs8vy\xvs8vyy5rr5s.le.lpb
chara_monster,chara/npc/monster/morbol/morbollessernmf0f4,chara,220,207,107,True,True,0,,C:\Program Files (x86)\SquareEnix\FINAL FANTASY XIV\client\script\729s9\wu7\xvwrq5s\xvs8vy\xvs8vyy5rr5swx4j4f.le.lpb
chara_monster,chara/npc/monster/morbol/morbollesserstandard,chara,222,209,109,True,True,0,,C:\Program Files (x86)\SquareEnix\FINAL FANTASY XIV\client\script\729s9\wu7\xvwrq5s\xvs8vy\xvs8vyy5rr5srq9w69s6.le.lpb
chara_monster,chara/npc/monster/morbol/morbolnormal,chara,214,201,101,True,True,0,,C:\Program Files (x86)\SquareEnix\FINAL FANTASY XIV\client\script\729s9\wu7\xvwrq5s\xvs8vy\xvs8vywvsx9y.le.lpb
chara_monster,chara/npc/monster/morbol/morbolnormalstandard,chara,222,209,109,True,True,0,,C:\Program Files (x86)\SquareEnix\FINAL FANTASY XIV\client\script\729s9\wu7\xvwrq5s\xvs8vy\xvs8vywvsx9yrq9w69s6.le.lpb
chara_monster,chara/npc/monster/morbol/morbolstandard,chara,216,203,103,True,True,0,,C:\Program Files (x86)\SquareEnix\FINAL FANTASY XIV\client\script\729s9\wu7\xvwrq5s\xvs8vy\xvs8vyrq9w69s6.le.lpb
chara_monster,chara/npc/monster/mysticarmor/mysticarmorbaseclass,chara,221,208,108,True,True,0,,C:\Program Files (x86)\SquareEnix\FINAL FANTASY XIV\client\script\729s9\wu7\xvwrq5s\xlrq179sxvs\xlrq179sxvs89r57y9rr.le.lpb
chara_monster,chara/npc/monster/mysticarmor/mysticarmorscenariomainlv46,chara,244,231,131,True,True,0,,C:\Program Files (x86)\SquareEnix\FINAL FANTASY XIV\client\script\729s9\wu7\xvwrq5s\xlrq179sxvs\xlrq179sxvsr75w9s1vx91wyofd.le.lpb
chara_monster,chara/npc/monster/mysticarmor/mysticarmorstandard,chara,236,223,123,True,True,0,,C:\Program Files (x86)\SquareEnix\FINAL FANTASY XIV\client\script\729s9\wu7\xvwrq5s\xlrq179sxvs\xlrq179sxvsrq9w69s6.le.lpb
chara_monster,chara/npc/monster/object/objectbarriergcx105,chara,221,208,108,True,True,0,,C:\Program Files (x86)\SquareEnix\FINAL FANTASY XIV\client\script\729s9\wu7\xvwrq5s\v8057q\v8057q89ss15s37mije.le.lpb
chara_monster,chara/npc/monster/object/objectbaseclass,chara,216,203,103,True,True,0,,C:\Program Files (x86)\SquareEnix\FINAL FANTASY XIV\client\script\729s9\wu7\xvwrq5s\v8057q\v8057q89r57y9rr.le.lpb
chara_monster,chara/npc/monster/object/objectbeacongcx105,chara,220,207,107,True,True,0,,C:\Program Files (x86)\SquareEnix\FINAL FANTASY XIV\client\script\729s9\wu7\xvwrq5s\v8057q\v8057q8597vw37mije.le.lpb
chara_monster,chara/npc/monster/ogre/ogrebaseclass,chara,214,201,101,True,True,0,,C:\Program Files (x86)\SquareEnix\FINAL FANTASY XIV\client\script\729s9\wu7\xvwrq5s\v3s5\v3s589r57y9rr.le.lpb
chara_monster,chara/npc/monster/ogre/ogrelesser,chara,206,193,93,True,True,0,,C:\Program Files (x86)\SquareEnix\FINAL FANTASY XIV\client\script\729s9\wu7\xvwrq5s\v3s5\v3s5y5rr5s.le.lpb
chara_monster,chara/npc/monster/ogre/ogrelesserpld0j6,chara,212,199,99,True,True,0,,C:\Program Files (x86)\SquareEnix\FINAL FANTASY XIV\client\script\729s9\wu7\xvwrq5s\v3s5\v3s5y5rr5suy6j0d.le.lpb
chara_monster,chara/npc/monster/ogre/ogrelesserstandard,chara,214,201,101,True,True,0,,C:\Program Files (x86)\SquareEnix\FINAL FANTASY XIV\client\script\729s9\wu7\xvwrq5s\v3s5\v3s5y5rr5srq9w69s6.le.lpb
chara_monster,chara/npc/monster/ogre/ogrenormalanimaobj,chara,214,201,101,True,True,0,,C:\Program Files (x86)\SquareEnix\FINAL FANTASY XIV\client\script\729s9\wu7\xvwrq5s\v3s5\v3s5wvsx9y9w1x9v80.le.lpb
chara_monster,chara/npc/monster/ogre/ogrenormalanimaobjb,chara,215,202,102,True,True,0,,C:\Program Files (x86)\SquareEnix\FINAL FANTASY XIV\client\script\729s9\wu7\xvwrq5s\v3s5\v3s5wvsx9y9w1x9v808.le.lpb
chara_monster,chara/npc/monster/ogre/ogrenormaljobarm,chara,212,199,99,True,True,0,,C:\Program Files (x86)\SquareEnix\FINAL FANTASY XIV\client\script\729s9\wu7\xvwrq5s\v3s5\v3s5wvsx9y0v89sx.le.lpb
chara_monster,chara/npc/monster/ogre/ogrestandard,chara,208,195,95,True,True,0,,C:\Program Files (x86)\SquareEnix\FINAL FANTASY XIV\client\script\729s9\wu7\xvwrq5s\v3s5\v3s5rq9w69s6.le.lpb
chara_monster,chara/npc/monster/orebeetle/orebeetlebaseclass,chara,219,206,106,True,True,0,,C:\Program Files (x86)\SquareEnix\FINAL FANTASY XIV\client\script\729s9\wu7\xvwrq5s\vs5855qy5\vs5855qy589r57y9rr.le.lpb
chara_monster,chara/npc/monster/orebeetle/orebeetlelesserstandard,chara,234,221,121,True,True,0,,C:\Program Files (x86)\SquareEnix\FINAL FANTASY XIV\client\script\729s9\wu7\xvwrq5s\vs5855qy5\vs5855qy5y5rr5srq9w69s6.le.lpb
chara_monster,chara/npc/monster/orebeetle/orebeetlenormalstandard,chara,234,221,121,True,True,0,,C:\Program Files (x86)\SquareEnix\FINAL FANTASY XIV\client\script\729s9\wu7\xvwrq5s\vs5855qy5\vs5855qy5wvsx9yrq9w69s6.le.lpb
chara_monster,chara/npc/monster/orebeetle/orebeetlestandard,chara,228,215,115,True,True,0,,C:\Program Files (x86)\SquareEnix\FINAL FANTASY XIV\client\script\729s9\wu7\xvwrq5s\vs5855qy5\vs5855qy5rq9w69s6.le.lpb
chara_monster,chara/npc/monster/petitghost/petitghostbaseclass,chara,220,207,107,True,True,0,,C:\Program Files (x86)\SquareEnix\FINAL FANTASY XIV\client\script\729s9\wu7\xvwrq5s\u5q1q32vrq\u5q1q32vrq89r57y9rr.le.lpb
chara_monster,chara/npc/monster/petitghost/petitghostlesserpld0j1,chara,236,223,123,True,True,0,,C:\Program Files (x86)\SquareEnix\FINAL FANTASY XIV\client\script\729s9\wu7\xvwrq5s\u5q1q32vrq\u5q1q32vrqy5rr5suy6j0i.le.lpb
chara_monster,chara/npc/monster/petitghost/petitghostlesserstandard,chara,238,225,125,True,True,0,,C:\Program Files (x86)\SquareEnix\FINAL FANTASY XIV\client\script\729s9\wu7\xvwrq5s\u5q1q32vrq\u5q1q32vrqy5rr5srq9w69s6.le.lpb
chara_monster,chara/npc/monster/petitghost/petitghostnormalanimaobj,chara,238,225,125,True,True,0,,C:\Program Files (x86)\SquareEnix\FINAL FANTASY XIV\client\script\729s9\wu7\xvwrq5s\u5q1q32vrq\u5q1q32vrqwvsx9y9w1x9v80.le.lpb
chara_monster,chara/npc/monster/petitghost/petitghostnormalanimaobjb,chara,239,226,126,True,True,0,,C:\Program Files (x86)\SquareEnix\FINAL FANTASY XIV\client\script\729s9\wu7\xvwrq5s\u5q1q32vrq\u5q1q32vrqwvsx9y9w1x9v808.le.lpb
chara_monster,chara/npc/monster/petitghost/petitghostnormalfactionemp,chara,240,227,127,True,True,0,,C:\Program Files (x86)\SquareEnix\FINAL FANTASY XIV\client\script\729s9\wu7\xvwrq5s\u5q1q32vrq\u5q1q32vrqwvsx9y497q1vw5xu.le.lpb
chara_monster,chara/npc/monster/petitghost/petitghostnormalnm,chara,232,219,119,True,True,0,,C:\Program Files (x86)\SquareEnix\FINAL FANTASY XIV\client\script\729s9\wu7\xvwrq5s\u5q1q32vrq\u5q1q32vrqwvsx9ywx.le.lpb
chara_monster,chara/npc/monster/petitghost/petitghostnormalstandard,chara,238,225,125,True,True,0,,C:\Program Files (x86)\SquareEnix\FINAL FANTASY XIV\client\script\729s9\wu7\xvwrq5s\u5q1q32vrq\u5q1q32vrqwvsx9yrq9w69s6.le.lpb
chara_monster,chara/npc/monster/petitghost/petitghoststandard,chara,232,219,119,True,True,0,,C:\Program Files (x86)\SquareEnix\FINAL FANTASY XIV\client\script\729s9\wu7\xvwrq5s\u5q1q32vrq\u5q1q32vrqrq9w69s6.le.lpb
chara_monster,chara/npc/monster/piranha/piranhabaseclass,chara,217,204,104,True,True,0,,C:\Program Files (x86)\SquareEnix\FINAL FANTASY XIV\client\script\729s9\wu7\xvwrq5s\u1s9w29\u1s9w2989r57y9rr.le.lpb
chara_monster,chara/npc/monster/piranha/piranhaboggypublicdungeonnm01,chara,234,221,121,True,True,0,,C:\Program Files (x86)\SquareEnix\FINAL FANTASY XIV\client\script\729s9\wu7\xvwrq5s\u1s9w29\u1s9w298v33lup8y176pw35vwwxji.le.lpb
chara_monster,chara/npc/monster/piranha/piranhaboggypublicdungeonpet01,chara,235,222,122,True,True,0,,C:\Program Files (x86)\SquareEnix\FINAL FANTASY XIV\client\script\729s9\wu7\xvwrq5s\u1s9w29\u1s9w298v33lup8y176pw35vwu5qji.le.lpb
chara_monster,chara/npc/monster/piranha/piranhaboggystandard,chara,225,212,112,True,True,0,,C:\Program Files (x86)\SquareEnix\FINAL FANTASY XIV\client\script\729s9\wu7\xvwrq5s\u1s9w29\u1s9w298v33lrq9w69s6.le.lpb
chara_monster,chara/npc/monster/piranha/piranhasandystandard,chara,225,212,112,True,True,0,,C:\Program Files (x86)\SquareEnix\FINAL FANTASY XIV\client\script\729s9\wu7\xvwrq5s\u1s9w29\u1s9w29r9w6lrq9w69s6.le.lpb
chara_monster,chara/npc/monster/piranha/piranhastandard,chara,220,207,107,True,True,0,,C:\Program Files (x86)\SquareEnix\FINAL FANTASY XIV\client\script\729s9\wu7\xvwrq5s\u1s9w29\u1s9w29rq9w69s6.le.lpb
chara_monster,chara/npc/monster/pirate/piratearcherstandard,chara,222,209,109,True,True,0,,C:\Program Files (x86)\SquareEnix\FINAL FANTASY XIV\client\script\729s9\wu7\xvwrq5s\u1s9q5\u1s9q59s725srq9w69s6.le.lpb
chara_monster,chara/npc/monster/pirate/piratebaseclass,chara,216,203,103,True,True,0,,C:\Program Files (x86)\SquareEnix\FINAL FANTASY XIV\client\script\729s9\wu7\xvwrq5s\u1s9q5\u1s9q589r57y9rr.le.lpb
chara_monster,chara/npc/monster/pirate/pirateexcscenariopuglv30,chara,226,213,113,True,True,0,,C:\Program Files (x86)\SquareEnix\FINAL FANTASY XIV\client\script\729s9\wu7\xvwrq5s\u1s9q5\u1s9q55m7r75w9s1vup3yogj.le.lpb
chara_monster,chara/npc/monster/pirate/pirategladiatorstandard,chara,225,212,112,True,True,0,,C:\Program Files (x86)\SquareEnix\FINAL FANTASY XIV\client\script\729s9\wu7\xvwrq5s\u1s9q5\u1s9q53y9619qvsrq9w69s6.le.lpb
chara_monster,chara/npc/monster/pirate/piratemarauder,chara,216,203,103,True,True,0,,C:\Program Files (x86)\SquareEnix\FINAL FANTASY XIV\client\script\729s9\wu7\xvwrq5s\u1s9q5\u1s9q5x9s9p65s.le.lpb
chara_monster,chara/npc/monster/pirate/piratemarauderstandard,chara,224,211,111,True,True,0,,C:\Program Files (x86)\SquareEnix\FINAL FANTASY XIV\client\script\729s9\wu7\xvwrq5s\u1s9q5\u1s9q5x9s9p65srq9w69s6.le.lpb
chara_monster,chara/npc/monster/pirate/piratestandard,chara,216,203,103,True,True,0,,C:\Program Files (x86)\SquareEnix\FINAL FANTASY XIV\client\script\729s9\wu7\xvwrq5s\u1s9q5\u1s9q5rq9w69s6.le.lpb
chara_monster,chara/npc/monster/pixie/pixiebaseclass,chara,215,202,102,True,True,0,,C:\Program Files (x86)\SquareEnix\FINAL FANTASY XIV\client\script\729s9\wu7\xvwrq5s\u1m15\u1m1589r57y9rr.le.lpb
chara_monster,chara/npc/monster/pixie/pixieconjurer,chara,212,199,99,True,True,0,,C:\Program Files (x86)\SquareEnix\FINAL FANTASY XIV\client\script\729s9\wu7\xvwrq5s\u1m15\u1m157vw0ps5s.le.lpb
chara_monster,chara/npc/monster/pixie/pixieconjurerstandard,chara,220,207,107,True,True,0,,C:\Program Files (x86)\SquareEnix\FINAL FANTASY XIV\client\script\729s9\wu7\xvwrq5s\u1m15\u1m157vw0ps5srq9w69s6.le.lpb
chara_monster,chara/npc/monster/pixie/pixieearthconjurerstandard,chara,225,212,112,True,True,0,,C:\Program Files (x86)\SquareEnix\FINAL FANTASY XIV\client\script\729s9\wu7\xvwrq5s\u1m15\u1m1559sq27vw0ps5srq9w69s6.le.lpb
chara_monster,chara/npc/monster/pixie/pixiefireconjurerstandard,chara,224,211,111,True,True,0,,C:\Program Files (x86)\SquareEnix\FINAL FANTASY XIV\client\script\729s9\wu7\xvwrq5s\u1m15\u1m1541s57vw0ps5srq9w69s6.le.lpb
chara_monster,chara/npc/monster/pixie/pixieiceconjurerstandard,chara,223,210,110,True,True,0,,C:\Program Files (x86)\SquareEnix\FINAL FANTASY XIV\client\script\729s9\wu7\xvwrq5s\u1m15\u1m151757vw0ps5srq9w69s6.le.lpb
chara_monster,chara/npc/monster/pixie/pixielightningconjurerstandard,chara,229,216,116,True,True,0,,C:\Program Files (x86)\SquareEnix\FINAL FANTASY XIV\client\script\729s9\wu7\xvwrq5s\u1m15\u1m15y132qw1w37vw0ps5srq9w69s6.le.lpb
chara_monster,chara/npc/monster/pixie/pixiestandard,chara,212,199,99,True,True,0,,C:\Program Files (x86)\SquareEnix\FINAL FANTASY XIV\client\script\729s9\wu7\xvwrq5s\u1m15\u1m15rq9w69s6.le.lpb
chara_monster,chara/npc/monster/pixie/pixiewaterconjurerstandard,chara,225,212,112,True,True,0,,C:\Program Files (x86)\SquareEnix\FINAL FANTASY XIV\client\script\729s9\wu7\xvwrq5s\u1m15\u1m15n9q5s7vw0ps5srq9w69s6.le.lpb
chara_monster,chara/npc/monster/pixie/pixiewindconjurerstandard,chara,224,211,111,True,True,0,,C:\Program Files (x86)\SquareEnix\FINAL FANTASY XIV\client\script\729s9\wu7\xvwrq5s\u1m15\u1m15n1w67vw0ps5srq9w69s6.le.lpb
chara_monster,chara/npc/monster/qiqirn/qiqirnbarehands,chara,217,204,104,True,True,0,,C:\Program Files (x86)\SquareEnix\FINAL FANTASY XIV\client\script\729s9\wu7\xvwrq5s\t1t1sw\t1t1sw89s529w6r.le.lpb
chara_monster,chara/npc/monster/qiqirn/qiqirnbarehandsgcl303,chara,223,210,110,True,True,0,,C:\Program Files (x86)\SquareEnix\FINAL FANTASY XIV\client\script\729s9\wu7\xvwrq5s\t1t1sw\t1t1sw89s529w6r37ygjg.le.lpb
chara_monster,chara/npc/monster/qiqirn/qiqirnbarehandsnm,chara,219,206,106,True,True,0,,C:\Program Files (x86)\SquareEnix\FINAL FANTASY XIV\client\script\729s9\wu7\xvwrq5s\t1t1sw\t1t1sw89s529w6rwx.le.lpb
chara_monster,chara/npc/monster/qiqirn/qiqirnbarehandsstandard,chara,225,212,112,True,True,0,,C:\Program Files (x86)\SquareEnix\FINAL FANTASY XIV\client\script\729s9\wu7\xvwrq5s\t1t1sw\t1t1sw89s529w6rrq9w69s6.le.lpb
chara_monster,chara/npc/monster/qiqirn/qiqirnbaseclass,chara,216,203,103,True,True,0,,C:\Program Files (x86)\SquareEnix\FINAL FANTASY XIV\client\script\729s9\wu7\xvwrq5s\t1t1sw\t1t1sw89r57y9rr.le.lpb
chara_monster,chara/npc/monster/qiqirn/qiqirnstandard,chara,216,203,103,True,True,0,,C:\Program Files (x86)\SquareEnix\FINAL FANTASY XIV\client\script\729s9\wu7\xvwrq5s\t1t1sw\t1t1swrq9w69s6.le.lpb
chara_monster,chara/npc/monster/raptor/raptorbaseclass,chara,216,203,103,True,True,0,,C:\Program Files (x86)\SquareEnix\FINAL FANTASY XIV\client\script\729s9\wu7\xvwrq5s\s9uqvs\s9uqvs89r57y9rr.le.lpb
chara_monster,chara/npc/monster/raptor/raptorforestmooglef0f4,chara,224,211,111,True,True,0,,C:\Program Files (x86)\SquareEnix\FINAL FANTASY XIV\client\script\729s9\wu7\xvwrq5s\s9uqvs\s9uqvs4vs5rqxvv3y54j4f.le.lpb
chara_monster,chara/npc/monster/raptor/raptorforeststandard,chara,222,209,109,True,True,0,,C:\Program Files (x86)\SquareEnix\FINAL FANTASY XIV\client\script\729s9\wu7\xvwrq5s\s9uqvs\s9uqvs4vs5rqrq9w69s6.le.lpb
chara_monster,chara/npc/monster/raptor/raptorgrasslandstandard,chara,225,212,112,True,True,0,,C:\Program Files (x86)\SquareEnix\FINAL FANTASY XIV\client\script\729s9\wu7\xvwrq5s\s9uqvs\s9uqvs3s9rry9w6rq9w69s6.le.lpb
chara_monster,chara/npc/monster/raptor/raptorstandard,chara,216,203,103,True,True,0,,C:\Program Files (x86)\SquareEnix\FINAL FANTASY XIV\client\script\729s9\wu7\xvwrq5s\s9uqvs\s9uqvsrq9w69s6.le.lpb
chara_monster,chara/npc/monster/rebel/rebelarcher,chara,210,197,97,True,True,0,,C:\Program Files (x86)\SquareEnix\FINAL FANTASY XIV\client\script\729s9\wu7\xvwrq5s\s585y\s585y9s725s.le.lpb
chara_monster,chara/npc/monster/rebel/rebelarcherstandard,chara,218,205,105,True,True,0,,C:\Program Files (x86)\SquareEnix\FINAL FANTASY XIV\client\script\729s9\wu7\xvwrq5s\s585y\s585y9s725srq9w69s6.le.lpb
chara_monster,chara/npc/monster/rebel/rebelarcherstandardjobarm,chara,224,211,111,True,True,0,,C:\Program Files (x86)\SquareEnix\FINAL FANTASY XIV\client\script\729s9\wu7\xvwrq5s\s585y\s585y9s725srq9w69s60v89sx.le.lpb
chara_monster,chara/npc/monster/rebel/rebelbaseclass,chara,215,202,102,True,True,0,,C:\Program Files (x86)\SquareEnix\FINAL FANTASY XIV\client\script\729s9\wu7\xvwrq5s\s585y\s585y89r57y9rr.le.lpb
chara_monster,chara/npc/monster/rebel/rebelconjurer,chara,212,199,99,True,True,0,,C:\Program Files (x86)\SquareEnix\FINAL FANTASY XIV\client\script\729s9\wu7\xvwrq5s\s585y\s585y7vw0ps5s.le.lpb
chara_monster,chara/npc/monster/rebel/rebelconjurerstandard,chara,220,207,107,True,True,0,,C:\Program Files (x86)\SquareEnix\FINAL FANTASY XIV\client\script\729s9\wu7\xvwrq5s\s585y\s585y7vw0ps5srq9w69s6.le.lpb
chara_monster,chara/npc/monster/rebel/rebelgladiator,chara,213,200,100,True,True,0,,C:\Program Files (x86)\SquareEnix\FINAL FANTASY XIV\client\script\729s9\wu7\xvwrq5s\s585y\s585y3y9619qvs.le.lpb
chara_monster,chara/npc/monster/rebel/rebelgladiatorstandard,chara,221,208,108,True,True,0,,C:\Program Files (x86)\SquareEnix\FINAL FANTASY XIV\client\script\729s9\wu7\xvwrq5s\s585y\s585y3y9619qvsrq9w69s6.le.lpb
chara_monster,chara/npc/monster/rebel/rebellancer,chara,210,197,97,True,True,0,,C:\Program Files (x86)\SquareEnix\FINAL FANTASY XIV\client\script\729s9\wu7\xvwrq5s\s585y\s585yy9w75s.le.lpb
chara_monster,chara/npc/monster/rebel/rebellancerstandard,chara,218,205,105,True,True,0,,C:\Program Files (x86)\SquareEnix\FINAL FANTASY XIV\client\script\729s9\wu7\xvwrq5s\s585y\s585yy9w75srq9w69s6.le.lpb
chara_monster,chara/npc/monster/rebel/rebellancerstandardjobarm,chara,224,211,111,True,True,0,,C:\Program Files (x86)\SquareEnix\FINAL FANTASY XIV\client\script\729s9\wu7\xvwrq5s\s585y\s585yy9w75srq9w69s60v89sx.le.lpb
chara_monster,chara/npc/monster/rebel/rebelmarauder,chara,212,199,99,True,True,0,,C:\Program Files (x86)\SquareEnix\FINAL FANTASY XIV\client\script\729s9\wu7\xvwrq5s\s585y\s585yx9s9p65s.le.lpb
chara_monster,chara/npc/monster/rebel/rebelmarauderstandard,chara,220,207,107,True,True,0,,C:\Program Files (x86)\SquareEnix\FINAL FANTASY XIV\client\script\729s9\wu7\xvwrq5s\s585y\s585yx9s9p65srq9w69s6.le.lpb
chara_monster,chara/npc/monster/rebel/rebelpugilist,chara,212,199,99,True,True,0,,C:\Program Files (x86)\SquareEnix\FINAL FANTASY XIV\client\script\729s9\wu7\xvwrq5s\s585y\s585yup31y1rq.le.lpb
chara_monster,chara/npc/monster/rebel/rebelpugiliststandard,chara,220,207,107,True,True,0,,C:\Program Files (x86)\SquareEnix\FINAL FANTASY XIV\client\script\729s9\wu7\xvwrq5s\s585y\s585yup31y1rqrq9w69s6.le.lpb
chara_monster,chara/npc/monster/rebel/rebelstandard,chara,212,199,99,True,True,0,,C:\Program Files (x86)\SquareEnix\FINAL FANTASY XIV\client\script\729s9\wu7\xvwrq5s\s585y\s585yrq9w69s6.le.lpb
chara_monster,chara/npc/monster/rebel/rebelthaumaturge,chara,215,202,102,True,True,0,,C:\Program Files (x86)\SquareEnix\FINAL FANTASY XIV\client\script\729s9\wu7\xvwrq5s\s585y\s585yq29px9qps35.le.lpb
chara_monster,chara/npc/monster/rebel/rebelthaumaturgestandard,chara,223,210,110,True,True,0,,C:\Program Files (x86)\SquareEnix\FINAL FANTASY XIV\client\script\729s9\wu7\xvwrq5s\s585y\s585yq29px9qps35rq9w69s6.le.lpb
chara_monster,chara/npc/monster/rebel/rebelthmgmevent,chara,214,201,101,True,True,0,,C:\Program Files (x86)\SquareEnix\FINAL FANTASY XIV\client\script\729s9\wu7\xvwrq5s\s585y\s585yq2x3x5o5wq.le.lpb
chara_monster,chara/npc/monster/salamander/salamanderbaseclass,chara,220,207,107,True,True,0,,C:\Program Files (x86)\SquareEnix\FINAL FANTASY XIV\client\script\729s9\wu7\xvwrq5s\r9y9x9w65s\r9y9x9w65s89r57y9rr.le.lpb
chara_monster,chara/npc/monster/salamander/salamanderlesser,chara,230,217,117,True,True,0,,C:\Program Files (x86)\SquareEnix\FINAL FANTASY XIV\client\script\729s9\wu7\xvwrq5s\r9y9x9w65s\r9y9x9w65sy5rr5s.le.lpb
chara_monster,chara/npc/monster/salamander/salamanderlesserstandard,chara,238,225,125,True,True,0,,C:\Program Files (x86)\SquareEnix\FINAL FANTASY XIV\client\script\729s9\wu7\xvwrq5s\r9y9x9w65s\r9y9x9w65sy5rr5srq9w69s6.le.lpb
chara_monster,chara/npc/monster/salamander/salamandernormal,chara,230,217,117,True,True,0,,C:\Program Files (x86)\SquareEnix\FINAL FANTASY XIV\client\script\729s9\wu7\xvwrq5s\r9y9x9w65s\r9y9x9w65swvsx9y.le.lpb
chara_monster,chara/npc/monster/salamander/salamandernormalstandard,chara,238,225,125,True,True,0,,C:\Program Files (x86)\SquareEnix\FINAL FANTASY XIV\client\script\729s9\wu7\xvwrq5s\r9y9x9w65s\r9y9x9w65swvsx9yrq9w69s6.le.lpb
chara_monster,chara/npc/monster/salamander/salamanderstandard,chara,232,219,119,True,True,0,,C:\Program Files (x86)\SquareEnix\FINAL FANTASY XIV\client\script\729s9\wu7\xvwrq5s\r9y9x9w65s\r9y9x9w65srq9w69s6.le.lpb
chara_monster,chara/npc/monster/scalelizard/scalelizardbaseclass,chara,221,208,108,True,True,0,,C:\Program Files (x86)\SquareEnix\FINAL FANTASY XIV\client\script\729s9\wu7\xvwrq5s\r79y5y1k9s6\r79y5y1k9s689r57y9rr.le.lpb
chara_monster,chara/npc/monster/scalelizard/scalelizardfire,chara,232,219,119,True,True,0,,C:\Program Files (x86)\SquareEnix\FINAL FANTASY XIV\client\script\729s9\wu7\xvwrq5s\r79y5y1k9s6\r79y5y1k9s641s5.le.lpb
chara_monster,chara/npc/monster/scalelizard/scalelizardfirenm,chara,234,221,121,True,True,0,,C:\Program Files (x86)\SquareEnix\FINAL FANTASY XIV\client\script\729s9\wu7\xvwrq5s\r79y5y1k9s6\r79y5y1k9s641s5wx.le.lpb
chara_monster,chara/npc/monster/scalelizard/scalelizardfirestandard,chara,240,227,127,True,True,0,,C:\Program Files (x86)\SquareEnix\FINAL FANTASY XIV\client\script\729s9\wu7\xvwrq5s\r79y5y1k9s6\r79y5y1k9s641s5rq9w69s6.le.lpb
chara_monster,chara/npc/monster/scalelizard/scalelizardfirestandardjobarm,chara,246,233,133,True,True,0,,C:\Program Files (x86)\SquareEnix\FINAL FANTASY XIV\client\script\729s9\wu7\xvwrq5s\r79y5y1k9s6\r79y5y1k9s641s5rq9w69s60v89sx.le.lpb
chara_monster,chara/npc/monster/scalelizard/scalelizardhamlet,chara,234,221,121,True,True,0,,C:\Program Files (x86)\SquareEnix\FINAL FANTASY XIV\client\script\729s9\wu7\xvwrq5s\r79y5y1k9s6\r79y5y1k9s629xy5q.le.lpb
chara_monster,chara/npc/monster/scalelizard/scalelizardstandard,chara,236,223,123,True,True,0,,C:\Program Files (x86)\SquareEnix\FINAL FANTASY XIV\client\script\729s9\wu7\xvwrq5s\r79y5y1k9s6\r79y5y1k9s6rq9w69s6.le.lpb
chara_monster,chara/npc/monster/scalelizard/scalelizardthunder,chara,235,222,122,True,True,0,,C:\Program Files (x86)\SquareEnix\FINAL FANTASY XIV\client\script\729s9\wu7\xvwrq5s\r79y5y1k9s6\r79y5y1k9s6q2pw65s.le.lpb
chara_monster,chara/npc/monster/scalelizard/scalelizardthunderstandard,chara,243,230,130,True,True,0,,C:\Program Files (x86)\SquareEnix\FINAL FANTASY XIV\client\script\729s9\wu7\xvwrq5s\r79y5y1k9s6\r79y5y1k9s6q2pw65srq9w69s6.le.lpb
chara_monster,chara/npc/monster/serow/serowbaseclass,chara,215,202,102,True,True,0,,C:\Program Files (x86)\SquareEnix\FINAL FANTASY XIV\client\script\729s9\wu7\xvwrq5s\r5svn\r5svn89r57y9rr.le.lpb
chara_monster,chara/npc/monster/serow/serowfemalenm,chara,212,199,99,True,True,0,,C:\Program Files (x86)\SquareEnix\FINAL FANTASY XIV\client\script\729s9\wu7\xvwrq5s\r5svn\r5svn45x9y5wx.le.lpb
chara_monster,chara/npc/monster/serow/serowfemalestandard,chara,218,205,105,True,True,0,,C:\Program Files (x86)\SquareEnix\FINAL FANTASY XIV\client\script\729s9\wu7\xvwrq5s\r5svn\r5svn45x9y5rq9w69s6.le.lpb
chara_monster,chara/npc/monster/serow/serowmalestandard,chara,216,203,103,True,True,0,,C:\Program Files (x86)\SquareEnix\FINAL FANTASY XIV\client\script\729s9\wu7\xvwrq5s\r5svn\r5svnx9y5rq9w69s6.le.lpb
chara_monster,chara/npc/monster/serow/serowstandard,chara,212,199,99,True,True,0,,C:\Program Files (x86)\SquareEnix\FINAL FANTASY XIV\client\script\729s9\wu7\xvwrq5s\r5svn\r5svnrq9w69s6.le.lpb
chara_monster,chara/npc/monster/sheep/sheepbaseclass,chara,215,202,102,True,True,0,,C:\Program Files (x86)\SquareEnix\FINAL FANTASY XIV\client\script\729s9\wu7\xvwrq5s\r255u\r255u89r57y9rr.le.lpb
chara_monster,chara/npc/monster/sheep/sheeplesser,chara,210,197,97,True,True,0,,C:\Program Files (x86)\SquareEnix\FINAL FANTASY XIV\client\script\729s9\wu7\xvwrq5s\r255u\r255uy5rr5s.le.lpb
chara_monster,chara/npc/monster/sheep/sheeplesserstandard,chara,218,205,105,True,True,0,,C:\Program Files (x86)\SquareEnix\FINAL FANTASY XIV\client\script\729s9\wu7\xvwrq5s\r255u\r255uy5rr5srq9w69s6.le.lpb
chara_monster,chara/npc/monster/sheep/sheepnormal,chara,210,197,97,True,True,0,,C:\Program Files (x86)\SquareEnix\FINAL FANTASY XIV\client\script\729s9\wu7\xvwrq5s\r255u\r255uwvsx9y.le.lpb
chara_monster,chara/npc/monster/sheep/sheepnormalnm,chara,212,199,99,True,True,0,,C:\Program Files (x86)\SquareEnix\FINAL FANTASY XIV\client\script\729s9\wu7\xvwrq5s\r255u\r255uwvsx9ywx.le.lpb
chara_monster,chara/npc/monster/sheep/sheepnormalstandard,chara,218,205,105,True,True,0,,C:\Program Files (x86)\SquareEnix\FINAL FANTASY XIV\client\script\729s9\wu7\xvwrq5s\r255u\r255uwvsx9yrq9w69s6.le.lpb
chara_monster,chara/npc/monster/sheep/sheepstandard,chara,212,199,99,True,True,0,,C:\Program Files (x86)\SquareEnix\FINAL FANTASY XIV\client\script\729s9\wu7\xvwrq5s\r255u\r255urq9w69s6.le.lpb
chara_monster,chara/npc/monster/skeleton/skeletonbaseclass,chara,218,205,105,True,True,0,,C:\Program Files (x86)\SquareEnix\FINAL FANTASY XIV\client\script\729s9\wu7\xvwrq5s\rz5y5qvw\rz5y5qvw89r57y9rr.le.lpb
chara_monster,chara/npc/monster/skeleton/skeletongladiator,chara,225,212,112,True,True,0,,C:\Program Files (x86)\SquareEnix\FINAL FANTASY XIV\client\script\729s9\wu7\xvwrq5s\rz5y5qvw\rz5y5qvw3y9619qvs.le.lpb
chara_monster,chara/npc/monster/skeleton/skeletongladiatorstandard,chara,233,220,120,True,True,0,,C:\Program Files (x86)\SquareEnix\FINAL FANTASY XIV\client\script\729s9\wu7\xvwrq5s\rz5y5qvw\rz5y5qvw3y9619qvsrq9w69s6.le.lpb
chara_monster,chara/npc/monster/skeleton/skeletonlessergladiatorstandard,chara,239,226,126,True,True,0,,C:\Program Files (x86)\SquareEnix\FINAL FANTASY XIV\client\script\729s9\wu7\xvwrq5s\rz5y5qvw\rz5y5qvwy5rr5s3y9619qvsrq9w69s6.le.lpb
chara_monster,chara/npc/monster/skeleton/skeletonnormalanimaobj,chara,230,217,117,True,True,0,,C:\Program Files (x86)\SquareEnix\FINAL FANTASY XIV\client\script\729s9\wu7\xvwrq5s\rz5y5qvw\rz5y5qvwwvsx9y9w1x9v80.le.lpb
chara_monster,chara/npc/monster/skeleton/skeletonnormalanimaobjb,chara,231,218,118,True,True,0,,C:\Program Files (x86)\SquareEnix\FINAL FANTASY XIV\client\script\729s9\wu7\xvwrq5s\rz5y5qvw\rz5y5qvwwvsx9y9w1x9v808.le.lpb
chara_monster,chara/npc/monster/skeleton/skeletonnormalgladiatorstandard,chara,239,226,126,True,True,0,,C:\Program Files (x86)\SquareEnix\FINAL FANTASY XIV\client\script\729s9\wu7\xvwrq5s\rz5y5qvw\rz5y5qvwwvsx9y3y9619qvsrq9w69s6.le.lpb
chara_monster,chara/npc/monster/skeleton/skeletonstandard,chara,224,211,111,True,True,0,,C:\Program Files (x86)\SquareEnix\FINAL FANTASY XIV\client\script\729s9\wu7\xvwrq5s\rz5y5qvw\rz5y5qvwrq9w69s6.le.lpb
chara_monster,chara/npc/monster/slug/slugbaseclass,chara,214,201,101,True,True,0,,C:\Program Files (x86)\SquareEnix\FINAL FANTASY XIV\client\script\729s9\wu7\xvwrq5s\ryp3\ryp389r57y9rr.le.lpb
chara_monster,chara/npc/monster/slug/sluglesserstandard,chara,214,201,101,True,True,0,,C:\Program Files (x86)\SquareEnix\FINAL FANTASY XIV\client\script\729s9\wu7\xvwrq5s\ryp3\ryp3y5rr5srq9w69s6.le.lpb
chara_monster,chara/npc/monster/slug/slugnormalnm,chara,208,195,95,True,True,0,,C:\Program Files (x86)\SquareEnix\FINAL FANTASY XIV\client\script\729s9\wu7\xvwrq5s\ryp3\ryp3wvsx9ywx.le.lpb
chara_monster,chara/npc/monster/slug/slugnormalstandard,chara,214,201,101,True,True,0,,C:\Program Files (x86)\SquareEnix\FINAL FANTASY XIV\client\script\729s9\wu7\xvwrq5s\ryp3\ryp3wvsx9yrq9w69s6.le.lpb
chara_monster,chara/npc/monster/slug/slugstandard,chara,208,195,95,True,True,0,,C:\Program Files (x86)\SquareEnix\FINAL FANTASY XIV\client\script\729s9\wu7\xvwrq5s\ryp3\ryp3rq9w69s6.le.lpb
chara_monster,chara/npc/monster/specter/specterbaseclass,chara,217,204,104,True,True,0,,C:\Program Files (x86)\SquareEnix\FINAL FANTASY XIV\client\script\729s9\wu7\xvwrq5s\ru57q5s\ru57q5s89r57y9rr.le.lpb
chara_monster,chara/npc/monster/specter/spectermarch,chara,217,204,104,True,True,0,,C:\Program Files (x86)\SquareEnix\FINAL FANTASY XIV\client\script\729s9\wu7\xvwrq5s\ru57q5s\ru57q5sx9s72.le.lpb
chara_monster,chara/npc/monster/specter/specternormal,chara,218,205,105,True,True,0,,C:\Program Files (x86)\SquareEnix\FINAL FANTASY XIV\client\script\729s9\wu7\xvwrq5s\ru57q5s\ru57q5swvsx9y.le.lpb
chara_monster,chara/npc/monster/specter/specternormalblm0j6a,chara,225,212,112,True,True,0,,C:\Program Files (x86)\SquareEnix\FINAL FANTASY XIV\client\script\729s9\wu7\xvwrq5s\ru57q5s\ru57q5swvsx9y8yxj0d9.le.lpb
chara_monster,chara/npc/monster/specter/specternormalblm0j6b,chara,225,212,112,True,True,0,,C:\Program Files (x86)\SquareEnix\FINAL FANTASY XIV\client\script\729s9\wu7\xvwrq5s\ru57q5s\ru57q5swvsx9y8yxj0d8.le.lpb
chara_monster,chara/npc/monster/specter/specternormalblm0j6c,chara,225,212,112,True,True,0,,C:\Program Files (x86)\SquareEnix\FINAL FANTASY XIV\client\script\729s9\wu7\xvwrq5s\ru57q5s\ru57q5swvsx9y8yxj0d7.le.lpb
chara_monster,chara/npc/monster/specter/specternormalpld0j1,chara,224,211,111,True,True,0,,C:\Program Files (x86)\SquareEnix\FINAL FANTASY XIV\client\script\729s9\wu7\xvwrq5s\ru57q5s\ru57q5swvsx9yuy6j0i.le.lpb
chara_monster,chara/npc/monster/specter/specternormalstandard,chara,226,213,113,True,True,0,,C:\Program Files (x86)\SquareEnix\FINAL FANTASY XIV\client\script\729s9\wu7\xvwrq5s\ru57q5s\ru57q5swvsx9yrq9w69s6.le.lpb
chara_monster,chara/npc/monster/specter/specterstandard,chara,220,207,107,True,True,0,,C:\Program Files (x86)\SquareEnix\FINAL FANTASY XIV\client\script\729s9\wu7\xvwrq5s\ru57q5s\ru57q5srq9w69s6.le.lpb
chara_monster,chara/npc/monster/spider/spiderbaseclass,chara,216,203,103,True,True,0,,C:\Program Files (x86)\SquareEnix\FINAL FANTASY XIV\client\script\729s9\wu7\xvwrq5s\ru165s\ru165s89r57y9rr.le.lpb
chara_monster,chara/npc/monster/spider/spiderchildstandard,chara,221,208,108,True,True,0,,C:\Program Files (x86)\SquareEnix\FINAL FANTASY XIV\client\script\729s9\wu7\xvwrq5s\ru165s\ru165s721y6rq9w69s6.le.lpb
chara_monster,chara/npc/monster/spider/spiderfemalestandard,chara,222,209,109,True,True,0,,C:\Program Files (x86)\SquareEnix\FINAL FANTASY XIV\client\script\729s9\wu7\xvwrq5s\ru165s\ru165s45x9y5rq9w69s6.le.lpb
chara_monster,chara/npc/monster/spider/spidermalestandard,chara,220,207,107,True,True,0,,C:\Program Files (x86)\SquareEnix\FINAL FANTASY XIV\client\script\729s9\wu7\xvwrq5s\ru165s\ru165sx9y5rq9w69s6.le.lpb
chara_monster,chara/npc/monster/spider/spiderstandard,chara,216,203,103,True,True,0,,C:\Program Files (x86)\SquareEnix\FINAL FANTASY XIV\client\script\729s9\wu7\xvwrq5s\ru165s\ru165srq9w69s6.le.lpb
chara_monster,chara/npc/monster/sprite/spritebaseclass,chara,216,203,103,True,True,0,,C:\Program Files (x86)\SquareEnix\FINAL FANTASY XIV\client\script\729s9\wu7\xvwrq5s\rus1q5\rus1q589r57y9rr.le.lpb
chara_monster,chara/npc/monster/sprite/spritebrownlessernm,chara,221,208,108,True,True,0,,C:\Program Files (x86)\SquareEnix\FINAL FANTASY XIV\client\script\729s9\wu7\xvwrq5s\rus1q5\rus1q58svnwy5rr5swx.le.lpb
chara_monster,chara/npc/monster/sprite/spritebrownlesserstandard,chara,227,214,114,True,True,0,,C:\Program Files (x86)\SquareEnix\FINAL FANTASY XIV\client\script\729s9\wu7\xvwrq5s\rus1q5\rus1q58svnwy5rr5srq9w69s6.le.lpb
chara_monster,chara/npc/monster/sprite/spritebrownstandard,chara,221,208,108,True,True,0,,C:\Program Files (x86)\SquareEnix\FINAL FANTASY XIV\client\script\729s9\wu7\xvwrq5s\rus1q5\rus1q58svnwrq9w69s6.le.lpb
chara_monster,chara/npc/monster/sprite/spriteeasteregglv10,chara,221,208,108,True,True,0,,C:\Program Files (x86)\SquareEnix\FINAL FANTASY XIV\client\script\729s9\wu7\xvwrq5s\rus1q5\rus1q559rq5s533yoij.le.lpb
chara_monster,chara/npc/monster/sprite/spriteeasteregglv20,chara,221,208,108,True,True,0,,C:\Program Files (x86)\SquareEnix\FINAL FANTASY XIV\client\script\729s9\wu7\xvwrq5s\rus1q5\rus1q559rq5s533yohj.le.lpb
chara_monster,chara/npc/monster/sprite/spriteeasteregglv30,chara,221,208,108,True,True,0,,C:\Program Files (x86)\SquareEnix\FINAL FANTASY XIV\client\script\729s9\wu7\xvwrq5s\rus1q5\rus1q559rq5s533yogj.le.lpb
chara_monster,chara/npc/monster/sprite/spriteeasteregglv40,chara,221,208,108,True,True,0,,C:\Program Files (x86)\SquareEnix\FINAL FANTASY XIV\client\script\729s9\wu7\xvwrq5s\rus1q5\rus1q559rq5s533yofj.le.lpb
chara_monster,chara/npc/monster/sprite/spritepurplelesserstandard,chara,228,215,115,True,True,0,,C:\Program Files (x86)\SquareEnix\FINAL FANTASY XIV\client\script\729s9\wu7\xvwrq5s\rus1q5\rus1q5upsuy5y5rr5srq9w69s6.le.lpb
chara_monster,chara/npc/monster/sprite/spritepurplestandard,chara,222,209,109,True,True,0,,C:\Program Files (x86)\SquareEnix\FINAL FANTASY XIV\client\script\729s9\wu7\xvwrq5s\rus1q5\rus1q5upsuy5rq9w69s6.le.lpb
chara_monster,chara/npc/monster/sprite/spritestandard,chara,216,203,103,True,True,0,,C:\Program Files (x86)\SquareEnix\FINAL FANTASY XIV\client\script\729s9\wu7\xvwrq5s\rus1q5\rus1q5rq9w69s6.le.lpb
chara_monster,chara/npc/monster/sprite/spritewhitenormalnmf0f4,chara,225,212,112,True,True,0,,C:\Program Files (x86)\SquareEnix\FINAL FANTASY XIV\client\script\729s9\wu7\xvwrq5s\rus1q5\rus1q5n21q5wvsx9ywx4j4f.le.lpb
chara_monster,chara/npc/monster/sprite/spriteyellowlesserstandard,chara,228,215,115,True,True,0,,C:\Program Files (x86)\SquareEnix\FINAL FANTASY XIV\client\script\729s9\wu7\xvwrq5s\rus1q5\rus1q5l5yyvny5rr5srq9w69s6.le.lpb
chara_monster,chara/npc/monster/sprite/spriteyellowstandard,chara,222,209,109,True,True,0,,C:\Program Files (x86)\SquareEnix\FINAL FANTASY XIV\client\script\729s9\wu7\xvwrq5s\rus1q5\rus1q5l5yyvnrq9w69s6.le.lpb
chara_monster,chara/npc/monster/termite/termitebaseclass,chara,217,204,104,True,True,0,,C:\Program Files (x86)\SquareEnix\FINAL FANTASY XIV\client\script\729s9\wu7\xvwrq5s\q5sx1q5\q5sx1q589r57y9rr.le.lpb
chara_monster,chara/npc/monster/termite/termiteprincessstandard,chara,228,215,115,True,True,0,,C:\Program Files (x86)\SquareEnix\FINAL FANTASY XIV\client\script\729s9\wu7\xvwrq5s\q5sx1q5\q5sx1q5us1w75rrrq9w69s6.le.lpb
chara_monster,chara/npc/monster/termite/termitesoldier,chara,219,206,106,True,True,0,,C:\Program Files (x86)\SquareEnix\FINAL FANTASY XIV\client\script\729s9\wu7\xvwrq5s\q5sx1q5\q5sx1q5rvy615s.le.lpb
chara_monster,chara/npc/monster/termite/termitesoldiernm,chara,221,208,108,True,True,0,,C:\Program Files (x86)\SquareEnix\FINAL FANTASY XIV\client\script\729s9\wu7\xvwrq5s\q5sx1q5\q5sx1q5rvy615swx.le.lpb
chara_monster,chara/npc/monster/termite/termitesoldierstandard,chara,227,214,114,True,True,0,,C:\Program Files (x86)\SquareEnix\FINAL FANTASY XIV\client\script\729s9\wu7\xvwrq5s\q5sx1q5\q5sx1q5rvy615srq9w69s6.le.lpb
chara_monster,chara/npc/monster/termite/termitestandard,chara,220,207,107,True,True,0,,C:\Program Files (x86)\SquareEnix\FINAL FANTASY XIV\client\script\729s9\wu7\xvwrq5s\q5sx1q5\q5sx1q5rq9w69s6.le.lpb
chara_monster,chara/npc/monster/termite/termitewarriorstandard,chara,227,214,114,True,True,0,,C:\Program Files (x86)\SquareEnix\FINAL FANTASY XIV\client\script\729s9\wu7\xvwrq5s\q5sx1q5\q5sx1q5n9ss1vsrq9w69s6.le.lpb
chara_monster,chara/npc/monster/treant/treantbaseclass,chara,216,203,103,True,True,0,,C:\Program Files (x86)\SquareEnix\FINAL FANTASY XIV\client\script\729s9\wu7\xvwrq5s\qs59wq\qs59wq89r57y9rr.le.lpb
chara_monster,chara/npc/monster/treant/treantlessermorbolf0f4,chara,224,211,111,True,True,0,,C:\Program Files (x86)\SquareEnix\FINAL FANTASY XIV\client\script\729s9\wu7\xvwrq5s\qs59wq\qs59wqy5rr5sxvs8vy4j4f.le.lpb
chara_monster,chara/npc/monster/treant/treantlessernmf0f4,chara,220,207,107,True,True,0,,C:\Program Files (x86)\SquareEnix\FINAL FANTASY XIV\client\script\729s9\wu7\xvwrq5s\qs59wq\qs59wqy5rr5swx4j4f.le.lpb
chara_monster,chara/npc/monster/treant/treantlessernmrush,chara,220,207,107,True,True,0,,C:\Program Files (x86)\SquareEnix\FINAL FANTASY XIV\client\script\729s9\wu7\xvwrq5s\qs59wq\qs59wqy5rr5swxspr2.le.lpb
chara_monster,chara/npc/monster/treant/treantlesserstandard,chara,222,209,109,True,True,0,,C:\Program Files (x86)\SquareEnix\FINAL FANTASY XIV\client\script\729s9\wu7\xvwrq5s\qs59wq\qs59wqy5rr5srq9w69s6.le.lpb
chara_monster,chara/npc/monster/treant/treantlessertrainf0f4,chara,223,210,110,True,True,0,,C:\Program Files (x86)\SquareEnix\FINAL FANTASY XIV\client\script\729s9\wu7\xvwrq5s\qs59wq\qs59wqy5rr5sqs91w4j4f.le.lpb
chara_monster,chara/npc/monster/whitegeneral/whitegeneralbaseclass,chara,222,209,109,True,True,0,,C:\Program Files (x86)\SquareEnix\FINAL FANTASY XIV\client\script\729s9\wu7\xvwrq5s\n21q535w5s9y\n21q535w5s9y89r57y9rr.le.lpb
chara_monster,chara/npc/monster/whitegeneral/whitegenerallesser,chara,238,225,125,True,True,0,,C:\Program Files (x86)\SquareEnix\FINAL FANTASY XIV\client\script\729s9\wu7\xvwrq5s\n21q535w5s9y\n21q535w5s9yy5rr5s.le.lpb
chara_monster,chara/npc/monster/whitegeneral/whitegeneralmeteor,chara,320,307,186,True,True,0,,C:\Program Files (x86)\SquareEnix\FINAL FANTASY XIV\client\script\729s9\wu7\xvwrq5s\n21q535w5s9y\n21q535w5s9yx5q5vs.le.lpb
chara_monster,chara/npc/monster/whitegeneral/whitegeneralnormal,chara,238,225,125,True,True,0,,C:\Program Files (x86)\SquareEnix\FINAL FANTASY XIV\client\script\729s9\wu7\xvwrq5s\n21q535w5s9y\n21q535w5s9ywvsx9y.le.lpb
chara_monster,chara/npc/monster/willothewisp/willothewispbaseclass,chara,222,209,109,True,True,0,,C:\Program Files (x86)\SquareEnix\FINAL FANTASY XIV\client\script\729s9\wu7\xvwrq5s\n1yyvq25n1ru\n1yyvq25n1ru89r57y9rr.le.lpb
chara_monster,chara/npc/monster/willothewisp/willothewispnormal,chara,238,225,125,True,True,0,,C:\Program Files (x86)\SquareEnix\FINAL FANTASY XIV\client\script\729s9\wu7\xvwrq5s\n1yyvq25n1ru\n1yyvq25n1ruwvsx9y.le.lpb
chara_monster,chara/npc/monster/willothewisp/willothewispnormalstandard,chara,246,233,133,True,True,0,,C:\Program Files (x86)\SquareEnix\FINAL FANTASY XIV\client\script\729s9\wu7\xvwrq5s\n1yyvq25n1ru\n1yyvq25n1ruwvsx9yrq9w69s6.le.lpb
chara_monster,chara/npc/monster/willothewisp/willothewispstandard,chara,240,227,127,True,True,0,,C:\Program Files (x86)\SquareEnix\FINAL FANTASY XIV\client\script\729s9\wu7\xvwrq5s\n1yyvq25n1ru\n1yyvq25n1rurq9w69s6.le.lpb
chara_monster,chara/npc/monster/winglizard/winglizardbaseclass,chara,220,207,107,True,True,0,,C:\Program Files (x86)\SquareEnix\FINAL FANTASY XIV\client\script\729s9\wu7\xvwrq5s\n1w3y1k9s6\n1w3y1k9s689r57y9rr.le.lpb
chara_monster,chara/npc/monster/winglizard/winglizardlesserstandard,chara,238,225,125,True,True,0,,C:\Program Files (x86)\SquareEnix\FINAL FANTASY XIV\client\script\729s9\wu7\xvwrq5s\n1w3y1k9s6\n1w3y1k9s6y5rr5srq9w69s6.le.lpb
chara_monster,chara/npc/monster/winglizard/winglizardnormalnm,chara,232,219,119,True,True,0,,C:\Program Files (x86)\SquareEnix\FINAL FANTASY XIV\client\script\729s9\wu7\xvwrq5s\n1w3y1k9s6\n1w3y1k9s6wvsx9ywx.le.lpb
chara_monster,chara/npc/monster/winglizard/winglizardnormalstandard,chara,238,225,125,True,True,0,,C:\Program Files (x86)\SquareEnix\FINAL FANTASY XIV\client\script\729s9\wu7\xvwrq5s\n1w3y1k9s6\n1w3y1k9s6wvsx9yrq9w69s6.le.lpb
chara_monster,chara/npc/monster/winglizard/winglizardstandard,chara,232,219,119,True,True,0,,C:\Program Files (x86)\SquareEnix\FINAL FANTASY XIV\client\script\729s9\wu7\xvwrq5s\n1w3y1k9s6\n1w3y1k9s6rq9w69s6.le.lpb
chara_monster,chara/npc/monster/wolf/hyaenagmevent,chara,223,210,110,True,True,0,,C:\Program Files (x86)\SquareEnix\FINAL FANTASY XIV\client\script\729s9\wu7\xvwrq5s\nvy4\2l95w93x5o5wq.le.lpb
chara_monster,chara/npc/monster/wolf/hyaenanm,chara,204,191,91,True,True,0,,C:\Program Files (x86)\SquareEnix\FINAL FANTASY XIV\client\script\729s9\wu7\xvwrq5s\nvy4\2l95w9wx.le.lpb
chara_monster,chara/npc/monster/wolf/hyaenascenariomainlv42,chara,218,205,105,True,True,0,,C:\Program Files (x86)\SquareEnix\FINAL FANTASY XIV\client\script\729s9\wu7\xvwrq5s\nvy4\2l95w9r75w9s1vx91wyofh.le.lpb
chara_monster,chara/npc/monster/wolf/hyaenastandard,chara,210,197,97,True,True,0,,C:\Program Files (x86)\SquareEnix\FINAL FANTASY XIV\client\script\729s9\wu7\xvwrq5s\nvy4\2l95w9rq9w69s6.le.lpb
chara_monster,chara/npc/monster/wolf/wolfbaseclass,chara,214,201,101,True,True,0,,C:\Program Files (x86)\SquareEnix\FINAL FANTASY XIV\client\script\729s9\wu7\xvwrq5s\nvy4\nvy489r57y9rr.le.lpb
chara_monster,chara/npc/monster/wolf/wolfgmeventbaseclass,chara,221,208,108,True,True,0,,C:\Program Files (x86)\SquareEnix\FINAL FANTASY XIV\client\script\729s9\wu7\xvwrq5s\nvy4\nvy43x5o5wq89r57y9rr.le.lpb
chara_monster,chara/npc/monster/wolf/wolfhamlet,chara,206,193,93,True,True,0,,C:\Program Files (x86)\SquareEnix\FINAL FANTASY XIV\client\script\729s9\wu7\xvwrq5s\nvy4\nvy429xy5q.le.lpb
chara_monster,chara/npc/monster/wolf/wolfpublicfortpet01,chara,215,202,102,True,True,0,,C:\Program Files (x86)\SquareEnix\FINAL FANTASY XIV\client\script\729s9\wu7\xvwrq5s\nvy4\nvy4up8y174vsqu5qji.le.lpb
chara_monster,chara/npc/monster/wolf/wolfscenariogridanialv00,chara,220,207,107,True,True,0,,C:\Program Files (x86)\SquareEnix\FINAL FANTASY XIV\client\script\729s9\wu7\xvwrq5s\nvy4\nvy4r75w9s1v3s169w19yojj.le.lpb
chara_monster,chara/npc/monster/wolf/wolfstandard,chara,208,195,95,True,True,0,,C:\Program Files (x86)\SquareEnix\FINAL FANTASY XIV\client\script\729s9\wu7\xvwrq5s\nvy4\nvy4rq9w69s6.le.lpb
chara_monster,chara/npc/monster/wolf/wolfstandardfactionemp1,chara,219,206,106,True,True,0,,C:\Program Files (x86)\SquareEnix\FINAL FANTASY XIV\client\script\729s9\wu7\xvwrq5s\nvy4\nvy4rq9w69s6497q1vw5xui.le.lpb
chara_monster,chara/npc/monster/wolf/wolfwolfmooglef0f4,chara,214,201,101,True,True,0,,C:\Program Files (x86)\SquareEnix\FINAL FANTASY XIV\client\script\729s9\wu7\xvwrq5s\nvy4\nvy4nvy4xvv3y54j4f.le.lpb
chara_monster,chara/npc/monster/wolf/wolfwolfnm,chara,206,193,93,True,True,0,,C:\Program Files (x86)\SquareEnix\FINAL FANTASY XIV\client\script\729s9\wu7\xvwrq5s\nvy4\nvy4nvy4wx.le.lpb
chara_monster,chara/npc/monster/yak/yakbaseclass,chara,213,200,100,True,True,0,,C:\Program Files (x86)\SquareEnix\FINAL FANTASY XIV\client\script\729s9\wu7\xvwrq5s\l9z\l9z89r57y9rr.le.lpb
chara_monster,chara/npc/monster/yak/yakfemalenmmob,chara,207,194,94,True,True,0,,C:\Program Files (x86)\SquareEnix\FINAL FANTASY XIV\client\script\729s9\wu7\xvwrq5s\l9z\l9z45x9y5wxxv8.le.lpb
chara_monster,chara/npc/monster/yak/yakfemalestandard,chara,210,197,97,True,True,0,,C:\Program Files (x86)\SquareEnix\FINAL FANTASY XIV\client\script\729s9\wu7\xvwrq5s\l9z\l9z45x9y5rq9w69s6.le.lpb
chara_monster,chara/npc/monster/yak/yakmalenm,chara,202,189,89,True,True,0,,C:\Program Files (x86)\SquareEnix\FINAL FANTASY XIV\client\script\729s9\wu7\xvwrq5s\l9z\l9zx9y5wx.le.lpb
chara_monster,chara/npc/monster/yak/yakmalenmmob,chara,205,192,92,True,True,0,,C:\Program Files (x86)\SquareEnix\FINAL FANTASY XIV\client\script\729s9\wu7\xvwrq5s\l9z\l9zx9y5wxxv8.le.lpb
chara_monster,chara/npc/monster/yak/yakmalenmrush,chara,206,193,93,True,True,0,,C:\Program Files (x86)\SquareEnix\FINAL FANTASY XIV\client\script\729s9\wu7\xvwrq5s\l9z\l9zx9y5wxspr2.le.lpb
chara_monster,chara/npc/monster/yak/yakmalestandard,chara,208,195,95,True,True,0,,C:\Program Files (x86)\SquareEnix\FINAL FANTASY XIV\client\script\729s9\wu7\xvwrq5s\l9z\l9zx9y5rq9w69s6.le.lpb
chara_monster,chara/npc/monster/yak/yakstandard,chara,204,191,91,True,True,0,,C:\Program Files (x86)\SquareEnix\FINAL FANTASY XIV\client\script\729s9\wu7\xvwrq5s\l9z\l9zrq9w69s6.le.lpb
chara_non_monster,chara/npc/npcbaseclass,chara,5938,5925,6535,True,True,0,,C:\Program Files (x86)\SquareEnix\FINAL FANTASY XIV\client\script\729s9\wu7\wu789r57y9rr.le.lpb
chara_non_monster,chara/npc/npcbaseclass_battle,chara,1079,1066,833,True,True,0,,C:\Program Files (x86)\SquareEnix\FINAL FANTASY XIV\client\script\729s9\wu7\wu789r57y9rr_89qqy5.le.lpb
chara_non_monster,chara/npc/npcbaseclass_battletest,chara,69,56,17,True,True,0,,C:\Program Files (x86)\SquareEnix\FINAL FANTASY XIV\client\script\729s9\wu7\wu789r57y9rr_89qqy5q5rq.le.lpb
chara_non_monster,chara/npc/npcbaseclass_event,chara,6262,6249,14065,True,True,0,,C:\Program Files (x86)\SquareEnix\FINAL FANTASY XIV\client\script\729s9\wu7\wu789r57y9rr_5o5wq.le.lpb
chara_non_monster,chara/npc/npcbaseclass_u,chara,3160,3147,4285,True,True,0,,C:\Program Files (x86)\SquareEnix\FINAL FANTASY XIV\client\script\729s9\wu7\wu789r57y9rr_p.le.lpb
chara_non_monster,chara/npc/npcdefault,chara,336,323,200,True,True,0,,C:\Program Files (x86)\SquareEnix\FINAL FANTASY XIV\client\script\729s9\wu7\wu76549pyq.le.lpb
chara_non_monster,chara/npc/object/aetheryte/aetherytebaseclass,chara,6271,6258,10814,True,True,0,,C:\Program Files (x86)\SquareEnix\FINAL FANTASY XIV\client\script\729s9\wu7\v8057q\95q25slq5\95q25slq589r57y9rr.le.lpb
chara_non_monster,chara/npc/object/aetheryte/aetherytebeastchild,chara,457,444,357,True,True,0,,C:\Program Files (x86)\SquareEnix\FINAL FANTASY XIV\client\script\729s9\wu7\v8057q\95q25slq5\95q25slq5859rq721y6.le.lpb
chara_non_monster,chara/npc/object/aetheryte/aetherytebeastparent,chara,527,514,414,True,True,0,,C:\Program Files (x86)\SquareEnix\FINAL FANTASY XIV\client\script\729s9\wu7\v8057q\95q25slq5\95q25slq5859rqu9s5wq.le.lpb
chara_non_monster,chara/npc/object/aetheryte/aetherytechild,chara,2608,2595,4295,True,True,0,,C:\Program Files (x86)\SquareEnix\FINAL FANTASY XIV\client\script\729s9\wu7\v8057q\95q25slq5\95q25slq5721y6.le.lpb
chara_non_monster,chara/npc/object/aetheryte/aetheryteparent,chara,9809,9796,23054,True,True,0,,C:\Program Files (x86)\SquareEnix\FINAL FANTASY XIV\client\script\729s9\wu7\v8057q\95q25slq5\95q25slq5u9s5wq.le.lpb
chara_non_monster,chara/npc/object/beasttribesmachine,chara,699,686,716,True,True,0,,C:\Program Files (x86)\SquareEnix\FINAL FANTASY XIV\client\script\729s9\wu7\v8057q\859rqqs185rx9721w5.le.lpb
chara_non_monster,chara/npc/object/beasttribesmachine2,chara,730,717,746,True,True,0,,C:\Program Files (x86)\SquareEnix\FINAL FANTASY XIV\client\script\729s9\wu7\v8057q\859rqqs185rx9721w5h.le.lpb
chara_non_monster,chara/npc/object/beasttribespoptriger,chara,572,559,450,True,True,0,,C:\Program Files (x86)\SquareEnix\FINAL FANTASY XIV\client\script\729s9\wu7\v8057q\859rqqs185ruvuqs135s.le.lpb
chara_non_monster,chara/npc/object/bggridaniawdkpuzzle,chara,354,341,233,True,True,0,,C:\Program Files (x86)\SquareEnix\FINAL FANTASY XIV\client\script\729s9\wu7\v8057q\833s169w19n6zupkky5.le.lpb
chara_non_monster,chara/npc/object/bgkeepout,chara,344,331,203,True,True,0,,C:\Program Files (x86)\SquareEnix\FINAL FANTASY XIV\client\script\729s9\wu7\v8057q\83z55uvpq.le.lpb
chara_non_monster,chara/npc/object/bookshelf,chara,2078,2065,6508,True,True,0,,C:\Program Files (x86)\SquareEnix\FINAL FANTASY XIV\client\script\729s9\wu7\v8057q\8vvzr25y4.le.lpb
chara_non_monster,chara/npc/object/chocobostop,chara,419,406,275,True,True,0,,C:\Program Files (x86)\SquareEnix\FINAL FANTASY XIV\client\script\729s9\wu7\v8057q\72v7v8vrqvu.le.lpb
chara_non_monster,chara/npc/object/devicepoint,chara,192,179,79,True,True,0,,C:\Program Files (x86)\SquareEnix\FINAL FANTASY XIV\client\script\729s9\wu7\v8057q\65o175uv1wq.le.lpb
chara_non_monster,chara/npc/object/elevatorstandard,chara,2502,2489,2335,True,True,0,,C:\Program Files (x86)\SquareEnix\FINAL FANTASY XIV\client\script\729s9\wu7\v8057q\5y5o9qvsrq9w69s6.le.lpb
chara_non_monster,chara/npc/object/guildleveareanotice,chara,274,261,152,True,True,0,,C:\Program Files (x86)\SquareEnix\FINAL FANTASY XIV\client\script\729s9\wu7\v8057q\3p1y6y5o59s59wvq175.le.lpb
chara_non_monster,chara/npc/object/guildlevebonustreasurebox,chara,455,442,354,True,True,0,,C:\Program Files (x86)\SquareEnix\FINAL FANTASY XIV\client\script\729s9\wu7\v8057q\3p1y6y5o58vwprqs59rps58vm.le.lpb
chara_non_monster,chara/npc/object/guildleveguidepoint,chara,350,337,219,True,True,0,,C:\Program Files (x86)\SquareEnix\FINAL FANTASY XIV\client\script\729s9\wu7\v8057q\3p1y6y5o53p165uv1wq.le.lpb
chara_non_monster,chara/npc/object/guildlevehiddenpoint,chara,351,338,222,True,True,0,,C:\Program Files (x86)\SquareEnix\FINAL FANTASY XIV\client\script\729s9\wu7\v8057q\3p1y6y5o521665wuv1wq.le.lpb
chara_non_monster,chara/npc/object/guildlevesearchpoint,chara,450,437,334,True,True,0,,C:\Program Files (x86)\SquareEnix\FINAL FANTASY XIV\client\script\729s9\wu7\v8057q\3p1y6y5o5r59s72uv1wq.le.lpb
chara_non_monster,chara/npc/object/guildlevewarppoint,chara,4401,4388,8212,True,True,0,,C:\Program Files (x86)\SquareEnix\FINAL FANTASY XIV\client\script\729s9\wu7\v8057q\3p1y6y5o5n9suuv1wq.le.lpb
chara_non_monster,chara/npc/object/marketentrance,chara,1646,1633,3244,True,True,0,,C:\Program Files (x86)\SquareEnix\FINAL FANTASY XIV\client\script\729s9\wu7\v8057q\x9sz5q5wqs9w75.le.lpb
chara_non_monster,chara/npc/object/marketmaster,chara,267,254,138,True,True,0,,C:\Program Files (x86)\SquareEnix\FINAL FANTASY XIV\client\script\729s9\wu7\v8057q\x9sz5qx9rq5s.le.lpb
chara_non_monster,chara/npc/object/materiabook,chara,1863,1850,3372,True,True,0,,C:\Program Files (x86)\SquareEnix\FINAL FANTASY XIV\client\script\729s9\wu7\v8057q\x9q5s198vvz.le.lpb
chara_non_monster,chara/npc/object/miningpoint,chara,744,731,687,True,True,0,,C:\Program Files (x86)\SquareEnix\FINAL FANTASY XIV\client\script\729s9\wu7\v8057q\x1w1w3uv1wq.le.lpb
chara_non_monster,chara/npc/object/musicchange,chara,665,652,551,True,True,0,,C:\Program Files (x86)\SquareEnix\FINAL FANTASY XIV\client\script\729s9\wu7\v8057q\xpr17729w35.le.lpb
chara_non_monster,chara/npc/object/objectairship,chara,298,285,154,True,True,0,,C:\Program Files (x86)\SquareEnix\FINAL FANTASY XIV\client\script\729s9\wu7\v8057q\v8057q91sr21u.le.lpb
chara_non_monster,chara/npc/object/objectbed,chara,2650,2637,3804,True,True,0,,C:\Program Files (x86)\SquareEnix\FINAL FANTASY XIV\client\script\729s9\wu7\v8057q\v8057q856.le.lpb
chara_non_monster,chara/npc/object/objectbell,chara,517,504,374,True,True,0,,C:\Program Files (x86)\SquareEnix\FINAL FANTASY XIV\client\script\729s9\wu7\v8057q\v8057q85yy.le.lpb
chara_non_monster,chara/npc/object/objectbigsnowman,chara,301,288,160,True,True,0,,C:\Program Files (x86)\SquareEnix\FINAL FANTASY XIV\client\script\729s9\wu7\v8057q\v8057q813rwvnx9w.le.lpb
chara_non_monster,chara/npc/object/objecteggpod,chara,297,284,152,True,True,0,,C:\Program Files (x86)\SquareEnix\FINAL FANTASY XIV\client\script\729s9\wu7\v8057q\v8057q533uv6.le.lpb
chara_non_monster,chara/npc/object/objecteventdoor,chara,495,482,289,True,True,0,,C:\Program Files (x86)\SquareEnix\FINAL FANTASY XIV\client\script\729s9\wu7\v8057q\v8057q5o5wq6vvs.le.lpb
chara_non_monster,chara/npc/object/objectguardiantree,chara,353,340,230,True,True,0,,C:\Program Files (x86)\SquareEnix\FINAL FANTASY XIV\client\script\729s9\wu7\v8057q\v8057q3p9s619wqs55.le.lpb
chara_non_monster,chara/npc/object/objectinndoor,chara,474,461,377,True,True,0,,C:\Program Files (x86)\SquareEnix\FINAL FANTASY XIV\client\script\729s9\wu7\v8057q\v8057q1ww6vvs.le.lpb
chara_non_monster,chara/npc/object/objectitemstorage,chara,1312,1299,1476,True,True,0,,C:\Program Files (x86)\SquareEnix\FINAL FANTASY XIV\client\script\729s9\wu7\v8057q\v8057q1q5xrqvs935.le.lpb
chara_non_monster,chara/npc/object/objectlimitedtime,chara,425,412,293,True,True,0,,C:\Program Files (x86)\SquareEnix\FINAL FANTASY XIV\client\script\729s9\wu7\v8057q\v8057qy1x1q56q1x5.le.lpb
chara_non_monster,chara/npc/object/objectmapsafety,chara,379,366,224,True,True,0,,C:\Program Files (x86)\SquareEnix\FINAL FANTASY XIV\client\script\729s9\wu7\v8057q\v8057qx9ur945ql.le.lpb
chara_non_monster,chara/npc/object/objectnpclincshellpoint,chara,204,191,91,True,True,0,,C:\Program Files (x86)\SquareEnix\FINAL FANTASY XIV\client\script\729s9\wu7\v8057q\v8057qwu7y1w7r25yyuv1wq.le.lpb
chara_non_monster,chara/npc/object/objectregionjump,chara,351,338,224,True,True,0,,C:\Program Files (x86)\SquareEnix\FINAL FANTASY XIV\client\script\729s9\wu7\v8057q\v8057qs531vw0pxu.le.lpb
chara_non_monster,chara/npc/object/objectship,chara,550,537,446,True,True,0,,C:\Program Files (x86)\SquareEnix\FINAL FANTASY XIV\client\script\729s9\wu7\v8057q\v8057qr21u.le.lpb
chara_non_monster,chara/npc/object/objectsnowthrowbell,chara,304,291,166,True,True,0,,C:\Program Files (x86)\SquareEnix\FINAL FANTASY XIV\client\script\729s9\wu7\v8057q\v8057qrwvnq2svn85yy.le.lpb
chara_non_monster,chara/npc/object/openingstoperf0b1,chara,416,403,291,True,True,0,,C:\Program Files (x86)\SquareEnix\FINAL FANTASY XIV\client\script\729s9\wu7\v8057q\vu5w1w3rqvu5s4j8i.le.lpb
chara_non_monster,chara/npc/object/openingstoperw0b1,chara,302,289,162,True,True,0,,C:\Program Files (x86)\SquareEnix\FINAL FANTASY XIV\client\script\729s9\wu7\v8057q\vu5w1w3rqvu5snj8i.le.lpb
chara_non_monster,chara/npc/object/openingtowneventkeeper,chara,386,373,245,True,True,0,,C:\Program Files (x86)\SquareEnix\FINAL FANTASY XIV\client\script\729s9\wu7\v8057q\vu5w1w3qvnw5o5wqz55u5s.le.lpb
chara_non_monster,chara/npc/object/taskboard,chara,294,281,146,True,True,0,,C:\Program Files (x86)\SquareEnix\FINAL FANTASY XIV\client\script\729s9\wu7\v8057q\q9rz8v9s6.le.lpb
chara_non_monster,chara/npc/object/testobject,chara,345,332,206,True,True,0,,C:\Program Files (x86)\SquareEnix\FINAL FANTASY XIV\client\script\729s9\wu7\v8057q\q5rqv8057q.le.lpb
chara_non_monster,chara/npc/object/treasurebox/animatreasurebox,chara,806,793,552,True,True,0,,C:\Program Files (x86)\SquareEnix\FINAL FANTASY XIV\client\script\729s9\wu7\v8057q\qs59rps58vm\9w1x9qs59rps58vm.le.lpb
chara_non_monster,chara/npc/object/treasurebox/publictreasurebox,chara,513,500,329,True,True,0,,C:\Program Files (x86)\SquareEnix\FINAL FANTASY XIV\client\script\729s9\wu7\v8057q\qs59rps58vm\up8y17qs59rps58vm.le.lpb
chara_non_monster,chara/npc/object/treasurebox/treasureboxbaseclass,chara,493,480,336,True,True,0,,C:\Program Files (x86)\SquareEnix\FINAL FANTASY XIV\client\script\729s9\wu7\v8057q\qs59rps58vm\qs59rps58vm89r57y9rr.le.lpb
chara_non_monster,chara/npc/object/tutorialbattlestoper,chara,305,292,168,True,True,0,,C:\Program Files (x86)\SquareEnix\FINAL FANTASY XIV\client\script\729s9\wu7\v8057q\qpqvs19y89qqy5rqvu5s.le.lpb
chara_non_monster,chara/npc/populace/populaceachievement,chara,7555,7542,14838,True,True,0,,C:\Program Files (x86)\SquareEnix\FINAL FANTASY XIV\client\script\729s9\wu7\uvupy975\uvupy97597215o5x5wq.le.lpb
chara_non_monster,chara/npc/populace/populaceblackmarketeer,chara,5961,5948,9777,True,True,0,,C:\Program Files (x86)\SquareEnix\FINAL FANTASY XIV\client\script\729s9\wu7\uvupy975\uvupy9758y97zx9sz5q55s.le.lpb
chara_non_monster,chara/npc/populace/populacebountypresenter,chara,3646,3633,4344,True,True,0,,C:\Program Files (x86)\SquareEnix\FINAL FANTASY XIV\client\script\729s9\wu7\uvupy975\uvupy9758vpwqlus5r5wq5s.le.lpb
chara_non_monster,chara/npc/populace/populacebranchsvendor,chara,3241,3228,8369,True,True,0,,C:\Program Files (x86)\SquareEnix\FINAL FANTASY XIV\client\script\729s9\wu7\uvupy975\uvupy9758s9w72ro5w6vs.le.lpb
chara_non_monster,chara/npc/populace/populacebsm300mimidoa,chara,306,293,169,True,True,0,,C:\Program Files (x86)\SquareEnix\FINAL FANTASY XIV\client\script\729s9\wu7\uvupy975\uvupy9758rxgjjx1x16v9.le.lpb
chara_non_monster,chara/npc/populace/populacebsmhammer,chara,348,335,213,True,True,0,,C:\Program Files (x86)\SquareEnix\FINAL FANTASY XIV\client\script\729s9\wu7\uvupy975\uvupy9758rx29xx5s.le.lpb
chara_non_monster,chara/npc/populace/populacecampmaster,chara,5415,5402,23784,True,True,0,,C:\Program Files (x86)\SquareEnix\FINAL FANTASY XIV\client\script\729s9\wu7\uvupy975\uvupy97579xux9rq5s.le.lpb
chara_non_monster,chara/npc/populace/populacecampsubmaster,chara,3567,3554,7846,True,True,0,,C:\Program Files (x86)\SquareEnix\FINAL FANTASY XIV\client\script\729s9\wu7\uvupy975\uvupy97579xurp8x9rq5s.le.lpb
chara_non_monster,chara/npc/populace/populacecaravanadviser,chara,2473,2460,2330,True,True,0,,C:\Program Files (x86)\SquareEnix\FINAL FANTASY XIV\client\script\729s9\wu7\uvupy975\uvupy97579s9o9w96o1r5s.le.lpb
chara_non_monster,chara/npc/populace/populacecaravanguide,chara,4831,4818,4916,True,True,0,,C:\Program Files (x86)\SquareEnix\FINAL FANTASY XIV\client\script\729s9\wu7\uvupy975\uvupy97579s9o9w3p165.le.lpb
chara_non_monster,chara/npc/populace/populacecaravanmanager,chara,5215,5202,7464,True,True,0,,C:\Program Files (x86)\SquareEnix\FINAL FANTASY XIV\client\script\729s9\wu7\uvupy975\uvupy97579s9o9wx9w935s.le.lpb
chara_non_monster,chara/npc/populace/populacechocobolender,chara,9156,9143,13405,True,True,0,,C:\Program Files (x86)\SquareEnix\FINAL FANTASY XIV\client\script\729s9\wu7\uvupy975\uvupy97572v7v8vy5w65s.le.lpb
chara_non_monster,chara/npc/populace/populacecompanybuffer,chara,2454,2441,3429,True,True,0,,C:\Program Files (x86)\SquareEnix\FINAL FANTASY XIV\client\script\729s9\wu7\uvupy975\uvupy9757vxu9wl8p445s.le.lpb
chara_non_monster,chara/npc/populace/populacecompanyglpublisher,chara,8511,8498,13273,True,True,0,,C:\Program Files (x86)\SquareEnix\FINAL FANTASY XIV\client\script\729s9\wu7\uvupy975\uvupy9757vxu9wl3yup8y1r25s.le.lpb
chara_non_monster,chara/npc/populace/populacecompanyguide,chara,4279,4266,7075,True,True,0,,C:\Program Files (x86)\SquareEnix\FINAL FANTASY XIV\client\script\729s9\wu7\uvupy975\uvupy9757vxu9wl3p165.le.lpb
chara_non_monster,chara/npc/populace/populacecompanyofficer,chara,9434,9421,13052,True,True,0,,C:\Program Files (x86)\SquareEnix\FINAL FANTASY XIV\client\script\729s9\wu7\uvupy975\uvupy9757vxu9wlv44175s.le.lpb
chara_non_monster,chara/npc/populace/populacecompanyshop,chara,16912,16899,39470,True,True,0,,C:\Program Files (x86)\SquareEnix\FINAL FANTASY XIV\client\script\729s9\wu7\uvupy975\uvupy9757vxu9wlr2vu.le.lpb
chara_non_monster,chara/npc/populace/populacecompanysupply,chara,4820,4807,6559,True,True,0,,C:\Program Files (x86)\SquareEnix\FINAL FANTASY XIV\client\script\729s9\wu7\uvupy975\uvupy9757vxu9wlrpuuyl.le.lpb
chara_non_monster,chara/npc/populace/populacecompanywarp,chara,3356,3343,4801,True,True,0,,C:\Program Files (x86)\SquareEnix\FINAL FANTASY XIV\client\script\729s9\wu7\uvupy975\uvupy9757vxu9wln9su.le.lpb
chara_non_monster,chara/npc/populace/populacefactionglworker,chara,22527,22514,35421,True,True,0,,C:\Program Files (x86)\SquareEnix\FINAL FANTASY XIV\client\script\729s9\wu7\uvupy975\uvupy975497q1vw3ynvsz5s.le.lpb
chara_non_monster,chara/npc/populace/populaceflyingship,chara,2194,2181,3452,True,True,0,,C:\Program Files (x86)\SquareEnix\FINAL FANTASY XIV\client\script\729s9\wu7\uvupy975\uvupy9754yl1w3r21u.le.lpb
chara_non_monster,chara/npc/populace/populaceglkeyperson,chara,2629,2616,2703,True,True,0,,C:\Program Files (x86)\SquareEnix\FINAL FANTASY XIV\client\script\729s9\wu7\uvupy975\uvupy9753yz5lu5srvw.le.lpb
chara_non_monster,chara/npc/populace/populacegmeventsage,chara,1405,1392,1012,True,True,0,,C:\Program Files (x86)\SquareEnix\FINAL FANTASY XIV\client\script\729s9\wu7\uvupy975\uvupy9753x5o5wqr935.le.lpb
chara_non_monster,chara/npc/populace/populacegmeventsagecryer,chara,1129,1116,908,True,True,0,,C:\Program Files (x86)\SquareEnix\FINAL FANTASY XIV\client\script\729s9\wu7\uvupy975\uvupy9753x5o5wqr9357sl5s.le.lpb
chara_non_monster,chara/npc/populace/populacegmeventtelepogatein,chara,680,667,473,True,True,0,,C:\Program Files (x86)\SquareEnix\FINAL FANTASY XIV\client\script\729s9\wu7\uvupy975\uvupy9753x5o5wqq5y5uv39q51w.le.lpb
chara_non_monster,chara/npc/populace/populacegmeventtelepogateout,chara,691,678,496,True,True,0,,C:\Program Files (x86)\SquareEnix\FINAL FANTASY XIV\client\script\729s9\wu7\uvupy975\uvupy9753x5o5wqq5y5uv39q5vpq.le.lpb
chara_non_monster,chara/npc/populace/populacegmeventtelepolure,chara,662,649,455,True,True,0,,C:\Program Files (x86)\SquareEnix\FINAL FANTASY XIV\client\script\729s9\wu7\uvupy975\uvupy9753x5o5wqq5y5uvyps5.le.lpb
chara_non_monster,chara/npc/populace/populacegmeventteleporeception,chara,1801,1788,1639,True,True,0,,C:\Program Files (x86)\SquareEnix\FINAL FANTASY XIV\client\script\729s9\wu7\uvupy975\uvupy9753x5o5wqq5y5uvs575uq1vw.le.lpb
chara_non_monster,chara/npc/populace/populacegmeventtelepotowncryer,chara,677,664,488,True,True,0,,C:\Program Files (x86)\SquareEnix\FINAL FANTASY XIV\client\script\729s9\wu7\uvupy975\uvupy9753x5o5wqq5y5uvqvnw7sl5s.le.lpb
chara_non_monster,chara/npc/populace/populacegmeventtownreporter,chara,2566,2553,2924,True,True,0,,C:\Program Files (x86)\SquareEnix\FINAL FANTASY XIV\client\script\729s9\wu7\uvupy975\uvupy9753x5o5wqqvnws5uvsq5s.le.lpb
chara_non_monster,chara/npc/populace/populaceguildlevepublisher,chara,9115,9102,23044,True,True,0,,C:\Program Files (x86)\SquareEnix\FINAL FANTASY XIV\client\script\729s9\wu7\uvupy975\uvupy9753p1y6y5o5up8y1r25s.le.lpb
chara_non_monster,chara/npc/populace/populaceguildlevetester,chara,4716,4703,8326,True,True,0,,C:\Program Files (x86)\SquareEnix\FINAL FANTASY XIV\client\script\729s9\wu7\uvupy975\uvupy9753p1y6y5o5q5rq5s.le.lpb
chara_non_monster,chara/npc/populace/populacehalloweentrans,chara,1626,1613,1373,True,True,0,,C:\Program Files (x86)\SquareEnix\FINAL FANTASY XIV\client\script\729s9\wu7\uvupy975\uvupy97529yyvn55wqs9wr.le.lpb
chara_non_monster,chara/npc/populace/populacehamletbreeder,chara,2210,2197,2237,True,True,0,,C:\Program Files (x86)\SquareEnix\FINAL FANTASY XIV\client\script\729s9\wu7\uvupy975\uvupy97529xy5q8s5565s.le.lpb
chara_non_monster,chara/npc/populace/populacehamletcaptain,chara,3485,3472,4580,True,True,0,,C:\Program Files (x86)\SquareEnix\FINAL FANTASY XIV\client\script\729s9\wu7\uvupy975\uvupy97529xy5q79uq91w.le.lpb
chara_non_monster,chara/npc/populace/populacehamletpushevent,chara,4676,4663,6649,True,True,0,,C:\Program Files (x86)\SquareEnix\FINAL FANTASY XIV\client\script\729s9\wu7\uvupy975\uvupy97529xy5qupr25o5wq.le.lpb
chara_non_monster,chara/npc/populace/populacehamletsupply,chara,3416,3403,4776,True,True,0,,C:\Program Files (x86)\SquareEnix\FINAL FANTASY XIV\client\script\729s9\wu7\uvupy975\uvupy97529xy5qrpuuyl.le.lpb
chara_non_monster,chara/npc/populace/populacehiddenpoint,chara,403,390,277,True,True,0,,C:\Program Files (x86)\SquareEnix\FINAL FANTASY XIV\client\script\729s9\wu7\uvupy975\uvupy97521665wuv1wq.le.lpb
chara_non_monster,chara/npc/populace/populaceitemrepairer,chara,4762,4749,8818,True,True,0,,C:\Program Files (x86)\SquareEnix\FINAL FANTASY XIV\client\script\729s9\wu7\uvupy975\uvupy9751q5xs5u91s5s.le.lpb
chara_non_monster,chara/npc/populace/populacenmreward,chara,7126,7113,33166,True,True,0,,C:\Program Files (x86)\SquareEnix\FINAL FANTASY XIV\client\script\729s9\wu7\uvupy975\uvupy975wxs5n9s6.le.lpb
chara_non_monster,chara/npc/populace/populacenmrushguide,chara,3193,3180,3001,True,True,0,,C:\Program Files (x86)\SquareEnix\FINAL FANTASY XIV\client\script\729s9\wu7\uvupy975\uvupy975wxspr23p165.le.lpb
chara_non_monster,chara/npc/populace/populacepassiveglpublisher,chara,5122,5109,6338,True,True,0,,C:\Program Files (x86)\SquareEnix\FINAL FANTASY XIV\client\script\729s9\wu7\uvupy975\uvupy975u9rr1o53yup8y1r25s.le.lpb
chara_non_monster,chara/npc/populace/populacesageleader,chara,303,290,164,True,True,0,,C:\Program Files (x86)\SquareEnix\FINAL FANTASY XIV\client\script\729s9\wu7\uvupy975\uvupy975r935y5965s.le.lpb
chara_non_monster,chara/npc/populace/populacesmbsm306,chara,301,288,159,True,True,0,,C:\Program Files (x86)\SquareEnix\FINAL FANTASY XIV\client\script\729s9\wu7\uvupy975\uvupy975rx8rxgjd.le.lpb
chara_non_monster,chara/npc/populace/populacesnpcstandard,chara,201,188,88,True,True,0,,C:\Program Files (x86)\SquareEnix\FINAL FANTASY XIV\client\script\729s9\wu7\uvupy975\uvupy975rwu7rq9w69s6.le.lpb
chara_non_monster,chara/npc/populace/populacespecialeventcryer,chara,3410,3397,4061,True,True,0,,C:\Program Files (x86)\SquareEnix\FINAL FANTASY XIV\client\script\729s9\wu7\uvupy975\uvupy975ru5719y5o5wq7sl5s.le.lpb
chara_non_monster,chara/npc/populace/populacestandard,chara,301,288,160,True,True,0,,C:\Program Files (x86)\SquareEnix\FINAL FANTASY XIV\client\script\729s9\wu7\uvupy975\uvupy975rq9w69s6.le.lpb
chara_non_monster,chara/npc/populace/populacesumfes,chara,1812,1799,1651,True,True,0,,C:\Program Files (x86)\SquareEnix\FINAL FANTASY XIV\client\script\729s9\wu7\uvupy975\uvupy975rpx45r.le.lpb
chara_non_monster,chara/npc/populace/populaceswimsuit2011,chara,386,373,229,True,True,0,,C:\Program Files (x86)\SquareEnix\FINAL FANTASY XIV\client\script\729s9\wu7\uvupy975\uvupy975rn1xrp1qhjii.le.lpb
chara_non_monster,chara/npc/populace/populacetowncryer,chara,12324,12311,16733,True,True,0,,C:\Program Files (x86)\SquareEnix\FINAL FANTASY XIV\client\script\729s9\wu7\uvupy975\uvupy975qvnw7sl5s.le.lpb
chara_non_monster,chara/npc/populace/populacetutorial,chara,197,184,84,True,True,0,,C:\Program Files (x86)\SquareEnix\FINAL FANTASY XIV\client\script\729s9\wu7\uvupy975\uvupy975qpqvs19y.le.lpb
chara_non_monster,chara/npc/populace/populacetutorialstopper,chara,204,191,91,True,True,0,,C:\Program Files (x86)\SquareEnix\FINAL FANTASY XIV\client\script\729s9\wu7\uvupy975\uvupy975qpqvs19yrqvuu5s.le.lpb
chara_non_monster,chara/npc/populace/populacevalentmaster,chara,10859,10846,9957,True,True,0,,C:\Program Files (x86)\SquareEnix\FINAL FANTASY XIV\client\script\729s9\wu7\uvupy975\uvupy975o9y5wqx9rq5s.le.lpb
chara_non_monster,chara/npc/populace/populacewaveattack,chara,1862,1849,1832,True,True,0,,C:\Program Files (x86)\SquareEnix\FINAL FANTASY XIV\client\script\729s9\wu7\uvupy975\uvupy975n9o59qq97z.le.lpb
chara_non_monster,chara/npc/populace/populacewaveattackcryer,chara,5231,5218,7187,True,True,0,,C:\Program Files (x86)\SquareEnix\FINAL FANTASY XIV\client\script\729s9\wu7\uvupy975\uvupy975n9o59qq97z7sl5s.le.lpb
chara_non_monster,chara/npc/populace/populaceyukata,chara,2496,2483,2759,True,True,0,,C:\Program Files (x86)\SquareEnix\FINAL FANTASY XIV\client\script\729s9\wu7\uvupy975\uvupy975lpz9q9.le.lpb
chara_non_monster,chara/npc/populace/shop/populaceguildshop,chara,6627,6614,10601,True,True,0,,C:\Program Files (x86)\SquareEnix\FINAL FANTASY XIV\client\script\729s9\wu7\uvupy975\r2vu\uvupy9753p1y6r2vu.le.lpb
chara_non_monster,chara/npc/populace/shop/populaceshopmateriaremover,chara,3447,3434,3773,True,True,0,,C:\Program Files (x86)\SquareEnix\FINAL FANTASY XIV\client\script\729s9\wu7\uvupy975\r2vu\uvupy975r2vux9q5s19s5xvo5s.le.lpb
chara_non_monster,chara/npc/populace/shop/populaceshopsalesman,chara,6439,6426,9432,True,True,0,,C:\Program Files (x86)\SquareEnix\FINAL FANTASY XIV\client\script\729s9\wu7\uvupy975\r2vu\uvupy975r2vur9y5rx9w.le.lpb
chara_non_monster,chara/npc/populace/shop/shopbaseclass,chara,3090,3077,3711,True,True,0,,C:\Program Files (x86)\SquareEnix\FINAL FANTASY XIV\client\script\729s9\wu7\uvupy975\r2vu\r2vu89r57y9rr.le.lpb
chara_non_monster,chara/npc/savenpc/companycottagesavenpc,chara,353,340,403,True,True,0,,C:\Program Files (x86)\SquareEnix\FINAL FANTASY XIV\client\script\729s9\wu7\r9o5wu7\7vxu9wl7vqq935r9o5wu7.le.lpb
chara_non_monster,chara/npc/savenpc/companyshipsavenpc,chara,350,337,397,True,True,0,,C:\Program Files (x86)\SquareEnix\FINAL FANTASY XIV\client\script\729s9\wu7\r9o5wu7\7vxu9wlr21ur9o5wu7.le.lpb
chara_non_monster,chara/npc/savenpc/savenpcbaseclass,chara,699,686,605,True,True,0,,C:\Program Files (x86)\SquareEnix\FINAL FANTASY XIV\client\script\729s9\wu7\r9o5wu7\r9o5wu789r57y9rr.le.lpb
chara_non_monster,chara/player/player,chara,787,774,810,True,True,0,,C:\Program Files (x86)\SquareEnix\FINAL FANTASY XIV\client\script\729s9\uy9l5s\uy9l5s.le.lpb
chara_non_monster,chara/player/player_work,chara,6295,6282,10527,True,True,0,,C:\Program Files (x86)\SquareEnix\FINAL FANTASY XIV\client\script\729s9\uy9l5s\uy9l5s_nvsz.le.lpb
chara_non_monster,chara/player/playerbaseclass,chara,25846,25833,37312,True,True,0,,C:\Program Files (x86)\SquareEnix\FINAL FANTASY XIV\client\script\729s9\uy9l5s\uy9l5s89r57y9rr.le.lpb
chara_non_monster,chara/player/playerbaseclass_cliprog,chara,2058,2045,3291,True,True,0,,C:\Program Files (x86)\SquareEnix\FINAL FANTASY XIV\client\script\729s9\uy9l5s\uy9l5s89r57y9rr_7y1usv3.le.lpb
chara_non_monster,chara/player/playerbaseclass_craft,chara,69,56,17,True,True,0,,C:\Program Files (x86)\SquareEnix\FINAL FANTASY XIV\client\script\729s9\uy9l5s\uy9l5s89r57y9rr_7s94q.le.lpb
chara_non_monster,chara/player/playerbaseclass_harvest,chara,69,56,17,True,True,0,,C:\Program Files (x86)\SquareEnix\FINAL FANTASY XIV\client\script\729s9\uy9l5s\uy9l5s89r57y9rr_29so5rq.le.lpb
chara_non_monster,chara/player/playerbaseclass_negotiation,chara,69,56,17,True,True,0,,C:\Program Files (x86)\SquareEnix\FINAL FANTASY XIV\client\script\729s9\uy9l5s\uy9l5s89r57y9rr_w53vq19q1vw.le.lpb
chara_non_monster,chara/player/playerbaseclass_u,chara,12827,12814,17992,True,True,0,,C:\Program Files (x86)\SquareEnix\FINAL FANTASY XIV\client\script\729s9\uy9l5s\uy9l5s89r57y9rr_p.le.lpb
non_chara,command/autoattacktargetchangecommand,command,293,280,269,True,True,0,,C:\Program Files (x86)\SquareEnix\FINAL FANTASY XIV\client\script\7vxx9w6\9pqv9qq97zq9s35q729w357vxx9w6.le.lpb
non_chara,command/changejobcommand,command,302,289,198,True,True,0,,C:\Program Files (x86)\SquareEnix\FINAL FANTASY XIV\client\script\7vxx9w6\729w350v87vxx9w6.le.lpb
non_chara,command/commandbaseclass,command,2606,2593,2959,True,True,0,,C:\Program Files (x86)\SquareEnix\FINAL FANTASY XIV\client\script\7vxx9w6\7vxx9w689r57y9rr.le.lpb
non_chara,command/debuginputcommand,command,1736,1723,1232,True,True,0,,C:\Program Files (x86)\SquareEnix\FINAL FANTASY XIV\client\script\7vxx9w6\658p31wupq7vxx9w6.le.lpb
non_chara,command/equipabilitycommand,command,499,486,412,True,True,0,,C:\Program Files (x86)\SquareEnix\FINAL FANTASY XIV\client\script\7vxx9w6\5tp1u981y1ql7vxx9w6.le.lpb
non_chara,command/equipcommand,command,406,393,294,True,True,0,,C:\Program Files (x86)\SquareEnix\FINAL FANTASY XIV\client\script\7vxx9w6\5tp1u7vxx9w6.le.lpb
non_chara,command/game/ability/ability,command,207,194,94,True,True,0,,C:\Program Files (x86)\SquareEnix\FINAL FANTASY XIV\client\script\7vxx9w6\39x5\981y1ql\981y1ql.le.lpb
non_chara,command/game/ability/abilitybaseclass,command,403,390,294,True,True,0,,C:\Program Files (x86)\SquareEnix\FINAL FANTASY XIV\client\script\7vxx9w6\39x5\981y1ql\981y1ql89r57y9rr.le.lpb
non_chara,command/game/ability/attackability,command,213,200,100,True,True,0,,C:\Program Files (x86)\SquareEnix\FINAL FANTASY XIV\client\script\7vxx9w6\39x5\981y1ql\9qq97z981y1ql.le.lpb
non_chara,command/game/ability/cmnability,command,683,670,818,True,True,0,,C:\Program Files (x86)\SquareEnix\FINAL FANTASY XIV\client\script\7vxx9w6\39x5\981y1ql\7xw981y1ql.le.lpb
non_chara,command/game/ability/cmncrafterability,command,767,754,853,True,True,0,,C:\Program Files (x86)\SquareEnix\FINAL FANTASY XIV\client\script\7vxx9w6\39x5\981y1ql\7xw7s94q5s981y1ql.le.lpb
non_chara,command/game/ability/gathererstealthability,command,997,984,1321,True,True,0,,C:\Program Files (x86)\SquareEnix\FINAL FANTASY XIV\client\script\7vxx9w6\39x5\981y1ql\39q25s5srq59yq2981y1ql.le.lpb
non_chara,command/game/ability/monsterability,command,214,201,101,True,True,0,,C:\Program Files (x86)\SquareEnix\FINAL FANTASY XIV\client\script\7vxx9w6\39x5\981y1ql\xvwrq5s981y1ql.le.lpb
non_chara,command/game/ability/monstersubstatability,command,456,443,373,True,True,0,,C:\Program Files (x86)\SquareEnix\FINAL FANTASY XIV\client\script\7vxx9w6\39x5\981y1ql\xvwrq5srp8rq9q981y1ql.le.lpb
non_chara,command/game/ability/pointsearchability,command,307,294,204,True,True,0,,C:\Program Files (x86)\SquareEnix\FINAL FANTASY XIV\client\script\7vxx9w6\39x5\981y1ql\uv1wqr59s72981y1ql.le.lpb
non_chara,command/game/acnitemcreatecommand,command,220,207,107,True,True,0,,C:\Program Files (x86)\SquareEnix\FINAL FANTASY XIV\client\script\7vxx9w6\39x5\97w1q5x7s59q57vxx9w6.le.lpb
non_chara,command/game/acnitemputcommand,command,217,204,104,True,True,0,,C:\Program Files (x86)\SquareEnix\FINAL FANTASY XIV\client\script\7vxx9w6\39x5\97w1q5xupq7vxx9w6.le.lpb
non_chara,command/game/activatecommand,command,758,745,750,True,True,0,,C:\Program Files (x86)\SquareEnix\FINAL FANTASY XIV\client\script\7vxx9w6\39x5\97q1o9q57vxx9w6.le.lpb
non_chara,command/game/arrowreloadcommand,command,222,209,109,True,True,0,,C:\Program Files (x86)\SquareEnix\FINAL FANTASY XIV\client\script\7vxx9w6\39x5\9ssvns5yv967vxx9w6.le.lpb
non_chara,command/game/arrowstockcommand,command,221,208,108,True,True,0,,C:\Program Files (x86)\SquareEnix\FINAL FANTASY XIV\client\script\7vxx9w6\39x5\9ssvnrqv7z7vxx9w6.le.lpb
non_chara,command/game/attackcommand,command,3333,3320,4897,True,True,0,,C:\Program Files (x86)\SquareEnix\FINAL FANTASY XIV\client\script\7vxx9w6\39x5\9qq97z7vxx9w6.le.lpb
non_chara,command/game/basic/garudaothers,command,216,203,103,True,True,0,,C:\Program Files (x86)\SquareEnix\FINAL FANTASY XIV\client\script\7vxx9w6\39x5\89r17\39sp69vq25sr.le.lpb
non_chara,command/game/basic/monsterattackcommand,command,2107,2094,2821,True,True,0,,C:\Program Files (x86)\SquareEnix\FINAL FANTASY XIV\client\script\7vxx9w6\39x5\89r17\xvwrq5s9qq97z7vxx9w6.le.lpb
non_chara,command/game/basic/monsterothers,command,217,204,104,True,True,0,,C:\Program Files (x86)\SquareEnix\FINAL FANTASY XIV\client\script\7vxx9w6\39x5\89r17\xvwrq5svq25sr.le.lpb
non_chara,command/game/basic/monsterrangeattack,command,394,381,301,True,True,0,,C:\Program Files (x86)\SquareEnix\FINAL FANTASY XIV\client\script\7vxx9w6\39x5\89r17\xvwrq5ss9w359qq97z.le.lpb
non_chara,command/game/basic/monstershieldcommand,command,310,297,209,True,True,0,,C:\Program Files (x86)\SquareEnix\FINAL FANTASY XIV\client\script\7vxx9w6\39x5\89r17\xvwrq5sr215y67vxx9w6.le.lpb
non_chara,command/game/basic/monstersubstatothers,command,224,211,111,True,True,0,,C:\Program Files (x86)\SquareEnix\FINAL FANTASY XIV\client\script\7vxx9w6\39x5\89r17\xvwrq5srp8rq9qvq25sr.le.lpb
non_chara,command/game/battlecommandbaseclass,command,1507,1494,1528,True,True,0,,C:\Program Files (x86)\SquareEnix\FINAL FANTASY XIV\client\script\7vxx9w6\39x5\89qqy57vxx9w689r57y9rr.le.lpb
non_chara,command/game/bewarecommand,command,384,371,282,True,True,0,,C:\Program Files (x86)\SquareEnix\FINAL FANTASY XIV\client\script\7vxx9w6\39x5\85n9s57vxx9w6.le.lpb
non_chara,command/game/bonuspointcommand,command,812,799,1663,True,True,0,,C:\Program Files (x86)\SquareEnix\FINAL FANTASY XIV\client\script\7vxx9w6\39x5\8vwpruv1wq7vxx9w6.le.lpb
non_chara,command/game/boostpointcommand,command,399,386,392,True,True,0,,C:\Program Files (x86)\SquareEnix\FINAL FANTASY XIV\client\script\7vxx9w6\39x5\8vvrquv1wq7vxx9w6.le.lpb
non_chara,command/game/changeequipsetcommand,command,389,376,304,True,True,0,,C:\Program Files (x86)\SquareEnix\FINAL FANTASY XIV\client\script\7vxx9w6\39x5\729w355tp1ur5q7vxx9w6.le.lpb
non_chara,command/game/combinationmanagementcommand,command,396,383,325,True,True,0,,C:\Program Files (x86)\SquareEnix\FINAL FANTASY XIV\client\script\7vxx9w6\39x5\7vx81w9q1vwx9w935x5wq7vxx9w6.le.lpb
non_chara,command/game/combinationstartcommand,command,800,787,936,True,True,0,,C:\Program Files (x86)\SquareEnix\FINAL FANTASY XIV\client\script\7vxx9w6\39x5\7vx81w9q1vwrq9sq7vxx9w6.le.lpb
non_chara,command/game/commandcancelcommand,command,388,375,301,True,True,0,,C:\Program Files (x86)\SquareEnix\FINAL FANTASY XIV\client\script\7vxx9w6\39x5\7vxx9w679w75y7vxx9w6.le.lpb
non_chara,command/game/constance/cmnconstance,command,218,205,105,True,True,0,,C:\Program Files (x86)\SquareEnix\FINAL FANTASY XIV\client\script\7vxx9w6\39x5\7vwrq9w75\7xw7vwrq9w75.le.lpb
non_chara,command/game/constance/constancebaseclass,command,314,301,211,True,True,0,,C:\Program Files (x86)\SquareEnix\FINAL FANTASY XIV\client\script\7vxx9w6\39x5\7vwrq9w75\7vwrq9w7589r57y9rr.le.lpb
non_chara,command/game/craftcommand,command,481,468,383,True,True,0,,C:\Program Files (x86)\SquareEnix\FINAL FANTASY XIV\client\script\7vxx9w6\39x5\7s94q7vxx9w6.le.lpb
non_chara,command/game/dummycommand,command,380,367,277,True,True,0,,C:\Program Files (x86)\SquareEnix\FINAL FANTASY XIV\client\script\7vxx9w6\39x5\6pxxl7vxx9w6.le.lpb
non_chara,command/game/gamecommandbaseclass,command,24331,24318,37655,True,True,0,,C:\Program Files (x86)\SquareEnix\FINAL FANTASY XIV\client\script\7vxx9w6\39x5\39x57vxx9w689r57y9rr.le.lpb
non_chara,command/game/healingcommand,command,296,283,190,True,True,0,,C:\Program Files (x86)\SquareEnix\FINAL FANTASY XIV\client\script\7vxx9w6\39x5\259y1w37vxx9w6.le.lpb
non_chara,command/game/highsensecommand,command,302,289,198,True,True,0,,C:\Program Files (x86)\SquareEnix\FINAL FANTASY XIV\client\script\7vxx9w6\39x5\2132r5wr57vxx9w6.le.lpb
non_chara,command/game/magic/ancientmagic,command,1349,1336,1397,True,True,0,,C:\Program Files (x86)\SquareEnix\FINAL FANTASY XIV\client\script\7vxx9w6\39x5\x9317\9w715wqx9317.le.lpb
non_chara,command/game/magic/attackmagic,command,205,192,92,True,True,0,,C:\Program Files (x86)\SquareEnix\FINAL FANTASY XIV\client\script\7vxx9w6\39x5\x9317\9qq97zx9317.le.lpb
non_chara,command/game/magic/cmnabsorptionmagic,command,212,199,99,True,True,0,,C:\Program Files (x86)\SquareEnix\FINAL FANTASY XIV\client\script\7vxx9w6\39x5\x9317\7xw98rvsuq1vwx9317.le.lpb
non_chara,command/game/magic/cmnattackmagic,command,882,869,956,True,True,0,,C:\Program Files (x86)\SquareEnix\FINAL FANTASY XIV\client\script\7vxx9w6\39x5\x9317\7xw9qq97zx9317.le.lpb
non_chara,command/game/magic/cmnbadstatusmagic,command,559,546,498,True,True,0,,C:\Program Files (x86)\SquareEnix\FINAL FANTASY XIV\client\script\7vxx9w6\39x5\x9317\7xw896rq9qprx9317.le.lpb
non_chara,command/game/magic/cmncuremagic,command,899,886,997,True,True,0,,C:\Program Files (x86)\SquareEnix\FINAL FANTASY XIV\client\script\7vxx9w6\39x5\x9317\7xw7ps5x9317.le.lpb
non_chara,command/game/magic/cmndrainmagic,command,1400,1387,1567,True,True,0,,C:\Program Files (x86)\SquareEnix\FINAL FANTASY XIV\client\script\7vxx9w6\39x5\x9317\7xw6s91wx9317.le.lpb
non_chara,command/game/magic/cmngoodstatusmagic,command,560,547,502,True,True,0,,C:\Program Files (x86)\SquareEnix\FINAL FANTASY XIV\client\script\7vxx9w6\39x5\x9317\7xw3vv6rq9qprx9317.le.lpb
non_chara,command/game/magic/cmnremovestatusmagic,command,214,201,101,True,True,0,,C:\Program Files (x86)\SquareEnix\FINAL FANTASY XIV\client\script\7vxx9w6\39x5\x9317\7xws5xvo5rq9qprx9317.le.lpb
non_chara,command/game/magic/curegamagic,command,205,192,92,True,True,0,,C:\Program Files (x86)\SquareEnix\FINAL FANTASY XIV\client\script\7vxx9w6\39x5\x9317\7ps539x9317.le.lpb
non_chara,command/game/magic/curemagic,command,203,190,90,True,True,0,,C:\Program Files (x86)\SquareEnix\FINAL FANTASY XIV\client\script\7vxx9w6\39x5\x9317\7ps5x9317.le.lpb
non_chara,command/game/magic/effectmagic,command,205,192,92,True,True,0,,C:\Program Files (x86)\SquareEnix\FINAL FANTASY XIV\client\script\7vxx9w6\39x5\x9317\54457qx9317.le.lpb
non_chara,command/game/magic/esunamagic,command,204,191,91,True,True,0,,C:\Program Files (x86)\SquareEnix\FINAL FANTASY XIV\client\script\7vxx9w6\39x5\x9317\5rpw9x9317.le.lpb
non_chara,command/game/magic/magicbaseclass,command,399,386,286,True,True,0,,C:\Program Files (x86)\SquareEnix\FINAL FANTASY XIV\client\script\7vxx9w6\39x5\x9317\x931789r57y9rr.le.lpb
non_chara,command/game/magic/monstersubstatattackmagic,command,219,206,106,True,True,0,,C:\Program Files (x86)\SquareEnix\FINAL FANTASY XIV\client\script\7vxx9w6\39x5\x9317\xvwrq5srp8rq9q9qq97zx9317.le.lpb
non_chara,command/game/magic/raisemagic,command,482,469,395,True,True,0,,C:\Program Files (x86)\SquareEnix\FINAL FANTASY XIV\client\script\7vxx9w6\39x5\x9317\s91r5x9317.le.lpb
non_chara,command/game/magic/songmagic,command,203,190,90,True,True,0,,C:\Program Files (x86)\SquareEnix\FINAL FANTASY XIV\client\script\7vxx9w6\39x5\x9317\rvw3x9317.le.lpb
non_chara,command/game/negotiationcommand,command,696,683,740,True,True,0,,C:\Program Files (x86)\SquareEnix\FINAL FANTASY XIV\client\script\7vxx9w6\39x5\w53vq19q1vw7vxx9w6.le.lpb
non_chara,command/game/partytargetcommand,command,924,911,1004,True,True,0,,C:\Program Files (x86)\SquareEnix\FINAL FANTASY XIV\client\script\7vxx9w6\39x5\u9sqlq9s35q7vxx9w6.le.lpb
non_chara,command/game/prog/chocoboridecommand,command,1443,1430,1731,True,True,0,,C:\Program Files (x86)\SquareEnix\FINAL FANTASY XIV\client\script\7vxx9w6\39x5\usv3\72v7v8vs1657vxx9w6.le.lpb
non_chara,command/game/prog/equippartsshowhidecommand,command,419,406,333,True,True,0,,C:\Program Files (x86)\SquareEnix\FINAL FANTASY XIV\client\script\7vxx9w6\39x5\usv3\5tp1uu9sqrr2vn21657vxx9w6.le.lpb
non_chara,command/game/prog/progcommandbaseclass,command,224,211,111,True,True,0,,C:\Program Files (x86)\SquareEnix\FINAL FANTASY XIV\client\script\7vxx9w6\39x5\usv3\usv37vxx9w689r57y9rr.le.lpb
non_chara,command/game/resetoccupiedcommand,command,471,458,396,True,True,0,,C:\Program Files (x86)\SquareEnix\FINAL FANTASY XIV\client\script\7vxx9w6\39x5\s5r5qv77pu1567vxx9w6.le.lpb
non_chara,command/game/shielddefencecommand,command,310,297,209,True,True,0,,C:\Program Files (x86)\SquareEnix\FINAL FANTASY XIV\client\script\7vxx9w6\39x5\r215y66545w757vxx9w6.le.lpb
non_chara,command/game/shieldeffectcommand,command,489,476,449,True,True,0,,C:\Program Files (x86)\SquareEnix\FINAL FANTASY XIV\client\script\7vxx9w6\39x5\r215y654457q7vxx9w6.le.lpb
non_chara,command/game/shotcommand,command,612,599,521,True,True,0,,C:\Program Files (x86)\SquareEnix\FINAL FANTASY XIV\client\script\7vxx9w6\39x5\r2vq7vxx9w6.le.lpb
non_chara,command/game/throwcommand,command,690,677,601,True,True,0,,C:\Program Files (x86)\SquareEnix\FINAL FANTASY XIV\client\script\7vxx9w6\39x5\q2svn7vxx9w6.le.lpb
non_chara,command/game/weaponskill/attackweaponskill,command,786,773,809,True,True,0,,C:\Program Files (x86)\SquareEnix\FINAL FANTASY XIV\client\script\7vxx9w6\39x5\n59uvwrz1yy\9qq97zn59uvwrz1yy.le.lpb
non_chara,command/game/weaponskill/cmnattackweaponskill,command,910,897,1021,True,True,0,,C:\Program Files (x86)\SquareEnix\FINAL FANTASY XIV\client\script\7vxx9w6\39x5\n59uvwrz1yy\7xw9qq97zn59uvwrz1yy.le.lpb
non_chara,command/game/weaponskill/devideattackweaponskill,command,471,458,364,True,True,0,,C:\Program Files (x86)\SquareEnix\FINAL FANTASY XIV\client\script\7vxx9w6\39x5\n59uvwrz1yy\65o1659qq97zn59uvwrz1yy.le.lpb
non_chara,command/game/weaponskill/garudaattackweaponskill,command,235,222,122,True,True,0,,C:\Program Files (x86)\SquareEnix\FINAL FANTASY XIV\client\script\7vxx9w6\39x5\n59uvwrz1yy\39sp699qq97zn59uvwrz1yy.le.lpb
non_chara,command/game/weaponskill/ifritattackweaponskill,command,234,221,121,True,True,0,,C:\Program Files (x86)\SquareEnix\FINAL FANTASY XIV\client\script\7vxx9w6\39x5\n59uvwrz1yy\14s1q9qq97zn59uvwrz1yy.le.lpb
non_chara,command/game/weaponskill/ifritsubstatweaponskill,command,235,222,122,True,True,0,,C:\Program Files (x86)\SquareEnix\FINAL FANTASY XIV\client\script\7vxx9w6\39x5\n59uvwrz1yy\14s1qrp8rq9qn59uvwrz1yy.le.lpb
non_chara,command/game/weaponskill/monsterabsorbweaponskill,command,1194,1181,1732,True,True,0,,C:\Program Files (x86)\SquareEnix\FINAL FANTASY XIV\client\script\7vxx9w6\39x5\n59uvwrz1yy\xvwrq5s98rvs8n59uvwrz1yy.le.lpb
non_chara,command/game/weaponskill/monsterattackweaponskill,command,18093,18080,24631,True,True,0,,C:\Program Files (x86)\SquareEnix\FINAL FANTASY XIV\client\script\7vxx9w6\39x5\n59uvwrz1yy\xvwrq5s9qq97zn59uvwrz1yy.le.lpb
non_chara,command/game/weaponskill/monstersubstatweaponskill,command,3186,3173,4278,True,True,0,,C:\Program Files (x86)\SquareEnix\FINAL FANTASY XIV\client\script\7vxx9w6\39x5\n59uvwrz1yy\xvwrq5srp8rq9qn59uvwrz1yy.le.lpb
non_chara,command/game/weaponskill/monstertest,command,1522,1509,2224,True,True,0,,C:\Program Files (x86)\SquareEnix\FINAL FANTASY XIV\client\script\7vxx9w6\39x5\n59uvwrz1yy\xvwrq5sq5rq.le.lpb
non_chara,command/game/weaponskill/weaponskillbaseclass,command,411,398,310,True,True,0,,C:\Program Files (x86)\SquareEnix\FINAL FANTASY XIV\client\script\7vxx9w6\39x5\n59uvwrz1yy\n59uvwrz1yy89r57y9rr.le.lpb
non_chara,command/game/weaponskill/whitegeneralattackweaponskill,command,241,228,128,True,True,0,,C:\Program Files (x86)\SquareEnix\FINAL FANTASY XIV\client\script\7vxx9w6\39x5\n59uvwrz1yy\n21q535w5s9y9qq97zn59uvwrz1yy.le.lpb
non_chara,command/itemcommand,command,432,419,391,True,True,0,,C:\Program Files (x86)\SquareEnix\FINAL FANTASY XIV\client\script\7vxx9w6\1q5x7vxx9w6.le.lpb
non_chara,command/system/bazaarcheckcommand,command,1019,1006,982,True,True,0,,C:\Program Files (x86)\SquareEnix\FINAL FANTASY XIV\client\script\7vxx9w6\rlrq5x\89k99s7257z7vxx9w6.le.lpb
non_chara,command/system/bazaardealcommand,command,1164,1151,1538,True,True,0,,C:\Program Files (x86)\SquareEnix\FINAL FANTASY XIV\client\script\7vxx9w6\rlrq5x\89k99s659y7vxx9w6.le.lpb
non_chara,command/system/bazaartradecommand,command,379,366,341,True,True,0,,C:\Program Files (x86)\SquareEnix\FINAL FANTASY XIV\client\script\7vxx9w6\rlrq5x\89k99sqs9657vxx9w6.le.lpb
non_chara,command/system/bazaarundealcommand,command,380,367,343,True,True,0,,C:\Program Files (x86)\SquareEnix\FINAL FANTASY XIV\client\script\7vxx9w6\rlrq5x\89k99spw659y7vxx9w6.le.lpb
non_chara,command/system/checkcommand,command,404,391,349,True,True,0,,C:\Program Files (x86)\SquareEnix\FINAL FANTASY XIV\client\script\7vxx9w6\rlrq5x\7257z7vxx9w6.le.lpb
non_chara,command/system/confirmgroupcommand,command,651,638,716,True,True,0,,C:\Program Files (x86)\SquareEnix\FINAL FANTASY XIV\client\script\7vxx9w6\rlrq5x\7vw41sx3svpu7vxx9w6.le.lpb
non_chara,command/system/confirmgroupcommand_group,command,225,212,112,True,True,0,,C:\Program Files (x86)\SquareEnix\FINAL FANTASY XIV\client\script\7vxx9w6\rlrq5x\7vw41sx3svpu7vxx9w6_3svpu.le.lpb
non_chara,command/system/confirmraisecommand,command,791,778,1056,True,True,0,,C:\Program Files (x86)\SquareEnix\FINAL FANTASY XIV\client\script\7vxx9w6\rlrq5x\7vw41sxs91r57vxx9w6.le.lpb
non_chara,command/system/confirmraisecommand_raise,command,308,295,218,True,True,0,,C:\Program Files (x86)\SquareEnix\FINAL FANTASY XIV\client\script\7vxx9w6\rlrq5x\7vw41sxs91r57vxx9w6_s91r5.le.lpb
non_chara,command/system/confirmtradecommand,command,651,638,716,True,True,0,,C:\Program Files (x86)\SquareEnix\FINAL FANTASY XIV\client\script\7vxx9w6\rlrq5x\7vw41sxqs9657vxx9w6.le.lpb
non_chara,command/system/confirmwarpcommand,command,786,773,1050,True,True,0,,C:\Program Files (x86)\SquareEnix\FINAL FANTASY XIV\client\script\7vxx9w6\rlrq5x\7vw41sxn9su7vxx9w6.le.lpb
non_chara,command/system/confirmwarpcommand_warp,command,405,392,305,True,True,0,,C:\Program Files (x86)\SquareEnix\FINAL FANTASY XIV\client\script\7vxx9w6\rlrq5x\7vw41sxn9su7vxx9w6_n9su.le.lpb
non_chara,command/system/contentcommand,command,2068,2055,2281,True,True,0,,C:\Program Files (x86)\SquareEnix\FINAL FANTASY XIV\client\script\7vxx9w6\rlrq5x\7vwq5wq7vxx9w6.le.lpb
non_chara,command/system/continuecommand,command,578,565,495,True,True,0,,C:\Program Files (x86)\SquareEnix\FINAL FANTASY XIV\client\script\7vxx9w6\rlrq5x\7vwq1wp57vxx9w6.le.lpb
non_chara,command/system/dicecommand,command,559,546,616,True,True,0,,C:\Program Files (x86)\SquareEnix\FINAL FANTASY XIV\client\script\7vxx9w6\rlrq5x\61757vxx9w6.le.lpb
non_chara,command/system/emotesitcommand,command,702,689,896,True,True,0,,C:\Program Files (x86)\SquareEnix\FINAL FANTASY XIV\client\script\7vxx9w6\rlrq5x\5xvq5r1q7vxx9w6.le.lpb
non_chara,command/system/emotestandardcommand,command,876,863,993,True,True,0,,C:\Program Files (x86)\SquareEnix\FINAL FANTASY XIV\client\script\7vxx9w6\rlrq5x\5xvq5rq9w69s67vxx9w6.le.lpb
non_chara,command/system/itemarrangementcommand,command,305,292,274,True,True,0,,C:\Program Files (x86)\SquareEnix\FINAL FANTASY XIV\client\script\7vxx9w6\rlrq5x\1q5x9ss9w35x5wq7vxx9w6.le.lpb
non_chara,command/system/itemmaterializecommand,command,773,760,863,True,True,0,,C:\Program Files (x86)\SquareEnix\FINAL FANTASY XIV\client\script\7vxx9w6\rlrq5x\1q5xx9q5s19y1k57vxx9w6.le.lpb
non_chara,command/system/itemmovepackagecommand,command,566,553,647,True,True,0,,C:\Program Files (x86)\SquareEnix\FINAL FANTASY XIV\client\script\7vxx9w6\rlrq5x\1q5xxvo5u97z9357vxx9w6.le.lpb
non_chara,command/system/itemsplitcommand,command,573,560,626,True,True,0,,C:\Program Files (x86)\SquareEnix\FINAL FANTASY XIV\client\script\7vxx9w6\rlrq5x\1q5xruy1q7vxx9w6.le.lpb
non_chara,command/system/itemstuffcommand,command,299,286,262,True,True,0,,C:\Program Files (x86)\SquareEnix\FINAL FANTASY XIV\client\script\7vxx9w6\rlrq5x\1q5xrqp447vxx9w6.le.lpb
non_chara,command/system/itemtransfercommand,command,594,581,688,True,True,0,,C:\Program Files (x86)\SquareEnix\FINAL FANTASY XIV\client\script\7vxx9w6\rlrq5x\1q5xqs9wr45s7vxx9w6.le.lpb
non_chara,command/system/itemwastecommand,command,428,415,406,True,True,0,,C:\Program Files (x86)\SquareEnix\FINAL FANTASY XIV\client\script\7vxx9w6\rlrq5x\1q5xn9rq57vxx9w6.le.lpb
non_chara,command/system/journalcommand,command,328,315,249,True,True,0,,C:\Program Files (x86)\SquareEnix\FINAL FANTASY XIV\client\script\7vxx9w6\rlrq5x\0vpsw9y7vxx9w6.le.lpb
non_chara,command/system/logineventcommand,command,1814,1801,3695,True,True,0,,C:\Program Files (x86)\SquareEnix\FINAL FANTASY XIV\client\script\7vxx9w6\rlrq5x\yv31w5o5wq7vxx9w6.le.lpb
non_chara,command/system/logoutcommand,command,980,967,892,True,True,0,,C:\Program Files (x86)\SquareEnix\FINAL FANTASY XIV\client\script\7vxx9w6\rlrq5x\yv3vpq7vxx9w6.le.lpb
non_chara,command/system/macrocommand,command,686,673,1207,True,True,0,,C:\Program Files (x86)\SquareEnix\FINAL FANTASY XIV\client\script\7vxx9w6\rlrq5x\x97sv7vxx9w6.le.lpb
non_chara,command/system/netstatuserswitchcommand,command,307,294,278,True,True,0,,C:\Program Files (x86)\SquareEnix\FINAL FANTASY XIV\client\script\7vxx9w6\rlrq5x\w5qrq9qpr5srn1q727vxx9w6.le.lpb
non_chara,command/system/partyacceptcommand,command,224,211,111,True,True,0,,C:\Program Files (x86)\SquareEnix\FINAL FANTASY XIV\client\script\7vxx9w6\rlrq5x\u9sql9775uq7vxx9w6.le.lpb
non_chara,command/system/partybreakupcommand,command,424,411,368,True,True,0,,C:\Program Files (x86)\SquareEnix\FINAL FANTASY XIV\client\script\7vxx9w6\rlrq5x\u9sql8s59zpu7vxx9w6.le.lpb
non_chara,command/system/partyinvitecommand,command,769,756,1363,True,True,0,,C:\Program Files (x86)\SquareEnix\FINAL FANTASY XIV\client\script\7vxx9w6\rlrq5x\u9sql1wo1q57vxx9w6.le.lpb
non_chara,command/system/partyjoincommand,command,661,648,1215,True,True,0,,C:\Program Files (x86)\SquareEnix\FINAL FANTASY XIV\client\script\7vxx9w6\rlrq5x\u9sql0v1w7vxx9w6.le.lpb
non_chara,command/system/partykickcommand,command,816,803,1671,True,True,0,,C:\Program Files (x86)\SquareEnix\FINAL FANTASY XIV\client\script\7vxx9w6\rlrq5x\u9sqlz17z7vxx9w6.le.lpb
non_chara,command/system/partyleadercommand,command,818,805,1675,True,True,0,,C:\Program Files (x86)\SquareEnix\FINAL FANTASY XIV\client\script\7vxx9w6\rlrq5x\u9sqly5965s7vxx9w6.le.lpb
non_chara,command/system/partyresigncommand,command,380,367,308,True,True,0,,C:\Program Files (x86)\SquareEnix\FINAL FANTASY XIV\client\script\7vxx9w6\rlrq5x\u9sqls5r13w7vxx9w6.le.lpb
non_chara,command/system/placedrivencommand,command,1490,1477,2156,True,True,0,,C:\Program Files (x86)\SquareEnix\FINAL FANTASY XIV\client\script\7vxx9w6\rlrq5x\uy9756s1o5w7vxx9w6.le.lpb
non_chara,command/system/repairequipmentscommand,command,743,730,906,True,True,0,,C:\Program Files (x86)\SquareEnix\FINAL FANTASY XIV\client\script\7vxx9w6\rlrq5x\s5u91s5tp1ux5wqr7vxx9w6.le.lpb
non_chara,command/system/repairordercommand,command,545,532,537,True,True,0,,C:\Program Files (x86)\SquareEnix\FINAL FANTASY XIV\client\script\7vxx9w6\rlrq5x\s5u91svs65s7vxx9w6.le.lpb
non_chara,command/system/reserveinputoperationcommand,command,379,366,307,True,True,0,,C:\Program Files (x86)\SquareEnix\FINAL FANTASY XIV\client\script\7vxx9w6\rlrq5x\s5r5so51wupqvu5s9q1vw7vxx9w6.le.lpb
non_chara,command/system/systemcommandbaseclass,command,292,279,193,True,True,0,,C:\Program Files (x86)\SquareEnix\FINAL FANTASY XIV\client\script\7vxx9w6\rlrq5x\rlrq5x7vxx9w689r57y9rr.le.lpb
non_chara,command/system/talkcommand,command,836,823,976,True,True,0,,C:\Program Files (x86)\SquareEnix\FINAL FANTASY XIV\client\script\7vxx9w6\rlrq5x\q9yz7vxx9w6.le.lpb
non_chara,command/system/teleportcommand,command,3554,3541,8383,True,True,0,,C:\Program Files (x86)\SquareEnix\FINAL FANTASY XIV\client\script\7vxx9w6\rlrq5x\q5y5uvsq7vxx9w6.le.lpb
non_chara,command/system/tradeexecutecommand,command,2119,2106,3799,True,True,0,,C:\Program Files (x86)\SquareEnix\FINAL FANTASY XIV\client\script\7vxx9w6\rlrq5x\qs9655m57pq57vxx9w6.le.lpb
non_chara,command/system/tradeoffercancelcommand,command,539,526,601,True,True,0,,C:\Program Files (x86)\SquareEnix\FINAL FANTASY XIV\client\script\7vxx9w6\rlrq5x\qs965v445s79w75y7vxx9w6.le.lpb
non_chara,command/system/tradeoffercommand,command,533,520,589,True,True,0,,C:\Program Files (x86)\SquareEnix\FINAL FANTASY XIV\client\script\7vxx9w6\rlrq5x\qs965v445s7vxx9w6.le.lpb
non_chara,command/system/widgetopencommand,command,489,476,216,True,True,0,,C:\Program Files (x86)\SquareEnix\FINAL FANTASY XIV\client\script\7vxx9w6\rlrq5x\n1635qvu5w7vxx9w6.le.lpb
non_chara,commanddebugger/commanddebuggerbaseclass,commanddebugger,8674,8661,16152,True,True,0,,C:\Program Files (x86)\SquareEnix\FINAL FANTASY XIV\client\script\7vxx9w6658p335s\7vxx9w6658p335s89r57y9rr.le.lpb
non_chara,commanddebugger/commanddebuggerdev,commanddebugger,126878,126865,223336,True,True,0,,C:\Program Files (x86)\SquareEnix\FINAL FANTASY XIV\client\script\7vxx9w6658p335s\7vxx9w6658p335s65o.le.lpb
non_chara,commanddebugger/commanddebuggerfunc/commanddebuggerfuncbaseclass,commanddebugger,573,560,629,True,True,0,,C:\Program Files (x86)\SquareEnix\FINAL FANTASY XIV\client\script\7vxx9w6658p335s\7vxx9w6658p335s4pw7\7vxx9w6658p335s4pw789r57y9rr.le.lpb
non_chara,commanddebugger/commanddebuggergm,commanddebugger,25052,25039,66828,True,True,0,,C:\Program Files (x86)\SquareEnix\FINAL FANTASY XIV\client\script\7vxx9w6658p335s\7vxx9w6658p335s3x.le.lpb
non_chara,commanddebugger/commanddebuggertest,commanddebugger,6822,6809,17159,True,True,0,,C:\Program Files (x86)\SquareEnix\FINAL FANTASY XIV\client\script\7vxx9w6658p335s\7vxx9w6658p335sq5rq.le.lpb
non_chara,debug/debugbaseclass,debug,519,506,532,True,True,0,,C:\Program Files (x86)\SquareEnix\FINAL FANTASY XIV\client\script\658p3\658p389r57y9rr.le.lpb
non_chara,debug/debugbaseclass_u,debug,69,56,17,True,True,0,,C:\Program Files (x86)\SquareEnix\FINAL FANTASY XIV\client\script\658p3\658p389r57y9rr_p.le.lpb
non_chara,debug/debugdummy,debug,310,297,154,True,True,0,,C:\Program Files (x86)\SquareEnix\FINAL FANTASY XIV\client\script\658p3\658p36pxxl.le.lpb
non_chara,debug/debugtimer,debug,310,297,154,True,True,0,,C:\Program Files (x86)\SquareEnix\FINAL FANTASY XIV\client\script\658p3\658p3q1x5s.le.lpb
non_chara,debug/overloadmonitor,debug,2995,2982,4885,True,True,0,,C:\Program Files (x86)\SquareEnix\FINAL FANTASY XIV\client\script\658p3\vo5syv96xvw1qvs.le.lpb
non_chara,director/caravanguard/caravanguarddirector,director,4966,4953,12205,True,True,0,,C:\Program Files (x86)\SquareEnix\FINAL FANTASY XIV\client\script\61s57qvs\79s9o9w3p9s6\79s9o9w3p9s661s57qvs.le.lpb
non_chara,director/directorbaseclass,director,3867,3854,4791,True,True,0,,C:\Program Files (x86)\SquareEnix\FINAL FANTASY XIV\client\script\61s57qvs\61s57qvs89r57y9rr.le.lpb
non_chara,director/directorbaseclass_u,director,871,858,1085,True,True,0,,C:\Program Files (x86)\SquareEnix\FINAL FANTASY XIV\client\script\61s57qvs\61s57qvs89r57y9rr_p.le.lpb
non_chara,director/directordefault,director,205,192,92,True,True,0,,C:\Program Files (x86)\SquareEnix\FINAL FANTASY XIV\client\script\61s57qvs\61s57qvs6549pyq.le.lpb
non_chara,director/firefallfairedirector,director,419,406,268,True,True,0,,C:\Program Files (x86)\SquareEnix\FINAL FANTASY XIV\client\script\61s57qvs\41s549yy491s561s57qvs.le.lpb
non_chara,director/gimmick/gategimmick,director,207,194,94,True,True,0,,C:\Program Files (x86)\SquareEnix\FINAL FANTASY XIV\client\script\61s57qvs\31xx17z\39q531xx17z.le.lpb
non_chara,director/gimmick/gimmickbaseclass,director,413,400,257,True,True,0,,C:\Program Files (x86)\SquareEnix\FINAL FANTASY XIV\client\script\61s57qvs\31xx17z\31xx17z89r57y9rr.le.lpb
non_chara,director/gimmick/nmpopgimmick,director,208,195,95,True,True,0,,C:\Program Files (x86)\SquareEnix\FINAL FANTASY XIV\client\script\61s57qvs\31xx17z\wxuvu31xx17z.le.lpb
non_chara,director/gmevent/telepodirector1,director,271,258,145,True,True,0,,C:\Program Files (x86)\SquareEnix\FINAL FANTASY XIV\client\script\61s57qvs\3x5o5wq\q5y5uv61s57qvsi.le.lpb
non_chara,director/gmevent/telepodirector1town,director,275,262,153,True,True,0,,C:\Program Files (x86)\SquareEnix\FINAL FANTASY XIV\client\script\61s57qvs\3x5o5wq\q5y5uv61s57qvsiqvnw.le.lpb
non_chara,director/gmevent/waveattackdirector1,director,275,262,153,True,True,0,,C:\Program Files (x86)\SquareEnix\FINAL FANTASY XIV\client\script\61s57qvs\3x5o5wq\n9o59qq97z61s57qvsi.le.lpb
non_chara,director/gmevent/waveattackdirector2,director,275,262,153,True,True,0,,C:\Program Files (x86)\SquareEnix\FINAL FANTASY XIV\client\script\61s57qvs\3x5o5wq\n9o59qq97z61s57qvsh.le.lpb
non_chara,director/gmevent/waveattackdirector3,director,275,262,153,True,True,0,,C:\Program Files (x86)\SquareEnix\FINAL FANTASY XIV\client\script\61s57qvs\3x5o5wq\n9o59qq97z61s57qvsg.le.lpb
non_chara,director/gmevent/waveattackdirectorsp1,director,277,264,157,True,True,0,,C:\Program Files (x86)\SquareEnix\FINAL FANTASY XIV\client\script\61s57qvs\3x5o5wq\n9o59qq97z61s57qvsrui.le.lpb
non_chara,director/guildleve/companylevedetectemote,director,2359,2346,2865,True,True,0,,C:\Program Files (x86)\SquareEnix\FINAL FANTASY XIV\client\script\61s57qvs\3p1y6y5o5\7vxu9wly5o565q57q5xvq5.le.lpb
non_chara,director/guildleve/companyleverescuenormal,director,1581,1568,1573,True,True,0,,C:\Program Files (x86)\SquareEnix\FINAL FANTASY XIV\client\script\61s57qvs\3p1y6y5o5\7vxu9wly5o5s5r7p5wvsx9y.le.lpb
non_chara,director/guildleve/companylevesweepintime,director,707,694,713,True,True,0,,C:\Program Files (x86)\SquareEnix\FINAL FANTASY XIV\client\script\61s57qvs\3p1y6y5o5\7vxu9wly5o5rn55u1wq1x5.le.lpb
non_chara,director/guildleve/guildlevebaseclass,director,13574,13561,19351,True,True,0,,C:\Program Files (x86)\SquareEnix\FINAL FANTASY XIV\client\script\61s57qvs\3p1y6y5o5\3p1y6y5o589r57y9rr.le.lpb
non_chara,director/guildleve/guildleveharvesttest,director,674,661,675,True,True,0,,C:\Program Files (x86)\SquareEnix\FINAL FANTASY XIV\client\script\61s57qvs\3p1y6y5o5\3p1y6y5o529so5rqq5rq.le.lpb
non_chara,director/guildleve/guildlevetest1,director,293,280,166,True,True,0,,C:\Program Files (x86)\SquareEnix\FINAL FANTASY XIV\client\script\61s57qvs\3p1y6y5o5\3p1y6y5o5q5rqi.le.lpb
non_chara,director/guildleve/guildlevetest2,director,293,280,166,True,True,0,,C:\Program Files (x86)\SquareEnix\FINAL FANTASY XIV\client\script\61s57qvs\3p1y6y5o5\3p1y6y5o5q5rqh.le.lpb
non_chara,director/guildleve/guildlevetest3,director,293,280,166,True,True,0,,C:\Program Files (x86)\SquareEnix\FINAL FANTASY XIV\client\script\61s57qvs\3p1y6y5o5\3p1y6y5o5q5rqg.le.lpb
non_chara,director/guildleve/privateglbattlechasenormal,director,305,292,190,True,True,0,,C:\Program Files (x86)\SquareEnix\FINAL FANTASY XIV\client\script\61s57qvs\3p1y6y5o5\us1o9q53y89qqy5729r5wvsx9y.le.lpb
non_chara,director/guildleve/privateglbattlechasespecial,director,708,695,604,True,True,0,,C:\Program Files (x86)\SquareEnix\FINAL FANTASY XIV\client\script\61s57qvs\3p1y6y5o5\us1o9q53y89qqy5729r5ru5719y.le.lpb
non_chara,director/guildleve/privateglbattledetectnormal,director,2364,2351,2905,True,True,0,,C:\Program Files (x86)\SquareEnix\FINAL FANTASY XIV\client\script\61s57qvs\3p1y6y5o5\us1o9q53y89qqy565q57qwvsx9y.le.lpb
non_chara,director/guildleve/privateglbattlegathernormal,director,954,941,1050,True,True,0,,C:\Program Files (x86)\SquareEnix\FINAL FANTASY XIV\client\script\61s57qvs\3p1y6y5o5\us1o9q53y89qqy539q25swvsx9y.le.lpb
non_chara,director/guildleve/privateglbattlegatherspecial,director,1357,1344,1477,True,True,0,,C:\Program Files (x86)\SquareEnix\FINAL FANTASY XIV\client\script\61s57qvs\3p1y6y5o5\us1o9q53y89qqy539q25sru5719y.le.lpb
non_chara,director/guildleve/privateglbattlehuntnormal,director,2362,2349,2889,True,True,0,,C:\Program Files (x86)\SquareEnix\FINAL FANTASY XIV\client\script\61s57qvs\3p1y6y5o5\us1o9q53y89qqy52pwqwvsx9y.le.lpb
non_chara,director/guildleve/privateglbattleorbnormal,director,1042,1029,1299,True,True,0,,C:\Program Files (x86)\SquareEnix\FINAL FANTASY XIV\client\script\61s57qvs\3p1y6y5o5\us1o9q53y89qqy5vs8wvsx9y.le.lpb
non_chara,director/guildleve/privateglbattleorbrob,director,1039,1026,1287,True,True,0,,C:\Program Files (x86)\SquareEnix\FINAL FANTASY XIV\client\script\61s57qvs\3p1y6y5o5\us1o9q53y89qqy5vs8sv8.le.lpb
non_chara,director/guildleve/privateglbattleroundnormal,director,2669,2656,3311,True,True,0,,C:\Program Files (x86)\SquareEnix\FINAL FANTASY XIV\client\script\61s57qvs\3p1y6y5o5\us1o9q53y89qqy5svpw6wvsx9y.le.lpb
non_chara,director/guildleve/privateglbattlesurvivenormal,director,2993,2980,3751,True,True,0,,C:\Program Files (x86)\SquareEnix\FINAL FANTASY XIV\client\script\61s57qvs\3p1y6y5o5\us1o9q53y89qqy5rpso1o5wvsx9y.le.lpb
non_chara,director/guildleve/privateglbattlesweepepic,director,705,692,589,True,True,0,,C:\Program Files (x86)\SquareEnix\FINAL FANTASY XIV\client\script\61s57qvs\3p1y6y5o5\us1o9q53y89qqy5rn55u5u17.le.lpb
non_chara,director/guildleve/privateglbattlesweepepicescort,director,2168,2155,2631,True,True,0,,C:\Program Files (x86)\SquareEnix\FINAL FANTASY XIV\client\script\61s57qvs\3p1y6y5o5\us1o9q53y89qqy5rn55u5u175r7vsq.le.lpb
non_chara,director/guildleve/privateglbattlesweepepicintime,director,1150,1137,1390,True,True,0,,C:\Program Files (x86)\SquareEnix\FINAL FANTASY XIV\client\script\61s57qvs\3p1y6y5o5\us1o9q53y89qqy5rn55u5u171wq1x5.le.lpb
non_chara,director/guildleve/privateglbattlesweepescort,director,2251,2238,2580,True,True,0,,C:\Program Files (x86)\SquareEnix\FINAL FANTASY XIV\client\script\61s57qvs\3p1y6y5o5\us1o9q53y89qqy5rn55u5r7vsq.le.lpb
non_chara,director/guildleve/privateglbattlesweepnormal,director,305,292,190,True,True,0,,C:\Program Files (x86)\SquareEnix\FINAL FANTASY XIV\client\script\61s57qvs\3p1y6y5o5\us1o9q53y89qqy5rn55uwvsx9y.le.lpb
non_chara,director/guildleve/privateglbattlesweepspecial,director,708,695,604,True,True,0,,C:\Program Files (x86)\SquareEnix\FINAL FANTASY XIV\client\script\61s57qvs\3p1y6y5o5\us1o9q53y89qqy5rn55uru5719y.le.lpb
non_chara,director/guildleve/privateglbattletutorial,director,302,289,184,True,True,0,,C:\Program Files (x86)\SquareEnix\FINAL FANTASY XIV\client\script\61s57qvs\3p1y6y5o5\us1o9q53y89qqy5qpqvs19y.le.lpb
non_chara,director/guildleve/privateglfreefollownormal,director,1400,1387,1455,True,True,0,,C:\Program Files (x86)\SquareEnix\FINAL FANTASY XIV\client\script\61s57qvs\3p1y6y5o5\us1o9q53y4s554vyyvnwvsx9y.le.lpb
non_chara,director/guildleve/privateglfreegathernormal,director,706,693,594,True,True,0,,C:\Program Files (x86)\SquareEnix\FINAL FANTASY XIV\client\script\61s57qvs\3p1y6y5o5\us1o9q53y4s5539q25swvsx9y.le.lpb
non_chara,director/guildleve/privateglfreegathertown,director,2511,2498,2993,True,True,0,,C:\Program Files (x86)\SquareEnix\FINAL FANTASY XIV\client\script\61s57qvs\3p1y6y5o5\us1o9q53y4s5539q25sqvnw.le.lpb
non_chara,director/guildleve/privateglfreegonormal,director,2993,2980,3626,True,True,0,,C:\Program Files (x86)\SquareEnix\FINAL FANTASY XIV\client\script\61s57qvs\3p1y6y5o5\us1o9q53y4s553vwvsx9y.le.lpb
non_chara,director/guildleve/privateglfreeguidenormal,director,1588,1575,1794,True,True,0,,C:\Program Files (x86)\SquareEnix\FINAL FANTASY XIV\client\script\61s57qvs\3p1y6y5o5\us1o9q53y4s553p165wvsx9y.le.lpb
non_chara,director/guildleve/privateglharvestitemget,director,1329,1316,1590,True,True,0,,C:\Program Files (x86)\SquareEnix\FINAL FANTASY XIV\client\script\61s57qvs\3p1y6y5o5\us1o9q53y29so5rq1q5x35q.le.lpb
non_chara,director/halloweendirector,director,207,194,94,True,True,0,,C:\Program Files (x86)\SquareEnix\FINAL FANTASY XIV\client\script\61s57qvs\29yyvn55w61s57qvs.le.lpb
non_chara,director/harvestdirector,director,205,192,92,True,True,0,,C:\Program Files (x86)\SquareEnix\FINAL FANTASY XIV\client\script\61s57qvs\29so5rq61s57qvs.le.lpb
non_chara,director/monster/monsterdirectoranimaobj,director,294,281,176,True,True,0,,C:\Program Files (x86)\SquareEnix\FINAL FANTASY XIV\client\script\61s57qvs\xvwrq5s\xvwrq5s61s57qvs9w1x9v80.le.lpb
non_chara,director/monster/monsterdirectorbaseclass,director,284,271,167,True,True,0,,C:\Program Files (x86)\SquareEnix\FINAL FANTASY XIV\client\script\61s57qvs\xvwrq5s\xvwrq5s61s57qvs89r57y9rr.le.lpb
non_chara,director/monster/monsterdirectorcyclops,director,300,287,181,True,True,0,,C:\Program Files (x86)\SquareEnix\FINAL FANTASY XIV\client\script\61s57qvs\xvwrq5s\xvwrq5s61s57qvs7l7yvur.le.lpb
non_chara,director/monster/monsterdirectordarkmoogle,director,281,268,165,True,True,0,,C:\Program Files (x86)\SquareEnix\FINAL FANTASY XIV\client\script\61s57qvs\xvwrq5s\xvwrq5s61s57qvs69szxvv3y5.le.lpb
non_chara,director/monster/monsterdirectorgaruda,director,299,286,179,True,True,0,,C:\Program Files (x86)\SquareEnix\FINAL FANTASY XIV\client\script\61s57qvs\xvwrq5s\xvwrq5s61s57qvs39sp69.le.lpb
non_chara,director/monster/monsterdirectorifrit,director,276,263,155,True,True,0,,C:\Program Files (x86)\SquareEnix\FINAL FANTASY XIV\client\script\61s57qvs\xvwrq5s\xvwrq5s61s57qvs14s1q.le.lpb
non_chara,director/monster/monsterdirectorifrithyper,director,303,290,187,True,True,0,,C:\Program Files (x86)\SquareEnix\FINAL FANTASY XIV\client\script\61s57qvs\xvwrq5s\xvwrq5s61s57qvs14s1q2lu5s.le.lpb
non_chara,director/monster/monsterdirectorkhimaira,director,301,288,183,True,True,0,,C:\Program Files (x86)\SquareEnix\FINAL FANTASY XIV\client\script\61s57qvs\xvwrq5s\xvwrq5s61s57qvsz21x91s9.le.lpb
non_chara,director/monster/monsterdirectormooglef0f4,director,281,268,165,True,True,0,,C:\Program Files (x86)\SquareEnix\FINAL FANTASY XIV\client\script\61s57qvs\xvwrq5s\xvwrq5s61s57qvsxvv3y54j4f.le.lpb
non_chara,director/monster/monsterdirectormorbol,director,299,286,179,True,True,0,,C:\Program Files (x86)\SquareEnix\FINAL FANTASY XIV\client\script\61s57qvs\xvwrq5s\xvwrq5s61s57qvsxvs8vy.le.lpb
non_chara,director/monster/monsterdirectortermite,director,300,287,181,True,True,0,,C:\Program Files (x86)\SquareEnix\FINAL FANTASY XIV\client\script\61s57qvs\xvwrq5s\xvwrq5s61s57qvsq5sx1q5.le.lpb
non_chara,director/monster/popmonsterdirectorfortnm01,director,282,269,167,True,True,0,,C:\Program Files (x86)\SquareEnix\FINAL FANTASY XIV\client\script\61s57qvs\xvwrq5s\uvuxvwrq5s61s57qvs4vsqwxji.le.lpb
non_chara,director/monster/whitegeneral/monsterwhitegeneralbaseclass,director,244,231,131,True,True,0,,C:\Program Files (x86)\SquareEnix\FINAL FANTASY XIV\client\script\61s57qvs\xvwrq5s\n21q535w5s9y\xvwrq5sn21q535w5s9y89r57y9rr.le.lpb
non_chara,director/monster/whitegeneral/monsterwhitegenerallesser,director,324,311,208,True,True,0,,C:\Program Files (x86)\SquareEnix\FINAL FANTASY XIV\client\script\61s57qvs\xvwrq5s\n21q535w5s9y\xvwrq5sn21q535w5s9yy5rr5s.le.lpb
non_chara,director/monster/whitegeneral/monsterwhitegeneralnormal,director,324,311,208,True,True,0,,C:\Program Files (x86)\SquareEnix\FINAL FANTASY XIV\client\script\61s57qvs\xvwrq5s\n21q535w5s9y\xvwrq5sn21q535w5s9ywvsx9y.le.lpb
non_chara,director/openingdirector,director,271,258,145,True,True,0,,C:\Program Files (x86)\SquareEnix\FINAL FANTASY XIV\client\script\61s57qvs\vu5w1w361s57qvs.le.lpb
non_chara,director/pop/newpopdirectorbaseclass,director,217,204,104,True,True,0,,C:\Program Files (x86)\SquareEnix\FINAL FANTASY XIV\client\script\61s57qvs\uvu\w5nuvu61s57qvs89r57y9rr.le.lpb
non_chara,director/pop/publicpopgroupdirector,director,228,215,115,True,True,0,,C:\Program Files (x86)\SquareEnix\FINAL FANTASY XIV\client\script\61s57qvs\uvu\up8y17uvu3svpu61s57qvs.le.lpb
non_chara,director/pop/publicpopmaster,director,205,192,92,True,True,0,,C:\Program Files (x86)\SquareEnix\FINAL FANTASY XIV\client\script\61s57qvs\uvu\up8y17uvux9rq5s.le.lpb
non_chara,director/pop/publicpopsingledirector,director,229,216,116,True,True,0,,C:\Program Files (x86)\SquareEnix\FINAL FANTASY XIV\client\script\61s57qvs\uvu\up8y17uvur1w3y561s57qvs.le.lpb
non_chara,director/shipdirector,director,268,255,139,True,True,0,,C:\Program Files (x86)\SquareEnix\FINAL FANTASY XIV\client\script\61s57qvs\r21u61s57qvs.le.lpb
non_chara,director/specialeventdirector,director,276,263,155,True,True,0,,C:\Program Files (x86)\SquareEnix\FINAL FANTASY XIV\client\script\61s57qvs\ru5719y5o5wq61s57qvs.le.lpb
non_chara,director/test/testdirector,director,997,984,769,True,True,0,,C:\Program Files (x86)\SquareEnix\FINAL FANTASY XIV\client\script\61s57qvs\q5rq\q5rq61s57qvs.le.lpb
non_chara,director/test/testdirectorbaseclass,director,756,743,788,True,True,0,,C:\Program Files (x86)\SquareEnix\FINAL FANTASY XIV\client\script\61s57qvs\q5rq\q5rq61s57qvs89r57y9rr.le.lpb
non_chara,director/weather/weatherdirector,director,227,214,114,True,True,0,,C:\Program Files (x86)\SquareEnix\FINAL FANTASY XIV\client\script\61s57qvs\n59q25s\n59q25s61s57qvs.le.lpb
non_chara,director/weather/weatherdirectorbaseclass,director,853,840,868,True,True,0,,C:\Program Files (x86)\SquareEnix\FINAL FANTASY XIV\client\script\61s57qvs\n59q25s\n59q25s61s57qvs89r57y9rr.le.lpb
non_chara,gamedata/gamedatabaseclass,gamedata,302,289,164,True,True,0,,C:\Program Files (x86)\SquareEnix\FINAL FANTASY XIV\client\script\39x569q9\39x569q989r57y9rr.le.lpb
non_chara,gamedata/spreadsheet,gamedata,312,299,227,True,True,0,,C:\Program Files (x86)\SquareEnix\FINAL FANTASY XIV\client\script\39x569q9\rus596r255q.le.lpb
non_chara,gamedata/spreadsheet_u,gamedata,1358,1345,1773,True,True,0,,C:\Program Files (x86)\SquareEnix\FINAL FANTASY XIV\client\script\39x569q9\rus596r255q_p.le.lpb
non_chara,global_u,global_u,3522,3509,4483,True,True,0,,C:\Program Files (x86)\SquareEnix\FINAL FANTASY XIV\client\script\3yv89y_p.le.lpb
non_chara,group/communitygroup/communitygroupbaseclass,group,530,517,424,True,True,0,,C:\Program Files (x86)\SquareEnix\FINAL FANTASY XIV\client\script\3svpu\7vxxpw1ql3svpu\7vxxpw1ql3svpu89r57y9rr.le.lpb
non_chara,group/communitygroup/companygroup,group,4477,4464,5908,True,True,0,,C:\Program Files (x86)\SquareEnix\FINAL FANTASY XIV\client\script\3svpu\7vxxpw1ql3svpu\7vxu9wl3svpu.le.lpb
non_chara,group/contentgroup/contentgroupbaseclass,group,3627,3614,4786,True,True,0,,C:\Program Files (x86)\SquareEnix\FINAL FANTASY XIV\client\script\3svpu\7vwq5wq3svpu\7vwq5wq3svpu89r57y9rr.le.lpb
non_chara,group/contentgroup/guildlevegroup,group,222,209,109,True,True,0,,C:\Program Files (x86)\SquareEnix\FINAL FANTASY XIV\client\script\3svpu\7vwq5wq3svpu\3p1y6y5o53svpu.le.lpb
non_chara,group/contentgroup/publicpopgroup,group,222,209,109,True,True,0,,C:\Program Files (x86)\SquareEnix\FINAL FANTASY XIV\client\script\3svpu\7vwq5wq3svpu\up8y17uvu3svpu.le.lpb
non_chara,group/contentgroup/simplecontentgroup,group,226,213,113,True,True,0,,C:\Program Files (x86)\SquareEnix\FINAL FANTASY XIV\client\script\3svpu\7vwq5wq3svpu\r1xuy57vwq5wq3svpu.le.lpb
non_chara,group/groupbaseclass,group,823,810,808,True,True,0,,C:\Program Files (x86)\SquareEnix\FINAL FANTASY XIV\client\script\3svpu\3svpu89r57y9rr.le.lpb
non_chara,group/groupbaseclass_u,group,2097,2084,2731,True,True,0,,C:\Program Files (x86)\SquareEnix\FINAL FANTASY XIV\client\script\3svpu\3svpu89r57y9rr_p.le.lpb
non_chara,group/partygroup/monsterpartygroup,group,2008,1995,2010,True,True,0,,C:\Program Files (x86)\SquareEnix\FINAL FANTASY XIV\client\script\3svpu\u9sql3svpu\xvwrq5su9sql3svpu.le.lpb
non_chara,group/partygroup/monsterpartygroup_battle,group,69,56,17,True,True,0,,C:\Program Files (x86)\SquareEnix\FINAL FANTASY XIV\client\script\3svpu\u9sql3svpu\xvwrq5su9sql3svpu_89qqy5.le.lpb
non_chara,group/partygroup/partygroupbaseclass,group,1348,1335,1205,True,True,0,,C:\Program Files (x86)\SquareEnix\FINAL FANTASY XIV\client\script\3svpu\u9sql3svpu\u9sql3svpu89r57y9rr.le.lpb
non_chara,group/partygroup/partygroupbaseclass_battle,group,1726,1713,2660,True,True,0,,C:\Program Files (x86)\SquareEnix\FINAL FANTASY XIV\client\script\3svpu\u9sql3svpu\u9sql3svpu89r57y9rr_89qqy5.le.lpb
non_chara,group/partygroup/playerpartygroup,group,2985,2972,3676,True,True,0,,C:\Program Files (x86)\SquareEnix\FINAL FANTASY XIV\client\script\3svpu\u9sql3svpu\uy9l5su9sql3svpu.le.lpb
non_chara,group/relationgroup/bazaarbuyitemrelationgroup,group,543,530,420,True,True,0,,C:\Program Files (x86)\SquareEnix\FINAL FANTASY XIV\client\script\3svpu\s5y9q1vw3svpu\89k99s8pl1q5xs5y9q1vw3svpu.le.lpb
non_chara,group/relationgroup/groupentryrelationgroup,group,234,221,121,True,True,0,,C:\Program Files (x86)\SquareEnix\FINAL FANTASY XIV\client\script\3svpu\s5y9q1vw3svpu\3svpu5wqsls5y9q1vw3svpu.le.lpb
non_chara,group/relationgroup/groupexeccommandrelationgroup,group,1033,1020,1011,True,True,0,,C:\Program Files (x86)\SquareEnix\FINAL FANTASY XIV\client\script\3svpu\s5y9q1vw3svpu\3svpu5m577vxx9w6s5y9q1vw3svpu.le.lpb
non_chara,group/relationgroup/groupinvitationrelationgroup,group,2041,2028,2053,True,True,0,,C:\Program Files (x86)\SquareEnix\FINAL FANTASY XIV\client\script\3svpu\s5y9q1vw3svpu\3svpu1wo1q9q1vws5y9q1vw3svpu.le.lpb
non_chara,group/relationgroup/relationgroupbaseclass,group,539,526,525,True,True,0,,C:\Program Files (x86)\SquareEnix\FINAL FANTASY XIV\client\script\3svpu\s5y9q1vw3svpu\s5y9q1vw3svpu89r57y9rr.le.lpb
non_chara,group/relationgroup/simplerelationgroup,group,230,217,117,True,True,0,,C:\Program Files (x86)\SquareEnix\FINAL FANTASY XIV\client\script\3svpu\s5y9q1vw3svpu\r1xuy5s5y9q1vw3svpu.le.lpb
non_chara,group/relationgroup/traderelationgroup,group,1877,1864,1852,True,True,0,,C:\Program Files (x86)\SquareEnix\FINAL FANTASY XIV\client\script\3svpu\s5y9q1vw3svpu\qs965s5y9q1vw3svpu.le.lpb
non_chara,group/simplegroup,group,258,245,128,True,True,0,,C:\Program Files (x86)\SquareEnix\FINAL FANTASY XIV\client\script\3svpu\r1xuy53svpu.le.lpb
non_chara,item/important/importantitembaseclass,item,216,203,88,True,True,0,,C:\Program Files (x86)\SquareEnix\FINAL FANTASY XIV\client\script\1q5x\1xuvsq9wq\1xuvsq9wq1q5x89r57y9rr.le.lpb
non_chara,item/important/importantitemstandard,item,227,214,114,True,True,0,,C:\Program Files (x86)\SquareEnix\FINAL FANTASY XIV\client\script\1q5x\1xuvsq9wq\1xuvsq9wq1q5xrq9w69s6.le.lpb
non_chara,item/itembaseclass,item,759,746,576,True,True,0,,C:\Program Files (x86)\SquareEnix\FINAL FANTASY XIV\client\script\1q5x\1q5x89r57y9rr.le.lpb
non_chara,item/itembaseclass_common,item,41430,41417,57120,True,True,0,,C:\Program Files (x86)\SquareEnix\FINAL FANTASY XIV\client\script\1q5x\1q5x89r57y9rr_7vxxvw.le.lpb
non_chara,item/itembaseclass_u,item,2426,2413,3149,True,True,0,,C:\Program Files (x86)\SquareEnix\FINAL FANTASY XIV\client\script\1q5x\1q5x89r57y9rr_p.le.lpb
non_chara,item/money/moneyitembaseclass,item,212,199,84,True,True,0,,C:\Program Files (x86)\SquareEnix\FINAL FANTASY XIV\client\script\1q5x\xvw5l\xvw5l1q5x89r57y9rr.le.lpb
non_chara,item/money/moneystandard,item,207,194,94,True,True,0,,C:\Program Files (x86)\SquareEnix\FINAL FANTASY XIV\client\script\1q5x\xvw5l\xvw5lrq9w69s6.le.lpb
non_chara,item/normal/additionaleffectequipitem,item,222,209,109,True,True,0,,C:\Program Files (x86)\SquareEnix\FINAL FANTASY XIV\client\script\1q5x\wvsx9y\9661q1vw9y54457q5tp1u1q5x.le.lpb
non_chara,item/normal/cmnbadstatusitem,item,403,390,446,True,True,0,,C:\Program Files (x86)\SquareEnix\FINAL FANTASY XIV\client\script\1q5x\wvsx9y\7xw896rq9qpr1q5x.le.lpb
non_chara,item/normal/cmngoodstatusitem,item,714,701,1015,True,True,0,,C:\Program Files (x86)\SquareEnix\FINAL FANTASY XIV\client\script\1q5x\wvsx9y\7xw3vv6rq9qpr1q5x.le.lpb
non_chara,item/normal/cmnhatecontrolitem,item,310,297,253,True,True,0,,C:\Program Files (x86)\SquareEnix\FINAL FANTASY XIV\client\script\1q5x\wvsx9y\7xw29q57vwqsvy1q5x.le.lpb
non_chara,item/normal/cmnremovestatusitem,item,406,393,454,True,True,0,,C:\Program Files (x86)\SquareEnix\FINAL FANTASY XIV\client\script\1q5x\wvsx9y\7xws5xvo5rq9qpr1q5x.le.lpb
non_chara,item/normal/dummyitem,item,206,193,93,True,True,0,,C:\Program Files (x86)\SquareEnix\FINAL FANTASY XIV\client\script\1q5x\wvsx9y\6pxxl1q5x.le.lpb
non_chara,item/normal/enchantitem,item,208,195,95,True,True,0,,C:\Program Files (x86)\SquareEnix\FINAL FANTASY XIV\client\script\1q5x\wvsx9y\5w729wq1q5x.le.lpb
non_chara,item/normal/enchantmedicineitem,item,406,393,371,True,True,0,,C:\Program Files (x86)\SquareEnix\FINAL FANTASY XIV\client\script\1q5x\wvsx9y\5w729wqx56171w51q5x.le.lpb
non_chara,item/normal/fooditem,item,1359,1346,1437,True,True,0,,C:\Program Files (x86)\SquareEnix\FINAL FANTASY XIV\client\script\1q5x\wvsx9y\4vv61q5x.le.lpb
non_chara,item/normal/materiaitem,item,208,195,95,True,True,0,,C:\Program Files (x86)\SquareEnix\FINAL FANTASY XIV\client\script\1q5x\wvsx9y\x9q5s191q5x.le.lpb
non_chara,item/normal/normalitembaseclass,item,695,682,485,True,True,0,,C:\Program Files (x86)\SquareEnix\FINAL FANTASY XIV\client\script\1q5x\wvsx9y\wvsx9y1q5x89r57y9rr.le.lpb
non_chara,item/normal/normalitembaseclass_common,item,7026,7013,11266,True,True,0,,C:\Program Files (x86)\SquareEnix\FINAL FANTASY XIV\client\script\1q5x\wvsx9y\wvsx9y1q5x89r57y9rr_7vxxvw.le.lpb
non_chara,item/normal/normalitembaseclass_u,item,69,56,17,True,True,0,,C:\Program Files (x86)\SquareEnix\FINAL FANTASY XIV\client\script\1q5x\wvsx9y\wvsx9y1q5x89r57y9rr_p.le.lpb
non_chara,item/normal/potionitem,item,397,384,428,True,True,0,,C:\Program Files (x86)\SquareEnix\FINAL FANTASY XIV\client\script\1q5x\wvsx9y\uvq1vw1q5x.le.lpb
non_chara,item/normal/raiseitem,item,574,561,603,True,True,0,,C:\Program Files (x86)\SquareEnix\FINAL FANTASY XIV\client\script\1q5x\wvsx9y\s91r51q5x.le.lpb
non_chara,item/normal/shielditem,item,310,297,187,True,True,0,,C:\Program Files (x86)\SquareEnix\FINAL FANTASY XIV\client\script\1q5x\wvsx9y\r215y61q5x.le.lpb
non_chara,item/normal/specialequipitem,item,213,200,100,True,True,0,,C:\Program Files (x86)\SquareEnix\FINAL FANTASY XIV\client\script\1q5x\wvsx9y\ru5719y5tp1u1q5x.le.lpb
non_chara,item/normal/standarditem,item,209,196,96,True,True,0,,C:\Program Files (x86)\SquareEnix\FINAL FANTASY XIV\client\script\1q5x\wvsx9y\rq9w69s61q5x.le.lpb
non_chara,item/normal/toolitem,item,382,369,231,True,True,0,,C:\Program Files (x86)\SquareEnix\FINAL FANTASY XIV\client\script\1q5x\wvsx9y\qvvy1q5x.le.lpb
non_chara,judge/action/actionjudge,judge,192,179,79,True,True,0,,C:\Program Files (x86)\SquareEnix\FINAL FANTASY XIV\client\script\0p635\97q1vw\97q1vw0p635.le.lpb
non_chara,judge/autoattack/autoattackjudge,judge,196,183,83,True,True,0,,C:\Program Files (x86)\SquareEnix\FINAL FANTASY XIV\client\script\0p635\9pqv9qq97z\9pqv9qq97z0p635.le.lpb
non_chara,judge/battle/battlejudge,judge,69,56,17,True,True,0,,C:\Program Files (x86)\SquareEnix\FINAL FANTASY XIV\client\script\0p635\89qqy5\89qqy50p635.le.lpb
non_chara,judge/battleprocess/battleprocessjudge,judge,199,186,86,True,True,0,,C:\Program Files (x86)\SquareEnix\FINAL FANTASY XIV\client\script\0p635\89qqy5usv75rr\89qqy5usv75rr0p635.le.lpb
non_chara,judge/chocobojudge,judge,1339,1326,1298,True,True,0,,C:\Program Files (x86)\SquareEnix\FINAL FANTASY XIV\client\script\0p635\72v7v8v0p635.le.lpb
non_chara,judge/commonjudge,judge,531,518,472,True,True,0,,C:\Program Files (x86)\SquareEnix\FINAL FANTASY XIV\client\script\0p635\7vxxvw0p635.le.lpb
non_chara,judge/craft/craftjudge,judge,10127,10114,14875,True,True,0,,C:\Program Files (x86)\SquareEnix\FINAL FANTASY XIV\client\script\0p635\7s94q\7s94q0p635.le.lpb
non_chara,judge/depictionjudge,judge,4142,4129,18896,True,True,0,,C:\Program Files (x86)\SquareEnix\FINAL FANTASY XIV\client\script\0p635\65u17q1vw0p635.le.lpb
non_chara,judge/gamecalculate/gamecalculatejudge,judge,199,186,86,True,True,0,,C:\Program Files (x86)\SquareEnix\FINAL FANTASY XIV\client\script\0p635\39x579y7py9q5\39x579y7py9q50p635.le.lpb
non_chara,judge/harvest/harvestjudge,judge,4015,4002,5885,True,True,0,,C:\Program Files (x86)\SquareEnix\FINAL FANTASY XIV\client\script\0p635\29so5rq\29so5rq0p635.le.lpb
non_chara,judge/hatecontrol/hatecontroljudge,judge,197,184,84,True,True,0,,C:\Program Files (x86)\SquareEnix\FINAL FANTASY XIV\client\script\0p635\29q57vwqsvy\29q57vwqsvy0p635.le.lpb
non_chara,judge/item/itemdropjudge,judge,69,56,17,True,True,0,,C:\Program Files (x86)\SquareEnix\FINAL FANTASY XIV\client\script\0p635\1q5x\1q5x6svu0p635.le.lpb
non_chara,judge/judgebaseclass,judge,1091,1078,976,True,True,0,,C:\Program Files (x86)\SquareEnix\FINAL FANTASY XIV\client\script\0p635\0p63589r57y9rr.le.lpb
non_chara,judge/judgebaseclass_u,judge,69,56,17,True,True,0,,C:\Program Files (x86)\SquareEnix\FINAL FANTASY XIV\client\script\0p635\0p63589r57y9rr_p.le.lpb
non_chara,judge/judgemaster,judge,521,508,311,True,True,0,,C:\Program Files (x86)\SquareEnix\FINAL FANTASY XIV\client\script\0p635\0p635x9rq5s.le.lpb
non_chara,judge/negotiation/negotiationjudge,judge,1907,1894,2378,True,True,0,,C:\Program Files (x86)\SquareEnix\FINAL FANTASY XIV\client\script\0p635\w53vq19q1vw\w53vq19q1vw0p635.le.lpb
non_chara,judge/preface/musicchangeprefacebaseclass,judge,357,344,235,True,True,0,,C:\Program Files (x86)\SquareEnix\FINAL FANTASY XIV\client\script\0p635\us54975\xpr17729w35us5497589r57y9rr.le.lpb
non_chara,judge/preface/musicchangeprefacejudge,judge,238,225,125,True,True,0,,C:\Program Files (x86)\SquareEnix\FINAL FANTASY XIV\client\script\0p635\us54975\xpr17729w35us549750p635.le.lpb
non_chara,judge/preface/prefacejudgebaseclass,judge,206,193,93,True,True,0,,C:\Program Files (x86)\SquareEnix\FINAL FANTASY XIV\client\script\0p635\us54975\us549750p63589r57y9rr.le.lpb
non_chara,judge/tutorialdummyjudge,judge,714,701,544,True,True,0,,C:\Program Files (x86)\SquareEnix\FINAL FANTASY XIV\client\script\0p635\qpqvs19y6pxxl0p635.le.lpb
non_chara,judge/tutorialjudge,judge,680,667,470,True,True,0,,C:\Program Files (x86)\SquareEnix\FINAL FANTASY XIV\client\script\0p635\qpqvs19y0p635.le.lpb
non_chara,status/ability/attackmagichealhpstatus,status,289,276,191,True,True,0,,C:\Program Files (x86)\SquareEnix\FINAL FANTASY XIV\client\script\rq9qpr\981y1ql\9qq97zx9317259y2urq9qpr.le.lpb
non_chara,status/ability/attributejointlystatus,status,288,275,189,True,True,0,,C:\Program Files (x86)\SquareEnix\FINAL FANTASY XIV\client\script\rq9qpr\981y1ql\9qqs18pq50v1wqylrq9qpr.le.lpb
non_chara,status/ability/berserkstatus,status,293,280,185,True,True,0,,C:\Program Files (x86)\SquareEnix\FINAL FANTASY XIV\client\script\rq9qpr\981y1ql\85sr5szrq9qpr.le.lpb
non_chara,status/ability/bloodluststatus,status,295,282,189,True,True,0,,C:\Program Files (x86)\SquareEnix\FINAL FANTASY XIV\client\script\rq9qpr\981y1ql\8yvv6yprqrq9qpr.le.lpb
non_chara,status/ability/cadencestatus,status,279,266,171,True,True,0,,C:\Program Files (x86)\SquareEnix\FINAL FANTASY XIV\client\script\rq9qpr\981y1ql\7965w75rq9qpr.le.lpb
non_chara,status/ability/conservempstatus,status,282,269,177,True,True,0,,C:\Program Files (x86)\SquareEnix\FINAL FANTASY XIV\client\script\rq9qpr\981y1ql\7vwr5so5xurq9qpr.le.lpb
non_chara,status/ability/coverstatus,status,291,278,181,True,True,0,,C:\Program Files (x86)\SquareEnix\FINAL FANTASY XIV\client\script\rq9qpr\981y1ql\7vo5srq9qpr.le.lpb
non_chara,status/ability/decoystatus,status,277,264,167,True,True,0,,C:\Program Files (x86)\SquareEnix\FINAL FANTASY XIV\client\script\rq9qpr\981y1ql\657vlrq9qpr.le.lpb
non_chara,status/ability/defenderstatus,status,376,363,275,True,True,0,,C:\Program Files (x86)\SquareEnix\FINAL FANTASY XIV\client\script\rq9qpr\981y1ql\6545w65srq9qpr.le.lpb
non_chara,status/ability/diversionstatus,status,281,268,175,True,True,0,,C:\Program Files (x86)\SquareEnix\FINAL FANTASY XIV\client\script\rq9qpr\981y1ql\61o5sr1vwrq9qpr.le.lpb
non_chara,status/ability/divineattackstatus,status,298,285,195,True,True,0,,C:\Program Files (x86)\SquareEnix\FINAL FANTASY XIV\client\script\rq9qpr\981y1ql\61o1w59qq97zrq9qpr.le.lpb
non_chara,status/ability/divinebenisonstatus,status,299,286,197,True,True,0,,C:\Program Files (x86)\SquareEnix\FINAL FANTASY XIV\client\script\rq9qpr\981y1ql\61o1w585w1rvwrq9qpr.le.lpb
non_chara,status/ability/divineprotectionstatus,status,302,289,203,True,True,0,,C:\Program Files (x86)\SquareEnix\FINAL FANTASY XIV\client\script\rq9qpr\981y1ql\61o1w5usvq57q1vwrq9qpr.le.lpb
non_chara,status/ability/divineveilstatus,status,296,283,191,True,True,0,,C:\Program Files (x86)\SquareEnix\FINAL FANTASY XIV\client\script\rq9qpr\981y1ql\61o1w5o51yrq9qpr.le.lpb
non_chara,status/ability/dreadspikestatus,status,296,283,191,True,True,0,,C:\Program Files (x86)\SquareEnix\FINAL FANTASY XIV\client\script\rq9qpr\981y1ql\6s596ru1z5rq9qpr.le.lpb
non_chara,status/ability/elementalassimilatestatus,status,291,278,195,True,True,0,,C:\Program Files (x86)\SquareEnix\FINAL FANTASY XIV\client\script\rq9qpr\981y1ql\5y5x5wq9y9rr1x1y9q5rq9qpr.le.lpb
non_chara,status/ability/elementalwhisperstatus,status,288,275,189,True,True,0,,C:\Program Files (x86)\SquareEnix\FINAL FANTASY XIV\client\script\rq9qpr\981y1ql\5y5x5wq9yn21ru5srq9qpr.le.lpb
non_chara,status/ability/eluderstatus,status,196,183,83,True,True,0,,C:\Program Files (x86)\SquareEnix\FINAL FANTASY XIV\client\script\rq9qpr\981y1ql\5yp65srq9qpr.le.lpb
non_chara,status/ability/enchantfiststatus,status,297,284,193,True,True,0,,C:\Program Files (x86)\SquareEnix\FINAL FANTASY XIV\client\script\rq9qpr\981y1ql\5w729wq41rqrq9qpr.le.lpb
non_chara,status/ability/ferocitystatus,status,294,281,187,True,True,0,,C:\Program Files (x86)\SquareEnix\FINAL FANTASY XIV\client\script\rq9qpr\981y1ql\45sv71qlrq9qpr.le.lpb
non_chara,status/ability/garyoucasterstatus,status,380,367,287,True,True,0,,C:\Program Files (x86)\SquareEnix\FINAL FANTASY XIV\client\script\rq9qpr\981y1ql\39slvp79rq5srq9qpr.le.lpb
non_chara,status/ability/gathererstealthstatus,status,389,376,302,True,True,0,,C:\Program Files (x86)\SquareEnix\FINAL FANTASY XIV\client\script\rq9qpr\981y1ql\39q25s5srq59yq2rq9qpr.le.lpb
non_chara,status/ability/guarderstatus,status,279,266,171,True,True,0,,C:\Program Files (x86)\SquareEnix\FINAL FANTASY XIV\client\script\rq9qpr\981y1ql\3p9s65srq9qpr.le.lpb
non_chara,status/ability/hallowedgroundstatus,status,204,191,91,True,True,0,,C:\Program Files (x86)\SquareEnix\FINAL FANTASY XIV\client\script\rq9qpr\981y1ql\29yyvn563svpw6rq9qpr.le.lpb
non_chara,status/ability/hiryucasterstatus,status,379,366,284,True,True,0,,C:\Program Files (x86)\SquareEnix\FINAL FANTASY XIV\client\script\rq9qpr\981y1ql\21slp79rq5srq9qpr.le.lpb
non_chara,status/ability/hiryutargetstatus,status,282,269,178,True,True,0,,C:\Program Files (x86)\SquareEnix\FINAL FANTASY XIV\client\script\rq9qpr\981y1ql\21slpq9s35qrq9qpr.le.lpb
non_chara,status/ability/howlstatus,status,275,262,164,True,True,0,,C:\Program Files (x86)\SquareEnix\FINAL FANTASY XIV\client\script\rq9qpr\981y1ql\2vnyrq9qpr.le.lpb
non_chara,status/ability/jumpstatus,status,194,181,81,True,True,0,,C:\Program Files (x86)\SquareEnix\FINAL FANTASY XIV\client\script\rq9qpr\981y1ql\0pxurq9qpr.le.lpb
non_chara,status/ability/keenflurrystatus,status,282,269,177,True,True,0,,C:\Program Files (x86)\SquareEnix\FINAL FANTASY XIV\client\script\rq9qpr\981y1ql\z55w4ypsslrq9qpr.le.lpb
non_chara,status/ability/lifeplunderstatus,status,283,270,179,True,True,0,,C:\Program Files (x86)\SquareEnix\FINAL FANTASY XIV\client\script\rq9qpr\981y1ql\y145uypw65srq9qpr.le.lpb
non_chara,status/ability/lineoffirestatus,status,282,269,177,True,True,0,,C:\Program Files (x86)\SquareEnix\FINAL FANTASY XIV\client\script\rq9qpr\981y1ql\y1w5v441s5rq9qpr.le.lpb
non_chara,status/ability/magiccriticalstatus,status,285,272,183,True,True,0,,C:\Program Files (x86)\SquareEnix\FINAL FANTASY XIV\client\script\rq9qpr\981y1ql\x93177s1q179yrq9qpr.le.lpb
non_chara,status/ability/meditatestatus,status,280,267,173,True,True,0,,C:\Program Files (x86)\SquareEnix\FINAL FANTASY XIV\client\script\rq9qpr\981y1ql\x561q9q5rq9qpr.le.lpb
non_chara,status/ability/mightystrikenewstatus,status,301,288,201,True,True,0,,C:\Program Files (x86)\SquareEnix\FINAL FANTASY XIV\client\script\rq9qpr\981y1ql\x132qlrqs1z5w5nrq9qpr.le.lpb
non_chara,status/ability/mightystrikestatus,status,284,271,181,True,True,0,,C:\Program Files (x86)\SquareEnix\FINAL FANTASY XIV\client\script\rq9qpr\981y1ql\x132qlrqs1z5rq9qpr.le.lpb
non_chara,status/ability/painsharestatus,status,281,268,175,True,True,0,,C:\Program Files (x86)\SquareEnix\FINAL FANTASY XIV\client\script\rq9qpr\981y1ql\u91wr29s5rq9qpr.le.lpb
non_chara,status/ability/patientstatus,status,279,266,171,True,True,0,,C:\Program Files (x86)\SquareEnix\FINAL FANTASY XIV\client\script\rq9qpr\981y1ql\u9q15wqrq9qpr.le.lpb
non_chara,status/ability/ragingstrikestatus,status,298,285,195,True,True,0,,C:\Program Files (x86)\SquareEnix\FINAL FANTASY XIV\client\script\rq9qpr\981y1ql\s931w3rqs1z5rq9qpr.le.lpb
non_chara,status/ability/rampagestatus,status,293,280,185,True,True,0,,C:\Program Files (x86)\SquareEnix\FINAL FANTASY XIV\client\script\rq9qpr\981y1ql\s9xu935rq9qpr.le.lpb
non_chara,status/ability/ryukenstatus,status,292,279,183,True,True,0,,C:\Program Files (x86)\SquareEnix\FINAL FANTASY XIV\client\script\rq9qpr\981y1ql\slpz5wrq9qpr.le.lpb
non_chara,status/ability/ryusostatus,status,291,278,181,True,True,0,,C:\Program Files (x86)\SquareEnix\FINAL FANTASY XIV\client\script\rq9qpr\981y1ql\slprvrq9qpr.le.lpb
non_chara,status/ability/sentinelstatus,status,280,267,173,True,True,0,,C:\Program Files (x86)\SquareEnix\FINAL FANTASY XIV\client\script\rq9qpr\981y1ql\r5wq1w5yrq9qpr.le.lpb
non_chara,status/ability/shieldcurestatus,status,282,269,177,True,True,0,,C:\Program Files (x86)\SquareEnix\FINAL FANTASY XIV\client\script\rq9qpr\981y1ql\r215y67ps5rq9qpr.le.lpb
non_chara,status/ability/shieldtactstatus,status,282,269,177,True,True,0,,C:\Program Files (x86)\SquareEnix\FINAL FANTASY XIV\client\script\rq9qpr\981y1ql\r215y6q97qrq9qpr.le.lpb
non_chara,status/ability/shieldwallstatus,status,282,269,177,True,True,0,,C:\Program Files (x86)\SquareEnix\FINAL FANTASY XIV\client\script\rq9qpr\981y1ql\r215y6n9yyrq9qpr.le.lpb
non_chara,status/ability/shikikoyostatus,status,280,267,174,True,True,0,,C:\Program Files (x86)\SquareEnix\FINAL FANTASY XIV\client\script\rq9qpr\981y1ql\r21z1zvlvrq9qpr.le.lpb
non_chara,status/ability/soularrowstatus,status,281,268,175,True,True,0,,C:\Program Files (x86)\SquareEnix\FINAL FANTASY XIV\client\script\rq9qpr\981y1ql\rvpy9ssvnrq9qpr.le.lpb
non_chara,status/ability/souleaterstatus,status,281,268,175,True,True,0,,C:\Program Files (x86)\SquareEnix\FINAL FANTASY XIV\client\script\rq9qpr\981y1ql\rvpy59q5srq9qpr.le.lpb
non_chara,status/ability/stealthshotstatus,status,283,270,179,True,True,0,,C:\Program Files (x86)\SquareEnix\FINAL FANTASY XIV\client\script\rq9qpr\981y1ql\rq59yq2r2vqrq9qpr.le.lpb
non_chara,status/ability/stealthystepstatus,status,298,285,195,True,True,0,,C:\Program Files (x86)\SquareEnix\FINAL FANTASY XIV\client\script\rq9qpr\981y1ql\rq59yq2lrq5urq9qpr.le.lpb
non_chara,status/ability/sublimationstatus,status,297,284,193,True,True,0,,C:\Program Files (x86)\SquareEnix\FINAL FANTASY XIV\client\script\rq9qpr\981y1ql\rp8y1x9q1vwrq9qpr.le.lpb
non_chara,status/ability/thirdeyestatus,status,280,267,173,True,True,0,,C:\Program Files (x86)\SquareEnix\FINAL FANTASY XIV\client\script\rq9qpr\981y1ql\q21s65l5rq9qpr.le.lpb
non_chara,status/ability/trickattackstatus,status,201,188,88,True,True,0,,C:\Program Files (x86)\SquareEnix\FINAL FANTASY XIV\client\script\rq9qpr\981y1ql\qs17z9qq97zrq9qpr.le.lpb
non_chara,status/ability/vengencestatus,status,294,281,187,True,True,0,,C:\Program Files (x86)\SquareEnix\FINAL FANTASY XIV\client\script\rq9qpr\981y1ql\o5w35w75rq9qpr.le.lpb
non_chara,status/absorptiondamagestatus,status,206,193,93,True,True,0,,C:\Program Files (x86)\SquareEnix\FINAL FANTASY XIV\client\script\rq9qpr\98rvsuq1vw69x935rq9qpr.le.lpb
non_chara,status/arcbonusstatus,status,198,185,85,True,True,0,,C:\Program Files (x86)\SquareEnix\FINAL FANTASY XIV\client\script\rq9qpr\9s78vwprrq9qpr.le.lpb
non_chara,status/bindstatus,status,275,262,164,True,True,0,,C:\Program Files (x86)\SquareEnix\FINAL FANTASY XIV\client\script\rq9qpr\81w6rq9qpr.le.lpb
non_chara,status/boostpointstatus,status,288,275,184,True,True,0,,C:\Program Files (x86)\SquareEnix\FINAL FANTASY XIV\client\script\rq9qpr\8vvrquv1wqrq9qpr.le.lpb
non_chara,status/castkeepstatus,status,198,185,85,True,True,0,,C:\Program Files (x86)\SquareEnix\FINAL FANTASY XIV\client\script\rq9qpr\79rqz55urq9qpr.le.lpb
non_chara,status/castspeedstatus,status,494,481,455,True,True,0,,C:\Program Files (x86)\SquareEnix\FINAL FANTASY XIV\client\script\rq9qpr\79rqru556rq9qpr.le.lpb
non_chara,status/chocobospeeddownstatus,status,287,274,188,True,True,0,,C:\Program Files (x86)\SquareEnix\FINAL FANTASY XIV\client\script\rq9qpr\72v7v8vru5566vnwrq9qpr.le.lpb
non_chara,status/combinationstatus,status,201,188,88,True,True,0,,C:\Program Files (x86)\SquareEnix\FINAL FANTASY XIV\client\script\rq9qpr\7vx81w9q1vwrq9qpr.le.lpb
non_chara,status/commandcontrolstatus,status,285,272,184,True,True,0,,C:\Program Files (x86)\SquareEnix\FINAL FANTASY XIV\client\script\rq9qpr\7vxx9w67vwqsvyrq9qpr.le.lpb
non_chara,status/damagecutmagicstatus,status,204,191,91,True,True,0,,C:\Program Files (x86)\SquareEnix\FINAL FANTASY XIV\client\script\rq9qpr\69x9357pqx9317rq9qpr.le.lpb
non_chara,status/dev/dev1astatus,status,1334,1321,1439,True,True,0,,C:\Program Files (x86)\SquareEnix\FINAL FANTASY XIV\client\script\rq9qpr\65o\65oi9rq9qpr.le.lpb
non_chara,status/dev/dev1bstatus,status,195,182,82,True,True,0,,C:\Program Files (x86)\SquareEnix\FINAL FANTASY XIV\client\script\rq9qpr\65o\65oi8rq9qpr.le.lpb
non_chara,status/dev/dev1cstatus,status,195,182,82,True,True,0,,C:\Program Files (x86)\SquareEnix\FINAL FANTASY XIV\client\script\rq9qpr\65o\65oi7rq9qpr.le.lpb
non_chara,status/dev/dev1dstatus,status,195,182,82,True,True,0,,C:\Program Files (x86)\SquareEnix\FINAL FANTASY XIV\client\script\rq9qpr\65o\65oi6rq9qpr.le.lpb
non_chara,status/dev/dev1estatus,status,195,182,82,True,True,0,,C:\Program Files (x86)\SquareEnix\FINAL FANTASY XIV\client\script\rq9qpr\65o\65oi5rq9qpr.le.lpb
non_chara,status/dev/dev2astatus,status,195,182,82,True,True,0,,C:\Program Files (x86)\SquareEnix\FINAL FANTASY XIV\client\script\rq9qpr\65o\65oh9rq9qpr.le.lpb
non_chara,status/dev/dev2bstatus,status,195,182,82,True,True,0,,C:\Program Files (x86)\SquareEnix\FINAL FANTASY XIV\client\script\rq9qpr\65o\65oh8rq9qpr.le.lpb
non_chara,status/dev/dev2cstatus,status,195,182,82,True,True,0,,C:\Program Files (x86)\SquareEnix\FINAL FANTASY XIV\client\script\rq9qpr\65o\65oh7rq9qpr.le.lpb
non_chara,status/dev/dev2dstatus,status,195,182,82,True,True,0,,C:\Program Files (x86)\SquareEnix\FINAL FANTASY XIV\client\script\rq9qpr\65o\65oh6rq9qpr.le.lpb
non_chara,status/dev/dev2estatus,status,195,182,82,True,True,0,,C:\Program Files (x86)\SquareEnix\FINAL FANTASY XIV\client\script\rq9qpr\65o\65oh5rq9qpr.le.lpb
non_chara,status/dotaurumstatus,status,370,357,270,True,True,0,,C:\Program Files (x86)\SquareEnix\FINAL FANTASY XIV\client\script\rq9qpr\6vq9pspxrq9qpr.le.lpb
non_chara,status/dotstatus,status,274,261,162,True,True,0,,C:\Program Files (x86)\SquareEnix\FINAL FANTASY XIV\client\script\rq9qpr\6vqrq9qpr.le.lpb
non_chara,status/dummystatus,status,195,182,82,True,True,0,,C:\Program Files (x86)\SquareEnix\FINAL FANTASY XIV\client\script\rq9qpr\6pxxlrq9qpr.le.lpb
non_chara,status/equipmentweaknessstatus,status,457,444,392,True,True,0,,C:\Program Files (x86)\SquareEnix\FINAL FANTASY XIV\client\script\rq9qpr\5tp1ux5wqn59zw5rrrq9qpr.le.lpb
non_chara,status/evasionstatus,status,279,266,171,True,True,0,,C:\Program Files (x86)\SquareEnix\FINAL FANTASY XIV\client\script\rq9qpr\5o9r1vwrq9qpr.le.lpb
non_chara,status/excbonusstatus,status,198,185,85,True,True,0,,C:\Program Files (x86)\SquareEnix\FINAL FANTASY XIV\client\script\rq9qpr\5m78vwprrq9qpr.le.lpb
non_chara,status/foodstatus,status,194,181,81,True,True,0,,C:\Program Files (x86)\SquareEnix\FINAL FANTASY XIV\client\script\rq9qpr\4vv6rq9qpr.le.lpb
non_chara,status/grandcompanystatus,status,202,189,89,True,True,0,,C:\Program Files (x86)\SquareEnix\FINAL FANTASY XIV\client\script\rq9qpr\3s9w67vxu9wlrq9qpr.le.lpb
non_chara,status/hateforcasterstatus,status,498,485,467,True,True,0,,C:\Program Files (x86)\SquareEnix\FINAL FANTASY XIV\client\script\rq9qpr\29q54vs79rq5srq9qpr.le.lpb
non_chara,status/hatefortargetstatus,status,432,419,372,True,True,0,,C:\Program Files (x86)\SquareEnix\FINAL FANTASY XIV\client\script\rq9qpr\29q54vsq9s35qrq9qpr.le.lpb
non_chara,status/hijackstatus,status,277,264,168,True,True,0,,C:\Program Files (x86)\SquareEnix\FINAL FANTASY XIV\client\script\rq9qpr\21097zrq9qpr.le.lpb
non_chara,status/icononlystatus,status,198,185,85,True,True,0,,C:\Program Files (x86)\SquareEnix\FINAL FANTASY XIV\client\script\rq9qpr\17vwvwylrq9qpr.le.lpb
non_chara,status/instanteffectstatus,status,481,468,360,True,True,0,,C:\Program Files (x86)\SquareEnix\FINAL FANTASY XIV\client\script\rq9qpr\1wrq9wq54457qrq9qpr.le.lpb
non_chara,status/lightcurtainstatus,status,202,189,89,True,True,0,,C:\Program Files (x86)\SquareEnix\FINAL FANTASY XIV\client\script\rq9qpr\y132q7psq91wrq9qpr.le.lpb
non_chara,status/magic/ancientmagicstatus,status,284,271,181,True,True,0,,C:\Program Files (x86)\SquareEnix\FINAL FANTASY XIV\client\script\rq9qpr\x9317\9w715wqx9317rq9qpr.le.lpb
non_chara,status/magic/banishstatus,status,277,264,168,True,True,0,,C:\Program Files (x86)\SquareEnix\FINAL FANTASY XIV\client\script\rq9qpr\x9317\89w1r2rq9qpr.le.lpb
non_chara,status/magic/biostatus,status,274,261,162,True,True,0,,C:\Program Files (x86)\SquareEnix\FINAL FANTASY XIV\client\script\rq9qpr\x9317\81vrq9qpr.le.lpb
non_chara,status/magic/darkstatus,status,275,262,164,True,True,0,,C:\Program Files (x86)\SquareEnix\FINAL FANTASY XIV\client\script\rq9qpr\x9317\69szrq9qpr.le.lpb
non_chara,status/magic/diastatus,status,274,261,162,True,True,0,,C:\Program Files (x86)\SquareEnix\FINAL FANTASY XIV\client\script\rq9qpr\x9317\619rq9qpr.le.lpb
non_chara,status/magic/magicshieldstatus,status,283,270,179,True,True,0,,C:\Program Files (x86)\SquareEnix\FINAL FANTASY XIV\client\script\rq9qpr\x9317\x9317r215y6rq9qpr.le.lpb
non_chara,status/magic/mindspikestatus,status,281,268,175,True,True,0,,C:\Program Files (x86)\SquareEnix\FINAL FANTASY XIV\client\script\rq9qpr\x9317\x1w6ru1z5rq9qpr.le.lpb
non_chara,status/magic/protectstatus,status,279,266,171,True,True,0,,C:\Program Files (x86)\SquareEnix\FINAL FANTASY XIV\client\script\rq9qpr\x9317\usvq57qrq9qpr.le.lpb
non_chara,status/magic/shellstatus,status,277,264,167,True,True,0,,C:\Program Files (x86)\SquareEnix\FINAL FANTASY XIV\client\script\rq9qpr\x9317\r25yyrq9qpr.le.lpb
non_chara,status/magic/shockspikestatus,status,282,269,177,True,True,0,,C:\Program Files (x86)\SquareEnix\FINAL FANTASY XIV\client\script\rq9qpr\x9317\r2v7zru1z5rq9qpr.le.lpb
non_chara,status/magic/stoneskinstatus,status,281,268,175,True,True,0,,C:\Program Files (x86)\SquareEnix\FINAL FANTASY XIV\client\script\rq9qpr\x9317\rqvw5rz1wrq9qpr.le.lpb
non_chara,status/mainskillstatus,status,295,282,189,True,True,0,,C:\Program Files (x86)\SquareEnix\FINAL FANTASY XIV\client\script\rq9qpr\x91wrz1yyrq9qpr.le.lpb
non_chara,status/medicinestatus,status,198,185,85,True,True,0,,C:\Program Files (x86)\SquareEnix\FINAL FANTASY XIV\client\script\rq9qpr\x56171w5rq9qpr.le.lpb
non_chara,status/monsterdrainstatus,status,202,189,89,True,True,0,,C:\Program Files (x86)\SquareEnix\FINAL FANTASY XIV\client\script\rq9qpr\xvwrq5s6s91wrq9qpr.le.lpb
non_chara,status/monstershieldstatus,status,203,190,90,True,True,0,,C:\Program Files (x86)\SquareEnix\FINAL FANTASY XIV\client\script\rq9qpr\xvwrq5sr215y6rq9qpr.le.lpb
non_chara,status/movingcontrolstatus,status,694,681,728,True,True,0,,C:\Program Files (x86)\SquareEnix\FINAL FANTASY XIV\client\script\rq9qpr\xvo1w37vwqsvyrq9qpr.le.lpb
non_chara,status/mptimerstatus,status,325,312,144,True,True,0,,C:\Program Files (x86)\SquareEnix\FINAL FANTASY XIV\client\script\rq9qpr\xuq1x5srq9qpr.le.lpb
non_chara,status/oldstatus,status,193,180,80,True,True,0,,C:\Program Files (x86)\SquareEnix\FINAL FANTASY XIV\client\script\rq9qpr\vy6rq9qpr.le.lpb
non_chara,status/parametercontrolstatus,status,1719,1706,2176,True,True,0,,C:\Program Files (x86)\SquareEnix\FINAL FANTASY XIV\client\script\rq9qpr\u9s9x5q5s7vwqsvyrq9qpr.le.lpb
non_chara,status/partsbreakstatus,status,281,268,176,True,True,0,,C:\Program Files (x86)\SquareEnix\FINAL FANTASY XIV\client\script\rq9qpr\u9sqr8s59zrq9qpr.le.lpb
non_chara,status/partybonusstatus,status,288,275,184,True,True,0,,C:\Program Files (x86)\SquareEnix\FINAL FANTASY XIV\client\script\rq9qpr\u9sql8vwprrq9qpr.le.lpb
non_chara,status/petrifystatus,status,278,265,170,True,True,0,,C:\Program Files (x86)\SquareEnix\FINAL FANTASY XIV\client\script\rq9qpr\u5qs14lrq9qpr.le.lpb
non_chara,status/pglbonusstatus,status,198,185,85,True,True,0,,C:\Program Files (x86)\SquareEnix\FINAL FANTASY XIV\client\script\rq9qpr\u3y8vwprrq9qpr.le.lpb
non_chara,status/physicaldamagecutstatus,status,207,194,94,True,True,0,,C:\Program Files (x86)\SquareEnix\FINAL FANTASY XIV\client\script\rq9qpr\u2lr179y69x9357pqrq9qpr.le.lpb
non_chara,status/poisonstatus,status,277,264,168,True,True,0,,C:\Program Files (x86)\SquareEnix\FINAL FANTASY XIV\client\script\rq9qpr\uv1rvwrq9qpr.le.lpb
non_chara,status/rangestatus,status,277,264,167,True,True,0,,C:\Program Files (x86)\SquareEnix\FINAL FANTASY XIV\client\script\rq9qpr\s9w35rq9qpr.le.lpb
non_chara,status/regenstatus,status,277,264,167,True,True,0,,C:\Program Files (x86)\SquareEnix\FINAL FANTASY XIV\client\script\rq9qpr\s535wrq9qpr.le.lpb
non_chara,status/ruststatus,status,528,515,426,True,True,0,,C:\Program Files (x86)\SquareEnix\FINAL FANTASY XIV\client\script\rq9qpr\sprqrq9qpr.le.lpb
non_chara,status/shielddefencestatus,status,203,190,90,True,True,0,,C:\Program Files (x86)\SquareEnix\FINAL FANTASY XIV\client\script\rq9qpr\r215y66545w75rq9qpr.le.lpb
non_chara,status/shortstunstatus,status,199,186,86,True,True,0,,C:\Program Files (x86)\SquareEnix\FINAL FANTASY XIV\client\script\rq9qpr\r2vsqrqpwrq9qpr.le.lpb
non_chara,status/skilllevelstatus,status,200,187,87,True,True,0,,C:\Program Files (x86)\SquareEnix\FINAL FANTASY XIV\client\script\rq9qpr\rz1yyy5o5yrq9qpr.le.lpb
non_chara,status/skillpointbooststatus,status,205,192,92,True,True,0,,C:\Program Files (x86)\SquareEnix\FINAL FANTASY XIV\client\script\rq9qpr\rz1yyuv1wq8vvrqrq9qpr.le.lpb
non_chara,status/sleepstatus,status,276,263,166,True,True,0,,C:\Program Files (x86)\SquareEnix\FINAL FANTASY XIV\client\script\rq9qpr\ry55urq9qpr.le.lpb
non_chara,status/statusbaseclass,status,8243,8230,11723,True,True,0,,C:\Program Files (x86)\SquareEnix\FINAL FANTASY XIV\client\script\rq9qpr\rq9qpr89r57y9rr.le.lpb
non_chara,status/stunstatus,status,275,262,164,True,True,0,,C:\Program Files (x86)\SquareEnix\FINAL FANTASY XIV\client\script\rq9qpr\rqpwrq9qpr.le.lpb
non_chara,status/targetcontrolstatus,status,203,190,90,True,True,0,,C:\Program Files (x86)\SquareEnix\FINAL FANTASY XIV\client\script\rq9qpr\q9s35q7vwqsvyrq9qpr.le.lpb
non_chara,status/temporarydefencestatus,status,288,275,189,True,True,0,,C:\Program Files (x86)\SquareEnix\FINAL FANTASY XIV\client\script\rq9qpr\q5xuvs9sl6545w75rq9qpr.le.lpb
non_chara,status/timecontrolstatus,status,496,483,461,True,True,0,,C:\Program Files (x86)\SquareEnix\FINAL FANTASY XIV\client\script\rq9qpr\q1x57vwqsvyrq9qpr.le.lpb
non_chara,status/tpcoststatus,status,196,183,83,True,True,0,,C:\Program Files (x86)\SquareEnix\FINAL FANTASY XIV\client\script\rq9qpr\qu7vrqrq9qpr.le.lpb
non_chara,status/tpregainstatus,status,493,480,452,True,True,0,,C:\Program Files (x86)\SquareEnix\FINAL FANTASY XIV\client\script\rq9qpr\qus5391wrq9qpr.le.lpb
non_chara,status/tptimerstatus,status,197,184,84,True,True,0,,C:\Program Files (x86)\SquareEnix\FINAL FANTASY XIV\client\script\rq9qpr\quq1x5srq9qpr.le.lpb
non_chara,status/weaknessstatus,status,369,356,269,True,True,0,,C:\Program Files (x86)\SquareEnix\FINAL FANTASY XIV\client\script\rq9qpr\n59zw5rrrq9qpr.le.lpb
non_chara,status/weaponskill/stillbladestatus,status,200,187,87,True,True,0,,C:\Program Files (x86)\SquareEnix\FINAL FANTASY XIV\client\script\rq9qpr\n59uvwrz1yy\rq1yy8y965rq9qpr.le.lpb
non_chara,status/weaponskill/thumbingstatus,status,279,266,172,True,True,0,,C:\Program Files (x86)\SquareEnix\FINAL FANTASY XIV\client\script\rq9qpr\n59uvwrz1yy\q2px81w3rq9qpr.le.lpb
non_chara,status/weaponskill/timerarrowstatus,status,281,268,176,True,True,0,,C:\Program Files (x86)\SquareEnix\FINAL FANTASY XIV\client\script\rq9qpr\n59uvwrz1yy\q1x5s9ssvnrq9qpr.le.lpb
non_chara,system/debug,system,12603,12590,26186,True,True,0,,C:\Program Files (x86)\SquareEnix\FINAL FANTASY XIV\client\script\rlrq5x\658p3.le.lpb
non_chara,system/debug_u,system,1103,1090,1372,True,True,0,,C:\Program Files (x86)\SquareEnix\FINAL FANTASY XIV\client\script\rlrq5x\658p3_p.le.lpb
non_chara,system/debug_utility,system,8456,8443,18494,True,True,0,,C:\Program Files (x86)\SquareEnix\FINAL FANTASY XIV\client\script\rlrq5x\658p3_pq1y1ql.le.lpb
non_chara,system/math,system,444,431,790,True,True,0,,C:\Program Files (x86)\SquareEnix\FINAL FANTASY XIV\client\script\rlrq5x\x9q2.le.lpb
non_chara,system/math_u,system,3619,3606,4968,True,True,0,,C:\Program Files (x86)\SquareEnix\FINAL FANTASY XIV\client\script\rlrq5x\x9q2_p.le.lpb
non_chara,system/string,system,1630,1617,1670,True,True,0,,C:\Program Files (x86)\SquareEnix\FINAL FANTASY XIV\client\script\rlrq5x\rqs1w3.le.lpb
non_chara,system/string_u,system,1607,1594,2216,True,True,0,,C:\Program Files (x86)\SquareEnix\FINAL FANTASY XIV\client\script\rlrq5x\rqs1w3_p.le.lpb
non_chara,system/systembaseclass,system,209,196,81,True,True,0,,C:\Program Files (x86)\SquareEnix\FINAL FANTASY XIV\client\script\rlrq5x\rlrq5x89r57y9rr.le.lpb
non_chara,system/table,system,331,318,437,True,True,0,,C:\Program Files (x86)\SquareEnix\FINAL FANTASY XIV\client\script\rlrq5x\q98y5.le.lpb
non_chara,system/table_u,system,632,619,809,True,True,0,,C:\Program Files (x86)\SquareEnix\FINAL FANTASY XIV\client\script\rlrq5x\q98y5_p.le.lpb
non_chara,widget/achievementdetailwidget,widget,2961,2948,3569,True,True,0,,C:\Program Files (x86)\SquareEnix\FINAL FANTASY XIV\client\script\n1635q\97215o5x5wq65q91yn1635q.le.lpb
non_chara,widget/achievementlistwidget,widget,11494,11481,25811,True,True,0,,C:\Program Files (x86)\SquareEnix\FINAL FANTASY XIV\client\script\n1635q\97215o5x5wqy1rqn1635q.le.lpb
non_chara,widget/achievementpopupwidget,widget,2147,2134,4328,True,True,0,,C:\Program Files (x86)\SquareEnix\FINAL FANTASY XIV\client\script\n1635q\97215o5x5wquvupun1635q.le.lpb
non_chara,widget/achievementtitlelistwidget,widget,3450,3437,4385,True,True,0,,C:\Program Files (x86)\SquareEnix\FINAL FANTASY XIV\client\script\n1635q\97215o5x5wqq1qy5y1rqn1635q.le.lpb
non_chara,widget/actionequipwidget,widget,69,56,17,True,True,0,,C:\Program Files (x86)\SquareEnix\FINAL FANTASY XIV\client\script\n1635q\97q1vw5tp1un1635q.le.lpb
non_chara,widget/actiongaugewidget,widget,2208,2195,2279,True,True,0,,C:\Program Files (x86)\SquareEnix\FINAL FANTASY XIV\client\script\n1635q\97q1vw39p35n1635q.le.lpb
non_chara,widget/actionmenuwidget,widget,25126,25113,41286,True,True,0,,C:\Program Files (x86)\SquareEnix\FINAL FANTASY XIV\client\script\n1635q\97q1vwx5wpn1635q.le.lpb
non_chara,widget/actionsettingwidget,widget,28147,28134,41973,True,True,0,,C:\Program Files (x86)\SquareEnix\FINAL FANTASY XIV\client\script\n1635q\97q1vwr5qq1w3n1635q.le.lpb
non_chara,widget/addresslistnamingwidget,widget,6883,6870,16070,True,True,0,,C:\Program Files (x86)\SquareEnix\FINAL FANTASY XIV\client\script\n1635q\966s5rry1rqw9x1w3n1635q.le.lpb
non_chara,widget/addresslistsubwidget,widget,5379,5366,9140,True,True,0,,C:\Program Files (x86)\SquareEnix\FINAL FANTASY XIV\client\script\n1635q\966s5rry1rqrp8n1635q.le.lpb
non_chara,widget/addresslistwidget,widget,9211,9198,14021,True,True,0,,C:\Program Files (x86)\SquareEnix\FINAL FANTASY XIV\client\script\n1635q\966s5rry1rqn1635q.le.lpb
non_chara,widget/ask/aetherytelistwidget,widget,3446,3433,3992,True,True,0,,C:\Program Files (x86)\SquareEnix\FINAL FANTASY XIV\client\script\n1635q\9rz\95q25slq5y1rqn1635q.le.lpb
non_chara,widget/ask/askbaseclass,widget,1742,1729,1449,True,True,0,,C:\Program Files (x86)\SquareEnix\FINAL FANTASY XIV\client\script\n1635q\9rz\9rz89r57y9rr.le.lpb
non_chara,widget/ask/askwidget,widget,5257,5244,8204,True,True,0,,C:\Program Files (x86)\SquareEnix\FINAL FANTASY XIV\client\script\n1635q\9rz\9rzn1635q.le.lpb
non_chara,widget/ask/bonuspointassignwidget,widget,13987,13974,20646,True,True,0,,C:\Program Files (x86)\SquareEnix\FINAL FANTASY XIV\client\script\n1635q\9rz\8vwpruv1wq9rr13wn1635q.le.lpb
non_chara,widget/ask/chocobonamingwidget,widget,3245,3232,3401,True,True,0,,C:\Program Files (x86)\SquareEnix\FINAL FANTASY XIV\client\script\n1635q\9rz\72v7v8vw9x1w3n1635q.le.lpb
non_chara,widget/ask/contentrewardwidget,widget,2433,2420,8532,True,True,0,,C:\Program Files (x86)\SquareEnix\FINAL FANTASY XIV\client\script\n1635q\9rz\7vwq5wqs5n9s6n1635q.le.lpb
non_chara,widget/ask/eventitemselectwidget,widget,8581,8568,13829,True,True,0,,C:\Program Files (x86)\SquareEnix\FINAL FANTASY XIV\client\script\n1635q\9rz\5o5wq1q5xr5y57qn1635q.le.lpb
non_chara,widget/ask/fellinginputwidget,widget,9497,9484,12071,True,True,0,,C:\Program Files (x86)\SquareEnix\FINAL FANTASY XIV\client\script\n1635q\9rz\45yy1w31wupqn1635q.le.lpb
non_chara,widget/ask/fishinginputwidget,widget,10148,10135,13053,True,True,0,,C:\Program Files (x86)\SquareEnix\FINAL FANTASY XIV\client\script\n1635q\9rz\41r21w31wupqn1635q.le.lpb
non_chara,widget/ask/grandcompanyofficialjoinwidget,widget,1043,1030,1003,True,True,0,,C:\Program Files (x86)\SquareEnix\FINAL FANTASY XIV\client\script\n1635q\9rz\3s9w67vxu9wlv441719y0v1wn1635q.le.lpb
non_chara,widget/ask/grandcompanyshopwidget,widget,19226,19213,32313,True,True,0,,C:\Program Files (x86)\SquareEnix\FINAL FANTASY XIV\client\script\n1635q\9rz\3s9w67vxu9wlr2vun1635q.le.lpb
non_chara,widget/ask/guildleveareaorderwidget,widget,1880,1867,1942,True,True,0,,C:\Program Files (x86)\SquareEnix\FINAL FANTASY XIV\client\script\n1635q\9rz\3p1y6y5o59s59vs65sn1635q.le.lpb
non_chara,widget/ask/guildlevecardorderwidget,widget,4575,4562,6746,True,True,0,,C:\Program Files (x86)\SquareEnix\FINAL FANTASY XIV\client\script\n1635q\9rz\3p1y6y5o579s6vs65sn1635q.le.lpb
non_chara,widget/ask/guildleveselectlevelwidget,widget,1764,1751,2220,True,True,0,,C:\Program Files (x86)\SquareEnix\FINAL FANTASY XIV\client\script\n1635q\9rz\3p1y6y5o5r5y57qy5o5yn1635q.le.lpb
non_chara,widget/ask/guildlevestartwidget,widget,1564,1551,1765,True,True,0,,C:\Program Files (x86)\SquareEnix\FINAL FANTASY XIV\client\script\n1635q\9rz\3p1y6y5o5rq9sqn1635q.le.lpb
non_chara,widget/ask/hamletdefenserankingwidget,widget,3138,3125,6013,True,True,0,,C:\Program Files (x86)\SquareEnix\FINAL FANTASY XIV\client\script\n1635q\9rz\29xy5q6545wr5s9wz1w3n1635q.le.lpb
non_chara,widget/ask/hamletdefensescorewidget,widget,1342,1329,1903,True,True,0,,C:\Program Files (x86)\SquareEnix\FINAL FANTASY XIV\client\script\n1635q\9rz\29xy5q6545wr5r7vs5n1635q.le.lpb
non_chara,widget/ask/hamletdefensetutorialwidget,widget,5146,5133,10371,True,True,0,,C:\Program Files (x86)\SquareEnix\FINAL FANTASY XIV\client\script\n1635q\9rz\29xy5q6545wr5qpqvs19yn1635q.le.lpb
non_chara,widget/ask/itemsearchwidget,widget,5170,5157,5487,True,True,0,,C:\Program Files (x86)\SquareEnix\FINAL FANTASY XIV\client\script\n1635q\9rz\1q5xr59s72n1635q.le.lpb
non_chara,widget/ask/itemstoragegetwidget,widget,18595,18582,28527,True,True,0,,C:\Program Files (x86)\SquareEnix\FINAL FANTASY XIV\client\script\n1635q\9rz\1q5xrqvs93535qn1635q.le.lpb
non_chara,widget/ask/itemstorageputwidget,widget,22678,22665,42299,True,True,0,,C:\Program Files (x86)\SquareEnix\FINAL FANTASY XIV\client\script\n1635q\9rz\1q5xrqvs935upqn1635q.le.lpb
non_chara,widget/ask/jobtutorialwidget,widget,834,821,630,True,True,0,,C:\Program Files (x86)\SquareEnix\FINAL FANTASY XIV\client\script\n1635q\9rz\0v8qpqvs19yn1635q.le.lpb
non_chara,widget/ask/journaldetailwidget,widget,13782,13769,29742,True,True,0,,C:\Program Files (x86)\SquareEnix\FINAL FANTASY XIV\client\script\n1635q\9rz\0vpsw9y65q91yn1635q.le.lpb
non_chara,widget/ask/journallistwidget,widget,15297,15284,26936,True,True,0,,C:\Program Files (x86)\SquareEnix\FINAL FANTASY XIV\client\script\n1635q\9rz\0vpsw9yy1rqn1635q.le.lpb
non_chara,widget/ask/marketselectwidget,widget,2491,2478,3399,True,True,0,,C:\Program Files (x86)\SquareEnix\FINAL FANTASY XIV\client\script\n1635q\9rz\x9sz5qr5y57qn1635q.le.lpb
non_chara,widget/ask/materiaattachaskwidget,widget,8564,8551,17963,True,True,0,,C:\Program Files (x86)\SquareEnix\FINAL FANTASY XIV\client\script\n1635q\9rz\x9q5s199qq9729rzn1635q.le.lpb
non_chara,widget/ask/materiadialogwidget,widget,5134,5121,6860,True,True,0,,C:\Program Files (x86)\SquareEnix\FINAL FANTASY XIV\client\script\n1635q\9rz\x9q5s19619yv3n1635q.le.lpb
non_chara,widget/ask/materiainformwidget,widget,2735,2722,3820,True,True,0,,C:\Program Files (x86)\SquareEnix\FINAL FANTASY XIV\client\script\n1635q\9rz\x9q5s191w4vsxn1635q.le.lpb
non_chara,widget/ask/materiaremovewidget,widget,30078,30065,49092,True,True,0,,C:\Program Files (x86)\SquareEnix\FINAL FANTASY XIV\client\script\n1635q\9rz\x9q5s19s5xvo5n1635q.le.lpb
non_chara,widget/ask/mininginputwidget,widget,9468,9455,11710,True,True,0,,C:\Program Files (x86)\SquareEnix\FINAL FANTASY XIV\client\script\n1635q\9rz\x1w1w31wupqn1635q.le.lpb
non_chara,widget/ask/negotiationabilitylistwidget,widget,3727,3714,5158,True,True,0,,C:\Program Files (x86)\SquareEnix\FINAL FANTASY XIV\client\script\n1635q\9rz\w53vq19q1vw981y1qly1rqn1635q.le.lpb
non_chara,widget/ask/negotiationaskwidget,widget,1572,1559,1645,True,True,0,,C:\Program Files (x86)\SquareEnix\FINAL FANTASY XIV\client\script\n1635q\9rz\w53vq19q1vw9rzn1635q.le.lpb
non_chara,widget/ask/negotiationlistwidget,widget,2550,2537,3491,True,True,0,,C:\Program Files (x86)\SquareEnix\FINAL FANTASY XIV\client\script\n1635q\9rz\w53vq19q1vwy1rqn1635q.le.lpb
non_chara,widget/ask/negotiationwidget,widget,15618,15605,27450,True,True,0,,C:\Program Files (x86)\SquareEnix\FINAL FANTASY XIV\client\script\n1635q\9rz\w53vq19q1vwn1635q.le.lpb
non_chara,widget/ask/rewardselectwidget,widget,13822,13809,19095,True,True,0,,C:\Program Files (x86)\SquareEnix\FINAL FANTASY XIV\client\script\n1635q\9rz\s5n9s6r5y57qn1635q.le.lpb
non_chara,widget/ask/shopbuywidget,widget,22929,22916,32598,True,True,0,,C:\Program Files (x86)\SquareEnix\FINAL FANTASY XIV\client\script\n1635q\9rz\r2vu8pln1635q.le.lpb
non_chara,widget/ask/shopsellwidget,widget,26203,26190,38054,True,True,0,,C:\Program Files (x86)\SquareEnix\FINAL FANTASY XIV\client\script\n1635q\9rz\r2vur5yyn1635q.le.lpb
non_chara,widget/ask/treasurelistwidget,widget,3327,3314,3850,True,True,0,,C:\Program Files (x86)\SquareEnix\FINAL FANTASY XIV\client\script\n1635q\9rz\qs59rps5y1rqn1635q.le.lpb
non_chara,widget/ask/tutorialmodeselectwidget,widget,649,636,538,True,True,0,,C:\Program Files (x86)\SquareEnix\FINAL FANTASY XIV\client\script\n1635q\9rz\qpqvs19yxv65r5y57qn1635q.le.lpb
non_chara,widget/ask/tutorialwidget,widget,17472,17459,21824,True,True,0,,C:\Program Files (x86)\SquareEnix\FINAL FANTASY XIV\client\script\n1635q\9rz\qpqvs19yn1635q.le.lpb
non_chara,widget/ask/waitingcountdownwidget,widget,1159,1146,1047,True,True,0,,C:\Program Files (x86)\SquareEnix\FINAL FANTASY XIV\client\script\n1635q\9rz\n91q1w37vpwq6vnwn1635q.le.lpb
non_chara,widget/bazaareditwidget,widget,25328,25315,79465,True,True,0,,C:\Program Files (x86)\SquareEnix\FINAL FANTASY XIV\client\script\n1635q\89k99s561qn1635q.le.lpb
non_chara,widget/bazaarlistwidget,widget,43382,43369,81656,True,True,0,,C:\Program Files (x86)\SquareEnix\FINAL FANTASY XIV\client\script\n1635q\89k99sy1rqn1635q.le.lpb
non_chara,widget/captionwidget,widget,819,806,883,True,True,0,,C:\Program Files (x86)\SquareEnix\FINAL FANTASY XIV\client\script\n1635q\79uq1vwn1635q.le.lpb
non_chara,widget/castrumnovummapwidget,widget,289,276,152,True,True,0,,C:\Program Files (x86)\SquareEnix\FINAL FANTASY XIV\client\script\n1635q\79rqspxwvopxx9un1635q.le.lpb
non_chara,widget/chainbonuseffectwidget,widget,272,259,153,True,True,0,,C:\Program Files (x86)\SquareEnix\FINAL FANTASY XIV\client\script\n1635q\7291w8vwpr54457qn1635q.le.lpb
non_chara,widget/chocobocaravanwidget,widget,3370,3357,4983,True,True,0,,C:\Program Files (x86)\SquareEnix\FINAL FANTASY XIV\client\script\n1635q\72v7v8v79s9o9wn1635q.le.lpb
non_chara,widget/chocoborentaltimerwidget,widget,654,641,626,True,True,0,,C:\Program Files (x86)\SquareEnix\FINAL FANTASY XIV\client\script\n1635q\72v7v8vs5wq9yq1x5sn1635q.le.lpb
non_chara,widget/commonaskwidget,widget,1559,1546,1558,True,True,0,,C:\Program Files (x86)\SquareEnix\FINAL FANTASY XIV\client\script\n1635q\7vxxvw9rzn1635q.le.lpb
non_chara,widget/commondialogwidget,widget,1532,1519,1984,True,True,0,,C:\Program Files (x86)\SquareEnix\FINAL FANTASY XIV\client\script\n1635q\7vxxvw619yv3n1635q.le.lpb
non_chara,widget/communitymenuwidget,widget,1210,1197,1329,True,True,0,,C:\Program Files (x86)\SquareEnix\FINAL FANTASY XIV\client\script\n1635q\7vxxpw1qlx5wpn1635q.le.lpb
non_chara,widget/configcamerawidget,widget,3583,3570,4355,True,True,0,,C:\Program Files (x86)\SquareEnix\FINAL FANTASY XIV\client\script\n1635q\7vw41379x5s9n1635q.le.lpb
non_chara,widget/configkeyboardaskwidget,widget,499,486,422,True,True,0,,C:\Program Files (x86)\SquareEnix\FINAL FANTASY XIV\client\script\n1635q\7vw413z5l8v9s69rzn1635q.le.lpb
non_chara,widget/configkeyboardwidget,widget,1613,1600,1574,True,True,0,,C:\Program Files (x86)\SquareEnix\FINAL FANTASY XIV\client\script\n1635q\7vw413z5l8v9s6n1635q.le.lpb
non_chara,widget/configmapwidget,widget,1984,1971,2261,True,True,0,,C:\Program Files (x86)\SquareEnix\FINAL FANTASY XIV\client\script\n1635q\7vw413x9un1635q.le.lpb
non_chara,widget/confignameplatecolorwidget,widget,1310,1297,1208,True,True,0,,C:\Program Files (x86)\SquareEnix\FINAL FANTASY XIV\client\script\n1635q\7vw413w9x5uy9q57vyvsn1635q.le.lpb
non_chara,widget/confignameplatewidget,widget,4600,4587,5827,True,True,0,,C:\Program Files (x86)\SquareEnix\FINAL FANTASY XIV\client\script\n1635q\7vw413w9x5uy9q5n1635q.le.lpb
non_chara,widget/configsoundwidget,widget,2972,2959,3340,True,True,0,,C:\Program Files (x86)\SquareEnix\FINAL FANTASY XIV\client\script\n1635q\7vw413rvpw6n1635q.le.lpb
non_chara,widget/configsystemwidget,widget,3193,3180,4077,True,True,0,,C:\Program Files (x86)\SquareEnix\FINAL FANTASY XIV\client\script\n1635q\7vw413rlrq5xn1635q.le.lpb
non_chara,widget/configtargetwidget,widget,3696,3683,4928,True,True,0,,C:\Program Files (x86)\SquareEnix\FINAL FANTASY XIV\client\script\n1635q\7vw413q9s35qn1635q.le.lpb
non_chara,widget/configwidget,widget,2719,2706,3628,True,True,0,,C:\Program Files (x86)\SquareEnix\FINAL FANTASY XIV\client\script\n1635q\7vw413n1635q.le.lpb
non_chara,widget/consoleicontraywidget,widget,18579,18566,29791,True,True,0,,C:\Program Files (x86)\SquareEnix\FINAL FANTASY XIV\client\script\n1635q\7vwrvy517vwqs9ln1635q.le.lpb
non_chara,widget/crafteditwidget,widget,41578,41565,70532,True,True,0,,C:\Program Files (x86)\SquareEnix\FINAL FANTASY XIV\client\script\n1635q\7s94q561qn1635q.le.lpb
non_chara,widget/craftprogresswidget,widget,8029,8016,11186,True,True,0,,C:\Program Files (x86)\SquareEnix\FINAL FANTASY XIV\client\script\n1635q\7s94qusv3s5rrn1635q.le.lpb
non_chara,widget/craftrecipewidget,widget,11529,11516,20339,True,True,0,,C:\Program Files (x86)\SquareEnix\FINAL FANTASY XIV\client\script\n1635q\7s94qs571u5n1635q.le.lpb
non_chara,widget/craftrepairwidget,widget,13607,13594,19344,True,True,0,,C:\Program Files (x86)\SquareEnix\FINAL FANTASY XIV\client\script\n1635q\7s94qs5u91sn1635q.le.lpb
non_chara,widget/craftstartwidget,widget,22112,22099,36846,True,True,0,,C:\Program Files (x86)\SquareEnix\FINAL FANTASY XIV\client\script\n1635q\7s94qrq9sqn1635q.le.lpb
non_chara,widget/debugdispwidget,widget,3744,3731,4900,True,True,0,,C:\Program Files (x86)\SquareEnix\FINAL FANTASY XIV\client\script\n1635q\658p361run1635q.le.lpb
non_chara,widget/desktoputil,widget,411,398,456,True,True,0,,C:\Program Files (x86)\SquareEnix\FINAL FANTASY XIV\client\script\n1635q\65rzqvupq1y.le.lpb
non_chara,widget/desktopwidget,widget,4029,4016,3870,True,True,0,,C:\Program Files (x86)\SquareEnix\FINAL FANTASY XIV\client\script\n1635q\65rzqvun1635q.le.lpb
non_chara,widget/desktopwidget_connector,widget,213487,213474,629923,True,True,0,,C:\Program Files (x86)\SquareEnix\FINAL FANTASY XIV\client\script\n1635q\65rzqvun1635q_7vww57qvs.le.lpb
non_chara,widget/desktopwidget_itemdetail,widget,68039,68026,196741,True,True,0,,C:\Program Files (x86)\SquareEnix\FINAL FANTASY XIV\client\script\n1635q\65rzqvun1635q_1q5x65q91y.le.lpb
non_chara,widget/desktopwidget_materia,widget,3595,3582,6393,True,True,0,,C:\Program Files (x86)\SquareEnix\FINAL FANTASY XIV\client\script\n1635q\65rzqvun1635q_x9q5s19.le.lpb
non_chara,widget/desktopwidget_u,widget,6599,6586,8909,True,True,0,,C:\Program Files (x86)\SquareEnix\FINAL FANTASY XIV\client\script\n1635q\65rzqvun1635q_p.le.lpb
non_chara,widget/emotelistwidget,widget,9255,9242,11740,True,True,0,,C:\Program Files (x86)\SquareEnix\FINAL FANTASY XIV\client\script\n1635q\5xvq5y1rqn1635q.le.lpb
non_chara,widget/equipwidget,widget,85949,85936,141138,True,True,0,,C:\Program Files (x86)\SquareEnix\FINAL FANTASY XIV\client\script\n1635q\5tp1un1635q.le.lpb
non_chara,widget/errordialogwidget,widget,976,963,794,True,True,0,,C:\Program Files (x86)\SquareEnix\FINAL FANTASY XIV\client\script\n1635q\5ssvs619yv3n1635q.le.lpb
non_chara,widget/extrabossinfomationwidget,widget,293,280,160,True,True,0,,C:\Program Files (x86)\SquareEnix\FINAL FANTASY XIV\client\script\n1635q\5mqs98vrr1w4vx9q1vwn1635q.le.lpb
non_chara,widget/grandcompanyjoinwidget,widget,1336,1323,1605,True,True,0,,C:\Program Files (x86)\SquareEnix\FINAL FANTASY XIV\client\script\n1635q\3s9w67vxu9wl0v1wn1635q.le.lpb
non_chara,widget/grandcompanystatuswidget,widget,6287,6274,10728,True,True,0,,C:\Program Files (x86)\SquareEnix\FINAL FANTASY XIV\client\script\n1635q\3s9w67vxu9wlrq9qprn1635q.le.lpb
non_chara,widget/guildleveexecutionwidget,widget,5561,5548,10286,True,True,0,,C:\Program Files (x86)\SquareEnix\FINAL FANTASY XIV\client\script\n1635q\3p1y6y5o55m57pq1vwn1635q.le.lpb
non_chara,widget/guildlevehistorywidget,widget,5847,5834,8159,True,True,0,,C:\Program Files (x86)\SquareEnix\FINAL FANTASY XIV\client\script\n1635q\3p1y6y5o521rqvsln1635q.le.lpb
non_chara,widget/hamletdefensepopupwidget,widget,789,776,917,True,True,0,,C:\Program Files (x86)\SquareEnix\FINAL FANTASY XIV\client\script\n1635q\29xy5q6545wr5uvupun1635q.le.lpb
non_chara,widget/hamletdefensewidget,widget,10206,10193,13754,True,True,0,,C:\Program Files (x86)\SquareEnix\FINAL FANTASY XIV\client\script\n1635q\29xy5q6545wr5n1635q.le.lpb
non_chara,widget/ignorelistwidget,widget,7736,7723,11584,True,True,0,,C:\Program Files (x86)\SquareEnix\FINAL FANTASY XIV\client\script\n1635q\13wvs5y1rqn1635q.le.lpb
non_chara,widget/itemdetailwidget,widget,11779,11766,19116,True,True,0,,C:\Program Files (x86)\SquareEnix\FINAL FANTASY XIV\client\script\n1635q\1q5x65q91yn1635q.le.lpb
non_chara,widget/itemeditwidget,widget,7538,7525,14807,True,True,0,,C:\Program Files (x86)\SquareEnix\FINAL FANTASY XIV\client\script\n1635q\1q5x561qn1635q.le.lpb
non_chara,widget/itemlistwidget,widget,51910,51897,97399,True,True,0,,C:\Program Files (x86)\SquareEnix\FINAL FANTASY XIV\client\script\n1635q\1q5xy1rqn1635q.le.lpb
non_chara,widget/itemselectwidget,widget,27362,27349,45858,True,True,0,,C:\Program Files (x86)\SquareEnix\FINAL FANTASY XIV\client\script\n1635q\1q5xr5y57qn1635q.le.lpb
non_chara,widget/itemsharewidget,widget,8315,8302,13769,True,True,0,,C:\Program Files (x86)\SquareEnix\FINAL FANTASY XIV\client\script\n1635q\1q5xr29s5n1635q.le.lpb
non_chara,widget/itemstoragedialogwidget,widget,3809,3796,6023,True,True,0,,C:\Program Files (x86)\SquareEnix\FINAL FANTASY XIV\client\script\n1635q\1q5xrqvs935619yv3n1635q.le.lpb
non_chara,widget/itemsubwidget,widget,3987,3974,5155,True,True,0,,C:\Program Files (x86)\SquareEnix\FINAL FANTASY XIV\client\script\n1635q\1q5xrp8n1635q.le.lpb
non_chara,widget/itemusewidget,widget,12924,12911,21678,True,True,0,,C:\Program Files (x86)\SquareEnix\FINAL FANTASY XIV\client\script\n1635q\1q5xpr5n1635q.le.lpb
non_chara,widget/logcolorlistwidget,widget,1108,1095,929,True,True,0,,C:\Program Files (x86)\SquareEnix\FINAL FANTASY XIV\client\script\n1635q\yv37vyvsy1rqn1635q.le.lpb
non_chara,widget/logcolorsettingwidget,widget,6636,6623,8587,True,True,0,,C:\Program Files (x86)\SquareEnix\FINAL FANTASY XIV\client\script\n1635q\yv37vyvsr5qq1w3n1635q.le.lpb
non_chara,widget/logsettingwidget,widget,12114,12101,15013,True,True,0,,C:\Program Files (x86)\SquareEnix\FINAL FANTASY XIV\client\script\n1635q\yv3r5qq1w3n1635q.le.lpb
non_chara,widget/logwidget,widget,19090,19077,26824,True,True,0,,C:\Program Files (x86)\SquareEnix\FINAL FANTASY XIV\client\script\n1635q\yv3n1635q.le.lpb
non_chara,widget/mainmenuwidget,widget,19491,19478,34672,True,True,0,,C:\Program Files (x86)\SquareEnix\FINAL FANTASY XIV\client\script\n1635q\x91wx5wpn1635q.le.lpb
non_chara,widget/mapnavigationwidget,widget,15740,15727,22151,True,True,0,,C:\Program Files (x86)\SquareEnix\FINAL FANTASY XIV\client\script\n1635q\x9uw9o139q1vwn1635q.le.lpb
non_chara,widget/materiaattachcautionwidget,widget,1016,1003,1049,True,True,0,,C:\Program Files (x86)\SquareEnix\FINAL FANTASY XIV\client\script\n1635q\x9q5s199qq97279pq1vwn1635q.le.lpb
non_chara,widget/materiaattachwarningwidget,widget,4414,4401,10479,True,True,0,,C:\Program Files (x86)\SquareEnix\FINAL FANTASY XIV\client\script\n1635q\x9q5s199qq972n9sw1w3n1635q.le.lpb
non_chara,widget/materiaattachwidget,widget,11305,11292,21926,True,True,0,,C:\Program Files (x86)\SquareEnix\FINAL FANTASY XIV\client\script\n1635q\x9q5s199qq972n1635q.le.lpb
non_chara,widget/minimapwidget,widget,1354,1341,1648,True,True,0,,C:\Program Files (x86)\SquareEnix\FINAL FANTASY XIV\client\script\n1635q\x1w1x9un1635q.le.lpb
non_chara,widget/negotiationmessagewidget,widget,770,757,764,True,True,0,,C:\Program Files (x86)\SquareEnix\FINAL FANTASY XIV\client\script\n1635q\w53vq19q1vwx5rr935n1635q.le.lpb
non_chara,widget/npcsaywidget,widget,2215,2202,2413,True,True,0,,C:\Program Files (x86)\SquareEnix\FINAL FANTASY XIV\client\script\n1635q\wu7r9ln1635q.le.lpb
non_chara,widget/partybuffeffectwidget,widget,446,433,346,True,True,0,,C:\Program Files (x86)\SquareEnix\FINAL FANTASY XIV\client\script\n1635q\u9sql8p4454457qn1635q.le.lpb
non_chara,widget/partymanagersubwidget,widget,3500,3487,6739,True,True,0,,C:\Program Files (x86)\SquareEnix\FINAL FANTASY XIV\client\script\n1635q\u9sqlx9w935srp8n1635q.le.lpb
non_chara,widget/partymanagerwidget,widget,7452,7439,9882,True,True,0,,C:\Program Files (x86)\SquareEnix\FINAL FANTASY XIV\client\script\n1635q\u9sqlx9w935sn1635q.le.lpb
non_chara,widget/partyparameterwidget,widget,10546,10533,15199,True,True,0,,C:\Program Files (x86)\SquareEnix\FINAL FANTASY XIV\client\script\n1635q\u9sqlu9s9x5q5sn1635q.le.lpb
non_chara,widget/partyrootwidget,widget,8337,8324,11904,True,True,0,,C:\Program Files (x86)\SquareEnix\FINAL FANTASY XIV\client\script\n1635q\u9sqlsvvqn1635q.le.lpb
non_chara,widget/pcinformationwidget,widget,972,959,856,True,True,0,,C:\Program Files (x86)\SquareEnix\FINAL FANTASY XIV\client\script\n1635q\u71w4vsx9q1vwn1635q.le.lpb
non_chara,widget/pcmatchingeditwidget,widget,33862,33849,63219,True,True,0,,C:\Program Files (x86)\SquareEnix\FINAL FANTASY XIV\client\script\n1635q\u7x9q721w3561qn1635q.le.lpb
non_chara,widget/pcmatchingfindwidget,widget,18469,18456,35232,True,True,0,,C:\Program Files (x86)\SquareEnix\FINAL FANTASY XIV\client\script\n1635q\u7x9q721w341w6n1635q.le.lpb
non_chara,widget/pcmatchingviewwidget,widget,13560,13547,28109,True,True,0,,C:\Program Files (x86)\SquareEnix\FINAL FANTASY XIV\client\script\n1635q\u7x9q721w3o15nn1635q.le.lpb
non_chara,widget/pcprofilewidget,widget,20753,20740,28196,True,True,0,,C:\Program Files (x86)\SquareEnix\FINAL FANTASY XIV\client\script\n1635q\u7usv41y5n1635q.le.lpb
non_chara,widget/pcsearchselectwidget,widget,577,564,427,True,True,0,,C:\Program Files (x86)\SquareEnix\FINAL FANTASY XIV\client\script\n1635q\u7r59s72r5y57qn1635q.le.lpb
non_chara,widget/pcsearchwidget,widget,2403,2390,2505,True,True,0,,C:\Program Files (x86)\SquareEnix\FINAL FANTASY XIV\client\script\n1635q\u7r59s72n1635q.le.lpb
non_chara,widget/playerinformationwidget,widget,580,567,436,True,True,0,,C:\Program Files (x86)\SquareEnix\FINAL FANTASY XIV\client\script\n1635q\uy9l5s1w4vsx9q1vwn1635q.le.lpb
non_chara,widget/playerparameterwidget,widget,5073,5060,6546,True,True,0,,C:\Program Files (x86)\SquareEnix\FINAL FANTASY XIV\client\script\n1635q\uy9l5su9s9x5q5sn1635q.le.lpb
non_chara,widget/playerprofilewidget,widget,3228,3215,4657,True,True,0,,C:\Program Files (x86)\SquareEnix\FINAL FANTASY XIV\client\script\n1635q\uy9l5susv41y5n1635q.le.lpb
non_chara,widget/popuphelpwidget,widget,2490,2477,3196,True,True,0,,C:\Program Files (x86)\SquareEnix\FINAL FANTASY XIV\client\script\n1635q\uvupu25yun1635q.le.lpb
non_chara,widget/publicinformdialogwidget,widget,820,807,758,True,True,0,,C:\Program Files (x86)\SquareEnix\FINAL FANTASY XIV\client\script\n1635q\up8y171w4vsx619yv3n1635q.le.lpb
non_chara,widget/repairequipmentdialogwidget,widget,3014,3001,4038,True,True,0,,C:\Program Files (x86)\SquareEnix\FINAL FANTASY XIV\client\script\n1635q\s5u91s5tp1ux5wq619yv3n1635q.le.lpb
non_chara,widget/repairequipmentwidget,widget,24728,24715,40563,True,True,0,,C:\Program Files (x86)\SquareEnix\FINAL FANTASY XIV\client\script\n1635q\s5u91s5tp1ux5wqn1635q.le.lpb
non_chara,widget/shopeditwidget,widget,10517,10504,33943,True,True,0,,C:\Program Files (x86)\SquareEnix\FINAL FANTASY XIV\client\script\n1635q\r2vu561qn1635q.le.lpb
non_chara,widget/sortchangewidget,widget,3115,3102,3861,True,True,0,,C:\Program Files (x86)\SquareEnix\FINAL FANTASY XIV\client\script\n1635q\rvsq729w35n1635q.le.lpb
non_chara,widget/splasheffectwidget,widget,761,748,579,True,True,0,,C:\Program Files (x86)\SquareEnix\FINAL FANTASY XIV\client\script\n1635q\ruy9r254457qn1635q.le.lpb
non_chara,widget/statuseffectwidget,widget,5131,5118,7593,True,True,0,,C:\Program Files (x86)\SquareEnix\FINAL FANTASY XIV\client\script\n1635q\rq9qpr54457qn1635q.le.lpb
non_chara,widget/statuswidget,widget,36435,36422,54976,True,True,0,,C:\Program Files (x86)\SquareEnix\FINAL FANTASY XIV\client\script\n1635q\rq9qprn1635q.le.lpb
non_chara,widget/subtargetguidewidget,widget,677,664,515,True,True,0,,C:\Program Files (x86)\SquareEnix\FINAL FANTASY XIV\client\script\n1635q\rp8q9s35q3p165n1635q.le.lpb
non_chara,widget/supportdeskgmcallwidget,widget,4695,4682,8057,True,True,0,,C:\Program Files (x86)\SquareEnix\FINAL FANTASY XIV\client\script\n1635q\rpuuvsq65rz3x79yyn1635q.le.lpb
non_chara,widget/supportdeskinformationwidget,widget,2919,2906,3908,True,True,0,,C:\Program Files (x86)\SquareEnix\FINAL FANTASY XIV\client\script\n1635q\rpuuvsq65rz1w4vsx9q1vwn1635q.le.lpb
non_chara,widget/supportdeskwidget,widget,5811,5798,8191,True,True,0,,C:\Program Files (x86)\SquareEnix\FINAL FANTASY XIV\client\script\n1635q\rpuuvsq65rzn1635q.le.lpb
non_chara,widget/systemtraywidget,widget,266,253,141,True,True,0,,C:\Program Files (x86)\SquareEnix\FINAL FANTASY XIV\client\script\n1635q\rlrq5xqs9ln1635q.le.lpb
non_chara,widget/targetparameterwidget,widget,4740,4727,5710,True,True,0,,C:\Program Files (x86)\SquareEnix\FINAL FANTASY XIV\client\script\n1635q\q9s35qu9s9x5q5sn1635q.le.lpb
non_chara,widget/targetselectmodewidget,widget,1296,1283,1350,True,True,0,,C:\Program Files (x86)\SquareEnix\FINAL FANTASY XIV\client\script\n1635q\q9s35qr5y57qxv65n1635q.le.lpb
non_chara,widget/tradeeditwidget,widget,37252,37239,64242,True,True,0,,C:\Program Files (x86)\SquareEnix\FINAL FANTASY XIV\client\script\n1635q\qs965561qn1635q.le.lpb
non_chara,widget/tradewidget,widget,20608,20595,36995,True,True,0,,C:\Program Files (x86)\SquareEnix\FINAL FANTASY XIV\client\script\n1635q\qs965n1635q.le.lpb
non_chara,widget/tutorialsuccesswidget,widget,794,781,625,True,True,0,,C:\Program Files (x86)\SquareEnix\FINAL FANTASY XIV\client\script\n1635q\qpqvs19yrp775rrn1635q.le.lpb
non_chara,widget/usermacroeditwidget,widget,7421,7408,11493,True,True,0,,C:\Program Files (x86)\SquareEnix\FINAL FANTASY XIV\client\script\n1635q\pr5sx97sv561qn1635q.le.lpb
non_chara,widget/usermacroiconlistwidget,widget,2248,2235,3179,True,True,0,,C:\Program Files (x86)\SquareEnix\FINAL FANTASY XIV\client\script\n1635q\pr5sx97sv17vwy1rqn1635q.le.lpb
non_chara,widget/warningdialogwidget,widget,821,808,667,True,True,0,,C:\Program Files (x86)\SquareEnix\FINAL FANTASY XIV\client\script\n1635q\n9sw1w3619yv3n1635q.le.lpb
non_chara,widget/widgetbaseclass,widget,4080,4067,4986,True,True,0,,C:\Program Files (x86)\SquareEnix\FINAL FANTASY XIV\client\script\n1635q\n1635q89r57y9rr.le.lpb
non_chara,widget/widgetbaseclass_common,widget,32996,32983,46709,True,True,0,,C:\Program Files (x86)\SquareEnix\FINAL FANTASY XIV\client\script\n1635q\n1635q89r57y9rr_7vxxvw.le.lpb
non_chara,widget/widgetbaseclass_u,widget,3210,3197,4595,True,True,0,,C:\Program Files (x86)\SquareEnix\FINAL FANTASY XIV\client\script\n1635q\n1635q89r57y9rr_p.le.lpb
non_chara,world/otherarea,world,69,56,17,True,True,0,,C:\Program Files (x86)\SquareEnix\FINAL FANTASY XIV\client\script\nvsy6\vq25s9s59.le.lpb
non_chara,world/otherarea_u,world,69,56,17,True,True,0,,C:\Program Files (x86)\SquareEnix\FINAL FANTASY XIV\client\script\nvsy6\vq25s9s59_p.le.lpb
non_chara,world/worldbaseclass,world,69,56,17,True,True,0,,C:\Program Files (x86)\SquareEnix\FINAL FANTASY XIV\client\script\nvsy6\nvsy689r57y9rr.le.lpb
non_chara,world/worldbaseclass_u,world,69,56,17,True,True,0,,C:\Program Files (x86)\SquareEnix\FINAL FANTASY XIV\client\script\nvsy6\nvsy689r57y9rr_p.le.lpb
non_chara,world/worldmaster,world,1430,1417,1626,True,True,0,,C:\Program Files (x86)\SquareEnix\FINAL FANTASY XIV\client\script\nvsy6\nvsy6x9rq5s.le.lpb
non_chara,world/worldmaster_event,world,2555,2542,6584,True,True,0,,C:\Program Files (x86)\SquareEnix\FINAL FANTASY XIV\client\script\nvsy6\nvsy6x9rq5s_5o5wq.le.lpb
non_chara,world/worldmaster_u,world,3222,3209,4225,True,True,0,,C:\Program Files (x86)\SquareEnix\FINAL FANTASY XIV\client\script\nvsy6\nvsy6x9rq5s_p.le.lpb
