batch,logical_path,top_level,tags,line_count,class_count,method_count,event_entrypoints,require_count,text_load_count,call_site_count,classes,text_sheets,top_calls
decomp_more_20260617,area/privatearea/content/privateareacontentbaseclass,area,instance;area,2,1,0,0,1,0,0,PrivateAreaContentBaseClass:PrivateAreaBaseClass,,
decomp_more_20260617,area/privatearea/content/privateareamasterbattlefield,area,instance;area,2,1,0,0,1,0,0,PrivateAreaMasterBattleField:PrivateAreaContentBaseClass,,
decomp_more_20260617,area/privatearea/content/privateareamasterrestrictarea,area,instance;area,2,1,0,0,1,0,0,PrivateAreaMasterRestrictArea:PrivateAreaContentBaseClass,,
decomp_more_20260617,area/privatearea/content/privateareamastersimplecontent,area,instance;area,2,1,0,0,1,0,0,PrivateAreaMasterSimpleContent:PrivateAreaContentBaseClass,,
decomp_more_20260617,area/privatearea/occupancy/privateareaoccupancybaseclass,area,instance;area,2,1,0,0,1,0,0,PrivateAreaOccupancyBaseClass:PrivateAreaBaseClass,,
decomp_more_20260617,area/privatearea/occupancy/raiddungeonsimple,area,instance;area,2,1,0,0,1,0,0,RaidDungeonSimple:PrivateAreaOccupancyBaseClass,,
decomp_more_20260617,area/privatearea/privateareabaseclass,area,instance;area,18,0,0,0,0,0,2,,,A0_2:_callSuperClassFunc:1;A0_2:init:1
decomp_more_20260617,area/privatearea/privateareabaseclass_u,area,instance;area,6,0,1,0,0,0,0,,,
decomp_more_20260617,area/privatearea/privateareamasterbranch,area,instance;area,31,1,2,0,1,0,0,PrivateAreaMasterBranch:PrivateAreaBaseClass,,
decomp_more_20260617,area/privatearea/privateareamastercottage,area,instance;area,4,1,1,0,1,0,0,PrivateAreaMasterCottage:PrivateAreaBaseClass,,
decomp_more_20260617,area/privatearea/privateareamastercruise,area,instance;area,4,1,1,0,1,0,0,PrivateAreaMasterCruise:PrivateAreaBaseClass,,
decomp_more_20260617,area/privatearea/privateareamastermarket,area,instance;area,41,1,2,0,1,0,1,PrivateAreaMasterMarket:PrivateAreaBaseClass,,desktopWidget:processUpdatePublicInformationDialog:1
decomp_more_20260617,area/privatearea/privateareamasterpast,area,instance;area,4,1,1,0,1,0,0,PrivateAreaMasterPast:PrivateAreaBaseClass,,
decomp_more_20260617,area/privatearea/privateareamastertest,area,instance;area,5,1,1,0,2,0,0,PrivateAreaMasterTest:PrivateAreaBaseClass,,
decomp_more_20260617,area/zone/zonemasteroccupancy,area,instance;area,2,1,0,0,1,0,0,ZoneMasterOccupancy:ZoneBaseClass,,
decomp_more_20260617,chara/npc/debug/populacequesttestmanstandard,chara,quest;chara;debug,146,1,1,0,1,0,73,PopulaceQuestTestManStandard:NpcBaseClass,,debug:_ask:61;A0_0:getActorClassId:11;debug:_printLog:1
decomp_more_20260617,chara/npc/debug/testraiddungeonentrance,chara,instance;chara;debug,47,1,2,0,1,0,6,TestRaidDungeonEntrance:NpcBaseClass,,debug:_ask:4;A0_0:startCliantTalkTurn:1;A0_0:finishCliantTalkTurn:1
decomp_more_20260617,chara/npc/monster/ahriman/ahrimannormalr0d1raid01,chara,chara;monster,2,1,0,0,1,0,0,AhrimanNormalR0D1Raid01:AhrimanPatrolBaseClass,,
decomp_more_20260617,chara/npc/monster/ahriman/ahrimannormalr0d1raid02,chara,chara;monster,2,1,0,0,1,0,0,AhrimanNormalR0D1Raid02:AhrimanBaseClass,,
decomp_more_20260617,chara/npc/monster/basilisk/basilisklesserquestcom0l1,chara,quest;chara;monster,2,1,0,0,1,0,0,BasiliskLesserQuestCom0l1:BasiliskBaseClass,,
decomp_more_20260617,chara/npc/monster/bomb/bomblessersimplequest,chara,quest;chara;monster,2,1,0,0,1,0,0,BombLesserSimpleQuest:BombBaseClass,,
decomp_more_20260617,chara/npc/monster/cyclops/cyclopsnormalraidw0d5,chara,chara;monster,2,1,0,0,1,0,0,CyclopsNormalRaidW0D5:CyclopsBaseClass,,
decomp_more_20260617,chara/npc/monster/empire/empirearcherquest001,chara,quest;chara;monster,2,1,0,0,1,0,0,EmpireArcherQuest001:EmpireBaseClass,,
decomp_more_20260617,chara/npc/monster/empire/empirechiefquest001,chara,quest;chara;monster,2,1,0,0,1,0,0,EmpireChiefQuest001:EmpireBaseClass,,
decomp_more_20260617,chara/npc/monster/empire/empirechiefquestgcu102,chara,quest;chara;monster,2,1,0,0,1,0,0,EmpireChiefQuestGcu102:EmpireBaseClass,,
decomp_more_20260617,chara/npc/monster/empire/empirechiefquestgcu303,chara,quest;chara;monster,2,1,0,0,1,0,0,EmpireChiefQuestGcu303:EmpireBaseClass,,
decomp_more_20260617,chara/npc/monster/empire/empirechiefraidr0d4,chara,chara;monster,2,1,0,0,1,0,0,EmpireChiefRaidR0D4:EmpireBaseClass,,
decomp_more_20260617,chara/npc/monster/empire/empireconjurerquest001,chara,quest;chara;monster,2,1,0,0,1,0,0,EmpireConjurerQuest001:EmpireBaseClass,,
decomp_more_20260617,chara/npc/monster/empire/empireconjurerquest002,chara,quest;chara;monster,2,1,0,0,1,0,0,EmpireConjurerQuest002:EmpireBaseClass,,
decomp_more_20260617,chara/npc/monster/empire/empireconjurerquestattack001,chara,quest;chara;monster,2,1,0,0,1,0,0,EmpireConjurerQuestAttack001:EmpireBaseClass,,
decomp_more_20260617,chara/npc/monster/empire/empireconjurerquestcom0x4,chara,quest;chara;monster,2,1,0,0,1,0,0,EmpireConjurerQuestCom0x4:EmpireBaseClass,,
decomp_more_20260617,chara/npc/monster/empire/empireconjurerquestheal001,chara,quest;chara;monster,2,1,0,0,1,0,0,EmpireConjurerQuestHeal001:EmpireBaseClass,,
decomp_more_20260617,chara/npc/monster/empire/empireconjurerraidr0d4,chara,chara;monster,2,1,0,0,1,0,0,EmpireConjurerRaidR0D4:EmpireBaseClass,,
decomp_more_20260617,chara/npc/monster/empire/empiregladiatorquest001,chara,quest;chara;monster,2,1,0,0,1,0,0,EmpireGladiatorQuest001:EmpireBaseClass,,
decomp_more_20260617,chara/npc/monster/empire/empirelancerquest001,chara,quest;chara;monster,2,1,0,0,1,0,0,EmpireLancerQuest001:EmpireBaseClass,,
decomp_more_20260617,chara/npc/monster/empire/empiremarauderquest001,chara,quest;chara;monster,2,1,0,0,1,0,0,EmpireMarauderQuest001:EmpireBaseClass,,
decomp_more_20260617,chara/npc/monster/empire/empiremarauderraidr0d4,chara,chara;monster,2,1,0,0,1,0,0,EmpireMarauderRaidR0D4:EmpireBaseClass,,
decomp_more_20260617,chara/npc/monster/empire/empirepugilistquest001,chara,quest;chara;monster,2,1,0,0,1,0,0,EmpirePugilistQuest001:EmpireBaseClass,,
decomp_more_20260617,chara/npc/monster/empire/empirethaumaturgequest001,chara,quest;chara;monster,2,1,0,0,1,0,0,EmpireThaumaturgeQuest001:EmpireBaseClass,,
decomp_more_20260617,chara/npc/monster/empire/empirethaumaturgequest002,chara,quest;chara;monster,2,1,0,0,1,0,0,EmpireThaumaturgeQuest002:EmpireBaseClass,,
decomp_more_20260617,chara/npc/monster/empire/empirethaumaturgequest003,chara,quest;chara;monster,2,1,0,0,1,0,0,EmpireThaumaturgeQuest003:EmpireBaseClass,,
decomp_more_20260617,chara/npc/monster/empire/empirethaumaturgeraidr0d4,chara,chara;monster,2,1,0,0,1,0,0,EmpireThaumaturgeRaidR0D4:EmpireBaseClass,,
decomp_more_20260617,chara/npc/monster/fighter/fighterenemydragoonquestdrg0j6,chara,quest;chara;monster,2,1,0,0,1,0,0,FighterEnemyDragoonQuestDrg0J6:FighterBaseClass,,
decomp_more_20260617,chara/npc/monster/flower/flowerpoisonousraidr0d4,chara,chara;monster,2,1,0,0,1,0,0,FlowerPoisonousRaidR0D4:FlowerBaseClass,,
decomp_more_20260617,chara/npc/monster/flower/flowerpoisonousraidr0d4b,chara,chara;monster,2,1,0,0,1,0,0,FlowerPoisonousRaidR0D4B:FlowerBaseClass,,
decomp_more_20260617,chara/npc/monster/fly/flylesserquestgcg302,chara,quest;chara;monster,2,1,0,0,1,0,0,FlyLesserQuestGcg302:FlyBaseClass,,
decomp_more_20260617,chara/npc/monster/gargoyle/gargoylenormalr0d1raid01,chara,chara;monster,2,1,0,0,1,0,0,GargoyleNormalR0D1Raid01:GargoyleBaseClass,,
decomp_more_20260617,chara/npc/monster/ifrit/ifrithyperaid,chara,chara;monster,7,1,1,0,1,0,0,IfritHyperAid:IfritHyperBaseClass,,
decomp_more_20260617,chara/npc/monster/khimaira/khimairanormalraidw0d5,chara,chara;monster,2,1,0,0,1,0,0,KhimairaNormalRaidW0D5:KhimairaBaseClass,,
decomp_more_20260617,chara/npc/monster/lentigo/lentigoquicksandw0d5raid1,chara,chara;monster,2,1,0,0,1,0,0,LentigoQuicksandW0D5Raid1:LentigoBaseClass,,
decomp_more_20260617,chara/npc/monster/morbol/morbolnormalraidr0d4,chara,chara;monster,2,1,0,0,1,0,0,MorbolNormalRaidR0D4:MorbolBaseClass,,
decomp_more_20260617,chara/npc/monster/ogre/ogrer0d1raid01,chara,chara;monster,2,1,0,0,1,0,0,OgreR0D1Raid01:OgreBaseClass,,
decomp_more_20260617,chara/npc/monster/petitghost/petitghostnormalr0d1raid01,chara,chara;monster,2,1,0,0,1,0,0,PetitghostNormalR0D1Raid01:PetitghostBaseClass,,
decomp_more_20260617,chara/npc/monster/pirate/piratemarauderquestnowandering,chara,quest;chara;monster,2,1,0,0,1,0,0,PirateMarauderQuestNoWandering:PirateBaseClass,,
decomp_more_20260617,chara/npc/monster/raptor/raptorforestquestcom0u1,chara,quest;chara;monster,2,1,0,0,1,0,0,RaptorForestQuestCom0u1:RaptorBaseClass,,
decomp_more_20260617,chara/npc/monster/rebel/rebelconjurerquest001,chara,quest;chara;monster,2,1,0,0,1,0,0,RebelConjurerQuest001:RebelBaseClass,,
decomp_more_20260617,chara/npc/monster/rebel/rebelthaumaturgequest001,chara,quest;chara;monster,2,1,0,0,1,0,0,RebelThaumaturgeQuest001:RebelBaseClass,,
decomp_more_20260617,chara/npc/monster/scalelizard/scalelizardfirequestcom0g1,chara,quest;chara;monster,2,1,0,0,1,0,0,ScalelizardFireQuestCom0g1:ScalelizardBaseClass,,
decomp_more_20260617,chara/npc/monster/scalelizard/scalelizardthunderquestdrg0j6,chara,quest;chara;monster,2,1,0,0,1,0,0,ScalelizardThunderQuestDrg0j6:ScalelizardBaseClass,,
decomp_more_20260617,chara/npc/monster/skeleton/skeletonnormalglar0d1raid01,chara,chara;monster,2,1,0,0,1,0,0,SkeletonNormalGlaR0D1Raid01:SkeletonBaseClass,,
decomp_more_20260617,chara/npc/monster/slug/sluglesserquestgcl301,chara,quest;chara;monster,2,1,0,0,1,0,0,SlugLesserQuestGcl301:SlugBaseClass,,
decomp_more_20260617,chara/npc/monster/slug/sluglesserraidr0d4,chara,chara;monster,2,1,0,0,1,0,0,SlugLesserRaidR0D4:SlugBaseClass,,
decomp_more_20260617,chara/npc/monster/slug/sluglesserraidr0d4b,chara,chara;monster,2,1,0,0,1,0,0,SlugLesserRaidR0D4B:SlugBaseClass,,
decomp_more_20260617,chara/npc/monster/slug/slugnormalraidr0d4,chara,chara;monster,2,1,0,0,1,0,0,SlugNormalRaidR0D4:SlugBaseClass,,
decomp_more_20260617,chara/npc/monster/slug/slugnormalraidr0d4b,chara,chara;monster,2,1,0,0,1,0,0,SlugNormalRaidR0D4B:SlugBaseClass,,
decomp_more_20260617,chara/npc/monster/spider/spiderchildf0d3raid01,chara,chara;monster,2,1,0,0,1,0,0,SpiderChildF0D3Raid01:SpiderBaseClass,,
decomp_more_20260617,chara/npc/monster/spider/spiderfemalef0d3raid01,chara,chara;monster,2,1,0,0,1,0,0,SpiderFemaleF0D3Raid01:SpiderBaseClass,,
decomp_more_20260617,chara/npc/monster/spider/spidermalef0d3raid01,chara,chara;monster,2,1,0,0,1,0,0,SpiderMaleF0D3Raid01:SpiderBaseClass,,
decomp_more_20260617,chara/npc/monster/spider/spidermalef0d3raid03,chara,chara;monster,2,1,0,0,1,0,0,SpiderMaleF0D3Raid03:SpiderBaseClass,,
decomp_more_20260617,chara/npc/monster/termite/termiteprinceraidw0d5,chara,chara;monster,2,1,0,0,1,0,0,TermitePrinceRaidW0D5:TermiteBaseClass,,
decomp_more_20260617,chara/npc/monster/termite/termiteprincessraidw0d5,chara,chara;monster,2,1,0,0,1,0,0,TermitePrincessRaidW0D5:TermiteBaseClass,,
decomp_more_20260617,chara/npc/monster/termite/termitesoldierraidw0d5,chara,chara;monster,2,1,0,0,1,0,0,TermiteSoldierRaidW0D5:TermiteBaseClass,,
decomp_more_20260617,chara/npc/monster/termite/termitesoldierraidw0d5b,chara,chara;monster,2,1,0,0,1,0,0,TermiteSoldierRaidW0D5B:TermiteBaseClass,,
decomp_more_20260617,chara/npc/monster/termite/termitewarriorraidw0d5,chara,chara;monster,2,1,0,0,1,0,0,TermiteWarriorRaidW0D5:TermiteBaseClass,,
decomp_more_20260617,chara/npc/monster/wolf/wolfquestnowandering,chara,quest;chara;monster,2,1,0,0,1,0,0,WolfQuestNoWandering:WolfBaseClass,,
decomp_more_20260617,chara/npc/object/contentprivatearearange,chara,instance;chara;object,8,1,1,0,1,0,0,ContentPrivateAreaRange:NpcBaseClass,,
decomp_more_20260617,chara/npc/object/instanceraidexit,chara,instance;chara;object,14,1,2,1,1,0,2,InstanceRaidExit:NpcBaseClass,,A0_0:_setGroundOn:1;desktopWidget:askForEventMode:1
decomp_more_20260617,chara/npc/object/privateareapastexit,chara,instance;chara;object,11,1,2,1,1,0,1,PrivateAreaPastExit:NpcBaseClass,,A0_0:_setGroundOn:1
decomp_more_20260617,chara/npc/object/questobjectexc300,chara,quest;chara;object,7,1,1,0,1,0,0,QuestObjectExc300:NpcBaseClass,,
decomp_more_20260617,chara/npc/object/questobjectgla306,chara,quest;chara;object,5,1,1,1,1,0,1,QuestObjectGla306:NpcBaseClass,,A0_0:_setGroundOn:1
decomp_more_20260617,chara/npc/object/questobjectman0l1,chara,quest;chara;object,2,1,0,0,1,0,0,QuestObjectMan0l1:NpcBaseClass,,
decomp_more_20260617,chara/npc/object/questobjectman206,chara,quest;chara;object,2,1,0,0,1,0,0,QuestObjectMan206:NpcBaseClass,,
decomp_more_20260617,chara/npc/object/questobjectman2g0,chara,quest;chara;object,2,1,0,0,1,0,0,QuestObjectMan2g0:NpcBaseClass,,
decomp_more_20260617,chara/npc/object/questobjectman2l0,chara,quest;chara;object,2,1,0,0,1,0,0,QuestObjectMan2l0:NpcBaseClass,,
decomp_more_20260617,chara/npc/object/questobjectman300,chara,quest;chara;object,2,1,0,0,1,0,0,QuestObjectMan300:NpcBaseClass,,
decomp_more_20260617,chara/npc/object/questobjectman402,chara,quest;chara;object,10,1,2,1,1,0,1,QuestObjectMan402:NpcBaseClass,,A0_0:_setGroundOn:1
decomp_more_20260617,chara/npc/object/questobjectpgl300,chara,quest;chara;object,2,1,0,0,1,0,0,QuestObjectPgl300:NpcBaseClass,,
decomp_more_20260617,chara/npc/object/questobjectsearchstandard,chara,quest;chara;object;search,7,1,1,0,1,0,0,QuestObjectSearchStandard:NpcBaseClass,,
decomp_more_20260617,chara/npc/object/questobjecttargetstandard,chara,quest;chara;object,2,1,0,0,1,0,0,QuestObjectTargetStandard:NpcBaseClass,,
decomp_more_20260617,chara/npc/object/questtargetstandard,chara,quest;chara;object,2,1,0,0,1,0,0,QuestTargetStandard:NpcBaseClass,,
decomp_more_20260617,chara/npc/object/raiddungeonbarrier,chara,instance;chara;object,14,1,3,2,1,1,4,RaidDungeonBarrier:NpcBaseClass,6829:raidDungeonBarrier,A0_0:_setGroundOn:1;A0_0:_loadTextDataPermanently:1;worldMaster:say:1;A0_3:askExtendWidget:1
decomp_more_20260617,chara/npc/object/raiddungeonexit,chara,instance;chara;object,35,1,4,2,1,1,4,RaidDungeonExit:NpcBaseClass,6736:raidDungeonExit,A0_3:askExtendWidget:3;A0_0:_loadTextDataPermanently:1
decomp_more_20260617,chara/npc/object/raiddungeonheadcount,chara,instance;chara;object,5,1,1,1,1,0,0,RaidDungeonHeadCount:NpcBaseClass,,
decomp_more_20260617,chara/npc/object/raiddungeonlight,chara,instance;chara;object,16,1,3,1,1,1,3,RaidDungeonLight:NpcBaseClass,6813:raidDungeonLight,A0_0:_setGroundOn:1;A0_0:_loadTextDataPermanently:1;A0_3:askExtendWidget:1
decomp_more_20260617,chara/npc/object/raiddungeonposter,chara,instance;chara;object,61,1,2,2,1,1,12,RaidDungeonPoster:NpcBaseClass,6753:raidDungeonPoster,A0_1:say:7;worldMaster:say:3;A0_0:_setGroundOn:1;A0_0:_loadTextDataPermanently:1
decomp_more_20260617,chara/npc/object/raiddungeonrect,chara,instance;chara;object,8,1,2,2,1,0,0,RaidDungeonRect:NpcBaseClass,,
decomp_more_20260617,chara/npc/object/raiddungeontreasurebox,chara,instance;chara;object,283,1,14,3,1,0,18,RaidDungeonTreasureBox:NpcBaseClass,,A0_62:canAddItemLocal:2;A1_63:addItem:2;A1_77:_canAddItem:2;A0_0:addDropItemForPlayer:1;A0_7:getDropItemDirect:1;A0_13:getDropTable:1;A0_17:getDropTableIndevidual:1;A0_17:getDropTableSelectOne:1;A0_21:addDropItemLocal:1;dropTableSheet:_getData:1;A0_30:addDropItemLocal:1;math:_randomInteger:1;dropQualitySheet:_getData:1;L7_83:setSimpleQuality:1;A1_77:printSystemMessage:1
decomp_more_20260617,chara/npc/object/raiddungeonwarp,chara,instance;chara;object,16,1,3,1,1,1,4,RaidDungeonWarp:NpcBaseClass,6781:raidDungeonWarp,A0_0:_loadTextDataPermanently:1;A0_1:_runCharaScheduler:1;A0_3:askExtendWidget:1;worldMaster:say:1
decomp_more_20260617,chara/npc/object/retainerfurniture,chara,retainer;chara;object,612,1,15,13,1,0,58,RetainerFurniture:NpcBaseClass,,L14_63:_getCatalogID:5;L14_63:_getNameIndex:5;L2_6:_getMember:4;L2_51:_getItem:3;A0_24:askExtendWidget:2;desktopWidget:askEventModeWidgetYield:2;worldMaster:ask:2;L2_41:updateRetainerItemPackage:2;L9_48:_isAlive:2;L9_48:_getCatalogID:2;L9_48:_getNameIndex:2;L16_65:_getCatalogID:2;L16_65:_getNameIndex:2;desktopWidget:noticeRetainerTradeResult:2;A0_88:getRetainer:2
decomp_more_20260617,chara/npc/object/retainermeetingspace,chara,retainer;chara;object,552,1,12,11,1,0,55,RetainerMeetingSpace:NpcBaseClass,,L14_61:_getCatalogID:5;L14_61:_getNameIndex:5;L2_4:_getMember:4;L2_49:_getItem:3;A0_22:askExtendWidget:2;A0_30:askExtendWidget:2;worldMaster:ask:2;L2_39:updateRetainerItemPackage:2;L9_46:_isAlive:2;L9_46:_getCatalogID:2;L9_46:_getNameIndex:2;L16_63:_getCatalogID:2;L16_63:_getNameIndex:2;desktopWidget:noticeRetainerTradeResult:2;A0_74:getRetainer:2
decomp_more_20260617,chara/npc/object/treasurebox/instanceraidtreasurebox,chara,instance;chara;object,2,1,0,0,1,0,0,InstanceRaidTreasureBox:TreasureBoxBaseClass,,
decomp_more_20260617,chara/npc/populace/instanceraidguide/aetherytebeastchildguide,chara,instance;chara;populace,2,1,0,0,1,0,0,AetheryteBeastChildGuide:InspectableGuideBaseClass,,
decomp_more_20260617,chara/npc/populace/instanceraidguide/hasquestguidebaseclass,chara,quest;instance;chara;populace,2,1,0,0,1,0,0,HasQuestGuideBaseClass:InstanceRaidGuideBaseClass,,
decomp_more_20260617,chara/npc/populace/instanceraidguide/inspectableguidebaseclass,chara,instance;chara;populace,7,1,1,0,1,0,0,InspectableGuideBaseClass:HasQuestGuideBaseClass,,
decomp_more_20260617,chara/npc/populace/instanceraidguide/inspectableinstanceraidguide,chara,instance;chara;populace,5,1,1,0,1,0,1,InspectableInstanceRaidGuide:InspectableGuideBaseClass,,A0_0:_setGroundOn:1
decomp_more_20260617,chara/npc/populace/instanceraidguide/instanceraidguide,chara,instance;chara;populace,5,1,1,0,1,0,1,InstanceRaidGuide:HasQuestGuideBaseClass,,A0_0:_setGroundOn:1
decomp_more_20260617,chara/npc/populace/instanceraidguide/instanceraidguideaurumvale,chara,instance;chara;populace,46,1,3,1,1,1,15,InstanceRaidGuideAurumVale:NoQuestGuideBaseClass,9920:instanceRaidGuideAurumVale,A0_4:say:8;worldMaster:say:5;A0_0:_setGroundOn:1;A0_0:_loadTextDataPermanently:1
decomp_more_20260617,chara/npc/populace/instanceraidguide/instanceraidguidebaseclass,chara,instance;chara;populace,18,1,3,1,1,0,2,InstanceRaidGuideBaseClass:NpcBaseClass,,A0_0:initForInstanceRaidGuide:1;desktopWidget:askForEventMode:1
decomp_more_20260617,chara/npc/populace/instanceraidguide/instanceraidguidecutterscry,chara,instance;chara;populace,62,1,4,1,1,1,18,InstanceRaidGuideCuttersCry:NoQuestGuideBaseClass,9936:instanceRaidGuideCuttersCry,A0_5:sayText_:9;worldMaster:say:4;A0_12:say:2;A0_0:_setGroundOn:1;A0_0:_loadTextDataPermanently:1;A0_12:isUpperRank:1
decomp_more_20260617,chara/npc/populace/instanceraidguide/noquestguidebaseclass,chara,quest;instance;chara;populace,62,1,3,1,1,0,1,NoQuestGuideBaseClass:InstanceRaidGuideBaseClass,,A0_0:processExplainSelected_:1
decomp_more_20260617,chara/npc/populace/occupancyguide/occupancyguidebaseclass,chara,instance;chara;populace,8,1,2,1,1,0,1,OccupancyGuideBaseClass:NpcBaseClass,,A0_0:initAsOccupancyGuide:1
decomp_more_20260617,chara/npc/populace/occupancyguide/raidfst0dungeon03guide,chara,instance;chara;populace,256,1,5,0,1,1,42,RaidFst0Dungeon03Guide:OccupancyGuideBaseClass,6704:raidFst0Dungeon03Guide,A0_11:say:17;worldMaster:say:11;A0_1:say:8;A0_1:askExtendWidget:2;A0_0:_loadTextDataPermanently:1;A0_1:startCliantTalkTurn:1;A0_11:finishCliantTalkTurn:1;A0_24:finishCliantTalkTurn:1
decomp_more_20260617,chara/npc/populace/occupancyguide/raidroc0dungeon01guide,chara,instance;chara;populace,256,1,5,0,1,1,42,RaidRoc0Dungeon01Guide:OccupancyGuideBaseClass,6720:raidRoc0Dungeon01Guide,A0_11:say:17;worldMaster:say:11;A0_1:say:8;A0_1:askExtendWidget:2;A0_0:_loadTextDataPermanently:1;A0_1:startCliantTalkTurn:1;A0_11:finishCliantTalkTurn:1;A0_24:finishCliantTalkTurn:1
decomp_more_20260617,chara/npc/populace/populacecutsceneplayer,chara,cutscene;chara;populace,153,1,6,5,1,1,32,PopulaceCutScenePlayer:NpcBaseClass,9984:populaceCutScenePlayer,A1_3:_setLockonTarget:3;cutReplaySheet:_getData:3;A0_5:askExtendWidget:2;worldMaster:say:2;A1_9:_setMusic:2;A0_0:initWork:1;A0_0:_loadTextDataPermanently:1;A0_0:_setGroundOn:1;desktopWidget:isEventLockonCameraEnable:1;A0_2:processClientTalkEvent:1;desktopWidget:cancelAllTarget:1;A0_5:processCutScenePlay:1;L9_17:getCutSceneReplayData:1;L9_17:getSnpcActorClassID:1;A1_9:getStateMainSkill:1
decomp_more_20260617,chara/npc/populace/populacelinkshellmanager,chara,linkshell;chara;populace,796,1,20,17,1,1,87,PopulaceLinkshellManager:NpcBaseClass,2221:populaceLinkshellManager,A0_16:say:12;desktopWidget:askLinkshellListWidget:6;desktopWidget:askLinkshellSelectIconWidget:5;L1_48:_getAllGroup:4;L1_88:getCommunityGroup:4;A0_12:getActorClassId:3;A0_16:getActorClassId:3;A0_36:getActorClassId:3;desktopWidget:askLinkshellNamingWidget:3;A0_38:getActorClassId:3;A0_47:getActorClassId:3;A0_57:getActorClassId:3;A0_71:getActorClassId:3;A0_74:getActorClassId:3;A0_7:say:2
decomp_more_20260617,chara/npc/populace/populacerequestwarden,chara,quest;chara;populace,217,1,20,20,1,1,90,PopulaceRequestWarden:NpcBaseClass,1355:populaceRequestWarden,A0_5:say:8;A0_20:say:5;A0_5:_runCharaScheduler:3;worldMaster:say:3;A0_14:say:3;A0_20:_runCharaScheduler:3;A0_0:setTempWork:2;A0_16:say:2;A0_17:say:2;A0_18:say:2;A0_25:say:2;A0_33:say:2;A0_0:initWork:1;A0_0:_setGroundOn:1;A0_0:_loadTextDataPermanently:1
decomp_more_20260617,chara/npc/populace/populaceretainermanager,chara,retainer;chara;populace,721,1,24,20,1,1,123,PopulaceRetainerManager:NpcBaseClass,545:populaceRetainerManager,A0_69:say:9;A0_66:say:6;A0_77:say:6;A0_78:say:6;A0_23:say:5;A0_59:say:4;worldMaster:_getMyPlayer:4;A0_11:getActorClassId:3;A0_16:say:3;A0_58:getActorClassId:3;A0_59:finishCliantTalkTurn:3;worldMaster:createCutScene:3;A0_66:getActorClassId:3;A0_69:getActorClassId:3;A0_71:say:3
decomp_more_20260617,chara/npc/retainer/ordinaryretainer,chara,retainer;chara,643,1,12,10,1,1,51,OrdinaryRetainer:RetainerBaseClass,319:ordinaryRetainer,L13_44:_getCatalogID:5;L13_44:_getNameIndex:5;A0_31:_getItem:3;A0_7:_getGroup:2;A0_16:askExtendWidget:2;worldMaster:ask:2;A0_22:updateRetainerItemPackage:2;L8_30:_isAlive:2;L8_30:_getCatalogID:2;L8_30:_getNameIndex:2;L15_46:_getCatalogID:2;L15_46:_getNameIndex:2;desktopWidget:noticeRetainerTradeResult:2;worldMaster:_getMyPlayer:2;A0_0:_callSuperClassFunc:1
decomp_more_20260617,chara/npc/retainer/retainerbaseclass,chara,retainer;chara,53,1,5,3,1,0,12,RetainerBaseClass:NpcBaseClass,,worldMaster:_getServerTime:6;A0_8:_updateItemPackage:3;A0_9:_updateItemPackage:3
decomp_more_20260617,command/system/linkshellappointcommand,command,linkshell;command;system,143,1,1,1,1,0,1,LinkshellAppointCommand:SystemCommandBaseClass,,L11_11:getMemberUniqueIdentifier:1
decomp_more_20260617,command/system/linkshellchangecommand,command,linkshell;command;system,25,1,1,1,1,0,2,LinkshellChangeCommand:SystemCommandBaseClass,,A1_1:_isAlive:1;A1_1:isPlayer:1
decomp_more_20260617,command/system/linkshellinvitecancelcommand,command,linkshell;command;system,29,1,1,1,1,0,6,LinkshellInviteCancelCommand:SystemCommandBaseClass,,A1_1:_isAlive:2;A1_1:isPlayer:2;A6_6:_isAlive:1;A6_6:isPlayer:1
decomp_more_20260617,command/system/linkshellinvitecommand,command,linkshell;command;system,32,1,1,1,1,0,6,LinkshellInviteCommand:SystemCommandBaseClass,,A1_1:_isAlive:2;A1_1:isPlayer:2;A6_6:_isAlive:1;A6_6:isPlayer:1
decomp_more_20260617,command/system/linkshellkickcommand,command,linkshell;command;system,121,1,1,1,1,0,1,LinkshellKickCommand:SystemCommandBaseClass,,L11_11:getMemberUniqueIdentifier:1
decomp_more_20260617,command/system/linkshellresigncommand,command,linkshell;command;system,17,1,1,1,1,0,2,LinkshellResignCommand:SystemCommandBaseClass,,A1_1:_isAlive:1;A1_1:isPlayer:1
decomp_more_20260617,command/system/npclinkshellchatcommand,command,linkshell;command;system,5,1,1,1,1,0,1,NpcLinkshellChatCommand:SystemCommandBaseClass,,A1_1:isNpcLinkshellChatCalling:1
decomp_more_20260617,command/system/requestinformationcommand,command,quest;command;system,5,1,1,1,1,0,1,RequestInformationCommand:SystemCommandBaseClass,,A1_1:canRequestInformation:1
decomp_more_20260617,command/system/requestinformationcommand_info,command,quest;command;system,1,0,0,0,0,0,0,,,
decomp_more_20260617,command/system/requestquestjournalcommand,command,quest;command;system,5,1,1,1,1,0,1,RequestQuestJournalCommand:SystemCommandBaseClass,,A1_1:canRequestInformation:1
decomp_more_20260617,director/afterquestwarpdirector,director,quest,5,1,1,0,1,0,0,AfterQuestWarpDirector:DirectorBaseClass,,
decomp_more_20260617,director/guildleve/requestdirector,director,quest,177,1,8,2,1,0,27,RequestDirector:GuildleveBaseClass,,desktopWidget:processUpdateContentsInformation:3;A0_12:setAimNumNowTmpOf:2;A0_12:setUiStateTmpOf:2;A0_21:getUiStateOf:2;A0_21:getArticleTypeForInfo:2;A0_21:getTempWork:2;A0_29:getUiStateOf:2;A0_29:getAimNumOf:2;A0_0:initWorkSyncTag:1;A0_7:setAimNumNowTmpOf:1;A0_7:setUiStateTmpOf:1;A0_12:getAimNumNowTmpOf:1;A0_12:getAimNumNowOf:1;A0_12:getUiStateTmpOf:1;A0_12:getUiStateOf:1
decomp_more_20260617,director/guildleve/requestmanager,director,quest,5,1,1,0,1,0,0,RequestManager:DirectorBaseClass,,
decomp_more_20260617,director/instanceraid/instanceraidaurumvale,director,instance,2,1,0,0,1,0,0,InstanceRaidAurumVale:InstanceRaidBaseClass,,
decomp_more_20260617,director/instanceraid/instanceraidbaseclass,director,instance,294,1,25,12,2,0,60,InstanceRaidBaseClass:DirectorBaseClass,,worldMaster:_getMyPlayer:13;A0_35:_wait:4;desktopWidget:orderDesktopWidgetMode:3;worldMaster:notify:2;worldMaster:_getServerTime:2;A0_12:getHalfTime:2;A0_19:_wait:2;worldMaster:createCutScene:2;desktopWidget:openPublicEffectWidget:2;A0_0:_setLoopInterval:1;A0_0:processInitialize:1;A0_2:closeInformationWidget:1;A1_4:_resetFade:1;A0_7:getHalfTime:1;A0_15:getRestTimeStatus:1
decomp_more_20260617,director/instanceraid/instanceraidbeaconbattle,director,instance,2,1,0,0,1,0,0,InstanceRaidBeaconBattle:InstanceRaidBaseClass,,
decomp_more_20260617,director/instanceraid/instanceraidcutterscry,director,instance,2,1,0,0,1,0,0,InstanceRaidCuttersCry:InstanceRaidBaseClass,,
decomp_more_20260617,director/instanceraid/instanceraiddarkmoogle,director,instance,2,1,0,0,1,0,0,InstanceRaidDarkMoogle:InstanceRaidBaseClass,,
decomp_more_20260617,director/instanceraid/instanceraidhamletdefense,director,instance;hamlet,397,1,13,5,1,1,14,InstanceRaidHamletDefense:InstanceRaidBaseClass,10208:InstanceRaidHamletDefense,A0_8:_loadTextDataPermanently:1;A0_9:setHamletID:1;A0_11:printNPCSay:1;A0_12:printNPCSay:1;desktopWidget:openPublicEffectWidget:1;A0_13:printNPCSay:1;worldMaster:_getMyPlayer:1;desktopWidget:askHamletDefenseScoreWidget:1;desktopWidget:openHamletExecutionWidget:1;L3_18:cmdSetGatheringItem:1;L3_18:cmdSetEnemyBuff:1;L3_31:dispInformation:1;worldMaster:notify:1;A0_35:getLocalText:1
decomp_more_20260617,director/instanceraid/instanceraidhyperifrit,director,instance,2,1,0,0,1,0,0,InstanceRaidHyperIfrit:InstanceRaidBaseClass,,
decomp_more_20260617,director/instanceraid/instanceraidlessergaruda,director,instance,2,1,0,0,1,0,0,InstanceRaidLesserGaruda:InstanceRaidBaseClass,,
decomp_more_20260617,director/instanceraid/instanceraidlesserifrit,director,instance,7,1,1,1,1,0,1,InstanceRaidLesserIfrit:InstanceRaidBaseClass,,A0_0:executeCutScene:1
decomp_more_20260617,director/instanceraid/instanceraidlesserwhitegeneral,director,instance,16,1,3,3,1,0,7,InstanceRaidLesserWhiteGeneral:InstanceRaidBaseClass,,worldMaster:_getMyPlayer:4;A0_0:executeCutScene:1;A0_2:executeCutScene:1;A0_2:_wait:1
decomp_more_20260617,director/instanceraid/instanceraidnormalgaruda,director,instance,2,1,0,0,1,0,0,InstanceRaidNormalGaruda:InstanceRaidBaseClass,,
decomp_more_20260617,director/instanceraid/instanceraidnormalifrit,director,instance,2,1,0,0,1,0,0,InstanceRaidNormalIfrit:InstanceRaidBaseClass,,
decomp_more_20260617,director/instanceraid/instanceraidnormalwhitegeneral,director,instance,2,1,0,0,1,0,0,InstanceRaidNormalWhiteGeneral:InstanceRaidBaseClass,,
decomp_more_20260617,director/instanceraid/occupancyplayers/occupancyplayersbaseclass,director,instance,4,1,1,1,0,0,0,OccupancyPlayersBaseClass:DirectorBaseClass,,
decomp_more_20260617,director/instanceraid/occupancyplayers/occupancyplayerstest,director,instance,9,1,2,1,1,0,2,OccupancyPlayersTest:DirectorBaseClass,,A1_3:_fadeIn:1;A1_3:_fadeInNowLoadingForNoticeEventJustInArea:1
decomp_more_20260617,director/instanceraid/occupancyplayers/raidplayers,director,instance,2,1,0,0,1,0,0,RaidPlayers:OccupancyPlayersBaseClass,,
decomp_more_20260617,director/occupancy/occupancydirectorbaseclass,director,instance,2,1,0,0,1,0,0,OccupancyDirectorBaseClass:DirectorBaseClass,,
decomp_more_20260617,director/occupancy/raidfst0dungeon03,director,instance,42,1,7,3,1,0,12,RaidFst0Dungeon03:OccupancyDirectorBaseClass,,desktopWidget:closeRaidDungeonExecutionWidget:3;worldMaster:createCutScene:2;desktopWidget:openRaidDungeonExecutionWidget:2;A1_4:_fadeOut:1;A1_4:_waitForFading:1;A1_4:_fadeIn:1;desktopWidget:processUpdateGeneralNotificationDialog:1;A1_10:_fadeInNowLoadingForNoticeEventJustInArea:1
decomp_more_20260617,director/occupancy/raidroc0dungeon01,director,instance,42,1,7,3,1,0,12,RaidRoc0Dungeon01:OccupancyDirectorBaseClass,,desktopWidget:closeRaidDungeonExecutionWidget:3;worldMaster:createCutScene:2;desktopWidget:openRaidDungeonExecutionWidget:2;A1_4:_fadeOut:1;A1_4:_waitForFading:1;A1_4:_fadeIn:1;desktopWidget:processUpdateGeneralNotificationDialog:1;A1_10:_fadeInNowLoadingForNoticeEventJustInArea:1
decomp_more_20260617,director/publicraid/publicraidbaseclass,director,instance,11,1,1,0,1,0,1,PublicRaidBaseClass:DirectorBaseClass,,A0_0:_callSuperClassFunc:1
decomp_more_20260617,director/publicraid/publicraidbeaconfort,director,instance,2,1,0,0,1,0,0,PublicRaidBeaconFort:DirectorBaseClass,,
decomp_more_20260617,director/publicraid/publicraidnatalan,director,instance,2,1,0,0,1,0,0,PublicRaidNatalan:PublicRaidBaseClass,,
decomp_more_20260617,director/publicraid/publicraidshposhae,director,instance,2,1,0,0,1,0,0,PublicRaidShposhae:PublicRaidBaseClass,,
decomp_more_20260617,director/publicraid/publicraidughamaro,director,instance,2,1,0,0,1,0,0,PublicRaidUGhamaro:PublicRaidBaseClass,,
decomp_more_20260617,director/publicraid/publicraidzaharak,director,instance,2,1,0,0,1,0,0,PublicRaidZaharak:PublicRaidBaseClass,,
decomp_more_20260617,director/quest/questdirectoralc20001,director,quest,2,1,0,0,1,0,0,QuestDirectorAlc20001:QuestDirectorBaseClass,,
decomp_more_20260617,director/quest/questdirectoralc30001,director,quest,2,1,0,0,1,0,0,QuestDirectorAlc30001:QuestDirectorBaseClass,,
decomp_more_20260617,director/quest/questdirectoralc30601,director,quest,2,1,0,0,1,0,0,QuestDirectorAlc30601:QuestDirectorBaseClass,,
decomp_more_20260617,director/quest/questdirectorarc20001,director,quest,2,1,0,0,1,0,0,QuestDirectorArc20001:QuestDirectorBaseClass,,
decomp_more_20260617,director/quest/questdirectorarc30001,director,quest,2,1,0,0,1,0,0,QuestDirectorArc30001:QuestDirectorBaseClass,,
decomp_more_20260617,director/quest/questdirectorarc30601,director,quest,2,1,0,0,1,0,0,QuestDirectorArc30601:QuestDirectorBaseClass,,
decomp_more_20260617,director/quest/questdirectorarc30602,director,quest,2,1,0,0,1,0,0,QuestDirectorArc30602:QuestDirectorBaseClass,,
decomp_more_20260617,director/quest/questdirectorarc40001,director,quest,2,1,0,0,1,0,0,QuestDirectorArc40001:QuestDirectorBaseClass,,
decomp_more_20260617,director/quest/questdirectorbaseclass,director,quest,33,1,5,1,1,0,4,QuestDirectorBaseClass:DirectorBaseClass,,A0_0:getOwnClientQuestId:1;A0_0:initAsQuestDirector:1;worldMaster:_getMyPlayer:1;A0_7:getOwnClientQuestId:1
decomp_more_20260617,director/quest/questdirectorblm0j301,director,quest,2,1,0,0,1,0,0,QuestDirectorBlm0j301:QuestDirectorBaseClass,,
decomp_more_20260617,director/quest/questdirectorblm0j601,director,quest,2,1,0,0,1,0,0,QuestDirectorBlm0j601:QuestDirectorBaseClass,,
decomp_more_20260617,director/quest/questdirectorbrd0j601,director,quest,2,1,0,0,1,0,0,QuestDirectorBrd0j601:QuestDirectorBaseClass,,
decomp_more_20260617,director/quest/questdirectorbsm20001,director,quest,2,1,0,0,1,0,0,QuestDirectorBsm20001:QuestDirectorBaseClass,,
decomp_more_20260617,director/quest/questdirectorbsm30001,director,quest,2,1,0,0,1,0,0,QuestDirectorBsm30001:QuestDirectorBaseClass,,
decomp_more_20260617,director/quest/questdirectorbsm30601,director,quest,2,1,0,0,1,0,0,QuestDirectorBsm30601:QuestDirectorBaseClass,,
decomp_more_20260617,director/quest/questdirectorcnj20001,director,quest,2,1,0,0,1,0,0,QuestDirectorCnj20001:QuestDirectorBaseClass,,
decomp_more_20260617,director/quest/questdirectorcnj30001,director,quest,2,1,0,0,1,0,0,QuestDirectorCnj30001:QuestDirectorBaseClass,,
decomp_more_20260617,director/quest/questdirectorcnj30601,director,quest,2,1,0,0,1,0,0,QuestDirectorCnj30601:QuestDirectorBaseClass,,
decomp_more_20260617,director/quest/questdirectorcnj30602,director,quest,2,1,0,0,1,0,0,QuestDirectorCnj30602:QuestDirectorBaseClass,,
decomp_more_20260617,director/quest/questdirectorcnj40001,director,quest,2,1,0,0,1,0,0,QuestDirectorCnj40001:QuestDirectorBaseClass,,
decomp_more_20260617,director/quest/questdirectorcom0g501,director,quest,2,1,0,0,1,0,0,QuestDirectorCom0g501:QuestDirectorBaseClass,,
decomp_more_20260617,director/quest/questdirectorcul20001,director,quest,2,1,0,0,1,0,0,QuestDirectorCul20001:QuestDirectorBaseClass,,
decomp_more_20260617,director/quest/questdirectorcul30001,director,quest,2,1,0,0,1,0,0,QuestDirectorCul30001:QuestDirectorBaseClass,,
decomp_more_20260617,director/quest/questdirectorcul30601,director,quest,2,1,0,0,1,0,0,QuestDirectorCul30601:QuestDirectorBaseClass,,
decomp_more_20260617,director/quest/questdirectoreventman20001,director,quest,2,1,0,0,1,0,0,QuestDirectorEventMan20001:QuestDirectorBaseClass,,
decomp_more_20260617,director/quest/questdirectoreventman30401,director,quest,2,1,0,0,1,0,0,QuestDirectorEventMan30401:QuestDirectorBaseClass,,
decomp_more_20260617,director/quest/questdirectoreventman30801,director,quest,2,1,0,0,1,0,0,QuestDirectorEventMan30801:QuestDirectorBaseClass,,
decomp_more_20260617,director/quest/questdirectoreventman30802,director,quest,2,1,0,0,1,0,0,QuestDirectorEventMan30802:QuestDirectorBaseClass,,
decomp_more_20260617,director/quest/questdirectoreventman40601,director,quest,2,1,0,0,1,0,0,QuestDirectorEventMan40601:QuestDirectorBaseClass,,
decomp_more_20260617,director/quest/questdirectoreventman40602,director,quest,2,1,0,0,1,0,0,QuestDirectorEventMan40602:QuestDirectorBaseClass,,
decomp_more_20260617,director/quest/questdirectorexc20001,director,quest,2,1,0,0,1,0,0,QuestDirectorExc20001:QuestDirectorBaseClass,,
decomp_more_20260617,director/quest/questdirectorexc30001,director,quest,2,1,0,0,1,0,0,QuestDirectorExc30001:QuestDirectorBaseClass,,
decomp_more_20260617,director/quest/questdirectorexc30601,director,quest,2,1,0,0,1,0,0,QuestDirectorExc30601:QuestDirectorBaseClass,,
decomp_more_20260617,director/quest/questdirectorexc30602,director,quest,2,1,0,0,1,0,0,QuestDirectorExc30602:QuestDirectorBaseClass,,
decomp_more_20260617,director/quest/questdirectorexc40001,director,quest,2,1,0,0,1,0,0,QuestDirectorExc40001:QuestDirectorBaseClass,,
decomp_more_20260617,director/quest/questdirectorfsh20001,director,quest,2,1,0,0,1,0,0,QuestDirectorFsh20001:QuestDirectorBaseClass,,
decomp_more_20260617,director/quest/questdirectorfsh30001,director,quest,2,1,0,0,1,0,0,QuestDirectorFsh30001:QuestDirectorBaseClass,,
decomp_more_20260617,director/quest/questdirectorfsh30601,director,quest,2,1,0,0,1,0,0,QuestDirectorFsh30601:QuestDirectorBaseClass,,
decomp_more_20260617,director/quest/questdirectorgcg10201,director,quest,2,1,0,0,1,0,0,QuestDirectorGcg10201:QuestDirectorBaseClass,,
decomp_more_20260617,director/quest/questdirectorgcg30101,director,quest,2,1,0,0,1,0,0,QuestDirectorGcg30101:QuestDirectorBaseClass,,
decomp_more_20260617,director/quest/questdirectorgcg70101,director,quest,135,1,11,3,1,0,7,QuestDirectorGcg70101:QuestDirectorBaseClass,,desktopWidget:openPublicEffectWidget:4;desktopWidget:processUpdateContentsInformation:3
decomp_more_20260617,director/quest/questdirectorgcl10201,director,quest,2,1,0,0,1,0,0,QuestDirectorGcl10201:QuestDirectorBaseClass,,
decomp_more_20260617,director/quest/questdirectorgcl30101,director,quest,2,1,0,0,1,0,0,QuestDirectorGcl30101:QuestDirectorBaseClass,,
decomp_more_20260617,director/quest/questdirectorgcl30201,director,quest,2,1,0,0,1,0,0,QuestDirectorGcl30201:QuestDirectorBaseClass,,
decomp_more_20260617,director/quest/questdirectorgcl70101,director,quest,135,1,11,3,1,0,7,QuestDirectorGcl70101:QuestDirectorBaseClass,,desktopWidget:openPublicEffectWidget:4;desktopWidget:processUpdateContentsInformation:3
decomp_more_20260617,director/quest/questdirectorgcu10201,director,quest,2,1,0,0,1,0,0,QuestDirectorGcu10201:QuestDirectorBaseClass,,
decomp_more_20260617,director/quest/questdirectorgcu30101,director,quest,2,1,0,0,1,0,0,QuestDirectorGcu30101:QuestDirectorBaseClass,,
decomp_more_20260617,director/quest/questdirectorgcu30201,director,quest,2,1,0,0,1,0,0,QuestDirectorGcu30201:QuestDirectorBaseClass,,
decomp_more_20260617,director/quest/questdirectorgcu70101,director,quest,135,1,11,3,1,0,7,QuestDirectorGcu70101:QuestDirectorBaseClass,,desktopWidget:openPublicEffectWidget:4;desktopWidget:processUpdateContentsInformation:3
decomp_more_20260617,director/quest/questdirectorgla20001,director,quest,2,1,0,0,1,0,0,QuestDirectorGla20001:QuestDirectorBaseClass,,
decomp_more_20260617,director/quest/questdirectorgla30001,director,quest,2,1,0,0,1,0,0,QuestDirectorGla30001:QuestDirectorBaseClass,,
decomp_more_20260617,director/quest/questdirectorgla30601,director,quest,2,1,0,0,1,0,0,QuestDirectorGla30601:QuestDirectorBaseClass,,
decomp_more_20260617,director/quest/questdirectorgla30602,director,quest,2,1,0,0,1,0,0,QuestDirectorGla30602:QuestDirectorBaseClass,,
decomp_more_20260617,director/quest/questdirectorgld20001,director,quest,2,1,0,0,1,0,0,QuestDirectorGld20001:QuestDirectorBaseClass,,
decomp_more_20260617,director/quest/questdirectorgld30001,director,quest,2,1,0,0,1,0,0,QuestDirectorGld30001:QuestDirectorBaseClass,,
decomp_more_20260617,director/quest/questdirectorgld30601,director,quest,2,1,0,0,1,0,0,QuestDirectorGld30601:QuestDirectorBaseClass,,
decomp_more_20260617,director/quest/questdirectorhrv20001,director,quest,2,1,0,0,1,0,0,QuestDirectorHrv20001:QuestDirectorBaseClass,,
decomp_more_20260617,director/quest/questdirectorhrv30001,director,quest,2,1,0,0,1,0,0,QuestDirectorHrv30001:QuestDirectorBaseClass,,
decomp_more_20260617,director/quest/questdirectorhrv30601,director,quest,2,1,0,0,1,0,0,QuestDirectorHrv30601:QuestDirectorBaseClass,,
decomp_more_20260617,director/quest/questdirectorhrv30602,director,quest,2,1,0,0,1,0,0,QuestDirectorHrv30602:QuestDirectorBaseClass,,
decomp_more_20260617,director/quest/questdirectorhrv40001,director,quest,2,1,0,0,1,0,0,QuestDirectorHrv40001:QuestDirectorBaseClass,,
decomp_more_20260617,director/quest/questdirectorhrv50001,director,quest,2,1,0,0,1,0,0,QuestDirectorHrv50001:QuestDirectorBaseClass,,
decomp_more_20260617,director/quest/questdirectorhrv50601,director,quest,2,1,0,0,1,0,0,QuestDirectorHrv50601:QuestDirectorBaseClass,,
decomp_more_20260617,director/quest/questdirectoriftfest1101,director,quest,2,1,0,0,1,0,0,QuestDirectorIftFest1101:QuestDirectorBaseClass,,
decomp_more_20260617,director/quest/questdirectorlnc20001,director,quest,2,1,0,0,1,0,0,QuestDirectorLnc20001:QuestDirectorBaseClass,,
decomp_more_20260617,director/quest/questdirectorlnc30001,director,quest,2,1,0,0,1,0,0,QuestDirectorLnc30001:QuestDirectorBaseClass,,
decomp_more_20260617,director/quest/questdirectorlnc30601,director,quest,2,1,0,0,1,0,0,QuestDirectorLnc30601:QuestDirectorBaseClass,,
decomp_more_20260617,director/quest/questdirectorman0g001,director,quest,2,1,0,0,1,0,0,QuestDirectorMan0g001:QuestDirectorBaseClass,,
decomp_more_20260617,director/quest/questdirectorman0g003,director,quest,2,1,0,0,1,0,0,QuestDirectorMan0g003:QuestDirectorBaseClass,,
decomp_more_20260617,director/quest/questdirectorman0g101,director,quest,2,1,0,0,1,0,0,QuestDirectorMan0g101:QuestDirectorBaseClass,,
decomp_more_20260617,director/quest/questdirectorman0g102,director,quest,2,1,0,0,1,0,0,QuestDirectorMan0g102:QuestDirectorBaseClass,,
decomp_more_20260617,director/quest/questdirectorman0l001,director,quest,2,1,0,0,1,0,0,QuestDirectorMan0l001:QuestDirectorBaseClass,,
decomp_more_20260617,director/quest/questdirectorman0l003,director,quest,2,1,0,0,1,0,0,QuestDirectorMan0l003:QuestDirectorBaseClass,,
decomp_more_20260617,director/quest/questdirectorman0l101,director,quest,2,1,0,0,1,0,0,QuestDirectorMan0l101:QuestDirectorBaseClass,,
decomp_more_20260617,director/quest/questdirectorman0u001,director,quest,2,1,0,0,1,0,0,QuestDirectorMan0u001:QuestDirectorBaseClass,,
decomp_more_20260617,director/quest/questdirectorman0u003,director,quest,2,1,0,0,1,0,0,QuestDirectorMan0u003:QuestDirectorBaseClass,,
decomp_more_20260617,director/quest/questdirectorman0u101,director,quest,2,1,0,0,1,0,0,QuestDirectorMan0u101:QuestDirectorBaseClass,,
decomp_more_20260617,director/quest/questdirectorman0u102,director,quest,2,1,0,0,1,0,0,QuestDirectorMan0u102:QuestDirectorBaseClass,,
decomp_more_20260617,director/quest/questdirectorman20601,director,quest,2,1,0,0,1,0,0,QuestDirectorMan20601:QuestDirectorBaseClass,,
decomp_more_20260617,director/quest/questdirectorman2g001,director,quest,2,1,0,0,1,0,0,QuestDirectorMan2g001:QuestDirectorBaseClass,,
decomp_more_20260617,director/quest/questdirectorman2l001,director,quest,2,1,0,0,1,0,0,QuestDirectorMan2l001:QuestDirectorBaseClass,,
decomp_more_20260617,director/quest/questdirectorman2u001,director,quest,2,1,0,0,1,0,0,QuestDirectorMan2u001:QuestDirectorBaseClass,,
decomp_more_20260617,director/quest/questdirectorman30001,director,quest,2,1,0,0,1,0,0,QuestDirectorMan30001:QuestDirectorBaseClass,,
decomp_more_20260617,director/quest/questdirectorman30801,director,quest,2,1,0,0,1,0,0,QuestDirectorMan30801:QuestDirectorBaseClass,,
decomp_more_20260617,director/quest/questdirectorman40201,director,quest,2,1,0,0,1,0,0,QuestDirectorMan40201:QuestDirectorBaseClass,,
decomp_more_20260617,director/quest/questdirectorman40601,director,quest,2,1,0,0,1,0,0,QuestDirectorMan40601:QuestDirectorBaseClass,,
decomp_more_20260617,director/quest/questdirectorman50201,director,quest,2,1,0,0,1,0,0,QuestDirectorMan50201:QuestDirectorBaseClass,,
decomp_more_20260617,director/quest/questdirectorman50202,director,quest,2,1,0,0,1,0,0,QuestDirectorMan50202:QuestDirectorBaseClass,,
decomp_more_20260617,director/quest/questdirectormin20001,director,quest,2,1,0,0,1,0,0,QuestDirectorMin20001:QuestDirectorBaseClass,,
decomp_more_20260617,director/quest/questdirectormin30001,director,quest,2,1,0,0,1,0,0,QuestDirectorMin30001:QuestDirectorBaseClass,,
decomp_more_20260617,director/quest/questdirectormin30601,director,quest,2,1,0,0,1,0,0,QuestDirectorMin30601:QuestDirectorBaseClass,,
decomp_more_20260617,director/quest/questdirectormnk0j601,director,quest,2,1,0,0,1,0,0,QuestDirectorMnk0j601:QuestDirectorBaseClass,,
decomp_more_20260617,director/quest/questdirectormultievent,director,quest,2,1,0,0,1,0,0,QuestDirectorMultiEvent:QuestDirectorBaseClass,,
decomp_more_20260617,director/quest/questdirectornmrush01,director,quest,111,1,9,2,1,0,4,QuestDirectorNMRush01:QuestDirectorBaseClass,,desktopWidget:processUpdateContentsInformation:4
decomp_more_20260617,director/quest/questdirectornmrush02,director,quest,111,1,9,2,1,0,4,QuestDirectorNMRush02:QuestDirectorBaseClass,,desktopWidget:processUpdateContentsInformation:4
decomp_more_20260617,director/quest/questdirectorpgl20001,director,quest,2,1,0,0,1,0,0,QuestDirectorPgl20001:QuestDirectorBaseClass,,
decomp_more_20260617,director/quest/questdirectorpgl20002,director,quest,2,1,0,0,1,0,0,QuestDirectorPgl20002:QuestDirectorBaseClass,,
decomp_more_20260617,director/quest/questdirectorpgl30001,director,quest,2,1,0,0,1,0,0,QuestDirectorPgl30001:QuestDirectorBaseClass,,
decomp_more_20260617,director/quest/questdirectorpgl30601,director,quest,2,1,0,0,1,0,0,QuestDirectorPgl30601:QuestDirectorBaseClass,,
decomp_more_20260617,director/quest/questdirectorpld0j601,director,quest,2,1,0,0,1,0,0,QuestDirectorPld0j601:QuestDirectorBaseClass,,
decomp_more_20260617,director/quest/questdirectorstandard,director,quest,2,1,0,0,1,0,0,QuestDirectorStandard:QuestDirectorBaseClass,,
decomp_more_20260617,director/quest/questdirectortan20001,director,quest,2,1,0,0,1,0,0,QuestDirectorTan20001:QuestDirectorBaseClass,,
decomp_more_20260617,director/quest/questdirectortan30001,director,quest,2,1,0,0,1,0,0,QuestDirectorTan30001:QuestDirectorBaseClass,,
decomp_more_20260617,director/quest/questdirectortan30601,director,quest,2,1,0,0,1,0,0,QuestDirectorTan30601:QuestDirectorBaseClass,,
decomp_more_20260617,director/quest/questdirectorthm20001,director,quest,2,1,0,0,1,0,0,QuestDirectorThm20001:QuestDirectorBaseClass,,
decomp_more_20260617,director/quest/questdirectorthm30001,director,quest,2,1,0,0,1,0,0,QuestDirectorThm30001:QuestDirectorBaseClass,,
decomp_more_20260617,director/quest/questdirectorthm30601,director,quest,2,1,0,0,1,0,0,QuestDirectorThm30601:QuestDirectorBaseClass,,
decomp_more_20260617,director/quest/questdirectorwar0j601,director,quest,2,1,0,0,1,0,0,QuestDirectorWar0j601:QuestDirectorBaseClass,,
decomp_more_20260617,director/quest/questdirectorwdk20001,director,quest,2,1,0,0,1,0,0,QuestDirectorWdk20001:QuestDirectorBaseClass,,
decomp_more_20260617,director/quest/questdirectorwdk30001,director,quest,2,1,0,0,1,0,0,QuestDirectorWdk30001:QuestDirectorBaseClass,,
decomp_more_20260617,director/quest/questdirectorwdk30601,director,quest,2,1,0,0,1,0,0,QuestDirectorWdk30601:QuestDirectorBaseClass,,
decomp_more_20260617,director/quest/questdirectorwdk30602,director,quest,2,1,0,0,1,0,0,QuestDirectorWdk30602:QuestDirectorBaseClass,,
decomp_more_20260617,director/quest/questdirectorwhm0j601,director,quest,2,1,0,0,1,0,0,QuestDirectorWhm0j601:QuestDirectorBaseClass,,
decomp_more_20260617,director/quest/questdirectorwvr20001,director,quest,2,1,0,0,1,0,0,QuestDirectorWvr20001:QuestDirectorBaseClass,,
decomp_more_20260617,director/quest/questdirectorwvr30001,director,quest,2,1,0,0,1,0,0,QuestDirectorWvr30001:QuestDirectorBaseClass,,
decomp_more_20260617,director/quest/questdirectorwvr30601,director,quest,2,1,0,0,1,0,0,QuestDirectorWvr30601:QuestDirectorBaseClass,,
decomp_more_20260617,director/quest/simplequestbattle/questdirectorblm0j101,director,quest,2,1,0,0,1,0,0,QuestDirectorBlm0j101:SimpleQuestBattleBaseClass,,
decomp_more_20260617,director/quest/simplequestbattle/questdirectorbrd0j101,director,quest,2,1,0,0,1,0,0,QuestDirectorBrd0j101:SimpleQuestBattleBaseClass,,
decomp_more_20260617,director/quest/simplequestbattle/questdirectorbrd0j401,director,quest,2,1,0,0,1,0,0,QuestDirectorBrd0j401:SimpleQuestBattleBaseClass,,
decomp_more_20260617,director/quest/simplequestbattle/questdirectorcom0g101,director,quest,2,1,0,0,1,0,0,QuestDirectorCom0g101:SimpleQuestBattleBaseClass,,
decomp_more_20260617,director/quest/simplequestbattle/questdirectorcom0g401,director,quest,2,1,0,0,1,0,0,QuestDirectorCom0g401:SimpleQuestBattleBaseClass,,
decomp_more_20260617,director/quest/simplequestbattle/questdirectorcom0g601,director,quest,2,1,0,0,1,0,0,QuestDirectorCom0g601:SimpleQuestBattleBaseClass,,
decomp_more_20260617,director/quest/simplequestbattle/questdirectorcom0l101,director,quest,2,1,0,0,1,0,0,QuestDirectorCom0l101:SimpleQuestBattleBaseClass,,
decomp_more_20260617,director/quest/simplequestbattle/questdirectorcom0l401,director,quest,2,1,0,0,1,0,0,QuestDirectorCom0l401:SimpleQuestBattleBaseClass,,
decomp_more_20260617,director/quest/simplequestbattle/questdirectorcom0l501,director,quest,2,1,0,0,1,0,0,QuestDirectorCom0l501:SimpleQuestBattleBaseClass,,
decomp_more_20260617,director/quest/simplequestbattle/questdirectorcom0l601,director,quest,7,1,1,0,1,0,0,QuestDirectorCom0l601:SimpleQuestBattleBaseClass,,
decomp_more_20260617,director/quest/simplequestbattle/questdirectorcom0u101,director,quest,2,1,0,0,1,0,0,QuestDirectorCom0u101:SimpleQuestBattleBaseClass,,
decomp_more_20260617,director/quest/simplequestbattle/questdirectorcom0u401,director,quest,2,1,0,0,1,0,0,QuestDirectorCom0u401:SimpleQuestBattleBaseClass,,
decomp_more_20260617,director/quest/simplequestbattle/questdirectorcom0u501,director,quest,7,1,1,0,1,0,0,QuestDirectorCom0u501:SimpleQuestBattleBaseClass,,
decomp_more_20260617,director/quest/simplequestbattle/questdirectorcom0u601,director,quest,2,1,0,0,1,0,0,QuestDirectorCom0u601:SimpleQuestBattleBaseClass,,
decomp_more_20260617,director/quest/simplequestbattle/questdirectordrg0j101,director,quest,2,1,0,0,1,0,0,QuestDirectorDrg0j101:SimpleQuestBattleBaseClass,,
decomp_more_20260617,director/quest/simplequestbattle/questdirectordrg0j601,director,quest,2,1,0,0,1,0,0,QuestDirectorDrg0j601:SimpleQuestBattleBaseClass,,
decomp_more_20260617,director/quest/simplequestbattle/questdirectoretc1u701,director,quest,2,1,0,0,1,0,0,QuestDirectorEtc1u701:SimpleQuestBattleBaseClass,,
decomp_more_20260617,director/quest/simplequestbattle/questdirectoretc1u801,director,quest,2,1,0,0,1,0,0,QuestDirectorEtc1u801:SimpleQuestBattleBaseClass,,
decomp_more_20260617,director/quest/simplequestbattle/questdirectoretc1u901,director,quest,2,1,0,0,1,0,0,QuestDirectorEtc1u901:SimpleQuestBattleBaseClass,,
decomp_more_20260617,director/quest/simplequestbattle/questdirectoretc2g301,director,quest,2,1,0,0,1,0,0,QuestDirectorEtc2g301:SimpleQuestBattleBaseClass,,
decomp_more_20260617,director/quest/simplequestbattle/questdirectoretc2g401,director,quest,2,1,0,0,1,0,0,QuestDirectorEtc2g401:SimpleQuestBattleBaseClass,,
decomp_more_20260617,director/quest/simplequestbattle/questdirectoretc2g501,director,quest,2,1,0,0,1,0,0,QuestDirectorEtc2g501:SimpleQuestBattleBaseClass,,
decomp_more_20260617,director/quest/simplequestbattle/questdirectoretc2i201,director,quest,2,1,0,0,1,0,0,QuestDirectorEtc2i201:SimpleQuestBattleBaseClass,,
decomp_more_20260617,director/quest/simplequestbattle/questdirectoretc2l101,director,quest,2,1,0,0,1,0,0,QuestDirectorEtc2l101:SimpleQuestBattleBaseClass,,
decomp_more_20260617,director/quest/simplequestbattle/questdirectoretc2u001,director,quest,2,1,0,0,1,0,0,QuestDirectorEtc2u001:SimpleQuestBattleBaseClass,,
decomp_more_20260617,director/quest/simplequestbattle/questdirectoretc2u501,director,quest,2,1,0,0,1,0,0,QuestDirectorEtc2u501:SimpleQuestBattleBaseClass,,
decomp_more_20260617,director/quest/simplequestbattle/questdirectoretc3g101,director,quest,2,1,0,0,1,0,0,QuestDirectorEtc3g101:SimpleQuestBattleBaseClass,,
decomp_more_20260617,director/quest/simplequestbattle/questdirectoretc3g201,director,quest,7,1,1,0,1,0,0,QuestDirectorEtc3g201:SimpleQuestBattleBaseClass,,
decomp_more_20260617,director/quest/simplequestbattle/questdirectoretc3l101,director,quest,2,1,0,0,1,0,0,QuestDirectorEtc3l101:SimpleQuestBattleBaseClass,,
decomp_more_20260617,director/quest/simplequestbattle/questdirectoretc3l201,director,quest,2,1,0,0,1,0,0,QuestDirectorEtc3l201:SimpleQuestBattleBaseClass,,
decomp_more_20260617,director/quest/simplequestbattle/questdirectoretc3u101,director,quest,2,1,0,0,1,0,0,QuestDirectorEtc3u101:SimpleQuestBattleBaseClass,,
decomp_more_20260617,director/quest/simplequestbattle/questdirectoretc3u201,director,quest,2,1,0,0,1,0,0,QuestDirectorEtc3u201:SimpleQuestBattleBaseClass,,
decomp_more_20260617,director/quest/simplequestbattle/questdirectorgcg10301,director,quest,2,1,0,0,1,0,0,QuestDirectorGcg10301:SimpleQuestBattleBaseClass,,
decomp_more_20260617,director/quest/simplequestbattle/questdirectorgcg30101,director,quest,2,1,0,0,1,0,0,QuestDirectorGcg30101:SimpleQuestBattleBaseClass,,
decomp_more_20260617,director/quest/simplequestbattle/questdirectorgcg30201,director,quest,2,1,0,0,1,0,0,QuestDirectorGcg30201:SimpleQuestBattleBaseClass,,
decomp_more_20260617,director/quest/simplequestbattle/questdirectorgcg30301,director,quest,2,1,0,0,1,0,0,QuestDirectorGcg30301:SimpleQuestBattleBaseClass,,
decomp_more_20260617,director/quest/simplequestbattle/questdirectorgcg30501,director,quest,2,1,0,0,1,0,0,QuestDirectorGcg30501:SimpleQuestBattleBaseClass,,
decomp_more_20260617,director/quest/simplequestbattle/questdirectorgcl10301,director,quest,2,1,0,0,1,0,0,QuestDirectorGcl10301:SimpleQuestBattleBaseClass,,
decomp_more_20260617,director/quest/simplequestbattle/questdirectorgcl30101,director,quest,2,1,0,0,1,0,0,QuestDirectorGcl30101:SimpleQuestBattleBaseClass,,
decomp_more_20260617,director/quest/simplequestbattle/questdirectorgcl30201,director,quest,2,1,0,0,1,0,0,QuestDirectorGcl30201:SimpleQuestBattleBaseClass,,
decomp_more_20260617,director/quest/simplequestbattle/questdirectorgcl30301,director,quest,2,1,0,0,1,0,0,QuestDirectorGcl30301:SimpleQuestBattleBaseClass,,
decomp_more_20260617,director/quest/simplequestbattle/questdirectorgcl30501,director,quest,2,1,0,0,1,0,0,QuestDirectorGcl30501:SimpleQuestBattleBaseClass,,
decomp_more_20260617,director/quest/simplequestbattle/questdirectorgcu10301,director,quest,2,1,0,0,1,0,0,QuestDirectorGcu10301:SimpleQuestBattleBaseClass,,
decomp_more_20260617,director/quest/simplequestbattle/questdirectorgcu30101,director,quest,2,1,0,0,1,0,0,QuestDirectorGcu30101:SimpleQuestBattleBaseClass,,
decomp_more_20260617,director/quest/simplequestbattle/questdirectorgcu30201,director,quest,2,1,0,0,1,0,0,QuestDirectorGcu30201:SimpleQuestBattleBaseClass,,
decomp_more_20260617,director/quest/simplequestbattle/questdirectorgcu30301,director,quest,2,1,0,0,1,0,0,QuestDirectorGcu30301:SimpleQuestBattleBaseClass,,
decomp_more_20260617,director/quest/simplequestbattle/questdirectorgcu30501,director,quest,2,1,0,0,1,0,0,QuestDirectorGcu30501:SimpleQuestBattleBaseClass,,
decomp_more_20260617,director/quest/simplequestbattle/questdirectormnk0j101,director,quest,2,1,0,0,1,0,0,QuestDirectorMnk0j101:SimpleQuestBattleBaseClass,,
decomp_more_20260617,director/quest/simplequestbattle/questdirectorpld0j101,director,quest,2,1,0,0,1,0,0,QuestDirectorPld0j101:SimpleQuestBattleBaseClass,,
decomp_more_20260617,director/quest/simplequestbattle/questdirectorpld0j501,director,quest,2,1,0,0,1,0,0,QuestDirectorPld0j501:SimpleQuestBattleBaseClass,,
decomp_more_20260617,director/quest/simplequestbattle/questdirectorsim00001,director,quest,2,1,0,0,1,0,0,QuestDirectorSim00001:SimpleQuestBattleBaseClass,,
decomp_more_20260617,director/quest/simplequestbattle/questdirectorsim00002,director,quest,2,1,0,0,1,0,0,QuestDirectorSim00002:SimpleQuestBattleBaseClass,,
decomp_more_20260617,director/quest/simplequestbattle/questdirectorsim00003,director,quest,2,1,0,0,1,0,0,QuestDirectorSim00003:SimpleQuestBattleBaseClass,,
decomp_more_20260617,director/quest/simplequestbattle/questdirectorsim00004,director,quest,2,1,0,0,1,0,0,QuestDirectorSim00004:SimpleQuestBattleBaseClass,,
decomp_more_20260617,director/quest/simplequestbattle/questdirectorsim00005,director,quest,2,1,0,0,1,0,0,QuestDirectorSim00005:SimpleQuestBattleBaseClass,,
decomp_more_20260617,director/quest/simplequestbattle/questdirectorwar0j101,director,quest,2,1,0,0,1,0,0,QuestDirectorWar0j101:SimpleQuestBattleBaseClass,,
decomp_more_20260617,director/quest/simplequestbattle/questdirectorwar0j301,director,quest,2,1,0,0,1,0,0,QuestDirectorWar0j301:SimpleQuestBattleBaseClass,,
decomp_more_20260617,director/quest/simplequestbattle/questdirectorwhm0j101,director,quest,2,1,0,0,1,0,0,QuestDirectorWhm0j101:SimpleQuestBattleBaseClass,,
decomp_more_20260617,director/quest/simplequestbattle/questdirectorwhm0j401,director,quest,2,1,0,0,1,0,0,QuestDirectorWhm0j401:SimpleQuestBattleBaseClass,,
decomp_more_20260617,director/quest/simplequestbattle/questdirectorwvr30601,director,quest,2,1,0,0,1,0,0,QuestDirectorWvr30601:SimpleQuestBattleBaseClass,,
decomp_more_20260617,director/quest/simplequestbattle/simplequestbattlebaseclass,director,quest,11,1,3,1,1,0,2,SimpleQuestBattleBaseClass:QuestDirectorBaseClass,,worldMaster:ask:1;A0_3:getOwnClientQuestIdAsSimple:1
decomp_more_20260617,director/raidgimmick/raidgimmickbaseclass,director,instance,2,1,0,0,1,0,0,RaidGimmickBaseClass:DirectorBaseClass,,
decomp_more_20260617,director/raidgimmick/raidgimmickboss,director,instance,2,1,0,0,1,0,0,RaidGimmickBoss:RaidGimmickBaseClass,,
decomp_more_20260617,director/raidgimmick/raidgimmickmanager,director,instance,2,1,0,0,1,0,0,RaidGimmickManager:RaidGimmickBaseClass,,
decomp_more_20260617,director/raidgimmick/raidgimmickmonster/raidgimmickmonster,director,instance,2,1,0,0,1,0,0,RaidGimmickMonster:RaidGimmickMonsterBaseClass,,
decomp_more_20260617,director/raidgimmick/raidgimmickmonster/raidgimmickmonsterbarrieraurum,director,instance,2,1,0,0,1,0,0,RaidGimmickMonsterBarrierAurum:RaidGimmickMonsterBaseClass,,
decomp_more_20260617,director/raidgimmick/raidgimmickmonster/raidgimmickmonsterbaseclass,director,instance,2,1,0,0,1,0,0,RaidGimmickMonsterBaseClass:RaidGimmickBaseClass,,
decomp_more_20260617,director/raidgimmick/raidgimmickmonster/raidgimmickmonsterhamlet,director,instance;hamlet,2,1,0,0,1,0,0,RaidGimmickMonsterHamlet:RaidGimmickMonsterBaseClass,,
decomp_more_20260617,director/raidgimmick/raidgimmickmonster/raidgimmickmonstermanager,director,instance,2,1,0,0,1,0,0,RaidGimmickMonsterManager:RaidGimmickMonsterBaseClass,,
decomp_more_20260617,director/raidgimmick/raidgimmickmonster/raidgimmickmonsterrepop,director,instance,2,1,0,0,1,0,0,RaidGimmickMonsterRepop:RaidGimmickMonsterBaseClass,,
decomp_more_20260617,director/raidgimmick/raidgimmickmonster/raidgimmickmonstersynchro,director,instance,2,1,0,0,1,0,0,RaidGimmickMonsterSynchro:RaidGimmickMonsterBaseClass,,
decomp_more_20260617,director/raidgimmick/raidgimmickmonster/raidgimmickmonstertime,director,instance,2,1,0,0,1,0,0,RaidGimmickMonsterTime:RaidGimmickMonsterBaseClass,,
decomp_more_20260617,director/raidgimmick/raidgimmickmonster/raidgimmickmonsterwatch,director,instance,2,1,0,0,1,0,0,RaidGimmickMonsterWatch:RaidGimmickMonsterBaseClass,,
decomp_more_20260617,director/raidgimmick/raidgimmickobstacle,director,instance,2,1,0,0,1,0,0,RaidGimmickObstacle:RaidGimmickBaseClass,,
decomp_more_20260617,director/raidgimmick/raidgimmickpop,director,instance,2,1,0,0,1,0,0,RaidGimmickPop:RaidGimmickBaseClass,,
decomp_more_20260617,director/retaineraccessdirector,director,retainer,5,1,1,0,1,0,0,RetainerAccessDirector:DirectorBaseClass,,
decomp_more_20260617,gamedata/cutscene,gamedata,cutscene,29,0,2,2,1,0,1,,,work.actorclassSheet:_delete:1
decomp_more_20260617,gamedata/cutscene_common,gamedata,cutscene,912,0,0,0,0,0,49,,,desktopWidget:openCutSceneEffectWidget:15;desktopWidget:closeCutSceneEffectWidget:15;desktopWidget:getStaticWidget:3;desktopWidget:askForEventMode:2;worldMaster:_getMyPlayer:2;desktopWidget:hideCutSceneSkip:2;work.actorclassSheet:_loadKeySemipermanently:1;work.actorclassSheet:_unloadKey:1;desktopWidget:showLog:1;desktopWidget:hideCaption:1;desktopWidget:closeMapForCutScene:1;work.actorclassSheet:_getData:1;desktopWidget:showCutSceneSkip:1;A0_52:_play:1;A0_52:_replay:1
decomp_more_20260617,gamedata/cutscene_u,gamedata,cutscene,38,0,0,0,0,0,0,,,
decomp_more_20260617,group/communitygroup/retainergroup,group,retainer;group,200,1,11,4,1,0,26,RetainerGroup:CommunityGroupBaseClass,,A0_28:getMemberWorkCoordinateId:3;A0_0:_getProperty:2;A0_20:getMemberWorkEmploymentState:2;A0_2:_isExistInWorldMember:1;A0_2:_isExistInClientMember:1;A0_2:_getMember:1;desktopWidget:processUpdateGroupInformation:1;worldMaster:_getMyPlayer:1;A0_5:_callSuperClassFunc:1;A0_7:_callSuperClassFunc:1;A0_10:_isExistInWorldMember:1;A0_10:_isExistInClientMember:1;A0_10:_getMember:1;L3_13:getDepictionJudge:1;A0_20:_countMember:1
decomp_more_20260617,group/contentgroup/retaineraccessgroup,group,retainer;group,2,1,0,0,1,0,0,RetainerAccessGroup:ContentGroupBaseClass,,
decomp_more_20260617,group/relationgroup/occupancyplayersrelationgroup,group,instance;group,2,1,0,0,1,0,0,OccupancyPlayersRelationGroup:RelationGroupBaseClass,,
decomp_more_20260617,group/relationgroup/retainermeetingrelationgroup,group,retainer;group,2,1,0,0,1,0,0,RetainerMeetingRelationGroup:RelationGroupBaseClass,,
decomp_more_20260617,judge/instanceraidguidejudge,judge,instance;judge,4,1,1,1,0,0,0,InstanceRaidGuideJudge:JudgeBaseClass,,
decomp_more_20260617,judge/preface/cutsceneoncebeaconprefacejudge,judge,cutscene;judge,10,1,1,1,1,0,6,CutSceneOnceBeaconPrefaceJudge:MusicChangePrefaceBaseClass,,worldMaster:_getMyPlayer:4;worldMaster:createCutScene:2
decomp_more_20260617,quest/passiveguildleve/craft/pgaeth,quest,quest;item,5,1,1,0,1,1,1,PgAeth:PassiveGuildleveBaseClass,323:pgAeth,A0_0:_loadTextDataPermanently:1
decomp_more_20260617,quest/passiveguildleve/craft/pgconv,quest,quest;item,5,1,1,0,1,1,1,PgConv:PassiveGuildleveBaseClass,327:pgConv,A0_0:_loadTextDataPermanently:1
decomp_more_20260617,quest/passiveguildleve/craft/pghaml,quest,quest;item,5,1,1,0,1,0,0,PgHaml:PassiveGuildleveBaseClass,,
decomp_more_20260617,quest/passiveguildleve/harvest/pgacce,quest,quest,2,1,0,0,1,0,0,PgAcce:PassiveGuildleveBaseClass,,
decomp_more_20260617,quest/passiveguildleve/harvest/pgharvestpointencounter,quest,quest,2,1,0,0,1,0,0,PgHarvestPointEncounter:PassiveGuildleveBaseClass,,
decomp_more_20260617,quest/passiveguildleve/passiveguildlevebaseclass,quest,quest,20,1,4,1,1,0,8,PassiveGuildleveBaseClass:QuestBaseClass,,A1_12:_waitForFading:2;A2_2:startCliantTalkTurn:1;A2_5:_runCharaScheduler:1;A2_5:say:1;A2_10:finishCliantTalkTurn:1;A1_12:_fadeOut:1;A1_12:_fadeIn:1
decomp_more_20260617,quest/questbaseclass,quest,quest,279,0,13,8,1,0,13,,,A0_0:_getStaticActorID:1;questSheet:_getData:1;questSheet:_loadKeySemipermanently:1;A0_3:initText:1;worldMaster:_loadWord:1;questSheet:_unloadKey:1;worldMaster:_unloadWord:1;A0_20:onJobQuestCompleteFirst:1;A0_22:onJobQuestCompleteSecond:1;L13_37:_runCharaScheduler:1;desktopWidget:openQuestRewardWidget:1;A0_24:onJobQuestCompleteThird:1;A0_44:getSnpcSexualityToSkin:1
decomp_more_20260617,quest/questbaseclass_common,quest,quest,736,0,0,0,0,0,108,,,A0_212:getQuestId:14;A0_220:getQuestId:14;A0_221:getQuestId:14;worldMaster:createCutScene:4;worldMaster:_getPendingCutSceneActor:3;A0_117:startFadeOutCutSceneDefault:3;desktopWidget:askEventModeWidgetYield:3;A0_2:getQuestId:2;math:_randomInteger:2;A0_191:_wait:2;A0_21:startNQCutScene:1;A0_40:startHQCutScene:1;A1_55:_fadeOut:1;A1_55:_waitForFading:1;A1_58:_waitForMapLoaded:1
decomp_more_20260617,quest/questtest,quest,quest,9,1,1,1,1,0,0,QuestTest:QuestBaseClass,,
decomp_more_20260617,quest/scenario/acn/acn200,quest,quest,5,1,1,0,1,1,1,Acn200:ScenarioBaseClass,151:acn200,A0_0:_loadTextDataPermanently:1
decomp_more_20260617,quest/scenario/acn/acn300,quest,quest,5,1,1,0,1,1,1,Acn300:ScenarioBaseClass,155:acn300,A0_0:_loadTextDataPermanently:1
decomp_more_20260617,quest/scenario/acn/acn306,quest,quest,5,1,1,0,1,1,1,Acn306:ScenarioBaseClass,159:acn306,A0_0:_loadTextDataPermanently:1
decomp_more_20260617,quest/scenario/acn/acn400,quest,quest,5,1,1,0,1,1,1,Acn400:ScenarioBaseClass,163:acn400,A0_0:_loadTextDataPermanently:1
decomp_more_20260617,quest/scenario/acn/acn500,quest,quest,5,1,1,0,1,1,1,Acn500:ScenarioBaseClass,221:acn500,A0_0:_loadTextDataPermanently:1
decomp_more_20260617,quest/scenario/acn/acn506,quest,quest,5,1,1,0,1,1,1,Acn506:ScenarioBaseClass,225:acn506,A0_0:_loadTextDataPermanently:1
decomp_more_20260617,quest/scenario/alc/alc200,quest,quest,150,1,19,18,1,1,76,Alc200:ScenarioBaseClass,335:alc200,A2_10:say:4;A2_23:say:3;A2_7:say:2;A2_26:say:2;A2_29:say:2;A2_32:say:2;A2_35:say:2;A2_38:say:2;A2_41:say:2;A2_44:say:2;A2_47:say:2;A2_50:ask:2;A2_53:say:2;A2_58:say:2;A2_61:say:2
decomp_more_20260617,quest/scenario/alc/alc300,quest,quest,235,1,37,36,1,1,153,Alc300:ScenarioBaseClass,1383:alc300,A2_9:say:7;A2_12:say:7;A2_87:say:5;A2_3:say:4;A2_81:say:4;A2_60:say:3;A0_1:showQuestInfomation:2;A2_15:say:2;A2_21:say:2;A2_27:say:2;A2_30:say:2;A2_33:say:2;A2_36:say:2;A2_63:say:2;A2_66:say:2
decomp_more_20260617,quest/scenario/alc/alc306,quest,quest,155,1,29,28,1,1,91,Alc306:ScenarioBaseClass,1396:alc306,A2_3:say:5;A2_84:say:3;A0_1:showQuestInfomation:2;worldMaster:ask:2;A2_12:say:2;A0_19:startNQCutScene:2;A2_27:say:2;A2_30:say:2;A2_33:say:2;A2_36:say:2;A2_75:say:2;A2_78:say:2;A2_81:say:2;A0_0:_loadTextDataPermanently:1;A2_3:startCliantTalkTurn:1
decomp_more_20260617,quest/scenario/alc/alc400,quest,quest,5,1,1,0,1,1,1,Alc400:ScenarioBaseClass,1409:alc400,A0_0:_loadTextDataPermanently:1
decomp_more_20260617,quest/scenario/alc/alc500,quest,quest,5,1,1,0,1,1,1,Alc500:ScenarioBaseClass,1422:alc500,A0_0:_loadTextDataPermanently:1
decomp_more_20260617,quest/scenario/alc/alc506,quest,quest,5,1,1,0,1,1,1,Alc506:ScenarioBaseClass,1435:alc506,A0_0:_loadTextDataPermanently:1
decomp_more_20260617,quest/scenario/arc/arc200,quest,quest,157,1,24,23,1,1,98,Arc200:ScenarioBaseClass,347:arc200,A2_3:say:9;A2_19:say:7;A0_1:showQuestInfomation:2;A2_3:finishCliantTalkTurn:2;A2_22:say:2;A2_28:say:2;A2_31:say:2;A2_34:say:2;A2_43:say:2;A2_52:say:2;A2_55:say:2;A2_67:say:2;A2_70:say:2;A0_0:_loadTextDataPermanently:1;A2_3:startCliantTalkTurn:1
decomp_more_20260617,quest/scenario/arc/arc300,quest,quest,214,1,35,34,1,1,137,Arc300:ScenarioBaseClass,351:arc300,A2_3:say:7;A2_6:say:3;A2_75:say:3;A0_1:showQuestInfomation:2;A2_18:say:2;A2_21:say:2;A2_30:say:2;worldMaster:ask:2;A2_36:say:2;A2_42:say:2;A2_45:say:2;A2_51:say:2;A2_54:say:2;A2_57:say:2;A2_81:say:2
decomp_more_20260617,quest/scenario/arc/arc306,quest,quest,131,1,22,21,1,1,83,Arc306:ScenarioBaseClass,355:arc306,A2_3:say:8;A0_1:showQuestInfomation:2;A2_21:say:2;A2_27:say:2;A2_30:say:2;A2_36:say:2;A2_39:say:2;A2_42:say:2;A2_48:say:2;A2_51:say:2;A2_54:say:2;A2_60:say:2;A0_0:_loadTextDataPermanently:1;A2_3:startCliantTalkTurn:1;A2_3:finishCliantTalkTurn:1
decomp_more_20260617,quest/scenario/arc/arc400,quest,quest,5,1,1,0,1,1,1,Arc400:ScenarioBaseClass,359:arc400,A0_0:_loadTextDataPermanently:1
decomp_more_20260617,quest/scenario/arc/arc500,quest,quest,5,1,1,0,1,1,1,Arc500:ScenarioBaseClass,363:arc500,A0_0:_loadTextDataPermanently:1
decomp_more_20260617,quest/scenario/arc/arc506,quest,quest,5,1,1,0,1,1,1,Arc506:ScenarioBaseClass,367:arc506,A0_0:_loadTextDataPermanently:1
decomp_more_20260617,quest/scenario/blm/blm0j1,quest,quest,151,1,19,18,1,1,104,Blm0j1:ScenarioBaseClass,8612:blm0j1,A2_3:say:18;A2_3:_runCharaScheduler:12;worldMaster:say:5;A2_7:say:3;A0_41:_wait:3;worldMaster:askRestrictChoices:2;A2_3:finishCliantTalkTurn:2;A0_1:showQuestInfomation:2;A2_7:_runCharaScheduler:2;A2_47:say:2;A0_0:_loadTextDataPermanently:1;A2_3:startCliantTalkTurn:1;A2_7:startCliantTalkTurn:1;A2_7:finishCliantTalkTurn:1;A2_10:startCliantTalkTurn:1
decomp_more_20260617,quest/scenario/blm/blm0j2,quest,quest,84,1,12,8,1,1,56,Blm0j2:ScenarioBaseClass,8628:blm0j2,A2_6:say:12;A2_6:_runCharaScheduler:6;worldMaster:say:3;A2_9:say:3;A2_6:startCliantTalkTurn:2;A2_6:finishCliantTalkTurn:2;A0_4:_wait:2;A0_4:showQuestInfomation:2;A2_9:_runCharaScheduler:2;A0_0:_loadTextDataPermanently:1;A2_3:startCliantTalkTurn:1;A2_3:_runCharaScheduler:1;A2_3:say:1;A2_3:finishCliantTalkTurn:1;A2_9:startCliantTalkTurn:1
decomp_more_20260617,quest/scenario/blm/blm0j3,quest,quest,148,1,16,15,1,1,112,Blm0j3:ScenarioBaseClass,8644:blm0j3,A2_6:say:15;A2_31:say:9;A2_6:_runCharaScheduler:8;A2_18:say:7;A2_22:say:4;worldMaster:say:3;A0_4:_wait:3;A2_9:say:3;A2_18:_runCharaScheduler:3;A2_31:_runCharaScheduler:3;A2_6:startCliantTalkTurn:2;A2_6:finishCliantTalkTurn:2;A0_4:showQuestInfomation:2;A2_9:_runCharaScheduler:2;A2_31:startCliantTalkTurn:2
decomp_more_20260617,quest/scenario/blm/blm0j4,quest,quest,99,1,13,10,1,1,67,Blm0j4:ScenarioBaseClass,8660:blm0j4,A2_6:say:19;A2_6:_runCharaScheduler:6;worldMaster:say:5;A2_12:say:4;A0_4:showQuestInfomation:2;A2_12:_runCharaScheduler:2;A2_18:say:2;A2_21:say:2;A0_0:_loadTextDataPermanently:1;A2_3:startCliantTalkTurn:1;A2_3:_runCharaScheduler:1;A2_3:say:1;A2_3:finishCliantTalkTurn:1;A2_6:startCliantTalkTurn:1;A2_6:ask:1
decomp_more_20260617,quest/scenario/blm/blm0j5,quest,quest,74,1,9,8,1,1,52,Blm0j5:ScenarioBaseClass,8676:blm0j5,A2_3:say:20;A2_3:_runCharaScheduler:9;A2_6:say:3;A0_1:showQuestInfomation:2;A2_9:say:2;worldMaster:say:2;A0_0:_loadTextDataPermanently:1;A2_3:startCliantTalkTurn:1;A0_1:_wait:1;A2_3:finishCliantTalkTurn:1;A2_6:startCliantTalkTurn:1;A2_6:_runCharaScheduler:1;A2_6:finishCliantTalkTurn:1;A2_9:_runCharaScheduler:1;A2_12:_runCharaScheduler:1
decomp_more_20260617,quest/scenario/blm/blm0j6,quest,quest,211,1,24,23,1,1,156,Blm0j6:ScenarioBaseClass,8692:blm0j6,A2_39:say:13;A2_6:say:9;A2_18:say:9;A2_27:say:8;A2_39:_runCharaScheduler:6;A2_18:_runCharaScheduler:4;A2_42:say:4;worldMaster:say:3;A2_6:_runCharaScheduler:3;A0_4:showQuestInfomation:3;A2_27:_runCharaScheduler:3;A2_51:say:3;A0_62:_wait:3;A2_3:say:2;A2_6:finishCliantTalkTurn:2
decomp_more_20260617,quest/scenario/blm/blm0j7,quest,quest,5,1,1,0,1,0,0,Blm0j7:ScenarioBaseClass,,
decomp_more_20260617,quest/scenario/blm/blm0j8,quest,quest,5,1,1,0,1,0,0,Blm0j8:ScenarioBaseClass,,
decomp_more_20260617,quest/scenario/blm/blm0j9,quest,quest,5,1,1,0,1,0,0,Blm0j9:ScenarioBaseClass,,
decomp_more_20260617,quest/scenario/blm/blm1j0,quest,quest,5,1,1,0,1,0,0,Blm1j0:ScenarioBaseClass,,
decomp_more_20260617,quest/scenario/brd/brd0j1,quest,quest,164,1,12,11,1,1,133,Brd0j1:ScenarioBaseClass,8292:brd0j1,A2_3:say:16;A2_22:say:15;A2_10:say:13;A2_16:say:13;A2_10:_runCharaScheduler:8;A2_22:_runCharaScheduler:7;A2_16:_runCharaScheduler:6;A2_3:_runCharaScheduler:5;A0_8:_wait:4;worldMaster:say:4;A1_9:_runCharaScheduler:3;A0_20:_wait:3;A1_21:_runCharaScheduler:3;A0_23:_wait:3;A0_1:showQuestInfomation:2
decomp_more_20260617,quest/scenario/brd/brd0j2,quest,quest,95,1,9,5,1,1,73,Brd0j2:ScenarioBaseClass,8308:brd0j2,A2_3:say:23;A2_3:_runCharaScheduler:13;A0_1:_wait:9;A1_2:_runCharaScheduler:5;worldMaster:say:3;A0_1:showQuestInfomation:2;A0_0:_loadTextDataPermanently:1;A2_3:startCliantTalkTurn:1;A2_3:finishCliantTalkTurn:1;A2_6:startCliantTalkTurn:1;A2_6:_runCharaScheduler:1;A0_4:_wait:1;A1_5:_runCharaScheduler:1;A2_6:say:1;A2_6:finishCliantTalkTurn:1
decomp_more_20260617,quest/scenario/brd/brd0j3,quest,quest,85,1,9,5,1,1,63,Brd0j3:ScenarioBaseClass,8324:brd0j3,A2_3:say:20;A2_3:_runCharaScheduler:9;A0_1:_wait:8;A1_2:_runCharaScheduler:4;worldMaster:say:3;A0_1:showQuestInfomation:2;A2_9:say:2;A0_0:_loadTextDataPermanently:1;A2_3:startCliantTalkTurn:1;A2_3:finishCliantTalkTurn:1;A2_6:startCliantTalkTurn:1;A2_6:_runCharaScheduler:1;A0_4:_wait:1;A1_5:_runCharaScheduler:1;A2_6:say:1
decomp_more_20260617,quest/scenario/brd/brd0j4,quest,quest,102,1,11,10,1,1,73,Brd0j4:ScenarioBaseClass,8340:brd0j4,A2_6:say:13;A2_6:_runCharaScheduler:7;A0_4:_wait:7;worldMaster:say:4;A2_6:finishCliantTalkTurn:3;A1_5:_runCharaScheduler:3;A0_4:showQuestInfomation:3;A2_3:say:2;A2_6:startCliantTalkTurn:2;A2_6:_waitForCharaSchedulerFinished:2;A2_9:say:2;desktopWidget:openPublicInformLongDialogWidget:2;A0_20:_wait:2;A0_23:_wait:2;A0_0:_loadTextDataPermanently:1
decomp_more_20260617,quest/scenario/brd/brd0j5,quest,quest,82,1,6,5,1,1,66,Brd0j5:ScenarioBaseClass,8356:brd0j5,A2_3:say:21;A2_3:_runCharaScheduler:10;A0_1:_wait:10;A2_6:say:4;A1_2:_runCharaScheduler:3;A2_3:startCliantTalkTurn:2;A2_3:finishCliantTalkTurn:2;A0_1:showQuestInfomation:2;worldMaster:say:2;A0_0:_loadTextDataPermanently:1;A0_1:startFadeOut:1;A0_1:startFadeIn:1;A2_6:startCliantTalkTurn:1;A2_6:_runCharaScheduler:1;A0_4:_wait:1
decomp_more_20260617,quest/scenario/brd/brd0j6,quest,quest,111,1,9,8,1,1,89,Brd0j6:ScenarioBaseClass,8372:brd0j6,A2_6:say:27;A2_6:_runCharaScheduler:13;A0_4:_wait:8;A1_5:_runCharaScheduler:5;worldMaster:say:3;A0_16:_wait:3;A2_3:say:2;A0_4:showQuestInfomation:2;A0_0:_loadTextDataPermanently:1;A2_3:startCliantTalkTurn:1;A2_3:_runCharaScheduler:1;A0_1:_wait:1;A1_2:_runCharaScheduler:1;A2_3:finishCliantTalkTurn:1;A2_6:startCliantTalkTurn:1
decomp_more_20260617,quest/scenario/brd/brd0j7,quest,quest,5,1,1,0,1,0,0,Brd0j7:ScenarioBaseClass,,
decomp_more_20260617,quest/scenario/brd/brd0j8,quest,quest,5,1,1,0,1,0,0,Brd0j8:ScenarioBaseClass,,
decomp_more_20260617,quest/scenario/brd/brd0j9,quest,quest,5,1,1,0,1,0,0,Brd0j9:ScenarioBaseClass,,
decomp_more_20260617,quest/scenario/brd/brd1j0,quest,quest,5,1,1,0,1,0,0,Brd1j0:ScenarioBaseClass,,
decomp_more_20260617,quest/scenario/bsm/bsm200,quest,quest,257,1,42,41,1,1,151,Bsm200:ScenarioBaseClass,102:bsm200,A2_8:say:7;A2_3:say:5;A2_73:say:3;A2_82:say:3;A2_8:ask:2;A2_18:say:2;A2_28:say:2;A2_31:say:2;A2_34:say:2;A2_37:say:2;A2_40:say:2;A2_43:say:2;A2_46:say:2;A2_53:say:2;A2_60:say:2
decomp_more_20260617,quest/scenario/bsm/bsm300,quest,quest,485,1,82,81,1,1,298,Bsm300:ScenarioBaseClass,229:bsm300,A2_38:say:6;A2_38:ask:6;A2_16:say:5;A2_3:say:4;A2_7:say:4;A2_10:say:4;A2_13:say:4;A0_36:_wait:4;A2_23:say:3;A2_29:say:3;A1_37:_runCharaScheduler:3;A0_1:showQuestInfomation:2;A2_20:say:2;A2_23:startCliantTalkTurn:2;A2_41:say:2
decomp_more_20260617,quest/scenario/bsm/bsm306,quest,quest,396,1,54,35,1,1,196,Bsm306:ScenarioBaseClass,249:bsm306,worldMaster:say:33;A2_3:say:5;A2_6:say:4;A2_41:say:3;A0_1:showQuestInfomation:2;A2_10:say:2;A2_14:say:2;A2_18:say:2;A2_21:say:2;A2_50:say:2;A2_53:say:2;A2_56:say:2;A2_59:say:2;A2_62:say:2;A2_65:say:2
decomp_more_20260617,quest/scenario/bsm/bsm400,quest,quest,181,1,35,34,1,1,107,Bsm400:ScenarioBaseClass,233:bsm400,A2_3:ask:2;A2_3:say:2;A2_24:say:2;A0_0:_loadTextDataPermanently:1;A2_3:startCliantTalkTurn:1;A2_3:finishCliantTalkTurn:1;A0_4:startFadeOutCutSceneDefault:1;A0_4:startNQCutScene:1;A0_4:startFadeInCutSceneAfterWarp:1;A0_7:startFadeOutCutSceneDefault:1;A0_7:startNQCutScene:1;A0_7:startFadeInCutSceneAfterWarp:1;A0_10:startFadeOutCutSceneDefault:1;A0_10:startNQCutScene:1;A0_10:startFadeInCutSceneAfterWarp:1
decomp_more_20260617,quest/scenario/bsm/bsm500,quest,quest,5,1,1,0,1,1,1,Bsm500:ScenarioBaseClass,237:bsm500,A0_0:_loadTextDataPermanently:1
decomp_more_20260617,quest/scenario/bsm/bsm506,quest,quest,5,1,1,0,1,1,1,Bsm506:ScenarioBaseClass,241:bsm506,A0_0:_loadTextDataPermanently:1
decomp_more_20260617,quest/scenario/cnj/cnj200,quest,quest,219,1,33,32,1,1,144,Cnj200:ScenarioBaseClass,479:cnj200,A2_36:say:7;A2_96:say:5;A2_3:say:4;A2_18:say:3;A2_39:say:3;A2_78:say:3;A2_87:say:3;A2_6:say:2;A2_12:say:2;A2_15:say:2;A2_21:say:2;A2_24:say:2;A2_27:say:2;A2_30:say:2;A2_33:say:2
decomp_more_20260617,quest/scenario/cnj/cnj300,quest,quest,278,1,45,44,1,1,179,Cnj300:ScenarioBaseClass,483:cnj300,A2_3:say:8;A2_18:say:4;A2_30:say:3;A2_42:say:3;A2_66:say:3;A2_84:say:3;A0_1:showQuestInfomation:2;A2_6:say:2;A2_12:say:2;A2_15:say:2;A2_21:say:2;A2_24:say:2;A2_27:say:2;A2_33:say:2;A2_39:say:2
decomp_more_20260617,quest/scenario/cnj/cnj306,quest,quest,241,1,39,38,1,1,152,Cnj306:ScenarioBaseClass,487:cnj306,A2_3:say:6;A2_18:say:3;A2_42:say:3;A2_54:say:3;A0_1:showQuestInfomation:2;A2_6:say:2;A2_12:say:2;A2_15:say:2;A2_21:say:2;A2_24:say:2;A2_27:say:2;A2_30:say:2;A2_33:say:2;A2_36:say:2;A2_45:say:2
decomp_more_20260617,quest/scenario/cnj/cnj400,quest,quest,5,1,1,0,1,1,1,Cnj400:ScenarioBaseClass,491:cnj400,A0_0:_loadTextDataPermanently:1
decomp_more_20260617,quest/scenario/cnj/cnj500,quest,quest,5,1,1,0,1,1,1,Cnj500:ScenarioBaseClass,495:cnj500,A0_0:_loadTextDataPermanently:1
decomp_more_20260617,quest/scenario/cnj/cnj506,quest,quest,5,1,1,0,1,1,1,Cnj506:ScenarioBaseClass,499:cnj506,A0_0:_loadTextDataPermanently:1
decomp_more_20260617,quest/scenario/com/com0g1,quest,quest,118,1,10,9,1,1,83,Com0g1:ScenarioBaseClass,5952:com0g1,A2_3:say:12;A2_9:say:10;A2_23:say:6;A2_3:_runCharaScheduler:3;A0_1:showQuestInfomation:3;A2_9:_runCharaScheduler:3;A2_12:say:3;A2_23:_runCharaScheduler:3;A2_29:say:3;A2_3:finishCliantTalkTurn:2;A0_21:_wait:2;A0_0:_loadTextDataPermanently:1;A2_3:startCliantTalkTurn:1;A2_6:startCliantTalkTurn:1;A2_6:_runCharaScheduler:1
decomp_more_20260617,quest/scenario/com/com0g2,quest,quest,44,1,3,2,1,1,34,Com0g2:ScenarioBaseClass,5968:com0g2,A2_3:say:16;A0_1:_wait:3;A2_3:_runCharaScheduler:2;A2_3:ask:2;desktopWidget:setGrandCompanyStatusWidgetPoint:2;A0_4:_wait:2;A0_0:_loadTextDataPermanently:1;A2_3:startCliantTalkTurn:1;desktopWidget:openPublicEffectWidget:1;desktopWidget:openGrandCompanyStatusWidgetYield:1;worldMaster:say:1;A2_3:finishCliantTalkTurn:1;desktopWidget:closeGrandCompanyStatusWidget:1
decomp_more_20260617,quest/scenario/com/com0g3,quest,quest,32,1,2,1,1,1,24,Com0g3:ScenarioBaseClass,5984:com0g3,A2_3:say:11;A2_3:_runCharaScheduler:5;A2_3:ask:3;A2_3:finishCliantTalkTurn:2;A0_0:_loadTextDataPermanently:1;A2_3:startCliantTalkTurn:1;A0_1:_wait:1
decomp_more_20260617,quest/scenario/com/com0g4,quest,quest,168,1,8,7,1,1,94,Com0g4:ScenarioBaseClass,6000:com0g4,A2_19:say:11;A2_3:say:8;A2_11:say:8;A2_25:say:5;A2_3:_runCharaScheduler:4;A2_11:_runCharaScheduler:4;A2_19:_runCharaScheduler:4;A0_1:showQuestInfomation:3;A2_7:say:3;A0_9:_wait:3;A0_17:_wait:3;A2_3:finishCliantTalkTurn:2;A2_7:_runCharaScheduler:2;A2_15:say:2;A1_18:_runCharaScheduler:2
decomp_more_20260617,quest/scenario/com/com0g5,quest,quest,187,1,15,13,1,1,136,Com0g5:ScenarioBaseClass,6016:com0g5,A2_43:say:21;A2_15:say:13;A2_43:_runCharaScheduler:9;A2_6:say:7;A2_39:say:7;A2_3:say:5;A2_6:_runCharaScheduler:5;A2_15:_runCharaScheduler:5;A2_39:_runCharaScheduler:3;A0_4:_wait:2;A0_4:showQuestInfomation:2;A2_6:finishCliantTalkTurn:2;worldMaster:say:2;A2_24:say:2;A2_27:say:2
decomp_more_20260617,quest/scenario/com/com0g6,quest,quest,256,1,20,19,1,1,153,Com0g6:ScenarioBaseClass,6032:com0g6,A2_58:say:21;A2_6:say:13;A2_12:say:12;A2_3:say:5;A2_6:_runCharaScheduler:5;A2_12:_runCharaScheduler:5;A2_58:_runCharaScheduler:5;A2_3:_runCharaScheduler:3;A0_4:showQuestInfomation:3;A0_4:_wait:2;A2_6:finishCliantTalkTurn:2;A2_9:say:2;A2_17:say:2;A2_20:_runCharaScheduler:2;A2_20:say:2
decomp_more_20260617,quest/scenario/com/com0g7,quest,quest,101,1,3,2,1,1,69,Com0g7:ScenarioBaseClass,6048:com0g7,A2_3:say:29;A2_3:_runCharaScheduler:13;worldMaster:say:4;A0_1:_wait:4;desktopWidget:closeGrandCompanyStatusWidget:3;desktopWidget:openGrandCompanyStatusWidgetYield:2;desktopWidget:askEventModeWidgetYield:2;A2_3:finishCliantTalkTurn:2;A0_6:_wait:2;A0_0:_loadTextDataPermanently:1;A2_3:startCliantTalkTurn:1;A2_3:ask:1;desktopWidget:openGrandCompanyJoinEffectWidget:1;desktopWidget:setGrandCompanyStatusWidgetJoinStatus:1;A2_3:_waitForCharaSchedulerFinished:1
decomp_more_20260617,quest/scenario/com/com0g8,quest,quest,5,1,1,0,1,0,0,Com0g8:ScenarioBaseClass,,
decomp_more_20260617,quest/scenario/com/com0g9,quest,quest,5,1,1,0,1,0,0,Com0g9:ScenarioBaseClass,,
decomp_more_20260617,quest/scenario/com/com0l1,quest,quest,110,1,10,9,1,1,82,Com0l1:ScenarioBaseClass,6096:com0l1,A2_9:say:11;A2_3:say:10;A2_9:_runCharaScheduler:8;A2_19:say:5;A2_3:_runCharaScheduler:4;A2_19:_runCharaScheduler:3;A2_25:say:3;A0_1:showQuestInfomation:2;A2_12:say:2;A2_25:_runCharaScheduler:2;A0_0:_loadTextDataPermanently:1;A2_3:startCliantTalkTurn:1;A2_3:finishCliantTalkTurn:1;A2_6:startCliantTalkTurn:1;A2_6:say:1
decomp_more_20260617,quest/scenario/com/com0l2,quest,quest,50,1,3,2,1,1,39,Com0l2:ScenarioBaseClass,6112:com0l2,A2_3:say:17;A2_3:_runCharaScheduler:6;A0_1:_wait:3;A2_3:ask:2;desktopWidget:setGrandCompanyStatusWidgetPoint:2;A0_6:_wait:2;A0_0:_loadTextDataPermanently:1;A2_3:startCliantTalkTurn:1;desktopWidget:openPublicEffectWidget:1;desktopWidget:openGrandCompanyStatusWidgetYield:1;worldMaster:say:1;A2_3:finishCliantTalkTurn:1;desktopWidget:closeGrandCompanyStatusWidget:1
decomp_more_20260617,quest/scenario/com/com0l3,quest,quest,35,1,2,1,1,1,27,Com0l3:ScenarioBaseClass,6128:com0l3,A2_3:say:11;A2_3:_runCharaScheduler:8;A2_3:ask:3;A2_3:finishCliantTalkTurn:2;A0_0:_loadTextDataPermanently:1;A2_3:startCliantTalkTurn:1;A0_1:_wait:1
decomp_more_20260617,quest/scenario/com/com0l4,quest,quest,174,1,11,10,1,1,99,Com0l4:ScenarioBaseClass,6144:com0l4,A2_3:say:10;A2_13:say:7;A2_38:say:5;A2_3:_runCharaScheduler:4;A2_22:say:4;A2_25:say:4;A2_8:say:3;A2_13:_runCharaScheduler:3;A0_11:_wait:3;A2_17:say:3;A0_1:showQuestInfomation:2;A2_22:startCliantTalkTurn:2;A2_22:_runCharaScheduler:2;A0_20:startFadeOut:2;A0_20:_wait:2
decomp_more_20260617,quest/scenario/com/com0l5,quest,quest,174,1,17,16,1,1,128,Com0l5:ScenarioBaseClass,6160:com0l5,A2_40:say:15;A2_12:say:9;A2_18:say:8;A2_6:say:7;A2_40:_runCharaScheduler:6;A2_3:say:5;A2_12:_runCharaScheduler:4;A2_6:_runCharaScheduler:3;A2_3:_runCharaScheduler:2;A0_4:showQuestInfomation:2;A2_18:_runCharaScheduler:2;A2_37:say:2;A2_44:say:2;A2_44:ask:2;A0_42:startNQCutScene:2
decomp_more_20260617,quest/scenario/com/com0l6,quest,quest,248,1,20,19,1,1,171,Com0l6:ScenarioBaseClass,6176:com0l6,A2_53:say:29;A2_3:say:20;A2_53:_runCharaScheduler:15;A2_3:_runCharaScheduler:9;A2_7:say:5;A2_25:say:5;A0_51:_wait:4;A2_3:startCliantTalkTurn:2;A0_1:_wait:2;A0_1:showQuestInfomation:2;A2_7:_runCharaScheduler:2;A2_10:say:2;A2_13:say:2;A2_25:_runCharaScheduler:2;A2_32:say:2
decomp_more_20260617,quest/scenario/com/com0l7,quest,quest,99,1,3,2,1,1,67,Com0l7:ScenarioBaseClass,6192:com0l7,A2_3:say:27;A2_3:_runCharaScheduler:13;worldMaster:say:4;A0_1:_wait:4;desktopWidget:closeGrandCompanyStatusWidget:3;desktopWidget:openGrandCompanyStatusWidgetYield:2;desktopWidget:askEventModeWidgetYield:2;A2_3:finishCliantTalkTurn:2;A0_6:_wait:2;A0_0:_loadTextDataPermanently:1;A2_3:startCliantTalkTurn:1;A2_3:ask:1;desktopWidget:openGrandCompanyJoinEffectWidget:1;desktopWidget:setGrandCompanyStatusWidgetJoinStatus:1;A2_3:_waitForCharaSchedulerFinished:1
decomp_more_20260617,quest/scenario/com/com0l8,quest,quest,5,1,1,0,1,0,0,Com0l8:ScenarioBaseClass,,
decomp_more_20260617,quest/scenario/com/com0l9,quest,quest,5,1,1,0,1,0,0,Com0l9:ScenarioBaseClass,,
decomp_more_20260617,quest/scenario/com/com0u1,quest,quest,109,1,10,9,1,1,82,Com0u1:ScenarioBaseClass,6240:com0u1,A2_3:say:9;A2_9:say:8;A2_23:say:6;A2_3:_runCharaScheduler:4;A2_9:_runCharaScheduler:3;A0_21:_wait:3;A2_29:say:3;A0_1:showQuestInfomation:2;A2_6:say:2;A2_12:say:2;A2_23:startCliantTalkTurn:2;A0_21:startFadeOut:2;A0_21:startFadeIn:2;A2_23:_runCharaScheduler:2;A2_29:_runCharaScheduler:2
decomp_more_20260617,quest/scenario/com/com0u2,quest,quest,51,1,3,2,1,1,40,Com0u2:ScenarioBaseClass,6256:com0u2,A2_3:say:16;A2_3:_runCharaScheduler:7;A0_1:_wait:5;A2_3:ask:2;desktopWidget:setGrandCompanyStatusWidgetPoint:2;A0_0:_loadTextDataPermanently:1;A2_3:startCliantTalkTurn:1;desktopWidget:openPublicEffectWidget:1;desktopWidget:openGrandCompanyStatusWidgetYield:1;worldMaster:say:1;A2_3:finishCliantTalkTurn:1;A0_4:_wait:1;desktopWidget:closeGrandCompanyStatusWidget:1
decomp_more_20260617,quest/scenario/com/com0u3,quest,quest,30,1,2,1,1,1,22,Com0u3:ScenarioBaseClass,6272:com0u3,A2_3:say:11;A2_3:_runCharaScheduler:5;A2_3:ask:2;A0_0:_loadTextDataPermanently:1;A2_3:startCliantTalkTurn:1;A0_1:_wait:1;A2_3:finishCliantTalkTurn:1
decomp_more_20260617,quest/scenario/com/com0u4,quest,quest,121,1,12,11,1,1,90,Com0u4:ScenarioBaseClass,6288:com0u4,A2_9:say:9;A2_3:say:7;A2_33:say:6;A2_15:say:4;A2_21:say:4;A2_3:_runCharaScheduler:3;A2_6:say:3;A2_9:_runCharaScheduler:3;A2_33:_runCharaScheduler:3;A0_1:_wait:2;A0_1:showQuestInfomation:2;A2_15:_runCharaScheduler:2;A2_21:_runCharaScheduler:2;A2_27:say:2;A2_33:finishCliantTalkTurn:2
decomp_more_20260617,quest/scenario/com/com0u5,quest,quest,220,1,24,23,1,1,165,Com0u5:ScenarioBaseClass,6304:com0u5,A2_54:say:19;A2_42:say:10;A2_6:say:7;A2_12:say:7;A2_54:_runCharaScheduler:7;A2_30:say:6;A2_3:say:5;A2_42:_runCharaScheduler:5;A2_6:_runCharaScheduler:4;A2_12:_runCharaScheduler:3;A2_15:say:3;A2_3:_runCharaScheduler:2;A0_4:showQuestInfomation:2;A2_9:say:2;A2_30:_runCharaScheduler:2
decomp_more_20260617,quest/scenario/com/com0u6,quest,quest,213,1,23,22,1,1,154,Com0u6:ScenarioBaseClass,6320:com0u6,A2_37:say:21;A2_6:say:16;A2_12:say:9;A2_6:_runCharaScheduler:7;A2_37:_runCharaScheduler:6;A2_3:say:5;A2_12:_runCharaScheduler:4;A2_3:_runCharaScheduler:2;A0_4:showQuestInfomation:2;A2_9:say:2;A2_37:startCliantTalkTurn:2;A2_37:finishCliantTalkTurn:2;A0_35:_wait:2;A0_0:_loadTextDataPermanently:1;A2_3:startCliantTalkTurn:1
decomp_more_20260617,quest/scenario/com/com0u7,quest,quest,100,1,3,2,1,1,68,Com0u7:ScenarioBaseClass,6336:com0u7,A2_3:say:26;A2_3:_runCharaScheduler:15;worldMaster:say:4;A0_1:_wait:4;desktopWidget:closeGrandCompanyStatusWidget:3;desktopWidget:openGrandCompanyStatusWidgetYield:2;desktopWidget:askEventModeWidgetYield:2;A2_3:finishCliantTalkTurn:2;A0_6:_wait:2;A0_0:_loadTextDataPermanently:1;A2_3:startCliantTalkTurn:1;A2_3:ask:1;desktopWidget:openGrandCompanyJoinEffectWidget:1;desktopWidget:setGrandCompanyStatusWidgetJoinStatus:1;A2_3:_waitForCharaSchedulerFinished:1
decomp_more_20260617,quest/scenario/com/com0u8,quest,quest,5,1,1,0,1,0,0,Com0u8:ScenarioBaseClass,,
decomp_more_20260617,quest/scenario/com/com0u9,quest,quest,5,1,1,0,1,0,0,Com0u9:ScenarioBaseClass,,
decomp_more_20260617,quest/scenario/com/com5g0,quest,quest,172,1,15,8,1,1,129,Com5g0:ScenarioBaseClass,6384:com5g0,A2_15:say:12;A2_23:say:11;A2_3:say:10;A2_47:say:9;A2_23:_runCharaScheduler:8;A2_3:_runCharaScheduler:5;A2_41:say:5;worldMaster:say:4;A2_29:say:4;A2_47:_runCharaScheduler:4;A2_32:say:3;A2_38:say:3;A0_1:showQuestInfomation:2;A2_9:say:2;A2_20:say:2
decomp_more_20260617,quest/scenario/com/com5g1,quest,quest,166,1,14,13,1,1,123,Com5g1:ScenarioBaseClass,6400:com5g1,A2_3:say:12;A2_17:say:9;A2_39:say:9;A2_52:say:8;A2_55:say:8;worldMaster:say:5;A2_3:_runCharaScheduler:4;A2_39:_runCharaScheduler:4;A2_17:_runCharaScheduler:3;A0_1:_wait:2;A0_1:showQuestInfomation:2;A2_10:say:2;A2_33:say:2;A2_46:say:2;A2_46:ask:2
decomp_more_20260617,quest/scenario/com/com5g2,quest,quest,5,1,1,0,1,0,0,Com5g2:ScenarioBaseClass,,
decomp_more_20260617,quest/scenario/com/com5g3,quest,quest,5,1,1,0,1,0,0,Com5g3:ScenarioBaseClass,,
decomp_more_20260617,quest/scenario/com/com5g4,quest,quest,5,1,1,0,1,0,0,Com5g4:ScenarioBaseClass,,
decomp_more_20260617,quest/scenario/com/com5g5,quest,quest,5,1,1,0,1,0,0,Com5g5:ScenarioBaseClass,,
decomp_more_20260617,quest/scenario/com/com5l0,quest,quest,249,1,15,13,1,1,163,Com5l0:ScenarioBaseClass,6480:com5l0,A2_64:say:14;A2_3:say:13;A2_27:say:13;A2_15:say:10;A2_52:say:10;A2_42:say:8;A2_3:_runCharaScheduler:5;worldMaster:say:5;A2_27:_runCharaScheduler:4;A2_64:_runCharaScheduler:4;A2_15:_runCharaScheduler:3;A2_35:say:3;A0_1:showQuestInfomation:2;A2_9:say:2;A0_13:_wait:2
decomp_more_20260617,quest/scenario/com/com5l1,quest,quest,146,1,11,10,1,1,112,Com5l1:ScenarioBaseClass,6496:com5l1,A2_3:say:12;A2_35:say:10;A2_22:say:9;A2_9:say:7;A2_38:say:7;A2_15:say:5;A2_3:_runCharaScheduler:4;worldMaster:say:4;A2_22:_runCharaScheduler:4;A2_38:_runCharaScheduler:3;A0_1:showQuestInfomation:2;A2_9:_runCharaScheduler:2;A2_15:_runCharaScheduler:2;A2_29:say:2;A2_29:ask:2
decomp_more_20260617,quest/scenario/com/com5l2,quest,quest,5,1,1,0,1,0,0,Com5l2:ScenarioBaseClass,,
decomp_more_20260617,quest/scenario/com/com5l3,quest,quest,5,1,1,0,1,0,0,Com5l3:ScenarioBaseClass,,
decomp_more_20260617,quest/scenario/com/com5l4,quest,quest,5,1,1,0,1,0,0,Com5l4:ScenarioBaseClass,,
decomp_more_20260617,quest/scenario/com/com5l5,quest,quest,5,1,1,0,1,0,0,Com5l5:ScenarioBaseClass,,
decomp_more_20260617,quest/scenario/com/com5u0,quest,quest,223,1,14,12,1,1,148,Com5u0:ScenarioBaseClass,6576:com5u0,A2_25:say:13;A2_3:say:10;A2_11:say:10;A2_32:say:9;A2_49:say:9;A2_42:say:8;worldMaster:say:6;A2_3:_runCharaScheduler:4;A2_25:_runCharaScheduler:4;A2_42:_runCharaScheduler:4;A2_11:_runCharaScheduler:3;A2_18:say:3;A2_39:say:3;A2_49:_runCharaScheduler:3;A0_47:_wait:3
decomp_more_20260617,quest/scenario/com/com5u1,quest,quest,138,1,9,8,1,1,109,Com5u1:ScenarioBaseClass,6592:com5u1,A2_29:say:12;A2_3:say:11;A2_16:say:10;A2_9:say:8;A2_32:say:8;A2_3:_runCharaScheduler:4;worldMaster:say:4;A2_16:_runCharaScheduler:4;A0_27:_wait:3;A2_29:_runCharaScheduler:3;A2_32:_runCharaScheduler:3;A0_1:showQuestInfomation:2;A2_6:say:2;A0_7:_wait:2;A2_23:say:2
decomp_more_20260617,quest/scenario/com/com5u2,quest,quest,5,1,1,0,1,0,0,Com5u2:ScenarioBaseClass,,
decomp_more_20260617,quest/scenario/com/com5u3,quest,quest,5,1,1,0,1,0,0,Com5u3:ScenarioBaseClass,,
decomp_more_20260617,quest/scenario/com/com5u4,quest,quest,5,1,1,0,1,0,0,Com5u4:ScenarioBaseClass,,
decomp_more_20260617,quest/scenario/com/com5u5,quest,quest,5,1,1,0,1,0,0,Com5u5:ScenarioBaseClass,,
decomp_more_20260617,quest/scenario/cul/cul200,quest,quest,199,1,32,31,1,1,111,Cul200:ScenarioBaseClass,106:cul200,A2_3:say:9;A2_32:say:3;A2_47:say:3;A2_22:say:2;A2_28:say:2;A2_32:ask:2;A2_47:ask:2;A2_60:say:2;A2_63:say:2;A2_66:say:2;A2_72:say:2;A2_75:say:2;A2_81:say:2;A0_0:_loadTextDataPermanently:1;A2_3:_runCharaScheduler:1
decomp_more_20260617,quest/scenario/cul/cul300,quest,quest,227,1,41,40,1,1,141,Cul300:ScenarioBaseClass,113:cul300,A2_3:say:5;A2_36:say:4;A2_42:say:4;A2_66:say:4;A2_45:say:3;A2_51:say:3;A2_120:say:3;A0_1:showQuestInfomation:2;A2_6:say:2;A2_9:say:2;A2_33:say:2;A2_39:say:2;A2_48:say:2;A2_57:say:2;A2_63:say:2
decomp_more_20260617,quest/scenario/cul/cul306,quest,quest,199,1,39,38,1,1,106,Cul306:ScenarioBaseClass,253:cul306,A2_60:say:5;worldMaster:ask:4;A0_4:startNQCutScene:2;A2_12:say:2;A2_33:say:2;A0_58:startFadeOutCutSceneDefault:2;A0_58:_wait:2;A2_63:say:2;A2_72:say:2;A2_90:say:2;A2_93:say:2;A0_0:_loadTextDataPermanently:1;A2_3:startCliantTalkTurn:1;A2_3:say:1;A2_3:finishCliantTalkTurn:1
decomp_more_20260617,quest/scenario/cul/cul400,quest,quest,106,1,22,21,1,1,58,Cul400:ScenarioBaseClass,257:cul400,A2_3:say:5;A2_3:ask:2;A2_15:say:2;A2_21:say:2;A2_24:say:2;A2_42:say:2;A2_48:say:2;A2_63:say:2;A0_0:_loadTextDataPermanently:1;A2_3:startCliantTalkTurn:1;A2_3:finishCliantTalkTurn:1;A0_4:startNQCutScene:1;A0_4:startFadeInCutSceneDefault:1;A0_7:startNQCutScene:1;A0_7:startFadeInCutSceneDefault:1
decomp_more_20260617,quest/scenario/cul/cul500,quest,quest,5,1,1,0,1,1,1,Cul500:ScenarioBaseClass,261:cul500,A0_0:_loadTextDataPermanently:1
decomp_more_20260617,quest/scenario/cul/cul506,quest,quest,5,1,1,0,1,1,1,Cul506:ScenarioBaseClass,265:cul506,A0_0:_loadTextDataPermanently:1
decomp_more_20260617,quest/scenario/defaulttalk/dftalphaa,quest,quest,51,1,14,0,1,0,20,DftAlphaA:ScenarioBaseClass,,A2_19:say:4;A2_22:say:3;A2_40:say:3;A2_28:say:2;A2_31:say:2;A2_34:say:2;A2_10:say:1;A2_16:say:1;A2_25:say:1;A2_37:say:1
decomp_more_20260617,quest/scenario/defaulttalk/dftfst,quest,quest,1752,1,221,3,1,1,1111,DftFst:ScenarioBaseClass,307:dftFst,worldMaster:ask:31;worldMaster:say:27;A2_594:say:20;A2_587:say:13;A2_666:askExtendWidget:9;A2_675:say:9;A2_554:askExtendWidget:8;A2_39:say:6;A2_551:say:5;A2_666:say:5;A2_27:say:4;A2_33:say:4;A2_52:say:4;A2_55:say:4;A2_64:say:4
decomp_more_20260617,quest/scenario/defaulttalk/dftlak,quest,quest,511,1,15,2,1,1,311,DftLak:ScenarioBaseClass,1457:dftLak,A2_47:say:28;A2_61:say:23;A2_34:say:22;A2_67:say:22;A2_15:say:18;A2_28:say:17;A2_41:say:16;A2_22:say:15;A2_54:say:15;worldMaster:say:12;A2_34:_runCharaScheduler:8;A2_15:_runCharaScheduler:7;A2_41:_runCharaScheduler:7;A2_22:_runCharaScheduler:6;A2_28:_runCharaScheduler:6
decomp_more_20260617,quest/scenario/defaulttalk/dftroc,quest,quest,281,1,40,0,1,1,181,DftRoc:ScenarioBaseClass,1470:dftRoc,A2_19:say:6;A2_47:say:3;A2_53:say:3;A2_80:say:3;A2_3:say:2;A2_8:say:2;A2_19:isUpperRank:2;A2_36:say:2;A2_50:say:2;A2_56:say:2;A2_59:say:2;A2_62:say:2;A2_65:say:2;A2_71:say:2;A2_74:say:2
decomp_more_20260617,quest/scenario/defaulttalk/dftsea,quest,quest,1726,1,258,3,1,1,1135,DftSea:ScenarioBaseClass,311:dftSea,A2_440:say:24;A2_754:say:21;worldMaster:ask:14;A2_747:say:13;A2_440:_runCharaScheduler:9;A2_766:askExtendWidget:9;worldMaster:say:7;A2_440:askExtendWidget:6;A2_270:say:5;A2_303:say:5;A2_306:say:5;A2_766:say:5;A2_231:say:4;A2_237:say:4;A2_240:say:4
decomp_more_20260617,quest/scenario/defaulttalk/dftsrt,quest,quest,20,1,3,1,1,1,6,DftSrt:ScenarioBaseClass,69:dftSrt,A0_4:startNQCutScene:2;A0_0:_loadTextDataPermanently:1;A2_3:say:1;A0_4:startFadeOutCutSceneDefault:1;A0_4:startFadeInCutSceneAfterWarp:1
decomp_more_20260617,quest/scenario/defaulttalk/dftwil,quest,quest,2069,1,292,3,1,1,1384,DftWil:ScenarioBaseClass,315:dftWil,worldMaster:ask:33;worldMaster:say:31;A2_677:say:23;A2_879:say:21;A2_670:say:11;A2_879:_runCharaScheduler:10;A2_867:askExtendWidget:9;A2_827:say:6;worldMaster:askRestrictChoices:5;A2_18:say:4;A2_24:say:4;A2_36:say:4;A2_39:say:4;A2_42:say:4;A2_45:say:4
decomp_more_20260617,quest/scenario/drg/drg0j1,quest,quest,143,1,11,10,1,1,114,Drg0j1:ScenarioBaseClass,8772:drg0j1,A2_18:say:19;A2_3:say:11;A0_1:_wait:9;A2_10:say:9;A2_18:_runCharaScheduler:9;A2_3:_runCharaScheduler:5;A2_10:_runCharaScheduler:4;worldMaster:say:4;A0_1:startFadeOut:3;A0_1:startFadeIn:3;A0_1:showQuestInfomation:3;A2_14:say:3;A0_16:_wait:3;A0_19:_wait:3;A2_3:finishCliantTalkTurn:2
decomp_more_20260617,quest/scenario/drg/drg0j2,quest,quest,73,1,9,5,1,1,51,Drg0j2:ScenarioBaseClass,8788:drg0j2,A2_6:say:17;A2_6:_runCharaScheduler:9;A2_3:say:3;worldMaster:say:3;A2_3:_runCharaScheduler:2;A0_4:showQuestInfomation:2;A2_9:_runCharaScheduler:2;A2_9:say:2;A0_0:_loadTextDataPermanently:1;A2_3:startCliantTalkTurn:1;A2_3:finishCliantTalkTurn:1;A2_6:startCliantTalkTurn:1;A0_4:_wait:1;A2_6:finishCliantTalkTurn:1;A2_9:startCliantTalkTurn:1
decomp_more_20260617,quest/scenario/drg/drg0j3,quest,quest,79,1,9,5,1,1,57,Drg0j3:ScenarioBaseClass,8804:drg0j3,A2_6:say:22;A2_6:_runCharaScheduler:11;worldMaster:say:3;A0_4:_wait:3;A0_4:showQuestInfomation:2;A2_9:_runCharaScheduler:2;A2_9:say:2;A0_0:_loadTextDataPermanently:1;A2_3:startCliantTalkTurn:1;A2_3:_runCharaScheduler:1;A2_3:say:1;A2_3:finishCliantTalkTurn:1;A2_6:startCliantTalkTurn:1;A2_6:finishCliantTalkTurn:1;A2_9:startCliantTalkTurn:1
decomp_more_20260617,quest/scenario/drg/drg0j4,quest,quest,68,1,9,8,1,1,46,Drg0j4:ScenarioBaseClass,8820:drg0j4,A2_15:say:8;A2_6:say:5;worldMaster:say:3;A2_6:_runCharaScheduler:3;A2_15:_runCharaScheduler:3;A2_3:say:2;A2_6:startCliantTalkTurn:2;A0_4:showQuestInfomation:2;A2_9:say:2;A0_0:_loadTextDataPermanently:1;A2_3:startCliantTalkTurn:1;A2_3:_runCharaScheduler:1;A2_3:finishCliantTalkTurn:1;A2_6:finishCliantTalkTurn:1;A2_9:startCliantTalkTurn:1
decomp_more_20260617,quest/scenario/drg/drg0j5,quest,quest,80,1,8,4,1,1,60,Drg0j5:ScenarioBaseClass,8836:drg0j5,A2_3:say:23;A2_3:_runCharaScheduler:12;A0_1:_wait:7;A2_3:startCliantTalkTurn:2;A2_3:finishCliantTalkTurn:2;A0_1:showQuestInfomation:2;A2_6:_runCharaScheduler:2;A2_6:say:2;worldMaster:say:2;A0_0:_loadTextDataPermanently:1;A2_6:startCliantTalkTurn:1;A2_6:finishCliantTalkTurn:1;desktopWidget:openPublicInformLongDialogWidget:1;A0_9:showGetJobAbilityWidget:1;A0_11:showEventBeforeNpsLS:1
decomp_more_20260617,quest/scenario/drg/drg0j6,quest,quest,92,1,11,10,1,1,66,Drg0j6:ScenarioBaseClass,8852:drg0j6,A2_24:say:11;A0_22:_wait:7;A2_6:say:4;A2_24:_runCharaScheduler:4;A2_3:say:3;worldMaster:say:3;A2_24:finishCliantTalkTurn:3;A2_6:startCliantTalkTurn:2;A2_6:finishCliantTalkTurn:2;A0_4:showQuestInfomation:2;A2_9:say:2;A2_24:startCliantTalkTurn:2;A0_0:_loadTextDataPermanently:1;A2_3:startCliantTalkTurn:1;A2_3:_runCharaScheduler:1
decomp_more_20260617,quest/scenario/drg/drg0j7,quest,quest,5,1,1,0,1,0,0,Drg0j7:ScenarioBaseClass,,
decomp_more_20260617,quest/scenario/drg/drg0j8,quest,quest,5,1,1,0,1,0,0,Drg0j8:ScenarioBaseClass,,
decomp_more_20260617,quest/scenario/drg/drg0j9,quest,quest,5,1,1,0,1,0,0,Drg0j9:ScenarioBaseClass,,
decomp_more_20260617,quest/scenario/drg/drg1j0,quest,quest,5,1,1,0,1,0,0,Drg1j0:ScenarioBaseClass,,
decomp_more_20260617,quest/scenario/etc/etc0g1,quest,quest,58,1,4,3,1,1,39,Etc0g1:ScenarioBaseClass,2749:etc0g1,A2_6:say:14;A2_3:say:10;A1_2:getInitialTown:2;A0_1:showQuestInfomation:2;A1_5:getMainSkillCategory:2;A2_10:say:2;A0_0:_loadTextDataPermanently:1;A2_3:startCliantTalkTurn:1;A2_3:finishCliantTalkTurn:1;A2_6:startCliantTalkTurn:1;A2_6:finishCliantTalkTurn:1;A2_10:startCliantTalkTurn:1;A2_10:finishCliantTalkTurn:1
decomp_more_20260617,quest/scenario/etc/etc0g2,quest,quest,63,1,4,3,1,1,45,Etc0g2:ScenarioBaseClass,2765:etc0g2,A2_3:say:18;A2_3:_runCharaScheduler:6;A2_9:say:5;A2_3:ask:4;A0_1:showQuestInfomation:2;A2_9:_runCharaScheduler:2;A0_0:_loadTextDataPermanently:1;A2_3:startCliantTalkTurn:1;A2_3:finishCliantTalkTurn:1;A2_6:startCliantTalkTurn:1;A2_6:say:1;A2_6:finishCliantTalkTurn:1;A2_9:startCliantTalkTurn:1;A2_9:finishCliantTalkTurn:1
decomp_more_20260617,quest/scenario/etc/etc0g3,quest,quest,55,1,6,5,1,1,37,Etc0g3:ScenarioBaseClass,2781:etc0g3,A2_9:say:8;A2_15:say:7;A2_3:say:3;A0_7:showQuestInfomation:3;A2_3:ask:2;A2_9:finishCliantTalkTurn:2;A2_12:say:2;A0_0:_loadTextDataPermanently:1;A2_3:startCliantTalkTurn:1;A2_3:finishCliantTalkTurn:1;A2_6:startCliantTalkTurn:1;A2_6:say:1;A2_6:finishCliantTalkTurn:1;A2_12:startCliantTalkTurn:1;A2_12:finishCliantTalkTurn:1
decomp_more_20260617,quest/scenario/etc/etc0g4,quest,quest,157,1,12,11,1,1,119,Etc0g4:ScenarioBaseClass,2797:etc0g4,A2_3:say:13;A2_28:say:11;A2_13:say:10;A2_9:say:8;A2_34:say:7;A2_28:_runCharaScheduler:6;A2_13:_runCharaScheduler:5;A2_9:_runCharaScheduler:4;A2_16:say:3;A2_19:say:3;A2_22:say:3;A2_25:say:3;A2_31:say:3;A1_2:getInitialTown:2;A0_1:showQuestInfomation:2
decomp_more_20260617,quest/scenario/etc/etc0g5,quest,quest,5,1,1,0,1,1,1,Etc0g5:ScenarioBaseClass,2813:etc0g5,A0_0:_loadTextDataPermanently:1
decomp_more_20260617,quest/scenario/etc/etc0g6,quest,quest,5,1,1,0,1,1,1,Etc0g6:ScenarioBaseClass,2829:etc0g6,A0_0:_loadTextDataPermanently:1
decomp_more_20260617,quest/scenario/etc/etc0g7,quest,quest,5,1,1,0,1,1,1,Etc0g7:ScenarioBaseClass,2845:etc0g7,A0_0:_loadTextDataPermanently:1
decomp_more_20260617,quest/scenario/etc/etc0g8,quest,quest,5,1,1,0,1,1,1,Etc0g8:ScenarioBaseClass,2861:etc0g8,A0_0:_loadTextDataPermanently:1
decomp_more_20260617,quest/scenario/etc/etc0g9,quest,quest,5,1,1,0,1,1,1,Etc0g9:ScenarioBaseClass,2877:etc0g9,A0_0:_loadTextDataPermanently:1
decomp_more_20260617,quest/scenario/etc/etc0l1,quest,quest,52,1,4,3,1,1,34,Etc0l1:ScenarioBaseClass,2893:etc0l1,A2_3:say:10;A2_9:say:9;A1_2:getInitialTown:2;A0_1:showQuestInfomation:2;A2_6:say:2;A1_8:getMainSkillCategory:2;A0_0:_loadTextDataPermanently:1;A2_3:startCliantTalkTurn:1;A2_3:finishCliantTalkTurn:1;A2_6:startCliantTalkTurn:1;A2_6:finishCliantTalkTurn:1;A2_9:startCliantTalkTurn:1;A2_9:finishCliantTalkTurn:1
decomp_more_20260617,quest/scenario/etc/etc0l2,quest,quest,52,1,4,3,1,1,33,Etc0l2:ScenarioBaseClass,2909:etc0l2,A2_3:say:14;A2_9:say:5;A2_3:ask:3;A0_1:showQuestInfomation:2;A2_3:finishCliantTalkTurn:2;A0_0:_loadTextDataPermanently:1;A2_3:startCliantTalkTurn:1;A2_6:startCliantTalkTurn:1;A2_6:say:1;A2_6:finishCliantTalkTurn:1;A2_9:startCliantTalkTurn:1;A2_9:finishCliantTalkTurn:1
decomp_more_20260617,quest/scenario/etc/etc0l3,quest,quest,65,1,5,4,1,1,47,Etc0l3:ScenarioBaseClass,2925:etc0l3,A2_3:say:15;A2_12:say:9;A2_6:say:4;A0_1:showQuestInfomation:2;A2_3:finishCliantTalkTurn:2;A2_9:say:2;A0_0:_loadTextDataPermanently:1;A2_3:startCliantTalkTurn:1;A2_3:ask:1;A2_6:startCliantTalkTurn:1;A2_6:ask:1;A2_6:finishCliantTalkTurn:1;A2_9:startCliantTalkTurn:1;A2_9:finishCliantTalkTurn:1;A2_12:startCliantTalkTurn:1
decomp_more_20260617,quest/scenario/etc/etc0l4,quest,quest,106,1,10,9,1,1,75,Etc0l4:ScenarioBaseClass,2941:etc0l4,A2_3:say:11;A2_10:say:8;A2_14:say:8;A2_17:say:5;A2_29:say:5;A1_2:getInitialTown:3;A0_1:showQuestInfomation:3;A2_20:say:3;A2_23:say:3;A2_3:finishCliantTalkTurn:2;A2_6:say:2;A2_23:finishCliantTalkTurn:2;A2_26:say:2;A0_0:_loadTextDataPermanently:1;A2_3:startCliantTalkTurn:1
decomp_more_20260617,quest/scenario/etc/etc0l5,quest,quest,5,1,1,0,1,1,1,Etc0l5:ScenarioBaseClass,2957:etc0l5,A0_0:_loadTextDataPermanently:1
decomp_more_20260617,quest/scenario/etc/etc0l6,quest,quest,5,1,1,0,1,1,1,Etc0l6:ScenarioBaseClass,2973:etc0l6,A0_0:_loadTextDataPermanently:1
decomp_more_20260617,quest/scenario/etc/etc0l7,quest,quest,5,1,1,0,1,1,1,Etc0l7:ScenarioBaseClass,2989:etc0l7,A0_0:_loadTextDataPermanently:1
decomp_more_20260617,quest/scenario/etc/etc0l8,quest,quest,5,1,1,0,1,1,1,Etc0l8:ScenarioBaseClass,3005:etc0l8,A0_0:_loadTextDataPermanently:1
decomp_more_20260617,quest/scenario/etc/etc0l9,quest,quest,5,1,1,0,1,1,1,Etc0l9:ScenarioBaseClass,3021:etc0l9,A0_0:_loadTextDataPermanently:1
decomp_more_20260617,quest/scenario/etc/etc0u1,quest,quest,51,1,4,3,1,1,33,Etc0u1:ScenarioBaseClass,3037:etc0u1,A2_3:say:10;A2_9:say:10;A1_2:getInitialTown:2;A0_1:showQuestInfomation:2;A2_6:say:2;A0_0:_loadTextDataPermanently:1;A2_3:startCliantTalkTurn:1;A2_3:finishCliantTalkTurn:1;A2_6:startCliantTalkTurn:1;A2_6:finishCliantTalkTurn:1;A2_9:startCliantTalkTurn:1;A2_9:finishCliantTalkTurn:1
decomp_more_20260617,quest/scenario/etc/etc0u2,quest,quest,62,1,4,3,1,1,43,Etc0u2:ScenarioBaseClass,3053:etc0u2,A2_3:say:19;A2_9:say:10;A2_3:ask:3;A0_1:showQuestInfomation:2;A0_0:_loadTextDataPermanently:1;A2_3:startCliantTalkTurn:1;A2_3:finishCliantTalkTurn:1;A2_6:startCliantTalkTurn:1;A2_6:say:1;A2_6:finishCliantTalkTurn:1;A2_9:startCliantTalkTurn:1;A2_9:ask:1;A2_9:finishCliantTalkTurn:1
decomp_more_20260617,quest/scenario/etc/etc0u3,quest,quest,55,1,4,3,1,1,38,Etc0u3:ScenarioBaseClass,3069:etc0u3,A2_3:say:13;A2_10:say:11;A2_3:ask:2;A2_3:finishCliantTalkTurn:2;A0_1:showQuestInfomation:2;A2_7:say:2;A0_0:_loadTextDataPermanently:1;A2_3:startCliantTalkTurn:1;A2_7:startCliantTalkTurn:1;A2_7:finishCliantTalkTurn:1;A2_10:startCliantTalkTurn:1;A2_10:finishCliantTalkTurn:1
decomp_more_20260617,quest/scenario/etc/etc0u4,quest,quest,120,1,10,9,1,1,84,Etc0u4:ScenarioBaseClass,3085:etc0u4,A2_3:say:11;A2_14:say:9;A2_10:say:8;A2_29:say:7;A2_17:say:5;A2_20:say:4;A2_23:say:4;A0_1:showQuestInfomation:3;A2_26:say:3;A2_3:finishCliantTalkTurn:2;A2_7:say:2;A2_20:finishCliantTalkTurn:2;A2_23:finishCliantTalkTurn:2;A0_0:_loadTextDataPermanently:1;A2_3:startCliantTalkTurn:1
decomp_more_20260617,quest/scenario/etc/etc0u5,quest,quest,5,1,1,0,1,1,1,Etc0u5:ScenarioBaseClass,3101:etc0u5,A0_0:_loadTextDataPermanently:1
decomp_more_20260617,quest/scenario/etc/etc0u6,quest,quest,5,1,1,0,1,1,1,Etc0u6:ScenarioBaseClass,3117:etc0u6,A0_0:_loadTextDataPermanently:1
decomp_more_20260617,quest/scenario/etc/etc0u7,quest,quest,5,1,1,0,1,1,1,Etc0u7:ScenarioBaseClass,3133:etc0u7,A0_0:_loadTextDataPermanently:1
decomp_more_20260617,quest/scenario/etc/etc0u8,quest,quest,5,1,1,0,1,1,1,Etc0u8:ScenarioBaseClass,3149:etc0u8,A0_0:_loadTextDataPermanently:1
decomp_more_20260617,quest/scenario/etc/etc0u9,quest,quest,5,1,1,0,1,1,1,Etc0u9:ScenarioBaseClass,3165:etc0u9,A0_0:_loadTextDataPermanently:1
decomp_more_20260617,quest/scenario/etc/etc101,quest,quest,58,1,4,3,1,1,46,Etc101:ScenarioBaseClass,7392:etc101,A2_3:say:12;A2_3:_runCharaScheduler:9;A2_9:say:5;A2_9:_runCharaScheduler:4;A2_9:_waitForCharaSchedulerFinished:4;A0_1:showQuestInfomation:2;A0_0:_loadTextDataPermanently:1;A2_3:startCliantTalkTurn:1;A0_1:_wait:1;A2_3:finishCliantTalkTurn:1;A2_6:startCliantTalkTurn:1;A2_6:_runCharaScheduler:1;A2_6:say:1;A2_6:finishCliantTalkTurn:1;A2_9:startCliantTalkTurn:1
decomp_more_20260617,quest/scenario/etc/etc102,quest,quest,127,1,6,4,1,1,63,Etc102:ScenarioBaseClass,7408:etc102,A2_3:say:20;A2_3:_runCharaScheduler:8;A2_21:say:6;worldMaster:say:4;A2_21:_runCharaScheduler:4;A0_19:_wait:4;A1_17:_getItem:3;A0_1:showQuestInfomation:2;A0_7:checkEquipItemMaterialize:2;A0_0:_loadTextDataPermanently:1;A2_3:startCliantTalkTurn:1;A2_3:finishCliantTalkTurn:1;A2_6:startCliantTalkTurn:1;A2_6:_runCharaScheduler:1;A0_4:_wait:1
decomp_more_20260617,quest/scenario/etc/etc103,quest,quest,68,1,5,4,1,1,54,Etc103:ScenarioBaseClass,7424:etc103,A2_3:say:13;A2_3:_runCharaScheduler:9;A0_1:_wait:7;worldMaster:say:5;A0_1:showQuestInfomation:2;A2_12:_runCharaScheduler:2;A2_12:say:2;A0_0:_loadTextDataPermanently:1;A2_3:startCliantTalkTurn:1;A2_3:finishCliantTalkTurn:1;A2_6:startCliantTalkTurn:1;A2_6:say:1;A2_6:finishCliantTalkTurn:1;A2_9:startCliantTalkTurn:1;A2_9:_runCharaScheduler:1
decomp_more_20260617,quest/scenario/etc/etc104,quest,quest,76,1,5,4,1,1,59,Etc104:ScenarioBaseClass,7440:etc104,A2_3:say:16;A2_3:_runCharaScheduler:9;A0_1:_wait:5;worldMaster:say:5;A2_13:say:5;A0_1:showQuestInfomation:2;A2_13:_runCharaScheduler:2;A0_0:_loadTextDataPermanently:1;A2_3:startCliantTalkTurn:1;A2_3:finishCliantTalkTurn:1;A2_7:startCliantTalkTurn:1;A2_7:_runCharaScheduler:1;A0_5:_wait:1;A2_7:say:1;A2_7:finishCliantTalkTurn:1
decomp_more_20260617,quest/scenario/etc/etc105,quest,quest,5,1,1,0,1,0,0,Etc105:ScenarioBaseClass,,
decomp_more_20260617,quest/scenario/etc/etc106,quest,quest,1823,1,26,25,1,1,680,Etc106:ScenarioBaseClass,10416:etc106,worldMaster:say:95;A2_124:say:87;A2_3:say:79;A2_20:say:79;A2_37:say:79;A2_132:say:37;A2_54:say:19;A2_61:say:12;A2_94:say:11;A2_89:say:9;A2_71:say:8;A2_3:askExtendWidget:7;A2_20:askExtendWidget:7;A2_37:askExtendWidget:7;A2_74:say:7
decomp_more_20260617,quest/scenario/etc/etc1g0,quest,quest,44,1,4,3,1,1,32,Etc1g0:ScenarioBaseClass,3357:etc1g0,A2_3:say:10;A2_3:_runCharaScheduler:4;A2_10:say:4;A0_1:showQuestInfomation:2;A2_7:say:2;A2_10:_runCharaScheduler:2;A0_0:_loadTextDataPermanently:1;A2_3:startCliantTalkTurn:1;A2_3:finishCliantTalkTurn:1;A2_7:startCliantTalkTurn:1;A2_7:_runCharaScheduler:1;A2_7:finishCliantTalkTurn:1;A2_10:startCliantTalkTurn:1;A2_10:finishCliantTalkTurn:1
decomp_more_20260617,quest/scenario/etc/etc1g1,quest,quest,51,1,5,4,1,1,33,Etc1g1:ScenarioBaseClass,3361:etc1g1,A2_3:say:11;A0_1:showQuestInfomation:4;A2_3:finishCliantTalkTurn:3;A2_12:say:3;A2_8:say:2;A0_0:_loadTextDataPermanently:1;A2_3:startCliantTalkTurn:1;A2_3:_runCharaScheduler:1;A2_8:startCliantTalkTurn:1;A2_8:_runCharaScheduler:1;A2_8:finishCliantTalkTurn:1;A2_12:startCliantTalkTurn:1;A2_12:_runCharaScheduler:1;A2_12:finishCliantTalkTurn:1;A2_15:_runBgScheduler:1
decomp_more_20260617,quest/scenario/etc/etc1g2,quest,quest,111,1,8,7,1,1,76,Etc1g2:ScenarioBaseClass,3377:etc1g2,A2_3:say:11;A2_11:say:8;A2_25:say:8;A2_3:_runCharaScheduler:4;A2_3:finishCliantTalkTurn:4;A0_1:showQuestInfomation:4;A2_25:_runCharaScheduler:4;A2_8:say:2;A2_11:finishCliantTalkTurn:2;A2_15:say:2;A2_19:say:2;A2_22:say:2;A2_25:ask:2;A0_0:_loadTextDataPermanently:1;A2_3:startCliantTalkTurn:1
decomp_more_20260617,quest/scenario/etc/etc1g3,quest,quest,5,1,1,0,1,0,0,Etc1g3:ScenarioBaseClass,,
decomp_more_20260617,quest/scenario/etc/etc1g4,quest,quest,105,1,4,3,1,1,76,Etc1g4:ScenarioBaseClass,3403:etc1g4,A2_3:say:13;A2_13:say:12;A0_1:_wait:7;A2_3:_runCharaScheduler:5;A0_1:startFadeOut:4;A0_1:startFadeIn:4;A2_8:say:4;A0_11:_wait:4;A2_13:_runCharaScheduler:4;A2_3:finishCliantTalkTurn:3;A2_3:ask:2;A0_1:showQuestInfomation:2;A0_11:startFadeOut:2;A0_11:startFadeIn:2;A0_0:_loadTextDataPermanently:1
decomp_more_20260617,quest/scenario/etc/etc1g5,quest,quest,58,1,4,3,1,1,44,Etc1g5:ScenarioBaseClass,3459:etc1g5,A2_8:say:10;A2_3:say:8;A2_8:_runCharaScheduler:5;A2_3:_runCharaScheduler:4;A0_1:showQuestInfomation:3;A2_3:finishCliantTalkTurn:2;A2_12:say:2;A0_0:_loadTextDataPermanently:1;A2_3:startCliantTalkTurn:1;A2_8:startCliantTalkTurn:1;A0_6:startFadeOut:1;A0_6:_wait:1;A0_6:startFadeIn:1;A2_8:finishCliantTalkTurn:1;A2_12:startCliantTalkTurn:1
decomp_more_20260617,quest/scenario/etc/etc1g6,quest,quest,139,1,8,4,1,1,107,Etc1g6:ScenarioBaseClass,3443:etc1g6,A2_6:say:15;A2_15:say:12;A2_15:_runCharaScheduler:8;A2_3:say:6;A2_6:_runCharaScheduler:5;A2_3:_runCharaScheduler:4;A0_13:_wait:4;A2_22:say:4;A2_11:_runCharaScheduler:3;A2_11:say:3;A0_13:startFadeOut:3;A0_13:startFadeIn:3;A0_1:startFadeOut:2;A0_1:_wait:2;A0_1:startFadeIn:2
decomp_more_20260617,quest/scenario/etc/etc1g7,quest,quest,5,1,1,0,1,0,0,Etc1g7:ScenarioBaseClass,,
decomp_more_20260617,quest/scenario/etc/etc1g8,quest,quest,52,1,6,5,1,1,34,Etc1g8:ScenarioBaseClass,3451:etc1g8,A2_3:say:10;A2_20:say:4;A0_1:showQuestInfomation:3;A2_12:say:3;A2_3:finishCliantTalkTurn:2;A0_0:_loadTextDataPermanently:1;A2_3:startCliantTalkTurn:1;A2_7:startCliantTalkTurn:1;A2_7:say:1;A2_7:finishCliantTalkTurn:1;A2_12:startCliantTalkTurn:1;A2_12:finishCliantTalkTurn:1;A2_16:startCliantTalkTurn:1;A2_16:say:1;A2_16:finishCliantTalkTurn:1
decomp_more_20260617,quest/scenario/etc/etc1g9,quest,quest,43,1,4,3,1,1,30,Etc1g9:ScenarioBaseClass,3455:etc1g9,A2_3:say:8;A2_3:_runCharaScheduler:4;A2_9:say:4;A0_1:showQuestInfomation:2;A2_3:finishCliantTalkTurn:2;A2_9:_runCharaScheduler:2;A0_0:_loadTextDataPermanently:1;A2_3:startCliantTalkTurn:1;A2_6:startCliantTalkTurn:1;A2_6:_runCharaScheduler:1;A2_6:say:1;A2_6:finishCliantTalkTurn:1;A2_9:startCliantTalkTurn:1;A2_9:finishCliantTalkTurn:1
decomp_more_20260617,quest/scenario/etc/etc1i0,quest,quest,5,1,1,0,1,0,0,Etc1i0:ScenarioBaseClass,,
decomp_more_20260617,quest/scenario/etc/etc1i1,quest,quest,7,1,2,1,1,0,0,Etc1i1:ScenarioBaseClass,,
decomp_more_20260617,quest/scenario/etc/etc1i2,quest,quest,5,1,1,0,1,0,0,Etc1i2:ScenarioBaseClass,,
decomp_more_20260617,quest/scenario/etc/etc1i3,quest,quest,5,1,1,0,1,0,0,Etc1i3:ScenarioBaseClass,,
decomp_more_20260617,quest/scenario/etc/etc1i4,quest,quest,5,1,1,0,1,0,0,Etc1i4:ScenarioBaseClass,,
decomp_more_20260617,quest/scenario/etc/etc1i5,quest,quest,5,1,1,0,1,0,0,Etc1i5:ScenarioBaseClass,,
decomp_more_20260617,quest/scenario/etc/etc1i6,quest,quest,5,1,1,0,1,0,0,Etc1i6:ScenarioBaseClass,,
decomp_more_20260617,quest/scenario/etc/etc1i7,quest,quest,5,1,1,0,1,0,0,Etc1i7:ScenarioBaseClass,,
decomp_more_20260617,quest/scenario/etc/etc1i8,quest,quest,5,1,1,0,1,0,0,Etc1i8:ScenarioBaseClass,,
decomp_more_20260617,quest/scenario/etc/etc1i9,quest,quest,5,1,1,0,1,0,0,Etc1i9:ScenarioBaseClass,,
decomp_more_20260617,quest/scenario/etc/etc1l0,quest,quest,44,1,5,4,1,1,27,Etc1l0:ScenarioBaseClass,3369:etc1l0,A2_3:say:8;A2_7:say:3;A2_12:say:3;A0_1:showQuestInfomation:2;A2_12:_runCharaScheduler:2;A0_0:_loadTextDataPermanently:1;A2_3:startCliantTalkTurn:1;A2_3:_runCharaScheduler:1;A2_3:finishCliantTalkTurn:1;A2_7:startCliantTalkTurn:1;A2_7:_runCharaScheduler:1;A2_7:finishCliantTalkTurn:1;A2_12:startCliantTalkTurn:1;A2_12:finishCliantTalkTurn:1
decomp_more_20260617,quest/scenario/etc/etc1l1,quest,quest,43,1,4,3,1,1,23,Etc1l1:ScenarioBaseClass,3385:etc1l1,A2_3:say:7;A2_17:say:5;A0_1:showQuestInfomation:2;A2_10:say:2;A0_0:_loadTextDataPermanently:1;A2_3:startCliantTalkTurn:1;A2_3:finishCliantTalkTurn:1;A2_10:startCliantTalkTurn:1;A2_10:finishCliantTalkTurn:1;A2_17:startCliantTalkTurn:1;A2_17:finishCliantTalkTurn:1
decomp_more_20260617,quest/scenario/etc/etc1l2,quest,quest,5,1,1,0,1,0,0,Etc1l2:ScenarioBaseClass,,
decomp_more_20260617,quest/scenario/etc/etc1l3,quest,quest,39,1,4,3,1,1,27,Etc1l3:ScenarioBaseClass,3393:etc1l3,A2_3:say:8;A2_3:_runCharaScheduler:3;A0_1:showQuestInfomation:2;A2_7:say:2;A2_11:_runCharaScheduler:2;A2_11:say:2;A0_0:_loadTextDataPermanently:1;A2_3:startCliantTalkTurn:1;A2_3:finishCliantTalkTurn:1;A2_7:startCliantTalkTurn:1;A2_7:_runCharaScheduler:1;A2_7:finishCliantTalkTurn:1;A2_11:startCliantTalkTurn:1;A2_11:finishCliantTalkTurn:1
decomp_more_20260617,quest/scenario/etc/etc1l4,quest,quest,5,1,1,0,1,0,0,Etc1l4:ScenarioBaseClass,,
decomp_more_20260617,quest/scenario/etc/etc1l5,quest,quest,58,1,4,3,1,1,41,Etc1l5:ScenarioBaseClass,3415:etc1l5,A2_3:say:12;A2_8:say:6;A2_3:_runCharaScheduler:5;A0_1:showQuestInfomation:3;A2_3:finishCliantTalkTurn:3;A2_8:_runCharaScheduler:2;A2_12:say:2;A0_0:_loadTextDataPermanently:1;A2_3:startCliantTalkTurn:1;A2_3:askExtendWidget:1;A2_8:startCliantTalkTurn:1;A2_8:finishCliantTalkTurn:1;A2_12:startCliantTalkTurn:1;A2_12:_runCharaScheduler:1;A2_12:finishCliantTalkTurn:1
decomp_more_20260617,quest/scenario/etc/etc1l6,quest,quest,52,1,4,3,1,1,31,Etc1l6:ScenarioBaseClass,3407:etc1l6,A2_3:say:10;A2_17:say:3;A0_1:showQuestInfomation:2;A2_3:finishCliantTalkTurn:2;A2_10:say:2;A0_15:startFadeOut:2;A0_15:_wait:2;A0_15:startFadeIn:2;A0_0:_loadTextDataPermanently:1;A2_3:startCliantTalkTurn:1;A2_10:startCliantTalkTurn:1;A2_10:finishCliantTalkTurn:1;A2_17:startCliantTalkTurn:1;A2_17:finishCliantTalkTurn:1
decomp_more_20260617,quest/scenario/etc/etc1l7,quest,quest,77,1,8,7,1,1,53,Etc1l7:ScenarioBaseClass,3411:etc1l7,A2_27:say:10;A2_3:say:7;A2_9:say:5;A0_1:showQuestInfomation:3;A2_3:finishCliantTalkTurn:2;A2_6:say:2;A2_14:say:2;A2_19:say:2;A2_23:say:2;A0_0:_loadTextDataPermanently:1;A2_3:startCliantTalkTurn:1;A2_6:startCliantTalkTurn:1;A2_6:finishCliantTalkTurn:1;A2_9:startCliantTalkTurn:1;A2_9:_runCharaScheduler:1
decomp_more_20260617,quest/scenario/etc/etc1l8,quest,quest,138,1,19,18,1,1,96,Etc1l8:ScenarioBaseClass,3419:etc1l8,A2_3:say:12;A2_54:say:6;A2_3:_runCharaScheduler:5;A0_1:showQuestInfomation:3;A2_21:say:3;A2_48:say:3;A2_3:finishCliantTalkTurn:2;A2_6:say:2;A2_12:say:2;A2_36:say:2;A2_39:say:2;A0_0:_loadTextDataPermanently:1;A2_3:startCliantTalkTurn:1;A2_6:startCliantTalkTurn:1;A2_6:_runCharaScheduler:1
decomp_more_20260617,quest/scenario/etc/etc1l9,quest,quest,50,1,5,3,1,1,33,Etc1l9:ScenarioBaseClass,3423:etc1l9,A2_3:say:9;A2_6:say:5;A0_1:showQuestInfomation:3;A2_3:_runCharaScheduler:2;A2_3:finishCliantTalkTurn:2;A2_6:_runCharaScheduler:2;A2_9:say:2;A0_0:_loadTextDataPermanently:1;A2_3:startCliantTalkTurn:1;A2_6:startCliantTalkTurn:1;A2_6:finishCliantTalkTurn:1;A2_9:startCliantTalkTurn:1;A2_9:_runCharaScheduler:1;A2_9:finishCliantTalkTurn:1;A2_12:say:1
decomp_more_20260617,quest/scenario/etc/etc1u0,quest,quest,42,1,4,3,1,1,30,Etc1u0:ScenarioBaseClass,3365:etc1u0,A2_3:say:7;A2_11:say:4;A2_3:_runCharaScheduler:3;A0_1:showQuestInfomation:3;A2_3:finishCliantTalkTurn:2;A2_7:say:2;A2_11:_runCharaScheduler:2;A0_0:_loadTextDataPermanently:1;A2_3:startCliantTalkTurn:1;A2_7:startCliantTalkTurn:1;A2_7:_runCharaScheduler:1;A2_7:finishCliantTalkTurn:1;A2_11:startCliantTalkTurn:1;A2_11:finishCliantTalkTurn:1
decomp_more_20260617,quest/scenario/etc/etc1u1,quest,quest,46,1,4,3,1,1,29,Etc1u1:ScenarioBaseClass,3373:etc1u1,A2_3:say:6;A2_8:say:4;A2_3:_runCharaScheduler:3;A0_1:showQuestInfomation:3;A2_12:say:3;A2_3:finishCliantTalkTurn:2;A0_0:_loadTextDataPermanently:1;A2_3:startCliantTalkTurn:1;A2_8:startCliantTalkTurn:1;A2_8:_runCharaScheduler:1;A2_8:finishCliantTalkTurn:1;A2_12:startCliantTalkTurn:1;A2_12:_runCharaScheduler:1;A2_12:finishCliantTalkTurn:1
decomp_more_20260617,quest/scenario/etc/etc1u2,quest,quest,49,1,4,3,1,1,37,Etc1u2:ScenarioBaseClass,3381:etc1u2,A2_3:say:14;A2_3:_runCharaScheduler:5;A2_9:say:4;A2_6:say:3;A0_1:showQuestInfomation:2;A0_0:_loadTextDataPermanently:1;A2_3:startCliantTalkTurn:1;A2_3:finishCliantTalkTurn:1;A2_6:startCliantTalkTurn:1;A2_6:_runCharaScheduler:1;A2_6:finishCliantTalkTurn:1;A2_9:startCliantTalkTurn:1;A2_9:_runCharaScheduler:1;A2_9:finishCliantTalkTurn:1
decomp_more_20260617,quest/scenario/etc/etc1u3,quest,quest,5,1,1,0,1,0,0,Etc1u3:ScenarioBaseClass,,
decomp_more_20260617,quest/scenario/etc/etc1u4,quest,quest,101,1,10,9,1,1,77,Etc1u4:ScenarioBaseClass,3389:etc1u4,A2_3:say:9;A2_16:say:8;A2_9:say:7;A2_25:say:5;A2_28:say:5;A2_3:_runCharaScheduler:4;A2_6:say:3;A0_1:startFadeOut:2;A0_1:_wait:2;A0_1:startFadeIn:2;A0_1:showQuestInfomation:2;A2_13:say:2;A2_19:say:2;A2_22:say:2;A0_0:_loadTextDataPermanently:1
decomp_more_20260617,quest/scenario/etc/etc1u5,quest,quest,65,1,4,3,1,1,42,Etc1u5:ScenarioBaseClass,3463:etc1u5,A2_3:say:17;A2_13:say:8;A0_1:showQuestInfomation:4;A2_3:finishCliantTalkTurn:4;A2_8:say:3;A0_0:_loadTextDataPermanently:1;A2_3:startCliantTalkTurn:1;A2_8:startCliantTalkTurn:1;A2_8:finishCliantTalkTurn:1;A2_13:startCliantTalkTurn:1;A2_13:finishCliantTalkTurn:1
decomp_more_20260617,quest/scenario/etc/etc1u6,quest,quest,42,1,4,3,1,1,28,Etc1u6:ScenarioBaseClass,3427:etc1u6,A2_3:say:9;A2_8:say:6;A0_1:showQuestInfomation:3;A2_3:finishCliantTalkTurn:2;A2_13:say:2;A0_0:_loadTextDataPermanently:1;A2_3:startCliantTalkTurn:1;A2_8:startCliantTalkTurn:1;A2_8:finishCliantTalkTurn:1;A2_13:startCliantTalkTurn:1;A2_13:finishCliantTalkTurn:1
decomp_more_20260617,quest/scenario/etc/etc1u7,quest,quest,40,1,4,2,1,1,28,Etc1u7:ScenarioBaseClass,3431:etc1u7,A2_3:say:8;A2_3:_runCharaScheduler:3;A2_6:say:3;A0_1:showQuestInfomation:2;A2_6:_runCharaScheduler:2;A2_9:say:2;A0_0:_loadTextDataPermanently:1;A2_3:startCliantTalkTurn:1;A2_3:finishCliantTalkTurn:1;A2_6:startCliantTalkTurn:1;A2_6:finishCliantTalkTurn:1;A2_9:startCliantTalkTurn:1;A2_9:_runCharaScheduler:1;A2_9:finishCliantTalkTurn:1
decomp_more_20260617,quest/scenario/etc/etc1u8,quest,quest,50,1,4,2,1,1,38,Etc1u8:ScenarioBaseClass,3435:etc1u8,A2_3:say:9;A2_6:say:8;A2_3:_runCharaScheduler:5;A2_6:_runCharaScheduler:4;A0_1:showQuestInfomation:2;A2_9:say:2;A0_0:_loadTextDataPermanently:1;A2_3:startCliantTalkTurn:1;A2_3:finishCliantTalkTurn:1;A2_6:startCliantTalkTurn:1;A2_6:finishCliantTalkTurn:1;A2_9:startCliantTalkTurn:1;A2_9:_runCharaScheduler:1;A2_9:finishCliantTalkTurn:1
decomp_more_20260617,quest/scenario/etc/etc1u9,quest,quest,54,1,4,3,1,1,42,Etc1u9:ScenarioBaseClass,3439:etc1u9,A2_3:say:10;A2_3:_runCharaScheduler:8;A2_9:_runCharaScheduler:6;A2_9:say:6;A0_1:showQuestInfomation:2;A0_0:_loadTextDataPermanently:1;A2_3:startCliantTalkTurn:1;A2_3:finishCliantTalkTurn:1;A2_6:startCliantTalkTurn:1;A2_6:_runCharaScheduler:1;A2_6:say:1;A2_6:finishCliantTalkTurn:1;A2_9:startCliantTalkTurn:1;A0_7:_wait:1;A2_9:finishCliantTalkTurn:1
decomp_more_20260617,quest/scenario/etc/etc200,quest,quest,77,1,5,4,1,1,63,Etc200:ScenarioBaseClass,8932:etc200,A2_3:say:12;A2_12:say:9;A2_3:_runCharaScheduler:7;A2_12:_runCharaScheduler:7;A0_10:_wait:7;A0_1:_wait:4;A0_1:showQuestInfomation:2;A2_6:_runCharaScheduler:2;A2_6:say:2;A0_0:_loadTextDataPermanently:1;A2_3:startCliantTalkTurn:1;worldMaster:say:1;A2_3:finishCliantTalkTurn:1;A2_6:startCliantTalkTurn:1;A2_6:finishCliantTalkTurn:1
decomp_more_20260617,quest/scenario/etc/etc201,quest,quest,97,1,6,5,1,1,81,Etc201:ScenarioBaseClass,8948:etc201,A2_15:say:13;A2_3:say:11;A2_9:say:9;A2_3:_runCharaScheduler:6;A2_15:_runCharaScheduler:6;A2_9:_runCharaScheduler:5;A0_13:_wait:4;A2_12:say:3;A0_1:showQuestInfomation:2;A2_6:say:2;worldMaster:say:2;A2_12:_runCharaScheduler:2;A0_0:_loadTextDataPermanently:1;A2_3:startCliantTalkTurn:1;A0_1:_wait:1
decomp_more_20260617,quest/scenario/etc/etc202,quest,quest,5,1,1,0,1,0,0,Etc202:ScenarioBaseClass,,
decomp_more_20260617,quest/scenario/etc/etc203,quest,quest,5,1,1,0,1,0,0,Etc203:ScenarioBaseClass,,
decomp_more_20260617,quest/scenario/etc/etc204,quest,quest,5,1,1,0,1,0,0,Etc204:ScenarioBaseClass,,
decomp_more_20260617,quest/scenario/etc/etc205,quest,quest,5,1,1,0,1,0,0,Etc205:ScenarioBaseClass,,
decomp_more_20260617,quest/scenario/etc/etc206,quest,quest,5,1,1,0,1,0,0,Etc206:ScenarioBaseClass,,
decomp_more_20260617,quest/scenario/etc/etc207,quest,quest,5,1,1,0,1,0,0,Etc207:ScenarioBaseClass,,
decomp_more_20260617,quest/scenario/etc/etc208,quest,quest,5,1,1,0,1,0,0,Etc208:ScenarioBaseClass,,
decomp_more_20260617,quest/scenario/etc/etc209,quest,quest,5,1,1,0,1,0,0,Etc209:ScenarioBaseClass,,
decomp_more_20260617,quest/scenario/etc/etc2g0,quest,quest,74,1,6,5,1,1,58,Etc2g0:ScenarioBaseClass,3467:etc2g0,A2_3:say:12;A2_6:say:10;A2_12:say:6;A2_3:_runCharaScheduler:5;A2_6:_runCharaScheduler:4;A2_12:_runCharaScheduler:3;A0_1:showQuestInfomation:2;A2_9:say:2;A0_0:_loadTextDataPermanently:1;A2_3:startCliantTalkTurn:1;A2_3:finishCliantTalkTurn:1;A2_6:startCliantTalkTurn:1;A2_6:finishCliantTalkTurn:1;A2_9:startCliantTalkTurn:1;A2_9:_runCharaScheduler:1
decomp_more_20260617,quest/scenario/etc/etc2g1,quest,quest,44,1,4,3,1,1,32,Etc2g1:ScenarioBaseClass,3471:etc2g1,A2_3:say:7;A2_9:say:4;A2_3:_runCharaScheduler:3;A0_7:_wait:3;A0_1:showQuestInfomation:2;A2_6:say:2;A2_9:_runCharaScheduler:2;A0_0:_loadTextDataPermanently:1;A2_3:startCliantTalkTurn:1;A0_1:_wait:1;A2_3:finishCliantTalkTurn:1;A2_6:startCliantTalkTurn:1;A2_6:_runCharaScheduler:1;A2_6:finishCliantTalkTurn:1;A2_9:startCliantTalkTurn:1
decomp_more_20260617,quest/scenario/etc/etc2g2,quest,quest,43,1,4,3,1,1,29,Etc2g2:ScenarioBaseClass,3475:etc2g2,A2_3:say:5;A2_6:say:5;A0_1:showQuestInfomation:3;A2_3:_runCharaScheduler:2;A2_3:finishCliantTalkTurn:2;A0_0:_loadTextDataPermanently:1;A2_3:startCliantTalkTurn:1;A2_6:startCliantTalkTurn:1;A2_6:_runCharaScheduler:1;A0_4:startFadeOut:1;A0_4:_wait:1;A0_4:startFadeIn:1;A2_6:finishCliantTalkTurn:1;A2_9:startCliantTalkTurn:1;A2_9:_runCharaScheduler:1
decomp_more_20260617,quest/scenario/etc/etc2g3,quest,quest,39,1,4,3,1,1,27,Etc2g3:ScenarioBaseClass,3479:etc2g3,A2_3:say:5;A2_9:say:5;A2_3:_runCharaScheduler:3;A2_9:_runCharaScheduler:3;A0_1:showQuestInfomation:2;A0_0:_loadTextDataPermanently:1;A2_3:startCliantTalkTurn:1;A2_3:finishCliantTalkTurn:1;A2_6:startCliantTalkTurn:1;A2_6:_runCharaScheduler:1;A2_6:say:1;A2_6:finishCliantTalkTurn:1;A2_9:startCliantTalkTurn:1;A2_9:finishCliantTalkTurn:1
decomp_more_20260617,quest/scenario/etc/etc2g4,quest,quest,91,1,8,7,1,1,71,Etc2g4:ScenarioBaseClass,3483:etc2g4,A2_3:say:10;A2_3:_runCharaScheduler:9;A2_15:say:5;A2_9:_runCharaScheduler:4;A2_9:say:4;A2_15:_runCharaScheduler:4;A2_21:_runCharaScheduler:3;A2_21:say:3;A0_1:showQuestInfomation:2;A2_6:_runCharaScheduler:2;A2_6:say:2;A2_12:_runCharaScheduler:2;A2_12:say:2;A2_18:_runCharaScheduler:2;A2_18:say:2
decomp_more_20260617,quest/scenario/etc/etc2g5,quest,quest,60,1,4,3,1,1,48,Etc2g5:ScenarioBaseClass,3487:etc2g5,A2_3:say:10;A2_3:_runCharaScheduler:7;A2_9:say:7;A2_9:_runCharaScheduler:6;A0_1:_wait:3;A0_7:_wait:3;A0_1:showQuestInfomation:2;A0_0:_loadTextDataPermanently:1;A2_3:startCliantTalkTurn:1;A1_2:_runCharaScheduler:1;A2_3:finishCliantTalkTurn:1;A2_6:startCliantTalkTurn:1;A2_6:_runCharaScheduler:1;A2_6:say:1;A2_6:finishCliantTalkTurn:1
decomp_more_20260617,quest/scenario/etc/etc2g6,quest,quest,53,1,4,3,1,1,41,Etc2g6:ScenarioBaseClass,3491:etc2g6,A2_3:say:10;A2_3:_runCharaScheduler:7;A2_9:say:6;A2_6:say:3;A2_9:_runCharaScheduler:3;A0_1:showQuestInfomation:2;A0_0:_loadTextDataPermanently:1;A2_3:startCliantTalkTurn:1;A0_1:_wait:1;A2_3:finishCliantTalkTurn:1;A2_6:startCliantTalkTurn:1;A2_6:_runCharaScheduler:1;A2_6:finishCliantTalkTurn:1;A2_9:startCliantTalkTurn:1;A0_7:_wait:1
decomp_more_20260617,quest/scenario/etc/etc2g7,quest,quest,5,1,1,0,1,0,0,Etc2g7:ScenarioBaseClass,,
decomp_more_20260617,quest/scenario/etc/etc2g8,quest,quest,5,1,1,0,1,0,0,Etc2g8:ScenarioBaseClass,,
decomp_more_20260617,quest/scenario/etc/etc2g9,quest,quest,5,1,1,0,1,0,0,Etc2g9:ScenarioBaseClass,,
decomp_more_20260617,quest/scenario/etc/etc2i0,quest,quest,50,1,4,3,1,1,38,Etc2i0:ScenarioBaseClass,4803:etc2i0,A2_6:say:8;A2_3:say:7;A2_3:_runCharaScheduler:6;A2_6:_runCharaScheduler:6;A0_1:showQuestInfomation:2;A0_0:_loadTextDataPermanently:1;A2_3:startCliantTalkTurn:1;A2_3:finishCliantTalkTurn:1;A2_6:startCliantTalkTurn:1;A2_6:finishCliantTalkTurn:1;A2_9:startCliantTalkTurn:1;A2_9:_runCharaScheduler:1;A2_9:say:1;A2_9:finishCliantTalkTurn:1
decomp_more_20260617,quest/scenario/etc/etc2i1,quest,quest,43,1,4,3,1,1,31,Etc2i1:ScenarioBaseClass,4819:etc2i1,A2_3:say:7;A2_9:say:6;A0_1:showQuestInfomation:2;A2_6:say:2;A2_9:_runCharaScheduler:2;A0_7:_wait:2;A0_0:_loadTextDataPermanently:1;A2_3:startCliantTalkTurn:1;A2_3:_runCharaScheduler:1;A0_1:_wait:1;A2_3:finishCliantTalkTurn:1;A2_6:startCliantTalkTurn:1;A2_6:_runCharaScheduler:1;A2_6:finishCliantTalkTurn:1;A2_9:startCliantTalkTurn:1
decomp_more_20260617,quest/scenario/etc/etc2i2,quest,quest,80,1,7,6,1,1,62,Etc2i2:ScenarioBaseClass,4835:etc2i2,A2_3:say:12;A2_18:say:10;A2_3:_runCharaScheduler:6;A2_18:_runCharaScheduler:6;worldMaster:say:3;A0_10:_wait:3;A0_1:showQuestInfomation:2;A2_6:say:2;A0_10:sayFreeDisplayName:2;A0_0:_loadTextDataPermanently:1;A2_3:startCliantTalkTurn:1;A2_3:finishCliantTalkTurn:1;A2_6:startCliantTalkTurn:1;A2_6:_runCharaScheduler:1;A2_6:finishCliantTalkTurn:1
decomp_more_20260617,quest/scenario/etc/etc2i3,quest,quest,5,1,1,0,1,0,0,Etc2i3:ScenarioBaseClass,,
decomp_more_20260617,quest/scenario/etc/etc2i4,quest,quest,5,1,1,0,1,0,0,Etc2i4:ScenarioBaseClass,,
decomp_more_20260617,quest/scenario/etc/etc2i5,quest,quest,5,1,1,0,1,0,0,Etc2i5:ScenarioBaseClass,,
decomp_more_20260617,quest/scenario/etc/etc2i6,quest,quest,5,1,1,0,1,0,0,Etc2i6:ScenarioBaseClass,,
decomp_more_20260617,quest/scenario/etc/etc2i7,quest,quest,5,1,1,0,1,0,0,Etc2i7:ScenarioBaseClass,,
decomp_more_20260617,quest/scenario/etc/etc2i8,quest,quest,5,1,1,0,1,0,0,Etc2i8:ScenarioBaseClass,,
decomp_more_20260617,quest/scenario/etc/etc2i9,quest,quest,5,1,1,0,1,0,0,Etc2i9:ScenarioBaseClass,,
decomp_more_20260617,quest/scenario/etc/etc2l0,quest,quest,46,1,4,3,1,1,34,Etc2l0:ScenarioBaseClass,3507:etc2l0,A2_3:say:9;A2_9:say:7;A0_7:_wait:6;A0_1:showQuestInfomation:2;A0_0:_loadTextDataPermanently:1;A2_3:startCliantTalkTurn:1;A2_3:finishCliantTalkTurn:1;A2_6:startCliantTalkTurn:1;A2_6:say:1;A2_6:finishCliantTalkTurn:1;A2_9:startCliantTalkTurn:1;A0_7:startFadeOut:1;A0_7:startFadeIn:1;A2_9:finishCliantTalkTurn:1
decomp_more_20260617,quest/scenario/etc/etc2l1,quest,quest,51,1,4,2,1,1,39,Etc2l1:ScenarioBaseClass,3511:etc2l1,A2_3:say:9;A2_6:say:8;A2_3:_runCharaScheduler:6;A2_6:_runCharaScheduler:4;A0_1:showQuestInfomation:2;A2_9:say:2;A0_0:_loadTextDataPermanently:1;A2_3:startCliantTalkTurn:1;A2_3:finishCliantTalkTurn:1;A2_6:startCliantTalkTurn:1;A2_6:finishCliantTalkTurn:1;A2_9:startCliantTalkTurn:1;A2_9:_runCharaScheduler:1;A2_9:finishCliantTalkTurn:1
decomp_more_20260617,quest/scenario/etc/etc2l2,quest,quest,5,1,1,0,1,0,0,Etc2l2:ScenarioBaseClass,,
decomp_more_20260617,quest/scenario/etc/etc2l3,quest,quest,100,1,6,5,1,1,81,Etc2l3:ScenarioBaseClass,3519:etc2l3,A2_3:say:17;A2_15:say:11;A2_3:_runCharaScheduler:8;A2_12:_runCharaScheduler:5;A2_15:_runCharaScheduler:5;A0_10:_wait:4;A2_12:say:4;A2_15:ask:4;A0_13:_wait:4;A0_1:showQuestInfomation:2;A2_6:say:2;A2_9:ask:2;A2_15:finishCliantTalkTurn:2;A0_0:_loadTextDataPermanently:1;A2_3:startCliantTalkTurn:1
decomp_more_20260617,quest/scenario/etc/etc2l4,quest,quest,5,1,1,0,1,0,0,Etc2l4:ScenarioBaseClass,,
decomp_more_20260617,quest/scenario/etc/etc2l5,quest,quest,54,1,4,3,1,1,40,Etc2l5:ScenarioBaseClass,3527:etc2l5,A2_3:say:11;A2_3:_runCharaScheduler:7;A2_9:say:4;A2_6:say:3;A2_9:_runCharaScheduler:3;A0_1:showQuestInfomation:2;A2_6:_runCharaScheduler:2;A0_0:_loadTextDataPermanently:1;A2_3:startCliantTalkTurn:1;A2_3:_waitForCharaSchedulerFinished:1;A2_3:finishCliantTalkTurn:1;A2_6:startCliantTalkTurn:1;A2_6:finishCliantTalkTurn:1;A2_9:startCliantTalkTurn:1;A2_9:finishCliantTalkTurn:1
decomp_more_20260617,quest/scenario/etc/etc2l6,quest,quest,5,1,1,0,1,0,0,Etc2l6:ScenarioBaseClass,,
decomp_more_20260617,quest/scenario/etc/etc2l7,quest,quest,5,1,1,0,1,0,0,Etc2l7:ScenarioBaseClass,,
decomp_more_20260617,quest/scenario/etc/etc2l8,quest,quest,5,1,1,0,1,0,0,Etc2l8:ScenarioBaseClass,,
decomp_more_20260617,quest/scenario/etc/etc2l9,quest,quest,5,1,1,0,1,0,0,Etc2l9:ScenarioBaseClass,,
decomp_more_20260617,quest/scenario/etc/etc2u0,quest,quest,47,1,4,3,1,1,33,Etc2u0:ScenarioBaseClass,3547:etc2u0,A2_3:say:7;A2_6:say:6;A2_3:_runCharaScheduler:4;A0_1:showQuestInfomation:3;A2_3:finishCliantTalkTurn:2;A2_6:_runCharaScheduler:2;A2_9:say:2;A0_0:_loadTextDataPermanently:1;A2_3:startCliantTalkTurn:1;A2_6:startCliantTalkTurn:1;A2_6:finishCliantTalkTurn:1;A2_9:startCliantTalkTurn:1;A2_9:_runCharaScheduler:1;A2_9:finishCliantTalkTurn:1
decomp_more_20260617,quest/scenario/etc/etc2u1,quest,quest,68,1,4,3,1,1,54,Etc2u1:ScenarioBaseClass,3551:etc2u1,A2_3:say:13;A2_6:say:6;A2_3:_runCharaScheduler:4;A2_6:_runCharaScheduler:4;A0_1:showQuestInfomation:3;A2_6:startCliantTalkTurn:3;A0_4:_wait:3;A2_6:finishCliantTalkTurn:3;A2_6:waitCliantTalkTurn:3;A2_9:say:3;A2_3:finishCliantTalkTurn:2;A0_0:_loadTextDataPermanently:1;A2_3:startCliantTalkTurn:1;A0_4:startFadeOut:1;A0_4:startFadeIn:1
decomp_more_20260617,quest/scenario/etc/etc2u2,quest,quest,62,1,4,3,1,1,50,Etc2u2:ScenarioBaseClass,3555:etc2u2,A2_3:say:10;A2_9:_runCharaScheduler:9;A2_3:_runCharaScheduler:8;A2_9:say:7;A0_7:_wait:4;A0_1:showQuestInfomation:2;A0_0:_loadTextDataPermanently:1;A2_3:startCliantTalkTurn:1;A0_1:_wait:1;A2_3:finishCliantTalkTurn:1;A2_6:startCliantTalkTurn:1;A2_6:_runCharaScheduler:1;A2_6:say:1;A2_6:finishCliantTalkTurn:1;A2_9:startCliantTalkTurn:1
decomp_more_20260617,quest/scenario/etc/etc2u3,quest,quest,5,1,1,0,1,0,0,Etc2u3:ScenarioBaseClass,,
decomp_more_20260617,quest/scenario/etc/etc2u4,quest,quest,5,1,1,0,1,0,0,Etc2u4:ScenarioBaseClass,,
decomp_more_20260617,quest/scenario/etc/etc2u5,quest,quest,76,1,7,6,1,1,58,Etc2u5:ScenarioBaseClass,3567:etc2u5,A2_3:say:16;A2_3:_runCharaScheduler:7;A2_9:say:7;A2_9:_runCharaScheduler:5;A0_7:_wait:3;A0_1:_wait:2;A0_1:showQuestInfomation:2;A2_6:say:2;A0_0:_loadTextDataPermanently:1;A2_3:startCliantTalkTurn:1;A2_3:finishCliantTalkTurn:1;A2_6:startCliantTalkTurn:1;A2_6:_runCharaScheduler:1;A2_6:finishCliantTalkTurn:1;A2_9:startCliantTalkTurn:1
decomp_more_20260617,quest/scenario/etc/etc2u6,quest,quest,5,1,1,0,1,0,0,Etc2u6:ScenarioBaseClass,,
decomp_more_20260617,quest/scenario/etc/etc2u7,quest,quest,5,1,1,0,1,0,0,Etc2u7:ScenarioBaseClass,,
decomp_more_20260617,quest/scenario/etc/etc2u8,quest,quest,5,1,1,0,1,0,0,Etc2u8:ScenarioBaseClass,,
decomp_more_20260617,quest/scenario/etc/etc2u9,quest,quest,5,1,1,0,1,0,0,Etc2u9:ScenarioBaseClass,,
decomp_more_20260617,quest/scenario/etc/etc303,quest,quest,60,1,4,3,1,1,44,Etc303:ScenarioBaseClass,7472:etc303,A2_3:say:15;A2_9:say:8;A2_3:_runCharaScheduler:6;A2_9:_runCharaScheduler:4;A0_1:showQuestInfomation:2;A0_0:_loadTextDataPermanently:1;A2_3:startCliantTalkTurn:1;A2_3:finishCliantTalkTurn:1;A2_6:startCliantTalkTurn:1;A2_6:_runCharaScheduler:1;A2_6:say:1;A2_6:finishCliantTalkTurn:1;A2_9:startCliantTalkTurn:1;A2_9:finishCliantTalkTurn:1
decomp_more_20260617,quest/scenario/etc/etc304,quest,quest,218,1,10,9,1,1,94,Etc304:ScenarioBaseClass,10448:etc304,A2_3:say:8;A2_6:say:8;A2_9:say:8;A2_6:_runCharaScheduler:5;A2_9:_runCharaScheduler:5;worldMaster:say:5;A0_17:startFadeOutCutSceneDefault:5;A0_17:startNQCutScene:5;A0_17:startFadeInCutSceneDefault:5;A2_3:_runCharaScheduler:4;desktopWidget:openPublicInformDialogWidget:3;A2_16:say:2;A0_17:_wait:2;A0_28:_wait:2;A0_0:_loadTextDataPermanently:1
decomp_more_20260617,quest/scenario/etc/etc3g0,quest,quest,119,1,14,13,1,1,87,Etc3g0:ScenarioBaseClass,4483:etc3g0,A2_3:say:7;A2_15:say:6;A2_21:say:5;A2_9:say:4;A2_27:say:4;A2_33:say:4;A2_39:say:4;A0_1:showQuestInfomation:3;A2_3:finishCliantTalkTurn:2;A2_6:say:2;A2_12:say:2;A2_18:say:2;A2_30:say:2;A0_0:_loadTextDataPermanently:1;A2_3:startCliantTalkTurn:1
decomp_more_20260617,quest/scenario/etc/etc3g1,quest,quest,174,1,19,18,1,1,115,Etc3g1:ScenarioBaseClass,4499:etc3g1,A2_3:say:9;A2_57:say:8;A2_51:say:7;A2_33:say:5;A2_3:_runCharaScheduler:4;A2_42:say:4;A2_15:say:3;A2_27:say:3;A2_48:say:3;A2_51:_runCharaScheduler:3;A0_1:showQuestInfomation:2;A2_11:say:2;A2_21:say:2;A2_54:say:2;A0_0:_loadTextDataPermanently:1
decomp_more_20260617,quest/scenario/etc/etc3g2,quest,quest,124,1,12,11,1,1,89,Etc3g2:ScenarioBaseClass,4515:etc3g2,A2_24:say:8;A2_3:say:7;A2_34:say:7;A2_9:say:6;A2_3:_runCharaScheduler:4;A2_24:_runCharaScheduler:4;worldMaster:ask:4;A2_34:_runCharaScheduler:4;A2_9:_runCharaScheduler:3;A0_1:showQuestInfomation:2;A2_6:say:2;A2_28:_runCharaScheduler:2;A2_28:say:2;A2_34:startCliantTalkTurn:2;A0_32:startFadeOut:2
decomp_more_20260617,quest/scenario/etc/etc3g3,quest,quest,85,1,5,4,1,1,62,Etc3g3:ScenarioBaseClass,4531:etc3g3,A2_3:say:18;A2_11:say:8;A2_14:say:7;A2_3:_runCharaScheduler:6;A2_11:_runCharaScheduler:3;A2_14:_runCharaScheduler:3;A0_1:showQuestInfomation:2;A2_8:say:2;A2_11:ask:2;A0_0:_loadTextDataPermanently:1;A2_3:startCliantTalkTurn:1;A2_3:finishCliantTalkTurn:1;A2_8:startCliantTalkTurn:1;A2_8:_runCharaScheduler:1;A2_8:finishCliantTalkTurn:1
decomp_more_20260617,quest/scenario/etc/etc3g4,quest,quest,5,1,1,0,1,0,0,Etc3g4:ScenarioBaseClass,,
decomp_more_20260617,quest/scenario/etc/etc3g5,quest,quest,5,1,1,0,1,0,0,Etc3g5:ScenarioBaseClass,,
decomp_more_20260617,quest/scenario/etc/etc3g6,quest,quest,5,1,1,0,1,0,0,Etc3g6:ScenarioBaseClass,,
decomp_more_20260617,quest/scenario/etc/etc3g7,quest,quest,5,1,1,0,1,0,0,Etc3g7:ScenarioBaseClass,,
decomp_more_20260617,quest/scenario/etc/etc3g8,quest,quest,5,1,1,0,1,0,0,Etc3g8:ScenarioBaseClass,,
decomp_more_20260617,quest/scenario/etc/etc3g9,quest,quest,5,1,1,0,1,0,0,Etc3g9:ScenarioBaseClass,,
decomp_more_20260617,quest/scenario/etc/etc3i0,quest,quest,5,1,1,0,1,0,0,Etc3i0:ScenarioBaseClass,,
decomp_more_20260617,quest/scenario/etc/etc3i1,quest,quest,5,1,1,0,1,0,0,Etc3i1:ScenarioBaseClass,,
decomp_more_20260617,quest/scenario/etc/etc3i2,quest,quest,5,1,1,0,1,0,0,Etc3i2:ScenarioBaseClass,,
decomp_more_20260617,quest/scenario/etc/etc3i3,quest,quest,5,1,1,0,1,0,0,Etc3i3:ScenarioBaseClass,,
decomp_more_20260617,quest/scenario/etc/etc3i4,quest,quest,5,1,1,0,1,0,0,Etc3i4:ScenarioBaseClass,,
decomp_more_20260617,quest/scenario/etc/etc3i5,quest,quest,5,1,1,0,1,0,0,Etc3i5:ScenarioBaseClass,,
decomp_more_20260617,quest/scenario/etc/etc3i6,quest,quest,5,1,1,0,1,0,0,Etc3i6:ScenarioBaseClass,,
decomp_more_20260617,quest/scenario/etc/etc3i7,quest,quest,5,1,1,0,1,0,0,Etc3i7:ScenarioBaseClass,,
decomp_more_20260617,quest/scenario/etc/etc3i8,quest,quest,5,1,1,0,1,0,0,Etc3i8:ScenarioBaseClass,,
decomp_more_20260617,quest/scenario/etc/etc3i9,quest,quest,5,1,1,0,1,0,0,Etc3i9:ScenarioBaseClass,,
decomp_more_20260617,quest/scenario/etc/etc3l0,quest,quest,98,1,14,7,1,1,66,Etc3l0:ScenarioBaseClass,4643:etc3l0,A2_3:say:5;A2_21:say:5;A2_9:say:4;A2_15:say:4;A2_39:say:4;A2_3:_runCharaScheduler:3;A2_27:say:3;A2_33:say:3;A0_1:showQuestInfomation:2;A2_6:say:2;A2_21:_runCharaScheduler:2;A2_33:_runCharaScheduler:2;A0_0:_loadTextDataPermanently:1;A2_3:startCliantTalkTurn:1;A2_3:finishCliantTalkTurn:1
decomp_more_20260617,quest/scenario/etc/etc3l1,quest,quest,146,1,19,18,1,1,104,Etc3l1:ScenarioBaseClass,4659:etc3l1,A2_54:say:6;A2_9:_runCharaScheduler:5;A2_9:say:5;A2_15:say:5;A2_33:say:5;A2_51:say:5;A2_3:say:4;A2_21:say:4;A2_27:say:4;A2_51:_runCharaScheduler:4;A2_39:say:3;A0_1:showQuestInfomation:2;A2_33:_runCharaScheduler:2;A0_0:_loadTextDataPermanently:1;A2_3:startCliantTalkTurn:1
decomp_more_20260617,quest/scenario/etc/etc3l2,quest,quest,103,1,7,6,1,1,77,Etc3l2:ScenarioBaseClass,4675:etc3l2,A2_3:say:11;A2_13:say:9;A2_20:say:9;A2_3:_runCharaScheduler:5;A2_10:say:5;A2_13:_runCharaScheduler:4;A2_20:_runCharaScheduler:4;A2_7:say:3;A0_1:showQuestInfomation:2;A2_10:_runCharaScheduler:2;worldMaster:ask:2;A0_18:_wait:2;A0_0:_loadTextDataPermanently:1;A2_3:startCliantTalkTurn:1;A2_3:finishCliantTalkTurn:1
decomp_more_20260617,quest/scenario/etc/etc3l3,quest,quest,72,1,6,5,1,1,51,Etc3l3:ScenarioBaseClass,4691:etc3l3,A2_3:say:10;A2_11:say:8;A2_17:say:5;A2_3:_runCharaScheduler:4;A2_11:_runCharaScheduler:3;A2_17:_runCharaScheduler:3;A0_1:showQuestInfomation:2;A0_0:_loadTextDataPermanently:1;A2_3:startCliantTalkTurn:1;A2_3:finishCliantTalkTurn:1;A2_8:startCliantTalkTurn:1;A2_8:_runCharaScheduler:1;A2_8:say:1;A2_8:finishCliantTalkTurn:1;A2_11:startCliantTalkTurn:1
decomp_more_20260617,quest/scenario/etc/etc3l4,quest,quest,5,1,1,0,1,0,0,Etc3l4:ScenarioBaseClass,,
decomp_more_20260617,quest/scenario/etc/etc3l5,quest,quest,5,1,1,0,1,0,0,Etc3l5:ScenarioBaseClass,,
decomp_more_20260617,quest/scenario/etc/etc3l6,quest,quest,5,1,1,0,1,0,0,Etc3l6:ScenarioBaseClass,,
decomp_more_20260617,quest/scenario/etc/etc3l7,quest,quest,5,1,1,0,1,0,0,Etc3l7:ScenarioBaseClass,,
decomp_more_20260617,quest/scenario/etc/etc3l8,quest,quest,5,1,1,0,1,0,0,Etc3l8:ScenarioBaseClass,,
decomp_more_20260617,quest/scenario/etc/etc3l9,quest,quest,5,1,1,0,1,0,0,Etc3l9:ScenarioBaseClass,,
decomp_more_20260617,quest/scenario/etc/etc3u0,quest,quest,110,1,14,13,1,1,78,Etc3u0:ScenarioBaseClass,4323:etc3u0,A2_3:say:9;A2_21:say:6;A2_39:say:5;A2_15:say:4;A2_9:say:3;A2_27:say:3;A2_33:say:3;A2_3:_runCharaScheduler:2;A0_1:showQuestInfomation:2;A2_9:_runCharaScheduler:2;A0_0:_loadTextDataPermanently:1;A2_3:startCliantTalkTurn:1;A2_3:finishCliantTalkTurn:1;A2_6:startCliantTalkTurn:1;A2_6:_runCharaScheduler:1
decomp_more_20260617,quest/scenario/etc/etc3u1,quest,quest,161,1,18,17,1,1,118,Etc3u1:ScenarioBaseClass,4339:etc3u1,A2_52:say:8;A2_3:say:6;A2_9:say:5;A2_12:say:5;A2_15:say:5;A2_45:say:5;A2_3:_runCharaScheduler:4;A2_18:say:4;A2_21:say:4;A2_39:say:4;A2_52:_runCharaScheduler:4;A0_1:showQuestInfomation:2;A2_9:_runCharaScheduler:2;A2_15:_runCharaScheduler:2;A2_21:_runCharaScheduler:2
decomp_more_20260617,quest/scenario/etc/etc3u2,quest,quest,88,1,7,6,1,1,64,Etc3u2:ScenarioBaseClass,4355:etc3u2,A2_3:say:12;A2_18:say:8;A2_9:say:4;A2_3:_runCharaScheduler:3;A0_1:showQuestInfomation:3;worldMaster:ask:3;A2_12:say:3;A2_15:say:3;A2_3:finishCliantTalkTurn:2;A2_6:say:2;A2_9:finishCliantTalkTurn:2;A0_0:_loadTextDataPermanently:1;A2_3:startCliantTalkTurn:1;A2_6:startCliantTalkTurn:1;A2_6:_runCharaScheduler:1
decomp_more_20260617,quest/scenario/etc/etc3u3,quest,quest,84,1,5,4,1,1,60,Etc3u3:ScenarioBaseClass,4371:etc3u3,A2_3:say:14;A2_14:say:9;A2_11:say:8;A2_3:_runCharaScheduler:5;A2_11:ask:3;A2_14:_runCharaScheduler:3;A0_1:showQuestInfomation:2;A2_8:say:2;A2_11:_runCharaScheduler:2;A2_11:finishCliantTalkTurn:2;A0_0:_loadTextDataPermanently:1;A2_3:startCliantTalkTurn:1;A2_3:finishCliantTalkTurn:1;A2_8:startCliantTalkTurn:1;A2_8:_runCharaScheduler:1
decomp_more_20260617,quest/scenario/etc/etc3u4,quest,quest,5,1,1,0,1,0,0,Etc3u4:ScenarioBaseClass,,
decomp_more_20260617,quest/scenario/etc/etc3u5,quest,quest,5,1,1,0,1,0,0,Etc3u5:ScenarioBaseClass,,
decomp_more_20260617,quest/scenario/etc/etc3u6,quest,quest,5,1,1,0,1,0,0,Etc3u6:ScenarioBaseClass,,
decomp_more_20260617,quest/scenario/etc/etc3u7,quest,quest,5,1,1,0,1,0,0,Etc3u7:ScenarioBaseClass,,
decomp_more_20260617,quest/scenario/etc/etc3u8,quest,quest,5,1,1,0,1,0,0,Etc3u8:ScenarioBaseClass,,
decomp_more_20260617,quest/scenario/etc/etc3u9,quest,quest,60,1,4,3,1,1,45,Etc3u9:ScenarioBaseClass,4467:etc3u9,A2_3:say:13;A2_3:_runCharaScheduler:7;A2_10:say:7;A2_10:_runCharaScheduler:3;A0_1:showQuestInfomation:2;A2_7:say:2;A0_0:_loadTextDataPermanently:1;A2_3:startCliantTalkTurn:1;A2_3:finishCliantTalkTurn:1;A2_7:startCliantTalkTurn:1;A2_7:_runCharaScheduler:1;A2_7:finishCliantTalkTurn:1;A2_10:startCliantTalkTurn:1;A0_8:startFadeOut:1;A0_8:_wait:1
decomp_more_20260617,quest/scenario/etc/etc5g0,quest,quest,83,1,6,5,1,1,67,Etc5g0:ScenarioBaseClass,9092:etc5g0,A2_9:say:12;A2_3:say:8;A2_15:say:8;A2_3:_runCharaScheduler:5;A2_9:_runCharaScheduler:5;A2_15:_runCharaScheduler:5;worldMaster:say:3;A0_1:showQuestInfomation:2;A0_0:_loadTextDataPermanently:1;A2_3:startCliantTalkTurn:1;A2_3:finishCliantTalkTurn:1;A2_6:startCliantTalkTurn:1;A2_6:_runCharaScheduler:1;A2_6:say:1;A2_6:finishCliantTalkTurn:1
decomp_more_20260617,quest/scenario/etc/etc5g1,quest,quest,87,1,12,11,1,1,61,Etc5g1:ScenarioBaseClass,9108:etc5g1,A2_33:say:5;A2_12:_runCharaScheduler:3;A2_12:say:3;A2_33:_runCharaScheduler:3;A2_3:say:2;A2_15:say:2;A2_18:say:2;A2_21:say:2;A2_24:say:2;A0_0:_loadTextDataPermanently:1;A2_3:startCliantTalkTurn:1;A2_3:_runCharaScheduler:1;A2_3:finishCliantTalkTurn:1;A2_6:startCliantTalkTurn:1;A2_6:_runCharaScheduler:1
decomp_more_20260617,quest/scenario/etc/etc5g2,quest,quest,5,1,1,0,1,0,0,Etc5g2:ScenarioBaseClass,,
decomp_more_20260617,quest/scenario/etc/etc5g3,quest,quest,5,1,1,0,1,0,0,Etc5g3:ScenarioBaseClass,,
decomp_more_20260617,quest/scenario/etc/etc5g4,quest,quest,5,1,1,0,1,0,0,Etc5g4:ScenarioBaseClass,,
decomp_more_20260617,quest/scenario/etc/etc5g5,quest,quest,5,1,1,0,1,0,0,Etc5g5:ScenarioBaseClass,,
decomp_more_20260617,quest/scenario/etc/etc5g6,quest,quest,5,1,1,0,1,0,0,Etc5g6:ScenarioBaseClass,,
decomp_more_20260617,quest/scenario/etc/etc5g7,quest,quest,5,1,1,0,1,0,0,Etc5g7:ScenarioBaseClass,,
decomp_more_20260617,quest/scenario/etc/etc5g8,quest,quest,5,1,1,0,1,0,0,Etc5g8:ScenarioBaseClass,,
decomp_more_20260617,quest/scenario/etc/etc5g9,quest,quest,5,1,1,0,1,0,0,Etc5g9:ScenarioBaseClass,,
decomp_more_20260617,quest/scenario/etc/etc5l0,quest,quest,80,1,6,5,1,1,64,Etc5l0:ScenarioBaseClass,9252:etc5l0,A2_15:say:10;A2_3:say:9;A2_3:_runCharaScheduler:6;A2_15:_runCharaScheduler:6;A2_9:say:5;A2_9:_runCharaScheduler:3;worldMaster:say:3;A0_1:showQuestInfomation:2;A0_0:_loadTextDataPermanently:1;A2_3:startCliantTalkTurn:1;A2_3:_waitForCharaSchedulerFinished:1;A2_3:finishCliantTalkTurn:1;A2_6:startCliantTalkTurn:1;A2_6:_runCharaScheduler:1;A2_6:say:1
decomp_more_20260617,quest/scenario/etc/etc5l1,quest,quest,40,1,7,6,1,1,24,Etc5l1:ScenarioBaseClass,9268:etc5l1,A2_12:say:5;A2_3:say:2;A0_0:_loadTextDataPermanently:1;A2_3:startCliantTalkTurn:1;A2_3:finishCliantTalkTurn:1;A2_6:startCliantTalkTurn:1;A2_6:say:1;A2_6:finishCliantTalkTurn:1;A2_9:startCliantTalkTurn:1;A2_9:say:1;A2_9:finishCliantTalkTurn:1;A2_12:startCliantTalkTurn:1;A2_12:finishCliantTalkTurn:1;A2_15:startCliantTalkTurn:1;A2_15:say:1
decomp_more_20260617,quest/scenario/etc/etc5l2,quest,quest,62,1,7,6,1,1,44,Etc5l2:ScenarioBaseClass,9284:etc5l2,A2_9:say:13;A2_3:say:8;A2_3:_runCharaScheduler:4;A0_1:showQuestInfomation:2;worldMaster:say:2;A0_0:_loadTextDataPermanently:1;A2_3:startCliantTalkTurn:1;A2_3:finishCliantTalkTurn:1;A2_6:startCliantTalkTurn:1;A2_6:_runCharaScheduler:1;A2_6:say:1;A2_6:finishCliantTalkTurn:1;A2_9:startCliantTalkTurn:1;A2_9:finishCliantTalkTurn:1;A2_12:startCliantTalkTurn:1
decomp_more_20260617,quest/scenario/etc/etc5l3,quest,quest,58,1,10,9,1,1,36,Etc5l3:ScenarioBaseClass,9300:etc5l3,A2_3:say:3;A2_6:say:3;A2_9:say:3;A0_0:_loadTextDataPermanently:1;A2_3:startCliantTalkTurn:1;A2_3:_runCharaScheduler:1;A2_3:finishCliantTalkTurn:1;A2_6:startCliantTalkTurn:1;A2_6:_runCharaScheduler:1;A2_6:finishCliantTalkTurn:1;A2_9:startCliantTalkTurn:1;A2_9:_runCharaScheduler:1;A2_9:finishCliantTalkTurn:1;A0_10:startFadeOutCutSceneDefault:1;A0_10:startNQCutScene:1
decomp_more_20260617,quest/scenario/etc/etc5l4,quest,quest,5,1,1,0,1,0,0,Etc5l4:ScenarioBaseClass,,
decomp_more_20260617,quest/scenario/etc/etc5l5,quest,quest,5,1,1,0,1,0,0,Etc5l5:ScenarioBaseClass,,
decomp_more_20260617,quest/scenario/etc/etc5l6,quest,quest,5,1,1,0,1,0,0,Etc5l6:ScenarioBaseClass,,
decomp_more_20260617,quest/scenario/etc/etc5l7,quest,quest,5,1,1,0,1,0,0,Etc5l7:ScenarioBaseClass,,
decomp_more_20260617,quest/scenario/etc/etc5l8,quest,quest,5,1,1,0,1,0,0,Etc5l8:ScenarioBaseClass,,
decomp_more_20260617,quest/scenario/etc/etc5l9,quest,quest,5,1,1,0,1,0,0,Etc5l9:ScenarioBaseClass,,
decomp_more_20260617,quest/scenario/etc/etc5u0,quest,quest,72,1,6,5,1,1,56,Etc5u0:ScenarioBaseClass,9412:etc5u0,A2_3:say:13;A2_15:say:10;A2_3:_runCharaScheduler:6;A2_15:_runCharaScheduler:6;worldMaster:say:3;A0_1:showQuestInfomation:2;A0_0:_loadTextDataPermanently:1;A2_3:startCliantTalkTurn:1;A2_3:finishCliantTalkTurn:1;A2_6:startCliantTalkTurn:1;A2_6:say:1;A2_6:finishCliantTalkTurn:1;A0_7:startFadeOutCutSceneDefault:1;A0_7:startNQCutScene:1;A0_7:startFadeInCutSceneDefault:1
decomp_more_20260617,quest/scenario/etc/etc5u1,quest,quest,75,1,9,8,1,1,55,Etc5u1:ScenarioBaseClass,9428:etc5u1,A2_3:say:9;A2_24:say:6;A2_3:_runCharaScheduler:4;A2_12:say:4;A2_24:_runCharaScheduler:4;A2_12:_runCharaScheduler:3;A2_21:_runCharaScheduler:2;A0_0:_loadTextDataPermanently:1;A2_3:startCliantTalkTurn:1;A2_3:finishCliantTalkTurn:1;A2_6:startCliantTalkTurn:1;A2_6:_runCharaScheduler:1;A2_6:say:1;A2_6:finishCliantTalkTurn:1;A2_9:startCliantTalkTurn:1
decomp_more_20260617,quest/scenario/etc/etc5u2,quest,quest,5,1,1,0,1,0,0,Etc5u2:ScenarioBaseClass,,
decomp_more_20260617,quest/scenario/etc/etc5u3,quest,quest,5,1,1,0,1,0,0,Etc5u3:ScenarioBaseClass,,
decomp_more_20260617,quest/scenario/etc/etc5u4,quest,quest,5,1,1,0,1,0,0,Etc5u4:ScenarioBaseClass,,
decomp_more_20260617,quest/scenario/etc/etc5u5,quest,quest,5,1,1,0,1,0,0,Etc5u5:ScenarioBaseClass,,
decomp_more_20260617,quest/scenario/etc/etc5u6,quest,quest,5,1,1,0,1,0,0,Etc5u6:ScenarioBaseClass,,
decomp_more_20260617,quest/scenario/etc/etc5u7,quest,quest,5,1,1,0,1,0,0,Etc5u7:ScenarioBaseClass,,
decomp_more_20260617,quest/scenario/etc/etc5u8,quest,quest,5,1,1,0,1,0,0,Etc5u8:ScenarioBaseClass,,
decomp_more_20260617,quest/scenario/etc/etc5u9,quest,quest,5,1,1,0,1,0,0,Etc5u9:ScenarioBaseClass,,
decomp_more_20260617,quest/scenario/exc/exc200,quest,quest,190,1,29,28,1,1,112,Exc200:ScenarioBaseClass,11:exc200,A2_7:say:8;A2_34:say:3;A2_76:say:3;A2_79:say:3;A2_7:ask:2;A2_22:say:2;A2_25:say:2;A2_28:say:2;A2_31:say:2;A2_37:say:2;A2_40:say:2;A2_43:say:2;A2_46:say:2;A2_49:say:2;A2_52:say:2
decomp_more_20260617,quest/scenario/exc/exc300,quest,quest,261,1,42,40,1,1,167,Exc300:ScenarioBaseClass,117:exc300,A2_123:say:6;A2_9:say:4;A2_33:say:3;A2_57:say:3;A2_69:say:3;A2_93:say:3;A2_105:say:3;A0_1:startNQCutScene:2;A0_4:startNQCutScene:2;A2_12:say:2;A2_18:say:2;A2_27:say:2;A2_30:say:2;A2_36:say:2;A2_39:say:2
decomp_more_20260617,quest/scenario/exc/exc306,quest,quest,326,1,55,54,1,1,205,Exc306:ScenarioBaseClass,121:exc306,A2_3:say:7;A2_34:say:3;A2_61:say:3;A2_106:say:3;A2_148:say:3;A2_154:say:3;A0_1:showQuestInfomation:2;A2_15:say:2;A2_18:say:2;worldMaster:ask:2;A2_46:say:2;A2_49:say:2;A2_52:say:2;A2_55:say:2;A2_58:say:2
decomp_more_20260617,quest/scenario/exc/exc400,quest,quest,88,1,15,14,1,1,50,Exc400:ScenarioBaseClass,287:exc400,A2_3:say:6;A2_12:say:6;A2_36:say:4;A2_3:ask:2;A2_12:ask:2;A2_15:say:2;A0_0:_loadTextDataPermanently:1;A2_3:startCliantTalkTurn:1;A2_3:finishCliantTalkTurn:1;A0_4:startFadeOutCutSceneDefault:1;A0_4:startFadeInCutSceneDefault:1;A0_7:startFadeOutCutSceneDefault:1;A0_7:startFadeInCutSceneDefault:1;A2_12:startCliantTalkTurn:1;A2_12:finishCliantTalkTurn:1
decomp_more_20260617,quest/scenario/exc/exc500,quest,quest,5,1,1,0,1,1,1,Exc500:ScenarioBaseClass,291:exc500,A0_0:_loadTextDataPermanently:1
decomp_more_20260617,quest/scenario/exc/exc506,quest,quest,5,1,1,0,1,1,1,Exc506:ScenarioBaseClass,295:exc506,A0_0:_loadTextDataPermanently:1
decomp_more_20260617,quest/scenario/fsh/fsh200,quest,quest,127,1,16,15,1,1,66,Fsh200:ScenarioBaseClass,131:fsh200,A2_3:say:8;A2_35:say:3;A2_41:say:3;A2_14:say:2;A2_17:say:2;A2_20:say:2;A2_23:say:2;A2_26:say:2;A2_38:say:2;A2_44:say:2;A2_47:say:2;A0_0:_loadTextDataPermanently:1;A0_1:showQuestInfomation:1;A2_3:finishCliantTalkTurn:1;A0_6:startFadeOutCutSceneDefault:1
decomp_more_20260617,quest/scenario/fsh/fsh300,quest,quest,303,1,51,50,1,1,186,Fsh300:ScenarioBaseClass,90:fsh300,A2_3:say:4;A2_143:say:4;A0_1:showQuestInfomation:2;A2_14:say:2;A2_17:say:2;A2_20:say:2;A2_32:say:2;A2_35:say:2;A2_38:say:2;A2_44:say:2;A2_50:say:2;A2_53:say:2;A2_56:say:2;A2_62:say:2;A2_65:say:2
decomp_more_20260617,quest/scenario/fsh/fsh306,quest,quest,234,1,38,37,1,1,145,Fsh306:ScenarioBaseClass,135:fsh306,worldMaster:ask:6;A2_3:say:4;A2_51:say:3;A0_1:showQuestInfomation:2;A2_18:say:2;A2_27:say:2;A2_30:say:2;A2_33:say:2;A2_36:say:2;A2_42:say:2;A2_45:say:2;A2_48:say:2;A2_75:say:2;A2_78:say:2;A2_81:say:2
decomp_more_20260617,quest/scenario/fsh/fsh400,quest,quest,81,1,19,18,1,1,39,Fsh400:ScenarioBaseClass,139:fsh400,A2_3:say:5;A2_3:ask:2;A2_12:say:2;A2_24:say:2;A2_27:say:2;A2_30:say:2;A0_0:_loadTextDataPermanently:1;A2_3:startCliantTalkTurn:1;A2_3:finishCliantTalkTurn:1;A2_6:say:1;A2_9:say:1;A2_15:say:1;A2_18:say:1;A2_21:say:1;A0_31:startNQCutScene:1
decomp_more_20260617,quest/scenario/fsh/fsh500,quest,quest,5,1,1,0,1,1,1,Fsh500:ScenarioBaseClass,143:fsh500,A0_0:_loadTextDataPermanently:1
decomp_more_20260617,quest/scenario/fsh/fsh506,quest,quest,5,1,1,0,1,1,1,Fsh506:ScenarioBaseClass,147:fsh506,A0_0:_loadTextDataPermanently:1
decomp_more_20260617,quest/scenario/gcg/gcg101,quest,quest,5,1,1,0,1,0,0,Gcg101:ScenarioBaseClass,,
decomp_more_20260617,quest/scenario/gcg/gcg102,quest,quest,230,1,28,27,1,1,163,Gcg102:ScenarioBaseClass,7792:gcg102,A2_82:say:18;A2_3:say:13;A2_21:say:10;A2_82:_runCharaScheduler:8;A2_3:_runCharaScheduler:7;A2_58:say:7;A0_1:showQuestInfomation:3;A2_28:say:3;worldMaster:ask:3;A2_49:say:3;A2_70:say:3;A2_76:say:3;A0_80:_wait:3;A2_3:finishCliantTalkTurn:2;A2_12:say:2
decomp_more_20260617,quest/scenario/gcg/gcg103,quest,quest,108,1,8,7,1,1,76,Gcg103:ScenarioBaseClass,8036:gcg103,A2_6:say:22;A2_6:_runCharaScheduler:10;A2_3:say:8;A2_3:_runCharaScheduler:3;A2_14:say:3;A0_1:showQuestInfomation:2;A2_11:say:2;A0_18:startFadeInCutSceneDefault:2;A0_0:_loadTextDataPermanently:1;A2_3:startCliantTalkTurn:1;A2_3:doSalute:1;A0_1:_wait:1;A2_3:finishCliantTalkTurn:1;A2_6:startCliantTalkTurn:1;A2_6:askExtendWidget:1
decomp_more_20260617,quest/scenario/gcg/gcg104,quest,quest,5,1,1,0,1,0,0,Gcg104:ScenarioBaseClass,,
decomp_more_20260617,quest/scenario/gcg/gcg105,quest,quest,5,1,1,0,1,1,1,Gcg105:ScenarioBaseClass,10304:gcg105,A0_0:_loadTextDataPermanently:1
decomp_more_20260617,quest/scenario/gcg/gcg106,quest,quest,5,1,1,0,1,1,1,Gcg106:ScenarioBaseClass,10320:gcg106,A0_0:_loadTextDataPermanently:1
decomp_more_20260617,quest/scenario/gcg/gcg107,quest,quest,5,1,1,0,1,1,1,Gcg107:ScenarioBaseClass,10464:gcg107,A0_0:_loadTextDataPermanently:1
decomp_more_20260617,quest/scenario/gcg/gcg301,quest,quest,72,1,4,3,1,1,57,Gcg301:ScenarioBaseClass,6880:gcg301,A2_10:say:12;A2_3:say:11;A2_10:_runCharaScheduler:5;A2_3:_runCharaScheduler:4;A0_1:startFadeOut:2;A0_1:_wait:2;A0_1:startFadeIn:2;A0_1:showQuestInfomation:2;A2_7:say:2;A0_8:startFadeOut:2;A0_8:_wait:2;A0_8:startFadeIn:2;A0_0:_loadTextDataPermanently:1;A2_3:startCliantTalkTurn:1;A2_3:_waitForCharaSchedulerFinished:1
decomp_more_20260617,quest/scenario/gcg/gcg302,quest,quest,105,1,6,5,1,1,79,Gcg302:ScenarioBaseClass,6896:gcg302,A2_10:say:12;A2_17:say:12;A2_3:say:11;A2_3:_runCharaScheduler:6;A2_17:_runCharaScheduler:5;A0_15:_wait:4;A0_1:showQuestInfomation:3;A2_10:_runCharaScheduler:3;A2_3:finishCliantTalkTurn:2;A2_7:say:2;A0_15:startFadeOut:2;A2_17:startCliantTalkTurn:2;A0_15:startFadeIn:2;A0_0:_loadTextDataPermanently:1;A2_3:startCliantTalkTurn:1
decomp_more_20260617,quest/scenario/gcg/gcg303,quest,quest,110,1,7,6,1,1,81,Gcg303:ScenarioBaseClass,6912:gcg303,A2_20:say:14;A2_3:say:13;A2_20:_runCharaScheduler:8;A2_3:_runCharaScheduler:7;A2_13:say:7;A0_1:showQuestInfomation:3;A2_13:_runCharaScheduler:3;A0_18:_wait:3;A2_3:finishCliantTalkTurn:2;A2_13:startCliantTalkTurn:2;A2_13:finishCliantTalkTurn:2;A2_20:startCliantTalkTurn:2;A2_20:finishCliantTalkTurn:2;A0_0:_loadTextDataPermanently:1;A2_3:startCliantTalkTurn:1
decomp_more_20260617,quest/scenario/gcg/gcg304,quest,quest,174,1,8,7,1,1,141,Gcg304:ScenarioBaseClass,6928:gcg304,A2_23:say:26;A2_10:say:22;A2_3:say:12;A2_10:_runCharaScheduler:11;A2_23:_runCharaScheduler:9;A2_14:say:8;A2_3:_runCharaScheduler:5;A2_14:_runCharaScheduler:4;A2_7:say:3;A2_23:startCliantTalkTurn:3;A0_21:_wait:3;A0_1:startFadeOut:2;A0_1:_wait:2;A0_1:startFadeIn:2;A0_1:showQuestInfomation:2
decomp_more_20260617,quest/scenario/gcg/gcg305,quest,quest,80,1,6,5,1,1,54,Gcg305:ScenarioBaseClass,7744:gcg305,A2_16:say:12;A2_3:say:9;A2_16:_runCharaScheduler:5;A2_3:_runCharaScheduler:4;A0_1:showQuestInfomation:3;A2_3:finishCliantTalkTurn:2;A2_7:say:2;A2_10:say:2;A2_13:say:2;A0_0:_loadTextDataPermanently:1;A2_3:startCliantTalkTurn:1;A2_7:startCliantTalkTurn:1;A2_7:_runCharaScheduler:1;A2_7:finishCliantTalkTurn:1;A2_10:startCliantTalkTurn:1
decomp_more_20260617,quest/scenario/gcg/gcg501,quest,quest,5,1,1,0,1,0,0,Gcg501:ScenarioBaseClass,,
decomp_more_20260617,quest/scenario/gcg/gcg502,quest,quest,5,1,1,0,1,0,0,Gcg502:ScenarioBaseClass,,
decomp_more_20260617,quest/scenario/gcg/gcg601,quest,quest,5,1,1,0,1,0,0,Gcg601:ScenarioBaseClass,,
decomp_more_20260617,quest/scenario/gcg/gcg602,quest,quest,5,1,1,0,1,0,0,Gcg602:ScenarioBaseClass,,
decomp_more_20260617,quest/scenario/gcg/gcg603,quest,quest,5,1,1,0,1,0,0,Gcg603:ScenarioBaseClass,,
decomp_more_20260617,quest/scenario/gcg/gcg701,quest,quest,162,1,13,12,1,1,123,Gcg701:ScenarioBaseClass,7808:gcg701,A2_12:say:13;A2_3:say:8;worldMaster:say:7;A2_12:_runCharaScheduler:6;A2_3:_runCharaScheduler:5;A2_30:say:5;A2_18:say:4;A0_34:_wait:4;A0_1:showQuestInfomation:3;A2_18:askExtendWidget:3;A2_21:say:3;A2_21:askExtendWidget:3;A2_24:say:3;A2_3:finishCliantTalkTurn:2;A2_18:finishCliantTalkTurn:2
decomp_more_20260617,quest/scenario/gcg/gcg702,quest,quest,99,1,7,6,1,1,77,Gcg702:ScenarioBaseClass,10480:gcg702,A2_6:say:13;A2_6:_runCharaScheduler:7;A2_12:say:6;A0_16:_wait:5;worldMaster:say:4;A2_18:_runCharaScheduler:4;A2_18:say:4;A2_9:say:3;A2_12:_runCharaScheduler:3;A0_4:showQuestInfomation:2;desktopWidget:setGrandCompanyStatusWidgetJoinStatus:2;A0_0:_loadTextDataPermanently:1;A2_3:startCliantTalkTurn:1;A2_3:_runCharaScheduler:1;A2_3:say:1
decomp_more_20260617,quest/scenario/gcl/gcl101,quest,quest,405,1,27,26,1,1,314,Gcl101:ScenarioBaseClass,6976:gcl101,A2_10:say:20;A2_19:say:19;A2_83:say:14;A2_79:say:13;A2_87:say:13;A2_3:say:12;A2_7:say:12;A2_10:_runCharaScheduler:12;A2_26:say:10;A2_71:say:10;A2_7:_runCharaScheduler:8;A2_19:_runCharaScheduler:8;A2_87:_runCharaScheduler:8;worldMaster:say:7;A2_71:_runCharaScheduler:7
decomp_more_20260617,quest/scenario/gcl/gcl102,quest,quest,235,1,22,21,1,1,180,Gcl102:ScenarioBaseClass,7824:gcl102,A2_3:say:12;A2_31:say:12;A2_21:say:10;A2_37:say:10;A2_3:_runCharaScheduler:7;A2_31:_runCharaScheduler:6;A2_37:_runCharaScheduler:5;A2_43:say:5;A2_52:say:5;A2_9:say:4;A2_21:_runCharaScheduler:4;A0_1:showQuestInfomation:3;A2_15:say:3;A2_49:say:3;A2_64:say:3
decomp_more_20260617,quest/scenario/gcl/gcl103,quest,quest,99,1,9,8,1,1,73,Gcl103:ScenarioBaseClass,8068:gcl103,A2_9:say:16;A2_3:say:7;A2_9:_runCharaScheduler:7;A2_3:_runCharaScheduler:5;A0_1:_wait:2;A0_1:showQuestInfomation:2;A2_12:_runCharaScheduler:2;A2_12:say:2;A2_15:say:2;A2_18:say:2;A0_0:_loadTextDataPermanently:1;A2_3:startCliantTalkTurn:1;A2_3:doSalute:1;A2_3:finishCliantTalkTurn:1;A2_6:startCliantTalkTurn:1
decomp_more_20260617,quest/scenario/gcl/gcl104,quest,quest,469,1,39,38,1,1,348,Gcl104:ScenarioBaseClass,8084:gcl104,A2_36:say:20;A2_21:say:19;A2_59:say:18;A2_36:_runCharaScheduler:10;A2_42:say:10;A2_59:_runCharaScheduler:10;A2_3:say:8;A2_15:say:7;A2_9:say:6;A2_21:_runCharaScheduler:6;A0_34:_wait:5;worldMaster:say:5;A2_39:say:4;A2_42:_runCharaScheduler:4;A2_81:say:4
decomp_more_20260617,quest/scenario/gcl/gcl105,quest,quest,937,1,76,75,1,1,692,Gcl105:ScenarioBaseClass,10336:gcl105,A2_80:say:21;A2_107:say:21;A2_58:say:19;A2_169:say:12;A2_6:say:11;A2_12:say:11;A2_18:say:11;A2_149:say:11;A2_28:say:10;A2_80:_runCharaScheduler:10;A2_161:say:9;A2_165:say:9;A2_176:say:9;A2_58:_runCharaScheduler:8;A2_107:_runCharaScheduler:8
decomp_more_20260617,quest/scenario/gcl/gcl106,quest,quest,478,1,33,32,1,1,352,Gcl106:ScenarioBaseClass,10352:gcl106,A2_55:say:17;A2_95:say:17;A2_75:say:16;A2_12:say:15;A2_46:say:14;A2_20:say:10;A2_16:say:8;worldMaster:say:6;A2_29:say:6;A2_33:say:6;A2_46:_runCharaScheduler:6;A0_10:_wait:5;A2_25:say:5;A2_72:say:5;A2_92:say:5
decomp_more_20260617,quest/scenario/gcl/gcl107,quest,quest,632,1,34,32,1,1,428,Gcl107:ScenarioBaseClass,10496:gcl107,A2_54:say:15;A2_62:say:15;A2_58:say:14;A2_93:say:14;A2_110:say:12;A2_32:say:11;A2_3:say:10;A2_6:say:10;A2_9:say:10;A2_24:say:10;A2_28:say:10;A2_75:say:9;A2_93:_runCharaScheduler:8;A2_54:_runCharaScheduler:7;A2_58:_runCharaScheduler:7
decomp_more_20260617,quest/scenario/gcl/gcl301,quest,quest,63,1,4,3,1,1,48,Gcl301:ScenarioBaseClass,6992:gcl301,A2_3:say:15;A2_10:say:11;A2_3:_runCharaScheduler:6;A2_10:_runCharaScheduler:4;A0_1:showQuestInfomation:2;A2_7:say:2;A0_0:_loadTextDataPermanently:1;A2_3:startCliantTalkTurn:1;A2_3:finishCliantTalkTurn:1;A2_7:startCliantTalkTurn:1;A2_7:_runCharaScheduler:1;A2_7:finishCliantTalkTurn:1;A2_10:startCliantTalkTurn:1;A2_10:finishCliantTalkTurn:1
decomp_more_20260617,quest/scenario/gcl/gcl302,quest,quest,82,1,8,7,1,1,53,Gcl302:ScenarioBaseClass,7008:gcl302,A2_3:say:13;A2_3:_runCharaScheduler:5;A0_1:showQuestInfomation:3;A2_22:say:3;A2_3:finishCliantTalkTurn:2;A2_22:_runCharaScheduler:2;A0_0:_loadTextDataPermanently:1;A2_3:startCliantTalkTurn:1;A2_7:startCliantTalkTurn:1;A2_7:say:1;A2_7:finishCliantTalkTurn:1;A2_10:startCliantTalkTurn:1;A2_10:_runCharaScheduler:1;A2_10:say:1;A2_10:finishCliantTalkTurn:1
decomp_more_20260617,quest/scenario/gcl/gcl303,quest,quest,63,1,5,4,1,1,41,Gcl303:ScenarioBaseClass,7024:gcl303,A2_3:say:17;A2_13:say:8;A0_1:showQuestInfomation:3;A2_3:finishCliantTalkTurn:2;A2_7:say:2;A0_0:_loadTextDataPermanently:1;A2_3:startCliantTalkTurn:1;A2_7:startCliantTalkTurn:1;A2_7:finishCliantTalkTurn:1;A2_10:startCliantTalkTurn:1;A2_10:say:1;A2_10:finishCliantTalkTurn:1;A2_13:startCliantTalkTurn:1;A2_13:finishCliantTalkTurn:1
decomp_more_20260617,quest/scenario/gcl/gcl304,quest,quest,140,1,9,8,1,1,107,Gcl304:ScenarioBaseClass,7040:gcl304,A2_9:say:14;A2_3:say:12;A2_26:say:12;A2_26:_runCharaScheduler:10;A0_24:_wait:9;A2_9:_runCharaScheduler:7;A2_12:say:4;A0_7:_wait:3;A0_1:startFadeOut:2;A0_1:_wait:2;A0_1:startFadeIn:2;A0_1:showQuestInfomation:2;A2_6:say:2;A2_15:ask:2;A0_24:startFadeOut:2
decomp_more_20260617,quest/scenario/gcl/gcl305,quest,quest,75,1,8,7,1,1,52,Gcl305:ScenarioBaseClass,7760:gcl305,A2_3:say:14;A2_3:_runCharaScheduler:8;A2_10:say:5;A2_10:_runCharaScheduler:3;A0_1:showQuestInfomation:2;A2_7:say:2;A0_8:_wait:2;A0_0:_loadTextDataPermanently:1;A2_3:startCliantTalkTurn:1;A2_3:finishCliantTalkTurn:1;A2_7:startCliantTalkTurn:1;A2_7:_runCharaScheduler:1;A2_7:finishCliantTalkTurn:1;A2_10:startCliantTalkTurn:1;A2_10:finishCliantTalkTurn:1
decomp_more_20260617,quest/scenario/gcl/gcl501,quest,quest,5,1,1,0,1,0,0,Gcl501:ScenarioBaseClass,,
decomp_more_20260617,quest/scenario/gcl/gcl502,quest,quest,5,1,1,0,1,0,0,Gcl502:ScenarioBaseClass,,
decomp_more_20260617,quest/scenario/gcl/gcl601,quest,quest,5,1,1,0,1,0,0,Gcl601:ScenarioBaseClass,,
decomp_more_20260617,quest/scenario/gcl/gcl602,quest,quest,5,1,1,0,1,0,0,Gcl602:ScenarioBaseClass,,
decomp_more_20260617,quest/scenario/gcl/gcl603,quest,quest,5,1,1,0,1,0,0,Gcl603:ScenarioBaseClass,,
decomp_more_20260617,quest/scenario/gcl/gcl701,quest,quest,155,1,13,12,1,1,117,Gcl701:ScenarioBaseClass,7840:gcl701,A2_12:say:12;A2_3:say:7;worldMaster:say:7;A2_3:_runCharaScheduler:5;A2_12:_runCharaScheduler:4;A2_18:say:4;A2_24:say:4;A2_30:say:4;A0_34:_wait:4;A0_1:showQuestInfomation:3;A2_18:askExtendWidget:3;A2_21:say:3;A2_21:askExtendWidget:3;A2_36:say:3;A2_3:finishCliantTalkTurn:2
decomp_more_20260617,quest/scenario/gcl/gcl702,quest,quest,97,1,7,6,1,1,75,Gcl702:ScenarioBaseClass,10512:gcl702,A2_6:say:11;A2_6:_runCharaScheduler:6;A2_12:say:5;A0_16:_wait:5;worldMaster:say:4;A2_18:_runCharaScheduler:4;A2_18:say:4;A2_9:say:3;A2_12:_runCharaScheduler:3;A2_3:say:2;A0_4:showQuestInfomation:2;desktopWidget:setGrandCompanyStatusWidgetJoinStatus:2;A0_0:_loadTextDataPermanently:1;A2_3:startCliantTalkTurn:1;A2_3:_runCharaScheduler:1
decomp_more_20260617,quest/scenario/gcu/gcu101,quest,quest,5,1,1,0,1,0,0,Gcu101:ScenarioBaseClass,,
decomp_more_20260617,quest/scenario/gcu/gcu102,quest,quest,230,1,25,24,1,1,161,Gcu102:ScenarioBaseClass,7856:gcu102,A2_67:say:18;A2_18:say:9;A2_67:_runCharaScheduler:9;A2_3:say:8;A2_12:say:6;A2_43:say:5;A2_9:say:4;A2_15:say:4;A2_3:_runCharaScheduler:3;A2_18:_runCharaScheduler:3;A2_22:say:3;worldMaster:say:3;A0_1:showQuestInfomation:2;A2_6:say:2;A2_12:_runCharaScheduler:2
decomp_more_20260617,quest/scenario/gcu/gcu103,quest,quest,115,1,12,11,1,1,81,Gcu103:ScenarioBaseClass,8100:gcu103,A2_12:say:13;A2_3:say:9;A2_12:_runCharaScheduler:6;A2_31:say:6;A2_3:_runCharaScheduler:5;A2_9:say:4;A2_22:say:4;A0_1:showQuestInfomation:2;A2_6:say:2;A2_9:_runCharaScheduler:2;A2_19:say:2;A0_0:_loadTextDataPermanently:1;A2_3:startCliantTalkTurn:1;A2_3:finishCliantTalkTurn:1;A2_6:startCliantTalkTurn:1
decomp_more_20260617,quest/scenario/gcu/gcu104,quest,quest,5,1,1,0,1,0,0,Gcu104:ScenarioBaseClass,,
decomp_more_20260617,quest/scenario/gcu/gcu105,quest,quest,5,1,1,0,1,1,1,Gcu105:ScenarioBaseClass,10368:gcu105,A0_0:_loadTextDataPermanently:1
decomp_more_20260617,quest/scenario/gcu/gcu106,quest,quest,5,1,1,0,1,1,1,Gcu106:ScenarioBaseClass,10384:gcu106,A0_0:_loadTextDataPermanently:1
decomp_more_20260617,quest/scenario/gcu/gcu107,quest,quest,5,1,1,0,1,1,1,Gcu107:ScenarioBaseClass,10528:gcu107,A0_0:_loadTextDataPermanently:1
decomp_more_20260617,quest/scenario/gcu/gcu301,quest,quest,77,1,4,3,1,1,62,Gcu301:ScenarioBaseClass,7104:gcu301,A2_3:say:11;A2_10:say:10;A2_3:_runCharaScheduler:5;A0_8:_wait:5;A2_10:_runCharaScheduler:5;A2_7:say:3;A0_8:startFadeOut:3;A0_8:startFadeIn:3;A0_1:startFadeOut:2;A0_1:_wait:2;A0_1:startFadeIn:2;A0_1:showQuestInfomation:2;A0_0:_loadTextDataPermanently:1;A2_3:startCliantTalkTurn:1;A2_3:finishCliantTalkTurn:1
decomp_more_20260617,quest/scenario/gcu/gcu302,quest,quest,176,1,10,9,1,1,130,Gcu302:ScenarioBaseClass,7120:gcu302,A2_16:say:16;A2_10:say:14;A2_3:say:11;A2_10:_runCharaScheduler:5;A2_16:_runCharaScheduler:5;A2_3:_runCharaScheduler:4;A2_28:say:4;A0_14:_wait:3;A0_1:startFadeOut:2;A0_1:_wait:2;A0_1:startFadeIn:2;A0_1:showQuestInfomation:2;A2_7:say:2;A2_10:isUpperRank:2;A2_13:say:2
decomp_more_20260617,quest/scenario/gcu/gcu303,quest,quest,92,1,7,6,1,1,67,Gcu303:ScenarioBaseClass,7136:gcu303,A2_10:say:14;A2_3:say:11;A2_3:_runCharaScheduler:7;A2_10:_runCharaScheduler:7;A2_10:ask:5;A0_1:showQuestInfomation:2;A2_3:_waitForCharaSchedulerFinished:2;A0_8:_wait:2;A0_0:_loadTextDataPermanently:1;A2_3:startCliantTalkTurn:1;A2_3:finishCliantTalkTurn:1;A2_7:startCliantTalkTurn:1;A2_7:_runCharaScheduler:1;A2_7:say:1;A2_7:_waitForCharaSchedulerFinished:1
decomp_more_20260617,quest/scenario/gcu/gcu304,quest,quest,146,1,9,8,1,1,101,Gcu304:ScenarioBaseClass,7152:gcu304,A2_27:say:20;A2_10:say:14;A2_3:say:11;A2_27:_runCharaScheduler:7;A2_27:isUpperRank:6;A2_3:_runCharaScheduler:5;A2_10:_runCharaScheduler:5;A2_13:say:4;A0_1:showQuestInfomation:2;A2_7:say:2;A2_16:ask:2;A2_27:ask:2;A0_0:_loadTextDataPermanently:1;A2_3:startCliantTalkTurn:1;A2_3:finishCliantTalkTurn:1
decomp_more_20260617,quest/scenario/gcu/gcu305,quest,quest,69,1,4,3,1,1,54,Gcu305:ScenarioBaseClass,7776:gcu305,A2_10:say:16;A2_3:say:13;A2_10:_runCharaScheduler:7;A2_3:_runCharaScheduler:6;A0_1:showQuestInfomation:2;A2_7:say:2;A0_0:_loadTextDataPermanently:1;A2_3:startCliantTalkTurn:1;A2_3:finishCliantTalkTurn:1;A2_7:startCliantTalkTurn:1;A2_7:_runCharaScheduler:1;A2_7:finishCliantTalkTurn:1;A2_10:startCliantTalkTurn:1;A2_10:finishCliantTalkTurn:1
decomp_more_20260617,quest/scenario/gcu/gcu501,quest,quest,5,1,1,0,1,0,0,Gcu501:ScenarioBaseClass,,
decomp_more_20260617,quest/scenario/gcu/gcu502,quest,quest,5,1,1,0,1,0,0,Gcu502:ScenarioBaseClass,,
decomp_more_20260617,quest/scenario/gcu/gcu601,quest,quest,5,1,1,0,1,0,0,Gcu601:ScenarioBaseClass,,
decomp_more_20260617,quest/scenario/gcu/gcu602,quest,quest,5,1,1,0,1,0,0,Gcu602:ScenarioBaseClass,,
decomp_more_20260617,quest/scenario/gcu/gcu603,quest,quest,5,1,1,0,1,0,0,Gcu603:ScenarioBaseClass,,
decomp_more_20260617,quest/scenario/gcu/gcu701,quest,quest,181,1,13,12,1,1,135,Gcu701:ScenarioBaseClass,7872:gcu701,A2_12:say:11;A2_3:say:8;worldMaster:say:7;A2_12:_runCharaScheduler:5;A2_18:say:5;A2_24:say:4;A2_30:say:4;A0_34:_wait:4;A2_3:_runCharaScheduler:3;A2_18:_runCharaScheduler:3;A2_21:_runCharaScheduler:3;A2_21:say:3;A0_1:showQuestInfomation:2;A2_18:askExtendWidget:2;A2_21:askExtendWidget:2
decomp_more_20260617,quest/scenario/gcu/gcu702,quest,quest,100,1,7,6,1,1,78,Gcu702:ScenarioBaseClass,10544:gcu702,A2_6:say:12;A2_6:_runCharaScheduler:6;A2_12:say:5;A0_16:_wait:5;A2_18:say:5;worldMaster:say:4;A2_18:_runCharaScheduler:4;A2_9:say:3;A2_12:_runCharaScheduler:3;A2_3:say:2;A0_4:showQuestInfomation:2;A2_9:_runCharaScheduler:2;desktopWidget:setGrandCompanyStatusWidgetJoinStatus:2;A0_0:_loadTextDataPermanently:1;A2_3:startCliantTalkTurn:1
decomp_more_20260617,quest/scenario/gla/gla200,quest,quest,160,1,23,22,1,1,94,Gla200:ScenarioBaseClass,513:gla200,A2_3:say:10;A2_16:say:3;A2_19:say:2;A2_22:say:2;A2_25:say:2;A2_28:say:2;A2_31:say:2;A2_34:say:2;A2_37:say:2;A2_40:say:2;A2_46:say:2;A2_49:say:2;A2_52:say:2;A2_55:say:2;A2_58:say:2
decomp_more_20260617,quest/scenario/gla/gla300,quest,quest,314,1,51,50,1,1,202,Gla300:ScenarioBaseClass,517:gla300,worldMaster:ask:4;A2_36:say:4;A2_9:say:3;A2_39:say:3;A2_48:say:3;A2_147:say:3;A0_1:startNQCutScene:2;A0_1:startFadeInCutSceneDefault:2;A2_9:ask:2;A2_21:say:2;A2_42:say:2;A2_51:say:2;A2_54:say:2;A2_57:say:2;A2_60:say:2
decomp_more_20260617,quest/scenario/gla/gla306,quest,quest,288,1,45,44,1,1,188,Gla306:ScenarioBaseClass,521:gla306,A2_3:say:4;A2_6:say:4;A2_21:say:4;worldMaster:ask:4;A2_42:say:4;A2_9:say:3;A2_66:say:3;A2_93:say:3;A0_1:showQuestInfomation:2;A2_9:ask:2;A2_9:finishCliantTalkTurn:2;A2_21:startCliantTalkTurn:2;A2_36:say:2;A2_36:finishCliantTalkTurn:2;A2_45:say:2
decomp_more_20260617,quest/scenario/gla/gla400,quest,quest,5,1,1,0,1,1,1,Gla400:ScenarioBaseClass,525:gla400,A0_0:_loadTextDataPermanently:1
decomp_more_20260617,quest/scenario/gld/gld200,quest,quest,217,1,34,33,1,1,141,Gld200:ScenarioBaseClass,1816:gld200,A2_3:say:13;A2_6:say:5;A2_24:say:4;A2_51:say:4;A0_1:showQuestInfomation:2;A2_18:say:2;worldMaster:ask:2;A2_27:say:2;A2_30:say:2;A2_36:say:2;A2_42:say:2;A2_45:say:2;A2_48:say:2;A2_54:say:2;A2_57:say:2
decomp_more_20260617,quest/scenario/gld/gld300,quest,quest,216,1,33,32,1,1,144,Gld300:ScenarioBaseClass,1492:gld300,A2_3:say:10;A2_31:say:5;A2_22:say:4;A2_28:say:4;A2_55:say:3;A2_94:say:3;A0_1:showQuestInfomation:2;A2_19:say:2;A2_34:say:2;worldMaster:ask:2;A2_40:say:2;A2_43:say:2;A2_46:say:2;A2_49:say:2;A2_52:say:2
decomp_more_20260617,quest/scenario/gld/gld306,quest,quest,183,1,31,30,1,1,117,Gld306:ScenarioBaseClass,1505:gld306,A2_27:say:4;A2_9:say:3;A2_63:say:3;A2_6:say:2;A2_18:say:2;worldMaster:ask:2;A2_24:say:2;A2_30:say:2;A2_33:say:2;A2_36:say:2;A2_39:say:2;A2_42:say:2;A2_48:say:2;A2_66:say:2;A2_69:say:2
decomp_more_20260617,quest/scenario/gld/gld400,quest,quest,5,1,1,0,1,1,1,Gld400:ScenarioBaseClass,1518:gld400,A0_0:_loadTextDataPermanently:1
decomp_more_20260617,quest/scenario/gld/gld500,quest,quest,5,1,1,0,1,1,1,Gld500:ScenarioBaseClass,1531:gld500,A0_0:_loadTextDataPermanently:1
decomp_more_20260617,quest/scenario/gld/gld506,quest,quest,5,1,1,0,1,1,1,Gld506:ScenarioBaseClass,1544:gld506,A0_0:_loadTextDataPermanently:1
decomp_more_20260617,quest/scenario/hrv/hrv200,quest,quest,110,1,15,14,1,1,60,Hrv200:ScenarioBaseClass,245:hrv200,A2_3:say:8;A2_40:say:3;A2_19:say:2;A2_22:say:2;A2_25:say:2;A2_28:say:2;A2_31:say:2;A2_34:say:2;A2_37:say:2;A2_43:say:2;A0_0:_loadTextDataPermanently:1;A0_1:showQuestInfomation:1;A2_3:finishCliantTalkTurn:1;A0_5:startFadeOutCutSceneDefault:1;A0_5:startNQCutScene:1
decomp_more_20260617,quest/scenario/hrv/hrv300,quest,quest,203,1,32,31,1,1,135,Hrv300:ScenarioBaseClass,371:hrv300,A2_3:say:9;A2_15:say:4;A2_27:say:4;A2_39:say:4;A2_54:say:3;A2_66:say:3;A0_1:showQuestInfomation:2;A2_9:say:2;A2_12:say:2;A2_18:say:2;A2_21:say:2;A2_36:say:2;A2_42:say:2;A2_57:say:2;A2_60:say:2
decomp_more_20260617,quest/scenario/hrv/hrv306,quest,quest,226,1,35,34,1,1,146,Hrv306:ScenarioBaseClass,375:hrv306,A2_3:say:6;A2_19:say:6;A2_16:say:4;A2_25:say:4;A2_28:say:3;A2_100:say:3;A2_103:say:3;A0_1:showQuestInfomation:2;A0_4:startNQCutScene:2;A2_31:say:2;A2_43:say:2;A2_46:say:2;A2_49:say:2;A2_52:say:2;A2_55:say:2
decomp_more_20260617,quest/scenario/hrv/hrv400,quest,quest,5,1,1,0,1,1,1,Hrv400:ScenarioBaseClass,379:hrv400,A0_0:_loadTextDataPermanently:1
decomp_more_20260617,quest/scenario/hrv/hrv500,quest,quest,5,1,1,0,1,1,1,Hrv500:ScenarioBaseClass,383:hrv500,A0_0:_loadTextDataPermanently:1
decomp_more_20260617,quest/scenario/hrv/hrv506,quest,quest,5,1,1,0,1,1,1,Hrv506:ScenarioBaseClass,387:hrv506,A0_0:_loadTextDataPermanently:1
decomp_more_20260617,quest/scenario/lnc/lnc200,quest,quest,152,1,24,23,1,1,98,Lnc200:ScenarioBaseClass,455:lnc200,A2_3:say:11;A2_15:say:3;A0_1:showQuestInfomation:2;A2_3:finishCliantTalkTurn:2;A2_18:say:2;A2_21:say:2;A2_30:say:2;A2_33:say:2;A2_36:say:2;A2_39:say:2;A2_42:say:2;A2_45:say:2;A2_54:say:2;A2_57:say:2;A2_60:say:2
decomp_more_20260617,quest/scenario/lnc/lnc300,quest,quest,334,1,59,58,1,1,214,Lnc300:ScenarioBaseClass,459:lnc300,A2_37:say:3;A2_46:say:3;A2_34:say:2;A2_40:say:2;A2_49:say:2;A2_52:say:2;A2_55:say:2;A2_64:say:2;A2_67:say:2;A2_70:say:2;A2_76:say:2;A2_79:say:2;A2_85:say:2;A2_91:say:2;A2_94:say:2
decomp_more_20260617,quest/scenario/lnc/lnc306,quest,quest,195,1,34,33,1,1,121,Lnc306:ScenarioBaseClass,463:lnc306,A2_3:say:5;A2_24:say:4;A0_1:showQuestInfomation:2;A2_15:say:2;worldMaster:ask:2;A2_27:say:2;A2_33:say:2;A2_42:say:2;A2_48:say:2;A2_72:say:2;A2_81:say:2;A2_84:say:2;A2_87:say:2;A2_99:say:2;A0_0:_loadTextDataPermanently:1
decomp_more_20260617,quest/scenario/lnc/lnc400,quest,quest,5,1,1,0,1,1,1,Lnc400:ScenarioBaseClass,467:lnc400,A0_0:_loadTextDataPermanently:1
decomp_more_20260617,quest/scenario/lnc/lnc500,quest,quest,5,1,1,0,1,1,1,Lnc500:ScenarioBaseClass,471:lnc500,A0_0:_loadTextDataPermanently:1
decomp_more_20260617,quest/scenario/lnc/lnc506,quest,quest,5,1,1,0,1,1,1,Lnc506:ScenarioBaseClass,475:lnc506,A0_0:_loadTextDataPermanently:1
decomp_more_20260617,quest/scenario/man/man0g0,quest,quest,1327,1,29,28,1,1,103,Man0g0:ScenarioBaseClass,391:man0g0,desktopWidget:setTutorialMask:15;desktopWidget:cancelDesktopWidgetMode:8;desktopWidget:openTutorialWidget:7;desktopWidget:closeTutorialWidget:4;worldMaster:_cancelAimCameraTutorial:3;desktopWidget:orderDesktopWidgetMode:2;A2_30:say:2;A2_33:_runCharaScheduler:2;A2_33:say:2;A2_39:say:2;A2_42:say:2;A2_101:say:2;A2_107:say:2;A0_0:_loadTextDataPermanently:1;A0_1:startFadeOutCutSceneDefault:1
decomp_more_20260617,quest/scenario/man/man0g1,quest,quest,580,1,94,93,1,1,306,Man0g1:ScenarioBaseClass,395:man0g1,worldMaster:say:10;A2_264:say:6;A0_37:tellByNpcLinkshellChat:5;A2_48:say:5;A0_37:_wait:4;A2_63:say:4;A2_36:say:3;A0_40:tellByNpcLinkshellChat:3;A2_51:say:3;A2_108:say:3;A2_207:say:3;A2_9:say:2;A2_12:say:2;A2_15:say:2;A2_18:say:2
decomp_more_20260617,quest/scenario/man/man0l0,quest,quest,1320,1,44,43,1,1,203,Man0l0:ScenarioBaseClass,21:man0l0,desktopWidget:setTutorialMask:14;desktopWidget:cancelDesktopWidgetMode:9;A0_91:startFadeOutCutSceneDefault:8;A0_91:startHQCutScene:8;A0_91:startFadeInCutSceneDefault:8;desktopWidget:openTutorialWidget:7;A2_81:say:5;desktopWidget:closeTutorialWidget:4;desktopWidget:orderDesktopWidgetMode:4;A2_81:_runCharaScheduler:4;worldMaster:_cancelAimCameraTutorial:3;A2_18:say:2;A2_21:say:2;A2_27:say:2;A2_48:say:2
decomp_more_20260617,quest/scenario/man/man0l1,quest,quest,796,1,101,100,1,1,431,Man0l1:ScenarioBaseClass,94:man0l1,A0_318:startFadeOutCutSceneDefault:16;A0_318:startNQCutScene:16;A0_318:startFadeInCutSceneDefault:16;worldMaster:say:9;A2_42:say:6;A2_256:say:6;A0_31:tellByNpcLinkshellChat:5;A0_31:_wait:4;A2_45:say:4;A2_174:say:4;A2_244:say:4;A0_251:tellByNpcLinkshellChat:4;A0_251:_wait:4;A2_30:say:3;A0_34:tellByNpcLinkshellChat:3
decomp_more_20260617,quest/scenario/man/man0u0,quest,quest,1309,1,47,46,1,1,252,Man0u0:ScenarioBaseClass,1351:man0u0,desktopWidget:setTutorialMask:15;desktopWidget:cancelDesktopWidgetMode:12;worldMaster:_runCharaSchedulerTutorial:10;desktopWidget:openTutorialWidget:9;desktopWidget:orderDesktopWidgetMode:8;desktopWidget:closeTutorialWidget:6;A0_79:_wait:5;worldMaster:_lookAtPlayerTutorial:5;worldMaster:_cancelAimCameraTutorial:5;A0_91:_wait:5;worldMaster:_isKeyboardOnlyTutorial:4;desktopWidget:openPublicInformDialogWidget:3;desktopWidget:openTutorialSuccessWidget:3;worldMaster:_aimCameraTutorial:3;worldMaster:_cancelLookAtPlayerTutorial:3
decomp_more_20260617,quest/scenario/man/man0u1,quest,quest,693,1,114,113,1,1,422,Man0u1:ScenarioBaseClass,1359:man0u1,worldMaster:say:11;A2_51:say:6;A2_189:_runCharaScheduler:6;A2_189:_waitForCharaSchedulerFinished:6;A2_325:say:6;A0_40:tellByNpcLinkshellChat:5;A0_40:_wait:4;A2_54:say:4;A2_39:say:3;A0_43:tellByNpcLinkshellChat:3;A2_75:say:3;A2_126:say:3;A2_292:say:3;A2_334:say:3;A2_9:say:2
decomp_more_20260617,quest/scenario/man/man1g0,quest,quest,183,1,35,34,1,1,111,Man1g0:ScenarioBaseClass,399:man1g0,A2_96:say:4;A2_6:say:2;A2_12:say:2;A2_15:say:2;A2_21:say:2;A2_51:say:2;A2_57:say:2;A2_81:say:2;A0_0:_loadTextDataPermanently:1;A0_1:startFadeOutCutSceneDefault:1;A0_1:startNQCutScene:1;A0_1:startFadeInCutSceneDefault:1;A2_6:startCliantTalkTurn:1;A2_6:finishCliantTalkTurn:1;A0_7:startFadeOutCutSceneDefault:1
decomp_more_20260617,quest/scenario/man/man1l0,quest,quest,288,1,50,49,1,1,172,Man1l0:ScenarioBaseClass,98:man1l0,A0_146:startFadeOutCutSceneDefault:6;A0_146:startNQCutScene:6;A0_146:startFadeInCutSceneDefault:6;A2_81:say:4;A2_136:say:4;A2_6:say:2;A2_15:say:2;A2_18:say:2;A2_21:say:2;A2_33:say:2;A2_54:say:2;A2_75:say:2;A2_88:say:2;A2_97:say:2;A2_100:say:2
decomp_more_20260617,quest/scenario/man/man1u0,quest,quest,301,1,53,52,1,1,193,Man1u0:ScenarioBaseClass,1363:man1u0,A2_150:say:6;A2_93:say:4;A2_21:say:3;A2_33:say:3;A2_36:say:3;A2_45:say:3;A2_111:say:3;A2_126:say:3;A2_9:say:2;A2_15:say:2;A2_27:say:2;A2_30:say:2;A2_39:say:2;A2_42:say:2;A2_51:say:2
decomp_more_20260617,quest/scenario/man/man200,quest,quest,621,1,45,35,1,1,212,Man200:ScenarioBaseClass,1557:man200,A2_142:say:9;A2_205:say:9;A0_165:startNQCutScene:6;A0_184:startNQCutScene:6;A2_11:say:3;A2_84:say:3;A2_123:say:3;A2_17:say:2;A2_20:say:2;A2_23:say:2;A2_29:say:2;A2_32:say:2;A2_35:say:2;A2_38:say:2;A2_44:say:2
decomp_more_20260617,quest/scenario/man/man206,quest,quest,266,1,47,42,1,1,166,Man206:ScenarioBaseClass,1570:man206,A2_68:say:3;A2_84:say:3;A0_100:startSnpcNQCutScene:3;A2_6:say:2;A2_9:say:2;A2_15:say:2;A0_34:startNQCutScene:2;A2_39:say:2;A2_44:say:2;A2_47:say:2;A2_50:say:2;A2_53:say:2;A2_56:say:2;A2_59:say:2;A2_65:say:2
decomp_more_20260617,quest/scenario/man/man2g0,quest,quest,366,1,66,65,1,1,224,Man2g0:ScenarioBaseClass,403:man2g0,A2_3:say:3;A2_30:say:3;A2_81:say:3;A2_84:say:3;A0_178:startNQCutScene:3;A2_6:say:2;A2_9:say:2;A2_12:ask:2;A2_15:ask:2;A2_18:say:2;A2_36:say:2;A2_39:say:2;A2_90:say:2;A2_102:say:2;A2_105:say:2
decomp_more_20260617,quest/scenario/man/man2l0,quest,quest,241,1,27,26,1,1,155,Man2l0:ScenarioBaseClass,23:man2l0,A0_79:startFadeOutCutSceneDefault:21;A0_79:startFadeInCutSceneDefault:21;A0_79:startNQCutScene:19;A2_6:say:3;A2_9:say:3;A2_52:say:3;A0_71:startNQCutScene:3;A0_10:startNQCutScene:2;A2_15:say:2;A2_15:ask:2;A2_18:say:2;A2_21:say:2;A2_21:ask:2;A0_34:startNQCutScene:2;A2_43:say:2
decomp_more_20260617,quest/scenario/man/man2u0,quest,quest,147,1,26,25,1,1,90,Man2u0:ScenarioBaseClass,1367:man2u0,A2_3:say:3;A2_6:say:3;A2_33:say:3;A2_60:say:3;A0_70:startNQCutScene:3;A0_7:startNQCutScene:2;A2_12:say:2;A2_66:say:2;worldMaster:say:2;A0_0:_loadTextDataPermanently:1;A2_3:startCliantTalkTurn:1;A2_3:finishCliantTalkTurn:1;A2_6:startCliantTalkTurn:1;A2_6:finishCliantTalkTurn:1;A0_7:startFadeOutCutSceneDefault:1
decomp_more_20260617,quest/scenario/man/man300,quest,quest,329,1,55,48,1,1,212,Man300:ScenarioBaseClass,1583:man300,A2_27:say:6;A2_81:say:3;A2_105:say:3;A2_131:say:3;A0_25:showQuestInfomation:2;A2_32:say:2;A2_35:say:2;A2_38:say:2;A2_41:say:2;A2_44:say:2;A2_47:say:2;A2_50:say:2;A2_58:say:2;A2_61:say:2;A2_64:say:2
decomp_more_20260617,quest/scenario/man/man304,quest,quest,257,1,34,29,1,1,124,Man304:ScenarioBaseClass,1596:man304,A2_28:say:18;A2_72:ask:2;A2_85:say:2;A2_89:say:2;A2_92:say:2;A2_95:say:2;A2_105:say:2;A2_114:say:2;A2_120:say:2;A0_0:_loadTextDataPermanently:1;A0_1:startFadeOutCutSceneDefault:1;A0_1:startFadeInCutSceneDefault:1;A0_1:startSnpcNQCutScene:1;A2_12:startCliantTalkTurn:1;A2_12:say:1
decomp_more_20260617,quest/scenario/man/man308,quest,quest,384,1,28,17,1,1,174,Man308:ScenarioBaseClass,1609:man308,A2_3:say:54;A2_11:say:27;A2_36:say:9;A0_1:showQuestInfomation:2;A0_73:startSnpcNQCutScene:2;A2_89:say:2;A2_92:say:2;A2_95:say:2;A2_98:say:2;A2_110:say:2;A2_116:say:2;A2_119:say:2;A2_122:say:2;A2_125:say:2;A0_0:_loadTextDataPermanently:1
decomp_more_20260617,quest/scenario/man/man402,quest,quest,129,1,18,11,1,1,66,Man402:ScenarioBaseClass,1622:man402,A2_38:say:2;A2_41:say:2;A2_44:say:2;A2_52:say:2;A2_55:say:2;A2_58:say:2;A2_64:say:2;A2_67:say:2;A2_70:say:2;A2_79:say:2;A2_82:say:2;A2_85:say:2;A0_0:_loadTextDataPermanently:1;A0_1:startFadeOutCutSceneDefault:1;A0_1:startFadeInCutSceneDefault:1
decomp_more_20260617,quest/scenario/man/man406,quest,quest,349,1,43,30,1,1,172,Man406:ScenarioBaseClass,1635:man406,A2_11:say:9;A2_153:say:9;A0_1:startSnpcNQCutScene:2;A2_19:say:2;A2_25:say:2;A2_28:say:2;A2_31:say:2;A2_34:say:2;A2_48:say:2;A2_57:say:2;A2_60:say:2;A2_63:say:2;A2_69:say:2;A2_83:say:2;A2_100:say:2
decomp_more_20260617,quest/scenario/man/man502,quest,quest,5,1,1,0,1,1,1,Man502:ScenarioBaseClass,1648:man502,A0_0:_loadTextDataPermanently:1
decomp_more_20260617,quest/scenario/man/man504,quest,quest,5,1,1,0,1,1,1,Man504:ScenarioBaseClass,1661:man504,A0_0:_loadTextDataPermanently:1
decomp_more_20260617,quest/scenario/min/min200,quest,quest,179,1,28,27,1,1,117,Min200:ScenarioBaseClass,1829:min200,A2_3:say:11;A2_42:say:4;A2_15:say:3;A2_18:say:3;A2_21:say:3;A2_3:startCliantTalkTurn:2;A0_1:showQuestInfomation:2;A2_3:finishCliantTalkTurn:2;A2_9:say:2;A2_48:say:2;A2_63:say:2;A2_66:say:2;A2_69:say:2;A2_72:say:2;A2_75:say:2
decomp_more_20260617,quest/scenario/min/min300,quest,quest,256,1,41,40,1,1,156,Min300:ScenarioBaseClass,1674:min300,A2_3:say:5;A2_9:say:3;A0_1:showQuestInfomation:2;A2_18:say:2;worldMaster:ask:2;A2_38:say:2;A2_41:say:2;A2_44:say:2;A2_47:say:2;A2_50:say:2;A2_53:say:2;A2_56:say:2;A2_59:say:2;A2_62:say:2;A2_65:say:2
decomp_more_20260617,quest/scenario/min/min306,quest,quest,176,1,28,27,1,1,116,Min306:ScenarioBaseClass,1687:min306,A2_3:say:5;A2_45:say:4;A2_39:say:3;A2_42:say:3;A0_1:showQuestInfomation:2;A2_6:say:2;A2_15:say:2;A2_21:say:2;A2_24:say:2;A2_27:say:2;A2_30:say:2;A2_33:say:2;A2_36:say:2;A2_48:say:2;A2_51:say:2
decomp_more_20260617,quest/scenario/min/min400,quest,quest,5,1,1,0,1,1,1,Min400:ScenarioBaseClass,1700:min400,A0_0:_loadTextDataPermanently:1
decomp_more_20260617,quest/scenario/min/min500,quest,quest,5,1,1,0,1,1,1,Min500:ScenarioBaseClass,1713:min500,A0_0:_loadTextDataPermanently:1
decomp_more_20260617,quest/scenario/min/min506,quest,quest,5,1,1,0,1,1,1,Min506:ScenarioBaseClass,1726:min506,A0_0:_loadTextDataPermanently:1
decomp_more_20260617,quest/scenario/mnk/mnk0j1,quest,quest,100,1,11,10,1,1,71,Mnk0j1:ScenarioBaseClass,8452:mnk0j1,A2_11:say:20;A2_3:say:13;A2_11:_runCharaScheduler:5;A2_3:_runCharaScheduler:4;worldMaster:say:4;A0_1:showQuestInfomation:2;A2_14:say:2;A0_22:_wait:2;A0_0:_loadTextDataPermanently:1;A2_3:startCliantTalkTurn:1;A2_3:finishCliantTalkTurn:1;A2_8:startCliantTalkTurn:1;A2_8:_runCharaScheduler:1;A2_8:say:1;A2_8:finishCliantTalkTurn:1
decomp_more_20260617,quest/scenario/mnk/mnk0j2,quest,quest,100,1,11,7,1,1,74,Mnk0j2:ScenarioBaseClass,8468:mnk0j2,A2_3:say:21;A2_3:_runCharaScheduler:13;A0_1:_wait:4;A2_6:say:4;A2_3:startCliantTalkTurn:3;A2_3:finishCliantTalkTurn:3;worldMaster:say:3;A0_1:showQuestInfomation:2;A2_6:_runCharaScheduler:2;A2_12:say:2;A0_0:_loadTextDataPermanently:1;A2_6:startCliantTalkTurn:1;A2_6:finishCliantTalkTurn:1;A2_9:startCliantTalkTurn:1;A2_9:_runCharaScheduler:1
decomp_more_20260617,quest/scenario/mnk/mnk0j3,quest,quest,119,1,13,12,1,1,89,Mnk0j3:ScenarioBaseClass,8484:mnk0j3,A2_9:say:15;A2_9:_runCharaScheduler:8;A2_15:say:6;worldMaster:say:5;A0_7:showQuestInfomation:3;A2_12:say:3;A2_18:say:3;A2_21:say:3;A2_3:say:2;A2_9:finishCliantTalkTurn:2;A2_12:_runCharaScheduler:2;A0_13:_wait:2;A2_15:_runCharaScheduler:2;A2_18:_runCharaScheduler:2;A0_25:_wait:2
decomp_more_20260617,quest/scenario/mnk/mnk0j4,quest,quest,104,1,11,7,1,1,78,Mnk0j4:ScenarioBaseClass,8500:mnk0j4,A2_3:say:24;A2_3:_runCharaScheduler:14;A0_1:_wait:7;worldMaster:say:3;A2_13:say:3;A0_1:showQuestInfomation:2;A2_10:say:2;A2_16:say:2;A0_0:_loadTextDataPermanently:1;A2_3:startCliantTalkTurn:1;A0_1:startFadeOut:1;A0_1:startFadeIn:1;A2_3:finishCliantTalkTurn:1;A2_7:startCliantTalkTurn:1;A2_7:_runCharaScheduler:1
decomp_more_20260617,quest/scenario/mnk/mnk0j5,quest,quest,90,1,8,7,1,1,70,Mnk0j5:ScenarioBaseClass,8516:mnk0j5,A2_6:say:28;A2_6:_runCharaScheduler:12;A2_3:say:5;worldMaster:say:3;A2_9:say:3;A2_12:say:3;A0_4:showQuestInfomation:2;A0_0:_loadTextDataPermanently:1;A2_3:startCliantTalkTurn:1;A2_3:_runCharaScheduler:1;A2_3:finishCliantTalkTurn:1;A2_6:startCliantTalkTurn:1;A2_6:finishCliantTalkTurn:1;A2_9:startCliantTalkTurn:1;A2_9:_runCharaScheduler:1
decomp_more_20260617,quest/scenario/mnk/mnk0j6,quest,quest,158,1,16,15,1,1,119,Mnk0j6:ScenarioBaseClass,8532:mnk0j6,A2_12:say:20;A2_28:say:13;A2_12:_runCharaScheduler:10;A2_28:_runCharaScheduler:7;A2_18:say:4;worldMaster:say:3;A2_6:say:3;A2_9:say:3;A2_3:say:2;A2_6:_runCharaScheduler:2;A2_9:_runCharaScheduler:2;A0_10:showQuestInfomation:2;A2_18:_runCharaScheduler:2;A0_26:_wait:2;A2_32:say:2
decomp_more_20260617,quest/scenario/mnk/mnk0j7,quest,quest,5,1,1,0,1,0,0,Mnk0j7:ScenarioBaseClass,,
decomp_more_20260617,quest/scenario/mnk/mnk0j8,quest,quest,5,1,1,0,1,0,0,Mnk0j8:ScenarioBaseClass,,
decomp_more_20260617,quest/scenario/mnk/mnk0j9,quest,quest,5,1,1,0,1,0,0,Mnk0j9:ScenarioBaseClass,,
decomp_more_20260617,quest/scenario/mnk/mnk1j0,quest,quest,5,1,1,0,1,0,0,Mnk1j0:ScenarioBaseClass,,
decomp_more_20260617,quest/scenario/noc/noc000,quest,quest,288,1,16,0,1,1,29,Noc000:ScenarioBaseClass,5923:noc000,worldMaster:ask:5;worldMaster:say:5;worldMaster:askRestrictChoices:3;A0_0:_loadTextDataPermanently:1;A2_23:startCliantTalkTurn:1;A2_23:_runCharaScheduler:1;A2_23:say:1;A2_23:finishCliantTalkTurn:1;A2_28:_runCharaScheduler:1;A2_28:say:1;A2_35:say:1;A2_59:_runCharaScheduler:1;A2_59:say:1;A2_66:say:1;A2_74:say:1
decomp_more_20260617,quest/scenario/noc/noc001,quest,quest,242,1,19,4,1,1,39,Noc001:ScenarioBaseClass,7648:noc001,worldMaster:say:13;A2_16:doSalute:3;desktopWidget:showLog:3;A2_35:_runCharaScheduler:2;A2_35:say:2;worldMaster:askMultipleTextMacro:2;A2_86:_runCharaScheduler:2;A0_0:_loadTextDataPermanently:1;A2_16:say:1;A2_22:_runCharaScheduler:1;A2_22:say:1;A2_30:_runCharaScheduler:1;A2_30:say:1;A2_43:_runCharaScheduler:1;A2_43:say:1
decomp_more_20260617,quest/scenario/noc/noc002,quest,quest,851,1,35,34,1,1,130,Noc002:ScenarioBaseClass,10128:noc002,worldMaster:say:17;A2_9:say:9;itemHamletSupplySheet:_getData:6;A2_23:say:6;A2_30:say:6;A2_35:say:6;A2_107:say:4;A2_9:_runCharaScheduler:3;A2_23:_runCharaScheduler:3;A2_30:_runCharaScheduler:3;A2_35:_runCharaScheduler:3;A2_41:_runCharaScheduler:3;A2_41:say:3;A2_48:_runCharaScheduler:3;A2_48:say:3
decomp_more_20260617,quest/scenario/noc/noc003,quest,quest,281,1,12,11,1,1,213,Noc003:ScenarioBaseClass,10144:noc003,A2_54:say:19;A2_58:say:16;A2_34:say:15;A2_42:say:14;A2_38:say:13;A2_24:say:12;A2_29:say:11;A2_50:say:10;A2_46:say:9;A2_54:_runCharaScheduler:9;A2_34:_runCharaScheduler:8;A2_58:_runCharaScheduler:8;A2_24:_runCharaScheduler:7;A2_29:_runCharaScheduler:7;A2_42:_runCharaScheduler:6
decomp_more_20260617,quest/scenario/pgl/pgl200,quest,quest,255,1,40,39,1,1,151,Pgl200:ScenarioBaseClass,529:pgl200,A2_3:say:7;A2_43:say:3;A2_58:say:3;A2_85:say:3;A2_94:say:3;A2_25:say:2;A2_25:ask:2;A2_37:say:2;A2_40:say:2;A2_46:say:2;A2_49:say:2;A2_52:say:2;A2_55:say:2;A2_61:say:2;A2_79:say:2
decomp_more_20260617,quest/scenario/pgl/pgl300,quest,quest,225,1,36,35,1,1,142,Pgl300:ScenarioBaseClass,533:pgl300,worldMaster:ask:6;A2_33:say:3;A2_72:say:3;A2_21:say:2;A2_36:say:2;A2_39:say:2;A2_42:say:2;A2_45:say:2;A2_48:say:2;A2_51:say:2;A2_54:say:2;A2_57:say:2;A2_75:say:2;A2_78:say:2;A2_81:say:2
decomp_more_20260617,quest/scenario/pgl/pgl306,quest,quest,187,1,29,28,1,1,115,Pgl306:ScenarioBaseClass,537:pgl306,worldMaster:ask:8;A2_33:say:4;A2_36:say:2;A2_39:say:2;A2_45:say:2;A2_48:say:2;A2_51:say:2;A2_54:say:2;A2_57:say:2;A2_60:say:2;A2_63:say:2;A2_66:say:2;A2_69:say:2;A2_72:say:2;A2_78:say:2
decomp_more_20260617,quest/scenario/pgl/pgl400,quest,quest,5,1,1,0,1,1,1,Pgl400:ScenarioBaseClass,541:pgl400,A0_0:_loadTextDataPermanently:1
decomp_more_20260617,quest/scenario/pld/pld0j1,quest,quest,151,1,12,11,1,1,120,Pld0j1:ScenarioBaseClass,9572:pld0j1,A2_22:say:14;A2_3:say:11;A2_10:say:11;A2_22:_runCharaScheduler:10;A0_20:_wait:8;A2_3:_runCharaScheduler:6;A2_22:_waitForCharaSchedulerFinished:5;A2_10:_runCharaScheduler:4;A2_13:say:4;worldMaster:say:4;A0_8:_wait:3;A0_23:_wait:3;A0_1:showQuestInfomation:2;A2_13:_runCharaScheduler:2;desktopWidget:openPublicInformDialogWidget:2
decomp_more_20260617,quest/scenario/pld/pld0j2,quest,quest,74,1,9,5,1,1,52,Pld0j2:ScenarioBaseClass,9588:pld0j2,A2_6:say:17;A2_6:_runCharaScheduler:9;worldMaster:say:3;A2_3:say:2;A0_4:showQuestInfomation:2;A2_6:_waitForCharaSchedulerFinished:2;A2_9:say:2;A0_0:_loadTextDataPermanently:1;A2_3:startCliantTalkTurn:1;A2_3:_runCharaScheduler:1;A2_3:finishCliantTalkTurn:1;A2_6:startCliantTalkTurn:1;A0_4:startFadeOut:1;A0_4:_wait:1;A0_4:startFadeIn:1
decomp_more_20260617,quest/scenario/pld/pld0j3,quest,quest,68,1,9,5,1,1,46,Pld0j3:ScenarioBaseClass,9604:pld0j3,A2_3:say:13;A2_3:_runCharaScheduler:6;A2_9:say:4;worldMaster:say:3;A0_1:_wait:2;A0_1:showQuestInfomation:2;A2_3:_waitForCharaSchedulerFinished:2;A0_0:_loadTextDataPermanently:1;A2_3:startCliantTalkTurn:1;A0_1:startFadeOut:1;A0_1:startFadeIn:1;A2_3:finishCliantTalkTurn:1;A2_6:startCliantTalkTurn:1;A2_6:say:1;A2_6:finishCliantTalkTurn:1
decomp_more_20260617,quest/scenario/pld/pld0j4,quest,quest,54,1,7,6,1,1,36,Pld0j4:ScenarioBaseClass,9620:pld0j4,A2_6:say:12;A2_6:_runCharaScheduler:5;worldMaster:say:3;A0_4:showQuestInfomation:2;A0_0:_loadTextDataPermanently:1;A2_3:startCliantTalkTurn:1;A2_3:_runCharaScheduler:1;A2_3:say:1;A2_3:finishCliantTalkTurn:1;A2_6:startCliantTalkTurn:1;A2_6:_waitForCharaSchedulerFinished:1;A2_6:finishCliantTalkTurn:1;A2_9:startCliantTalkTurn:1;A2_9:_runCharaScheduler:1;A2_9:say:1
decomp_more_20260617,quest/scenario/pld/pld0j5,quest,quest,60,1,8,7,1,1,37,Pld0j5:ScenarioBaseClass,9636:pld0j5,A2_3:say:7;A2_3:_runCharaScheduler:4;worldMaster:say:3;A0_1:showQuestInfomation:2;A2_3:_waitForCharaSchedulerFinished:2;A0_14:_wait:2;A0_0:_loadTextDataPermanently:1;A2_3:startCliantTalkTurn:1;A2_3:finishCliantTalkTurn:1;A2_6:startCliantTalkTurn:1;A2_6:_runCharaScheduler:1;A2_6:say:1;A2_6:_waitForCharaSchedulerFinished:1;A2_6:finishCliantTalkTurn:1;A0_7:startFadeOutCutSceneDefault:1
decomp_more_20260617,quest/scenario/pld/pld0j6,quest,quest,125,1,12,11,1,1,94,Pld0j6:ScenarioBaseClass,9652:pld0j6,A2_6:say:18;A2_12:say:12;A2_6:_runCharaScheduler:10;A2_12:_runCharaScheduler:5;A2_3:say:4;worldMaster:say:3;A0_4:showQuestInfomation:3;A0_14:_wait:3;A2_3:_runCharaScheduler:2;A2_6:_waitForCharaSchedulerFinished:2;A2_6:finishCliantTalkTurn:2;A2_12:_waitForCharaSchedulerFinished:2;A0_0:_loadTextDataPermanently:1;A2_3:startCliantTalkTurn:1;A2_3:_waitForCharaSchedulerFinished:1
decomp_more_20260617,quest/scenario/pld/pld0j7,quest,quest,5,1,1,0,1,0,0,Pld0j7:ScenarioBaseClass,,
decomp_more_20260617,quest/scenario/pld/pld0j8,quest,quest,5,1,1,0,1,0,0,Pld0j8:ScenarioBaseClass,,
decomp_more_20260617,quest/scenario/pld/pld0j9,quest,quest,5,1,1,0,1,0,0,Pld0j9:ScenarioBaseClass,,
decomp_more_20260617,quest/scenario/pld/pld1j0,quest,quest,5,1,1,0,1,0,0,Pld1j0:ScenarioBaseClass,,
decomp_more_20260617,quest/scenario/scenariobaseclass,quest,quest,2,1,0,0,1,0,0,ScenarioBaseClass:QuestBaseClass,,
decomp_more_20260617,quest/scenario/spl/spl000,quest,quest,275,1,19,18,1,1,184,Spl000:ScenarioBaseClass,10000:spl000,A2_10:say:9;A2_20:say:9;A2_30:say:9;A2_10:_runCharaScheduler:6;A2_20:_runCharaScheduler:6;A2_3:say:5;A2_13:_runCharaScheduler:5;A2_13:say:5;A2_13:_waitForCharaSchedulerFinished:5;A2_30:_runCharaScheduler:5;A2_3:_runCharaScheduler:4;A2_3:_waitForCharaSchedulerFinished:4;A2_23:_runCharaScheduler:4;A2_23:say:4;A2_23:_waitForCharaSchedulerFinished:4
decomp_more_20260617,quest/scenario/spl/spl0g1,quest,quest,117,1,13,6,1,1,87,Spl0g1:ScenarioBaseClass,5603:spl0g1,A2_15:say:7;A2_24:say:6;A2_15:_runCharaScheduler:5;A2_33:say:4;A2_24:_runCharaScheduler:3;A2_27:say:3;A2_30:_runCharaScheduler:3;A2_30:say:3;A2_3:say:2;A2_6:say:2;A0_13:showQuestInfomation:2;A2_21:say:2;A2_27:_runCharaScheduler:2;A0_28:_wait:2;A2_33:_runCharaScheduler:2
decomp_more_20260617,quest/scenario/spl/spl0g2,quest,quest,218,1,15,14,1,1,170,Spl0g2:ScenarioBaseClass,5619:spl0g2,A0_25:_wait:13;A2_27:say:9;A2_21:say:8;A0_25:startFadeOut:6;A0_25:startFadeIn:6;A2_27:ask:6;A0_13:_wait:5;A2_15:say:5;A2_27:_runCharaScheduler:5;A2_46:_runCharaScheduler:5;A2_46:say:5;A2_15:_runCharaScheduler:4;A0_19:_wait:4;A2_24:say:4;A2_27:finishCliantTalkTurn:4
decomp_more_20260617,quest/scenario/spl/spl0g3,quest,quest,5,1,1,0,1,0,0,Spl0g3:ScenarioBaseClass,,
decomp_more_20260617,quest/scenario/spl/spl0g4,quest,quest,5,1,1,0,1,0,0,Spl0g4:ScenarioBaseClass,,
decomp_more_20260617,quest/scenario/spl/spl0g5,quest,quest,5,1,1,0,1,0,0,Spl0g5:ScenarioBaseClass,,
decomp_more_20260617,quest/scenario/spl/spl0i1,quest,quest,751,1,9,8,1,1,266,Spl0i1:ScenarioBaseClass,5683:spl0i1,A2_7:say:60;A2_7:_runCharaScheduler:57;A2_3:say:44;A2_3:_runCharaScheduler:30;A2_7:askExtendWidget:9;A0_1:_wait:6;A2_7:finishCliantTalkTurn:4;A0_1:startFadeOut:3;A0_1:startFadeIn:3;A0_1:showQuestInfomation:3;A2_15:_runCharaScheduler:3;A2_15:say:3;A2_19:_runCharaScheduler:3;A2_19:say:3;A2_23:_runCharaScheduler:3
decomp_more_20260617,quest/scenario/spl/spl0i2,quest,quest,361,1,9,8,1,1,153,Spl0i2:ScenarioBaseClass,5699:spl0i2,A2_15:say:21;A2_7:say:18;A2_11:say:16;A2_3:say:15;worldMaster:say:10;A2_11:_runCharaScheduler:9;A2_3:_runCharaScheduler:8;A2_7:_runCharaScheduler:8;A2_22:_runCharaScheduler:3;A2_22:say:3;A2_26:_runCharaScheduler:3;A2_26:say:3;A2_30:say:3;A2_34:_runCharaScheduler:3;A2_34:say:3
decomp_more_20260617,quest/scenario/spl/spl0i3,quest,quest,292,1,20,19,1,1,172,Spl0i3:ScenarioBaseClass,5715:spl0i3,A2_24:say:12;A2_3:say:10;A2_6:say:10;A2_9:say:10;A2_24:_runCharaScheduler:9;A2_32:say:8;A2_3:_runCharaScheduler:6;A2_6:_runCharaScheduler:6;A0_22:_wait:6;worldMaster:say:6;A2_9:_runCharaScheduler:5;A2_16:say:4;A2_32:_runCharaScheduler:4;A2_12:say:3;A2_16:_runCharaScheduler:3
decomp_more_20260617,quest/scenario/spl/spl0i4,quest,quest,186,1,14,13,1,1,123,Spl0i4:ScenarioBaseClass,5731:spl0i4,A2_31:say:26;A2_31:_runCharaScheduler:12;A2_3:say:11;A2_25:say:8;A2_3:_runCharaScheduler:7;A2_36:say:7;worldMaster:say:4;A2_25:_runCharaScheduler:4;A2_36:_runCharaScheduler:3;A2_40:_runCharaScheduler:3;A2_40:say:3;A0_1:showQuestInfomation:2;A2_7:say:2;A0_23:_wait:2;A2_28:say:2
decomp_more_20260617,quest/scenario/spl/spl0i5,quest,quest,5,1,1,0,1,0,0,Spl0i5:ScenarioBaseClass,,
decomp_more_20260617,quest/scenario/spl/spl0l1,quest,quest,114,1,13,6,1,1,84,Spl0l1:ScenarioBaseClass,5763:spl0l1,A2_15:say:7;A2_15:_runCharaScheduler:5;A2_24:say:5;A2_24:_runCharaScheduler:3;A2_30:_runCharaScheduler:3;A2_30:say:3;A2_33:say:3;A2_3:say:2;A2_6:say:2;A0_13:showQuestInfomation:2;A2_21:say:2;A2_27:_runCharaScheduler:2;A2_27:say:2;A0_28:_wait:2;A2_33:_runCharaScheduler:2
decomp_more_20260617,quest/scenario/spl/spl0l2,quest,quest,216,1,15,14,1,1,168,Spl0l2:ScenarioBaseClass,5779:spl0l2,A0_25:_wait:14;A2_27:say:9;A2_21:say:8;A0_25:startFadeOut:6;A0_25:startFadeIn:6;A2_27:ask:6;A0_13:_wait:5;A2_15:say:5;A2_27:_runCharaScheduler:5;A2_46:_runCharaScheduler:5;A2_46:say:5;A2_15:_runCharaScheduler:4;A0_19:_wait:4;A2_21:_runCharaScheduler:4;A2_24:say:4
decomp_more_20260617,quest/scenario/spl/spl0l3,quest,quest,5,1,1,0,1,0,0,Spl0l3:ScenarioBaseClass,,
decomp_more_20260617,quest/scenario/spl/spl0l4,quest,quest,5,1,1,0,1,0,0,Spl0l4:ScenarioBaseClass,,
decomp_more_20260617,quest/scenario/spl/spl0l5,quest,quest,5,1,1,0,1,0,0,Spl0l5:ScenarioBaseClass,,
decomp_more_20260617,quest/scenario/spl/spl0u1,quest,quest,117,1,13,6,1,1,87,Spl0u1:ScenarioBaseClass,5843:spl0u1,A2_15:say:7;A2_24:say:6;A2_15:_runCharaScheduler:5;A2_33:say:4;A2_24:_runCharaScheduler:3;A2_27:say:3;A2_30:_runCharaScheduler:3;A2_30:say:3;A2_3:say:2;A2_6:say:2;A0_13:showQuestInfomation:2;A2_21:say:2;A2_27:_runCharaScheduler:2;A0_28:_wait:2;A2_33:_runCharaScheduler:2
decomp_more_20260617,quest/scenario/spl/spl0u2,quest,quest,190,1,15,14,1,1,142,Spl0u2:ScenarioBaseClass,5859:spl0u2,A2_27:say:9;A2_21:say:8;A2_27:_runCharaScheduler:6;A2_27:ask:6;A0_13:_wait:5;A2_15:_runCharaScheduler:5;A2_15:say:5;A0_25:_wait:5;A2_46:_runCharaScheduler:5;A2_46:say:5;A2_24:say:4;A2_27:finishCliantTalkTurn:4;A2_40:_runCharaScheduler:4;A0_38:_wait:4;A2_21:_runCharaScheduler:3
decomp_more_20260617,quest/scenario/spl/spl0u3,quest,quest,5,1,1,0,1,0,0,Spl0u3:ScenarioBaseClass,,
decomp_more_20260617,quest/scenario/spl/spl0u4,quest,quest,5,1,1,0,1,0,0,Spl0u4:ScenarioBaseClass,,
decomp_more_20260617,quest/scenario/spl/spl0u5,quest,quest,5,1,1,0,1,0,0,Spl0u5:ScenarioBaseClass,,
decomp_more_20260617,quest/scenario/spl/spl101,quest,quest,43,0,2,0,1,1,1,,10016:spl101,A0_0:_loadTextDataPermanently:1
decomp_more_20260617,quest/scenario/spl/spl101_quest,quest,quest,746,1,56,56,1,0,524,Spl101:ScenarioBaseClass,,worldMaster:say:19;A2_24:say:15;A2_93:say:15;A2_158:say:15;A2_158:_runCharaScheduler:12;A2_20:askExtendWidget:10;A2_89:askExtendWidget:10;A2_154:askExtendWidget:10;A2_24:_runCharaScheduler:9;A2_93:_runCharaScheduler:9;A2_24:askExtendWidget:8;A2_93:askExtendWidget:8;A2_158:askExtendWidget:8;A2_2:say:6;A2_20:say:6
decomp_more_20260617,quest/scenario/spl/spl102,quest,quest,702,1,17,16,1,1,312,Spl102:ScenarioBaseClass,10032:spl102,A2_18:say:63;A2_18:_runCharaScheduler:39;A2_3:say:15;A2_13:say:15;A2_8:say:14;A2_3:_runCharaScheduler:10;A2_8:_runCharaScheduler:10;A2_13:_runCharaScheduler:10;A2_46:_runCharaScheduler:6;A2_46:say:6;A2_56:say:6;A2_59:say:6;A2_62:say:6;A2_26:_runCharaScheduler:3;A2_26:say:3
decomp_more_20260617,quest/scenario/spl/spl103,quest,quest,5,1,1,0,1,0,0,Spl103:ScenarioBaseClass,,
decomp_more_20260617,quest/scenario/sum/sum6a0,quest,quest,133,1,8,7,1,1,103,Sum6a0:ScenarioBaseClass,3181:sum6a0,A2_3:say:22;A2_8:say:11;A2_3:_runCharaScheduler:10;A2_13:say:7;A2_16:say:6;A2_8:_runCharaScheduler:5;A2_13:_runCharaScheduler:5;A2_16:_runCharaScheduler:4;A2_22:say:3;worldMaster:say:2;A0_1:showQuestInfomation:2;A0_6:showQuestInfomation:2;A2_13:ask:2;A2_19:say:2;A0_0:_loadTextDataPermanently:1
decomp_more_20260617,quest/scenario/sum/sum6g0,quest,quest,135,1,8,7,1,1,110,Sum6g0:ScenarioBaseClass,10224:sum6g0,A2_3:say:17;A2_9:say:12;A2_3:_runCharaScheduler:9;A2_6:say:7;A2_9:_runCharaScheduler:7;A2_6:_runCharaScheduler:4;A2_12:say:4;worldMaster:say:3;A2_12:_runCharaScheduler:3;A2_21:say:3;A0_1:showQuestInfomation:2;A0_4:showQuestInfomation:2;A2_9:ask:2;A1_8:_runCharaScheduler:2;A0_7:_wait:2
decomp_more_20260617,quest/scenario/sum/sum6m0,quest,quest,269,1,22,21,1,1,208,Sum6m0:ScenarioBaseClass,7488:sum6m0,A2_3:say:19;A2_42:say:12;A2_3:_runCharaScheduler:9;A2_19:say:9;worldMaster:say:8;A2_39:say:8;A2_46:say:7;A2_7:say:6;A2_42:_runCharaScheduler:6;A2_49:say:6;A2_19:_runCharaScheduler:5;A2_39:_runCharaScheduler:5;worldMaster:askRestrictChoices:5;A2_33:say:4;A2_10:say:3
decomp_more_20260617,quest/scenario/sum/sum6w0,quest,quest,103,1,5,4,1,1,35,Sum6w0:ScenarioBaseClass,10560:sum6w0,worldMaster:say:10;A2_3:say:3;A0_1:showQuestInfomation:2;A2_6:_runCharaScheduler:2;A2_6:say:2;A2_12:say:2;A2_15:_runCharaScheduler:2;A2_15:say:2;A0_0:_loadTextDataPermanently:1;A2_3:startCliantTalkTurn:1;A2_3:finishCliantTalkTurn:1;A2_6:askExtendWidget:1;A2_6:finishCliantTalkTurn:1;A2_12:startCliantTalkTurn:1;A2_12:_runCharaScheduler:1
decomp_more_20260617,quest/scenario/sum/sum7l0,quest,quest,5,1,1,0,1,1,1,Sum7l0:ScenarioBaseClass,3197:sum7l0,A0_0:_loadTextDataPermanently:1
decomp_more_20260617,quest/scenario/sum/sum7t0,quest,quest,5,1,1,0,1,1,1,Sum7t0:ScenarioBaseClass,3213:sum7t0,A0_0:_loadTextDataPermanently:1
decomp_more_20260617,quest/scenario/sum/sum8a0,quest,quest,5,1,1,0,1,1,1,Sum8a0:ScenarioBaseClass,3229:sum8a0,A0_0:_loadTextDataPermanently:1
decomp_more_20260617,quest/scenario/sum/sum8l0,quest,quest,5,1,1,0,1,1,1,Sum8l0:ScenarioBaseClass,3245:sum8l0,A0_0:_loadTextDataPermanently:1
decomp_more_20260617,quest/scenario/sum/sum8t0,quest,quest,5,1,1,0,1,1,1,Sum8t0:ScenarioBaseClass,3261:sum8t0,A0_0:_loadTextDataPermanently:1
decomp_more_20260617,quest/scenario/tan/tan200,quest,quest,258,1,41,40,1,1,170,Tan200:ScenarioBaseClass,407:tan200,A2_3:say:11;A2_78:say:4;A2_72:say:3;A2_90:say:3;A2_99:say:3;A2_108:say:3;A2_111:say:3;A0_1:showQuestInfomation:2;A2_3:finishCliantTalkTurn:2;A2_6:say:2;A2_9:say:2;A2_12:say:2;A2_15:say:2;A2_18:say:2;A2_21:say:2
decomp_more_20260617,quest/scenario/tan/tan300,quest,quest,216,1,37,36,1,1,138,Tan300:ScenarioBaseClass,411:tan300,A2_3:say:8;A2_24:say:3;A2_48:say:3;A0_1:showQuestInfomation:2;A2_12:say:2;A2_27:say:2;A2_30:say:2;A2_33:say:2;A2_36:say:2;A2_39:say:2;A2_42:say:2;A2_45:say:2;A2_54:say:2;A2_57:say:2;A2_60:say:2
decomp_more_20260617,quest/scenario/tan/tan306,quest,quest,298,1,52,51,1,1,187,Tan306:ScenarioBaseClass,415:tan306,A2_3:say:3;A2_54:say:3;A0_1:showQuestInfomation:2;A2_12:say:2;worldMaster:ask:2;A2_42:say:2;A2_45:say:2;A2_48:say:2;A2_51:say:2;A2_60:say:2;A2_63:say:2;A2_66:say:2;A2_69:say:2;A2_72:say:2;A2_75:say:2
decomp_more_20260617,quest/scenario/tan/tan400,quest,quest,5,1,1,0,1,1,1,Tan400:ScenarioBaseClass,419:tan400,A0_0:_loadTextDataPermanently:1
decomp_more_20260617,quest/scenario/tan/tan500,quest,quest,5,1,1,0,1,1,1,Tan500:ScenarioBaseClass,423:tan500,A0_0:_loadTextDataPermanently:1
decomp_more_20260617,quest/scenario/tan/tan506,quest,quest,5,1,1,0,1,1,1,Tan506:ScenarioBaseClass,427:tan506,A0_0:_loadTextDataPermanently:1
decomp_more_20260617,quest/scenario/test/scealphaa,quest,quest,243,1,28,27,1,0,111,SceAlphaA:ScenarioBaseClass,,A0_80:startFadeOutCutSceneDefault:14;A0_80:startFadeInCutSceneDefault:14;A0_19:startFadeOutCutSceneDefault:10;A0_19:startFadeInCutSceneDefault:10;A2_21:say:6;A0_15:startFadeOutCutSceneDefault:5;A1_16:_wait:5;A0_15:startFadeInCutSceneDefault:5;A2_54:say:4;A2_30:say:3;A2_21:ask:2;A2_24:say:2;A2_48:say:2;A2_51:say:2;A2_67:say:2
decomp_more_20260617,quest/scenario/test/scecuttest,quest,quest,104,1,3,2,1,0,11,SceCutTest:ScenarioBaseClass,,A0_5:startFadeOutCutSceneDefault:4;A0_5:startFadeInCutSceneDefault:3;A0_5:startHQCutScene:2;A0_5:startNQCutScene:1;A0_5:startHQCutSceneDebugCase:1
decomp_more_20260617,quest/scenario/test/scedummy01,quest,quest,11,1,3,3,1,0,3,SceDummy01:ScenarioBaseClass,,A2_8:startCliantTalkTurn:1;A2_8:_runCharaScheduler:1;A2_8:finishCliantTalkTurn:1
decomp_more_20260617,quest/scenario/test/scedummy02,quest,quest,6,1,2,2,1,0,0,SceDummy02:ScenarioBaseClass,,
decomp_more_20260617,quest/scenario/test/scedummy03,quest,quest,6,1,2,2,1,0,0,SceDummy03:ScenarioBaseClass,,
decomp_more_20260617,quest/scenario/test/scedummy04,quest,quest,6,1,2,2,1,0,0,SceDummy04:ScenarioBaseClass,,
decomp_more_20260617,quest/scenario/test/scedummy05,quest,quest,6,1,2,2,1,0,0,SceDummy05:ScenarioBaseClass,,
decomp_more_20260617,quest/scenario/test/scedummy06,quest,quest,6,1,2,2,1,0,0,SceDummy06:ScenarioBaseClass,,
decomp_more_20260617,quest/scenario/test/scedummy07,quest,quest,6,1,2,2,1,0,0,SceDummy07:ScenarioBaseClass,,
decomp_more_20260617,quest/scenario/test/scedummy08,quest,quest,6,1,2,2,1,0,0,SceDummy08:ScenarioBaseClass,,
decomp_more_20260617,quest/scenario/test/scedummy09,quest,quest,6,1,2,2,1,0,0,SceDummy09:ScenarioBaseClass,,
decomp_more_20260617,quest/scenario/test/scedummy10,quest,quest,6,1,2,2,1,0,0,SceDummy10:ScenarioBaseClass,,
decomp_more_20260617,quest/scenario/test/scedummy11,quest,quest,6,1,2,2,1,0,0,SceDummy11:ScenarioBaseClass,,
decomp_more_20260617,quest/scenario/test/scedummy12,quest,quest,6,1,2,2,1,0,0,SceDummy12:ScenarioBaseClass,,
decomp_more_20260617,quest/scenario/test/scedummy13,quest,quest,6,1,2,2,1,0,0,SceDummy13:ScenarioBaseClass,,
decomp_more_20260617,quest/scenario/test/scedummy14,quest,quest,6,1,2,2,1,0,0,SceDummy14:ScenarioBaseClass,,
decomp_more_20260617,quest/scenario/test/scedummy15,quest,quest,6,1,2,2,1,0,0,SceDummy15:ScenarioBaseClass,,
decomp_more_20260617,quest/scenario/test/scedummy16,quest,quest,6,1,2,2,1,0,0,SceDummy16:ScenarioBaseClass,,
decomp_more_20260617,quest/scenario/test/scedummy17,quest,quest,6,1,2,2,1,0,0,SceDummy17:ScenarioBaseClass,,
decomp_more_20260617,quest/scenario/test/scedummy18,quest,quest,6,1,2,2,1,0,0,SceDummy18:ScenarioBaseClass,,
decomp_more_20260617,quest/scenario/test/scedummy19,quest,quest,6,1,2,2,1,0,0,SceDummy19:ScenarioBaseClass,,
decomp_more_20260617,quest/scenario/test/scedummy20,quest,quest,6,1,2,2,1,0,0,SceDummy20:ScenarioBaseClass,,
decomp_more_20260617,quest/scenario/test/scedummy21,quest,quest,6,1,2,2,1,0,0,SceDummy21:ScenarioBaseClass,,
decomp_more_20260617,quest/scenario/test/scedummy22,quest,quest,6,1,2,2,1,0,0,SceDummy22:ScenarioBaseClass,,
decomp_more_20260617,quest/scenario/test/scedummy23,quest,quest,6,1,2,2,1,0,0,SceDummy23:ScenarioBaseClass,,
decomp_more_20260617,quest/scenario/test/scedummy24,quest,quest,6,1,2,2,1,0,0,SceDummy24:ScenarioBaseClass,,
decomp_more_20260617,quest/scenario/test/scedummy25,quest,quest,6,1,2,2,1,0,0,SceDummy25:ScenarioBaseClass,,
decomp_more_20260617,quest/scenario/test/scedummy26,quest,quest,6,1,2,2,1,0,0,SceDummy26:ScenarioBaseClass,,
decomp_more_20260617,quest/scenario/test/scedummy27,quest,quest,6,1,2,2,1,0,0,SceDummy27:ScenarioBaseClass,,
decomp_more_20260617,quest/scenario/test/scedummy28,quest,quest,6,1,2,2,1,0,0,SceDummy28:ScenarioBaseClass,,
decomp_more_20260617,quest/scenario/test/scedummy29,quest,quest,6,1,2,2,1,0,0,SceDummy29:ScenarioBaseClass,,
decomp_more_20260617,quest/scenario/test/scedummy30,quest,quest,6,1,2,2,1,0,0,SceDummy30:ScenarioBaseClass,,
decomp_more_20260617,quest/scenario/test/scedummy31,quest,quest,6,1,2,2,1,0,0,SceDummy31:ScenarioBaseClass,,
decomp_more_20260617,quest/scenario/test/scedummy32,quest,quest,6,1,2,2,1,0,0,SceDummy32:ScenarioBaseClass,,
decomp_more_20260617,quest/scenario/test/scetesttxt,quest,quest,30,1,12,11,1,0,1,SceTestTxt:ScenarioBaseClass,,A2_8:say:1
decomp_more_20260617,quest/scenario/test/testscenariob,quest,quest,26,1,10,10,1,0,0,TestScenarioB:ScenarioBaseClass,,
decomp_more_20260617,quest/scenario/test/testscenarioc,quest,quest,14,1,5,5,1,0,0,TestScenarioC:ScenarioBaseClass,,
decomp_more_20260617,quest/scenario/test/testscenariod,quest,quest,14,1,5,5,1,0,0,TestScenarioD:ScenarioBaseClass,,
decomp_more_20260617,quest/scenario/thm/thm200,quest,quest,111,1,17,16,1,1,71,Thm200:ScenarioBaseClass,549:thm200,A2_3:say:3;A2_30:say:3;A0_1:startNQCutScene:2;A0_1:startFadeInCutSceneDefault:2;A2_12:say:2;A2_15:say:2;A2_18:say:2;A2_21:say:2;A2_24:say:2;A2_27:say:2;A2_33:say:2;A2_36:say:2;A2_39:say:2;A2_42:say:2;A2_45:say:2
decomp_more_20260617,quest/scenario/thm/thm300,quest,quest,226,1,32,31,1,1,154,Thm300:ScenarioBaseClass,553:thm300,A2_54:say:7;A2_9:say:6;A2_15:say:4;worldMaster:ask:4;A2_60:say:4;A2_18:say:3;A2_30:say:3;A2_66:say:3;A2_69:say:3;A2_84:say:3;A0_1:startNQCutScene:2;A2_12:say:2;A2_21:say:2;A2_24:say:2;A2_27:say:2
decomp_more_20260617,quest/scenario/thm/thm306,quest,quest,144,1,24,23,1,1,90,Thm306:ScenarioBaseClass,557:thm306,A2_24:say:3;A0_1:startNQCutScene:2;A0_1:startFadeInCutSceneDefault:2;worldMaster:ask:2;A2_27:say:2;A2_30:say:2;A2_33:say:2;A2_36:say:2;A2_39:say:2;A2_42:say:2;A2_45:say:2;A2_48:say:2;A2_51:say:2;A2_54:say:2;A2_57:say:2
decomp_more_20260617,quest/scenario/thm/thm400,quest,quest,5,1,1,0,1,1,1,Thm400:ScenarioBaseClass,561:thm400,A0_0:_loadTextDataPermanently:1
decomp_more_20260617,quest/scenario/trl/trl0g1,quest,quest,22,1,4,3,1,1,12,Trl0g1:ScenarioBaseClass,2152:trl0g1,A2_3:say:2;A0_0:_loadTextDataPermanently:1;A2_3:startCliantTalkTurn:1;A2_3:finishCliantTalkTurn:1;A2_3:ask:1;A0_4:startFadeOutCutSceneDefault:1;A0_4:startNQCutScene:1;A0_4:startFadeInCutSceneDefault:1;A0_7:startFadeOutCutSceneDefault:1;A0_7:startNQCutScene:1;A0_7:startFadeInCutSceneDefault:1
decomp_more_20260617,quest/scenario/trl/trl0l1,quest,quest,22,1,4,3,1,1,12,Trl0l1:ScenarioBaseClass,2165:trl0l1,A2_3:say:2;A0_0:_loadTextDataPermanently:1;A2_3:startCliantTalkTurn:1;A2_3:finishCliantTalkTurn:1;A2_3:ask:1;A0_4:startFadeOutCutSceneDefault:1;A0_4:startNQCutScene:1;A0_4:startFadeInCutSceneDefault:1;A0_7:startFadeOutCutSceneDefault:1;A0_7:startNQCutScene:1;A0_7:startFadeInCutSceneDefault:1
decomp_more_20260617,quest/scenario/trl/trl0l2,quest,quest,5,1,1,0,1,1,1,Trl0l2:ScenarioBaseClass,3277:trl0l2,A0_0:_loadTextDataPermanently:1
decomp_more_20260617,quest/scenario/trl/trl0l3,quest,quest,30,1,4,3,1,1,14,Trl0l3:ScenarioBaseClass,3293:trl0l3,A2_3:say:3;A2_3:startCliantTalkTurn:2;A2_3:_wait:2;A0_0:_loadTextDataPermanently:1;A2_3:_runCharaScheduler:1;A2_3:lookAtPosition:1;A2_6:startCliantTalkTurn:1;A2_6:say:1;A2_6:finishCliantTalkTurn:1;A0_7:inputSnpcName:1
decomp_more_20260617,quest/scenario/trl/trl0l4,quest,quest,5,1,1,0,1,0,0,Trl0l4:ScenarioBaseClass,,
decomp_more_20260617,quest/scenario/trl/trl0u1,quest,quest,22,1,4,3,1,1,12,Trl0u1:ScenarioBaseClass,2178:trl0u1,A2_3:say:2;A0_0:_loadTextDataPermanently:1;A2_3:startCliantTalkTurn:1;A2_3:finishCliantTalkTurn:1;A2_3:ask:1;A0_4:startFadeOutCutSceneDefault:1;A0_4:startNQCutScene:1;A0_4:startFadeInCutSceneDefault:1;A0_7:startFadeOutCutSceneDefault:1;A0_7:startNQCutScene:1;A0_7:startFadeInCutSceneDefault:1
decomp_more_20260617,quest/scenario/war/war0j1,quest,quest,111,1,11,10,1,1,82,War0j1:ScenarioBaseClass,8132:war0j1,A2_3:say:14;A2_16:say:11;A2_10:say:9;A2_10:_runCharaScheduler:5;A2_16:_runCharaScheduler:5;worldMaster:say:4;A2_3:_runCharaScheduler:3;A0_1:showQuestInfomation:3;A0_20:_wait:3;A2_3:finishCliantTalkTurn:2;A2_19:say:2;A0_0:_loadTextDataPermanently:1;A2_3:startCliantTalkTurn:1;A2_7:startCliantTalkTurn:1;A2_7:say:1
decomp_more_20260617,quest/scenario/war/war0j2,quest,quest,70,1,9,5,1,1,48,War0j2:ScenarioBaseClass,8148:war0j2,A2_3:say:14;A2_3:_runCharaScheduler:9;worldMaster:say:3;A2_3:startCliantTalkTurn:2;A0_1:_wait:2;A2_3:finishCliantTalkTurn:2;A0_1:showQuestInfomation:2;A2_9:say:2;A0_0:_loadTextDataPermanently:1;A1_2:_runCharaScheduler:1;A2_6:startCliantTalkTurn:1;A2_6:_runCharaScheduler:1;A2_6:say:1;A2_6:finishCliantTalkTurn:1;A2_9:startCliantTalkTurn:1
decomp_more_20260617,quest/scenario/war/war0j3,quest,quest,83,1,9,8,1,1,61,War0j3:ScenarioBaseClass,8164:war0j3,A2_6:say:13;A2_16:say:8;A2_6:_runCharaScheduler:6;worldMaster:say:4;A2_16:_runCharaScheduler:4;A0_4:showQuestInfomation:2;A2_9:say:2;A0_17:_wait:2;A0_0:_loadTextDataPermanently:1;A2_3:startCliantTalkTurn:1;A2_3:_runCharaScheduler:1;A2_3:say:1;A2_3:finishCliantTalkTurn:1;A2_6:startCliantTalkTurn:1;A2_6:finishCliantTalkTurn:1
decomp_more_20260617,quest/scenario/war/war0j4,quest,quest,53,1,7,6,1,1,35,War0j4:ScenarioBaseClass,8180:war0j4,A2_6:say:12;A2_6:_runCharaScheduler:5;worldMaster:say:3;A0_4:showQuestInfomation:2;A0_0:_loadTextDataPermanently:1;A2_3:startCliantTalkTurn:1;A2_3:_runCharaScheduler:1;A2_3:say:1;A2_3:finishCliantTalkTurn:1;A2_6:startCliantTalkTurn:1;A2_6:finishCliantTalkTurn:1;A2_9:startCliantTalkTurn:1;A2_9:_runCharaScheduler:1;A2_9:say:1;A2_9:finishCliantTalkTurn:1
decomp_more_20260617,quest/scenario/war/war0j5,quest,quest,62,1,8,4,1,1,42,War0j5:ScenarioBaseClass,8196:war0j5,A2_3:say:14;A2_3:_runCharaScheduler:7;A0_1:_wait:4;A0_1:showQuestInfomation:2;A2_6:say:2;worldMaster:say:2;A0_0:_loadTextDataPermanently:1;A2_3:startCliantTalkTurn:1;A0_1:startFadeOut:1;A0_1:startFadeIn:1;A2_3:finishCliantTalkTurn:1;A2_6:startCliantTalkTurn:1;A2_6:_runCharaScheduler:1;A2_6:finishCliantTalkTurn:1;desktopWidget:openPublicInformLongDialogWidget:1
decomp_more_20260617,quest/scenario/war/war0j6,quest,quest,72,1,10,9,1,1,48,War0j6:ScenarioBaseClass,8212:war0j6,A2_6:say:9;A2_6:_runCharaScheduler:6;worldMaster:say:3;A0_19:_wait:3;A2_3:say:2;A0_4:showQuestInfomation:2;A2_9:say:2;A0_0:_loadTextDataPermanently:1;A2_3:startCliantTalkTurn:1;A2_3:_runCharaScheduler:1;A2_3:finishCliantTalkTurn:1;A2_6:startCliantTalkTurn:1;A2_6:finishCliantTalkTurn:1;A2_9:startCliantTalkTurn:1;A2_9:_runCharaScheduler:1
decomp_more_20260617,quest/scenario/war/war0j7,quest,quest,5,1,1,0,1,0,0,War0j7:ScenarioBaseClass,,
decomp_more_20260617,quest/scenario/war/war0j8,quest,quest,5,1,1,0,1,0,0,War0j8:ScenarioBaseClass,,
decomp_more_20260617,quest/scenario/war/war0j9,quest,quest,5,1,1,0,1,0,0,War0j9:ScenarioBaseClass,,
decomp_more_20260617,quest/scenario/war/war1j0,quest,quest,5,1,1,0,1,0,0,War1j0:ScenarioBaseClass,,
decomp_more_20260617,quest/scenario/wdk/wdk200,quest,quest,237,1,37,36,1,1,140,Wdk200:ScenarioBaseClass,431:wdk200,A2_3:say:7;A2_19:say:4;A2_13:say:3;A2_85:say:3;A2_100:say:3;A2_22:say:2;A2_28:say:2;A2_31:say:2;A2_34:say:2;A2_37:say:2;A2_40:say:2;A2_61:say:2;A2_64:ask:2;A2_70:ask:2;A2_76:ask:2
decomp_more_20260617,quest/scenario/wdk/wdk300,quest,quest,377,1,60,59,1,1,245,Wdk300:ScenarioBaseClass,435:wdk300,A2_24:say:11;A2_141:say:10;A2_3:say:6;A2_30:say:4;A2_141:ask:4;A2_177:say:4;A2_69:say:3;A2_135:say:3;A2_168:say:3;A0_1:showQuestInfomation:2;A2_24:ask:2;A2_27:say:2;A2_33:say:2;A2_36:say:2;A2_39:say:2
decomp_more_20260617,quest/scenario/wdk/wdk306,quest,quest,315,1,56,55,1,1,198,Wdk306:ScenarioBaseClass,439:wdk306,A2_3:say:5;A2_15:say:4;A0_1:showQuestInfomation:3;A2_18:say:3;A2_105:say:3;A2_6:say:2;A2_33:say:2;A2_36:say:2;A2_45:say:2;A2_48:say:2;A2_51:say:2;A2_54:say:2;A2_57:say:2;A2_60:say:2;A2_63:say:2
decomp_more_20260617,quest/scenario/wdk/wdk400,quest,quest,5,1,1,0,1,1,1,Wdk400:ScenarioBaseClass,443:wdk400,A0_0:_loadTextDataPermanently:1
decomp_more_20260617,quest/scenario/wdk/wdk500,quest,quest,5,1,1,0,1,1,1,Wdk500:ScenarioBaseClass,447:wdk500,A0_0:_loadTextDataPermanently:1
decomp_more_20260617,quest/scenario/wdk/wdk506,quest,quest,5,1,1,0,1,1,1,Wdk506:ScenarioBaseClass,451:wdk506,A0_0:_loadTextDataPermanently:1
decomp_more_20260617,quest/scenario/whm/whm0j1,quest,quest,136,1,18,17,1,1,93,Whm0j1:ScenarioBaseClass,9732:whm0j1,A2_9:say:15;A2_3:say:7;A2_3:_runCharaScheduler:5;A2_9:_runCharaScheduler:5;worldMaster:say:4;A0_1:showQuestInfomation:3;A2_3:finishCliantTalkTurn:2;A2_19:say:2;A2_28:say:2;A0_38:_wait:2;A0_0:_loadTextDataPermanently:1;A2_3:startCliantTalkTurn:1;A2_6:startCliantTalkTurn:1;A2_6:_runCharaScheduler:1;A2_6:say:1
decomp_more_20260617,quest/scenario/whm/whm0j2,quest,quest,129,1,15,12,1,1,95,Whm0j2:ScenarioBaseClass,9748:whm0j2,A2_3:say:10;A2_3:_runCharaScheduler:7;A2_24:say:6;A2_24:_runCharaScheduler:5;worldMaster:say:4;A0_22:_wait:4;A0_1:_wait:3;A2_3:startCliantTalkTurn:2;A0_1:showQuestInfomation:2;A2_24:_waitForCharaSchedulerFinished:2;A0_22:sayFreeDisplayName:2;A0_0:_loadTextDataPermanently:1;A0_1:startFadeOutCutSceneDefault:1;A0_1:startNQCutScene:1;A0_1:startFadeInCutSceneDefault:1
decomp_more_20260617,quest/scenario/whm/whm0j3,quest,quest,109,1,13,12,1,1,79,Whm0j3:ScenarioBaseClass,9764:whm0j3,A2_3:say:11;A2_3:_runCharaScheduler:6;A2_24:say:6;worldMaster:say:4;A2_24:_runCharaScheduler:4;A0_22:_wait:4;A0_1:_wait:3;A0_1:showQuestInfomation:2;A0_0:_loadTextDataPermanently:1;A2_3:startCliantTalkTurn:1;A2_3:finishCliantTalkTurn:1;A2_6:startCliantTalkTurn:1;A2_6:_runCharaScheduler:1;A2_6:say:1;A2_6:finishCliantTalkTurn:1
decomp_more_20260617,quest/scenario/whm/whm0j4,quest,quest,161,1,16,15,1,1,122,Whm0j4:ScenarioBaseClass,9780:whm0j4,A2_39:say:21;A2_12:say:19;A2_39:_runCharaScheduler:11;A2_12:_runCharaScheduler:10;A0_37:_wait:6;worldMaster:say:3;A0_10:showQuestInfomation:3;A2_15:say:3;A2_12:finishCliantTalkTurn:2;A0_0:_loadTextDataPermanently:1;A2_3:startCliantTalkTurn:1;A2_3:_runCharaScheduler:1;A2_3:say:1;A2_3:finishCliantTalkTurn:1;A2_6:startCliantTalkTurnNoWait:1
decomp_more_20260617,quest/scenario/whm/whm0j5,quest,quest,126,1,13,12,1,1,96,Whm0j5:ScenarioBaseClass,9796:whm0j5,A2_9:say:31;A2_9:_runCharaScheduler:12;A2_31:say:6;A2_18:say:4;worldMaster:say:3;A0_7:showQuestInfomation:2;A2_31:_runCharaScheduler:2;A0_0:_loadTextDataPermanently:1;A2_3:startCliantTalkTurn:1;A2_3:_runCharaScheduler:1;A2_3:say:1;A2_3:finishCliantTalkTurn:1;A2_6:startCliantTalkTurn:1;A2_6:_runCharaScheduler:1;A2_6:say:1
decomp_more_20260617,quest/scenario/whm/whm0j6,quest,quest,167,1,18,17,1,1,127,Whm0j6:ScenarioBaseClass,9812:whm0j6,A2_12:say:16;A2_39:say:14;A2_12:_runCharaScheduler:9;A2_39:_runCharaScheduler:9;A0_37:_wait:5;worldMaster:say:3;A0_10:showQuestInfomation:3;A2_18:say:3;A0_34:_wait:3;A0_40:_wait:3;A2_3:say:2;A2_12:finishCliantTalkTurn:2;A2_18:_runCharaScheduler:2;A2_21:say:2;desktopWidget:openPublicInformLongDialogWidget:2
decomp_more_20260617,quest/scenario/whm/whm0j7,quest,quest,5,1,1,0,1,0,0,Whm0j7:ScenarioBaseClass,,
decomp_more_20260617,quest/scenario/whm/whm0j8,quest,quest,5,1,1,0,1,0,0,Whm0j8:ScenarioBaseClass,,
decomp_more_20260617,quest/scenario/whm/whm0j9,quest,quest,5,1,1,0,1,0,0,Whm0j9:ScenarioBaseClass,,
decomp_more_20260617,quest/scenario/whm/whm1j0,quest,quest,5,1,1,0,1,0,0,Whm1j0:ScenarioBaseClass,,
decomp_more_20260617,quest/scenario/wld/wld0g1,quest,quest,50,1,4,3,1,1,38,Wld0g1:ScenarioBaseClass,4963:wld0g1,A2_3:say:10;A2_9:say:7;A2_3:_runCharaScheduler:5;A2_9:_runCharaScheduler:3;A0_1:showQuestInfomation:2;A2_6:say:2;A0_0:_loadTextDataPermanently:1;A2_3:startCliantTalkTurn:1;A2_3:finishCliantTalkTurn:1;A2_6:startCliantTalkTurn:1;A2_6:_runCharaScheduler:1;A2_6:finishCliantTalkTurn:1;A2_9:startCliantTalkTurn:1;A0_7:_wait:1;A2_9:finishCliantTalkTurn:1
decomp_more_20260617,quest/scenario/wld/wld0g2,quest,quest,122,1,12,11,1,1,84,Wld0g2:ScenarioBaseClass,4979:wld0g2,A2_3:say:9;A2_3:_runCharaScheduler:6;A2_34:say:5;A2_28:say:3;A0_1:startFadeOut:2;A0_1:_wait:2;A0_1:startFadeIn:2;A0_1:showQuestInfomation:2;A2_6:say:2;A2_10:say:2;A2_16:say:2;A2_22:say:2;A0_32:startFadeOut:2;A0_32:_wait:2;A0_32:startFadeIn:2
decomp_more_20260617,quest/scenario/wld/wld0g3,quest,quest,74,1,7,6,1,1,56,Wld0g3:ScenarioBaseClass,4995:wld0g3,A2_3:say:13;A2_3:_runCharaScheduler:9;A2_9:say:9;A2_9:_runCharaScheduler:7;A0_1:_wait:3;A0_1:showQuestInfomation:2;A2_6:say:2;A0_0:_loadTextDataPermanently:1;A2_3:startCliantTalkTurn:1;A2_3:finishCliantTalkTurn:1;A2_6:startCliantTalkTurn:1;A2_6:_runCharaScheduler:1;A2_6:finishCliantTalkTurn:1;A2_9:startCliantTalkTurn:1;A2_9:finishCliantTalkTurn:1
decomp_more_20260617,quest/scenario/wld/wld0g4,quest,quest,54,1,4,3,1,1,42,Wld0g4:ScenarioBaseClass,5011:wld0g4,A2_3:say:9;A2_9:say:9;A2_9:_runCharaScheduler:6;A2_3:_runCharaScheduler:5;A0_1:showQuestInfomation:2;A2_6:say:2;A0_0:_loadTextDataPermanently:1;A2_3:startCliantTalkTurn:1;A2_3:finishCliantTalkTurn:1;A2_6:startCliantTalkTurn:1;A2_6:_runCharaScheduler:1;A2_6:finishCliantTalkTurn:1;A2_9:startCliantTalkTurn:1;A0_7:_wait:1;A2_9:finishCliantTalkTurn:1
decomp_more_20260617,quest/scenario/wld/wld0g5,quest,quest,5,1,1,0,1,0,0,Wld0g5:ScenarioBaseClass,,
decomp_more_20260617,quest/scenario/wld/wld0g6,quest,quest,5,1,1,0,1,0,0,Wld0g6:ScenarioBaseClass,,
decomp_more_20260617,quest/scenario/wld/wld0g7,quest,quest,5,1,1,0,1,0,0,Wld0g7:ScenarioBaseClass,,
decomp_more_20260617,quest/scenario/wld/wld0g8,quest,quest,5,1,1,0,1,0,0,Wld0g8:ScenarioBaseClass,,
decomp_more_20260617,quest/scenario/wld/wld0g9,quest,quest,5,1,1,0,1,0,0,Wld0g9:ScenarioBaseClass,,
decomp_more_20260617,quest/scenario/wld/wld0i1,quest,quest,5,1,1,0,1,0,0,Wld0i1:ScenarioBaseClass,,
decomp_more_20260617,quest/scenario/wld/wld0i2,quest,quest,5,1,1,0,1,0,0,Wld0i2:ScenarioBaseClass,,
decomp_more_20260617,quest/scenario/wld/wld0i3,quest,quest,5,1,1,0,1,0,0,Wld0i3:ScenarioBaseClass,,
decomp_more_20260617,quest/scenario/wld/wld0i4,quest,quest,5,1,1,0,1,0,0,Wld0i4:ScenarioBaseClass,,
decomp_more_20260617,quest/scenario/wld/wld0i5,quest,quest,5,1,1,0,1,0,0,Wld0i5:ScenarioBaseClass,,
decomp_more_20260617,quest/scenario/wld/wld0i6,quest,quest,5,1,1,0,1,0,0,Wld0i6:ScenarioBaseClass,,
decomp_more_20260617,quest/scenario/wld/wld0i7,quest,quest,5,1,1,0,1,0,0,Wld0i7:ScenarioBaseClass,,
decomp_more_20260617,quest/scenario/wld/wld0i8,quest,quest,5,1,1,0,1,0,0,Wld0i8:ScenarioBaseClass,,
decomp_more_20260617,quest/scenario/wld/wld0i9,quest,quest,5,1,1,0,1,0,0,Wld0i9:ScenarioBaseClass,,
decomp_more_20260617,quest/scenario/wld/wld0l1,quest,quest,59,1,6,3,1,1,43,Wld0l1:ScenarioBaseClass,5251:wld0l1,A2_3:say:6;A2_6:say:6;A2_9:say:5;A2_6:_runCharaScheduler:3;A2_9:startCliantTalkTurn:3;A0_1:showQuestInfomation:2;A2_12:say:2;A2_15:say:2;A0_0:_loadTextDataPermanently:1;A2_3:startCliantTalkTurn:1;A2_3:finishCliantTalkTurn:1;A2_6:startCliantTalkTurn:1;A2_6:finishCliantTalkTurn:1;A0_7:startFadeOut:1;A0_7:_wait:1
decomp_more_20260617,quest/scenario/wld/wld0l2,quest,quest,125,1,12,11,1,1,97,Wld0l2:ScenarioBaseClass,5267:wld0l2,A2_3:say:9;A2_33:say:7;A2_3:_runCharaScheduler:5;A2_33:_runCharaScheduler:5;A0_1:_wait:4;A0_31:_wait:4;A2_27:say:3;A0_1:startFadeOut:2;A0_1:startFadeIn:2;A0_1:showQuestInfomation:2;A2_6:say:2;A2_9:say:2;A2_15:say:2;A2_21:say:2;A2_33:startCliantTalkTurn:2
decomp_more_20260617,quest/scenario/wld/wld0l3,quest,quest,69,1,6,5,1,1,49,Wld0l3:ScenarioBaseClass,5283:wld0l3,A2_12:say:6;A2_3:say:4;A2_6:_runCharaScheduler:4;A2_6:say:4;A2_3:_runCharaScheduler:3;A0_1:showQuestInfomation:3;A0_4:_wait:3;A2_12:_runCharaScheduler:3;A2_3:finishCliantTalkTurn:2;A0_0:_loadTextDataPermanently:1;A2_3:startCliantTalkTurn:1;A2_6:startCliantTalkTurn:1;A0_4:startFadeOut:1;A0_4:startFadeIn:1;A1_5:_runCharaScheduler:1
decomp_more_20260617,quest/scenario/wld/wld0l4,quest,quest,87,1,6,5,1,1,71,Wld0l4:ScenarioBaseClass,5299:wld0l4,A2_3:say:8;A2_15:say:8;A2_9:say:5;A0_13:_wait:5;A2_15:_runCharaScheduler:5;A0_1:_wait:4;A2_3:_runCharaScheduler:4;A2_9:_runCharaScheduler:3;A0_13:startFadeOut:3;A0_13:startFadeIn:3;A0_1:startFadeOut:2;A0_1:startFadeIn:2;A0_1:showQuestInfomation:2;A2_6:say:2;A0_0:_loadTextDataPermanently:1
decomp_more_20260617,quest/scenario/wld/wld0l5,quest,quest,5,1,1,0,1,0,0,Wld0l5:ScenarioBaseClass,,
decomp_more_20260617,quest/scenario/wld/wld0l6,quest,quest,5,1,1,0,1,0,0,Wld0l6:ScenarioBaseClass,,
decomp_more_20260617,quest/scenario/wld/wld0l7,quest,quest,5,1,1,0,1,0,0,Wld0l7:ScenarioBaseClass,,
decomp_more_20260617,quest/scenario/wld/wld0l8,quest,quest,5,1,1,0,1,0,0,Wld0l8:ScenarioBaseClass,,
decomp_more_20260617,quest/scenario/wld/wld0l9,quest,quest,5,1,1,0,1,0,0,Wld0l9:ScenarioBaseClass,,
decomp_more_20260617,quest/scenario/wld/wld0u1,quest,quest,58,1,6,3,1,1,42,Wld0u1:ScenarioBaseClass,5395:wld0u1,A2_3:say:9;A2_9:say:7;A2_3:_runCharaScheduler:5;A2_6:say:5;A2_9:_runCharaScheduler:4;A0_1:showQuestInfomation:2;A0_0:_loadTextDataPermanently:1;A2_3:startCliantTalkTurn:1;A2_3:finishCliantTalkTurn:1;A0_4:_wait:1;A2_9:startCliantTalkTurn:1;A2_9:finishCliantTalkTurn:1;A2_12:startCliantTalkTurn:1;A2_12:_runCharaScheduler:1;A2_12:say:1
decomp_more_20260617,quest/scenario/wld/wld0u2,quest,quest,44,1,4,3,1,1,32,Wld0u2:ScenarioBaseClass,5411:wld0u2,A2_3:say:8;A2_9:say:8;A2_3:_runCharaScheduler:2;A0_1:showQuestInfomation:2;A2_6:say:2;A2_9:_runCharaScheduler:2;A0_0:_loadTextDataPermanently:1;A2_3:startCliantTalkTurn:1;A2_3:finishCliantTalkTurn:1;A2_6:startCliantTalkTurn:1;A2_6:_runCharaScheduler:1;A2_6:finishCliantTalkTurn:1;A2_9:startCliantTalkTurn:1;A2_9:finishCliantTalkTurn:1
decomp_more_20260617,quest/scenario/wld/wld0u3,quest,quest,65,1,6,5,1,1,49,Wld0u3:ScenarioBaseClass,5427:wld0u3,A2_3:say:6;A2_9:say:6;A2_15:say:4;A2_3:_runCharaScheduler:3;A2_15:_runCharaScheduler:3;A0_1:showQuestInfomation:2;A2_9:_runCharaScheduler:2;A2_12:say:2;A2_15:startCliantTalkTurn:2;A0_13:startFadeOut:2;A0_13:_wait:2;A0_13:startFadeIn:2;A0_0:_loadTextDataPermanently:1;A2_3:startCliantTalkTurn:1;A2_3:finishCliantTalkTurn:1
decomp_more_20260617,quest/scenario/wld/wld0u4,quest,quest,50,1,4,3,1,1,38,Wld0u4:ScenarioBaseClass,5443:wld0u4,A2_3:say:9;A2_11:say:7;A2_3:_runCharaScheduler:4;A0_1:showQuestInfomation:2;A2_7:say:2;A0_9:_wait:2;A2_11:_runCharaScheduler:2;A0_0:_loadTextDataPermanently:1;A2_3:startCliantTalkTurn:1;A2_3:finishCliantTalkTurn:1;A2_7:startCliantTalkTurn:1;A2_7:_runCharaScheduler:1;A2_7:finishCliantTalkTurn:1;A2_11:startCliantTalkTurn:1;A0_9:startFadeOut:1
decomp_more_20260617,quest/scenario/wld/wld0u5,quest,quest,5,1,1,0,1,0,0,Wld0u5:ScenarioBaseClass,,
decomp_more_20260617,quest/scenario/wld/wld0u6,quest,quest,5,1,1,0,1,0,0,Wld0u6:ScenarioBaseClass,,
decomp_more_20260617,quest/scenario/wld/wld0u7,quest,quest,5,1,1,0,1,0,0,Wld0u7:ScenarioBaseClass,,
decomp_more_20260617,quest/scenario/wld/wld0u8,quest,quest,5,1,1,0,1,0,0,Wld0u8:ScenarioBaseClass,,
decomp_more_20260617,quest/scenario/wld/wld0u9,quest,quest,5,1,1,0,1,0,0,Wld0u9:ScenarioBaseClass,,
decomp_more_20260617,quest/scenario/wld/wld1g0,quest,quest,5,1,1,0,1,0,0,Wld1g0:ScenarioBaseClass,,
decomp_more_20260617,quest/scenario/wld/wld1i0,quest,quest,5,1,1,0,1,0,0,Wld1i0:ScenarioBaseClass,,
decomp_more_20260617,quest/scenario/wld/wld1l0,quest,quest,5,1,1,0,1,0,0,Wld1l0:ScenarioBaseClass,,
decomp_more_20260617,quest/scenario/wld/wld1u0,quest,quest,5,1,1,0,1,0,0,Wld1u0:ScenarioBaseClass,,
decomp_more_20260617,quest/scenario/wvr/wvr200,quest,quest,140,1,20,19,1,1,80,Wvr200:ScenarioBaseClass,1248:wvr200,A2_3:say:9;A2_16:say:2;A2_22:say:2;A2_25:say:2;A2_28:say:2;A2_31:say:2;A2_34:say:2;A2_37:say:2;A2_40:say:2;A2_43:say:2;A2_46:say:2;A2_49:say:2;A2_52:say:2;A2_55:say:2;A2_58:say:2
decomp_more_20260617,quest/scenario/wvr/wvr300,quest,quest,321,1,42,41,1,1,217,Wvr300:ScenarioBaseClass,1258:wvr300,A2_6:say:7;A2_78:say:5;A2_78:ask:5;A2_90:say:5;A2_90:ask:5;A2_102:say:5;A2_102:ask:5;A2_114:say:5;A2_114:ask:5;A2_9:say:4;A2_12:say:4;A2_15:say:3;A2_21:say:3;A2_27:say:3;A2_102:_runCharaScheduler:3
decomp_more_20260617,quest/scenario/wvr/wvr306,quest,quest,187,1,27,26,1,1,89,Wvr306:ScenarioBaseClass,1268:wvr306,A2_45:say:3;A2_72:say:3;A2_8:say:2;A2_11:say:2;A2_33:say:2;A2_36:say:2;A2_39:say:2;A2_42:say:2;A2_54:say:2;A2_57:say:2;A2_60:say:2;A2_63:say:2;A2_66:say:2;A2_78:say:2;A0_0:_loadTextDataPermanently:1
decomp_more_20260617,quest/scenario/wvr/wvr400,quest,quest,5,1,1,0,1,1,1,Wvr400:ScenarioBaseClass,1278:wvr400,A0_0:_loadTextDataPermanently:1
decomp_more_20260617,quest/scenario/wvr/wvr500,quest,quest,5,1,1,0,1,1,1,Wvr500:ScenarioBaseClass,1288:wvr500,A0_0:_loadTextDataPermanently:1
decomp_more_20260617,quest/scenario/wvr/wvr506,quest,quest,5,1,1,0,1,1,1,Wvr506:ScenarioBaseClass,1298:wvr506,A0_0:_loadTextDataPermanently:1
decomp_more_20260617,widget/ask/linkshellconfirmwidget,widget,linkshell;widget,59,1,3,2,1,0,15,LinkshellConfirmWidget:AskBaseClass,,A0_0:setText:3;A0_0:setHelpParameter:2;A0_0:setVisibility:2;A0_0:setContent:2;A0_0:setConfirmCondition:1;A0_0:setCommandParameter:1;A0_0:setIcon:1;A0_0:setLogicalFocus:1;A0_9:setBaseAskResult:1;A0_14:setKeyboardFocusedControl:1
decomp_more_20260617,widget/ask/linkshelllistwidget,widget,linkshell;widget,203,1,6,2,1,0,9,LinkshellListWidget:AskBaseClass,,A0_0:setText:1;desktopWidget:closeWidgetDirect:1;A0_7:setBaseAskResult:1;desktopWidget:openChildWidget:1;A0_12:setBorder:1;A0_19:setHidden:1;A0_19:setVisibility:1;A0_37:createList:1;A0_38:setVisibility:1
decomp_more_20260617,widget/ask/linkshellnamingwidget,widget,linkshell;widget,146,1,6,3,1,0,24,LinkshellNamingWidget:AskBaseClass,,A0_12:setKeyboardFocusedControl:8;A0_12:getControlProperty:3;A0_2:setBaseAskResult:2;A0_7:setKeyboardFocusedControl:2;A0_12:getZenHanLength:2;A0_0:setAcceptChars:1;A0_2:getText:1;A0_2:setKeyboardFocusedControl:1;A0_7:setBaseAskResult:1;desktopWidget:isChinese:1;A0_12:setEnable:1;A0_22:getText:1
decomp_more_20260617,widget/ask/linkshellselecticonwidget,widget,linkshell;widget,171,1,7,2,1,0,8,LinkshellSelectIconWidget:AskBaseClass,,A0_11:getChildWidgetByWindowName:2;A0_0:setSelectedIcon:1;A0_11:setBaseAskResult:1;A0_17:setKeyboardFocusedControl:1;A0_25:setSelectedIcon:1;desktopWidget:getLinkshellBaseIconID:1;A0_30:setIcon:1
decomp_more_20260617,widget/ask/questaskwidget,widget,quest;widget,200,1,5,2,1,0,7,QuestAskWidget:AskBaseClass,,A0_4:setBaseAskResult:2;A0_0:getQuestCategory:1;A0_0:setIcon:1;A0_0:setHelpParameter:1;A0_0:setCancelCondition:1;A0_9:setBaseAskResult:1
decomp_more_20260617,widget/ask/questdeliverywidget,widget,quest;widget;mail,2097,1,65,7,1,0,177,QuestDeliveryWidget:AskBaseClass,,A0_104:setVisibility:10;A0_65:setListProperty:8;A0_78:getListProperty:4;A0_95:setVisibility:4;A0_97:setVisibility:4;worldMaster:_getMyPlayer:4;worldMaster:_getServerTime:3;A0_341:setVisibility:3;A0_21:setText:2;desktopWidget:getPlayerItemInPackage:2;A0_97:displayFocusedItemHelp:2;A0_97:setWindowFocus:2;A0_97:focusToIndex:2;A0_130:getListBoxFocusNum:2;A0_139:setControlCommandCondition:2
decomp_more_20260617,widget/ask/questdetailwidget,widget,quest;widget,625,1,14,5,1,0,39,QuestDetailWidget:AskBaseClass,,A0_27:setVisibility:5;desktopWidget:closeWidgetDirect:4;A0_56:setText:3;A0_0:setText:2;A0_9:setBaseAskResult:2;desktopWidget:openChildWidget:2;desktopWidget:openCommandFailedWidget:2;A0_0:setLogicalFocus:1;A0_15:setBaseAskResult:1;desktopWidget:executeCommandJournalDetailInfo:1;A0_20:getVisibility:1;A0_20:setEnable:1;desktopWidget:getTutorialMenuType:1;desktopWidget:getTutorialMenuStatus:1;desktopWidget:closeTutorialWidget:1
decomp_more_20260617,widget/ask/questrewardwidget,widget,quest;widget,347,1,9,4,1,0,38,QuestRewardWidget:AskBaseClass,,A0_0:setVisibility:9;A0_0:setProperty:3;A0_0:setText:2;A0_0:setIcon:2;A0_0:setHelpParameter:2;A0_27:setText:2;A0_0:setRewardData:1;A0_0:setLogicalFocus:1;A0_0:setUICommandCondition:1;A0_0:setDrawPriority:1;A0_0:sendCommand:1;A0_0:setModal:1;A0_0:setFocusable:1;A0_9:setInputContorlFlag:1;A0_9:setInputEnable:1
decomp_more_20260617,widget/ask/replaycutsceneselectwidget,widget,cutscene;widget,133,1,7,4,1,0,13,ReplayCutsceneSelectWidget:AskBaseClass,,A0_18:_getParentWidget:2;A0_0:setIcon:1;A0_0:setText:1;A0_3:finish:1;A0_8:finish:1;A0_13:finish:1;A0_18:hide:1;A0_25:setBaseAskResult:1;desktopWidget:closeWidgetDirect:1;cutReplaySheet:_isExistKey:1;A0_26:setListText:1;A0_26:setListProperty:1
decomp_more_20260617,widget/ask/retainerdismissalwidget,widget,retainer;widget,15,1,3,2,1,0,7,RetainerDismissalWidget:AskBaseClass,,A0_0:setCommandParameter:2;A0_0:setConfirmCondition:2;A0_0:setCancelCondition:1;A0_1:setBaseAskResult:1;A0_6:setKeyboardFocusedControl:1
decomp_more_20260617,widget/ask/retaineritemlistwidget,widget,retainer;widget;item,3072,1,76,8,1,0,421,RetainerItemListWidget:AskBaseClass,,A0_193:setVisibility:82;desktopWidget:getRetainerItem:18;A0_172:getListProperty:14;A0_27:setVisibility:12;A0_224:setControlProperty:12;A0_116:setListProperty:10;A0_2:setControlProperty:9;desktopWidget:getRetainerItemDealData:8;A0_193:setText:8;desktopWidget:isValidRetainer:7;desktopWidget:closeWidgetDirect:7;A0_193:setIcon:6;A0_5:resetListBox:5;A0_18:setVisibility:4;desktopWidget:checkKeyboardFocused:4
decomp_more_20260617,widget/ask/retainernamingwidget,widget,retainer;widget,262,1,13,6,1,0,25,RetainerNamingWidget:AskBaseClass,,A0_22:setFocus:2;desktopWidget:isChinese:2;A0_27:getZenHanLength:2;A0_37:setText:2;A0_39:getNameData:2;A0_0:setAcceptChars:1;A0_5:setBaseAskResult:1;A0_10:setBaseAskResult:1;A0_10:setFocus:1;desktopWidget:openChildWidget:1;A0_22:getControlProperty:1;A0_27:getControlProperty:1;A0_27:setEnable:1;A0_35:setEnable:1;A0_35:setBaseAskResult:1
decomp_more_20260617,widget/cutsceneskipwarningwidget,widget,cutscene;widget,13,1,3,2,1,0,4,CutSceneSkipWarningWidget:WidgetBaseClass,,A0_0:setUICommandCondition:1;A0_0:setText:1;A0_1:hide:1;A0_7:setVisualOpacity:1
decomp_more_20260617,widget/cutsceneskipwidget,widget,cutscene;widget,40,1,5,2,1,0,12,CutSceneSkipWidget:WidgetBaseClass,,A0_1:packTextParameter:3;A0_11:getArgActor:2;A0_0:setConfirmCondition:1;A0_11:setArgActor:1;A0_11:hide:1;A0_13:sendControlCommand:1;desktopWidget:closeWidgetDirect:1;A0_14:setArgActor:1;A0_14:hide:1
decomp_more_20260617,widget/jobquestinformationwidget,widget,quest;widget,37,1,2,1,1,0,16,JobQuestInformationWidget:WidgetBaseClass,,A0_0:setVisibility:4;A0_0:setText:2;A0_0:setTextByOwner:2;A0_0:setIcon:2;A0_0:setUICommandCondition:1;A0_0:setFocusable:1;A0_0:setProperty:1;A0_0:setDrawPriority:1;A0_0:sendCommand:1;desktopWidget:closeWidgetDirect:1
decomp_more_20260617,widget/linkshelliconlistwidget,widget,linkshell;widget,55,1,4,2,1,0,8,LinkshellIconListWidget:WidgetBaseClass,,A0_6:hide:2;A0_0:setConfirmCondition:1;A0_0:setCommandParameter:1;A0_6:_getParentWidget:1;A0_11:hide:1;A0_16:setIcon:1;A0_16:setVisibility:1
decomp_more_20260617,widget/linkshelllistsubwidget,widget,linkshell;widget,157,1,6,3,1,0,33,LinkshellListSubWidget:WidgetBaseClass,,A0_0:setConfirmCondition:6;A0_0:setVisibility:6;desktopWidget:closeWidgetDirect:3;worldMaster:_getMyPlayer:2;desktopWidget:isMyCurrnetLinkshell:2;A0_22:_getParentWidget:2;A0_0:setCancelCondition:1;A0_0:setCloseCondition:1;A0_0:setModal:1;A0_0:setWindowPosition:1;A0_4:setConfirmCondition:1;A0_4:setVisibility:1;A0_7:setParentBorder:1;desktopWidget:executePlayerSetCurrentLinkshell:1;A0_12:setParentBorder:1
decomp_more_20260617,widget/linkshellmemberslistwidget,widget,linkshell;widget,201,1,10,3,1,0,32,LinkshellMembersListWidget:WidgetBaseClass,,A0_32:setListProperty:13;A0_27:setVisibility:2;A0_0:setTextWorldMaster:1;A0_0:setIcon:1;desktopWidget:closeWidgetDirect:1;desktopWidget:openChildWidget:1;A0_7:setBorder:1;desktopWidget:updateLinkshellMemberInformation:1;A0_27:deleteListPropertyAll:1;A0_27:updateMemberList:1;desktopWidget:createCurrnetLinkshellMemberList:1;A0_28:updateListProperty:1;A0_28:updateMemberInformation:1;A0_29:getListProperty:1;A0_29:setText:1
decomp_more_20260617,widget/linkshellmenusubwidget,widget,linkshell;widget,294,1,11,4,1,0,25,LinkshellMenuSubWidget:WidgetBaseClass,,A0_29:packTextParameter:3;A0_38:_getParentWidget:2;desktopWidget:getPlayerConfirmGroupCommandVariation:2;desktopWidget:countPartyMember:2;A0_0:setContent:1;A0_0:setHelpParameter:1;A0_9:setConfirmCondition:1;A0_9:setVisibility:1;A0_12:setParentBorder:1;desktopWidget:setTellAddress:1;A0_24:isPartyEnable:1;desktopWidget:openChildWidget:1;desktopWidget:executePlayerLinkshellAppoint:1;desktopWidget:executePlayerPartyInviteByName:1;desktopWidget:closeWidgetDirect:1
decomp_more_20260617,widget/npclinkshelllistwidget,widget,linkshell;widget,172,1,9,4,1,0,31,NpcLinkshellListWidget:WidgetBaseClass,,A0_38:setIcon:5;L1_39:isNpcLinkshellChatCalling:3;A0_38:setHelpParameter:3;L1_47:isNpcLinkshellChatCalling:3;A0_0:setControlProperty:2;A0_15:setSelectedIndex:2;A0_38:sendControlCommand:2;A0_0:_addItem:1;A0_0:setText:1;A0_0:setVisibility:1;A0_13:setLogicalFocus:1;desktopWidget:_getKeyboardFocusedWidget:1;A0_13:setKeyboardFocusedControl:1;A0_15:setFocus:1;A0_15:setControlProperty:1
decomp_more_20260617,widget/raiddungeonexecutionwidget,widget,instance;widget,25,1,3,0,1,0,9,RaidDungeonExecutionWidget:WidgetBaseClass,,A0_5:_setProperty:6;A0_0:setContents:1;A0_0:setTimer:1;A0_3:setText:1
decomp_more_20260617,widget/retainerlistwidget,widget,retainer;widget,389,1,25,2,1,0,30,RetainerListWidget:WidgetBaseClass,,A0_125:setVisibility:4;A0_0:_setProperty:3;A0_102:setHelpParameter:3;A0_73:_setProperty:2;A0_83:_setProperty:2;A0_111:setInfomation:2;A0_0:_addItem:1;A0_0:setText:1;A0_0:setListItemVisible:1;A0_0:getEventMode:1;A0_19:setModal:1;A0_21:setRetainerLineData:1;A0_34:setAskResult:1;A0_64:setVisibility:1;A0_92:_setProperty:1
decomp_more_20260617,widget/retainertradewidget,widget,retainer;widget;item,1831,1,56,10,1,0,174,RetainerTradeWidget:WidgetBaseClass,,worldMaster:_getMyPlayer:6;desktopWidget:isValidRetainer:4;desktopWidget:closeWidgetDirect:4;A0_53:setText:4;desktopWidget:getRetainerItem:4;A0_158:getListProperty:4;A0_2:setText:3;desktopWidget:changeFocusedWidget:3;A0_40:getChildWidgetByWindowName:3;A0_239:displayItemList:3;A0_243:displayItemList:3;desktopWidget:getRetainerItemPackageCapacity:2;A0_6:setVisibility:2;L1_18:setProperty:2;A0_37:setControlCommandCondition:2
decomp_further_20260617,actorbaseclass,actorbaseclass,actorbaseclass,23,0,0,0,0,0,0,,,
decomp_further_20260617,actorbaseclass_u,actorbaseclass_u,actorbaseclass_u,88,0,0,0,0,0,0,,,
decomp_further_20260617,area/areabaseclass,area,area,220,0,16,4,1,0,14,,,A0_0:_getZoneName:1;A0_6:_getZoneName:1;A0_35:_callSuperClassFunc:1;A0_35:_setInstanceRaid:1;A0_35:_setLoopInterval:1;A0_35:loadCommonTableData:1;A0_35:_getZoneName:1;A0_35:_loadSpreadSheetPermanently:1;A0_35:_isInn:1;string:lowerCamelCase:1;A0_43:processLoop:1;A0_47:_callSuperClassFunc:1;A0_47:_isInn:1;cutReplaySheet:_delete:1
decomp_further_20260617,area/areabaseclass_layout,area,area,24,0,1,0,0,0,22,,,A0_0:prepareSpreadSheet:22
decomp_further_20260617,area/areabaseclass_u,area,area,80,0,0,0,0,0,3,,,tribeSheet:_loadAllKeyPermanently:1;materiaSheet:_loadAllKeyPermanently:1;compatibilitySheet:_loadAllKeyPermanently:1
decomp_further_20260617,area/zone/zonebaseclass,area,area,18,0,0,0,0,0,2,,,A0_2:_callSuperClassFunc:1;A0_2:init:1
decomp_further_20260617,area/zone/zonebaseclass_u,area,area,1,0,0,0,0,0,0,,,
decomp_further_20260617,area/zone/zonemasterbattlefstf0,area,area,2,1,0,0,1,0,0,ZoneMasterBattleFstF0:ZoneBaseClass,,
decomp_further_20260617,area/zone/zonemasterbattleocno0,area,area,2,1,0,0,1,0,0,ZoneMasterBattleOcnO0:ZoneBaseClass,,
decomp_further_20260617,area/zone/zonemasterbattleocno1,area,area,2,1,0,0,1,0,0,ZoneMasterBattleOcnO1:ZoneBaseClass,,
decomp_further_20260617,area/zone/zonemasterbattlewilw0,area,area,2,1,0,0,1,0,0,ZoneMasterBattleWilW0:ZoneBaseClass,,
decomp_further_20260617,area/zone/zonemastercottageprv00,area,area,2,1,0,0,1,0,0,ZoneMasterCottagePrv00:ZoneBaseClass,,
decomp_further_20260617,area/zone/zonemastercruiseocno2,area,area,2,1,0,0,1,0,0,ZoneMasterCruiseOcnO2:ZoneBaseClass,,
decomp_further_20260617,area/zone/zonemastercruiseseas1,area,area,2,1,0,0,1,0,0,ZoneMasterCruiseSeaS1:ZoneBaseClass,,
decomp_further_20260617,area/zone/zonemasterfstf0,area,area,2,1,0,0,1,0,0,ZoneMasterFstF0:ZoneBaseClass,,
decomp_further_20260617,area/zone/zonemasterjail,area,area,2,1,0,0,1,0,0,ZoneMasterJail:ZoneBaseClass,,
decomp_further_20260617,area/zone/zonemasterlakl0,area,area,2,1,0,0,1,0,0,ZoneMasterLakL0:ZoneBaseClass,,
decomp_further_20260617,area/zone/zonemastermarketfstf0,area,area,2,1,0,0,1,0,0,ZoneMasterMarketFstF0:ZoneBaseClass,,
decomp_further_20260617,area/zone/zonemastermarketseas0,area,area,2,1,0,0,1,0,0,ZoneMasterMarketSeaS0:ZoneBaseClass,,
decomp_further_20260617,area/zone/zonemastermarketwilw0,area,area,2,1,0,0,1,0,0,ZoneMasterMarketWilW0:ZoneBaseClass,,
decomp_further_20260617,area/zone/zonemasterocno0,area,area,2,1,0,0,1,0,0,ZoneMasterOcnO0:ZoneBaseClass,,
decomp_further_20260617,area/zone/zonemasterofficefstf0,area,area,2,1,0,0,1,0,0,ZoneMasterOfficeFstF0:ZoneBaseClass,,
decomp_further_20260617,area/zone/zonemasterofficeseas0,area,area,2,1,0,0,1,0,0,ZoneMasterOfficeSeaS0:ZoneBaseClass,,
decomp_further_20260617,area/zone/zonemasterofficewilw0,area,area,2,1,0,0,1,0,0,ZoneMasterOfficeWilW0:ZoneBaseClass,,
decomp_further_20260617,area/zone/zonemasterprvi0,area,area,2,1,0,0,1,0,0,ZoneMasterPrvI0:ZoneBaseClass,,
decomp_further_20260617,area/zone/zonemasterrocr0,area,area,2,1,0,0,1,0,0,ZoneMasterRocR0:ZoneBaseClass,,
decomp_further_20260617,area/zone/zonemasterrocr1,area,area,2,1,0,0,1,0,0,ZoneMasterRocR1:ZoneBaseClass,,
decomp_further_20260617,area/zone/zonemasterseas0,area,area,2,1,0,0,1,0,0,ZoneMasterSeaS0:ZoneBaseClass,,
decomp_further_20260617,area/zone/zonemasterseas1,area,area,2,1,0,0,1,0,0,ZoneMasterSeaS1:ZoneBaseClass,,
decomp_further_20260617,area/zone/zonemasterwilw0,area,area,2,1,0,0,1,0,0,ZoneMasterWilW0:ZoneBaseClass,,
decomp_further_20260617,chara/charabaseclass,chara,chara,600,0,49,18,3,0,81,,,worldMaster:_getMyPlayer:13;A1_47:getPriority:7;A0_2:_getAllGroup:3;A0_11:_getEquippingItem:3;A0_154:_getItem:3;L2_28:_getMember:2;A0_33:_getGroup:2;A1_47:getCommandId:2;A0_52:initCommonParameterSync:2;A0_133:_getSubStatStatus:2;A0_5:_getExtendedTemporaryGroup:1;A0_6:_getExtendedTemporaryGroup:1;A0_8:getPlayerParty:1;A0_9:_getExtendedTemporaryGroup:1;A0_13:_getExtendedTemporaryGroup:1
decomp_further_20260617,chara/charabaseclass_battle,chara,chara,1223,0,56,2,1,0,51,,,A0_146:getPotencial:4;A0_137:getBattalion:3;A1_138:getBattalion:3;A0_149:getStateMainSkillLevel:3;A0_137:isPlayer:2;A1_138:isPlayer:2;A0_149:getMonsterBaseData:2;A0_0:_isAlive:1;A0_0:hasGameParameter:1;A0_0:getHP:1;A0_10:getStateMainSkill:1;A0_13:getMainSkillCategory:1;A0_14:getMainSkillCategory:1;A0_15:getSkillLevelCap:1;A0_17:getSkillLevel:1
decomp_further_20260617,chara/charabaseclass_cliprog,chara,chara,286,0,0,0,0,0,18,,,A0_52:_isActorMainStatMode:4;A0_42:countStackAtIndex:2;A0_51:_getActorMainStat:2;A0_55:isNotoriousMonster:2;A0_3:hasGameParameter:1;A0_17:isJob:1;A1_33:getCommandId:1;A0_41:hasGameParameter:1;A0_53:_getExtendedTemporaryGroupCurrent:1;A0_55:isPlayer:1;A0_55:isPropertyEnabled:1;A0_56:hasItem:1
decomp_further_20260617,chara/charabaseclass_event,chara,chara,222,0,0,0,0,0,15,,,A0_20:_getItem:3;A0_25:_getItem:2;A0_2:hasGameParameter:1;A0_3:hasGameParameter:1;A0_4:hasGameParameter:1;A0_11:hasGameParameter:1;A0_12:isPlayer:1;A0_12:isRetainer:1;A0_12:hasGameParameter:1;A0_20:_hasItemPackage:1;A0_20:_getItemPackageCapacity:1;A0_23:_createExtendedTemporaryVirtualItem:1
decomp_further_20260617,chara/charabaseclass_ffxivbattle,chara,chara,452,0,0,0,0,0,15,,,A0_12:getStateMainSkillLevel:8;A0_14:getStateMainSkill:2;A0_14:_getJob:2;A0_15:_getJob:2;A0_14:isPlayer:1
decomp_further_20260617,chara/charabaseclass_parameter,chara,chara,973,0,54,1,1,0,74,,,A0_98:getStateMainSkill:16;A0_68:_getEquippingItem:4;L4_38:getPartyTargetFrom:3;A0_34:getContentGroup:2;A1_35:getContentGroup:2;A0_39:getParty:2;A0_69:_getEquippingItem:2;A1_119:getTargetInformationOpenThinking:2;A0_118:getParty:2;A1_119:getParty:2;A1_119:getTargetInformationPartyTarget:2;A0_7:getStateMainSkillLevel:1;A0_14:hasGameParameter:1;A0_15:hasGameParameter:1;A0_16:hasGameParameter:1
decomp_further_20260617,chara/charabaseclass_u,chara,chara,718,0,0,0,0,0,0,,,
decomp_further_20260617,chara/npc/crowd/crowdbaseclass,chara,chara,7,1,2,2,1,0,0,CrowdBaseClass:NpcBaseClass,,
decomp_further_20260617,chara/npc/crowd/crowdstandard,chara,chara,2,1,0,0,1,0,0,CrowdStandard:CrowdBaseClass,,
decomp_further_20260617,chara/npc/crowd/oceancty/crowdoceancty,chara,chara,2,1,0,0,1,0,0,CrowdOceanCty:CrowdBaseClass,,
decomp_further_20260617,chara/npc/debug/debugcraftassist,chara,item;chara;debug,20,1,6,2,1,0,5,DebugCraftAssist:NpcBaseClass,,debug:_ask:4;debug:_printLog:1
decomp_further_20260617,chara/npc/debug/debugharvestassist,chara,chara;debug,8,1,2,1,1,0,1,DebugHarvestAssist:NpcBaseClass,,debug:_ask:1
decomp_further_20260617,chara/npc/debug/debugmarker,chara,chara;debug,2,1,0,0,1,0,0,DebugMarker:NpcBaseClass,,
decomp_further_20260617,chara/npc/debug/partytester,chara,chara;debug;party,47,1,4,1,1,0,22,PartyTester:NpcBaseClass,,debug:_printLog:12;A0_3:_wait:4;debug:_ask:3;debug:printOverhead:1;A1_4:getPlayerParty:1;A0_3:isPartyLeader:1
decomp_further_20260617,chara/npc/debug/pathchecker,chara,chara;debug,5,1,1,0,1,0,1,PathChecker:NpcBaseClass,,debug:_ask:1
decomp_further_20260617,chara/npc/debug/populacehalloweentest,chara,chara;debug,5,1,1,0,1,0,1,PopulaceHalloweenTest:NpcBaseClass,,debug:_printLog:1
decomp_further_20260617,chara/npc/debug/populacemenuman,chara,chara;debug,628,1,6,3,1,0,15,PopulaceMenuMan:NpcBaseClass,,debug:_printLog:3;debug:_ask:3;debug:getQuestActorForPreview:3;desktopWidget:askEventModeWidgetYield:2;A0_0:initWork:1;A0_2:_getCurrentAreaMaster:1;A0_2:setTempWork:1;debug:isPrintDisp:1
decomp_further_20260617,chara/npc/debug/populacemonstergrandma,chara,chara;debug,139,1,4,0,1,0,6,PopulaceMonsterGrandma:NpcBaseClass,,A0_0:getMonsterRaceName:2;debug:_getLocalizedXtx:2;A0_15:_wait:1;A0_40:_wait:1
decomp_further_20260617,chara/npc/debug/populacesnpccuttestman,chara,chara;debug,98,1,1,0,1,0,7,PopulaceSnpcCutTestMan:NpcBaseClass,,debug:_ask:7
decomp_further_20260617,chara/npc/debug/sensechecker,chara,chara;debug,5,1,1,0,1,0,1,SenseChecker:NpcBaseClass,,debug:_ask:1
decomp_further_20260617,chara/npc/debug/serverposchecker,chara,chara;debug,2,1,0,0,1,0,0,ServerPosChecker:NpcBaseClass,,
decomp_further_20260617,chara/npc/debug/testcottage,chara,chara;debug,5,1,1,1,1,0,1,TestCottage:NpcBaseClass,,debug:_printLog:1
decomp_further_20260617,chara/npc/gimmick/gimmickbuffrect,chara,chara,2,1,0,0,1,0,0,GimmickBuffRect:GimmickNpcBaseClass,,
decomp_further_20260617,chara/npc/gimmick/gimmickbuffrecttriggerbox,chara,chara,4,1,1,0,1,0,0,GimmickBuffRectTriggerBox:GimmickNpcBaseClass,,
decomp_further_20260617,chara/npc/gimmick/gimmickdetectionrect,chara,chara,4,1,1,0,1,0,0,GimmickDetectionRect:GimmickNpcBaseClass,,
decomp_further_20260617,chara/npc/gimmick/gimmickexit,chara,chara,5,1,1,0,1,0,1,GimmickExit:GimmickNpcBaseClass,,A0_0:_setGroundOn:1
decomp_further_20260617,chara/npc/gimmick/gimmickexitrect,chara,chara,24,1,2,0,1,1,4,GimmickExitRect:GimmickNpcBaseClass,10064:gimmickExitRect,desktopWidget:askForEventMode:2;A0_0:_loadTextDataPermanently:1;A0_0:_setGroundOn:1
decomp_further_20260617,chara/npc/gimmick/gimmickkeepoutrect,chara,chara,5,1,1,0,1,0,1,GimmickKeepOutRect:GimmickNpcBaseClass,,A0_0:_setGroundOn:1
decomp_further_20260617,chara/npc/gimmick/gimmickmapobj/beaconfortgategimmick,chara,area;chara,67,1,4,1,1,1,5,BeaconFortGateGimmick:GimmickNpcBaseClass,10432:beaconFortGateGimmick,A0_0:_setGroundOn:1;A0_0:_loadTextDataPermanently:1;A0_3:executeScheduler:1;A0_6:_runBgSchedulerFromMidstream:1;A0_6:_runBgScheduler:1
decomp_further_20260617,chara/npc/gimmick/gimmickmapobj/gimmickmapobj,chara,area;chara,2,1,0,0,1,0,0,GimmickMapObj:GimmickMapObjBaseClass,,
decomp_further_20260617,chara/npc/gimmick/gimmickmapobj/gimmickmapobjbaseclass,chara,area;chara,11,1,2,0,1,0,3,GimmickMapObjBaseClass:GimmickNpcBaseClass,,A0_0:_runBgSchedulerFromMidstream:1;A0_0:_setGroundOn:1;A0_0:initForGimmickMapObj:1
decomp_further_20260617,chara/npc/gimmick/gimmickmapobj/gimmickmapobjobstacle,chara,area;chara,7,1,1,0,1,0,0,GimmickMapObjObstacle:GimmickMapObjBaseClass,,
decomp_further_20260617,chara/npc/gimmick/gimmickmapobj/magicsquaregimmick,chara,area;chara,8,1,1,0,1,0,2,MagicSquareGimmick:GimmickNpcBaseClass,,A0_0:_runBgSchedulerFromMidstream:1;A0_0:_setGroundOn:1
decomp_further_20260617,chara/npc/gimmick/gimmicknpcbaseclass,chara,chara,45,1,4,1,1,0,1,GimmickNpcBaseClass:NpcBaseClass,,desktopWidget:askForEventMode:1
decomp_further_20260617,chara/npc/gimmick/gimmickpoisoncure,chara,chara,30,1,2,0,1,1,2,GimmickPoisonCure:GimmickNpcBaseClass,10080:gimmickPoisonCure,A0_0:_loadTextDataPermanently:1;desktopWidget:askForEventMode:1
decomp_further_20260617,chara/npc/gimmick/gimmickterminal,chara,chara,8,1,2,1,1,1,2,GimmickTerminal:GimmickNpcBaseClass,10096:gimmickTerminal,A0_0:_loadTextDataPermanently:1;worldMaster:say:1
decomp_further_20260617,chara/npc/gimmick/gimmicktreasurebox,chara,chara,21,1,3,0,1,0,2,GimmickTreasureBox:GimmickNpcBaseClass,,A0_0:_setGroundOn:1;desktopWidget:askForEventMode:1
decomp_further_20260617,chara/npc/gimmick/gimmickwarp,chara,chara,48,1,2,0,1,1,4,GimmickWarp:GimmickNpcBaseClass,10112:gimmickWarp,desktopWidget:askForEventMode:2;A0_0:_loadTextDataPermanently:1;A0_0:_setGroundOn:1
decomp_further_20260617,chara/npc/gimmick/gimmickwarprect,chara,chara,5,1,1,0,1,0,1,GimmickWarpRect:GimmickNpcBaseClass,,A0_0:_setGroundOn:1
decomp_further_20260617,chara/npc/gimmick/prefaceevent,chara,chara,14,1,2,2,1,0,2,PrefaceEvent:NpcBaseClass,,A0_0:_setVisible:1;A0_0:_setGroundOn:1
decomp_further_20260617,chara/npc/mapobj/barriertree,chara,area;chara,13,1,1,1,1,0,2,BarrierTree:NpcBaseClass,,A0_0:initWork:1;A0_0:_setGroundOn:1
decomp_further_20260617,chara/npc/mapobj/companyship,chara,area;chara,4,1,1,1,1,0,0,CompanyShip:NpcBaseClass,,
decomp_further_20260617,chara/npc/mapobj/doorserver,chara,area;chara,20,1,1,1,1,0,5,DoorServer:NpcBaseClass,,A0_0:_runBgSchedulerFromMidstream:2;A0_0:initWork:1;A0_0:getActorClassId:1;A0_0:_setGroundOn:1
decomp_further_20260617,chara/npc/mapobj/doorstandard,chara,area;chara,74,1,3,3,1,0,19,DoorStandard:NpcBaseClass,,worldMaster:_getServerTime:6;A0_0:getActorClassId:3;A0_0:_setReactionTriggerBox:2;A0_0:_runBgSchedulerFromMidstream:2;A0_6:_runBgScheduler:2;A0_9:_runBgScheduler:2;A0_0:initWork:1;A0_0:_setGroundOn:1
decomp_further_20260617,chara/npc/mapobj/mapobjclam,chara,area;chara,68,1,3,3,1,0,14,MapObjClam:NpcBaseClass,,worldMaster:_getServerTime:6;A0_0:_setReactionTriggerBox:2;A0_6:_runBgScheduler:2;A0_9:_runBgScheduler:2;A0_0:initWork:1;A0_0:_setGroundOn:1
decomp_further_20260617,chara/npc/mapobj/mapobjfireworks,chara,area;chara,62,1,3,2,1,0,13,MapObjFireworks:NpcBaseClass,,A0_5:_runBgScheduler:5;A0_5:_wait:4;A0_0:initWork:1;A0_0:_setGroundOn:1;A0_0:_setLoopInterval:1;worldMaster:isHydaelynNight:1
decomp_further_20260617,chara/npc/mapobj/mapobjonewaydoor,chara,area;chara,20,1,1,1,1,0,5,MapObjOnewayDoor:NpcBaseClass,,A0_0:_runBgSchedulerFromMidstream:2;A0_0:initWork:1;A0_0:getActorClassId:1;A0_0:_setGroundOn:1
decomp_further_20260617,chara/npc/mapobj/mapobjonlyshowhide,chara,area;chara,10,1,1,1,1,0,4,MapObjOnlyShowHide:NpcBaseClass,,A0_0:_runBgScheduler:2;A0_0:_setGroundOn:1;A0_0:getActorClassId:1
decomp_further_20260617,chara/npc/mapobj/mapobjportdoor,chara,area;chara,29,1,3,3,1,1,6,MapObjPortDoor:NpcBaseClass,175:mapObjPortDoor,worldMaster:ask:2;A0_0:initWork:1;A0_0:_setGroundOn:1;A0_0:_loadTextDataPermanently:1;worldMaster:say:1
decomp_further_20260617,chara/npc/mapobj/mapobjshipport,chara,area;chara,61,1,1,1,1,0,7,MapObjShipPort:NpcBaseClass,,A0_0:_runBgSchedulerFromMidstream:6;A0_0:_setGroundOn:1
decomp_further_20260617,chara/npc/mapobj/mapobjshiprouteland,chara,area;chara,24,1,1,1,1,0,7,MapObjShipRouteLand:NpcBaseClass,,worldMaster:_getServerTime:2;A0_0:_runBgSchedulerFromMidstream:2;A0_0:initWork:1;A0_0:getActorClassId:1;A0_0:_setGroundOn:1
decomp_further_20260617,chara/npc/mapobj/mapobjstandard,chara,area;chara,5,1,1,1,1,0,1,MapObjStandard:NpcBaseClass,,A0_0:_setGroundOn:1
decomp_further_20260617,chara/npc/mapobj/mapobjtutorial,chara,area;chara,10,1,1,1,1,0,6,MapObjTutorial:NpcBaseClass,,A0_0:getActorClassId:3;A0_0:_runBgScheduler:2;A0_0:_setGroundOn:1
decomp_further_20260617,chara/npc/mapobj/marketstand,chara,area;chara,208,1,8,8,1,0,14,MarketStand:NpcBaseClass,,A0_24:askForCustomizeOption:4;A0_0:_runBgScheduler:3;A0_23:askExtendWidget:2;A0_36:askExtendWidget:2;L8_15:isPlayerMember:1;A0_32:askForCustomizeOption:1;desktopWidget:orderBazaarWidget:1
decomp_further_20260617,chara/npc/mapobj/pray12gods,chara,area;chara,24,1,3,2,1,0,6,Pray12Gods:NpcBaseClass,,A0_0:initWork:1;A0_0:_setGroundOn:1;A0_0:_setMapObjScale:1;A0_7:_callServerOnEmote:1;A1_8:_setLockonTarget:1;desktopWidget:cancelAllTarget:1
decomp_further_20260617,chara/npc/mapobj/testmapobj,chara,area;chara,17,1,2,2,1,0,4,TestMapObj:NpcBaseClass,,A0_0:_setReactionTriggerBox:2;A0_0:initWork:1;A0_6:_runBgScheduler:1
decomp_further_20260617,chara/npc/monster/ahriman/ahrimanbaseclass,chara,chara;monster,2,1,0,0,1,0,0,AhrimanBaseClass:MonsterBaseClass,,
decomp_further_20260617,chara/npc/monster/ahriman/ahrimanlesserstandard,chara,chara;monster,2,1,0,0,1,0,0,AhrimanLesserStandard:AhrimanBaseClass,,
decomp_further_20260617,chara/npc/monster/ahriman/ahrimannormalanimaobj,chara,chara;monster,2,1,0,0,1,0,0,AhrimanNormalAnimaobj:AhrimanBaseClass,,
decomp_further_20260617,chara/npc/monster/ahriman/ahrimannormalanimaobjb,chara,chara;monster,2,1,0,0,1,0,0,AhrimanNormalAnimaobjB:AhrimanBaseClass,,
decomp_further_20260617,chara/npc/monster/ahriman/ahrimannormalnm,chara,chara;monster,2,1,0,0,1,0,0,AhrimanNormalNM:AhrimanBaseClass,,
decomp_further_20260617,chara/npc/monster/ahriman/ahrimannormalnmmob,chara,chara;monster,2,1,0,0,1,0,0,AhrimanNormalNmMob:AhrimanBaseClass,,
decomp_further_20260617,chara/npc/monster/ahriman/ahrimannormalnmrush,chara,chara;monster,2,1,0,0,1,0,0,AhrimanNormalNMRush:AhrimanBaseClass,,
decomp_further_20260617,chara/npc/monster/ahriman/ahrimannormalpld0j6,chara,chara;monster,2,1,0,0,1,0,0,AhrimanNormalPld0j6:AhrimanBaseClass,,
decomp_further_20260617,chara/npc/monster/ahriman/ahrimannormalstandard,chara,chara;monster,2,1,0,0,1,0,0,AhrimanNormalStandard:AhrimanBaseClass,,
decomp_further_20260617,chara/npc/monster/ahriman/ahrimanpatrolbaseclass,chara,chara;monster,2,1,0,0,1,0,0,AhrimanPatrolBaseClass:MonsterBaseClass,,
decomp_further_20260617,chara/npc/monster/ahriman/ahrimanstandard,chara,chara;monster,2,1,0,0,1,0,0,AhrimanStandard:AhrimanBaseClass,,
decomp_further_20260617,chara/npc/monster/animaobj/animaobjbaseclass,chara,chara;monster,2,1,0,0,1,0,0,AnimaobjBaseClass:MonsterBaseClass,,
decomp_further_20260617,chara/npc/monster/animaobj/animaobjnormala,chara,chara;monster,2,1,0,0,1,0,0,AnimaobjNormalA:AnimaobjBaseClass,,
decomp_further_20260617,chara/npc/monster/animaobj/animaobjnormalb,chara,chara;monster,2,1,0,0,1,0,0,AnimaobjNormalB:AnimaobjBaseClass,,
decomp_further_20260617,chara/npc/monster/animaobj/animaobjnormalc,chara,chara;monster,2,1,0,0,1,0,0,AnimaobjNormalC:AnimaobjBaseClass,,
decomp_further_20260617,chara/npc/monster/animaobj/animaobjnormald,chara,chara;monster,2,1,0,0,1,0,0,AnimaobjNormalD:AnimaobjBaseClass,,
decomp_further_20260617,chara/npc/monster/animaobj/animaobjstandard,chara,chara;monster,2,1,0,0,1,0,0,AnimaobjStandard:AnimaobjBaseClass,,
decomp_further_20260617,chara/npc/monster/apkallu/apkallubaseclass,chara,chara;monster,2,1,0,0,1,0,0,ApkalluBaseClass:MonsterBaseClass,,
decomp_further_20260617,chara/npc/monster/apkallu/apkallustandard,chara,chara;monster,2,1,0,0,1,0,0,ApkalluStandard:ApkalluBaseClass,,
decomp_further_20260617,chara/npc/monster/apkallu/apkalluwildnessstandard,chara,chara;monster,2,1,0,0,1,0,0,ApkalluWildnessStandard:ApkalluBaseClass,,
decomp_further_20260617,chara/npc/monster/basilisk/basiliskbaseclass,chara,chara;monster,2,1,0,0,1,0,0,BasiliskBaseClass:MonsterBaseClass,,
decomp_further_20260617,chara/npc/monster/basilisk/basilisklessermnk0j4,chara,chara;monster,2,1,0,0,1,0,0,BasiliskLesserMnk0j4:BasiliskBaseClass,,
decomp_further_20260617,chara/npc/monster/basilisk/basilisklessernm,chara,chara;monster,2,1,0,0,1,0,0,BasiliskLesserNM:BasiliskBaseClass,,
decomp_further_20260617,chara/npc/monster/basilisk/basilisklessernmrush,chara,chara;monster,2,1,0,0,1,0,0,BasiliskLesserNMRush:BasiliskBaseClass,,
decomp_further_20260617,chara/npc/monster/basilisk/basilisklesserstandard,chara,chara;monster,2,1,0,0,1,0,0,BasiliskLesserStandard:BasiliskBaseClass,,
decomp_further_20260617,chara/npc/monster/basilisk/basilisknormalstandard,chara,chara;monster,2,1,0,0,1,0,0,BasiliskNormalStandard:BasiliskBaseClass,,
decomp_further_20260617,chara/npc/monster/basilisk/basiliskstandard,chara,chara;monster,2,1,0,0,1,0,0,BasiliskStandard:BasiliskBaseClass,,
decomp_further_20260617,chara/npc/monster/bat/batbaseclass,chara,chara;monster,2,1,0,0,1,0,0,BatBaseClass:MonsterBaseClass,,
decomp_further_20260617,chara/npc/monster/bat/batnormalstandard,chara,chara;monster,2,1,0,0,1,0,0,BatNormalStandard:BatBaseClass,,
decomp_further_20260617,chara/npc/monster/bat/batstandard,chara,chara;monster,2,1,0,0,1,0,0,BatStandard:BatBaseClass,,
decomp_further_20260617,chara/npc/monster/bat/batyellowstandard,chara,chara;monster,2,1,0,0,1,0,0,BatYellowStandard:BatBaseClass,,
decomp_further_20260617,chara/npc/monster/bird/birdbaseclass,chara,chara;monster,2,1,0,0,1,0,0,BirdBaseClass:MonsterBaseClass,,
decomp_further_20260617,chara/npc/monster/bird/birdlesser,chara,chara;monster,2,1,0,0,1,0,0,BirdLesser:BirdBaseClass,,
decomp_further_20260617,chara/npc/monster/bird/birdlessermooglef0f4,chara,chara;monster,2,1,0,0,1,0,0,BirdLesserMoogleF0f4:BirdBaseClass,,
decomp_further_20260617,chara/npc/monster/bird/birdlesserstandard,chara,chara;monster,2,1,0,0,1,0,0,BirdLesserStandard:BirdBaseClass,,
decomp_further_20260617,chara/npc/monster/bird/birdnormal,chara,chara;monster,2,1,0,0,1,0,0,BirdNormal:BirdBaseClass,,
decomp_further_20260617,chara/npc/monster/bird/birdnormalstandard,chara,chara;monster,2,1,0,0,1,0,0,BirdNormalStandard:BirdBaseClass,,
decomp_further_20260617,chara/npc/monster/bird/birdnormalwar0j6,chara,chara;monster,2,1,0,0,1,0,0,BirdNormalWar0j6:BirdBaseClass,,
decomp_further_20260617,chara/npc/monster/bird/birdstandard,chara,chara;monster,2,1,0,0,1,0,0,BirdStandard:BirdBaseClass,,
decomp_further_20260617,chara/npc/monster/birdman/birdmanbaseclass,chara,chara;monster,2,1,0,0,1,0,0,BirdmanBaseClass:MonsterBaseClass,,
decomp_further_20260617,chara/npc/monster/birdman/birdmanconattackhamletstd,chara,chara;monster;hamlet,2,1,0,0,1,0,0,BirdmanConAttackHamletStd:BirdmanConjurerBaseClass,,
decomp_further_20260617,chara/npc/monster/birdman/birdmanconattacklesserstd,chara,chara;monster,2,1,0,0,1,0,0,BirdmanConAttackLesserStd:BirdmanConjurerBaseClass,,
decomp_further_20260617,chara/npc/monster/birdman/birdmanconattacknormalstd,chara,chara;monster,2,1,0,0,1,0,0,BirdmanConAttackNormalStd:BirdmanConjurerBaseClass,,
decomp_further_20260617,chara/npc/monster/birdman/birdmanconcctrllesserstd,chara,chara;monster,2,1,0,0,1,0,0,BirdmanConCCtrlLesserStd:BirdmanConjurerBaseClass,,
decomp_further_20260617,chara/npc/monster/birdman/birdmanconcctrlnormalstd,chara,chara;monster,2,1,0,0,1,0,0,BirdmanConCCtrlNormalStd:BirdmanConjurerBaseClass,,
decomp_further_20260617,chara/npc/monster/birdman/birdmanconhealjobarmstd,chara,chara;monster,2,1,0,0,1,0,0,BirdmanConHealJobArmStd:BirdmanConjurerBaseClass,,
decomp_further_20260617,chara/npc/monster/birdman/birdmanconheallesserstd,chara,chara;monster,2,1,0,0,1,0,0,BirdmanConHealLesserStd:BirdmanConjurerBaseClass,,
decomp_further_20260617,chara/npc/monster/birdman/birdmanconhealnormalstd,chara,chara;monster,2,1,0,0,1,0,0,BirdmanConHealNormalStd:BirdmanConjurerBaseClass,,
decomp_further_20260617,chara/npc/monster/birdman/birdmanconjurerbaseclass,chara,chara;monster,2,1,0,0,1,0,0,BirdmanConjurerBaseClass:BirdmanBaseClass,,
decomp_further_20260617,chara/npc/monster/birdman/birdmanconjurerbrd0j6a,chara,chara;monster,2,1,0,0,1,0,0,BirdmanConjurerBrd0j6a:BirdmanBaseClass,,
decomp_further_20260617,chara/npc/monster/birdman/birdmanconjurerbrd0j6b,chara,chara;monster,2,1,0,0,1,0,0,BirdmanConjurerBrd0j6b:BirdmanBaseClass,,
decomp_further_20260617,chara/npc/monster/birdman/birdmanconjurerstandard,chara,chara;monster,2,1,0,0,1,0,0,BirdmanConjurerStandard:BirdmanBaseClass,,
decomp_further_20260617,chara/npc/monster/birdman/birdmanconpublicfortguard01,chara,chara;monster,2,1,0,0,1,0,0,BirdmanConPublicFortGuard01:BirdmanConjurerBaseClass,,
decomp_further_20260617,chara/npc/monster/birdman/birdmanexcpublicfortguard01,chara,chara;monster,2,1,0,0,1,0,0,BirdmanExcPublicFortGuard01:BirdmanBaseClass,,
decomp_further_20260617,chara/npc/monster/birdman/birdmangladiator,chara,chara;monster,2,1,0,0,1,0,0,BirdmanGladiator:BirdmanBaseClass,,
decomp_further_20260617,chara/npc/monster/birdman/birdmangladiatorbrd0j6,chara,chara;monster,2,1,0,0,1,0,0,BirdmanGladiatorBrd0j6:BirdmanBaseClass,,
decomp_further_20260617,chara/npc/monster/birdman/birdmangladiatorhamletnm,chara,chara;monster;hamlet,2,1,0,0,1,0,0,BirdmanGladiatorHamletNM:BirdmanBaseClass,,
decomp_further_20260617,chara/npc/monster/birdman/birdmangladiatorhamletstd,chara,chara;monster;hamlet,2,1,0,0,1,0,0,BirdmanGladiatorHamletStd:BirdmanBaseClass,,
decomp_further_20260617,chara/npc/monster/birdman/birdmangladiatorjobarmstd,chara,chara;monster,2,1,0,0,1,0,0,BirdmanGladiatorJobArmStd:BirdmanBaseClass,,
decomp_further_20260617,chara/npc/monster/birdman/birdmangladiatorlesserstd,chara,chara;monster,2,1,0,0,1,0,0,BirdmanGladiatorLesserStd:BirdmanBaseClass,,
decomp_further_20260617,chara/npc/monster/birdman/birdmangladiatornm,chara,chara;monster,2,1,0,0,1,0,0,BirdmanGladiatorNM:BirdmanBaseClass,,
decomp_further_20260617,chara/npc/monster/birdman/birdmangladiatornormalstd,chara,chara;monster,2,1,0,0,1,0,0,BirdmanGladiatorNormalStd:BirdmanBaseClass,,
decomp_further_20260617,chara/npc/monster/birdman/birdmangladiatorpublicfortnm01,chara,chara;monster,2,1,0,0,1,0,0,BirdmanGladiatorPublicFortNM01:BirdmanBaseClass,,
decomp_further_20260617,chara/npc/monster/birdman/birdmangladiatorstandard,chara,chara;monster,2,1,0,0,1,0,0,BirdmanGladiatorStandard:BirdmanBaseClass,,
decomp_further_20260617,chara/npc/monster/birdman/birdmanlancerbrd0j6,chara,chara;monster,2,1,0,0,1,0,0,BirdmanLancerBrd0j6:BirdmanBaseClass,,
decomp_further_20260617,chara/npc/monster/birdman/birdmanlancerhamletstd,chara,chara;monster;hamlet,2,1,0,0,1,0,0,BirdmanLancerHamletStd:BirdmanBaseClass,,
decomp_further_20260617,chara/npc/monster/birdman/birdmanlancerjobarmstd,chara,chara;monster,2,1,0,0,1,0,0,BirdmanLancerJobArmStd:BirdmanBaseClass,,
decomp_further_20260617,chara/npc/monster/birdman/birdmanlancerlesserstd,chara,chara;monster,2,1,0,0,1,0,0,BirdmanLancerLesserStd:BirdmanBaseClass,,
decomp_further_20260617,chara/npc/monster/birdman/birdmanlancernormalstd,chara,chara;monster,2,1,0,0,1,0,0,BirdmanLancerNormalStd:BirdmanBaseClass,,
decomp_further_20260617,chara/npc/monster/birdman/birdmanlancerpublicfortguard01,chara,chara;monster,2,1,0,0,1,0,0,BirdmanLancerPublicFortGuard01:BirdmanBaseClass,,
decomp_further_20260617,chara/npc/monster/birdman/birdmanlancerstandard,chara,chara;monster,2,1,0,0,1,0,0,BirdmanLancerStandard:BirdmanBaseClass,,
decomp_further_20260617,chara/npc/monster/birdman/birdmanmarauderbrd0j6,chara,chara;monster,2,1,0,0,1,0,0,BirdmanMarauderBrd0j6:BirdmanBaseClass,,
decomp_further_20260617,chara/npc/monster/birdman/birdmanmarauderjobarmstd,chara,chara;monster,2,1,0,0,1,0,0,BirdmanMarauderJobArmStd:BirdmanBaseClass,,
decomp_further_20260617,chara/npc/monster/birdman/birdmanmarauderlesserstd,chara,chara;monster,2,1,0,0,1,0,0,BirdmanMarauderLesserStd:BirdmanBaseClass,,
decomp_further_20260617,chara/npc/monster/birdman/birdmanmaraudernormalstd,chara,chara;monster,2,1,0,0,1,0,0,BirdmanMarauderNormalStd:BirdmanBaseClass,,
decomp_further_20260617,chara/npc/monster/birdman/birdmanmarauderstandard,chara,chara;monster,2,1,0,0,1,0,0,BirdmanMarauderStandard:BirdmanBaseClass,,
decomp_further_20260617,chara/npc/monster/birdman/birdmanstandard,chara,chara;monster,2,1,0,0,1,0,0,BirdmanStandard:BirdmanBaseClass,,
decomp_further_20260617,chara/npc/monster/boar/boarbaseclass,chara,chara;monster,2,1,0,0,1,0,0,BoarBaseClass:MonsterBaseClass,,
decomp_further_20260617,chara/npc/monster/boar/boarlessernmf0f4,chara,chara;monster,2,1,0,0,1,0,0,BoarLesserNMf0f4:BoarBaseClass,,
decomp_further_20260617,chara/npc/monster/boar/boarlesserstandard,chara,chara;monster,2,1,0,0,1,0,0,BoarLesserStandard:BoarBaseClass,,
decomp_further_20260617,chara/npc/monster/boar/boarnormalnm,chara,chara;monster,2,1,0,0,1,0,0,BoarNormalNM:BoarBaseClass,,
decomp_further_20260617,chara/npc/monster/boar/boarnormalnmrush,chara,chara;monster,2,1,0,0,1,0,0,BoarNormalNMRush:BoarBaseClass,,
decomp_further_20260617,chara/npc/monster/boar/boarnormalstandard,chara,chara;monster,2,1,0,0,1,0,0,BoarNormalStandard:BoarBaseClass,,
decomp_further_20260617,chara/npc/monster/boar/boarstandard,chara,chara;monster,2,1,0,0,1,0,0,BoarStandard:BoarBaseClass,,
decomp_further_20260617,chara/npc/monster/bomb/bombbaseclass,chara,chara;monster,2,1,0,0,1,0,0,BombBaseClass:MonsterBaseClass,,
decomp_further_20260617,chara/npc/monster/bomb/bombeventbaseclass,chara,chara;monster,2,1,0,0,1,0,0,BombEventBaseClass:MonsterBaseClass,,
decomp_further_20260617,chara/npc/monster/bomb/bombeventsummer2011,chara,chara;monster,7,1,1,0,1,0,0,BombEventSummer2011:BombEventBaseClass,,
decomp_further_20260617,chara/npc/monster/bomb/bombeventsummer2012,chara,chara;monster,14,1,2,0,1,0,1,BombEventSummer2012:BombEventBaseClass,,A0_2:isPropertyEnabled:1
decomp_further_20260617,chara/npc/monster/bomb/bomblesserhamlet,chara,chara;monster;hamlet,2,1,0,0,1,0,0,BombLesserHamlet:BombBaseClass,,
decomp_further_20260617,chara/npc/monster/bomb/bomblessernm,chara,chara;monster,2,1,0,0,1,0,0,BombLesserNM:BombBaseClass,,
decomp_further_20260617,chara/npc/monster/bomb/bomblesserscenariothmlv30,chara,chara;monster,2,1,0,0,1,0,0,BombLesserScenarioThmLv30:BombBaseClass,,
decomp_further_20260617,chara/npc/monster/bomb/bomblesserstandard,chara,chara;monster,2,1,0,0,1,0,0,BombLesserStandard:BombBaseClass,,
decomp_further_20260617,chara/npc/monster/bomb/bombnormalstandard,chara,chara;monster,2,1,0,0,1,0,0,BombNormalStandard:BombBaseClass,,
decomp_further_20260617,chara/npc/monster/bomb/bombstandard,chara,chara;monster,2,1,0,0,1,0,0,BombStandard:BombBaseClass,,
decomp_further_20260617,chara/npc/monster/bug/bugbaseclass,chara,chara;monster,2,1,0,0,1,0,0,BugBaseClass:MonsterBaseClass,,
decomp_further_20260617,chara/npc/monster/bug/bugstandard,chara,chara;monster,2,1,0,0,1,0,0,BugStandard:BugBaseClass,,
decomp_further_20260617,chara/npc/monster/bug/ladybugstandard,chara,chara;monster,2,1,0,0,1,0,0,LadybugStandard:BugBaseClass,,
decomp_further_20260617,chara/npc/monster/cactus/cactusbaseclass,chara,chara;monster,2,1,0,0,1,0,0,CactusBaseClass:MonsterBaseClass,,
decomp_further_20260617,chara/npc/monster/cactus/cactusflowerstandard,chara,chara;monster,2,1,0,0,1,0,0,CactusFlowerStandard:CactusBaseClass,,
decomp_further_20260617,chara/npc/monster/cactus/cactuslesserhamlet,chara,chara;monster;hamlet,2,1,0,0,1,0,0,CactusLesserHamlet:CactusBaseClass,,
decomp_further_20260617,chara/npc/monster/cactus/cactuslesserstandard,chara,chara;monster,2,1,0,0,1,0,0,CactusLesserStandard:CactusBaseClass,,
decomp_further_20260617,chara/npc/monster/cactus/cactusnormalnm,chara,chara;monster,2,1,0,0,1,0,0,CactusNormalNM:CactusBaseClass,,
decomp_further_20260617,chara/npc/monster/cactus/cactusnormalnmrush,chara,chara;monster,2,1,0,0,1,0,0,CactusNormalNMRush:CactusBaseClass,,
decomp_further_20260617,chara/npc/monster/cactus/cactusnormalstandard,chara,chara;monster,2,1,0,0,1,0,0,CactusNormalStandard:CactusBaseClass,,
decomp_further_20260617,chara/npc/monster/cactus/cactusstandard,chara,chara;monster,2,1,0,0,1,0,0,CactusStandard:CactusBaseClass,,
decomp_further_20260617,chara/npc/monster/chigoe/chigoebaseclass,chara,chara;monster,2,1,0,0,1,0,0,ChigoeBaseClass:MonsterBaseClass,,
decomp_further_20260617,chara/npc/monster/chigoe/chigoeeventsummer2011,chara,chara;monster,2,1,0,0,1,0,0,ChigoeEventSummer2011:ChigoeBaseClass,,
decomp_further_20260617,chara/npc/monster/chigoe/chigoelesserscenariolimsalv10,chara,chara;monster,2,1,0,0,1,0,0,ChigoeLesserScenarioLimsaLv10:ChigoeBaseClass,,
decomp_further_20260617,chara/npc/monster/chigoe/chigoelesserstandard,chara,chara;monster,2,1,0,0,1,0,0,ChigoeLesserStandard:ChigoeBaseClass,,
decomp_further_20260617,chara/npc/monster/chigoe/chigoenormalstandard,chara,chara;monster,2,1,0,0,1,0,0,ChigoeNormalStandard:ChigoeBaseClass,,
decomp_further_20260617,chara/npc/monster/chigoe/chigoestandard,chara,chara;monster,2,1,0,0,1,0,0,ChigoeStandard:ChigoeBaseClass,,
decomp_further_20260617,chara/npc/monster/chocobo/chocobobaseclass,chara,chara;monster;caravan,2,1,0,0,1,0,0,ChocoboBaseClass:MonsterBaseClass,,
decomp_further_20260617,chara/npc/monster/chocobo/chocobocaravanguard,chara,chara;monster;caravan,23,1,3,1,1,1,5,ChocoboCaravanGuard:ChocoboBaseClass,7680:chocoboCaravanGuard,A0_2:_loadTextDataPermanently:1;A0_3:startCliantTalkTurn:1;worldMaster:askRestrictChoices:1;worldMaster:ask:1;A0_3:finishCliantTalkTurn:1
decomp_further_20260617,chara/npc/monster/coeurl/coeurlbaseclass,chara,chara;monster,2,1,0,0,1,0,0,CoeurlBaseClass:MonsterBaseClass,,
decomp_further_20260617,chara/npc/monster/coeurl/coeurllesserjobarm,chara,chara;monster,2,1,0,0,1,0,0,CoeurlLesserJobArm:CoeurlBaseClass,,
decomp_further_20260617,chara/npc/monster/coeurl/coeurllessernmrush,chara,chara;monster,2,1,0,0,1,0,0,CoeurlLesserNMRush:CoeurlBaseClass,,
decomp_further_20260617,chara/npc/monster/coeurl/coeurllesserpublicdungeonnm01,chara,instance;chara;monster,2,1,0,0,1,0,0,CoeurlLesserPublicDungeonNM01:CoeurlBaseClass,,
decomp_further_20260617,chara/npc/monster/coeurl/coeurllesserstandard,chara,chara;monster,2,1,0,0,1,0,0,CoeurlLesserStandard:CoeurlBaseClass,,
decomp_further_20260617,chara/npc/monster/coeurl/coeurlnormalstandard,chara,chara;monster,2,1,0,0,1,0,0,CoeurlNormalStandard:CoeurlBaseClass,,
decomp_further_20260617,chara/npc/monster/crab/crabbaseclass,chara,chara;monster,2,1,0,0,1,0,0,CrabBaseClass:MonsterBaseClass,,
decomp_further_20260617,chara/npc/monster/crab/crablesserhamlet,chara,chara;monster;hamlet,2,1,0,0,1,0,0,CrabLesserHamlet:CrabBaseClass,,
decomp_further_20260617,chara/npc/monster/crab/crablesserstandard,chara,chara;monster,2,1,0,0,1,0,0,CrabLesserStandard:CrabBaseClass,,
decomp_further_20260617,chara/npc/monster/crab/crabnormalnm,chara,chara;monster,2,1,0,0,1,0,0,CrabNormalNM:CrabBaseClass,,
decomp_further_20260617,chara/npc/monster/crab/crabnormalpublicdungeonnm01,chara,instance;chara;monster,2,1,0,0,1,0,0,CrabNormalPublicDungeonNM01:CrabBaseClass,,
decomp_further_20260617,chara/npc/monster/crab/crabnormalstandard,chara,chara;monster,2,1,0,0,1,0,0,CrabNormalStandard:CrabBaseClass,,
decomp_further_20260617,chara/npc/monster/crab/crabstandard,chara,chara;monster,2,1,0,0,1,0,0,CrabStandard:CrabBaseClass,,
decomp_further_20260617,chara/npc/monster/crowd/crowdbaseclass,chara,chara;monster,2,1,0,0,1,0,0,CrowdBaseClass:MonsterBaseClass,,
decomp_further_20260617,chara/npc/monster/crowd/crowdbee,chara,chara;monster,2,1,0,0,1,0,0,CrowdBee:CrowdBaseClass,,
decomp_further_20260617,chara/npc/monster/crowd/crowdbeestandard,chara,chara;monster,2,1,0,0,1,0,0,CrowdBeeStandard:CrowdBaseClass,,
decomp_further_20260617,chara/npc/monster/crowd/crowdfly,chara,chara;monster,2,1,0,0,1,0,0,CrowdFly:CrowdBaseClass,,
decomp_further_20260617,chara/npc/monster/crowd/crowdflystandard,chara,chara;monster,2,1,0,0,1,0,0,CrowdFlyStandard:CrowdBaseClass,,
decomp_further_20260617,chara/npc/monster/crowd/crowdmosquito,chara,chara;monster,2,1,0,0,1,0,0,CrowdMosquito:CrowdBaseClass,,
decomp_further_20260617,chara/npc/monster/crowd/crowdmosquitostandard,chara,chara;monster,2,1,0,0,1,0,0,CrowdMosquitoStandard:CrowdBaseClass,,
decomp_further_20260617,chara/npc/monster/crowd/crowdstandard,chara,chara;monster,2,1,0,0,1,0,0,CrowdStandard:CrowdBaseClass,,
decomp_further_20260617,chara/npc/monster/cyclops/cyclopsbaseclass,chara,chara;monster,2,1,0,0,1,0,0,CyclopsBaseClass:MonsterBaseClass,,
decomp_further_20260617,chara/npc/monster/cyclops/cyclopslesserstandard,chara,chara;monster,2,1,0,0,1,0,0,CyclopsLesserStandard:CyclopsBaseClass,,
decomp_further_20260617,chara/npc/monster/cyclops/cyclopsnormalfactionempire,chara,chara;monster,2,1,0,0,1,0,0,CyclopsNormalFactionEmpire:CyclopsBaseClass,,
decomp_further_20260617,chara/npc/monster/cyclops/cyclopsnormalstandard,chara,chara;monster,2,1,0,0,1,0,0,CyclopsNormalStandard:CyclopsBaseClass,,
decomp_further_20260617,chara/npc/monster/dodo/dodobaseclass,chara,chara;monster,2,1,0,0,1,0,0,DodoBaseClass:MonsterBaseClass,,
decomp_further_20260617,chara/npc/monster/dodo/dodolesserstandard,chara,chara;monster,2,1,0,0,1,0,0,DodoLesserStandard:DodoBaseClass,,
decomp_further_20260617,chara/npc/monster/dodo/dodonormalnm,chara,chara;monster,2,1,0,0,1,0,0,DodoNormalNM:DodoBaseClass,,
decomp_further_20260617,chara/npc/monster/dodo/dodonormalstandard,chara,chara;monster,2,1,0,0,1,0,0,DodoNormalStandard:DodoBaseClass,,
decomp_further_20260617,chara/npc/monster/dodo/dodostandard,chara,chara;monster,2,1,0,0,1,0,0,DodoStandard:DodoBaseClass,,
decomp_further_20260617,chara/npc/monster/elemental/earthelementalstandard,chara,chara;monster,2,1,0,0,1,0,0,EarthelementalStandard:ElementalBaseClass,,
decomp_further_20260617,chara/npc/monster/elemental/earthelementalwhm0j6,chara,chara;monster,2,1,0,0,1,0,0,EarthelementalWhm0j6:ElementalBaseClass,,
decomp_further_20260617,chara/npc/monster/elemental/elementalbaseclass,chara,chara;monster,2,1,0,0,1,0,0,ElementalBaseClass:MonsterBaseClass,,
decomp_further_20260617,chara/npc/monster/elemental/elementalscenariogridanialv20,chara,chara;monster,2,1,0,0,1,0,0,ElementalScenarioGridaniaLv20:ElementalBaseClass,,
decomp_further_20260617,chara/npc/monster/elemental/elementalscenariolnclv20,chara,chara;monster,2,1,0,0,1,0,0,ElementalScenarioLncLv20:ElementalBaseClass,,
decomp_further_20260617,chara/npc/monster/elemental/elementalstandard,chara,chara;monster,2,1,0,0,1,0,0,ElementalStandard:ElementalBaseClass,,
decomp_further_20260617,chara/npc/monster/elemental/fireelementaleventsummer2011,chara,quest;chara;monster,2,1,0,0,1,0,0,FireelementalEventSummer2011:ElementalBaseClass,,
decomp_further_20260617,chara/npc/monster/elemental/fireelementalscenarioconlv36,chara,chara;monster,2,1,0,0,1,0,0,FireelementalScenarioConLv36:ElementalBaseClass,,
decomp_further_20260617,chara/npc/monster/elemental/fireelementalstandard,chara,chara;monster,2,1,0,0,1,0,0,FireelementalStandard:ElementalBaseClass,,
decomp_further_20260617,chara/npc/monster/elemental/fireelementalwhm0j6,chara,chara;monster,2,1,0,0,1,0,0,FireelementalWhm0j6:ElementalBaseClass,,
decomp_further_20260617,chara/npc/monster/elemental/iceelementalstandard,chara,chara;monster,2,1,0,0,1,0,0,IceelementalStandard:ElementalBaseClass,,
decomp_further_20260617,chara/npc/monster/elemental/iceelementalwhm0j6,chara,chara;monster,2,1,0,0,1,0,0,IceelementalWhm0j6:ElementalBaseClass,,
decomp_further_20260617,chara/npc/monster/elemental/lightningelementalstandard,chara,chara;monster,2,1,0,0,1,0,0,LightningelementalStandard:ElementalBaseClass,,
decomp_further_20260617,chara/npc/monster/elemental/lightningelementalwhm0j6,chara,chara;monster,2,1,0,0,1,0,0,LightningelementalWhm0j6:ElementalBaseClass,,
decomp_further_20260617,chara/npc/monster/elemental/warterelementalstandard,chara,chara;monster,2,1,0,0,1,0,0,WarterelementalStandard:ElementalBaseClass,,
decomp_further_20260617,chara/npc/monster/elemental/waterelementalwhm0j6,chara,chara;monster,2,1,0,0,1,0,0,WaterelementalWhm0j6:ElementalBaseClass,,
decomp_further_20260617,chara/npc/monster/elemental/windelementalstandard,chara,chara;monster,2,1,0,0,1,0,0,WindelementalStandard:ElementalBaseClass,,
decomp_further_20260617,chara/npc/monster/elemental/windelementalwhm0j6,chara,chara;monster,2,1,0,0,1,0,0,WindelementalWhm0j6:ElementalBaseClass,,
decomp_further_20260617,chara/npc/monster/empire/empirearcher,chara,chara;monster,2,1,0,0,1,0,0,EmpireArcher:EmpireBaseClass,,
decomp_further_20260617,chara/npc/monster/empire/empirearcherevent,chara,chara;monster,2,1,0,0,1,0,0,EmpireArcherEvent:EmpireEventBaseClass,,
decomp_further_20260617,chara/npc/monster/empire/empirearchergcx105,chara,chara;monster,2,1,0,0,1,0,0,EmpireArcherGcx105:EmpireBaseClass,,
decomp_further_20260617,chara/npc/monster/empire/empirearchergmevent123,chara,chara;monster,2,1,0,0,1,0,0,EmpireArcherGmEvent123:EmpireBaseClass,,
decomp_further_20260617,chara/npc/monster/empire/empirearcherpublicfort,chara,chara;monster,2,1,0,0,1,0,0,EmpireArcherPublicFort:EmpireBaseClass,,
decomp_further_20260617,chara/npc/monster/empire/empirearcherstandard,chara,chara;monster,2,1,0,0,1,0,0,EmpireArcherStandard:EmpireBaseClass,,
decomp_further_20260617,chara/npc/monster/empire/empirearcscenariomainlv046,chara,chara;monster,2,1,0,0,1,0,0,EmpireArcScenarioMainLv046:EmpireBaseClass,,
decomp_further_20260617,chara/npc/monster/empire/empirebaseclass,chara,chara;monster,2,1,0,0,1,0,0,EmpireBaseClass:MonsterBaseClass,,
decomp_further_20260617,chara/npc/monster/empire/empirechief,chara,chara;monster,2,1,0,0,1,0,0,EmpireChief:EmpireBaseClass,,
decomp_further_20260617,chara/npc/monster/empire/empirechiefevent,chara,chara;monster,2,1,0,0,1,0,0,EmpireChiefEvent:EmpireEventBaseClass,,
decomp_further_20260617,chara/npc/monster/empire/empirechiefevent2,chara,chara;monster,2,1,0,0,1,0,0,EmpireChiefEvent2:EmpireEventBaseClass,,
decomp_further_20260617,chara/npc/monster/empire/empirechiefgmevent123,chara,chara;monster,2,1,0,0,1,0,0,EmpireChiefGmEvent123:EmpireBaseClass,,
decomp_further_20260617,chara/npc/monster/empire/empirechiefpublicfort,chara,chara;monster,2,1,0,0,1,0,0,EmpireChiefPublicFort:EmpireBaseClass,,
decomp_further_20260617,chara/npc/monster/empire/empirechiefscenariomainlv046,chara,chara;monster,2,1,0,0,1,0,0,EmpireChiefScenarioMainLv046:EmpireBaseClass,,
decomp_further_20260617,chara/npc/monster/empire/empirechiefstandard,chara,chara;monster,2,1,0,0,1,0,0,EmpireChiefStandard:EmpireBaseClass,,
decomp_further_20260617,chara/npc/monster/empire/empireconjurer,chara,chara;monster,2,1,0,0,1,0,0,EmpireConjurer:EmpireBaseClass,,
decomp_further_20260617,chara/npc/monster/empire/empireconjurerattackstandard,chara,chara;monster,2,1,0,0,1,0,0,EmpireConjurerAttackStandard:EmpireBaseClass,,
decomp_further_20260617,chara/npc/monster/empire/empireconjurerevent,chara,chara;monster,2,1,0,0,1,0,0,EmpireConjurerEvent:EmpireEventBaseClass,,
decomp_further_20260617,chara/npc/monster/empire/empireconjurergmevent123,chara,chara;monster,2,1,0,0,1,0,0,EmpireConjurerGmEvent123:EmpireBaseClass,,
decomp_further_20260617,chara/npc/monster/empire/empireconjurerpublicfort,chara,chara;monster,2,1,0,0,1,0,0,EmpireConjurerPublicFort:EmpireBaseClass,,
decomp_further_20260617,chara/npc/monster/empire/empireconjurerstandard,chara,chara;monster,2,1,0,0,1,0,0,EmpireConjurerStandard:EmpireBaseClass,,
decomp_further_20260617,chara/npc/monster/empire/empireeventbaseclass,chara,chara;monster,2,1,0,0,1,0,0,EmpireEventBaseClass:MonsterBaseClass,,
decomp_further_20260617,chara/npc/monster/empire/empiregladiator,chara,chara;monster,2,1,0,0,1,0,0,EmpireGladiator:EmpireBaseClass,,
decomp_further_20260617,chara/npc/monster/empire/empiregladiatorevent,chara,chara;monster,2,1,0,0,1,0,0,EmpireGladiatorEvent:EmpireEventBaseClass,,
decomp_further_20260617,chara/npc/monster/empire/empiregladiatorpublicfort,chara,chara;monster,2,1,0,0,1,0,0,EmpireGladiatorPublicFort:EmpireBaseClass,,
decomp_further_20260617,chara/npc/monster/empire/empiregladiatorstandard,chara,chara;monster,2,1,0,0,1,0,0,EmpireGladiatorStandard:EmpireBaseClass,,
decomp_further_20260617,chara/npc/monster/empire/empireglascenariomainlv046,chara,chara;monster,2,1,0,0,1,0,0,EmpireGlaScenarioMainLv046:EmpireBaseClass,,
decomp_further_20260617,chara/npc/monster/empire/empirelancer,chara,chara;monster,2,1,0,0,1,0,0,EmpireLancer:EmpireBaseClass,,
decomp_further_20260617,chara/npc/monster/empire/empirelancerevent,chara,chara;monster,2,1,0,0,1,0,0,EmpireLancerEvent:EmpireEventBaseClass,,
decomp_further_20260617,chara/npc/monster/empire/empirelancergcx105,chara,chara;monster,2,1,0,0,1,0,0,EmpireLancerGcx105:EmpireBaseClass,,
decomp_further_20260617,chara/npc/monster/empire/empirelancergmevent123,chara,chara;monster,2,1,0,0,1,0,0,EmpireLancerGmEvent123:EmpireBaseClass,,
decomp_further_20260617,chara/npc/monster/empire/empirelancerpublicfort,chara,chara;monster,2,1,0,0,1,0,0,EmpireLancerPublicFort:EmpireBaseClass,,
decomp_further_20260617,chara/npc/monster/empire/empirelancerstandard,chara,chara;monster,2,1,0,0,1,0,0,EmpireLancerStandard:EmpireBaseClass,,
decomp_further_20260617,chara/npc/monster/empire/empiremarauderevent,chara,chara;monster,2,1,0,0,1,0,0,EmpireMarauderEvent:EmpireEventBaseClass,,
decomp_further_20260617,chara/npc/monster/empire/empiremaraudergmevent123,chara,chara;monster,2,1,0,0,1,0,0,EmpireMarauderGmEvent123:EmpireBaseClass,,
decomp_further_20260617,chara/npc/monster/empire/empiremarauderpublicfort,chara,chara;monster,2,1,0,0,1,0,0,EmpireMarauderPublicFort:EmpireBaseClass,,
decomp_further_20260617,chara/npc/monster/empire/empiremarauderstandard,chara,chara;monster,2,1,0,0,1,0,0,EmpireMarauderStandard:EmpireBaseClass,,
decomp_further_20260617,chara/npc/monster/empire/empirepugilist,chara,chara;monster,2,1,0,0,1,0,0,EmpirePugilist:EmpireBaseClass,,
decomp_further_20260617,chara/npc/monster/empire/empirepugilistevent,chara,chara;monster,2,1,0,0,1,0,0,EmpirePugilistEvent:EmpireEventBaseClass,,
decomp_further_20260617,chara/npc/monster/empire/empirepugilistgcx105,chara,chara;monster,2,1,0,0,1,0,0,EmpirePugilistGcx105:EmpireBaseClass,,
decomp_further_20260617,chara/npc/monster/empire/empirepugilistgmevent123,chara,chara;monster,2,1,0,0,1,0,0,EmpirePugilistGmEvent123:EmpireBaseClass,,
decomp_further_20260617,chara/npc/monster/empire/empirepugilistpublicfort,chara,chara;monster,2,1,0,0,1,0,0,EmpirePugilistPublicFort:EmpireBaseClass,,
decomp_further_20260617,chara/npc/monster/empire/empirepugiliststandard,chara,chara;monster,2,1,0,0,1,0,0,EmpirePugilistStandard:EmpireBaseClass,,
decomp_further_20260617,chara/npc/monster/empire/empirestandard,chara,chara;monster,2,1,0,0,1,0,0,EmpireStandard:EmpireBaseClass,,
decomp_further_20260617,chara/npc/monster/empire/empirethaumaturge,chara,chara;monster,2,1,0,0,1,0,0,EmpireThaumaturge:EmpireBaseClass,,
decomp_further_20260617,chara/npc/monster/empire/empirethaumaturgeattackstandard,chara,chara;monster,2,1,0,0,1,0,0,EmpireThaumaturgeAttackStandard:EmpireBaseClass,,
decomp_further_20260617,chara/npc/monster/empire/empirethaumaturgeevent,chara,chara;monster,2,1,0,0,1,0,0,EmpireThaumaturgeEvent:EmpireEventBaseClass,,
decomp_further_20260617,chara/npc/monster/empire/empirethaumaturgegmevent123,chara,chara;monster,2,1,0,0,1,0,0,EmpireThaumaturgeGmEvent123:EmpireBaseClass,,
decomp_further_20260617,chara/npc/monster/empire/empirethaumaturgepublicfort,chara,chara;monster,2,1,0,0,1,0,0,EmpireThaumaturgePublicFort:EmpireBaseClass,,
decomp_further_20260617,chara/npc/monster/empire/empirethaumaturgestandard,chara,chara;monster,2,1,0,0,1,0,0,EmpireThaumaturgeStandard:EmpireBaseClass,,
decomp_further_20260617,chara/npc/monster/fighter/fighterallyarcherstandard,chara,chara;monster,7,1,1,0,1,0,0,FighterAllyArcherStandard:FighterBaseClass,,
decomp_further_20260617,chara/npc/monster/fighter/fighterallyarcherwybir,chara,chara;monster,7,1,1,0,1,0,0,FighterAllyArcherWybir:FighterBaseClass,,
decomp_further_20260617,chara/npc/monster/fighter/fighterallyconjurerstandard,chara,chara;monster,7,1,1,0,1,0,0,FighterAllyConjurerStandard:FighterBaseClass,,
decomp_further_20260617,chara/npc/monster/fighter/fighterallygladiatorgreinfarr,chara,chara;monster,7,1,1,0,1,0,0,FighterAllyGladiatorGreinfarr:FighterBaseClass,,
decomp_further_20260617,chara/npc/monster/fighter/fighterallygladiatorhena1,chara,chara;monster,7,1,1,0,1,0,0,FighterAllyGladiatorHena1:FighterBaseClass,,
decomp_further_20260617,chara/npc/monster/fighter/fighterallygladiatorhena2,chara,chara;monster,7,1,1,0,1,0,0,FighterAllyGladiatorHena2:FighterBaseClass,,
decomp_further_20260617,chara/npc/monster/fighter/fighterallygladiatorjobarm,chara,chara;monster,7,1,1,0,1,0,0,FighterAllyGladiatorJobArm:FighterBaseClass,,
decomp_further_20260617,chara/npc/monster/fighter/fighterallygladiatornormal,chara,chara;monster,7,1,1,0,1,0,0,FighterAllyGladiatorNormal:FighterBaseClass,,
decomp_further_20260617,chara/npc/monster/fighter/fighterallygladiatorstandard,chara,chara;monster,7,1,1,0,1,0,0,FighterAllyGladiatorStandard:FighterBaseClass,,
decomp_further_20260617,chara/npc/monster/fighter/fighterallyguarded,chara,chara;monster,7,1,1,0,1,0,0,FighterAllyGuarded:FighterBaseClass,,
decomp_further_20260617,chara/npc/monster/fighter/fighterallyguardedniellefresne,chara,chara;monster,7,1,1,0,1,0,0,FighterAllyGuardedNiellefresne:FighterBaseClass,,
decomp_further_20260617,chara/npc/monster/fighter/fighterallylancerstandard,chara,chara;monster,7,1,1,0,1,0,0,FighterAllyLancerStandard:FighterBaseClass,,
decomp_further_20260617,chara/npc/monster/fighter/fighterallymarauderemerick,chara,chara;monster,2,1,0,0,1,0,0,FighterAllyMarauderEmerick:FighterBaseClass,,
decomp_further_20260617,chara/npc/monster/fighter/fighterallymaraudermelod,chara,chara;monster,2,1,0,0,1,0,0,FighterAllyMarauderMelod:FighterBaseClass,,
decomp_further_20260617,chara/npc/monster/fighter/fighterallymarauderstandard,chara,chara;monster,7,1,1,0,1,0,0,FighterAllyMarauderStandard:FighterBaseClass,,
decomp_further_20260617,chara/npc/monster/fighter/fighterallyopeningattacker,chara,chara;monster,7,1,1,0,1,0,0,FighterAllyOpeningAttacker:FighterBaseClass,,
decomp_further_20260617,chara/npc/monster/fighter/fighterallyopeninghealer,chara,chara;monster,7,1,1,0,1,0,0,FighterAllyOpeningHealer:FighterBaseClass,,
decomp_further_20260617,chara/npc/monster/fighter/fighterallypugiliststandard,chara,chara;monster,7,1,1,0,1,0,0,FighterAllyPugilistStandard:FighterBaseClass,,
decomp_further_20260617,chara/npc/monster/fighter/fighterbaseclass,chara,chara;monster,2,1,0,0,1,0,0,FighterBaseClass:MonsterBaseClass,,
decomp_further_20260617,chara/npc/monster/fighter/fighterenemyarchermnk0j6,chara,chara;monster,2,1,0,0,1,0,0,FighterEnemyArcherMnk0j6:FighterBaseClass,,
decomp_further_20260617,chara/npc/monster/fighter/fighterenemyarcherstandard,chara,chara;monster,2,1,0,0,1,0,0,FighterEnemyArcherStandard:FighterBaseClass,,
decomp_further_20260617,chara/npc/monster/fighter/fighterenemyarcscenarioarclv36,chara,chara;monster,2,1,0,0,1,0,0,FighterEnemyArcScenarioArcLv36:FighterBaseClass,,
decomp_further_20260617,chara/npc/monster/fighter/fighterenemyconjurerstandard,chara,chara;monster,2,1,0,0,1,0,0,FighterEnemyConjurerStandard:FighterBaseClass,,
decomp_further_20260617,chara/npc/monster/fighter/fighterenemygladiatorcharledore,chara,chara;monster,2,1,0,0,1,0,0,FighterEnemyGladiatorCharledore:FighterBaseClass,,
decomp_further_20260617,chara/npc/monster/fighter/fighterenemygladiatorfactionemp,chara,chara;monster,2,1,0,0,1,0,0,FighterEnemyGladiatorFactionEmp:FighterBaseClass,,
decomp_further_20260617,chara/npc/monster/fighter/fighterenemygladiatornormal,chara,chara;monster,2,1,0,0,1,0,0,FighterEnemyGladiatorNormal:FighterBaseClass,,
decomp_further_20260617,chara/npc/monster/fighter/fighterenemygladiatorpld0j5,chara,chara;monster,2,1,0,0,1,0,0,FighterEnemyGladiatorPld0j5:FighterBaseClass,,
decomp_further_20260617,chara/npc/monster/fighter/fighterenemygladiatorstandard,chara,chara;monster,2,1,0,0,1,0,0,FighterEnemyGladiatorStandard:FighterBaseClass,,
decomp_further_20260617,chara/npc/monster/fighter/fighterenemylancermnk0j6,chara,chara;monster,2,1,0,0,1,0,0,FighterEnemyLancerMnk0j6:FighterBaseClass,,
decomp_further_20260617,chara/npc/monster/fighter/fighterenemylancerstandard,chara,chara;monster,2,1,0,0,1,0,0,FighterEnemyLancerStandard:FighterBaseClass,,
decomp_further_20260617,chara/npc/monster/fighter/fighterenemymaraudermnk0j6,chara,chara;monster,2,1,0,0,1,0,0,FighterEnemyMarauderMnk0j6:FighterBaseClass,,
decomp_further_20260617,chara/npc/monster/fighter/fighterenemymarauderstandard,chara,chara;monster,2,1,0,0,1,0,0,FighterEnemyMarauderStandard:FighterBaseClass,,
decomp_further_20260617,chara/npc/monster/fighter/fighterenemymarauderwar0j6,chara,chara;monster,2,1,0,0,1,0,0,FighterEnemyMarauderWar0j6:FighterBaseClass,,
decomp_further_20260617,chara/npc/monster/fighter/fighterenemymrdscenarioglalv36,chara,chara;monster,2,1,0,0,1,0,0,FighterEnemyMrdScenarioGlaLv36:FighterBaseClass,,
decomp_further_20260617,chara/npc/monster/fighter/fighterenemymrdscenariomrdlv36,chara,chara;monster,2,1,0,0,1,0,0,FighterEnemyMrdScenarioMrdLv36:FighterBaseClass,,
decomp_further_20260617,chara/npc/monster/fighter/fighterenemypugilistmnk0j6,chara,chara;monster,2,1,0,0,1,0,0,FighterEnemyPugilistMnk0j6:FighterBaseClass,,
decomp_further_20260617,chara/npc/monster/fighter/fighterenemypugiliststandard,chara,chara;monster,2,1,0,0,1,0,0,FighterEnemyPugilistStandard:FighterBaseClass,,
decomp_further_20260617,chara/npc/monster/fighter/fighterenemythaumaturgemnk0j6,chara,chara;monster,2,1,0,0,1,0,0,FighterEnemyThaumaturgeMnk0j6:FighterBaseClass,,
decomp_further_20260617,chara/npc/monster/fighter/fighterenemythaumaturgestandard,chara,chara;monster,2,1,0,0,1,0,0,FighterEnemyThaumaturgeStandard:FighterBaseClass,,
decomp_further_20260617,chara/npc/monster/fighter/fighterenemythmscenariomainlv38,chara,chara;monster,2,1,0,0,1,0,0,FighterEnemyThmScenarioMainLv38:FighterBaseClass,,
decomp_further_20260617,chara/npc/monster/fighter/fighterenemythmscenariopgllv36,chara,chara;monster,2,1,0,0,1,0,0,FighterEnemyThmScenarioPglLv36:FighterBaseClass,,
decomp_further_20260617,chara/npc/monster/fighter/fighterenemythmscenariothmlv36,chara,chara;monster,2,1,0,0,1,0,0,FighterEnemyThmScenarioThmLv36:FighterBaseClass,,
decomp_further_20260617,chara/npc/monster/fighter/fightersupport/fightersupportarcher,chara,chara;monster,2,1,0,0,1,0,0,FighterSupportArcher:FighterSupportBaseClass,,
decomp_further_20260617,chara/npc/monster/fighter/fightersupport/fightersupportbaseclass,chara,chara;monster,7,1,1,0,1,0,0,FighterSupportBaseClass:FighterBaseClass,,
decomp_further_20260617,chara/npc/monster/fighter/fightersupport/fightersupportconjurer,chara,chara;monster,2,1,0,0,1,0,0,FighterSupportConjurer:FighterSupportBaseClass,,
decomp_further_20260617,chara/npc/monster/fighter/fightersupport/fightersupportgladiator,chara,chara;monster,2,1,0,0,1,0,0,FighterSupportGladiator:FighterSupportBaseClass,,
decomp_further_20260617,chara/npc/monster/fighter/fightersupport/fightersupportlancer,chara,chara;monster,2,1,0,0,1,0,0,FighterSupportLancer:FighterSupportBaseClass,,
decomp_further_20260617,chara/npc/monster/fighter/fightersupport/fightersupportthaumaturge,chara,chara;monster,2,1,0,0,1,0,0,FighterSupportThaumaturge:FighterSupportBaseClass,,
decomp_further_20260617,chara/npc/monster/firefly/fireflybaseclass,chara,chara;monster,2,1,0,0,1,0,0,FireflyBaseClass:MonsterBaseClass,,
decomp_further_20260617,chara/npc/monster/firefly/fireflynormal,chara,chara;monster,2,1,0,0,1,0,0,FireflyNormal:FireflyBaseClass,,
decomp_further_20260617,chara/npc/monster/firefly/fireflynormalstandard,chara,chara;monster,2,1,0,0,1,0,0,FireflyNormalStandard:FireflyBaseClass,,
decomp_further_20260617,chara/npc/monster/firefly/fireflystandard,chara,chara;monster,2,1,0,0,1,0,0,FireflyStandard:FireflyBaseClass,,
decomp_further_20260617,chara/npc/monster/flan/flanbaseclass,chara,chara;monster,2,1,0,0,1,0,0,FlanBaseClass:MonsterBaseClass,,
decomp_further_20260617,chara/npc/monster/flan/flanlesserstandard,chara,chara;monster,2,1,0,0,1,0,0,FlanLesserStandard:FlanBaseClass,,
decomp_further_20260617,chara/npc/monster/flan/flanlesserstandardanimaobj,chara,chara;monster,2,1,0,0,1,0,0,FlanLesserStandardAnimaobj:FlanBaseClass,,
decomp_further_20260617,chara/npc/monster/flan/flanlesserstandardanimaobjb,chara,chara;monster,2,1,0,0,1,0,0,FlanLesserStandardAnimaobjB:FlanBaseClass,,
decomp_further_20260617,chara/npc/monster/flan/flanlesserstandardjobarm1,chara,chara;monster,2,1,0,0,1,0,0,FlanLesserStandardJobArm1:FlanBaseClass,,
decomp_further_20260617,chara/npc/monster/flan/flanlesserstandardjobarm2,chara,chara;monster,2,1,0,0,1,0,0,FlanLesserStandardJobArm2:FlanBaseClass,,
decomp_further_20260617,chara/npc/monster/flan/flannormalstandard,chara,chara;monster,2,1,0,0,1,0,0,FlanNormalStandard:FlanBaseClass,,
decomp_further_20260617,chara/npc/monster/flower/flowerbaseclass,chara,chara;monster,2,1,0,0,1,0,0,FlowerBaseClass:MonsterBaseClass,,
decomp_further_20260617,chara/npc/monster/flower/flowerpoisonousnm,chara,chara;monster,2,1,0,0,1,0,0,FlowerPoisonousNM:FlowerBaseClass,,
decomp_further_20260617,chara/npc/monster/flower/flowerpoisonousstandard,chara,chara;monster,2,1,0,0,1,0,0,FlowerPoisonousStandard:FlowerBaseClass,,
decomp_further_20260617,chara/npc/monster/flower/flowerstandard,chara,chara;monster,2,1,0,0,1,0,0,FlowerStandard:FlowerBaseClass,,
decomp_further_20260617,chara/npc/monster/fly/flybaseclass,chara,chara;monster,2,1,0,0,1,0,0,FlyBaseClass:MonsterBaseClass,,
decomp_further_20260617,chara/npc/monster/fly/flylesserstandard,chara,chara;monster,2,1,0,0,1,0,0,FlyLesserStandard:FlyBaseClass,,
decomp_further_20260617,chara/npc/monster/fly/flynormalnm,chara,chara;monster,2,1,0,0,1,0,0,FlyNormalNM:FlyBaseClass,,
decomp_further_20260617,chara/npc/monster/fly/flynormalnmrush,chara,chara;monster,2,1,0,0,1,0,0,FlyNormalNMRush:FlyBaseClass,,
decomp_further_20260617,chara/npc/monster/fly/flynormalstandard,chara,chara;monster,2,1,0,0,1,0,0,FlyNormalStandard:FlyBaseClass,,
decomp_further_20260617,chara/npc/monster/fly/flystandard,chara,chara;monster,2,1,0,0,1,0,0,FlyStandard:FlyBaseClass,,
decomp_further_20260617,chara/npc/monster/frilllizard/frilllizardbaseclass,chara,chara;monster,2,1,0,0,1,0,0,FrillLizardBaseClass:MonsterBaseClass,,
decomp_further_20260617,chara/npc/monster/frilllizard/frilllizardlesserstandard,chara,chara;monster,2,1,0,0,1,0,0,FrillLizardLesserStandard:FrillLizardBaseClass,,
decomp_further_20260617,chara/npc/monster/frilllizard/frilllizardnormalstandard,chara,chara;monster,2,1,0,0,1,0,0,FrillLizardNormalStandard:FrillLizardBaseClass,,
decomp_further_20260617,chara/npc/monster/funguar/funguarbaseclass,chara,chara;monster,2,1,0,0,1,0,0,FunguarBaseClass:MonsterBaseClass,,
decomp_further_20260617,chara/npc/monster/funguar/funguarlesser,chara,chara;monster,2,1,0,0,1,0,0,FunguarLesser:FunguarBaseClass,,
decomp_further_20260617,chara/npc/monster/funguar/funguarlesserstandard,chara,chara;monster,2,1,0,0,1,0,0,FunguarLesserStandard:FunguarBaseClass,,
decomp_further_20260617,chara/npc/monster/funguar/funguarnormal,chara,chara;monster,2,1,0,0,1,0,0,FunguarNormal:FunguarBaseClass,,
decomp_further_20260617,chara/npc/monster/funguar/funguarnormalnm,chara,chara;monster,2,1,0,0,1,0,0,FunguarNormalNM:FunguarBaseClass,,
decomp_further_20260617,chara/npc/monster/funguar/funguarnormalstandard,chara,chara;monster,2,1,0,0,1,0,0,FunguarNormalStandard:FunguarBaseClass,,
decomp_further_20260617,chara/npc/monster/funguar/funguarstandard,chara,chara;monster,2,1,0,0,1,0,0,FunguarStandard:FunguarBaseClass,,
decomp_further_20260617,chara/npc/monster/gargoyle/gargoylebaseclass,chara,chara;monster,2,1,0,0,1,0,0,GargoyleBaseClass:MonsterBaseClass,,
decomp_further_20260617,chara/npc/monster/gargoyle/gargoylelesserblm0j6,chara,chara;monster,2,1,0,0,1,0,0,GargoyleLesserBlm0j6:GargoyleBaseClass,,
decomp_further_20260617,chara/npc/monster/gargoyle/gargoylelesserjobarm,chara,chara;monster,2,1,0,0,1,0,0,GargoyleLesserJobArm:GargoyleBaseClass,,
decomp_further_20260617,chara/npc/monster/gargoyle/gargoylenormalanimaobj,chara,chara;monster,2,1,0,0,1,0,0,GargoyleNormalAnimaobj:GargoyleBaseClass,,
decomp_further_20260617,chara/npc/monster/gargoyle/gargoylenormalanimaobjb,chara,chara;monster,2,1,0,0,1,0,0,GargoyleNormalAnimaobjB:GargoyleBaseClass,,
decomp_further_20260617,chara/npc/monster/gargoyle/gargoylenormaljobarm,chara,chara;monster,2,1,0,0,1,0,0,GargoyleNormalJobArm:GargoyleBaseClass,,
decomp_further_20260617,chara/npc/monster/gargoyle/gargoylenormalstandard,chara,chara;monster,2,1,0,0,1,0,0,GargoyleNormalStandard:GargoyleBaseClass,,
decomp_further_20260617,chara/npc/monster/garuda/garudabaseclass,chara,chara;monster,2,1,0,0,1,0,0,GarudaBaseClass:MonsterBaseClass,,
decomp_further_20260617,chara/npc/monster/garuda/garudafeather,chara,chara;monster,2,1,0,0,1,0,0,GarudaFeather:MonsterBaseClass,,
decomp_further_20260617,chara/npc/monster/garuda/garudalesser,chara,chara;monster,2,1,0,0,1,0,0,GarudaLesser:GarudaBaseClass,,
decomp_further_20260617,chara/npc/monster/garuda/garudamiragenormal,chara,chara;monster,2,1,0,0,1,0,0,GarudaMirageNormal:GarudaBaseClass,,
decomp_further_20260617,chara/npc/monster/garuda/garudanormal,chara,chara;monster,2,1,0,0,1,0,0,GarudaNormal:GarudaBaseClass,,
decomp_further_20260617,chara/npc/monster/gigantoad/gigantoadbaseclass,chara,chara;monster,2,1,0,0,1,0,0,GigantoadBaseClass:MonsterBaseClass,,
decomp_further_20260617,chara/npc/monster/gigantoad/gigantoadlesser,chara,chara;monster,2,1,0,0,1,0,0,GigantoadLesser:GigantoadBaseClass,,
decomp_further_20260617,chara/npc/monster/gigantoad/gigantoadlesserstandard,chara,chara;monster,2,1,0,0,1,0,0,GigantoadLesserStandard:GigantoadBaseClass,,
decomp_further_20260617,chara/npc/monster/gigantoad/gigantoadnormal,chara,chara;monster,2,1,0,0,1,0,0,GigantoadNormal:GigantoadBaseClass,,
decomp_further_20260617,chara/npc/monster/gigantoad/gigantoadnormalstandard,chara,chara;monster,2,1,0,0,1,0,0,GigantoadNormalStandard:GigantoadBaseClass,,
decomp_further_20260617,chara/npc/monster/gigantoad/gigantoadstandard,chara,chara;monster,2,1,0,0,1,0,0,GigantoadStandard:GigantoadBaseClass,,
decomp_further_20260617,chara/npc/monster/gnole/gnolebaseclass,chara,chara;monster,2,1,0,0,1,0,0,GnoleBaseClass:MonsterBaseClass,,
decomp_further_20260617,chara/npc/monster/gnole/gnoleconattacklesserstd,chara,chara;monster,2,1,0,0,1,0,0,GnoleConAttackLesserStd:GnoleConjurerBaseClass,,
decomp_further_20260617,chara/npc/monster/gnole/gnoleconattacknormalstd,chara,chara;monster,2,1,0,0,1,0,0,GnoleConAttackNormalStd:GnoleConjurerBaseClass,,
decomp_further_20260617,chara/npc/monster/gnole/gnoleconcctrllesserstd,chara,chara;monster,2,1,0,0,1,0,0,GnoleConCCtrlLesserStd:GnoleConjurerBaseClass,,
decomp_further_20260617,chara/npc/monster/gnole/gnoleconcctrlnormalstd,chara,chara;monster,2,1,0,0,1,0,0,GnoleConCCtrlNormalStd:GnoleConjurerBaseClass,,
decomp_further_20260617,chara/npc/monster/gnole/gnoleconheallesserstd,chara,chara;monster,2,1,0,0,1,0,0,GnoleConHealLesserStd:GnoleConjurerBaseClass,,
decomp_further_20260617,chara/npc/monster/gnole/gnoleconhealnormalstd,chara,chara;monster,2,1,0,0,1,0,0,GnoleConHealNormalStd:GnoleConjurerBaseClass,,
decomp_further_20260617,chara/npc/monster/gnole/gnoleconjurerbaseclass,chara,chara;monster,2,1,0,0,1,0,0,GnoleConjurerBaseClass:GnoleBaseClass,,
decomp_further_20260617,chara/npc/monster/gnole/gnoleconjurerpublicfortguard01,chara,chara;monster,2,1,0,0,1,0,0,GnoleConjurerPublicFortGuard01:GnoleConjurerBaseClass,,
decomp_further_20260617,chara/npc/monster/gnole/gnoleconjurerstandard,chara,chara;monster,2,1,0,0,1,0,0,GnoleConjurerStandard:GnoleBaseClass,,
decomp_further_20260617,chara/npc/monster/gnole/gnolegladiatorhamletstd,chara,chara;monster;hamlet,2,1,0,0,1,0,0,GnoleGladiatorHamletStd:GnoleBaseClass,,
decomp_further_20260617,chara/npc/monster/gnole/gnolegladiatorjobarmstd,chara,chara;monster,2,1,0,0,1,0,0,GnoleGladiatorJobArmStd:GnoleBaseClass,,
decomp_further_20260617,chara/npc/monster/gnole/gnolegladiatorlesserstd,chara,chara;monster,2,1,0,0,1,0,0,GnoleGladiatorLesserStd:GnoleBaseClass,,
decomp_further_20260617,chara/npc/monster/gnole/gnolegladiatornormalstd,chara,chara;monster,2,1,0,0,1,0,0,GnoleGladiatorNormalStd:GnoleBaseClass,,
decomp_further_20260617,chara/npc/monster/gnole/gnolegladiatorpublicfortguard01,chara,chara;monster,2,1,0,0,1,0,0,GnoleGladiatorPublicFortGuard01:GnoleBaseClass,,
decomp_further_20260617,chara/npc/monster/gnole/gnolegladiatorstandard,chara,chara;monster,2,1,0,0,1,0,0,GnoleGladiatorStandard:GnoleBaseClass,,
decomp_further_20260617,chara/npc/monster/gnole/gnolemarauderhamletstd,chara,chara;monster;hamlet,2,1,0,0,1,0,0,GnoleMarauderHamletStd:GnoleBaseClass,,
decomp_further_20260617,chara/npc/monster/gnole/gnolemarauderjobarmstd,chara,chara;monster,2,1,0,0,1,0,0,GnoleMarauderJobArmStd:GnoleBaseClass,,
decomp_further_20260617,chara/npc/monster/gnole/gnolemarauderlesserstd,chara,chara;monster,2,1,0,0,1,0,0,GnoleMarauderLesserStd:GnoleBaseClass,,
decomp_further_20260617,chara/npc/monster/gnole/gnolemaraudernormalstd,chara,chara;monster,2,1,0,0,1,0,0,GnoleMarauderNormalStd:GnoleBaseClass,,
decomp_further_20260617,chara/npc/monster/gnole/gnolemarauderpublicfortguard01,chara,chara;monster,2,1,0,0,1,0,0,GnoleMarauderPublicFortGuard01:GnoleBaseClass,,
decomp_further_20260617,chara/npc/monster/gnole/gnolemarauderstandard,chara,chara;monster,2,1,0,0,1,0,0,GnoleMarauderStandard:GnoleBaseClass,,
decomp_further_20260617,chara/npc/monster/gnole/gnolestandard,chara,chara;monster,2,1,0,0,1,0,0,GnoleStandard:GnoleBaseClass,,
decomp_further_20260617,chara/npc/monster/gnole/gnolethaumaturge,chara,chara;monster,2,1,0,0,1,0,0,GnoleThaumaturge:GnoleBaseClass,,
decomp_further_20260617,chara/npc/monster/gnole/gnolethaumaturgebaseclass,chara,chara;monster,2,1,0,0,1,0,0,GnoleThaumaturgeBaseClass:GnoleBaseClass,,
decomp_further_20260617,chara/npc/monster/gnole/gnolethaumaturgepublicfortnm01,chara,chara;monster,2,1,0,0,1,0,0,GnoleThaumaturgePublicFortNM01:GnoleThaumaturgeBaseClass,,
decomp_further_20260617,chara/npc/monster/gnole/gnolethaumaturgestandard,chara,chara;monster,2,1,0,0,1,0,0,GnoleThaumaturgeStandard:GnoleBaseClass,,
decomp_further_20260617,chara/npc/monster/gnole/gnolethmabsorblesserstd,chara,chara;monster,2,1,0,0,1,0,0,GnoleThmAbsorbLesserStd:GnoleThaumaturgeBaseClass,,
decomp_further_20260617,chara/npc/monster/gnole/gnolethmabsorbnormalstd,chara,chara;monster,2,1,0,0,1,0,0,GnoleThmAbsorbNormalStd:GnoleThaumaturgeBaseClass,,
decomp_further_20260617,chara/npc/monster/gnole/gnolethmattackhamletnm,chara,chara;monster;hamlet,2,1,0,0,1,0,0,GnoleThmAttackHamletNM:GnoleThaumaturgeBaseClass,,
decomp_further_20260617,chara/npc/monster/gnole/gnolethmattackhamletstd,chara,chara;monster;hamlet,2,1,0,0,1,0,0,GnoleThmAttackHamletStd:GnoleThaumaturgeBaseClass,,
decomp_further_20260617,chara/npc/monster/gnole/gnolethmattackjobarmstd,chara,chara;monster,2,1,0,0,1,0,0,GnoleThmAttackJobArmStd:GnoleThaumaturgeBaseClass,,
decomp_further_20260617,chara/npc/monster/gnole/gnolethmattacklesserstd,chara,chara;monster,2,1,0,0,1,0,0,GnoleThmAttackLesserStd:GnoleThaumaturgeBaseClass,,
decomp_further_20260617,chara/npc/monster/gnole/gnolethmattacknormalstd,chara,chara;monster,2,1,0,0,1,0,0,GnoleThmAttackNormalStd:GnoleThaumaturgeBaseClass,,
decomp_further_20260617,chara/npc/monster/gnole/gnolethmdebufflesserstd,chara,chara;monster,2,1,0,0,1,0,0,GnoleThmDebuffLesserStd:GnoleThaumaturgeBaseClass,,
decomp_further_20260617,chara/npc/monster/gnole/gnolethmdebuffnormalstd,chara,chara;monster,2,1,0,0,1,0,0,GnoleThmDebuffNormalStd:GnoleThaumaturgeBaseClass,,
decomp_further_20260617,chara/npc/monster/goblin/goblinbaseclass,chara,chara;monster,2,1,0,0,1,0,0,GoblinBaseClass:MonsterBaseClass,,
decomp_further_20260617,chara/npc/monster/goblin/goblinbommerglanm,chara,chara;monster,2,1,0,0,1,0,0,GoblinBommerGlaNM:GoblinBaseClass,,
decomp_further_20260617,chara/npc/monster/goblin/goblinbommerglanmmob,chara,chara;monster,2,1,0,0,1,0,0,GoblinBommerGlaNmMob:GoblinBaseClass,,
decomp_further_20260617,chara/npc/monster/goblin/goblinbommerglastandard,chara,chara;monster,2,1,0,0,1,0,0,GoblinBommerGlaStandard:GoblinBaseClass,,
decomp_further_20260617,chara/npc/monster/golem/golembaseclass,chara,chara;monster,2,1,0,0,1,0,0,GolemBaseClass:MonsterBaseClass,,
decomp_further_20260617,chara/npc/monster/golem/golemlessernmrush,chara,chara;monster,2,1,0,0,1,0,0,GolemLesserNMRush:GolemBaseClass,,
decomp_further_20260617,chara/npc/monster/golem/golemlesserstandard,chara,chara;monster,2,1,0,0,1,0,0,GolemLesserStandard:GolemBaseClass,,
decomp_further_20260617,chara/npc/monster/golem/golemwhitegeneral,chara,chara;monster,2,1,0,0,1,0,0,GolemWhiteGeneral:GolemBaseClass,,
decomp_further_20260617,chara/npc/monster/golem/golemwhitegeneralnormal,chara,chara;monster,2,1,0,0,1,0,0,GolemWhiteGeneralNormal:GolemBaseClass,,
decomp_further_20260617,chara/npc/monster/golem/golemwhitegeneralnormal2,chara,chara;monster,2,1,0,0,1,0,0,GolemWhiteGeneralNormal2:GolemBaseClass,,
decomp_further_20260617,chara/npc/monster/goobbue/goobbuebaseclass,chara,chara;monster,2,1,0,0,1,0,0,GoobbueBaseClass:MonsterBaseClass,,
decomp_further_20260617,chara/npc/monster/goobbue/goobbuelesser,chara,chara;monster,2,1,0,0,1,0,0,GoobbueLesser:GoobbueBaseClass,,
decomp_further_20260617,chara/npc/monster/goobbue/goobbuelesserscenariouldahlv00,chara,chara;monster,2,1,0,0,1,0,0,GoobbueLesserScenarioUldahLv00:GoobbueBaseClass,,
decomp_further_20260617,chara/npc/monster/goobbue/goobbuelesserstandard,chara,chara;monster,2,1,0,0,1,0,0,GoobbueLesserStandard:GoobbueBaseClass,,
decomp_further_20260617,chara/npc/monster/goobbue/goobbuepublicfortpet01,chara,chara;monster,2,1,0,0,1,0,0,GoobbuePublicFortPet01:GoobbueBaseClass,,
decomp_further_20260617,chara/npc/monster/goobbue/goobbuestandard,chara,chara;monster,2,1,0,0,1,0,0,GoobbueStandard:GoobbueBaseClass,,
decomp_further_20260617,chara/npc/monster/griffin/griffinbaseclass,chara,chara;monster,2,1,0,0,1,0,0,GriffinBaseClass:MonsterBaseClass,,
decomp_further_20260617,chara/npc/monster/griffin/griffinlesserstandard,chara,chara;monster,2,1,0,0,1,0,0,GriffinLesserStandard:GriffinBaseClass,,
decomp_further_20260617,chara/npc/monster/griffin/griffinnormalstandard,chara,chara;monster,2,1,0,0,1,0,0,GriffinNormalStandard:GriffinBaseClass,,
decomp_further_20260617,chara/npc/monster/griffin/griffinstandard,chara,chara;monster,2,1,0,0,1,0,0,GriffinStandard:GriffinBaseClass,,
decomp_further_20260617,chara/npc/monster/hamletguard/hamletguardarcherstd,chara,chara;monster;hamlet,2,1,0,0,1,0,0,HamletGuardArcherStd:HamletGuardBaseClass,,
decomp_further_20260617,chara/npc/monster/hamletguard/hamletguardbaseclass,chara,chara;monster;hamlet,7,1,1,0,1,0,0,HamletGuardBaseClass:MonsterBaseClass,,
decomp_further_20260617,chara/npc/monster/hamletguard/hamletguardgladiatorstd,chara,chara;monster;hamlet,2,1,0,0,1,0,0,HamletGuardGladiatorStd:HamletGuardBaseClass,,
decomp_further_20260617,chara/npc/monster/ifrit/ifritaid,chara,chara;monster,7,1,1,0,1,0,0,IfritAid:IfritBaseClass,,
decomp_further_20260617,chara/npc/monster/ifrit/ifritanchor,chara,chara;monster,2,1,0,0,1,0,0,IfritAnchor:IfritBaseClass,,
decomp_further_20260617,chara/npc/monster/ifrit/ifritbaseclass,chara,chara;monster,2,1,0,0,1,0,0,IfritBaseClass:MonsterBaseClass,,
decomp_further_20260617,chara/npc/monster/ifrit/ifritdummy,chara,chara;monster,7,1,1,0,1,0,0,IfritDummy:IfritBaseClass,,
decomp_further_20260617,chara/npc/monster/ifrit/ifritdummy001,chara,chara;monster,2,1,0,0,1,0,0,IfritDummy001:IfritBaseClass,,
decomp_further_20260617,chara/npc/monster/ifrit/ifritdummy002,chara,chara;monster,2,1,0,0,1,0,0,IfritDummy002:IfritBaseClass,,
decomp_further_20260617,chara/npc/monster/ifrit/ifrithotair,chara,chara;monster,7,1,1,0,1,0,0,IfritHotAir:IfritBaseClass,,
decomp_further_20260617,chara/npc/monster/ifrit/ifrithyper,chara,chara;monster,2,1,0,0,1,0,0,IfritHyper:IfritHyperBaseClass,,
decomp_further_20260617,chara/npc/monster/ifrit/ifrithyperanchor,chara,chara;monster,7,1,1,0,1,0,0,IfritHyperAnchor:IfritHyperBaseClass,,
decomp_further_20260617,chara/npc/monster/ifrit/ifrithyperbaseclass,chara,chara;monster,2,1,0,0,1,0,0,IfritHyperBaseClass:MonsterBaseClass,,
decomp_further_20260617,chara/npc/monster/ifrit/ifrithyperdummy,chara,chara;monster,7,1,1,0,1,0,0,IfritHyperDummy:IfritHyperBaseClass,,
decomp_further_20260617,chara/npc/monster/ifrit/ifritnormal,chara,chara;monster,2,1,0,0,1,0,0,IfritNormal:IfritBaseClass,,
decomp_further_20260617,chara/npc/monster/imp/impbaseclass,chara,chara;monster,2,1,0,0,1,0,0,ImpBaseClass:MonsterBaseClass,,
decomp_further_20260617,chara/npc/monster/imp/implesserstandard,chara,chara;monster,2,1,0,0,1,0,0,ImpLesserStandard:ImpBaseClass,,
decomp_further_20260617,chara/npc/monster/imp/impnormalanimaobj,chara,chara;monster,2,1,0,0,1,0,0,ImpNormalAnimaobj:ImpBaseClass,,
decomp_further_20260617,chara/npc/monster/imp/impnormalanimaobjb,chara,chara;monster,2,1,0,0,1,0,0,ImpNormalAnimaobjB:ImpBaseClass,,
decomp_further_20260617,chara/npc/monster/imp/impnormalnm,chara,chara;monster,2,1,0,0,1,0,0,ImpNormalNM:ImpBaseClass,,
decomp_further_20260617,chara/npc/monster/imp/impnormalstandard,chara,chara;monster,2,1,0,0,1,0,0,ImpNormalStandard:ImpBaseClass,,
decomp_further_20260617,chara/npc/monster/imp/impstandard,chara,chara;monster,2,1,0,0,1,0,0,ImpStandard:ImpBaseClass,,
decomp_further_20260617,chara/npc/monster/jellyfish/jellyfishbaseclass,chara,chara;monster,2,1,0,0,1,0,0,JellyfishBaseClass:MonsterBaseClass,,
decomp_further_20260617,chara/npc/monster/jellyfish/jellyfishlesserstandard,chara,chara;monster,2,1,0,0,1,0,0,JellyfishLesserStandard:JellyfishBaseClass,,
decomp_further_20260617,chara/npc/monster/jellyfish/jellyfishnormalstandard,chara,chara;monster,2,1,0,0,1,0,0,JellyfishNormalStandard:JellyfishBaseClass,,
decomp_further_20260617,chara/npc/monster/jellyfish/jellyfishscenariolimsalv00,chara,chara;monster,2,1,0,0,1,0,0,JellyfishScenarioLimsaLv00:JellyfishBaseClass,,
decomp_further_20260617,chara/npc/monster/jellyfish/jellyfishstandard,chara,chara;monster,2,1,0,0,1,0,0,JellyfishStandard:JellyfishBaseClass,,
decomp_further_20260617,chara/npc/monster/kesaranpasaran/kesaranpasaranbaseclass,chara,chara;monster,2,1,0,0,1,0,0,KesaranpasaranBaseClass:MonsterBaseClass,,
decomp_further_20260617,chara/npc/monster/kesaranpasaran/kesaranpasaranstandard,chara,chara;monster,2,1,0,0,1,0,0,KesaranpasaranStandard:KesaranpasaranBaseClass,,
decomp_further_20260617,chara/npc/monster/khimaira/khimairabaseclass,chara,chara;monster,2,1,0,0,1,0,0,KhimairaBaseClass:MonsterBaseClass,,
decomp_further_20260617,chara/npc/monster/khimaira/khimairalesserstandard,chara,chara;monster,2,1,0,0,1,0,0,KhimairaLesserStandard:KhimairaBaseClass,,
decomp_further_20260617,chara/npc/monster/khimaira/khimairanormalnmrush,chara,chara;monster,2,1,0,0,1,0,0,KhimairaNormalNMRush:KhimairaBaseClass,,
decomp_further_20260617,chara/npc/monster/khimaira/khimairanormalstandard,chara,chara;monster,2,1,0,0,1,0,0,KhimairaNormalStandard:KhimairaBaseClass,,
decomp_further_20260617,chara/npc/monster/killermachine/killermachinebaseclass,chara,chara;monster,2,1,0,0,1,0,0,KillermachineBaseClass:MonsterBaseClass,,
decomp_further_20260617,chara/npc/monster/killermachine/killermachinelesserfactionemp,chara,chara;monster,2,1,0,0,1,0,0,KillermachineLesserFactionEmp:KillermachineBaseClass,,
decomp_further_20260617,chara/npc/monster/killermachine/killermachinelesserfactionemp1,chara,chara;monster,2,1,0,0,1,0,0,KillermachineLesserFactionEmp1:KillermachineBaseClass,,
decomp_further_20260617,chara/npc/monster/killermachine/killermachinelesserfactionemp2,chara,chara;monster,2,1,0,0,1,0,0,KillermachineLesserFactionEmp2:KillermachineBaseClass,,
decomp_further_20260617,chara/npc/monster/killermachine/killermachinelesserfort001,chara,chara;monster,2,1,0,0,1,0,0,KillermachineLesserFort001:KillermachineBaseClass,,
decomp_further_20260617,chara/npc/monster/killermachine/killermachinelessergcx103,chara,chara;monster,2,1,0,0,1,0,0,KillermachineLesserGcx103:KillermachineBaseClass,,
decomp_further_20260617,chara/npc/monster/killermachine/killermachinelesserstandard,chara,chara;monster,2,1,0,0,1,0,0,KillermachineLesserStandard:KillermachineBaseClass,,
decomp_further_20260617,chara/npc/monster/killermachine/killermachinenormalfortnm001,chara,chara;monster,2,1,0,0,1,0,0,KillermachineNormalFortNM001:KillermachineBaseClass,,
decomp_further_20260617,chara/npc/monster/killermachine/killermachinenormalgcx105,chara,chara;monster,2,1,0,0,1,0,0,KillermachineNormalGcx105:KillermachineBaseClass,,
decomp_further_20260617,chara/npc/monster/killermachine/killermachinenormalgmevent123,chara,chara;monster,2,1,0,0,1,0,0,KillermachineNormalGmEvent123:KillermachineBaseClass,,
decomp_further_20260617,chara/npc/monster/killermachine/killermachinenormalstandard,chara,chara;monster,2,1,0,0,1,0,0,KillermachineNormalStandard:KillermachineBaseClass,,
decomp_further_20260617,chara/npc/monster/kujata/kujatabaseclass,chara,chara;monster,2,1,0,0,1,0,0,KujataBaseClass:MonsterBaseClass,,
decomp_further_20260617,chara/npc/monster/kujata/kujatahornedglnm,chara,chara;monster,2,1,0,0,1,0,0,KujataHornedGLNM:KujataBaseClass,,
decomp_further_20260617,chara/npc/monster/kujata/kujatahornednm,chara,chara;monster,2,1,0,0,1,0,0,KujataHornedNM:KujataBaseClass,,
decomp_further_20260617,chara/npc/monster/kujata/kujatahornednmrush,chara,chara;monster,2,1,0,0,1,0,0,KujataHornedNMRush:KujataBaseClass,,
decomp_further_20260617,chara/npc/monster/kujata/kujatahornedstandard,chara,chara;monster,2,1,0,0,1,0,0,KujataHornedStandard:KujataBaseClass,,
decomp_further_20260617,chara/npc/monster/kujata/kujatahornedwar0j5,chara,chara;monster,2,1,0,0,1,0,0,KujataHornedWar0j5:KujataBaseClass,,
decomp_further_20260617,chara/npc/monster/lemming/glirulusstandard,chara,chara;monster,2,1,0,0,1,0,0,GlirulusStandard:LemmingBaseClass,,
decomp_further_20260617,chara/npc/monster/lemming/harestandard,chara,chara;monster,2,1,0,0,1,0,0,HareStandard:LemmingBaseClass,,
decomp_further_20260617,chara/npc/monster/lemming/lemmingbaseclass,chara,chara;monster,2,1,0,0,1,0,0,LemmingBaseClass:MonsterBaseClass,,
decomp_further_20260617,chara/npc/monster/lemming/lemmingeventmoon2011,chara,chara;monster,2,1,0,0,1,0,0,LemmingEventMoon2011:LemmingBaseClass,,
decomp_further_20260617,chara/npc/monster/lemming/lemmingscenariomrdlv20,chara,chara;monster,2,1,0,0,1,0,0,LemmingScenarioMrdLv20:LemmingBaseClass,,
decomp_further_20260617,chara/npc/monster/lemming/lemmingstandard,chara,chara;monster,2,1,0,0,1,0,0,LemmingStandard:LemmingBaseClass,,
decomp_further_20260617,chara/npc/monster/lemming/nuteaterstandard,chara,chara;monster,2,1,0,0,1,0,0,NuteaterStandard:LemmingBaseClass,,
decomp_further_20260617,chara/npc/monster/lentigo/lentigobaseclass,chara,chara;monster,7,1,1,0,1,0,0,LentigoBaseClass:MonsterBaseClass,,
decomp_further_20260617,chara/npc/monster/lentigo/lentigogarudatyphoon,chara,chara;monster,2,1,0,0,1,0,0,LentigoGarudaTyphoon:LentigoBaseClass,,
decomp_further_20260617,chara/npc/monster/lentigo/lentigomooglef0f4,chara,chara;monster,2,1,0,0,1,0,0,LentigoMoogleF0f4:LentigoBaseClass,,
decomp_further_20260617,chara/npc/monster/lentigo/lentigowhitegeneralmeteor,chara,chara;monster,2,1,0,0,1,0,0,LentigoWhiteGeneralMeteor:LentigoBaseClass,,
decomp_further_20260617,chara/npc/monster/lentigo/lentigowhitegeneralws,chara,chara;monster,2,1,0,0,1,0,0,LentigoWhiteGeneralWS:LentigoBaseClass,,
decomp_further_20260617,chara/npc/monster/livingdead/livingdeadanimabaseclass,chara,chara;monster,2,1,0,0,1,0,0,LivingdeadAnimaBaseClass:MonsterBaseClass,,
decomp_further_20260617,chara/npc/monster/livingdead/livingdeadbaseclass,chara,chara;monster,2,1,0,0,1,0,0,LivingdeadBaseClass:MonsterBaseClass,,
decomp_further_20260617,chara/npc/monster/livingdead/livingdeadlancer,chara,chara;monster,2,1,0,0,1,0,0,LivingdeadLancer:LivingdeadBaseClass,,
decomp_further_20260617,chara/npc/monster/livingdead/livingdeadlanceranimaobj,chara,chara;monster,2,1,0,0,1,0,0,LivingdeadLancerAnimaobj:LivingdeadAnimaBaseClass,,
decomp_further_20260617,chara/npc/monster/livingdead/livingdeadlanceranimaobjb,chara,chara;monster,2,1,0,0,1,0,0,LivingdeadLancerAnimaobjB:LivingdeadAnimaBaseClass,,
decomp_further_20260617,chara/npc/monster/livingdead/livingdeadlancerpld0j1,chara,chara;monster,2,1,0,0,1,0,0,LivingdeadLancerPld0j1:LivingdeadBaseClass,,
decomp_further_20260617,chara/npc/monster/livingdead/livingdeadlancerstandard,chara,chara;monster,2,1,0,0,1,0,0,LivingdeadLancerStandard:LivingdeadBaseClass,,
decomp_further_20260617,chara/npc/monster/livingdead/livingdeadstandard,chara,chara;monster,2,1,0,0,1,0,0,LivingdeadStandard:LivingdeadBaseClass,,
decomp_further_20260617,chara/npc/monster/livingdead/livingdeadthaumaturge,chara,chara;monster,2,1,0,0,1,0,0,LivingdeadThaumaturge:LivingdeadBaseClass,,
decomp_further_20260617,chara/npc/monster/livingdead/livingdeadthaumaturgeanimaobj,chara,chara;monster,2,1,0,0,1,0,0,LivingdeadThaumaturgeAnimaobj:LivingdeadAnimaBaseClass,,
decomp_further_20260617,chara/npc/monster/livingdead/livingdeadthaumaturgeanimaobjb,chara,chara;monster,2,1,0,0,1,0,0,LivingdeadThaumaturgeAnimaobjB:LivingdeadAnimaBaseClass,,
decomp_further_20260617,chara/npc/monster/livingdead/livingdeadthaumaturgehamlet,chara,chara;monster;hamlet,2,1,0,0,1,0,0,LivingdeadThaumaturgeHamlet:LivingdeadBaseClass,,
decomp_further_20260617,chara/npc/monster/livingdead/livingdeadthaumaturgepld0j1,chara,chara;monster,2,1,0,0,1,0,0,LivingdeadThaumaturgePld0j1:LivingdeadBaseClass,,
decomp_further_20260617,chara/npc/monster/livingdead/livingdeadthaumaturgestandard,chara,chara;monster,2,1,0,0,1,0,0,LivingdeadThaumaturgeStandard:LivingdeadBaseClass,,
decomp_further_20260617,chara/npc/monster/lizardman/lizardmanarcher,chara,chara;monster,2,1,0,0,1,0,0,LizardmanArcher:LizardmanBaseClass,,
decomp_further_20260617,chara/npc/monster/lizardman/lizardmanarcherlesserstd,chara,chara;monster,2,1,0,0,1,0,0,LizardmanArcherLesserStd:LizardmanBaseClass,,
decomp_further_20260617,chara/npc/monster/lizardman/lizardmanarchernormalstd,chara,chara;monster,2,1,0,0,1,0,0,LizardmanArcherNormalStd:LizardmanBaseClass,,
decomp_further_20260617,chara/npc/monster/lizardman/lizardmanarcherstandard,chara,chara;monster,2,1,0,0,1,0,0,LizardmanArcherStandard:LizardmanBaseClass,,
decomp_further_20260617,chara/npc/monster/lizardman/lizardmanarcpublicfortguard01,chara,chara;monster,2,1,0,0,1,0,0,LizardmanArcPublicFortGuard01:LizardmanBaseClass,,
decomp_further_20260617,chara/npc/monster/lizardman/lizardmanbaseclass,chara,chara;monster,2,1,0,0,1,0,0,LizardmanBaseClass:MonsterBaseClass,,
decomp_further_20260617,chara/npc/monster/lizardman/lizardmanlancer,chara,chara;monster,2,1,0,0,1,0,0,LizardmanLancer:LizardmanBaseClass,,
decomp_further_20260617,chara/npc/monster/lizardman/lizardmanlancerhamletstd,chara,chara;monster;hamlet,2,1,0,0,1,0,0,LizardmanLancerHamletStd:LizardmanBaseClass,,
decomp_further_20260617,chara/npc/monster/lizardman/lizardmanlancerlesserstd,chara,chara;monster,2,1,0,0,1,0,0,LizardmanLancerLesserStd:LizardmanBaseClass,,
decomp_further_20260617,chara/npc/monster/lizardman/lizardmanlancernormalstd,chara,chara;monster,2,1,0,0,1,0,0,LizardmanLancerNormalStd:LizardmanBaseClass,,
decomp_further_20260617,chara/npc/monster/lizardman/lizardmanlancerstandard,chara,chara;monster,2,1,0,0,1,0,0,LizardmanLancerStandard:LizardmanBaseClass,,
decomp_further_20260617,chara/npc/monster/lizardman/lizardmanlncpublicfortguard01,chara,chara;monster,2,1,0,0,1,0,0,LizardmanLncPublicFortGuard01:LizardmanBaseClass,,
decomp_further_20260617,chara/npc/monster/lizardman/lizardmanpglpublicfortnm01,chara,chara;monster,2,1,0,0,1,0,0,LizardmanPglPublicFortNM01:LizardmanBaseClass,,
decomp_further_20260617,chara/npc/monster/lizardman/lizardmanpugilist,chara,chara;monster,2,1,0,0,1,0,0,LizardmanPugilist:LizardmanBaseClass,,
decomp_further_20260617,chara/npc/monster/lizardman/lizardmanpugilisthamletnm,chara,chara;monster;hamlet,2,1,0,0,1,0,0,LizardmanPugilistHamletNM:LizardmanBaseClass,,
decomp_further_20260617,chara/npc/monster/lizardman/lizardmanpugilisthamletstd,chara,chara;monster;hamlet,2,1,0,0,1,0,0,LizardmanPugilistHamletStd:LizardmanBaseClass,,
decomp_further_20260617,chara/npc/monster/lizardman/lizardmanpugilistjobarmlesser,chara,chara;monster,2,1,0,0,1,0,0,LizardmanPugilistJobArmLesser:LizardmanBaseClass,,
decomp_further_20260617,chara/npc/monster/lizardman/lizardmanpugilistjobarmstd,chara,chara;monster,2,1,0,0,1,0,0,LizardmanPugilistJobArmStd:LizardmanBaseClass,,
decomp_further_20260617,chara/npc/monster/lizardman/lizardmanpugilistlesserstd,chara,chara;monster,2,1,0,0,1,0,0,LizardmanPugilistLesserStd:LizardmanBaseClass,,
decomp_further_20260617,chara/npc/monster/lizardman/lizardmanpugilistnormalstd,chara,chara;monster,2,1,0,0,1,0,0,LizardmanPugilistNormalStd:LizardmanBaseClass,,
decomp_further_20260617,chara/npc/monster/lizardman/lizardmanpugiliststandard,chara,chara;monster,2,1,0,0,1,0,0,LizardmanPugilistStandard:LizardmanBaseClass,,
decomp_further_20260617,chara/npc/monster/lizardman/lizardmanstandard,chara,chara;monster,2,1,0,0,1,0,0,LizardmanStandard:LizardmanBaseClass,,
decomp_further_20260617,chara/npc/monster/lizardman/lizardmanthaumaturge,chara,chara;monster,2,1,0,0,1,0,0,LizardmanThaumaturge:LizardmanBaseClass,,
decomp_further_20260617,chara/npc/monster/lizardman/lizardmanthaumaturgebaseclass,chara,chara;monster,2,1,0,0,1,0,0,LizardmanThaumaturgeBaseClass:LizardmanBaseClass,,
decomp_further_20260617,chara/npc/monster/lizardman/lizardmanthaumaturgenm,chara,chara;monster,2,1,0,0,1,0,0,LizardmanThaumaturgeNM:LizardmanBaseClass,,
decomp_further_20260617,chara/npc/monster/lizardman/lizardmanthaumaturgestandard,chara,chara;monster,2,1,0,0,1,0,0,LizardmanThaumaturgeStandard:LizardmanBaseClass,,
decomp_further_20260617,chara/npc/monster/lizardman/lizardmanthmattackhamletstd,chara,chara;monster;hamlet,2,1,0,0,1,0,0,LizardmanThmAttackHamletStd:LizardmanThaumaturgeBaseClass,,
decomp_further_20260617,chara/npc/monster/lizardman/lizardmanthmattacklesserstd,chara,chara;monster,2,1,0,0,1,0,0,LizardmanThmAttackLesserStd:LizardmanThaumaturgeBaseClass,,
decomp_further_20260617,chara/npc/monster/lizardman/lizardmanthmattacknormalstd,chara,chara;monster,2,1,0,0,1,0,0,LizardmanThmAttackNormalStd:LizardmanThaumaturgeBaseClass,,
decomp_further_20260617,chara/npc/monster/lizardman/lizardmanthmheallesserstd,chara,chara;monster,2,1,0,0,1,0,0,LizardmanThmHealLesserStd:LizardmanThaumaturgeBaseClass,,
decomp_further_20260617,chara/npc/monster/lizardman/lizardmanthmhealnormalstd,chara,chara;monster,2,1,0,0,1,0,0,LizardmanThmHealNormalStd:LizardmanThaumaturgeBaseClass,,
decomp_further_20260617,chara/npc/monster/lizardman/lizardmanthmpublicfortguard01,chara,chara;monster,2,1,0,0,1,0,0,LizardmanThmPublicFortGuard01:LizardmanThaumaturgeBaseClass,,
decomp_further_20260617,chara/npc/monster/lizardman/lizardmanthmpublicifritnm01,chara,chara;monster,2,1,0,0,1,0,0,LizardmanThmPublicIfritNM01:LizardmanThaumaturgeBaseClass,,
decomp_further_20260617,chara/npc/monster/longlegs/harvestmannm,chara,chara;monster,2,1,0,0,1,0,0,HarvestmanNM:LonglegsBaseClass,,
decomp_further_20260617,chara/npc/monster/longlegs/harvestmanstandard,chara,chara;monster,2,1,0,0,1,0,0,HarvestmanStandard:LonglegsBaseClass,,
decomp_further_20260617,chara/npc/monster/longlegs/longlegsbaseclass,chara,chara;monster,2,1,0,0,1,0,0,LonglegsBaseClass:MonsterBaseClass,,
decomp_further_20260617,chara/npc/monster/longlegs/longlegsstandard,chara,chara;monster,2,1,0,0,1,0,0,LonglegsStandard:LonglegsBaseClass,,
decomp_further_20260617,chara/npc/monster/longlegs/pycnogonidstandard,chara,chara;monster,2,1,0,0,1,0,0,PycnogonidStandard:LonglegsBaseClass,,
decomp_further_20260617,chara/npc/monster/mole/molebaseclass,chara,chara;monster,2,1,0,0,1,0,0,MoleBaseClass:MonsterBaseClass,,
decomp_further_20260617,chara/npc/monster/mole/moleechidna,chara,chara;monster,2,1,0,0,1,0,0,MoleEchidna:MoleBaseClass,,
decomp_further_20260617,chara/npc/monster/mole/moleechidnastandard,chara,chara;monster,2,1,0,0,1,0,0,MoleEchidnaStandard:MoleBaseClass,,
decomp_further_20260617,chara/npc/monster/mole/molemole,chara,chara;monster,2,1,0,0,1,0,0,MoleMole:MoleBaseClass,,
decomp_further_20260617,chara/npc/monster/mole/molemolestandard,chara,chara;monster,2,1,0,0,1,0,0,MoleMoleStandard:MoleBaseClass,,
decomp_further_20260617,chara/npc/monster/mole/molestandard,chara,chara;monster,2,1,0,0,1,0,0,MoleStandard:MoleBaseClass,,
decomp_further_20260617,chara/npc/monster/monkey/monkeybaseclass,chara,chara;monster,2,1,0,0,1,0,0,MonkeyBaseClass:MonsterBaseClass,,
decomp_further_20260617,chara/npc/monster/monkey/monkeylesserstandard,chara,chara;monster,2,1,0,0,1,0,0,MonkeyLesserStandard:MonkeyBaseClass,,
decomp_further_20260617,chara/npc/monster/monkey/monkeynormalhamlet,chara,chara;monster;hamlet,2,1,0,0,1,0,0,MonkeyNormalHamlet:MonkeyBaseClass,,
decomp_further_20260617,chara/npc/monster/monkey/monkeynormalnm,chara,chara;monster,2,1,0,0,1,0,0,MonkeyNormalNM:MonkeyBaseClass,,
decomp_further_20260617,chara/npc/monster/monkey/monkeynormalnmf0f4,chara,chara;monster,2,1,0,0,1,0,0,MonkeyNormalNMf0f4:MonkeyBaseClass,,
decomp_further_20260617,chara/npc/monster/monkey/monkeynormalstandard,chara,chara;monster,2,1,0,0,1,0,0,MonkeyNormalStandard:MonkeyBaseClass,,
decomp_further_20260617,chara/npc/monster/monkey/monkeystandard,chara,chara;monster,2,1,0,0,1,0,0,MonkeyStandard:MonkeyBaseClass,,
decomp_further_20260617,chara/npc/monster/monsterbaseclass,chara,chara;monster,2,1,0,0,1,0,0,MonsterBaseClass:NpcBaseClass,,
decomp_further_20260617,chara/npc/monster/monsterdefault,chara,chara;monster,2,1,0,0,1,0,0,MonsterDefault:MonsterBaseClass,,
decomp_further_20260617,chara/npc/monster/monstermuppet,chara,chara;monster,2,1,0,0,1,0,0,MonsterMuppet:MonsterBaseClass,,
decomp_further_20260617,chara/npc/monster/moogle/mooglebaseclass,chara,chara;monster,2,1,0,0,1,0,0,MoogleBaseClass:MonsterBaseClass,,
decomp_further_20260617,chara/npc/monster/moogle/moogledarkattacker,chara,chara;monster,2,1,0,0,1,0,0,MoogleDarkAttacker:MoogleBaseClass,,
decomp_further_20260617,chara/npc/monster/moogle/moogledarkbuffer,chara,chara;monster,2,1,0,0,1,0,0,MoogleDarkBuffer:MoogleBaseClass,,
decomp_further_20260617,chara/npc/monster/moogle/moogledarkdebuffer,chara,chara;monster,2,1,0,0,1,0,0,MoogleDarkDebuffer:MoogleBaseClass,,
decomp_further_20260617,chara/npc/monster/moogle/moogledarkhealer,chara,chara;monster,2,1,0,0,1,0,0,MoogleDarkHealer:MoogleBaseClass,,
decomp_further_20260617,chara/npc/monster/moogle/moogledarkking,chara,chara;monster,2,1,0,0,1,0,0,MoogleDarkKing:MoogleBaseClass,,
decomp_further_20260617,chara/npc/monster/moogle/moogledarknuker,chara,chara;monster,2,1,0,0,1,0,0,MoogleDarkNuker:MoogleBaseClass,,
decomp_further_20260617,chara/npc/monster/moogle/moogledarksniper,chara,chara;monster,2,1,0,0,1,0,0,MoogleDarkSniper:MoogleBaseClass,,
decomp_further_20260617,chara/npc/monster/moogle/moogledarktanker,chara,chara;monster,2,1,0,0,1,0,0,MoogleDarkTanker:MoogleBaseClass,,
decomp_further_20260617,chara/npc/monster/morbol/morbolbaseclass,chara,chara;monster,2,1,0,0,1,0,0,MorbolBaseClass:MonsterBaseClass,,
decomp_further_20260617,chara/npc/monster/morbol/morbollesser,chara,chara;monster,2,1,0,0,1,0,0,MorbolLesser:MorbolBaseClass,,
decomp_further_20260617,chara/npc/monster/morbol/morbollessernmf0f4,chara,chara;monster,2,1,0,0,1,0,0,MorbolLesserNMf0f4:MorbolBaseClass,,
decomp_further_20260617,chara/npc/monster/morbol/morbollesserstandard,chara,chara;monster,2,1,0,0,1,0,0,MorbolLesserStandard:MorbolBaseClass,,
decomp_further_20260617,chara/npc/monster/morbol/morbolnormal,chara,chara;monster,2,1,0,0,1,0,0,MorbolNormal:MorbolBaseClass,,
decomp_further_20260617,chara/npc/monster/morbol/morbolnormalstandard,chara,chara;monster,2,1,0,0,1,0,0,MorbolNormalStandard:MorbolBaseClass,,
decomp_further_20260617,chara/npc/monster/morbol/morbolstandard,chara,chara;monster,2,1,0,0,1,0,0,MorbolStandard:MorbolBaseClass,,
decomp_further_20260617,chara/npc/monster/mysticarmor/mysticarmorbaseclass,chara,chara;monster,2,1,0,0,1,0,0,MysticarmorBaseClass:MonsterBaseClass,,
decomp_further_20260617,chara/npc/monster/mysticarmor/mysticarmorscenariomainlv46,chara,chara;monster,2,1,0,0,1,0,0,MysticarmorScenarioMainLv46:MysticarmorBaseClass,,
decomp_further_20260617,chara/npc/monster/mysticarmor/mysticarmorstandard,chara,chara;monster,2,1,0,0,1,0,0,MysticarmorStandard:MysticarmorBaseClass,,
decomp_further_20260617,chara/npc/monster/object/objectbarriergcx105,chara,chara;monster,2,1,0,0,1,0,0,ObjectBarrierGcx105:ObjectBaseClass,,
decomp_further_20260617,chara/npc/monster/object/objectbaseclass,chara,chara;monster,2,1,0,0,1,0,0,ObjectBaseClass:MonsterBaseClass,,
decomp_further_20260617,chara/npc/monster/object/objectbeacongcx105,chara,chara;monster,2,1,0,0,1,0,0,ObjectBeaconGcx105:ObjectBaseClass,,
decomp_further_20260617,chara/npc/monster/ogre/ogrebaseclass,chara,chara;monster,2,1,0,0,1,0,0,OgreBaseClass:MonsterBaseClass,,
decomp_further_20260617,chara/npc/monster/ogre/ogrelesser,chara,chara;monster,2,1,0,0,1,0,0,OgreLesser:OgreBaseClass,,
decomp_further_20260617,chara/npc/monster/ogre/ogrelesserpld0j6,chara,chara;monster,2,1,0,0,1,0,0,OgreLesserPld0j6:OgreBaseClass,,
decomp_further_20260617,chara/npc/monster/ogre/ogrelesserstandard,chara,chara;monster,2,1,0,0,1,0,0,OgreLesserStandard:OgreBaseClass,,
decomp_further_20260617,chara/npc/monster/ogre/ogrenormalanimaobj,chara,chara;monster,2,1,0,0,1,0,0,OgreNormalAnimaobj:OgreBaseClass,,
decomp_further_20260617,chara/npc/monster/ogre/ogrenormalanimaobjb,chara,chara;monster,2,1,0,0,1,0,0,OgreNormalAnimaobjB:OgreBaseClass,,
decomp_further_20260617,chara/npc/monster/ogre/ogrenormaljobarm,chara,chara;monster,2,1,0,0,1,0,0,OgreNormalJobArm:OgreBaseClass,,
decomp_further_20260617,chara/npc/monster/ogre/ogrestandard,chara,chara;monster,2,1,0,0,1,0,0,OgreStandard:OgreBaseClass,,
decomp_further_20260617,chara/npc/monster/orebeetle/orebeetlebaseclass,chara,chara;monster,2,1,0,0,1,0,0,OrebeetleBaseClass:MonsterBaseClass,,
decomp_further_20260617,chara/npc/monster/orebeetle/orebeetlelesserstandard,chara,chara;monster,2,1,0,0,1,0,0,OrebeetleLesserStandard:OrebeetleBaseClass,,
decomp_further_20260617,chara/npc/monster/orebeetle/orebeetlenormalstandard,chara,chara;monster,2,1,0,0,1,0,0,OrebeetleNormalStandard:OrebeetleBaseClass,,
decomp_further_20260617,chara/npc/monster/orebeetle/orebeetlestandard,chara,chara;monster,2,1,0,0,1,0,0,OrebeetleStandard:OrebeetleBaseClass,,
decomp_further_20260617,chara/npc/monster/petitghost/petitghostbaseclass,chara,chara;monster,2,1,0,0,1,0,0,PetitghostBaseClass:MonsterBaseClass,,
decomp_further_20260617,chara/npc/monster/petitghost/petitghostlesserpld0j1,chara,chara;monster,2,1,0,0,1,0,0,PetitghostLesserPld0j1:PetitghostBaseClass,,
decomp_further_20260617,chara/npc/monster/petitghost/petitghostlesserstandard,chara,chara;monster,2,1,0,0,1,0,0,PetitghostLesserStandard:PetitghostBaseClass,,
decomp_further_20260617,chara/npc/monster/petitghost/petitghostnormalanimaobj,chara,chara;monster,2,1,0,0,1,0,0,PetitghostNormalAnimaobj:PetitghostBaseClass,,
decomp_further_20260617,chara/npc/monster/petitghost/petitghostnormalanimaobjb,chara,chara;monster,2,1,0,0,1,0,0,PetitghostNormalAnimaobjB:PetitghostBaseClass,,
decomp_further_20260617,chara/npc/monster/petitghost/petitghostnormalfactionemp,chara,chara;monster,2,1,0,0,1,0,0,PetitghostNormalFactionEmp:PetitghostBaseClass,,
decomp_further_20260617,chara/npc/monster/petitghost/petitghostnormalnm,chara,chara;monster,2,1,0,0,1,0,0,PetitghostNormalNM:PetitghostBaseClass,,
decomp_further_20260617,chara/npc/monster/petitghost/petitghostnormalstandard,chara,chara;monster,2,1,0,0,1,0,0,PetitghostNormalStandard:PetitghostBaseClass,,
decomp_further_20260617,chara/npc/monster/petitghost/petitghoststandard,chara,chara;monster,2,1,0,0,1,0,0,PetitghostStandard:PetitghostBaseClass,,
decomp_further_20260617,chara/npc/monster/piranha/piranhabaseclass,chara,chara;monster,2,1,0,0,1,0,0,PiranhaBaseClass:MonsterBaseClass,,
decomp_further_20260617,chara/npc/monster/piranha/piranhaboggypublicdungeonnm01,chara,instance;chara;monster,2,1,0,0,1,0,0,PiranhaBoggyPublicDungeonNM01:PiranhaBaseClass,,
decomp_further_20260617,chara/npc/monster/piranha/piranhaboggypublicdungeonpet01,chara,instance;chara;monster,2,1,0,0,1,0,0,PiranhaBoggyPublicDungeonPet01:PiranhaBaseClass,,
decomp_further_20260617,chara/npc/monster/piranha/piranhaboggystandard,chara,chara;monster,2,1,0,0,1,0,0,PiranhaBoggyStandard:PiranhaBaseClass,,
decomp_further_20260617,chara/npc/monster/piranha/piranhasandystandard,chara,chara;monster,2,1,0,0,1,0,0,PiranhaSandyStandard:PiranhaBaseClass,,
decomp_further_20260617,chara/npc/monster/piranha/piranhastandard,chara,chara;monster,2,1,0,0,1,0,0,PiranhaStandard:PiranhaBaseClass,,
decomp_further_20260617,chara/npc/monster/pirate/piratearcherstandard,chara,chara;monster,2,1,0,0,1,0,0,PirateArcherStandard:PirateBaseClass,,
decomp_further_20260617,chara/npc/monster/pirate/piratebaseclass,chara,chara;monster,2,1,0,0,1,0,0,PirateBaseClass:MonsterBaseClass,,
decomp_further_20260617,chara/npc/monster/pirate/pirateexcscenariopuglv30,chara,chara;monster,2,1,0,0,1,0,0,PirateExcScenarioPugLv30:PirateBaseClass,,
decomp_further_20260617,chara/npc/monster/pirate/pirategladiatorstandard,chara,chara;monster,2,1,0,0,1,0,0,PirateGladiatorStandard:PirateBaseClass,,
decomp_further_20260617,chara/npc/monster/pirate/piratemarauder,chara,chara;monster,2,1,0,0,1,0,0,PirateMarauder:PirateBaseClass,,
decomp_further_20260617,chara/npc/monster/pirate/piratemarauderstandard,chara,chara;monster,2,1,0,0,1,0,0,PirateMarauderStandard:PirateBaseClass,,
decomp_further_20260617,chara/npc/monster/pirate/piratestandard,chara,chara;monster,2,1,0,0,1,0,0,PirateStandard:PirateBaseClass,,
decomp_further_20260617,chara/npc/monster/pixie/pixiebaseclass,chara,chara;monster,2,1,0,0,1,0,0,PixieBaseClass:MonsterBaseClass,,
decomp_further_20260617,chara/npc/monster/pixie/pixieconjurer,chara,chara;monster,2,1,0,0,1,0,0,PixieConjurer:PixieBaseClass,,
decomp_further_20260617,chara/npc/monster/pixie/pixieconjurerstandard,chara,chara;monster,2,1,0,0,1,0,0,PixieConjurerStandard:PixieBaseClass,,
decomp_further_20260617,chara/npc/monster/pixie/pixieearthconjurerstandard,chara,chara;monster,2,1,0,0,1,0,0,PixieEarthConjurerStandard:PixieBaseClass,,
decomp_further_20260617,chara/npc/monster/pixie/pixiefireconjurerstandard,chara,chara;monster,2,1,0,0,1,0,0,PixieFireConjurerStandard:PixieBaseClass,,
decomp_further_20260617,chara/npc/monster/pixie/pixieiceconjurerstandard,chara,chara;monster,2,1,0,0,1,0,0,PixieIceConjurerStandard:PixieBaseClass,,
decomp_further_20260617,chara/npc/monster/pixie/pixielightningconjurerstandard,chara,chara;monster,2,1,0,0,1,0,0,PixieLightningConjurerStandard:PixieBaseClass,,
decomp_further_20260617,chara/npc/monster/pixie/pixiestandard,chara,chara;monster,2,1,0,0,1,0,0,PixieStandard:PixieBaseClass,,
decomp_further_20260617,chara/npc/monster/pixie/pixiewaterconjurerstandard,chara,chara;monster,2,1,0,0,1,0,0,PixieWaterConjurerStandard:PixieBaseClass,,
decomp_further_20260617,chara/npc/monster/pixie/pixiewindconjurerstandard,chara,chara;monster,2,1,0,0,1,0,0,PixieWindConjurerStandard:PixieBaseClass,,
decomp_further_20260617,chara/npc/monster/qiqirn/qiqirnbarehands,chara,chara;monster,2,1,0,0,1,0,0,QiqirnBarehands:QiqirnBaseClass,,
decomp_further_20260617,chara/npc/monster/qiqirn/qiqirnbarehandsgcl303,chara,chara;monster,2,1,0,0,1,0,0,QiqirnBarehandsGcl303:QiqirnBaseClass,,
decomp_further_20260617,chara/npc/monster/qiqirn/qiqirnbarehandsnm,chara,chara;monster,2,1,0,0,1,0,0,QiqirnBarehandsNM:QiqirnBaseClass,,
decomp_further_20260617,chara/npc/monster/qiqirn/qiqirnbarehandsstandard,chara,chara;monster,2,1,0,0,1,0,0,QiqirnBarehandsStandard:QiqirnBaseClass,,
decomp_further_20260617,chara/npc/monster/qiqirn/qiqirnbaseclass,chara,chara;monster,2,1,0,0,1,0,0,QiqirnBaseClass:MonsterBaseClass,,
decomp_further_20260617,chara/npc/monster/qiqirn/qiqirnstandard,chara,chara;monster,2,1,0,0,1,0,0,QiqirnStandard:QiqirnBaseClass,,
decomp_further_20260617,chara/npc/monster/raptor/raptorbaseclass,chara,chara;monster,2,1,0,0,1,0,0,RaptorBaseClass:MonsterBaseClass,,
decomp_further_20260617,chara/npc/monster/raptor/raptorforestmooglef0f4,chara,chara;monster,2,1,0,0,1,0,0,RaptorForestMoogleF0f4:RaptorBaseClass,,
decomp_further_20260617,chara/npc/monster/raptor/raptorforeststandard,chara,chara;monster,2,1,0,0,1,0,0,RaptorForestStandard:RaptorBaseClass,,
decomp_further_20260617,chara/npc/monster/raptor/raptorgrasslandstandard,chara,chara;monster,2,1,0,0,1,0,0,RaptorGrasslandStandard:RaptorBaseClass,,
decomp_further_20260617,chara/npc/monster/raptor/raptorstandard,chara,chara;monster,2,1,0,0,1,0,0,RaptorStandard:RaptorBaseClass,,
decomp_further_20260617,chara/npc/monster/rebel/rebelarcher,chara,chara;monster,2,1,0,0,1,0,0,RebelArcher:RebelBaseClass,,
decomp_further_20260617,chara/npc/monster/rebel/rebelarcherstandard,chara,chara;monster,2,1,0,0,1,0,0,RebelArcherStandard:RebelBaseClass,,
decomp_further_20260617,chara/npc/monster/rebel/rebelarcherstandardjobarm,chara,chara;monster,2,1,0,0,1,0,0,RebelArcherStandardJobArm:RebelBaseClass,,
decomp_further_20260617,chara/npc/monster/rebel/rebelbaseclass,chara,chara;monster,2,1,0,0,1,0,0,RebelBaseClass:MonsterBaseClass,,
decomp_further_20260617,chara/npc/monster/rebel/rebelconjurer,chara,chara;monster,2,1,0,0,1,0,0,RebelConjurer:RebelBaseClass,,
decomp_further_20260617,chara/npc/monster/rebel/rebelconjurerstandard,chara,chara;monster,2,1,0,0,1,0,0,RebelConjurerStandard:RebelBaseClass,,
decomp_further_20260617,chara/npc/monster/rebel/rebelgladiator,chara,chara;monster,2,1,0,0,1,0,0,RebelGladiator:RebelBaseClass,,
decomp_further_20260617,chara/npc/monster/rebel/rebelgladiatorstandard,chara,chara;monster,2,1,0,0,1,0,0,RebelGladiatorStandard:RebelBaseClass,,
decomp_further_20260617,chara/npc/monster/rebel/rebellancer,chara,chara;monster,2,1,0,0,1,0,0,RebelLancer:RebelBaseClass,,
decomp_further_20260617,chara/npc/monster/rebel/rebellancerstandard,chara,chara;monster,2,1,0,0,1,0,0,RebelLancerStandard:RebelBaseClass,,
decomp_further_20260617,chara/npc/monster/rebel/rebellancerstandardjobarm,chara,chara;monster,2,1,0,0,1,0,0,RebelLancerStandardJobArm:RebelBaseClass,,
decomp_further_20260617,chara/npc/monster/rebel/rebelmarauder,chara,chara;monster,2,1,0,0,1,0,0,RebelMarauder:RebelBaseClass,,
decomp_further_20260617,chara/npc/monster/rebel/rebelmarauderstandard,chara,chara;monster,2,1,0,0,1,0,0,RebelMarauderStandard:RebelBaseClass,,
decomp_further_20260617,chara/npc/monster/rebel/rebelpugilist,chara,chara;monster,2,1,0,0,1,0,0,RebelPugilist:RebelBaseClass,,
decomp_further_20260617,chara/npc/monster/rebel/rebelpugiliststandard,chara,chara;monster,2,1,0,0,1,0,0,RebelPugilistStandard:RebelBaseClass,,
decomp_further_20260617,chara/npc/monster/rebel/rebelstandard,chara,chara;monster,2,1,0,0,1,0,0,RebelStandard:RebelBaseClass,,
decomp_further_20260617,chara/npc/monster/rebel/rebelthaumaturge,chara,chara;monster,2,1,0,0,1,0,0,RebelThaumaturge:RebelBaseClass,,
decomp_further_20260617,chara/npc/monster/rebel/rebelthaumaturgestandard,chara,chara;monster,2,1,0,0,1,0,0,RebelThaumaturgeStandard:RebelBaseClass,,
decomp_further_20260617,chara/npc/monster/rebel/rebelthmgmevent,chara,chara;monster,2,1,0,0,1,0,0,RebelThmGMEvent:RebelBaseClass,,
decomp_further_20260617,chara/npc/monster/salamander/salamanderbaseclass,chara,chara;monster,2,1,0,0,1,0,0,SalamanderBaseClass:MonsterBaseClass,,
decomp_further_20260617,chara/npc/monster/salamander/salamanderlesser,chara,chara;monster,2,1,0,0,1,0,0,SalamanderLesser:SalamanderBaseClass,,
decomp_further_20260617,chara/npc/monster/salamander/salamanderlesserstandard,chara,chara;monster,2,1,0,0,1,0,0,SalamanderLesserStandard:SalamanderBaseClass,,
decomp_further_20260617,chara/npc/monster/salamander/salamandernormal,chara,chara;monster,2,1,0,0,1,0,0,SalamanderNormal:SalamanderBaseClass,,
decomp_further_20260617,chara/npc/monster/salamander/salamandernormalstandard,chara,chara;monster,2,1,0,0,1,0,0,SalamanderNormalStandard:SalamanderBaseClass,,
decomp_further_20260617,chara/npc/monster/salamander/salamanderstandard,chara,chara;monster,2,1,0,0,1,0,0,SalamanderStandard:SalamanderBaseClass,,
decomp_further_20260617,chara/npc/monster/scalelizard/scalelizardbaseclass,chara,chara;monster,2,1,0,0,1,0,0,ScalelizardBaseClass:MonsterBaseClass,,
decomp_further_20260617,chara/npc/monster/scalelizard/scalelizardfire,chara,chara;monster,2,1,0,0,1,0,0,ScalelizardFire:ScalelizardBaseClass,,
decomp_further_20260617,chara/npc/monster/scalelizard/scalelizardfirenm,chara,chara;monster,2,1,0,0,1,0,0,ScalelizardFireNM:ScalelizardBaseClass,,
decomp_further_20260617,chara/npc/monster/scalelizard/scalelizardfirestandard,chara,chara;monster,2,1,0,0,1,0,0,ScalelizardFireStandard:ScalelizardBaseClass,,
decomp_further_20260617,chara/npc/monster/scalelizard/scalelizardfirestandardjobarm,chara,chara;monster,2,1,0,0,1,0,0,ScalelizardFireStandardJobArm:ScalelizardBaseClass,,
decomp_further_20260617,chara/npc/monster/scalelizard/scalelizardhamlet,chara,chara;monster;hamlet,2,1,0,0,1,0,0,ScalelizardHamlet:ScalelizardBaseClass,,
decomp_further_20260617,chara/npc/monster/scalelizard/scalelizardstandard,chara,chara;monster,2,1,0,0,1,0,0,ScalelizardStandard:ScalelizardBaseClass,,
decomp_further_20260617,chara/npc/monster/scalelizard/scalelizardthunder,chara,chara;monster,2,1,0,0,1,0,0,ScalelizardThunder:ScalelizardBaseClass,,
decomp_further_20260617,chara/npc/monster/scalelizard/scalelizardthunderstandard,chara,chara;monster,2,1,0,0,1,0,0,ScalelizardThunderStandard:ScalelizardBaseClass,,
decomp_further_20260617,chara/npc/monster/serow/serowbaseclass,chara,chara;monster,2,1,0,0,1,0,0,SerowBaseClass:MonsterBaseClass,,
decomp_further_20260617,chara/npc/monster/serow/serowfemalenm,chara,chara;monster,2,1,0,0,1,0,0,SerowFemaleNM:SerowBaseClass,,
decomp_further_20260617,chara/npc/monster/serow/serowfemalestandard,chara,chara;monster,2,1,0,0,1,0,0,SerowFemaleStandard:SerowBaseClass,,
decomp_further_20260617,chara/npc/monster/serow/serowmalestandard,chara,chara;monster,2,1,0,0,1,0,0,SerowMaleStandard:SerowBaseClass,,
decomp_further_20260617,chara/npc/monster/serow/serowstandard,chara,chara;monster,2,1,0,0,1,0,0,SerowStandard:SerowBaseClass,,
decomp_further_20260617,chara/npc/monster/sheep/sheepbaseclass,chara,chara;monster,2,1,0,0,1,0,0,SheepBaseClass:MonsterBaseClass,,
decomp_further_20260617,chara/npc/monster/sheep/sheeplesser,chara,chara;monster,2,1,0,0,1,0,0,SheepLesser:SheepBaseClass,,
decomp_further_20260617,chara/npc/monster/sheep/sheeplesserstandard,chara,chara;monster,2,1,0,0,1,0,0,SheepLesserStandard:SheepBaseClass,,
decomp_further_20260617,chara/npc/monster/sheep/sheepnormal,chara,chara;monster,2,1,0,0,1,0,0,SheepNormal:SheepBaseClass,,
decomp_further_20260617,chara/npc/monster/sheep/sheepnormalnm,chara,chara;monster,2,1,0,0,1,0,0,SheepNormalNM:SheepBaseClass,,
decomp_further_20260617,chara/npc/monster/sheep/sheepnormalstandard,chara,chara;monster,2,1,0,0,1,0,0,SheepNormalStandard:SheepBaseClass,,
decomp_further_20260617,chara/npc/monster/sheep/sheepstandard,chara,chara;monster,2,1,0,0,1,0,0,SheepStandard:SheepBaseClass,,
decomp_further_20260617,chara/npc/monster/skeleton/skeletonbaseclass,chara,chara;monster,2,1,0,0,1,0,0,SkeletonBaseClass:MonsterBaseClass,,
decomp_further_20260617,chara/npc/monster/skeleton/skeletongladiator,chara,chara;monster,2,1,0,0,1,0,0,SkeletonGladiator:SkeletonBaseClass,,
decomp_further_20260617,chara/npc/monster/skeleton/skeletongladiatorstandard,chara,chara;monster,2,1,0,0,1,0,0,SkeletonGladiatorStandard:SkeletonBaseClass,,
decomp_further_20260617,chara/npc/monster/skeleton/skeletonlessergladiatorstandard,chara,chara;monster,2,1,0,0,1,0,0,SkeletonLesserGladiatorStandard:SkeletonBaseClass,,
decomp_further_20260617,chara/npc/monster/skeleton/skeletonnormalanimaobj,chara,chara;monster,2,1,0,0,1,0,0,SkeletonNormalAnimaobj:SkeletonBaseClass,,
decomp_further_20260617,chara/npc/monster/skeleton/skeletonnormalanimaobjb,chara,chara;monster,2,1,0,0,1,0,0,SkeletonNormalAnimaobjB:SkeletonBaseClass,,
decomp_further_20260617,chara/npc/monster/skeleton/skeletonnormalgladiatorstandard,chara,chara;monster,2,1,0,0,1,0,0,SkeletonNormalGladiatorStandard:SkeletonBaseClass,,
decomp_further_20260617,chara/npc/monster/skeleton/skeletonstandard,chara,chara;monster,2,1,0,0,1,0,0,SkeletonStandard:SkeletonBaseClass,,
decomp_further_20260617,chara/npc/monster/slug/slugbaseclass,chara,chara;monster,2,1,0,0,1,0,0,SlugBaseClass:MonsterBaseClass,,
decomp_further_20260617,chara/npc/monster/slug/sluglesserstandard,chara,chara;monster,2,1,0,0,1,0,0,SlugLesserStandard:SlugBaseClass,,
decomp_further_20260617,chara/npc/monster/slug/slugnormalnm,chara,chara;monster,2,1,0,0,1,0,0,SlugNormalNM:SlugBaseClass,,
decomp_further_20260617,chara/npc/monster/slug/slugnormalstandard,chara,chara;monster,2,1,0,0,1,0,0,SlugNormalStandard:SlugBaseClass,,
decomp_further_20260617,chara/npc/monster/slug/slugstandard,chara,chara;monster,2,1,0,0,1,0,0,SlugStandard:SlugBaseClass,,
decomp_further_20260617,chara/npc/monster/specter/specterbaseclass,chara,chara;monster,2,1,0,0,1,0,0,SpecterBaseClass:MonsterBaseClass,,
decomp_further_20260617,chara/npc/monster/specter/spectermarch,chara,chara;monster,2,1,0,0,1,0,0,SpecterMarch:SpecterBaseClass,,
decomp_further_20260617,chara/npc/monster/specter/specternormal,chara,chara;monster,2,1,0,0,1,0,0,SpecterNormal:SpecterBaseClass,,
decomp_further_20260617,chara/npc/monster/specter/specternormalblm0j6a,chara,chara;monster,2,1,0,0,1,0,0,SpecterNormalBlm0j6a:SpecterBaseClass,,
decomp_further_20260617,chara/npc/monster/specter/specternormalblm0j6b,chara,chara;monster,2,1,0,0,1,0,0,SpecterNormalBlm0j6b:SpecterBaseClass,,
decomp_further_20260617,chara/npc/monster/specter/specternormalblm0j6c,chara,chara;monster,2,1,0,0,1,0,0,SpecterNormalBlm0j6c:SpecterBaseClass,,
decomp_further_20260617,chara/npc/monster/specter/specternormalpld0j1,chara,chara;monster,2,1,0,0,1,0,0,SpecterNormalPld0j1:SpecterBaseClass,,
decomp_further_20260617,chara/npc/monster/specter/specternormalstandard,chara,chara;monster,2,1,0,0,1,0,0,SpecterNormalStandard:SpecterBaseClass,,
decomp_further_20260617,chara/npc/monster/specter/specterstandard,chara,chara;monster,2,1,0,0,1,0,0,SpecterStandard:SpecterBaseClass,,
decomp_further_20260617,chara/npc/monster/spider/spiderbaseclass,chara,chara;monster,2,1,0,0,1,0,0,SpiderBaseClass:MonsterBaseClass,,
decomp_further_20260617,chara/npc/monster/spider/spiderchildstandard,chara,chara;monster,2,1,0,0,1,0,0,SpiderChildStandard:SpiderBaseClass,,
decomp_further_20260617,chara/npc/monster/spider/spiderfemalestandard,chara,chara;monster,2,1,0,0,1,0,0,SpiderFemaleStandard:SpiderBaseClass,,
decomp_further_20260617,chara/npc/monster/spider/spidermalestandard,chara,chara;monster,2,1,0,0,1,0,0,SpiderMaleStandard:SpiderBaseClass,,
decomp_further_20260617,chara/npc/monster/spider/spiderstandard,chara,chara;monster,2,1,0,0,1,0,0,SpiderStandard:SpiderBaseClass,,
decomp_further_20260617,chara/npc/monster/sprite/spritebaseclass,chara,chara;monster,2,1,0,0,1,0,0,SpriteBaseClass:MonsterBaseClass,,
decomp_further_20260617,chara/npc/monster/sprite/spritebrownlessernm,chara,chara;monster,2,1,0,0,1,0,0,SpriteBrownLesserNM:SpriteBaseClass,,
decomp_further_20260617,chara/npc/monster/sprite/spritebrownlesserstandard,chara,chara;monster,2,1,0,0,1,0,0,SpriteBrownLesserStandard:SpriteBaseClass,,
decomp_further_20260617,chara/npc/monster/sprite/spritebrownstandard,chara,chara;monster,2,1,0,0,1,0,0,SpriteBrownStandard:SpriteBaseClass,,
decomp_further_20260617,chara/npc/monster/sprite/spriteeasteregglv10,chara,chara;monster,2,1,0,0,1,0,0,SpriteEastereggLV10:SpriteBaseClass,,
decomp_further_20260617,chara/npc/monster/sprite/spriteeasteregglv20,chara,chara;monster,2,1,0,0,1,0,0,SpriteEastereggLV20:SpriteBaseClass,,
decomp_further_20260617,chara/npc/monster/sprite/spriteeasteregglv30,chara,chara;monster,2,1,0,0,1,0,0,SpriteEastereggLV30:SpriteBaseClass,,
decomp_further_20260617,chara/npc/monster/sprite/spriteeasteregglv40,chara,chara;monster,2,1,0,0,1,0,0,SpriteEastereggLV40:SpriteBaseClass,,
decomp_further_20260617,chara/npc/monster/sprite/spritepurplelesserstandard,chara,chara;monster,2,1,0,0,1,0,0,SpritePurpleLesserStandard:SpriteBaseClass,,
decomp_further_20260617,chara/npc/monster/sprite/spritepurplestandard,chara,chara;monster,2,1,0,0,1,0,0,SpritePurpleStandard:SpriteBaseClass,,
decomp_further_20260617,chara/npc/monster/sprite/spritestandard,chara,chara;monster,2,1,0,0,1,0,0,SpriteStandard:SpriteBaseClass,,
decomp_further_20260617,chara/npc/monster/sprite/spritewhitenormalnmf0f4,chara,chara;monster,2,1,0,0,1,0,0,SpriteWhiteNormalNMf0f4:SpriteBaseClass,,
decomp_further_20260617,chara/npc/monster/sprite/spriteyellowlesserstandard,chara,chara;monster,2,1,0,0,1,0,0,SpriteYellowLesserStandard:SpriteBaseClass,,
decomp_further_20260617,chara/npc/monster/sprite/spriteyellowstandard,chara,chara;monster,2,1,0,0,1,0,0,SpriteYellowStandard:SpriteBaseClass,,
decomp_further_20260617,chara/npc/monster/termite/termitebaseclass,chara,chara;monster,2,1,0,0,1,0,0,TermiteBaseClass:MonsterBaseClass,,
decomp_further_20260617,chara/npc/monster/termite/termiteprincessstandard,chara,chara;monster,2,1,0,0,1,0,0,TermitePrincessStandard:TermiteBaseClass,,
decomp_further_20260617,chara/npc/monster/termite/termitesoldier,chara,chara;monster,2,1,0,0,1,0,0,TermiteSoldier:TermiteBaseClass,,
decomp_further_20260617,chara/npc/monster/termite/termitesoldiernm,chara,chara;monster,2,1,0,0,1,0,0,TermiteSoldierNM:TermiteBaseClass,,
decomp_further_20260617,chara/npc/monster/termite/termitesoldierstandard,chara,chara;monster,2,1,0,0,1,0,0,TermiteSoldierStandard:TermiteBaseClass,,
decomp_further_20260617,chara/npc/monster/termite/termitestandard,chara,chara;monster,2,1,0,0,1,0,0,TermiteStandard:TermiteBaseClass,,
decomp_further_20260617,chara/npc/monster/termite/termitewarriorstandard,chara,chara;monster,2,1,0,0,1,0,0,TermiteWarriorStandard:TermiteBaseClass,,
decomp_further_20260617,chara/npc/monster/treant/treantbaseclass,chara,chara;monster,2,1,0,0,1,0,0,TreantBaseClass:MonsterBaseClass,,
decomp_further_20260617,chara/npc/monster/treant/treantlessermorbolf0f4,chara,chara;monster,2,1,0,0,1,0,0,TreantLesserMorbolf0f4:TreantBaseClass,,
decomp_further_20260617,chara/npc/monster/treant/treantlessernmf0f4,chara,chara;monster,2,1,0,0,1,0,0,TreantLesserNMf0f4:TreantBaseClass,,
decomp_further_20260617,chara/npc/monster/treant/treantlessernmrush,chara,chara;monster,2,1,0,0,1,0,0,TreantLesserNMRush:TreantBaseClass,,
decomp_further_20260617,chara/npc/monster/treant/treantlesserstandard,chara,chara;monster,2,1,0,0,1,0,0,TreantLesserStandard:TreantBaseClass,,
decomp_further_20260617,chara/npc/monster/treant/treantlessertrainf0f4,chara,chara;monster,2,1,0,0,1,0,0,TreantLesserTrainf0f4:TreantBaseClass,,
decomp_further_20260617,chara/npc/monster/whitegeneral/whitegeneralbaseclass,chara,chara;monster,2,1,0,0,1,0,0,WhiteGeneralBaseClass:MonsterBaseClass,,
decomp_further_20260617,chara/npc/monster/whitegeneral/whitegenerallesser,chara,chara;monster,2,1,0,0,1,0,0,WhiteGeneralLesser:WhiteGeneralBaseClass,,
decomp_further_20260617,chara/npc/monster/whitegeneral/whitegeneralmeteor,chara,chara;monster,5,1,1,0,1,0,1,WhiteGeneralMeteor:MonsterBaseClass,,A0_0:_setGroundOn:1
decomp_further_20260617,chara/npc/monster/whitegeneral/whitegeneralnormal,chara,chara;monster,2,1,0,0,1,0,0,WhiteGeneralNormal:WhiteGeneralBaseClass,,
decomp_further_20260617,chara/npc/monster/willothewisp/willothewispbaseclass,chara,chara;monster,2,1,0,0,1,0,0,WillOTheWispBaseClass:MonsterBaseClass,,
decomp_further_20260617,chara/npc/monster/willothewisp/willothewispnormal,chara,chara;monster,2,1,0,0,1,0,0,WillOTheWispNormal:WillOTheWispBaseClass,,
decomp_further_20260617,chara/npc/monster/willothewisp/willothewispnormalstandard,chara,chara;monster,2,1,0,0,1,0,0,WillOTheWispNormalStandard:WillOTheWispBaseClass,,
decomp_further_20260617,chara/npc/monster/willothewisp/willothewispstandard,chara,chara;monster,2,1,0,0,1,0,0,WillOTheWispStandard:WillOTheWispBaseClass,,
decomp_further_20260617,chara/npc/monster/winglizard/winglizardbaseclass,chara,chara;monster,2,1,0,0,1,0,0,WinglizardBaseClass:MonsterBaseClass,,
decomp_further_20260617,chara/npc/monster/winglizard/winglizardlesserstandard,chara,chara;monster,2,1,0,0,1,0,0,WinglizardLesserStandard:WinglizardBaseClass,,
decomp_further_20260617,chara/npc/monster/winglizard/winglizardnormalnm,chara,chara;monster,2,1,0,0,1,0,0,WinglizardNormalNM:WinglizardBaseClass,,
decomp_further_20260617,chara/npc/monster/winglizard/winglizardnormalstandard,chara,chara;monster,2,1,0,0,1,0,0,WinglizardNormalStandard:WinglizardBaseClass,,
decomp_further_20260617,chara/npc/monster/winglizard/winglizardstandard,chara,chara;monster,2,1,0,0,1,0,0,WinglizardStandard:WinglizardBaseClass,,
decomp_further_20260617,chara/npc/monster/wolf/hyaenagmevent,chara,chara;monster,2,1,0,0,1,0,0,HyaenaGMEvent:WolfGMEventBaseClass,,
decomp_further_20260617,chara/npc/monster/wolf/hyaenanm,chara,chara;monster,2,1,0,0,1,0,0,HyaenaNM:WolfBaseClass,,
decomp_further_20260617,chara/npc/monster/wolf/hyaenascenariomainlv42,chara,chara;monster,2,1,0,0,1,0,0,HyaenaScenarioMainLv42:WolfBaseClass,,
decomp_further_20260617,chara/npc/monster/wolf/hyaenastandard,chara,chara;monster,2,1,0,0,1,0,0,HyaenaStandard:WolfBaseClass,,
decomp_further_20260617,chara/npc/monster/wolf/wolfbaseclass,chara,chara;monster,2,1,0,0,1,0,0,WolfBaseClass:MonsterBaseClass,,
decomp_further_20260617,chara/npc/monster/wolf/wolfgmeventbaseclass,chara,chara;monster,2,1,0,0,1,0,0,WolfGMEventBaseClass:MonsterBaseClass,,
decomp_further_20260617,chara/npc/monster/wolf/wolfhamlet,chara,chara;monster;hamlet,2,1,0,0,1,0,0,WolfHamlet:WolfBaseClass,,
decomp_further_20260617,chara/npc/monster/wolf/wolfpublicfortpet01,chara,chara;monster,2,1,0,0,1,0,0,WolfPublicFortPet01:WolfBaseClass,,
decomp_further_20260617,chara/npc/monster/wolf/wolfscenariogridanialv00,chara,chara;monster,2,1,0,0,1,0,0,WolfScenarioGridaniaLv00:WolfBaseClass,,
decomp_further_20260617,chara/npc/monster/wolf/wolfstandard,chara,chara;monster,2,1,0,0,1,0,0,WolfStandard:WolfBaseClass,,
decomp_further_20260617,chara/npc/monster/wolf/wolfstandardfactionemp1,chara,chara;monster,2,1,0,0,1,0,0,WolfStandardFactionEmp1:WolfBaseClass,,
decomp_further_20260617,chara/npc/monster/wolf/wolfwolfmooglef0f4,chara,chara;monster,2,1,0,0,1,0,0,WolfWolfMoogleF0f4:WolfBaseClass,,
decomp_further_20260617,chara/npc/monster/wolf/wolfwolfnm,chara,chara;monster,2,1,0,0,1,0,0,WolfWolfNM:WolfBaseClass,,
decomp_further_20260617,chara/npc/monster/yak/yakbaseclass,chara,chara;monster,2,1,0,0,1,0,0,YakBaseClass:MonsterBaseClass,,
decomp_further_20260617,chara/npc/monster/yak/yakfemalenmmob,chara,chara;monster,2,1,0,0,1,0,0,YakFemaleNmMob:YakBaseClass,,
decomp_further_20260617,chara/npc/monster/yak/yakfemalestandard,chara,chara;monster,2,1,0,0,1,0,0,YakFemaleStandard:YakBaseClass,,
decomp_further_20260617,chara/npc/monster/yak/yakmalenm,chara,chara;monster,2,1,0,0,1,0,0,YakMaleNM:YakBaseClass,,
decomp_further_20260617,chara/npc/monster/yak/yakmalenmmob,chara,chara;monster,2,1,0,0,1,0,0,YakMaleNmMob:YakBaseClass,,
decomp_further_20260617,chara/npc/monster/yak/yakmalenmrush,chara,chara;monster,2,1,0,0,1,0,0,YakMaleNMRush:YakBaseClass,,
decomp_further_20260617,chara/npc/monster/yak/yakmalestandard,chara,chara;monster,2,1,0,0,1,0,0,YakMaleStandard:YakBaseClass,,
decomp_further_20260617,chara/npc/monster/yak/yakstandard,chara,chara;monster,2,1,0,0,1,0,0,YakStandard:YakBaseClass,,
decomp_further_20260617,chara/npc/npcbaseclass,chara,chara,250,0,33,17,2,0,32,,,A1_52:_setLockonTarget:3;desktopWidget:cancelAllTarget:3;A1_58:_setLockonTarget:3;A0_42:processUpdateWork:2;A0_51:_callServerOnTalk:2;desktopWidget:isEventLockonCameraEnable:2;A0_57:_callServerOnEmote:2;A0_7:_getExtendedTemporaryGroup:1;A0_19:initForBattleCommon:1;A0_19:initForEventCommon:1;A0_19:initForBattle:1;A0_19:initForEvent:1;A0_25:_callSuperClassFunc:1;A0_25:processTimer:1;A0_42:_callSuperClassFunc:1
decomp_further_20260617,chara/npc/npcbaseclass_battle,chara,chara,34,0,5,0,1,0,0,,,
decomp_further_20260617,chara/npc/npcbaseclass_battletest,chara,chara,1,0,0,0,0,0,0,,,
decomp_further_20260617,chara/npc/npcbaseclass_event,chara,chara,537,0,0,0,0,0,40,,,A0_37:_runCharaScheduler:10;desktopWidget:askForEventMode:8;L3_147:getGrandCompanyRank:4;A0_9:_turnDir:3;A0_9:_waitForTurning:3;A0_6:_getGrandOnExtraStat:1;A0_6:_setGroundOn:1;A2_11:_getPos:1;A0_9:_getPos:1;A0_24:_turnDir:1;A0_33:_waitForTurning:1;A0_34:_turnBack:1;A0_34:_cancelLookAt:1;desktopWidget:showMessage:1;A0_135:_lookAtPosition:1
decomp_further_20260617,chara/npc/npcbaseclass_u,chara,chara,189,0,0,0,0,0,0,,,
decomp_further_20260617,chara/npc/npcdefault,chara,chara,9,1,1,1,1,0,1,NpcDefault:NpcBaseClass,,A0_0:_wait:1
decomp_further_20260617,chara/npc/object/aetheryte/aetherytebaseclass,chara,chara;object,328,1,22,13,1,0,20,AetheryteBaseClass:NpcBaseClass,,desktopWidget:askEventModeWidgetYield:4;worldMaster:ask:2;itemDataSheet:_loadKeyTemporarily:1;itemDataSheet:_getData:1;A0_0:_setGroundOn:1;A0_0:initForEventAsAetheryte:1;A1_4:isUnusedGuildleveById:1;guildleveUISheet:_loadKeyTemporarily:1;A0_3:_isAlive:1;A0_3:getActorClassId:1;guildleveUISheet:_getData:1;A0_34:processGuildleveBoost:1;A0_40:processGuildlevePlaying:1;A0_65:processGuildleveJoin:1;guildleveSheet:_loadKeyTemporarily:1
decomp_further_20260617,chara/npc/object/aetheryte/aetherytebeastchild,chara,chara;object,14,1,2,1,1,0,1,AetheryteBeastChild:NpcBaseClass,,A0_0:initWork:1
decomp_further_20260617,chara/npc/object/aetheryte/aetherytebeastparent,chara,chara;object,16,1,3,2,1,0,1,AetheryteBeastParent:NpcBaseClass,,A0_0:initWork:1
decomp_further_20260617,chara/npc/object/aetheryte/aetherytechild,chara,chara;object,153,1,6,6,1,1,12,AetheryteChild:AetheryteBaseClass,299:aetheryteChild,worldMaster:say:5;worldMaster:ask:4;worldMaster:askRestrictChoices:2;A0_0:_loadTextDataPermanently:1
decomp_further_20260617,chara/npc/object/aetheryte/aetheryteparent,chara,chara;object,600,1,9,6,1,1,168,AetheryteParent:AetheryteBaseClass,303:aetheryteParent,worldMaster:say:139;worldMaster:ask:23;worldMaster:askRestrictChoices:4;A0_2:_loadTextDataPermanently:1;A0_3:showAetheryteTips:1
decomp_further_20260617,chara/npc/object/beasttribesmachine,chara,chara;object,20,1,2,2,1,0,11,BeastTribesMachine:NpcBaseClass,,A0_0:getActorClassId:6;A0_0:_runCharaScheduler:4;A0_0:initWork:1
decomp_further_20260617,chara/npc/object/beasttribesmachine2,chara,chara;object,21,1,2,2,1,0,12,BeastTribesMachine2:NpcBaseClass,,A0_0:getActorClassId:6;A0_0:_runCharaScheduler:4;A0_0:initWork:1;A0_0:_setGroundOn:1
decomp_further_20260617,chara/npc/object/beasttribespoptriger,chara,chara;object,17,1,3,2,1,0,2,BeastTribesPopTriger:NpcBaseClass,,A0_0:initWork:1;A0_5:_runCharaScheduler:1
decomp_further_20260617,chara/npc/object/bggridaniawdkpuzzle,chara,chara;object,9,1,2,2,1,0,0,BgGridaniaWdkPuzzle:NpcBaseClass,,
decomp_further_20260617,chara/npc/object/bgkeepout,chara,chara;object,9,1,2,2,1,0,0,BgKeepout:NpcBaseClass,,
decomp_further_20260617,chara/npc/object/bookshelf,chara,chara;object,253,1,2,1,1,1,8,BookShelf:NpcBaseClass,2733:bookShelf,worldMaster:askRestrictChoices:2;worldMaster:say:2;A0_0:_loadTextDataPermanently:1;A0_0:_setGroundOn:1;A1_2:_isAchievedTrophy:1;A1_2:_achieveTrophy:1
decomp_further_20260617,chara/npc/object/chocobostop,chara,chara;object;caravan,11,1,2,2,1,0,1,ChocoboStop:NpcBaseClass,,A0_0:initWork:1
decomp_further_20260617,chara/npc/object/devicepoint,chara,chara;object,2,1,0,0,1,0,0,DevicePoint:NpcBaseClass,,
decomp_further_20260617,chara/npc/object/elevatorstandard,chara,chara;object,79,1,9,1,1,1,25,ElevatorStandard:NpcBaseClass,2112:elevatorStandard,worldMaster:_getMyPlayer:3;A0_1:playElevatorCutSeane:2;A0_3:playElevatorCutSeane:2;A0_5:playElevatorCutSeane:2;A0_8:playElevatorCutSeane:2;A0_10:playElevatorCutSeane:2;A0_12:playElevatorCutSeane:2;A0_0:_setGroundOn:1;A0_0:_loadTextDataPermanently:1;A0_1:ask:1;A0_3:ask:1;A0_5:ask:1;A0_8:ask:1;A0_10:ask:1;A0_12:ask:1
decomp_further_20260617,chara/npc/object/guildleveareanotice,chara,quest;chara;object,5,1,1,1,1,0,0,GuildleveAreaNotice:NpcBaseClass,,
decomp_further_20260617,chara/npc/object/guildlevebonustreasurebox,chara,quest;chara;object,13,1,3,2,1,0,0,GuildleveBonusTreasureBox:NpcBaseClass,,
decomp_further_20260617,chara/npc/object/guildleveguidepoint,chara,quest;chara;object,8,1,2,2,1,0,0,GuildleveGuidePoint:NpcBaseClass,,
decomp_further_20260617,chara/npc/object/guildlevehiddenpoint,chara,quest;chara;object,8,1,2,2,1,0,0,GuildleveHiddenPoint:NpcBaseClass,,
decomp_further_20260617,chara/npc/object/guildlevesearchpoint,chara,quest;chara;object;search,13,1,3,2,1,0,0,GuildleveSearchPoint:NpcBaseClass,,
decomp_further_20260617,chara/npc/object/guildlevewarppoint,chara,quest;chara;object,278,1,10,3,1,1,8,GuildleveWarpPoint:NpcBaseClass,10:guildleveWarpPoint,worldMaster:askRestrictChoices:2;A0_0:setTempWork:1;A0_0:_loadTextDataPermanently:1;A0_22:getTempWork:1;A0_26:getTempWork:1;guildleveSheet:_loadKeyTemporarily:1;guildleveSheet:_getData:1
decomp_further_20260617,chara/npc/object/marketentrance,chara,chara;object,133,1,3,3,1,0,3,MarketEntrance:NpcBaseClass,,desktopWidget:askItemSearchWidget:2;desktopWidget:askMarketSelectWidget:1
decomp_further_20260617,chara/npc/object/marketmaster,chara,chara;object,5,1,1,1,1,0,0,MarketMaster:NpcBaseClass,,
decomp_further_20260617,chara/npc/object/materiabook,chara,item;chara;object,75,1,2,1,1,1,54,MateriaBook:NpcBaseClass,7592:materiaBook,worldMaster:say:29;worldMaster:ask:12;worldMaster:askRestrictChoices:11;A0_0:_loadTextDataPermanently:1;A0_0:_setGroundOn:1
decomp_further_20260617,chara/npc/object/miningpoint,chara,chara;object,31,1,3,1,1,0,7,MiningPoint:NpcBaseClass,,A0_1:getActorClassId:3;A0_2:getActorClassId:3;A0_0:_setGroundOn:1
decomp_further_20260617,chara/npc/object/musicchange,chara,chara;object,18,1,2,2,1,0,6,MusicChange:NpcBaseClass,,worldMaster:_getMyPlayer:4;A0_0:initWork:1;worldMaster:createCutScene:1
decomp_further_20260617,chara/npc/object/objectairship,chara,chara;object,5,1,1,1,1,0,1,ObjectAirShip:NpcBaseClass,,A0_0:_setGroundOn:1
decomp_further_20260617,chara/npc/object/objectbed,chara,chara;object,133,1,6,3,1,0,23,ObjectBed:NpcBaseClass,,A0_4:getActorClassId:3;A1_5:_waitForFading:2;worldMaster:notify:2;A1_18:_runCharaScheduler:2;A1_18:_wait:2;A0_0:initWork:1;worldMaster:_getMyPlayer:1;A0_2:_setNameplateVisible:1;A1_5:_setPosDirInn:1;desktopWidget:_setTargetCharacter:1;A1_5:_fadeIn:1;A1_5:_runCharaScheduler:1;A1_5:_wait:1;A1_5:_fadeOut:1;A0_11:cancelLogout:1
decomp_further_20260617,chara/npc/object/objectbell,chara,chara;object,16,1,3,2,1,0,1,ObjectBell:NpcBaseClass,,A0_0:initWork:1
decomp_further_20260617,chara/npc/object/objectbigsnowman,chara,chara;object,5,1,1,1,1,0,1,ObjectBigSnowMan:NpcBaseClass,,A0_0:_setGroundOn:1
decomp_further_20260617,chara/npc/object/objecteggpod,chara,chara;object,5,1,1,1,1,0,1,ObjectEggPod:NpcBaseClass,,A0_0:_setGroundOn:1
decomp_further_20260617,chara/npc/object/objecteventdoor,chara,chara;object,8,1,2,2,1,1,2,ObjectEventDoor:NpcBaseClass,200:objectEventDoor,A0_0:_loadTextDataPermanently:1;A0_1:askExtendWidget:1
decomp_further_20260617,chara/npc/object/objectguardiantree,chara,chara;object,9,1,2,2,1,0,0,ObjectGuardianTree:NpcBaseClass,,
decomp_further_20260617,chara/npc/object/objectinndoor,chara,chara;object,13,1,2,0,1,0,2,ObjectInnDoor:NpcBaseClass,,A0_2:askExtendWidget:2
decomp_further_20260617,chara/npc/object/objectitemstorage,chara,item;chara;object,43,1,5,1,1,1,15,ObjectItemStorage:NpcBaseClass,10272:objectItemStorage,desktopWidget:askEventModeWidgetYield:6;worldMaster:ask:4;worldMaster:say:2;A0_0:initWork:1;A0_0:_loadTextDataPermanently:1;A0_0:_setGroundOn:1
decomp_further_20260617,chara/npc/object/objectlimitedtime,chara,chara;object,11,1,2,2,1,0,1,ObjectLimitedTime:NpcBaseClass,,A0_0:initWork:1
decomp_further_20260617,chara/npc/object/objectmapsafety,chara,chara;object,8,1,2,1,1,0,1,ObjectMapsafety:NpcBaseClass,,A0_0:_setGroundOn:1
decomp_further_20260617,chara/npc/object/objectnpclincshellpoint,chara,chara;object,2,1,0,0,1,0,0,ObjectNpcLincShellPoint:NpcBaseClass,,
decomp_further_20260617,chara/npc/object/objectregionjump,chara,chara;object,9,1,2,2,1,0,0,ObjectRegionJump:NpcBaseClass,,
decomp_further_20260617,chara/npc/object/objectship,chara,chara;object,16,1,2,2,1,0,5,ObjectShip:NpcBaseClass,,A0_0:getActorClassId:2;A0_0:_runCharaScheduler:2;A0_0:initWork:1
decomp_further_20260617,chara/npc/object/objectsnowthrowbell,chara,chara;object,5,1,1,1,1,0,1,ObjectSnowThrowBell:NpcBaseClass,,A0_0:_setGroundOn:1
decomp_further_20260617,chara/npc/object/openingstoperf0b1,chara,chara;object,11,1,2,1,1,0,1,OpeningStoperF0B1:NpcBaseClass,,A0_0:_setGroundOn:1
decomp_further_20260617,chara/npc/object/openingstoperw0b1,chara,chara;object,5,1,1,1,1,0,1,OpeningStoperW0B1:NpcBaseClass,,A0_0:_setGroundOn:1
decomp_further_20260617,chara/npc/object/openingtowneventkeeper,chara,chara;object,8,1,2,1,1,0,1,OpeningTownEventKeeper:NpcBaseClass,,A0_0:_setGroundOn:1
decomp_further_20260617,chara/npc/object/taskboard,chara,chara;object,5,1,1,1,1,0,1,TaskBoard:NpcBaseClass,,A0_0:_setGroundOn:1
decomp_further_20260617,chara/npc/object/testobject,chara,chara;object,9,1,2,2,1,0,0,TestObject:NpcBaseClass,,
decomp_further_20260617,chara/npc/object/treasurebox/animatreasurebox,chara,chara;object,17,1,5,4,1,0,3,AnimaTreasureBox:TreasureBoxBaseClass,,A0_4:askExtendWidget:1;A1_6:_runCharaScheduler:1;A1_8:_runCharaScheduler:1
decomp_further_20260617,chara/npc/object/treasurebox/publictreasurebox,chara,chara;object,8,1,2,1,1,0,2,PublicTreasureBox:TreasureBoxBaseClass,,A0_0:_setGroundOn:1;A0_1:askExtendWidget:1
decomp_further_20260617,chara/npc/object/treasurebox/treasureboxbaseclass,chara,chara;object,14,1,2,2,1,0,1,TreasureBoxBaseClass:NpcBaseClass,,A0_0:processInitTreasureBox:1
decomp_further_20260617,chara/npc/object/tutorialbattlestoper,chara,chara;object,5,1,1,1,1,0,1,TutorialBattleStoper:NpcBaseClass,,A0_0:_setGroundOn:1
decomp_further_20260617,chara/npc/populace/populaceachievement,chara,chara;populace;achievement,569,1,5,5,1,1,18,PopulaceAchievement:NpcBaseClass,8000:populaceAchievement,A0_7:say:5;worldMaster:say:3;A0_12:say:2;A0_0:initWork:1;A0_0:_loadTextDataPermanently:1;A0_3:say:1;A0_3:finishCliantTalkTurn:1;A0_7:doSalute:1;A0_12:doSalute:1;A0_20:doSalute:1;A0_20:say:1
decomp_further_20260617,chara/npc/populace/populaceblackmarketeer,chara,chara;populace,392,1,18,13,1,0,16,PopulaceBlackMarketeer:NpcBaseClass,,A0_0:getActorClassId:3;desktopWidget:openEventModeWidgetYield:2;desktopWidget:closeEventModeWidget:2;A0_0:initWork:1;A0_2:_callSuperClassFunc:1;A0_3:_runCharaScheduler:1;A0_3:say:1;A0_16:_runCharaScheduler:1;A0_16:say:1;A0_25:getSheetIndex:1;worldMaster:_getMyPlayer:1;A0_59:finishCliantTalkTurn:1
decomp_further_20260617,chara/npc/populace/populacebountypresenter,chara,chara;populace,126,1,6,6,1,1,109,PopulaceBountyPresenter:NpcBaseClass,8016:populaceBountyPresenter,A0_9:say:16;A0_5:_runCharaScheduler:11;A0_5:_waitForCharaSchedulerFinished:11;A0_9:_runCharaScheduler:10;A0_5:say:9;A0_9:_waitForCharaSchedulerFinished:9;A0_3:_runCharaScheduler:5;A0_3:_waitForCharaSchedulerFinished:5;A0_3:say:4;A0_1:_runCharaScheduler:3;A0_1:_waitForCharaSchedulerFinished:3;worldMaster:say:3;A0_1:say:2;A1_10:_runCharaScheduler:2;A0_9:_wait:2
decomp_further_20260617,chara/npc/populace/populacebranchsvendor,chara,chara;populace,277,1,5,5,1,0,25,PopulaceBranchsVendor:NpcBaseClass,,A0_0:getActorClassId:18;A0_0:initWork:1;A0_0:_setGroundOn:1;A0_2:_callSuperClassFunc:1;A0_3:startCliantTalkTurn:1;A0_3:say:1;desktopWidget:askItemSearchWidget:1;A0_11:finishCliantTalkTurn:1
decomp_further_20260617,chara/npc/populace/populacebsm300mimidoa,chara,chara;populace,5,1,1,1,1,0,1,PopulaceBsm300Mimidoa:NpcBaseClass,,A0_0:_setGroundOn:1
decomp_further_20260617,chara/npc/populace/populacebsmhammer,chara,chara;populace,8,1,2,2,1,0,0,PopulaceBsmHammer:NpcBaseClass,,
decomp_further_20260617,chara/npc/populace/populacecampmaster,chara,chara;populace,573,1,2,2,1,1,4,PopulaceCampMaster:NpcBaseClass,2191:populaceCampMaster,A0_0:initWork:1;A0_0:_loadTextDataPermanently:1;worldMaster:say:1;worldMaster:ask:1
decomp_further_20260617,chara/npc/populace/populacecampsubmaster,chara,chara;populace,308,1,4,2,1,1,58,PopulaceCampSubMaster:NpcBaseClass,1330:populaceCampSubMaster,A0_3:say:54;A0_0:initWork:1;A0_0:_loadTextDataPermanently:1;A1_10:getMoneyOnHand:1;A0_19:finishCliantTalkTurn:1
decomp_further_20260617,chara/npc/populace/populacecaravanadviser,chara,chara;populace;caravan,83,1,7,1,1,1,27,PopulaceCaravanAdviser:NpcBaseClass,7536:populaceCaravanAdviser,A0_6:say:5;A0_1:say:2;A0_6:_runCharaScheduler:2;A0_0:_loadTextDataPermanently:1;A0_0:_setGroundOn:1;A0_1:startCliantTalkTurn:1;A0_1:_runCharaScheduler:1;A0_1:finishCliantTalkTurn:1;worldMaster:askMultipleTextMacro:1;A0_3:_runCharaScheduler:1;A0_3:finishCliantTalkTurn:1;A0_6:finishCliantTalkTurn:1;A0_7:askExtendWidget:1;A0_7:_runCharaScheduler:1;A0_7:finishCliantTalkTurn:1
decomp_further_20260617,chara/npc/populace/populacecaravanguide,chara,chara;populace;caravan,161,1,13,1,1,1,75,PopulaceCaravanGuide:NpcBaseClass,7552:populaceCaravanGuide,A0_3:say:10;A0_3:_runCharaScheduler:5;A0_12:say:4;A0_16:say:4;A0_1:say:2;A0_1:askExtendWidget:2;A0_3:askExtendWidget:2;A0_12:askExtendWidget:2;A0_16:askExtendWidget:2;A0_21:say:2;A0_38:say:2;A0_0:_loadTextDataPermanently:1;A0_0:_setGroundOn:1;A0_1:startCliantTalkTurn:1;A0_1:finishCliantTalkTurn:1
decomp_further_20260617,chara/npc/populace/populacecaravanmanager,chara,chara;populace;caravan,266,1,10,1,1,0,75,PopulaceCaravanManager:NpcBaseClass,,A0_13:say:18;A0_13:_runCharaScheduler:8;A0_2:say:4;A0_22:say:4;A0_41:say:4;A0_2:isUpperRank:2;A0_13:isUpperRank:2;A0_22:isUpperRank:2;worldMaster:say:2;A0_26:say:2;A0_31:say:2;A0_41:isUpperRank:2;A0_41:askExtendWidget:2;A0_0:initWork:1;A0_0:_setGroundOn:1
decomp_further_20260617,chara/npc/populace/populacechocobolender,chara,chara;populace;caravan,581,1,14,13,1,0,132,PopulaceChocoboLender:NpcBaseClass,,A1_62:_waitForFading:10;A0_28:say:6;A1_53:_waitForFading:6;worldMaster:askMultipleTextMacro:5;A1_62:_fadeOut:5;A1_62:_fadeIn:5;A0_0:getActorClassId:4;A0_2:getActorClassId:4;A0_2:say:4;A0_15:getActorClassId:4;A0_28:getActorClassId:4;A0_41:getActorClassId:4;worldMaster:_transformIntoChocobo:4;A0_74:getActorClassId:4;A0_74:say:4
decomp_further_20260617,chara/npc/populace/populacecompanybuffer,chara,chara;populace,140,1,5,5,1,0,23,PopulaceCompanyBuffer:NpcBaseClass,,A0_2:_runCharaScheduler:4;A0_0:getActorClassId:3;A0_2:say:3;worldMaster:say:2;A0_0:initWork:1;A0_0:_setGroundOn:1;worldMaster:askMultipleTextMacro:1;A0_10:say:1;A0_10:_runCharaScheduler:1;A0_10:_wait:1;A1_13:_runCharaScheduler:1;A0_12:_wait:1;A0_12:_runCharaScheduler:1;A0_12:say:1;A0_14:finishCliantTalkTurn:1
decomp_further_20260617,chara/npc/populace/populacecompanyglpublisher,chara,chara;populace,446,1,20,11,1,1,62,PopulaceCompanyGLPublisher:NpcBaseClass,7712:populaceCompanyGLPublisher,A0_8:say:6;worldMaster:say:5;A0_8:_runCharaScheduler:4;desktopWidget:askEventModeWidgetYield:4;A0_5:say:2;A0_10:say:2;A0_25:say:2;A0_26:say:2;A0_42:_wait:2;A0_42:say:2;A0_0:initWork:1;itemDataSheet:_loadKeyTemporarily:1;itemDataSheet:_getData:1;A0_0:_loadTextDataPermanently:1;A0_3:startCliantTalkTurn:1
decomp_further_20260617,chara/npc/populace/populacecompanyguide,chara,chara;populace,258,1,6,6,1,0,42,PopulaceCompanyGuide:NpcBaseClass,,A0_21:say:17;A2_23:_runCharaScheduler:7;A0_0:getActorClassId:3;A2_23:doSalute:3;worldMaster:askRestrictChoices:2;A0_0:initWork:1;A0_0:_setGroundOn:1;A0_2:_runCharaScheduler:1;A0_2:say:1;A0_8:_runCharaScheduler:1;A0_8:say:1;A0_14:startCliantTalkTurn:1;A0_14:_runCharaScheduler:1;A0_14:say:1;A0_35:finishCliantTalkTurn:1
decomp_further_20260617,chara/npc/populace/populacecompanyofficer,chara,chara;populace,595,1,18,18,1,0,112,PopulaceCompanyOfficer:NpcBaseClass,,A0_0:getActorClassId:3;A0_2:getActorClassId:3;worldMaster:say:3;A0_7:getActorClassId:3;A0_10:getActorClassId:3;A0_13:getActorClassId:3;A0_29:getActorClassId:3;A0_29:_runCharaScheduler:3;A0_29:say:3;A0_45:getActorClassId:3;A0_51:getActorClassId:3;A0_55:getActorClassId:3;A0_55:say:3;A0_61:getActorClassId:3;A0_63:getActorClassId:3
decomp_further_20260617,chara/npc/populace/populacecompanyshop,chara,item;chara;populace,1517,1,22,17,1,0,107,PopulaceCompanyShop:NpcBaseClass,,gcSealShopItemSheet:_loadKeySemipermanently:4;A0_0:_preloadItemSpreadSheetContainer:4;gcSealShopItemSheet:_unloadKey:4;A0_23:say:4;A0_0:getActorClassId:3;A0_3:getActorClassId:3;A0_6:getActorClassId:3;A0_6:isUpperRank:3;A0_9:getActorClassId:3;A0_12:isUpperRank:3;A0_17:getActorClassId:3;A0_20:getActorClassId:3;A0_41:getActorClassId:3;A0_41:isUpperRank:3;A0_46:getActorClassId:3
decomp_further_20260617,chara/npc/populace/populacecompanysupply,chara,chara;populace,268,1,12,11,1,0,40,PopulaceCompanySupply:NpcBaseClass,,itemGcExSupplySheet:_loadKeySemipermanently:4;A0_0:_preloadItemSpreadSheetContainer:4;itemGcExSupplySheet:_unloadKey:4;A0_0:getActorClassId:3;A0_3:getActorClassId:3;A0_6:getActorClassId:3;itemGcExSupplySheet:_getData:2;A0_0:initWork:1;A0_0:_setGroundOn:1;A0_2:_releaseItemSpreadSheetContainer:1;A0_2:_callSuperClassFunc:1;A0_3:startCliantTalkTurn:1;A0_3:_runCharaScheduler:1;A0_3:say:1;A0_6:startCliantTalkTurn:1
decomp_further_20260617,chara/npc/populace/populacecompanywarp,chara,chara;populace,202,1,5,5,1,0,39,PopulaceCompanyWarp:NpcBaseClass,,A0_0:getActorClassId:19;A0_2:say:3;A0_2:_runCharaScheduler:2;A0_7:_runCharaScheduler:2;A0_0:initWork:1;A0_0:_setGroundOn:1;A0_2:doSalute:1;A0_2:startCliantTalkTurn:1;A0_2:finishCliantTalkTurn:1;desktopWidget:showLog:1;A0_7:_waitForCharaSchedulerFinished:1;A0_7:_wait:1;A0_7:finishCliantTalkTurn:1;A1_18:_fadeOut:1;A1_18:_waitForFading:1
decomp_further_20260617,chara/npc/populace/populacefactionglworker,chara,chara;populace,1174,1,16,10,1,1,534,PopulaceFactionGLWorker:NpcBaseClass,30:populaceFactionGLWorker,A0_17:say:90;A0_30:say:85;A0_10:say:63;A0_3:say:56;A0_17:_runCharaScheduler:53;A0_30:_runCharaScheduler:41;A0_3:_runCharaScheduler:32;A0_10:_runCharaScheduler:21;A0_24:say:21;A0_27:say:17;A0_24:_runCharaScheduler:11;A0_27:_runCharaScheduler:10;A0_34:say:6;A0_17:startCliantTalkTurn:2;A0_17:_wait:2
decomp_further_20260617,chara/npc/populace/populaceflyingship,chara,chara;populace,136,1,4,4,1,1,20,PopulaceFlyingShip:NpcBaseClass,7620:populaceFlyingShip,A0_6:say:3;A0_15:say:3;worldMaster:askMultipleTextMacro:2;A0_15:finishCliantTalkTurn:2;A0_0:initWork:1;A0_0:_setGroundOn:1;A0_0:_loadTextDataPermanently:1;A0_6:finishCliantTalkTurn:1;A0_15:startCliantTalkTurn:1;worldMaster:say:1;worldMaster:ask:1;A0_18:startCliantTalkTurn:1;A0_18:say:1;A0_18:finishCliantTalkTurn:1
decomp_further_20260617,chara/npc/populace/populaceglkeyperson,chara,chara;populace,98,1,4,4,1,1,59,PopulaceGLKeyPerson:NpcBaseClass,3341:populaceGLKeyPerson,A0_2:say:20;A0_2:_runCharaScheduler:9;A0_5:say:6;A0_8:say:6;A0_5:_runCharaScheduler:5;A0_8:_runCharaScheduler:3;A0_0:initWork:1;A0_0:_setGroundOn:1;A0_0:_loadTextDataPermanently:1;A0_2:startCliantTalkTurn:1;A0_2:finishCliantTalkTurn:1;A0_5:startCliantTalkTurn:1;A0_5:_wait:1;A0_5:finishCliantTalkTurn:1;A0_8:startCliantTalkTurn:1
decomp_further_20260617,chara/npc/populace/populacegmeventsage,chara,chara;populace,35,1,4,1,1,1,25,PopulaceGMEventSage:NpcBaseClass,9952:populaceGMEventSage,A0_3:say:10;A0_1:say:5;A0_5:say:2;A0_0:_setGroundOn:1;A0_0:_loadTextDataPermanently:1;A0_1:startCliantTalkTurn:1;A0_1:finishCliantTalkTurn:1;A0_3:startCliantTalkTurn:1;A0_3:finishCliantTalkTurn:1;A0_5:startCliantTalkTurn:1;A0_5:finishCliantTalkTurn:1
decomp_further_20260617,chara/npc/populace/populacegmeventsagecryer,chara,chara;populace,37,1,3,1,1,1,17,PopulaceGMEventSageCryer:NpcBaseClass,9956:populaceGMEventSageCryer,A0_1:say:8;A0_4:say:3;A0_0:_setGroundOn:1;A0_0:_loadTextDataPermanently:1;A0_1:startCliantTalkTurn:1;A0_1:finishCliantTalkTurn:1;A0_4:startCliantTalkTurn:1;A0_4:finishCliantTalkTurn:1
decomp_further_20260617,chara/npc/populace/populacegmeventtelepogatein,chara,chara;populace,12,1,2,1,1,1,6,PopulaceGMEventTelepoGateIn:NpcBaseClass,7952:populaceGMEventTelepoGateIn,A0_0:_setGroundOn:1;A0_0:_loadTextDataPermanently:1;A0_1:startCliantTalkTurn:1;worldMaster:say:1;A0_1:finishCliantTalkTurn:1;A0_1:askExtendWidget:1
decomp_further_20260617,chara/npc/populace/populacegmeventtelepogateout,chara,chara;populace,12,1,2,1,1,1,6,PopulaceGMEventTelepoGateOut:NpcBaseClass,7968:populaceGMEventTelepoGateOut,A0_0:_setGroundOn:1;A0_0:_loadTextDataPermanently:1;A0_1:startCliantTalkTurn:1;worldMaster:say:1;A0_1:finishCliantTalkTurn:1;A0_1:askExtendWidget:1
decomp_further_20260617,chara/npc/populace/populacegmeventtelepolure,chara,chara;populace,13,1,2,1,1,1,7,PopulaceGMEventTelepoLure:NpcBaseClass,7920:populaceGMEventTelepoLure,A0_1:say:3;A0_0:_setGroundOn:1;A0_0:_loadTextDataPermanently:1;A0_1:startCliantTalkTurn:1;A0_1:finishCliantTalkTurn:1
decomp_further_20260617,chara/npc/populace/populacegmeventteleporeception,chara,chara;populace,60,1,7,1,1,1,18,PopulaceGMEventTelepoReception:NpcBaseClass,7984:populaceGMEventTelepoReception,A0_5:say:2;A0_0:_setGroundOn:1;A0_0:_loadTextDataPermanently:1;A0_1:finishCliantTalkTurn:1;A0_5:finishCliantTalkTurn:1;A0_7:say:1;A0_7:finishCliantTalkTurn:1;A0_9:startCliantTalkTurn:1;A0_9:say:1;A0_9:finishCliantTalkTurn:1;A0_11:startCliantTalkTurn:1;A0_11:say:1;A0_11:finishCliantTalkTurn:1;A0_13:startCliantTalkTurn:1;A0_13:say:1
decomp_further_20260617,chara/npc/populace/populacegmeventtelepotowncryer,chara,chara;populace,13,1,2,1,1,1,7,PopulaceGMEventTelepoTownCryer:NpcBaseClass,7936:populaceGMEventTelepoTownCryer,A0_1:say:3;A0_0:_setGroundOn:1;A0_0:_loadTextDataPermanently:1;A0_1:startCliantTalkTurn:1;A0_1:finishCliantTalkTurn:1
decomp_further_20260617,chara/npc/populace/populacegmeventtownreporter,chara,chara;populace,126,1,7,1,1,1,26,PopulaceGMEventTownReporter:NpcBaseClass,7904:populaceGMEventTownReporter,A0_1:say:3;A0_5:say:3;A0_7:say:3;A0_11:say:3;A0_13:say:3;A0_17:say:3;A0_0:_setGroundOn:1;A0_0:_loadTextDataPermanently:1;A0_5:startCliantTalkTurn:1;A0_5:finishCliantTalkTurn:1;A0_11:startCliantTalkTurn:1;A0_11:finishCliantTalkTurn:1;A0_17:startCliantTalkTurn:1;A0_17:finishCliantTalkTurn:1
decomp_further_20260617,chara/npc/populace/populaceguildlevepublisher,chara,quest;chara;populace,859,1,19,11,1,1,33,PopulaceGuildlevePublisher:NpcBaseClass,339:populaceGuildlevePublisher,worldMaster:askRestrictChoices:7;desktopWidget:askGuildleveSelectPackNumber:3;worldMaster:ask:3;desktopWidget:askJournalDetailWidget:2;desktopWidget:askGuildleveChangeCard:2;A0_0:initWork:1;A0_0:_loadTextDataPermanently:1;A0_0:_setGroundOn:1;guildleveSheet:_loadKeyTemporarily:1;guildleveSheet:_getData:1;A0_43:say:1;A0_55:say:1;A0_56:say:1;A0_58:say:1;worldMaster:say:1
decomp_further_20260617,chara/npc/populace/populaceguildlevetester,chara,quest;chara;populace,296,1,15,8,1,0,3,PopulaceGuildleveTester:NpcBaseClass,,desktopWidget:askEventModeWidgetYield:3
decomp_further_20260617,chara/npc/populace/populacehalloweentrans,chara,chara;populace,50,1,8,1,1,1,19,PopulaceHalloweenTrans:NpcBaseClass,7696:populaceHalloweenTrans,A0_5:say:7;A0_3:say:4;A0_14:say:2;A0_16:say:2;A0_0:_setGroundOn:1;A0_0:_loadTextDataPermanently:1;A0_1:say:1;desktopWidget:askForEventMode:1
decomp_further_20260617,chara/npc/populace/populacehamletbreeder,chara,chara;populace;hamlet,74,1,7,2,1,1,44,PopulaceHamletBreeder:NpcBaseClass,1334:populaceHamletBreeder,A0_3:say:14;A0_3:getActorClassId:8;A0_5:getActorClassId:8;A0_5:say:8;A0_0:initWork:1;A0_0:_loadTextDataPermanently:1;A0_3:startCliantTalkTurn:1;A0_3:finishCliantTalkTurn:1;A0_5:startCliantTalkTurn:1;A0_5:finishCliantTalkTurn:1
decomp_further_20260617,chara/npc/populace/populacehamletcaptain,chara,chara;populace;hamlet,229,1,10,5,1,1,23,PopulaceHamletCaptain:NpcBaseClass,10160:PopulaceHamletCaptain,A0_3:sayText:5;desktopWidget:askForEventMode:4;A0_0:getActorClassId:3;A0_3:finishCliantTalkTurn:2;A0_5:sayText:2;A0_0:_setGroundOn:1;A0_0:_loadTextDataPermanently:1;A0_3:startCliantTalkTurn:1;A0_5:startCliantTalkTurn:1;A0_7:sayText:1;A0_11:finishCliantTalkTurn:1;A0_18:say:1
decomp_further_20260617,chara/npc/populace/populacehamletpushevent,chara,chara;populace;hamlet,275,1,10,3,1,0,73,PopulaceHamletPushEvent:NpcBaseClass,,A0_7:sayText:16;worldMaster:say:14;A1_24:getStateMainSkill:12;A0_0:getActorClassId:11;A0_13:sayText:5;A0_17:getCraftItemID:5;A0_7:finishCliantTalkTurn:3;A0_1:initWork:1;A0_1:initTypeWork:1;A0_7:startCliantTalkTurn:1;A0_13:finishCliantTalkTurn:1;A0_20:getCrafterType:1;A0_25:_runCharaScheduler:1;A0_25:say:1
decomp_further_20260617,chara/npc/populace/populacehamletsupply,chara,chara;populace;hamlet,174,1,14,8,1,1,9,PopulaceHamletSupply:NpcBaseClass,10192:populaceHamletSupply,desktopWidget:openEventModeWidgetYield:2;desktopWidget:closeEventModeWidget:2;desktopWidget:getChildWidgetByWindowName:2;A0_0:_setGroundOn:1;A0_0:_loadTextDataPermanently:1;worldMaster:_getMyPlayer:1
decomp_further_20260617,chara/npc/populace/populacehiddenpoint,chara,chara;populace,10,1,2,1,1,0,1,PopulaceHiddenPoint:NpcBaseClass,,A0_0:_setGroundOn:1
decomp_further_20260617,chara/npc/populace/populaceitemrepairer,chara,item;chara;populace,383,1,7,2,1,1,47,PopulaceItemRepairer:NpcBaseClass,2204:populaceItemRepairer,worldMaster:say:24;A0_3:say:15;A0_0:initWork:1;A0_0:_loadTextDataPermanently:1;A0_0:_setGroundOn:1;desktopWidget:askForEventMode:1;A0_15:askExtendWidget:1;A1_33:getMoneyOnHand:1;A1_47:getMoneyOnHand:1;A0_56:finishCliantTalkTurn:1
decomp_further_20260617,chara/npc/populace/populacenmreward,chara,chara;populace,947,1,4,4,1,1,51,PopulaceNMReward:NpcBaseClass,3325:populaceNMReward,A0_1:say:25;A0_1:_runCharaScheduler:8;A0_17:say:5;A0_17:_runCharaScheduler:2;A0_0:_loadTextDataPermanently:1;worldMaster:say:1;A0_1:askExtendWidget:1;A0_15:startCliantTalkTurn:1;A0_15:say:1;A0_15:_runCharaScheduler:1;A0_15:finishCliantTalkTurn:1;A0_17:startCliantTalkTurn:1;desktopWidget:openPublicInformDialogWidget:1;worldMaster:notify:1;A0_17:finishCliantTalkTurn:1
decomp_further_20260617,chara/npc/populace/populacenmrushguide,chara,chara;populace,110,1,8,8,1,1,23,PopulaceNMRushGuide:NpcBaseClass,10608:populaceNMRushGuide,A0_4:say:2;worldMaster:say:2;A0_0:_loadTextDataPermanently:1;A0_0:_setGroundOn:1;A0_1:finishCliantTalkTurn:1;A0_1:askForCustomizeOption:1;A0_4:startCliantTalkTurn:1;A0_4:_runCharaScheduler:1;A0_4:finishCliantTalkTurn:1;A0_6:finishCliantTalkTurn:1;A0_6:askForCustomizeOption:1;A0_9:finishCliantTalkTurn:1;A0_9:askForCustomizeOption:1;A0_12:finishCliantTalkTurn:1;A0_12:askForCustomizeOption:1
decomp_further_20260617,chara/npc/populace/populacepassiveglpublisher,chara,chara;populace,268,1,21,4,1,1,27,PopulacePassiveGLPublisher:NpcBaseClass,509:populacePassiveGLPublisher,desktopWidget:askForEventMode:3;A0_39:say:3;A0_44:say:3;A0_47:say:3;A1_52:getGuildleveQuest:2;worldMaster:ask:2;A0_7:initWork:1;A0_7:_loadTextDataPermanently:1;A0_7:_setGroundOn:1;desktopWidget:askGuildleveSelectPackNumber:1;A0_19:getMaxRankBand:1;A0_34:askExtendWidget:1;A0_37:askExtendWidget:1;A0_50:finishCliantTalkTurn:1;desktopWidget:askJournalDetailWidget:1
decomp_further_20260617,chara/npc/populace/populacesageleader,chara,chara;populace,5,1,1,1,1,0,1,PopulaceSageLeader:NpcBaseClass,,A0_0:_setGroundOn:1
decomp_further_20260617,chara/npc/populace/populacesmbsm306,chara,chara;populace,5,1,1,1,1,0,1,PopulacesmBsm306:NpcBaseClass,,A0_0:_setGroundOn:1
decomp_further_20260617,chara/npc/populace/populacesnpcstandard,chara,chara;populace,2,1,0,0,1,0,0,PopulaceSnpcStandard:NpcBaseClass,,
decomp_further_20260617,chara/npc/populace/populacespecialeventcryer,chara,quest;chara;populace,139,1,6,6,1,1,74,PopulaceSpecialEventCryer:NpcBaseClass,6688:populaceSpecialEventCryer,worldMaster:say:9;A0_1:getActorClassId:6;A0_1:_runCharaScheduler:6;A0_1:_wait:6;A0_1:say:6;A0_7:say:6;A0_4:_runCharaScheduler:3;A0_4:say:3;A0_7:doSalute:3;A0_7:_wait:3;A0_7:_runCharaScheduler:3;A0_7:askExtendWidget:3;A0_17:_runCharaScheduler:3;A0_17:say:3;A0_0:_loadTextDataPermanently:1
decomp_further_20260617,chara/npc/populace/populacestandard,chara,chara;populace,5,1,1,1,1,0,1,PopulaceStandard:NpcBaseClass,,A0_0:_setGroundOn:1
decomp_further_20260617,chara/npc/populace/populacesumfes,chara,chara;populace,73,1,4,4,1,1,20,PopulaceSumFes:NpcBaseClass,7216:populaceSumFes,desktopWidget:showMessage:9;A0_1:finishCliantTalkTurn:3;A0_0:_loadTextDataPermanently:1;A0_0:getActorClassId:1;A0_0:_setGroundOn:1;A0_1:startCliantTalkTurn:1;A0_4:startCliantTalkTurn:1;A0_4:finishCliantTalkTurn:1;A0_7:startCliantTalkTurn:1;A0_7:finishCliantTalkTurn:1
decomp_further_20260617,chara/npc/populace/populaceswimsuit2011,chara,chara;populace,6,1,1,1,1,1,2,PopulaceSwimSuit2011:NpcBaseClass,7376:populaceSwimSuit2011,A0_0:_loadTextDataPermanently:1;A0_0:_setGroundOn:1
decomp_further_20260617,chara/npc/populace/populacetowncryer,chara,chara;populace,789,1,25,1,1,1,139,PopulaceTownCryer:NpcBaseClass,5939:populaceTownCryer,A0_83:say:12;A0_87:say:12;A0_35:say:11;A0_75:say:11;A0_79:say:11;A0_91:say:11;A0_95:say:11;A0_9:say:5;A0_41:say:5;A0_22:say:4;A0_35:finishCliantTalkTurn:4;A0_54:say:4;A0_1:askExtendWidget:3;A0_35:askExtendWidget:3;A0_71:say:3
decomp_further_20260617,chara/npc/populace/populacetutorial,chara,chara;populace,2,1,0,0,1,0,0,PopulaceTutorial:NpcBaseClass,,
decomp_further_20260617,chara/npc/populace/populacetutorialstopper,chara,chara;populace,2,1,0,0,1,0,0,PopulaceTutorialStopper:NpcBaseClass,,
decomp_further_20260617,chara/npc/populace/populacevalentmaster,chara,chara;populace,313,1,44,1,1,1,151,PopulaceValentMaster:NpcBaseClass,8032:populaceValentMaster,worldMaster:say:23;A0_112:getActorClassId:9;A0_27:say:5;A0_38:say:5;A0_50:say:5;A0_1:say:4;A0_47:say:4;A0_22:say:3;A0_38:_runCharaScheduler:3;A0_79:say:3;A0_1:_runCharaScheduler:2;A0_5:say:2;A0_13:say:2;A0_45:askExtendWidget:2;A0_47:_runCharaScheduler:2
decomp_further_20260617,chara/npc/populace/populacewaveattack,chara,chara;populace,79,1,7,1,1,1,17,PopulaceWaveAttack:NpcBaseClass,7200:populaceWaveAttack,A0_1:finishCliantTalkTurn:2;A0_9:say:2;A0_0:_setGroundOn:1;A0_0:_loadTextDataPermanently:1;A0_1:say:1;A0_5:say:1;A0_5:finishCliantTalkTurn:1;A0_7:say:1;A0_7:finishCliantTalkTurn:1;A0_13:startCliantTalkTurn:1;A0_13:say:1;A0_13:finishCliantTalkTurn:1;A0_15:startCliantTalkTurn:1;A0_15:say:1;A0_15:finishCliantTalkTurn:1
decomp_further_20260617,chara/npc/populace/populacewaveattackcryer,chara,chara;populace,348,1,13,1,1,1,32,PopulaceWaveAttackCryer:NpcBaseClass,7568:populaceWaveAttackCryer,A0_1:say:3;A0_5:say:3;A0_17:say:3;A0_21:say:3;A0_33:say:3;A0_37:say:3;A0_9:say:2;A0_13:say:2;A0_25:say:2;A0_29:say:2;A0_41:say:2;A0_45:say:2;A0_0:_setGroundOn:1;A0_0:_loadTextDataPermanently:1
decomp_further_20260617,chara/npc/populace/populaceyukata,chara,chara;populace,119,1,5,5,1,0,35,PopulaceYukata:NpcBaseClass,,worldMaster:say:6;A0_2:say:5;A0_4:_runCharaScheduler:5;A0_4:say:5;worldMaster:_getMyPlayer:2;A0_9:_getPos:2;A0_0:initWork:1;A0_2:startCliantTalkTurn:1;A0_2:askExtendWidget:1;A0_2:finishCliantTalkTurn:1;A0_4:startCliantTalkTurn:1;A0_4:finishCliantTalkTurn:1;A0_7:startCliantTalkTurn:1;A0_7:say:1;A0_7:finishCliantTalkTurn:1
decomp_further_20260617,chara/npc/populace/shop/populaceguildshop,chara,item;chara;populace,398,1,7,0,1,1,124,PopulaceGuildShop:ShopBaseClass,2208:populaceGuildShop,A0_25:say:54;A0_41:say:54;worldMaster:say:8;worldMaster:askMultipleTextMacro:3;worldMaster:ask:2;A0_0:_loadTextDataPermanently:1;desktopWidget:getChildWidgetByWindowName:1;A0_41:startCliantTalkTurn:1
decomp_further_20260617,chara/npc/populace/shop/populaceshopmateriaremover,chara,item;chara;populace,108,1,11,0,1,1,44,PopulaceShopMateriaRemover:ShopBaseClass,7588:populaceShopMateriaRemover,A0_5:_runCharaScheduler:4;A0_5:say:4;A0_5:_waitForCharaSchedulerFinished:4;worldMaster:say:4;desktopWidget:getEventModeWidget:3;desktopWidget:closeEventModeWidget:2;desktopWidget:selectEventModeWidgetYield:2;A0_0:_loadTextDataPermanently:1;A0_1:startCliantTalkTurn:1;A0_1:_runCharaScheduler:1;A0_1:say:1;A0_1:_waitForCharaSchedulerFinished:1;A0_3:askRestrictChoices:1;A0_5:askExtendWidget:1;A0_9:_runCharaScheduler:1
decomp_further_20260617,chara/npc/populace/shop/populaceshopsalesman,chara,item;chara;populace,284,1,13,0,1,1,126,PopulaceShopSalesman:ShopBaseClass,565:populaceShopSalesman,A0_47:say:48;A0_47:askExtendWidget:32;desktopWidget:askForEventMode:17;worldMaster:say:13;A0_1:say:3;A0_30:askExtendWidget:2;A0_0:_loadTextDataPermanently:1;A0_1:startCliantTalkTurn:1;A0_6:startTutorialCompatibility:1;A0_6:startTutorialConsumption:1;A0_13:startTutorialCompatibility:1;A0_13:startTutorialConsumption:1;A0_17:startTutorialCompatibility:1;A0_17:startTutorialConsumption:1;A0_21:askExtendWidget:1
decomp_further_20260617,chara/npc/populace/shop/shopbaseclass,chara,item;chara;populace,137,1,16,1,1,0,16,ShopBaseClass:NpcBaseClass,,A0_4:getShopBaseDetail:4;desktopWidget:openEventModeWidgetYield:2;desktopWidget:closeEventModeWidget:2;A0_6:_setGroundOn:1;A0_6:initForShop:1;A1_25:_getItem:1;A0_33:startCliantTalkTurn:1;A0_33:say:1;desktopWidget:getChildWidgetByWindowName:1;A0_46:finishCliantTalkTurn:1;A0_47:getShopBaseDetail:1
decomp_further_20260617,chara/npc/savenpc/companycottagesavenpc,chara,chara,13,1,1,1,1,0,0,CompanyCottageSaveNpc:SaveNpcBaseClass,,
decomp_further_20260617,chara/npc/savenpc/companyshipsavenpc,chara,chara,13,1,1,1,1,0,0,CompanyShipSaveNpc:SaveNpcBaseClass,,
decomp_further_20260617,chara/npc/savenpc/savenpcbaseclass,chara,chara,29,1,3,2,1,0,0,SaveNpcBaseClass:NpcBaseClass,,
decomp_further_20260617,chara/player/player,chara,chara;player,33,0,2,1,1,0,5,,,A0_0:isMyPlayer:1;A0_0:_bindWork:1;A0_6:canRequestInformation:1;A0_6:_updateWork:1;A0_6:recordRequestInformation:1
decomp_further_20260617,chara/player/player_work,chara,chara;player,505,0,0,0,0,0,1,,,A0_123:getSkillPointMax:1
decomp_further_20260617,chara/player/playerbaseclass,chara,chara;player,1278,0,77,24,4,0,156,,,A0_42:_bindWork:20;A0_9:_isEventPlaying:12;A0_42:_setTouchAttribute:6;worldMaster:_getServerTime:6;desktopWidget:_appendLogPool:5;desktopWidget:openWarningInformDialogWidget:5;A0_225:_getAllGroup:4;tribeSheet:_getData:3;desktopWidget:closeAllEventModeWidget:3;gcRankSheet:_loadKeyTemporarily:2;gcRankSheet:_getData:2;A0_42:isMyPlayer:2;A0_64:_callSuperClassFunc:2;A0_64:searchReadyCommand:2;A0_79:_executeCommand:2
decomp_further_20260617,chara/player/playerbaseclass_cliprog,chara,chara;player,124,0,0,0,0,0,6,,,A0_10:_getGroup:3;A0_11:_getGroup:3
decomp_further_20260617,chara/player/playerbaseclass_craft,chara,item;chara;player,1,0,0,0,0,0,0,,,
decomp_further_20260617,chara/player/playerbaseclass_harvest,chara,chara;player,1,0,0,0,0,0,0,,,
decomp_further_20260617,chara/player/playerbaseclass_negotiation,chara,chara;player,1,0,0,0,0,0,0,,,
decomp_further_20260617,chara/player/playerbaseclass_u,chara,chara;player,753,0,0,0,0,0,0,,,
decomp_further_20260617,command/autoattacktargetchangecommand,command,command,7,1,1,1,1,0,0,AutoAttackTargetChangeCommand:CommandBaseClass,,
decomp_further_20260617,command/changejobcommand,command,command,7,1,1,0,1,0,0,ChangeJobCommand:GameCommandBaseClass,,
decomp_further_20260617,command/commandbaseclass,command,command,134,0,0,0,0,0,15,,,A0_2:_getStaticActorID:1;commandSheet:_getData:1;A0_5:getCommandData:1;A0_6:getCommandData:1;A0_7:getCommandData:1;A0_8:getCommandData:1;A0_9:getCommandData:1;A0_10:getCommandData:1;A0_11:getCommandData:1;A0_12:getCommandData:1;A0_13:getCommandData:1;commandSheet:_loadKeySemipermanently:1;A0_20:init:1;commandSheet:_unloadKey:1;A0_24:processFinalize:1
decomp_further_20260617,command/debuginputcommand,command,command;debug,48,1,1,0,1,0,3,DebugInputCommand:CommandBaseClass,,worldMaster:_printDebugLog:2;debug:getDebugName:1
decomp_further_20260617,command/equipabilitycommand,command,command,17,1,3,0,1,0,0,EquipAbilityCommand:GameCommandBaseClass,,
decomp_further_20260617,command/equipcommand,command,command,12,1,2,0,1,0,0,EquipCommand:GameCommandBaseClass,,
decomp_further_20260617,command/game/ability/ability,command,command,2,1,0,0,1,0,0,Ability:AbilityBaseClass,,
decomp_further_20260617,command/game/ability/abilitybaseclass,command,command,12,1,2,0,1,0,0,AbilityBaseClass:BattleCommandBaseClass,,
decomp_further_20260617,command/game/ability/attackability,command,command,2,1,0,0,1,0,0,AttackAbility:AbilityBaseClass,,
decomp_further_20260617,command/game/ability/cmnability,command,command,40,1,2,0,1,0,1,CmnAbility:AbilityBaseClass,,A0_0:getCommandParam3:1
decomp_further_20260617,command/game/ability/cmncrafterability,command,command;item,38,1,3,0,1,0,0,CmnCrafterAbility:AbilityBaseClass,,
decomp_further_20260617,command/game/ability/gathererstealthability,command,command,54,1,8,1,1,0,0,GathererStealthAbility:AbilityBaseClass,,
decomp_further_20260617,command/game/ability/monsterability,command,command,2,1,0,0,1,0,0,MonsterAbility:AbilityBaseClass,,
decomp_further_20260617,command/game/ability/monstersubstatability,command,command,8,1,1,0,1,0,5,MonsterSubStatAbility:AbilityBaseClass,,A0_0:getCommandId:5
decomp_further_20260617,command/game/ability/pointsearchability,command,command;search,7,1,1,0,1,0,0,PointSearchAbility:AbilityBaseClass,,
decomp_further_20260617,command/game/acnitemcreatecommand,command,command;item,2,1,0,0,1,0,0,AcnItemCreateCommand:GameCommandBaseClass,,
decomp_further_20260617,command/game/acnitemputcommand,command,command;item,2,1,0,0,1,0,0,AcnItemPutCommand:GameCommandBaseClass,,
decomp_further_20260617,command/game/activatecommand,command,command,33,1,4,1,1,0,4,ActivateCommand:GameCommandBaseClass,,A0_4:getCommandId:2;A1_5:_getActorMainStat:2
decomp_further_20260617,command/game/arrowreloadcommand,command,command,2,1,0,0,1,0,0,ArrowReloadCommand:BattleCommandBaseClass,,
decomp_further_20260617,command/game/arrowstockcommand,command,command,2,1,0,0,1,0,0,ArrowStockCommand:BattleCommandBaseClass,,
decomp_further_20260617,command/game/attackcommand,command,command,208,1,14,1,1,0,15,AttackCommand:BattleCommandBaseClass,,A0_1:getCommandId:6;A3_48:getHPMax:2;A0_0:isMagicMissileCommand:1;A1_30:getWeaponLongRangeInformation:1;A0_34:getCommandId:1;A0_35:getCommandId:1;A0_35:isAttackCommand:1;A0_36:isMagicMissileCommand:1;A0_36:getEffectRange:1
decomp_further_20260617,command/game/basic/garudaothers,command,command,2,1,0,0,1,0,0,GarudaOthers:BattleCommandBaseClass,,
decomp_further_20260617,command/game/basic/monsterattackcommand,command,command,106,1,10,1,1,0,7,MonsterAttackCommand:BattleCommandBaseClass,,A0_32:getRangeAngle:2;A0_32:getEffectRange:2;A1_26:getWeaponLongRangeInformation:1;A1_33:getAttackRangeShape:1;A0_32:getRangeRotate:1
decomp_further_20260617,command/game/basic/monsterothers,command,command,2,1,0,0,1,0,0,MonsterOthers:BattleCommandBaseClass,,
decomp_further_20260617,command/game/basic/monsterrangeattack,command,command,12,1,2,0,1,0,0,MonsterRangeAttack:BattleCommandBaseClass,,
decomp_further_20260617,command/game/basic/monstershieldcommand,command,command,7,1,1,0,1,0,0,MonsterShieldCommand:BattleCommandBaseClass,,
decomp_further_20260617,command/game/basic/monstersubstatothers,command,command,2,1,0,0,1,0,0,MonsterSubStatOthers:BattleCommandBaseClass,,
decomp_further_20260617,command/game/battlecommandbaseclass,command,command,59,1,10,1,1,0,5,BattleCommandBaseClass:GameCommandBaseClass,,A0_2:isAttackCommand:1;A0_2:isMagicMissileCommand:1;A0_2:isAbilityCommand:1;A0_2:isMagicCommand:1;A0_2:isWeaponSkillCommand:1
decomp_further_20260617,command/game/bewarecommand,command,command,12,1,2,0,1,0,0,BewareCommand:GameCommandBaseClass,,
decomp_further_20260617,command/game/bonuspointcommand,command,command,60,1,3,1,1,0,0,BonusPointCommand:SystemCommandBaseClass,,
decomp_further_20260617,command/game/boostpointcommand,command,command,13,1,2,1,1,0,0,BoostPointCommand:GameCommandBaseClass,,
decomp_further_20260617,command/game/changeequipsetcommand,command,command,12,1,2,0,1,0,0,ChangeEquipSetCommand:GameCommandBaseClass,,
decomp_further_20260617,command/game/combinationmanagementcommand,command,command,12,1,2,0,1,0,0,CombinationManagementCommand:GameCommandBaseClass,,
decomp_further_20260617,command/game/combinationstartcommand,command,command,37,1,6,1,1,0,0,CombinationStartCommand:GameCommandBaseClass,,
decomp_further_20260617,command/game/commandcancelcommand,command,command,12,1,2,0,1,0,0,CommandCancelCommand:GameCommandBaseClass,,
decomp_further_20260617,command/game/constance/cmnconstance,command,command,2,1,0,0,1,0,0,CmnConstance:ConstanceBaseClass,,
decomp_further_20260617,command/game/constance/constancebaseclass,command,command,7,1,1,0,1,0,0,ConstanceBaseClass:BattleCommandBaseClass,,
decomp_further_20260617,command/game/craftcommand,command,command;item,14,1,2,0,1,0,2,CraftCommand:GameCommandBaseClass,,A0_2:getCommandId:2
decomp_further_20260617,command/game/dummycommand,command,command,12,1,2,0,1,0,0,DummyCommand:GameCommandBaseClass,,
decomp_further_20260617,command/game/gamecommandbaseclass,command,command,1189,1,121,17,1,0,237,GameCommandBaseClass:CommandBaseClass,,A0_404:getCommandId:23;A0_19:getGameCommandData:14;A1_20:_getActorMainStat:13;A0_23:getGameCommandData:12;A0_219:canAimForRelation:7;A0_19:getCanCommandErrTextIdForActorStat:5;A5_260:getGrowData:4;A0_370:getCommandHPCost:4;A1_378:getForceCostMPForCaster:4;A1_385:getForceCostTPForCaster:4;A1_390:getForceCastTimeForCaster:4;A0_410:getCommandId:4;A0_413:getCommandId:4;A0_218:canAimForRelation:3;A1_385:getTP:3
decomp_further_20260617,command/game/healingcommand,command,command,7,1,1,0,1,0,0,HealingCommand:GameCommandBaseClass,,
decomp_further_20260617,command/game/highsensecommand,command,command,7,1,1,0,1,0,0,HighsenseCommand:GameCommandBaseClass,,
decomp_further_20260617,command/game/magic/ancientmagic,command,command,53,1,10,0,1,0,0,AncientMagic:MagicBaseClass,,
decomp_further_20260617,command/game/magic/attackmagic,command,command,2,1,0,0,1,0,0,AttackMagic:MagicBaseClass,,
decomp_further_20260617,command/game/magic/cmnabsorptionmagic,command,command,2,1,0,0,1,0,0,CmnAbsorptionMagic:MagicBaseClass,,
decomp_further_20260617,command/game/magic/cmnattackmagic,command,command,40,1,5,0,1,0,1,CmnAttackMagic:MagicBaseClass,,A0_18:getCommandParam3:1
decomp_further_20260617,command/game/magic/cmnbadstatusmagic,command,command;status,17,1,3,0,1,0,0,CmnBadStatusMagic:MagicBaseClass,,
decomp_further_20260617,command/game/magic/cmncuremagic,command,command,41,1,5,0,1,0,1,CmnCureMagic:MagicBaseClass,,A0_15:getCommandParam3:1
decomp_further_20260617,command/game/magic/cmndrainmagic,command,command,74,1,7,2,1,0,1,CmnDrainMagic:MagicBaseClass,,A1_23:isEquippingMagicWeapon:1
decomp_further_20260617,command/game/magic/cmngoodstatusmagic,command,command;status,17,1,3,0,1,0,0,CmnGoodStatusMagic:MagicBaseClass,,
decomp_further_20260617,command/game/magic/cmnremovestatusmagic,command,command;status,2,1,0,0,1,0,0,CmnRemoveStatusMagic:MagicBaseClass,,
decomp_further_20260617,command/game/magic/curegamagic,command,command,2,1,0,0,1,0,0,CuregaMagic:MagicBaseClass,,
decomp_further_20260617,command/game/magic/curemagic,command,command,2,1,0,0,1,0,0,CureMagic:MagicBaseClass,,
decomp_further_20260617,command/game/magic/effectmagic,command,command,2,1,0,0,1,0,0,EffectMagic:MagicBaseClass,,
decomp_further_20260617,command/game/magic/esunamagic,command,command,2,1,0,0,1,0,0,EsunaMagic:MagicBaseClass,,
decomp_further_20260617,command/game/magic/magicbaseclass,command,command,12,1,2,0,1,0,0,MagicBaseClass:BattleCommandBaseClass,,
decomp_further_20260617,command/game/magic/monstersubstatattackmagic,command,command,2,1,0,0,1,0,0,MonsterSubStatAttackMagic:MagicBaseClass,,
decomp_further_20260617,command/game/magic/raisemagic,command,command,17,1,3,2,1,0,0,RaiseMagic:MagicBaseClass,,
decomp_further_20260617,command/game/magic/songmagic,command,command,2,1,0,0,1,0,0,SongMagic:MagicBaseClass,,
decomp_further_20260617,command/game/negotiationcommand,command,command,31,1,5,1,1,0,0,NegotiationCommand:GameCommandBaseClass,,
decomp_further_20260617,command/game/partytargetcommand,command,command;party,46,1,8,3,1,0,0,PartyTargetCommand:GameCommandBaseClass,,
decomp_further_20260617,command/game/prog/chocoboridecommand,command,command;caravan,64,1,5,1,1,0,8,ChocoboRideCommand:ProgCommandBaseClass,,A0_7:_getCurrentAreaMaster:2;A0_7:isGoobbueCommand_:1;A1_8:_isPushingOut:1;A1_21:_fadeOut:1;A1_21:_waitForFading:1;worldMaster:createCutScene:1;A1_21:_fadeInAfterWarp:1
decomp_further_20260617,command/game/prog/equippartsshowhidecommand,command,command,12,1,2,0,1,0,0,EquipPartsShowHideCommand:GameCommandBaseClass,,
decomp_further_20260617,command/game/prog/progcommandbaseclass,command,command,2,1,0,0,1,0,0,ProgCommandBaseClass:GameCommandBaseClass,,
decomp_further_20260617,command/game/resetoccupiedcommand,command,command,17,1,3,1,1,0,0,ResetOccupiedCommand:GameCommandBaseClass,,
decomp_further_20260617,command/game/shielddefencecommand,command,command,7,1,1,0,1,0,0,ShieldDefenceCommand:BattleCommandBaseClass,,
decomp_further_20260617,command/game/shieldeffectcommand,command,command,18,1,3,0,1,0,0,ShieldEffectCommand:GameCommandBaseClass,,
decomp_further_20260617,command/game/shotcommand,command,command,23,1,4,0,1,0,0,ShotCommand:BattleCommandBaseClass,,
decomp_further_20260617,command/game/throwcommand,command,command,27,1,5,0,1,0,0,ThrowCommand:BattleCommandBaseClass,,
decomp_further_20260617,command/game/weaponskill/attackweaponskill,command,command,44,1,3,0,1,0,1,AttackWeaponSkill:WeaponSkillBaseClass,,A0_0:getCommandTargettingMode:1
decomp_further_20260617,command/game/weaponskill/cmnattackweaponskill,command,command,54,1,3,0,1,0,1,CmnAttackWeaponSkill:WeaponSkillBaseClass,,A0_0:getCommandTargettingMode:1
decomp_further_20260617,command/game/weaponskill/devideattackweaponskill,command,command,10,1,2,0,1,0,1,DevideAttackWeaponSkill:WeaponSkillBaseClass,,A0_0:getCommandTargettingMode:1
decomp_further_20260617,command/game/weaponskill/garudaattackweaponskill,command,command,2,1,0,0,1,0,0,GarudaAttackWeaponSkill:WeaponSkillBaseClass,,
decomp_further_20260617,command/game/weaponskill/ifritattackweaponskill,command,command,2,1,0,0,1,0,0,IfritAttackWeaponSkill:WeaponSkillBaseClass,,
decomp_further_20260617,command/game/weaponskill/ifritsubstatweaponskill,command,command,2,1,0,0,1,0,0,IfritSubStatWeaponSkill:WeaponSkillBaseClass,,
decomp_further_20260617,command/game/weaponskill/monsterabsorbweaponskill,command,command,55,1,2,0,1,0,1,MonsterAbsorbWeaponSkill:WeaponSkillBaseClass,,A0_13:getCommandInformation:1
decomp_further_20260617,command/game/weaponskill/monsterattackweaponskill,command,command,470,1,6,0,1,0,4,MonsterAttackWeaponSkill:WeaponSkillBaseClass,,A0_17:getCommandId:2;A0_26:getCommandId:1;A0_30:getCommandId:1
decomp_further_20260617,command/game/weaponskill/monstersubstatweaponskill,command,command,92,1,4,0,1,0,1,MonsterSubStatWeaponSkill:WeaponSkillBaseClass,,A0_15:getCommandId:1
decomp_further_20260617,command/game/weaponskill/monstertest,command,command,89,1,9,1,1,0,2,MonsterTest:GameCommandBaseClass,,A0_38:getCommandInformation:1;A0_41:getCommandInformation:1
decomp_further_20260617,command/game/weaponskill/weaponskillbaseclass,command,command,12,1,2,0,1,0,0,WeaponSkillBaseClass:BattleCommandBaseClass,,
decomp_further_20260617,command/game/weaponskill/whitegeneralattackweaponskill,command,command,2,1,0,0,1,0,0,WhiteGeneralAttackWeaponSkill:WeaponSkillBaseClass,,
decomp_further_20260617,command/itemcommand,command,command;item,13,1,2,1,1,0,1,ItemCommand:CommandBaseClass,,A2_4:canUse:1
decomp_further_20260617,command/system/bazaarcheckcommand,command,retainer;command;system,35,1,4,4,1,0,10,BazaarCheckCommand:SystemCommandBaseClass,,desktopWidget:orderBazaarWidget:3;A1_1:isPlayer:1;A1_1:isMyPlayer:1;A6_6:_isAlive:1;A1_1:isLiving:1;A6_6:isPlayer:1;A6_6:isLiving:1;A1_1:isActiveMode:1
decomp_further_20260617,command/system/bazaardealcommand,command,retainer;command;system,61,1,1,1,1,0,9,BazaarDealCommand:SystemCommandBaseClass,,A1_1:isPlayer:1;A1_1:isMyPlayer:1;A6_6:isPlayer:1;A2_2:isEquipment:1;A2_2:getNormalItemMateriaFreeIndex:1;A2_2:getMateriaAttachedCount:1;A3_3:isEnchantMateria:1;A2_2:_isAlive:1;A1_1:getMoneyOnHand:1
decomp_further_20260617,command/system/bazaartradecommand,command,retainer;command;item;system,11,1,1,1,1,0,2,BazaarTradeCommand:SystemCommandBaseClass,,A1_1:isPlayer:1;A1_1:isMyPlayer:1
decomp_further_20260617,command/system/bazaarundealcommand,command,retainer;command;system,11,1,1,1,1,0,2,BazaarUndealCommand:SystemCommandBaseClass,,A1_1:isPlayer:1;A1_1:isMyPlayer:1
decomp_further_20260617,command/system/checkcommand,command,command;system,11,1,1,1,1,0,1,CheckCommand:SystemCommandBaseClass,,A6_6:isPlayer:1
decomp_further_20260617,command/system/confirmgroupcommand,command,command;group;system,13,1,3,1,1,0,4,ConfirmGroupCommand:SystemCommandBaseClass,,worldMaster:_getMyPlayer:3;A1_1:getConfirmGroupCommandVariation:1
decomp_further_20260617,command/system/confirmgroupcommand_group,command,command;group;system,2,1,0,0,1,0,0,ConfirmGroupCommand:SystemCommandBaseClass,,
decomp_further_20260617,command/system/confirmraisecommand,command,command;system,27,1,3,1,2,0,3,ConfirmRaiseCommand:SystemCommandBaseClass,,worldMaster:_getMyPlayer:3
decomp_further_20260617,command/system/confirmraisecommand_raise,command,command;system,7,1,1,1,1,0,0,ConfirmRaiseCommand:SystemCommandBaseClass,,
decomp_further_20260617,command/system/confirmtradecommand,command,command;item;system,13,1,3,1,1,0,4,ConfirmTradeCommand:SystemCommandBaseClass,,worldMaster:_getMyPlayer:3;A1_1:getConfirmTradeCommandVariation:1
decomp_further_20260617,command/system/confirmwarpcommand,command,command;system,27,1,3,1,2,0,3,ConfirmWarpCommand:SystemCommandBaseClass,,worldMaster:_getMyPlayer:3
decomp_further_20260617,command/system/confirmwarpcommand_warp,command,command;system,11,1,1,1,1,0,2,ConfirmWarpCommand:SystemCommandBaseClass,,A1_1:isActiveMode:1;A1_1:_getActorMainStat:1
decomp_further_20260617,command/system/contentcommand,command,command;system,43,1,8,1,1,0,26,ContentCommand:SystemCommandBaseClass,,worldMaster:_getMyPlayer:16;A1_1:getContentCommandVariation:2;A6_6:isPlayer:2;A0_0:isNoneTarget:1;A0_0:isAllTarget:1;A0_0:isPcTarget:1;A0_0:isNpcTarget:1;A0_0:isPartyTarget:1;A1_1:getPlayerParty:1
decomp_further_20260617,command/system/continuecommand,command,command;system,13,1,3,1,1,0,2,ContinueCommand:SystemCommandBaseClass,,A1_1:getHP:1;worldMaster:_getMyPlayer:1
decomp_further_20260617,command/system/dicecommand,command,command;system,22,1,2,1,1,0,0,DiceCommand:SystemCommandBaseClass,,
decomp_further_20260617,command/system/emotesitcommand,command,command;system,35,1,3,1,1,0,2,EmoteSitCommand:SystemCommandBaseClass,,A1_4:getEmoteSitCommandVariation:1;A0_3:mapActorMainStat:1
decomp_further_20260617,command/system/emotestandardcommand,command,command;system,29,1,2,1,1,0,7,EmoteStandardCommand:SystemCommandBaseClass,,A1_1:_getBelongGrandCompany:3;A1_1:isLiving:1;worldMaster:_getSpecialEventWork:1;A0_11:canFire:1;A1_12:_executeEmote:1
decomp_further_20260617,command/system/itemarrangementcommand,command,command;item;system,7,1,1,1,1,0,0,ItemArrangementCommand:SystemCommandBaseClass,,
decomp_further_20260617,command/system/itemmaterializecommand,command,command;item;system,22,1,3,1,1,0,5,ItemMaterializeCommand:SystemCommandBaseClass,,desktopWidget:getEventModeWidget:2;desktopWidget:openEventModeWidgetYield:1;A0_14:_wait:1;desktopWidget:closeEventModeWidget:1
decomp_further_20260617,command/system/itemmovepackagecommand,command,command;item;system,26,1,1,1,1,0,6,ItemMovePackageCommand:SystemCommandBaseClass,,A1_1:_hasItemPackage:2;A1_1:isPlayer:1;A1_1:isMyPlayer:1;A2_2:_isAlive:1;A2_2:_getPackage:1
decomp_further_20260617,command/system/itemsplitcommand,command,command;item;system,26,1,1,1,1,0,6,ItemSplitCommand:SystemCommandBaseClass,,A1_1:isPlayer:1;A1_1:isMyPlayer:1;A1_1:_hasItemPackage:1;A2_2:_isAlive:1;A2_2:_getPackage:1;A2_2:_countStack:1
decomp_further_20260617,command/system/itemstuffcommand,command,command;item;system,7,1,1,1,1,0,0,ItemStuffCommand:SystemCommandBaseClass,,
decomp_further_20260617,command/system/itemtransfercommand,command,command;item;system,27,1,1,1,1,0,8,ItemTransferCommand:SystemCommandBaseClass,,A1_1:isPlayer:1;A1_1:isRetainer:1;A1_1:isMyPlayer:1;A1_1:_isAlive:1;A6_6:_isAlive:1;A1_1:_hasItemPackage:1;A2_2:_isAlive:1;A2_2:_getPackage:1
decomp_further_20260617,command/system/itemwastecommand,command,command;item;system,14,1,1,1,1,0,3,ItemWasteCommand:SystemCommandBaseClass,,A1_1:isPlayer:1;A1_1:isMyPlayer:1;A1_1:_hasItemPackage:1
decomp_further_20260617,command/system/journalcommand,command,command;system,5,1,1,1,1,0,1,JournalCommand:SystemCommandBaseClass,,A1_1:canRequestInformation:1
decomp_further_20260617,command/system/logineventcommand,command,command;system,147,1,2,1,1,0,6,LoginEventCommand:SystemCommandBaseClass,,worldMaster:createCutScene:2;L15_27:_isAlive:1;L15_27:_delete:1;A1_13:_fadeInAfterWarp:1;A1_13:_fadeIn:1
decomp_further_20260617,command/system/logoutcommand,command,command;system,33,1,4,4,1,0,3,LogoutCommand:SystemCommandBaseClass,,desktopWidget:askForEventMode:1;desktopWidget:askEventModeWidgetYield:1;A1_17:_wait:1
decomp_further_20260617,command/system/macrocommand,command,command;system,36,1,2,1,1,0,3,MacroCommand:SystemCommandBaseClass,,desktopWidget:executeTextCommand:3
decomp_further_20260617,command/system/netstatuserswitchcommand,command,command;status;system,7,1,1,1,1,0,0,NetStatUserSwitchCommand:SystemCommandBaseClass,,
decomp_further_20260617,command/system/partyacceptcommand,command,command;system;party,2,1,0,0,1,0,0,PartyAcceptCommand:SystemCommandBaseClass,,
decomp_further_20260617,command/system/partybreakupcommand,command,command;system;party,11,1,1,1,1,0,2,PartyBreakupCommand:SystemCommandBaseClass,,A1_1:isPartyLeader:1;A1_1:getPlayerParty:1
decomp_further_20260617,command/system/partyinvitecommand,command,command;system;party,53,1,1,1,1,0,1,PartyInviteCommand:SystemCommandBaseClass,,L13_13:_getMemberDisplayName:1
decomp_further_20260617,command/system/partyjoincommand,command,command;system;party,46,1,1,1,1,0,1,PartyJoinCommand:SystemCommandBaseClass,,L13_13:_getMemberDisplayName:1
decomp_further_20260617,command/system/partykickcommand,command,command;system;party,65,1,1,1,1,0,3,PartyKickCommand:SystemCommandBaseClass,,L13_13:_getMemberDisplayName:1;L13_13:_isExistInClientMember:1;L13_13:_getMember:1
decomp_further_20260617,command/system/partyleadercommand,command,command;system;party,65,1,1,1,1,0,3,PartyLeaderCommand:SystemCommandBaseClass,,L13_13:_getMemberDisplayName:1;L13_13:_isExistInClientMember:1;L13_13:_getMember:1
decomp_further_20260617,command/system/partyresigncommand,command,command;system;party,8,1,1,1,1,0,1,PartyResignCommand:SystemCommandBaseClass,,A1_1:getPlayerParty:1
decomp_further_20260617,command/system/placedrivencommand,command,command;system,71,1,4,1,1,0,7,PlaceDrivenCommand:SystemCommandBaseClass,,A1_4:searchReadyCommand:4;A1_4:getPlaceDrivenCommandVariation:1;A1_4:_isTouching:1;worldMaster:_getMyPlayer:1
decomp_further_20260617,command/system/repairequipmentscommand,command,command;item;system,40,1,2,2,1,0,7,RepairEquipmentsCommand:SystemCommandBaseClass,,A1_1:isPlayer:1;A1_1:isMyPlayer:1;A6_6:_isAlive:1;A6_6:isPlayer:1;A1_1:isLiving:1;A6_6:isLiving:1;A1_1:isActiveMode:1
decomp_further_20260617,command/system/repairordercommand,command,command;item;system,20,1,1,1,1,0,3,RepairOrderCommand:SystemCommandBaseClass,,A1_1:isPlayer:1;A1_1:isMyPlayer:1;A1_1:isLiving:1
decomp_further_20260617,command/system/reserveinputoperationcommand,command,command;system,12,1,2,1,1,0,0,ReserveInputOperationCommand:GameCommandBaseClass,,
decomp_further_20260617,command/system/systemcommandbaseclass,command,command;system,7,1,1,0,1,0,0,SystemCommandBaseClass:CommandBaseClass,,
decomp_further_20260617,command/system/talkcommand,command,command;system,30,1,2,1,1,0,8,TalkCommand:SystemCommandBaseClass,,A1_1:isActiveMode:1;A1_1:_isActorMainStatMode:1;A1_1:isLiving:1;A1_1:_canExecuteTalk:1;A6_17:getLimitedDistanceForTalk:1;math:distance:1;worldMaster:alert:1;A1_12:_executeTalk:1
decomp_further_20260617,command/system/teleportcommand,command,command;system,365,1,4,4,1,0,10,TeleportCommand:SystemCommandBaseClass,,A1_1:isLiving:2;desktopWidget:askEventModeWidgetYield:2;A1_1:getWarpRecastTime:1;L11_22:isRiding:1;worldMaster:ask:1;desktopWidget:openEventModeWidgetYield:1;desktopWidget:selectAetheryteRegion:1;worldMaster:_getSpecialEventWork:1
decomp_further_20260617,command/system/tradeexecutecommand,command,command;item;system,128,1,5,5,1,0,14,TradeExecuteCommand:SystemCommandBaseClass,,desktopWidget:dictateNoticeTradeWidget:10;desktopWidget:dictateOpenTradeWidget:1;desktopWidget:dictateCloseTradeWidget:1;A1_23:_getExtendedTemporaryItem:1;L9_31:_getCatalogID:1
decomp_further_20260617,command/system/tradeoffercancelcommand,command,command;item;system,23,1,1,1,1,0,6,TradeOfferCancelCommand:SystemCommandBaseClass,,A1_1:isPlayer:1;A1_1:isMyPlayer:1;A6_6:_isAlive:1;A1_1:isLiving:1;A6_6:isLiving:1;A1_1:isActiveMode:1
decomp_further_20260617,command/system/tradeoffercommand,command,command;item;system,23,1,1,1,1,0,6,TradeOfferCommand:SystemCommandBaseClass,,A1_1:isPlayer:1;A1_1:isMyPlayer:1;A6_6:_isAlive:1;A1_1:isLiving:1;A6_6:isLiving:1;A1_1:isActiveMode:1
decomp_further_20260617,command/system/widgetopencommand,command,widget;command;system,6,1,1,0,1,0,0,WidgetOpenCommand:SystemCommandBaseClass,,
decomp_further_20260617,commanddebugger/commanddebuggerbaseclass,commanddebugger,command;debug,502,0,0,0,0,0,14,,,string:_gsub:4;debug:_commandDebug:3;worldMaster:_printLog:2;A0_2:_callSuperClassFunc:1;A0_2:init:1;A0_21:processLoop:1;A0_39:parseParameter:1;debugCommandSheet:_getData:1
decomp_further_20260617,commanddebugger/commanddebuggerdev,commanddebugger,command;debug,6740,0,0,0,0,0,26,,,string:startsWith:6;debug:getDebugName:4;A0_86:isServer:2;A2_88:getConfirmRaiseCommandVariation:2;A0_86:isClient:2;debug:_getAllCharacter:2;A0_2:_setLoopInterval:1;A0_2:initServerClientFlag:1;string:split:1;A1_54:isRaidMaster:1;debug:_getLocalizedXtx:1;debug:printDisp:1;string:_format:1;math:distance:1
decomp_further_20260617,commanddebugger/commanddebuggerfunc/commanddebuggerfuncbaseclass,commanddebugger,command;debug,33,0,0,0,0,0,2,,,A0_2:_callSuperClassFunc:1;A0_2:init:1
decomp_further_20260617,commanddebugger/commanddebuggergm,commanddebugger,command;debug,1519,0,0,0,0,0,3,,,L20_24:isExistEffectProcess:2;A0_2:initWork:1
decomp_further_20260617,commanddebugger/commanddebuggertest,commanddebugger,command;debug,647,0,0,0,0,0,4,,,debug:_printLog:2;A0_2:initWork:1;debug:getDebugName:1
decomp_further_20260617,debug/debugbaseclass,debug,debug,31,0,0,0,0,0,1,,,A0_2:_callSuperClassFunc:1
decomp_further_20260617,debug/debugbaseclass_u,debug,debug,1,0,0,0,0,0,0,,,
decomp_further_20260617,debug/debugdummy,debug,debug,5,1,1,1,1,0,1,DebugDummy:DebugBaseClass,,A0_0:_callSuperClassFunc:1
decomp_further_20260617,debug/debugtimer,debug,debug,5,1,1,1,1,0,1,DebugTimer:DebugBaseClass,,A0_0:_callSuperClassFunc:1
decomp_further_20260617,debug/overloadmonitor,debug,debug,166,1,5,4,1,0,10,OverloadMonitor:DebugBaseClass,,debug:_getLowResolutionTime:2;debug:printDisp:2;A0_0:_callSuperClassFunc:1;A0_0:setLoopInterval:1;debug:_setTimeCostRankingMax:1;A0_1:processLoopForLoopInterval:1;A0_1:processLoopForTimeCostViewer:1;string:_format:1
decomp_further_20260617,director/caravanguard/caravanguarddirector,director,caravan,399,1,8,4,1,0,9,CaravanGuardDirector:DirectorBaseClass,,desktopWidget:openPublicEffectWidget:4;desktopWidget:setMiniMapWidgetMarkerData:3;desktopWidget:processUpdateContentsInformation:1;desktopWidget:setMapNavigationWidgetMarkerData:1
decomp_further_20260617,director/directorbaseclass,director,director,205,0,0,0,0,0,18,,,worldMaster:_getMyPlayer:6;A0_51:processUpdateWork:2;A0_13:_callSuperClassFunc:1;A0_13:init:1;A0_18:processUIFinalize:1;A0_18:processFinalize:1;A0_31:_updateWork:1;desktopWidget:closeAllOwnedContentWidget:1;A1_46:_resetFade:1;A0_51:processUIInit:1;A0_51:getUseContentsCommand:1;A0_51:processUIUpdate:1
decomp_further_20260617,director/directorbaseclass_u,director,director,46,0,0,0,0,0,0,,,
decomp_further_20260617,director/directordefault,director,director,2,1,0,0,1,0,0,DirectorDefault:DirectorBaseClass,,
decomp_further_20260617,director/firefallfairedirector,director,director,11,1,1,0,1,0,1,FirefallFaireDirector:DirectorBaseClass,,A0_0:_callSuperClassFunc:1
decomp_further_20260617,director/gimmick/gategimmick,director,director,2,1,0,0,1,0,0,GateGimmick:GimmickBaseClass,,
decomp_further_20260617,director/gimmick/gimmickbaseclass,director,director,11,1,1,0,1,0,1,GimmickBaseClass:DirectorBaseClass,,A0_0:_callSuperClassFunc:1
decomp_further_20260617,director/gimmick/nmpopgimmick,director,director,2,1,0,0,1,0,0,NMPopGimmick:GimmickBaseClass,,
decomp_further_20260617,director/gmevent/telepodirector1,director,director,5,1,1,0,1,0,0,TelepoDirector1:DirectorBaseClass,,
decomp_further_20260617,director/gmevent/telepodirector1town,director,director,5,1,1,0,1,0,0,TelepoDirector1Town:DirectorBaseClass,,
decomp_further_20260617,director/gmevent/waveattackdirector1,director,director,5,1,1,0,1,0,0,WaveAttackDirector1:DirectorBaseClass,,
decomp_further_20260617,director/gmevent/waveattackdirector2,director,director,5,1,1,0,1,0,0,WaveAttackDirector2:DirectorBaseClass,,
decomp_further_20260617,director/gmevent/waveattackdirector3,director,director,5,1,1,0,1,0,0,WaveAttackDirector3:DirectorBaseClass,,
decomp_further_20260617,director/gmevent/waveattackdirectorsp1,director,director,5,1,1,0,1,0,0,WaveAttackDirectorSP1:DirectorBaseClass,,
decomp_further_20260617,director/guildleve/companylevedetectemote,director,quest,129,1,7,1,1,0,17,CompanyleveDetectEmote:GuildleveBaseClass,,A0_8:getArticleTypeForInfo:2;A0_8:getTextIdForInfo:2;A0_8:getGuildleveId:2;A0_19:getArticleConditionForInfo:2;A0_0:initWorkSyncTag:1;A0_4:getStartTime:1;desktopWidget:processUpdateContentsInformation:1;A0_16:getUiStateOf:1;A0_16:getSyncWork:1;A0_16:getArticleStateForInfo:1;A0_23:getAimNumNowOf:1;A0_23:getAimNumOf:1;A0_23:getSyncWork:1
decomp_further_20260617,director/guildleve/companyleverescuenormal,director,quest,65,1,6,2,1,1,7,CompanyleveRescueNormal:GuildleveBaseClass,7728:companyleveRescueNormal,A0_0:_loadTextDataPermanently:1;A0_1:getStartTime:1;desktopWidget:processUpdateContentsInformation:1;A0_3:getArticleTypeForInfo:1;A0_3:getTextIdForInfo:1;A0_3:getGuildleveId:1;A0_10:getArticleConditionForInfo:1
decomp_further_20260617,director/guildleve/companylevesweepintime,director,quest,29,1,2,0,1,0,3,CompanyleveSweepIntime:GuildleveBaseClass,,A0_2:getArticleTypeForInfo:1;A0_2:getTextIdForInfo:1;A0_2:getGuildleveId:1
decomp_further_20260617,director/guildleve/guildlevebaseclass,director,quest,806,1,54,7,1,0,30,GuildleveBaseClass:DirectorBaseClass,,guildleveSheet:_getData:3;desktopWidget:processUpdateContentsInformation:3;desktopWidget:setMiniMapWidgetMarkerData:3;A0_88:getAimNumNowOf:2;A0_88:getUiStateOf:2;desktopWidget:setMapNavigationWidgetMarkerData:2;guildleveSheet:_loadKeyTemporarily:1;A0_57:initAsGuildleve:1;A0_87:getUiStep:1;A0_87:setUiStep:1;A0_87:setMiniMapMarkerForGL:1;A0_88:getGuildleveId:1;A0_111:getGuildleveId:1;A0_131:getArticleTypeForInfo:1;A0_131:getTextIdForInfo:1
decomp_further_20260617,director/guildleve/guildleveharvesttest,director,quest,29,1,2,0,1,0,2,GuildleveHarvestTest:GuildleveBaseClass,,A0_2:getArticleTypeForInfo:1;A0_2:getIdForInstruction:1
decomp_further_20260617,director/guildleve/guildlevetest1,director,quest,5,1,1,0,1,0,0,GuildleveTest1:GuildleveBaseClass,,
decomp_further_20260617,director/guildleve/guildlevetest2,director,quest,5,1,1,0,1,0,0,GuildleveTest2:GuildleveBaseClass,,
decomp_further_20260617,director/guildleve/guildlevetest3,director,quest,5,1,1,0,1,0,0,GuildleveTest3:GuildleveBaseClass,,
decomp_further_20260617,director/guildleve/privateglbattlechasenormal,director,quest,5,1,1,0,1,0,0,PrivateGLBattleChaseNormal:GuildleveBaseClass,,
decomp_further_20260617,director/guildleve/privateglbattlechasespecial,director,quest,22,1,4,3,1,0,1,PrivateGLBattleChaseSpecial:GuildleveBaseClass,,A0_6:getAetheryteLocation:1
decomp_further_20260617,director/guildleve/privateglbattledetectnormal,director,quest,129,1,7,1,1,0,17,PrivateGLBattleDetectNormal:GuildleveBaseClass,,A0_8:getArticleTypeForInfo:2;A0_8:getTextIdForInfo:2;A0_8:getGuildleveId:2;A0_19:getArticleConditionForInfo:2;A0_0:initWorkSyncTag:1;A0_4:getStartTime:1;desktopWidget:processUpdateContentsInformation:1;A0_16:getUiStateOf:1;A0_16:getSyncWork:1;A0_16:getArticleStateForInfo:1;A0_23:getAimNumNowOf:1;A0_23:getAimNumOf:1;A0_23:getSyncWork:1
decomp_further_20260617,director/guildleve/privateglbattlegathernormal,director,quest,46,1,3,0,1,0,4,PrivateGLBattleGatherNormal:GuildleveBaseClass,,A0_2:getArticleTypeForInfo:1;A0_2:getTextIdForInfo:1;A0_2:getGuildleveId:1;A0_10:getArticleConditionForInfo:1
decomp_further_20260617,director/guildleve/privateglbattlegatherspecial,director,quest,63,1,6,3,1,0,5,PrivateGLBattleGatherSpecial:GuildleveBaseClass,,A0_2:getArticleTypeForInfo:1;A0_2:getTextIdForInfo:1;A0_2:getGuildleveId:1;A0_10:getArticleConditionForInfo:1;A0_18:getAetheryteLocation:1
decomp_further_20260617,director/guildleve/privateglbattlehuntnormal,director,quest,129,1,7,1,1,0,17,PrivateGLBattleHuntNormal:GuildleveBaseClass,,A0_8:getArticleTypeForInfo:2;A0_8:getTextIdForInfo:2;A0_8:getGuildleveId:2;A0_19:getArticleConditionForInfo:2;A0_0:initWorkSyncTag:1;A0_4:getStartTime:1;desktopWidget:processUpdateContentsInformation:1;A0_16:getUiStateOf:1;A0_16:getSyncWork:1;A0_16:getArticleStateForInfo:1;A0_23:getAimNumNowOf:1;A0_23:getAimNumOf:1;A0_23:getSyncWork:1
decomp_further_20260617,director/guildleve/privateglbattleorbnormal,director,quest,58,1,3,0,1,0,8,PrivateGLBattleOrbNormal:GuildleveBaseClass,,A0_2:getArticleTypeForInfo:2;A0_2:getTextIdForInfo:2;A0_2:getGuildleveId:2;A0_10:getArticleConditionForInfo:2
decomp_further_20260617,director/guildleve/privateglbattleorbrob,director,quest,58,1,3,0,1,0,8,PrivateGLBattleOrbRob:GuildleveBaseClass,,A0_2:getArticleTypeForInfo:2;A0_2:getTextIdForInfo:2;A0_2:getGuildleveId:2;A0_10:getArticleConditionForInfo:2
decomp_further_20260617,director/guildleve/privateglbattleroundnormal,director,quest,146,1,7,1,1,0,21,PrivateGLBattleRoundNormal:GuildleveBaseClass,,A0_8:getArticleTypeForInfo:2;A0_16:getSyncWork:2;A0_16:getArticleStateForInfo:2;A0_19:getArticleConditionForInfo:2;A0_23:getSyncWork:2;A0_0:getGuildleveWordText:1;A0_0:initWorkSyncTag:1;A0_4:getStartTime:1;desktopWidget:processUpdateContentsInformation:1;A0_8:getTextIdForInfo:1;A0_8:getGuildleveId:1;A0_8:getIdForInstruction:1;A0_8:getTempWork:1;A0_16:getUiStateOf:1;A0_23:getAimNumNowOf:1
decomp_further_20260617,director/guildleve/privateglbattlesurvivenormal,director,quest,167,1,8,2,1,0,23,PrivateGLBattleSurviveNormal:GuildleveBaseClass,,A0_23:getSyncWork:3;A0_8:getArticleTypeForInfo:2;A0_16:getArticleStateForInfo:2;A0_19:getArticleConditionForInfo:2;A0_0:getGuildleveWordText:1;A0_0:initWorkSyncTag:1;A0_4:getStartTime:1;desktopWidget:processUpdateContentsInformation:1;A0_8:getTextIdForInfo:1;A0_8:getGuildleveId:1;A0_8:getIdForInstruction:1;A0_8:getTempWork:1;A0_16:getUiStateOf:1;A0_16:getSyncWork:1;A0_23:getAimNumNowOf:1
decomp_further_20260617,director/guildleve/privateglbattlesweepepic,director,quest,22,1,4,3,1,0,1,PrivateGLBattleSweepEpic:GuildleveBaseClass,,A0_6:getAetheryteLocation:1
decomp_further_20260617,director/guildleve/privateglbattlesweepepicescort,director,quest,116,1,8,4,1,0,13,PrivateGLBattleSweepEpicEscort:GuildleveBaseClass,,A0_11:getArticleTypeForInfo:2;A0_11:getTextIdForInfo:2;A0_11:getGuildleveId:2;A0_19:getArticleConditionForInfo:2;A0_3:getStartTime:1;desktopWidget:processUpdateContentsInformation:1;A0_9:getAetheryteLocation:1;A0_23:getAimNumNowOf:1;A0_23:getAimNumOf:1
decomp_further_20260617,director/guildleve/privateglbattlesweepepicintime,director,quest,58,1,3,0,1,1,9,PrivateGLBattleSweepEpicInTime:GuildleveBaseClass,10576:privateGLBattleSweepEpicInTime,A0_2:getArticleTypeForInfo:2;A0_2:getTextIdForInfo:2;A0_2:getGuildleveId:2;A0_10:getArticleConditionForInfo:2;A0_0:_loadTextDataPermanently:1
decomp_further_20260617,director/guildleve/privateglbattlesweepescort,director,quest,112,1,8,4,1,1,14,PrivateGLBattleSweepEscort:GuildleveBaseClass,10616:privateGLBattleSweepEscort,A0_9:getArticleTypeForInfo:2;A0_9:getTextIdForInfo:2;A0_9:getGuildleveId:2;A0_17:getArticleConditionForInfo:2;A0_0:_loadTextDataPermanently:1;A0_1:getStartTime:1;desktopWidget:processUpdateContentsInformation:1;A0_7:getAetheryteLocation:1;A0_21:getAimNumNowOf:1;A0_21:getAimNumOf:1
decomp_further_20260617,director/guildleve/privateglbattlesweepnormal,director,quest,5,1,1,0,1,0,0,PrivateGLBattleSweepNormal:GuildleveBaseClass,,
decomp_further_20260617,director/guildleve/privateglbattlesweepspecial,director,quest,22,1,4,3,1,0,1,PrivateGLBattleSweepSpecial:GuildleveBaseClass,,A0_6:getAetheryteLocation:1
decomp_further_20260617,director/guildleve/privateglbattletutorial,director,quest,5,1,1,0,1,0,0,PrivateGLBattleTutorial:GuildleveBaseClass,,
decomp_further_20260617,director/guildleve/privateglfreefollownormal,director,quest,59,1,7,3,1,0,6,PrivateGLFreeFollowNormal:GuildleveBaseClass,,A0_2:getArticleTypeForInfo:1;A0_2:getTextIdForInfo:1;A0_2:getGuildleveId:1;A0_9:getArticleConditionForInfo:1;A0_12:getAimNumNowOf:1;A0_21:getAetheryteLocation:1
decomp_further_20260617,director/guildleve/privateglfreegathernormal,director,quest,22,1,4,3,1,0,1,PrivateGLFreeGatherNormal:GuildleveBaseClass,,A0_6:getAetheryteLocation:1
decomp_further_20260617,director/guildleve/privateglfreegathertown,director,quest,126,1,8,4,1,0,14,PrivateGLFreeGatherTown:GuildleveBaseClass,,A0_34:getTempWork:2;A0_0:initWorkSyncTag:1;A0_4:getStartTime:1;A0_4:setTempWork:1;A0_4:setMiniMapMarkerForGL:1;A0_6:getArticleTypeForInfo:1;A0_6:getTextIdForInfo:1;A0_6:getGuildleveId:1;A0_14:getArticleConditionForInfo:1;A0_18:getAimNumNowOf:1;A0_24:getPosByMapMarkerExtra:1;A0_29:getPosByMapMarkerExtra:1;A0_34:getAetheryteLocation:1
decomp_further_20260617,director/guildleve/privateglfreegonormal,director,quest,166,1,9,4,1,0,22,PrivateGLFreeGoNormal:GuildleveBaseClass,,A0_21:getSyncWork:3;A0_6:getArticleTypeForInfo:2;A0_17:getArticleConditionForInfo:2;A0_0:getGuildleveWordText:1;A0_0:initWorkSyncTag:1;A0_4:getStartTime:1;desktopWidget:processUpdateContentsInformation:1;A0_6:getTextIdForInfo:1;A0_6:getGuildleveId:1;A0_6:getIdForInstruction:1;A0_6:getTempWork:1;A0_14:getUiStateOf:1;A0_14:getArticleStateForInfo:1;A0_21:getAimNumNowOf:1;A0_21:getAimNumOf:1
decomp_further_20260617,director/guildleve/privateglfreeguidenormal,director,quest,79,1,7,3,1,0,6,PrivateGLFreeGuideNormal:GuildleveBaseClass,,A0_2:getArticleTypeForInfo:1;A0_2:getTextIdForInfo:1;A0_2:getGuildleveId:1;A0_10:getArticleConditionForInfo:1;A0_14:getAimNumNowOf:1;A0_24:getAetheryteLocation:1
decomp_further_20260617,director/guildleve/privateglharvestitemget,director,quest;item,67,1,3,0,1,0,10,PrivateGLHarvestItemGet:GuildleveBaseClass,,A0_4:getArticleTypeForInfo:2;A0_12:getArticleConditionForInfo:2;A0_0:getGuildleveId:1;A0_0:setTempWork:1;A0_4:getTextIdForInfo:1;A0_4:getGuildleveId:1;A0_4:getIdForInstruction:1;A0_4:getTempWork:1
decomp_further_20260617,director/halloweendirector,director,director,2,1,0,0,1,0,0,HalloweenDirector:DirectorBaseClass,,
decomp_further_20260617,director/harvestdirector,director,director,2,1,0,0,1,0,0,HarvestDirector:DirectorBaseClass,,
decomp_further_20260617,director/monster/monsterdirectoranimaobj,director,director,5,1,1,0,1,0,0,MonsterDirectorAnimaobj:DirectorBaseClass,,
decomp_further_20260617,director/monster/monsterdirectorbaseclass,director,director,5,1,1,0,1,0,0,MonsterDirectorBaseClass:DirectorBaseClass,,
decomp_further_20260617,director/monster/monsterdirectorcyclops,director,director,5,1,1,0,1,0,0,MonsterDirectorCyclops:MonsterDirectorBaseClass,,
decomp_further_20260617,director/monster/monsterdirectordarkmoogle,director,director,5,1,1,0,1,0,0,MonsterDirectorDarkMoogle:DirectorBaseClass,,
decomp_further_20260617,director/monster/monsterdirectorgaruda,director,director,5,1,1,0,1,0,0,MonsterDirectorGaruda:MonsterDirectorBaseClass,,
decomp_further_20260617,director/monster/monsterdirectorifrit,director,director,5,1,1,0,1,0,0,MonsterDirectorIfrit:DirectorBaseClass,,
decomp_further_20260617,director/monster/monsterdirectorifrithyper,director,director,5,1,1,0,1,0,0,MonsterDirectorIfritHyper:MonsterDirectorBaseClass,,
decomp_further_20260617,director/monster/monsterdirectorkhimaira,director,director,5,1,1,0,1,0,0,MonsterDirectorKhimaira:MonsterDirectorBaseClass,,
decomp_further_20260617,director/monster/monsterdirectormooglef0f4,director,director,5,1,1,0,1,0,0,MonsterDirectorMoogleF0f4:DirectorBaseClass,,
decomp_further_20260617,director/monster/monsterdirectormorbol,director,director,5,1,1,0,1,0,0,MonsterDirectorMorbol:MonsterDirectorBaseClass,,
decomp_further_20260617,director/monster/monsterdirectortermite,director,director,5,1,1,0,1,0,0,MonsterDirectorTermite:MonsterDirectorBaseClass,,
decomp_further_20260617,director/monster/popmonsterdirectorfortnm01,director,director,5,1,1,0,1,0,0,PopMonsterDirectorFortNM01:DirectorBaseClass,,
decomp_further_20260617,director/monster/whitegeneral/monsterwhitegeneralbaseclass,director,director,2,1,0,0,1,0,0,MonsterWhiteGeneralBaseClass:MonsterDirectorBaseClass,,
decomp_further_20260617,director/monster/whitegeneral/monsterwhitegenerallesser,director,director,5,1,1,0,1,0,0,MonsterWhiteGeneralLesser:MonsterWhiteGeneralBaseClass,,
decomp_further_20260617,director/monster/whitegeneral/monsterwhitegeneralnormal,director,director,5,1,1,0,1,0,0,MonsterWhiteGeneralNormal:MonsterWhiteGeneralBaseClass,,
decomp_further_20260617,director/openingdirector,director,director,5,1,1,0,1,0,0,OpeningDirector:DirectorBaseClass,,
decomp_further_20260617,director/pop/newpopdirectorbaseclass,director,director,2,1,0,0,1,0,0,NewPopDirectorBaseClass:DirectorBaseClass,,
decomp_further_20260617,director/pop/publicpopgroupdirector,director,group,2,1,0,0,1,0,0,PublicPopGroupDirector:NewPopDirectorBaseClass,,
decomp_further_20260617,director/pop/publicpopmaster,director,director,2,1,0,0,1,0,0,PublicPopMaster:DirectorBaseClass,,
decomp_further_20260617,director/pop/publicpopsingledirector,director,director,2,1,0,0,1,0,0,PublicPopSingleDirector:NewPopDirectorBaseClass,,
decomp_further_20260617,director/shipdirector,director,director,5,1,1,0,1,0,0,ShipDirector:DirectorBaseClass,,
decomp_further_20260617,director/specialeventdirector,director,quest,5,1,1,0,1,0,0,SpecialEventDirector:DirectorBaseClass,,
decomp_further_20260617,director/test/testdirector,director,director,34,1,6,5,1,0,3,TestDirector:TestDirectorBaseClass,,A0_0:initWorkSyncTag:1;debugCommandSheet:_loadKeyTemporarily:1;A0_5:_wait:1
decomp_further_20260617,director/test/testdirectorbaseclass,director,director,41,1,3,1,1,0,0,TestDirectorBaseClass:DirectorBaseClass,,
decomp_further_20260617,director/weather/weatherdirector,director,director,2,1,0,0,1,0,0,WeatherDirector:WeatherDirectorBaseClass,,
decomp_further_20260617,director/weather/weatherdirectorbaseclass,director,director,38,1,2,1,1,0,3,WeatherDirectorBaseClass:DirectorBaseClass,,worldMaster:_getMyPlayer:3
decomp_further_20260617,gamedata/gamedatabaseclass,gamedata,gamedata,9,0,1,1,0,0,1,,,A0_0:_callSuperClassFunc:1
decomp_further_20260617,gamedata/spreadsheet,gamedata,gamedata,11,0,0,0,0,0,2,,,A0_2:_callSuperClassFunc:1;A0_2:_setFilename:1
decomp_further_20260617,gamedata/spreadsheet_u,gamedata,gamedata,81,0,0,0,0,0,0,,,
decomp_further_20260617,global_u,global_u,global_u,212,0,0,0,0,0,1,,,global:_getStaticActor_cpp:1
decomp_further_20260617,group/communitygroup/communitygroupbaseclass,group,group,20,1,2,0,1,0,1,CommunityGroupBaseClass:GroupBaseClass,,A0_0:initAsCommunityGroup:1
decomp_further_20260617,group/communitygroup/companygroup,group,group,245,1,17,4,1,0,26,CompanyGroup:CommunityGroupBaseClass,,desktopWidget:processUpdateCurrentCommunityGroup:6;A0_15:_getProperty:2;A1_31:getCommunityGroupCurrent:2;A0_38:_getMemberDisplayName:2;A0_4:_getDisplayName:1;A0_15:_bindWorkNestingArray:1;A0_15:updateMemberInformation:1;A0_16:_callSuperClassFunc:1;A0_18:_callSuperClassFunc:1;A0_19:_callSuperClassFunc:1;A0_22:_callSuperClassFunc:1;A0_35:_updateMemberAndInformation:1;A0_38:_isExistInWorldMember:1;A0_38:_isExistInClientMember:1;A0_38:_isMember:1
decomp_further_20260617,group/contentgroup/contentgroupbaseclass,group,group,161,1,8,5,1,0,13,ContentGroupBaseClass:GroupBaseClass,,worldMaster:_getMyPlayer:4;desktopWidget:processUpdateMyPlayerRestrictionByContents:2;L1_4:judgeNameplate:1;A0_10:_callSuperClassFunc:1;A0_13:_callSuperClassFunc:1;A0_13:_isMember:1;A0_19:_callSuperClassFunc:1;L1_22:judgeNameplate:1;_globalTemp.director:_isAlive:1
decomp_further_20260617,group/contentgroup/guildlevegroup,group,quest;group,2,1,0,0,1,0,0,GuildleveGroup:ContentGroupBaseClass,,
decomp_further_20260617,group/contentgroup/publicpopgroup,group,group,2,1,0,0,1,0,0,PublicPopGroup:ContentGroupBaseClass,,
decomp_further_20260617,group/contentgroup/simplecontentgroup,group,group,2,1,0,0,1,0,0,SimpleContentGroup:ContentGroupBaseClass,,
decomp_further_20260617,group/groupbaseclass,group,group,45,0,0,0,0,0,2,,,A0_2:_callSuperClassFunc:1;A0_2:init:1
decomp_further_20260617,group/groupbaseclass_u,group,group,121,0,0,0,0,0,0,,,
decomp_further_20260617,group/partygroup/monsterpartygroup,group,group;party,58,1,5,4,2,0,13,MonsterPartyGroup:PartyGroupBaseClass,,worldMaster:_getMyPlayer:4;A0_0:_isExistInClientMember:1;L2_2:judgeNameplate:1;A0_7:_callSuperClassFunc:1;A0_10:_callSuperClassFunc:1;A0_10:_isExistInClientMember:1;A0_10:_getMember:1;A0_12:_isExistInClientMember:1;L2_14:judgeNameplate:1;A0_19:_callSuperClassFunc:1
decomp_further_20260617,group/partygroup/monsterpartygroup_battle,group,group;party,1,0,0,0,0,0,0,,,
decomp_further_20260617,group/partygroup/partygroupbaseclass,group,group;party,44,1,5,1,2,0,9,PartyGroupBaseClass:GroupBaseClass,,A0_0:getPartyOwner:3;A0_1:_isMember:1;A0_4:initForBattle:1;A0_4:initAsPartyGroup:1;A0_7:_isMember:1;desktopWidget:processUpdateGroupInformation:1;A0_7:_getKind:1
decomp_further_20260617,group/partygroup/partygroupbaseclass_battle,group,group;party,118,0,0,0,0,0,11,,,A0_14:getPartyMember:6;A0_4:getPartyMember:2;A0_26:_bindWork:1;A0_27:_isExistInClientMember:1;A0_27:_getMember:1
decomp_further_20260617,group/partygroup/playerpartygroup,group,group;party,116,1,6,4,1,0,20,PlayerPartyGroup:PartyGroupBaseClass,,desktopWidget:processUpdateGroupInformation:2;worldMaster:_getMyPlayer:2;A0_2:_getMember:1;L2_4:_isExistInClientMember:1;L1_3:judgeNameplate:1;A0_9:_callSuperClassFunc:1;A0_9:_isMember:1;A0_9:_getKind:1;A0_12:_callSuperClassFunc:1;A0_12:_isMember:1;A0_12:_getKind:1;A0_12:_isExistInClientMember:1;A0_12:_getMember:1;A1_15:_getMember:1;L3_17:_isExistInClientMember:1
decomp_further_20260617,group/relationgroup/bazaarbuyitemrelationgroup,group,retainer;item;group,12,1,4,3,1,0,0,BazaarBuyItemRelationGroup:RelationGroupBaseClass,,
decomp_further_20260617,group/relationgroup/groupentryrelationgroup,group,group,2,1,0,0,1,0,0,GroupEntryRelationGroup:RelationGroupBaseClass,,
decomp_further_20260617,group/relationgroup/groupexeccommandrelationgroup,group,command;group,41,1,5,3,1,0,2,GroupExecCommandRelationGroup:RelationGroupBaseClass,,A0_6:_callSuperClassFunc:1;A0_9:_callSuperClassFunc:1
decomp_further_20260617,group/relationgroup/groupinvitationrelationgroup,group,group,72,1,7,3,1,0,11,GroupInvitationRelationGroup:RelationGroupBaseClass,,desktopWidget:processUpdateConfirmGroupCommandVariation:4;A0_5:_bindWork:2;A0_3:_isMember:1;A0_6:_isMember:1;A0_6:_getMemberLocalizedDisplayName:1;A0_11:_callSuperClassFunc:1;A0_14:_callSuperClassFunc:1
decomp_further_20260617,group/relationgroup/relationgroupbaseclass,group,group,26,1,2,0,1,0,0,RelationGroupBaseClass:GroupBaseClass,,
decomp_further_20260617,group/relationgroup/simplerelationgroup,group,group,2,1,0,0,1,0,0,SimpleRelationGroup:RelationGroupBaseClass,,
decomp_further_20260617,group/relationgroup/traderelationgroup,group,item;group,69,1,6,3,1,0,10,TradeRelationGroup:RelationGroupBaseClass,,desktopWidget:processUpdateConfirmTradeCommandVariation:4;A0_3:_bindWork:2;A0_4:_isMember:1;A0_4:_getMemberLocalizedDisplayName:1;A0_9:_callSuperClassFunc:1;A0_12:_callSuperClassFunc:1
decomp_further_20260617,group/simplegroup,group,group,5,1,1,0,1,0,0,SimpleGroup:GroupBaseClass,,
decomp_further_20260617,item/important/importantitembaseclass,item,item,3,0,1,1,0,0,1,,,A0_0:_callSuperClassFunc:1
decomp_further_20260617,item/important/importantitemstandard,item,item,2,1,0,0,1,0,0,ImportantItemStandard:ImportantItemBaseClass,,
decomp_further_20260617,item/itembaseclass,item,item,17,0,2,2,1,0,10,,,A0_0:_bindSpreadSheetData:5;A0_0:_callSuperClassFunc:1;A0_0:_getOwner:1;worldMaster:_loadWord:1;A0_1:_getOwner:1;worldMaster:_unloadWord:1
decomp_further_20260617,item/itembaseclass_common,item,item,2266,0,0,0,0,0,444,,,A1_253:getTribe:42;equipmentSheet:_getData:26;A0_252:getEquipmentEquipTribe:17;A0_323:getItemCanUseStatCategory:13;A0_325:getGameCommandData:12;A1_324:_getActorMainStat:10;itemDataSheet:_getData:9;weaponSheet:_getData:9;A0_283:getWeaponData:6;A0_406:getWeaponDamageAttribute:6;A0_415:_getCatalogID:6;A0_323:getCanUseErrTextIdForActorStat:5;A5_107:getGrowData:4;A1_337:_getPos:4;A2_338:_getPos:4
decomp_further_20260617,item/itembaseclass_u,item,item,153,0,0,0,0,0,0,,,
decomp_further_20260617,item/money/moneyitembaseclass,item,item,3,0,1,1,0,0,1,,,A0_0:_callSuperClassFunc:1
decomp_further_20260617,item/money/moneystandard,item,item,2,1,0,0,1,0,0,MoneyStandard:MoneyItemBaseClass,,
decomp_further_20260617,item/normal/additionaleffectequipitem,item,item,2,1,0,0,1,0,0,AdditionalEffectEquipItem:NormalItemBaseClass,,
decomp_further_20260617,item/normal/cmnbadstatusitem,item,status;item,15,1,2,0,1,0,0,CmnBadStatusItem:NormalItemBaseClass,,
decomp_further_20260617,item/normal/cmngoodstatusitem,item,status;item,29,1,2,0,1,0,11,CmnGoodStatusItem:NormalItemBaseClass,,A0_0:_getCatalogID:11
decomp_further_20260617,item/normal/cmnhatecontrolitem,item,item,9,1,1,0,1,0,0,CmnHateControlItem:NormalItemBaseClass,,
decomp_further_20260617,item/normal/cmnremovestatusitem,item,status;item,15,1,2,0,1,0,0,CmnRemoveStatusItem:NormalItemBaseClass,,
decomp_further_20260617,item/normal/dummyitem,item,item,2,1,0,0,1,0,0,DummyItem:NormalItemBaseClass,,
decomp_further_20260617,item/normal/enchantitem,item,item,2,1,0,0,1,0,0,EnchantItem:NormalItemBaseClass,,
decomp_further_20260617,item/normal/enchantmedicineitem,item,item,15,1,2,0,1,0,0,EnchantMedicineItem:NormalItemBaseClass,,
decomp_further_20260617,item/normal/fooditem,item,item,55,1,10,0,1,0,1,FoodItem:NormalItemBaseClass,,A0_53:_getCatalogID:1
decomp_further_20260617,item/normal/materiaitem,item,item,2,1,0,0,1,0,0,MateriaItem:NormalItemBaseClass,,
decomp_further_20260617,item/normal/normalitembaseclass,item,item,17,0,3,2,1,0,6,,,worldMaster:_getMyPlayer:2;A0_0:_callSuperClassFunc:1;A0_0:init:1;A0_1:_updateWork:1;desktopWidget:processUpdateItemWork:1
decomp_further_20260617,item/normal/normalitembaseclass_common,item,item,554,0,0,0,0,0,10,,,A0_60:getItemLifeMax:3;A0_60:getNormalItemLife:3;A0_2:getItemLifeMax:1;A0_14:getNormalItemMateriaType:1;materiaSheet:_getData:1;A0_60:getItemCompatibility:1
decomp_further_20260617,item/normal/normalitembaseclass_u,item,item,1,0,0,0,0,0,0,,,
decomp_further_20260617,item/normal/potionitem,item,item,15,1,2,0,1,0,0,PotionItem:NormalItemBaseClass,,
decomp_further_20260617,item/normal/raiseitem,item,item,25,1,4,0,1,0,0,RaiseItem:NormalItemBaseClass,,
decomp_further_20260617,item/normal/shielditem,item,item,7,1,1,0,1,0,0,ShieldItem:NormalItemBaseClass,,
decomp_further_20260617,item/normal/specialequipitem,item,item,2,1,0,0,1,0,0,SpecialEquipItem:NormalItemBaseClass,,
decomp_further_20260617,item/normal/standarditem,item,item,2,1,0,0,1,0,0,StandardItem:NormalItemBaseClass,,
decomp_further_20260617,item/normal/toolitem,item,item,9,1,1,0,1,0,1,ToolItem:NormalItemBaseClass,,A0_0:getEquipmentEquipPoint:1
decomp_further_20260617,judge/action/actionjudge,judge,judge,2,1,0,0,1,0,0,ActionJudge:JudgeBaseClass,,
decomp_further_20260617,judge/autoattack/autoattackjudge,judge,judge,2,1,0,0,1,0,0,AutoAttackJudge:JudgeBaseClass,,
decomp_further_20260617,judge/battle/battlejudge,judge,judge,1,0,0,0,0,0,0,,,
decomp_further_20260617,judge/battleprocess/battleprocessjudge,judge,judge,2,1,0,0,1,0,0,BattleProcessJudge:JudgeBaseClass,,
decomp_further_20260617,judge/chocobojudge,judge,judge;caravan,57,1,7,1,0,0,8,ChocoboJudge:JudgeBaseClass,,A1_1:_getActorMainStat:1;A1_3:_getActorMainStat:1;A1_3:_getChocoboRidingGrade:1;A1_5:_getActorMainStat:1;A1_5:_getChocoboRidingGrade:1;A1_7:_getChocoboRidingGrade:1;A1_12:_getChocoboGrade:1;A1_14:_isEnabledGoobbue:1
decomp_further_20260617,judge/commonjudge,judge,judge,13,1,1,0,1,0,9,CommonJudge:JudgeBaseClass,,A0_0:prepareSpreadSheet:9
decomp_further_20260617,judge/craft/craftjudge,judge,item;judge,526,1,35,2,1,1,32,CraftJudge:JudgeBaseClass,16:craftJudge,desktopWidget:askEventModeWidgetYield:4;desktopWidget:askForEventMode:3;desktopWidget:cancelMainTargetCharacter:3;desktopWidget:closeEventModeWidget:2;A1_146:getGuildleveQuest:2;gameCommandSheet:_getData:1;A0_24:isMainToolOrder:1;A0_29:_callSuperClassFunc:1;A0_32:_loadTextDataPermanently:1;A1_37:isPlayer:1;desktopWidget:openEventModeWidgetYield:1;A1_43:isPlayer:1;A1_46:isPlayer:1;desktopWidget:orderCraftProgressWidgetUpdate:1;A1_57:isPlayer:1
decomp_further_20260617,judge/depictionjudge,judge,judge,692,1,1,0,1,0,7,DepictionJudge:JudgeBaseClass,,A1_1:getParty:2;A1_1:_setNameplateColor:2;L11_11:_isMember:1;A1_1:isMapMarkerVisibleForTalkable:1;A1_1:_setMapMarker:1
decomp_further_20260617,judge/gamecalculate/gamecalculatejudge,judge,judge,2,1,0,0,1,0,0,GameCalculateJudge:JudgeBaseClass,,
decomp_further_20260617,judge/harvest/harvestjudge,judge,judge,188,1,11,0,1,1,29,HarvestJudge:JudgeBaseClass,1308:harvestJudge,desktopWidget:openEventModeWidgetYield:3;desktopWidget:updateEventModeWidget:3;desktopWidget:selectEventModeWidgetYield:3;desktopWidget:getChildWidgetByWindowName:3;desktopWidget:closeEventModeWidget:3;desktopWidget:cancelMainTargetCharacter:2;A0_0:_loadTextDataPermanently:1;A1_8:_getDir:1;A1_8:_turnDir:1;A1_8:_waitForTurning:1;A1_13:isPlayer:1;A1_19:isPlayer:1;A1_26:isPlayer:1;A1_43:_createVirtualItem:1;L11_53:orderHarvestOwnerMessageDisplay:1
decomp_further_20260617,judge/hatecontrol/hatecontroljudge,judge,judge,2,1,0,0,1,0,0,HateControlJudge:JudgeBaseClass,,
decomp_further_20260617,judge/item/itemdropjudge,judge,item;judge,1,0,0,0,0,0,0,,,
decomp_further_20260617,judge/judgebaseclass,judge,judge,41,0,0,0,0,0,5,,,string:lowerCamelCase:2;A0_2:_callSuperClassFunc:1;A0_2:initText:1;A0_2:init:1
decomp_further_20260617,judge/judgebaseclass_u,judge,judge,1,0,0,0,0,0,0,,,
decomp_further_20260617,judge/judgemaster,judge,judge,10,1,1,1,1,0,3,JudgeMaster:JudgeBaseClass,,A0_0:prepareSpreadSheet:2;A0_0:_callSuperClassFunc:1
decomp_further_20260617,judge/negotiation/negotiationjudge,judge,judge,74,1,7,0,1,0,13,NegotiationJudge:JudgeBaseClass,,desktopWidget:askEventModeWidgetYield:2;A1_1:isPlayer:1;A1_17:isPlayer:1;A1_26:isPlayer:1;desktopWidget:openEventModeWidgetYield:1;A1_39:isPlayer:1;desktopWidget:selectEventModeWidgetYield:1;A1_47:isPlayer:1;desktopWidget:updateEventModeWidget:1;A1_57:isPlayer:1;desktopWidget:closeEventModeWidget:1;A1_61:_runCharaScheduler:1
decomp_further_20260617,judge/preface/musicchangeprefacebaseclass,judge,judge,5,1,1,1,2,0,0,MusicChangePrefaceBaseClass:PrefaceJudgeBaseClass,,
decomp_further_20260617,judge/preface/musicchangeprefacejudge,judge,judge,2,1,0,0,1,0,0,MusicChangePrefaceJudge:MusicChangePrefaceBaseClass,,
decomp_further_20260617,judge/preface/prefacejudgebaseclass,judge,judge,2,1,0,0,1,0,0,PrefaceJudgeBaseClass:JudgeBaseClass,,
decomp_further_20260617,judge/tutorialdummyjudge,judge,judge,19,1,3,1,0,0,9,TutorialDummyJudge:JudgeBaseClass,,A3_9:say:4;A3_9:ask:2;A3_5:say:1;A3_9:startCliantTalkTurn:1;A3_9:finishCliantTalkTurn:1
decomp_further_20260617,judge/tutorialjudge,judge,judge,16,1,3,1,0,0,7,TutorialJudge:JudgeBaseClass,,A3_9:say:2;A3_5:startCliantTalkTurn:1;A3_5:say:1;A3_5:finishCliantTalkTurn:1;A3_9:startCliantTalkTurn:1;A3_9:finishCliantTalkTurn:1
decomp_further_20260617,status/ability/attackmagichealhpstatus,status,status,7,1,1,0,1,0,0,AttackMagicHealHPStatus:StatusBaseClass,,
decomp_further_20260617,status/ability/attributejointlystatus,status,status,7,1,1,0,1,0,0,AttributeJointlyStatus:StatusBaseClass,,
decomp_further_20260617,status/ability/berserkstatus,status,status,7,1,1,0,1,0,0,BerserkStatus:StatusBaseClass,,
decomp_further_20260617,status/ability/bloodluststatus,status,status,7,1,1,0,1,0,0,BloodLustStatus:StatusBaseClass,,
decomp_further_20260617,status/ability/cadencestatus,status,status,7,1,1,0,1,0,0,CadenceStatus:StatusBaseClass,,
decomp_further_20260617,status/ability/conservempstatus,status,status,7,1,1,0,1,0,0,ConserveMPStatus:StatusBaseClass,,
decomp_further_20260617,status/ability/coverstatus,status,status,7,1,1,0,1,0,0,CoverStatus:StatusBaseClass,,
decomp_further_20260617,status/ability/decoystatus,status,status,7,1,1,0,1,0,0,DecoyStatus:StatusBaseClass,,
decomp_further_20260617,status/ability/defenderstatus,status,status,12,1,2,0,1,0,0,DefenderStatus:StatusBaseClass,,
decomp_further_20260617,status/ability/diversionstatus,status,status,7,1,1,0,1,0,0,DiversionStatus:StatusBaseClass,,
decomp_further_20260617,status/ability/divineattackstatus,status,status,7,1,1,0,1,0,0,DivineAttackStatus:StatusBaseClass,,
decomp_further_20260617,status/ability/divinebenisonstatus,status,status,7,1,1,0,1,0,0,DivineBenisonStatus:StatusBaseClass,,
decomp_further_20260617,status/ability/divineprotectionstatus,status,status,7,1,1,0,1,0,0,DivineProtectionStatus:StatusBaseClass,,
decomp_further_20260617,status/ability/divineveilstatus,status,status,7,1,1,0,1,0,0,DivineVeilStatus:StatusBaseClass,,
decomp_further_20260617,status/ability/dreadspikestatus,status,status,7,1,1,0,1,0,0,DreadSpikeStatus:StatusBaseClass,,
decomp_further_20260617,status/ability/elementalassimilatestatus,status,status,7,1,1,0,1,0,0,ElementalAssimilateStatus:StatusBaseClass,,
decomp_further_20260617,status/ability/elementalwhisperstatus,status,status,7,1,1,0,1,0,0,ElementalWhisperStatus:StatusBaseClass,,
decomp_further_20260617,status/ability/eluderstatus,status,status,2,1,0,0,1,0,0,EluderStatus:StatusBaseClass,,
decomp_further_20260617,status/ability/enchantfiststatus,status,status,7,1,1,0,1,0,0,EnchantFistStatus:StatusBaseClass,,
decomp_further_20260617,status/ability/ferocitystatus,status,status,7,1,1,0,1,0,0,FerocityStatus:StatusBaseClass,,
decomp_further_20260617,status/ability/garyoucasterstatus,status,status,12,1,2,0,1,0,0,GaryouCasterStatus:StatusBaseClass,,
decomp_further_20260617,status/ability/gathererstealthstatus,status,status,12,1,2,0,1,0,0,GathererStealthStatus:StatusBaseClass,,
decomp_further_20260617,status/ability/guarderstatus,status,status,7,1,1,0,1,0,0,GuarderStatus:StatusBaseClass,,
decomp_further_20260617,status/ability/hallowedgroundstatus,status,status,2,1,0,0,1,0,0,HallowedGroundStatus:StatusBaseClass,,
decomp_further_20260617,status/ability/hiryucasterstatus,status,status,12,1,2,0,1,0,0,HiryuCasterStatus:StatusBaseClass,,
decomp_further_20260617,status/ability/hiryutargetstatus,status,status,7,1,1,0,1,0,0,HiryuTargetStatus:StatusBaseClass,,
decomp_further_20260617,status/ability/howlstatus,status,status,7,1,1,0,1,0,0,HowlStatus:StatusBaseClass,,
decomp_further_20260617,status/ability/jumpstatus,status,status,2,1,0,0,1,0,0,JumpStatus:StatusBaseClass,,
decomp_further_20260617,status/ability/keenflurrystatus,status,status,7,1,1,0,1,0,0,KeenFlurryStatus:StatusBaseClass,,
decomp_further_20260617,status/ability/lifeplunderstatus,status,status,7,1,1,0,1,0,0,LifePlunderStatus:StatusBaseClass,,
decomp_further_20260617,status/ability/lineoffirestatus,status,status,7,1,1,0,1,0,0,LineOfFireStatus:StatusBaseClass,,
decomp_further_20260617,status/ability/magiccriticalstatus,status,status,7,1,1,0,1,0,0,MagicCriticalStatus:StatusBaseClass,,
decomp_further_20260617,status/ability/meditatestatus,status,status,7,1,1,0,1,0,0,MeditateStatus:StatusBaseClass,,
decomp_further_20260617,status/ability/mightystrikenewstatus,status,status,7,1,1,0,1,0,0,MightyStrikeNewStatus:StatusBaseClass,,
decomp_further_20260617,status/ability/mightystrikestatus,status,status,7,1,1,0,1,0,0,MightyStrikeStatus:StatusBaseClass,,
decomp_further_20260617,status/ability/painsharestatus,status,status,7,1,1,0,1,0,0,PainShareStatus:StatusBaseClass,,
decomp_further_20260617,status/ability/patientstatus,status,status,7,1,1,0,1,0,0,PatientStatus:StatusBaseClass,,
decomp_further_20260617,status/ability/ragingstrikestatus,status,status,7,1,1,0,1,0,0,RagingStrikeStatus:StatusBaseClass,,
decomp_further_20260617,status/ability/rampagestatus,status,status,7,1,1,0,1,0,0,RampageStatus:StatusBaseClass,,
decomp_further_20260617,status/ability/ryukenstatus,status,status,7,1,1,0,1,0,0,RyukenStatus:StatusBaseClass,,
decomp_further_20260617,status/ability/ryusostatus,status,status,7,1,1,0,1,0,0,RyusoStatus:StatusBaseClass,,
decomp_further_20260617,status/ability/sentinelstatus,status,status,7,1,1,0,1,0,0,SentinelStatus:StatusBaseClass,,
decomp_further_20260617,status/ability/shieldcurestatus,status,status,7,1,1,0,1,0,0,ShieldCureStatus:StatusBaseClass,,
decomp_further_20260617,status/ability/shieldtactstatus,status,status,7,1,1,0,1,0,0,ShieldTactStatus:StatusBaseClass,,
decomp_further_20260617,status/ability/shieldwallstatus,status,status,7,1,1,0,1,0,0,ShieldWallStatus:StatusBaseClass,,
decomp_further_20260617,status/ability/shikikoyostatus,status,status,7,1,1,0,1,0,0,ShikikoyoStatus:StatusBaseClass,,
decomp_further_20260617,status/ability/soularrowstatus,status,status,7,1,1,0,1,0,0,SoulArrowStatus:StatusBaseClass,,
decomp_further_20260617,status/ability/souleaterstatus,status,status,7,1,1,0,1,0,0,SouleaterStatus:StatusBaseClass,,
decomp_further_20260617,status/ability/stealthshotstatus,status,status,7,1,1,0,1,0,0,StealthShotStatus:StatusBaseClass,,
decomp_further_20260617,status/ability/stealthystepstatus,status,status,7,1,1,0,1,0,0,StealthyStepStatus:StatusBaseClass,,
decomp_further_20260617,status/ability/sublimationstatus,status,status,7,1,1,0,1,0,0,SublimationStatus:StatusBaseClass,,
decomp_further_20260617,status/ability/thirdeyestatus,status,status,7,1,1,0,1,0,0,ThirdEyeStatus:StatusBaseClass,,
decomp_further_20260617,status/ability/trickattackstatus,status,status,2,1,0,0,1,0,0,TrickAttackStatus:StatusBaseClass,,
decomp_further_20260617,status/ability/vengencestatus,status,status,7,1,1,0,1,0,0,VengenceStatus:StatusBaseClass,,
decomp_further_20260617,status/absorptiondamagestatus,status,status,2,1,0,0,1,0,0,AbsorptionDamageStatus:StatusBaseClass,,
decomp_further_20260617,status/arcbonusstatus,status,status,2,1,0,0,1,0,0,ArcBonusStatus:StatusBaseClass,,
decomp_further_20260617,status/bindstatus,status,status,7,1,1,0,1,0,0,BindStatus:StatusBaseClass,,
decomp_further_20260617,status/boostpointstatus,status,status,7,1,1,0,1,0,0,BoostPointStatus:StatusBaseClass,,
decomp_further_20260617,status/castkeepstatus,status,status,2,1,0,0,1,0,0,CastKeepStatus:StatusBaseClass,,
decomp_further_20260617,status/castspeedstatus,status,status,24,1,2,0,1,0,0,CastSpeedStatus:StatusBaseClass,,
decomp_further_20260617,status/chocobospeeddownstatus,status,status;caravan,7,1,1,0,1,0,0,ChocoboSpeedDownStatus:StatusBaseClass,,
decomp_further_20260617,status/combinationstatus,status,status,2,1,0,0,1,0,0,CombinationStatus:StatusBaseClass,,
decomp_further_20260617,status/commandcontrolstatus,status,command;status,7,1,1,0,1,0,0,CommandControlStatus:StatusBaseClass,,
decomp_further_20260617,status/damagecutmagicstatus,status,status,2,1,0,0,1,0,0,DamageCutMagicStatus:StatusBaseClass,,
decomp_further_20260617,status/dev/dev1astatus,status,status,52,1,10,0,1,0,0,Dev1aStatus:StatusBaseClass,,
decomp_further_20260617,status/dev/dev1bstatus,status,status,2,1,0,0,1,0,0,Dev1bStatus:StatusBaseClass,,
decomp_further_20260617,status/dev/dev1cstatus,status,status,2,1,0,0,1,0,0,Dev1cStatus:StatusBaseClass,,
decomp_further_20260617,status/dev/dev1dstatus,status,status,2,1,0,0,1,0,0,Dev1dStatus:StatusBaseClass,,
decomp_further_20260617,status/dev/dev1estatus,status,status,2,1,0,0,1,0,0,Dev1eStatus:StatusBaseClass,,
decomp_further_20260617,status/dev/dev2astatus,status,status,2,1,0,0,1,0,0,Dev2aStatus:StatusBaseClass,,
decomp_further_20260617,status/dev/dev2bstatus,status,status,2,1,0,0,1,0,0,Dev2bStatus:StatusBaseClass,,
decomp_further_20260617,status/dev/dev2cstatus,status,status,2,1,0,0,1,0,0,Dev2cStatus:StatusBaseClass,,
decomp_further_20260617,status/dev/dev2dstatus,status,status,2,1,0,0,1,0,0,Dev2dStatus:StatusBaseClass,,
decomp_further_20260617,status/dev/dev2estatus,status,status,2,1,0,0,1,0,0,Dev2eStatus:StatusBaseClass,,
decomp_further_20260617,status/dotaurumstatus,status,status,12,1,2,0,1,0,0,DotAurumStatus:StatusBaseClass,,
decomp_further_20260617,status/dotstatus,status,status,7,1,1,0,1,0,0,DoTStatus:StatusBaseClass,,
decomp_further_20260617,status/dummystatus,status,status,2,1,0,0,1,0,0,DummyStatus:StatusBaseClass,,
decomp_further_20260617,status/equipmentweaknessstatus,status,status,17,1,3,0,1,0,0,EquipmentWeaknessStatus:StatusBaseClass,,
decomp_further_20260617,status/evasionstatus,status,status,7,1,1,0,1,0,0,EvasionStatus:StatusBaseClass,,
decomp_further_20260617,status/excbonusstatus,status,status,2,1,0,0,1,0,0,ExcBonusStatus:StatusBaseClass,,
decomp_further_20260617,status/foodstatus,status,status,2,1,0,0,1,0,0,FoodStatus:StatusBaseClass,,
decomp_further_20260617,status/grandcompanystatus,status,status,2,1,0,0,1,0,0,GrandCompanyStatus:StatusBaseClass,,
decomp_further_20260617,status/hateforcasterstatus,status,status,24,1,2,0,1,0,0,HateForCasterStatus:StatusBaseClass,,
decomp_further_20260617,status/hatefortargetstatus,status,status,18,1,2,0,1,0,0,HateForTargetStatus:StatusBaseClass,,
decomp_further_20260617,status/hijackstatus,status,status,7,1,1,0,1,0,0,HijackStatus:StatusBaseClass,,
decomp_further_20260617,status/icononlystatus,status,status,2,1,0,0,1,0,0,IconOnlyStatus:StatusBaseClass,,
decomp_further_20260617,status/instanteffectstatus,status,status,14,1,2,0,1,0,2,InstantEffectStatus:StatusBaseClass,,A0_0:getStatusId:1;A0_1:getStatusId:1
decomp_further_20260617,status/lightcurtainstatus,status,status,2,1,0,0,1,0,0,LightCurtainStatus:StatusBaseClass,,
decomp_further_20260617,status/magic/ancientmagicstatus,status,status,7,1,1,0,1,0,0,AncientMagicStatus:StatusBaseClass,,
decomp_further_20260617,status/magic/banishstatus,status,status,7,1,1,0,1,0,0,BanishStatus:StatusBaseClass,,
decomp_further_20260617,status/magic/biostatus,status,status,7,1,1,0,1,0,0,BioStatus:StatusBaseClass,,
decomp_further_20260617,status/magic/darkstatus,status,status,7,1,1,0,1,0,0,DarkStatus:StatusBaseClass,,
decomp_further_20260617,status/magic/diastatus,status,status,7,1,1,0,1,0,0,DiaStatus:StatusBaseClass,,
decomp_further_20260617,status/magic/magicshieldstatus,status,status,7,1,1,0,1,0,0,MagicShieldStatus:StatusBaseClass,,
decomp_further_20260617,status/magic/mindspikestatus,status,status,7,1,1,0,1,0,0,MindSpikeStatus:StatusBaseClass,,
decomp_further_20260617,status/magic/protectstatus,status,status,7,1,1,0,1,0,0,ProtectStatus:StatusBaseClass,,
decomp_further_20260617,status/magic/shellstatus,status,status,7,1,1,0,1,0,0,ShellStatus:StatusBaseClass,,
decomp_further_20260617,status/magic/shockspikestatus,status,status,7,1,1,0,1,0,0,ShockSpikeStatus:StatusBaseClass,,
decomp_further_20260617,status/magic/stoneskinstatus,status,status,7,1,1,0,1,0,0,StoneSkinStatus:StatusBaseClass,,
decomp_further_20260617,status/mainskillstatus,status,status,7,1,1,0,1,0,0,MainSkillStatus:StatusBaseClass,,
decomp_further_20260617,status/medicinestatus,status,status,2,1,0,0,1,0,0,MedicineStatus:StatusBaseClass,,
decomp_further_20260617,status/monsterdrainstatus,status,status,2,1,0,0,1,0,0,MonsterDrainStatus:StatusBaseClass,,
decomp_further_20260617,status/monstershieldstatus,status,status,2,1,0,0,1,0,0,MonsterShieldStatus:StatusBaseClass,,
decomp_further_20260617,status/movingcontrolstatus,status,status,39,1,3,0,1,0,0,MovingControlStatus:StatusBaseClass,,
decomp_further_20260617,status/mptimerstatus,status,status,5,1,1,0,1,0,0,MpTimerStatus:StatusBaseClass,,
decomp_further_20260617,status/oldstatus,status,status,2,1,0,0,1,0,0,OldStatus:StatusBaseClass,,
decomp_further_20260617,status/parametercontrolstatus,status,status,86,1,2,0,1,0,0,ParameterControlStatus:StatusBaseClass,,
decomp_further_20260617,status/partsbreakstatus,status,status,7,1,1,0,1,0,0,PartsBreakStatus:StatusBaseClass,,
decomp_further_20260617,status/partybonusstatus,status,status;party,7,1,1,0,1,0,0,PartyBonusStatus:StatusBaseClass,,
decomp_further_20260617,status/petrifystatus,status,status,7,1,1,0,1,0,0,PetrifyStatus:StatusBaseClass,,
decomp_further_20260617,status/pglbonusstatus,status,status,2,1,0,0,1,0,0,PglBonusStatus:StatusBaseClass,,
decomp_further_20260617,status/physicaldamagecutstatus,status,status,2,1,0,0,1,0,0,PhysicalDamageCutStatus:StatusBaseClass,,
decomp_further_20260617,status/poisonstatus,status,status,7,1,1,0,1,0,0,PoisonStatus:StatusBaseClass,,
decomp_further_20260617,status/rangestatus,status,status,7,1,1,0,1,0,0,RangeStatus:StatusBaseClass,,
decomp_further_20260617,status/regenstatus,status,status,7,1,1,0,1,0,0,RegenStatus:StatusBaseClass,,
decomp_further_20260617,status/ruststatus,status,status,22,1,4,0,1,0,0,RustStatus:StatusBaseClass,,
decomp_further_20260617,status/shielddefencestatus,status,status,2,1,0,0,1,0,0,ShieldDefenceStatus:StatusBaseClass,,
decomp_further_20260617,status/shortstunstatus,status,status,2,1,0,0,1,0,0,ShortStunStatus:StatusBaseClass,,
decomp_further_20260617,status/skilllevelstatus,status,quest;status,2,1,0,0,1,0,0,SkillLevelStatus:StatusBaseClass,,
decomp_further_20260617,status/skillpointbooststatus,status,status,2,1,0,0,1,0,0,SkillPointBoostStatus:StatusBaseClass,,
decomp_further_20260617,status/sleepstatus,status,status,7,1,1,0,1,0,0,SleepStatus:StatusBaseClass,,
decomp_further_20260617,status/statusbaseclass,status,status,386,0,0,0,0,0,60,,,A0_5:getStatusId:4;A0_6:getStatusId:4;A5_44:getGrowData:4;statusSheet:_getData:2;A0_11:isBadStatus:2;A0_11:isGoodStatus:2;A0_33:getStatusCompatibilityByHand:2;A0_2:_getStaticActorID:1;A0_16:isBadStatus:1;A0_17:isBadStatus:1;A0_22:getStatusData:1;A1_24:getCommandCompatibility:1;A1_28:getStateMainSkillForSub:1;A1_28:getStateMainSkill:1;A0_27:getStatusCompatibility:1
decomp_further_20260617,status/stunstatus,status,status,7,1,1,0,1,0,0,StunStatus:StatusBaseClass,,
decomp_further_20260617,status/targetcontrolstatus,status,status,2,1,0,0,1,0,0,TargetControlStatus:StatusBaseClass,,
decomp_further_20260617,status/temporarydefencestatus,status,status,7,1,1,0,1,0,0,TemporaryDefenceStatus:StatusBaseClass,,
decomp_further_20260617,status/timecontrolstatus,status,status,24,1,2,0,1,0,0,TimeControlStatus:StatusBaseClass,,
decomp_further_20260617,status/tpcoststatus,status,status,2,1,0,0,1,0,0,TPCostStatus:StatusBaseClass,,
decomp_further_20260617,status/tpregainstatus,status,status,24,1,2,0,1,0,0,TPRegainStatus:StatusBaseClass,,
decomp_further_20260617,status/tptimerstatus,status,status,2,1,0,0,1,0,0,TpTimerStatus:StatusBaseClass,,
decomp_further_20260617,status/weaknessstatus,status,status,12,1,2,0,1,0,0,WeaknessStatus:StatusBaseClass,,
decomp_further_20260617,status/weaponskill/stillbladestatus,status,status,2,1,0,0,1,0,0,StillBladeStatus:StatusBaseClass,,
decomp_further_20260617,status/weaponskill/thumbingstatus,status,status,7,1,1,0,1,0,0,ThumbingStatus:StatusBaseClass,,
decomp_further_20260617,status/weaponskill/timerarrowstatus,status,status,7,1,1,0,1,0,0,TimerArrowStatus:StatusBaseClass,,
decomp_further_20260617,system/debug,system,system;debug,821,0,24,4,1,1,28,,0:debug,debug:_getWorkDefinition:4;debug:_printLog:4;string:contains:4;string:_gsub:2;debug:printDisp:2;debug:getDebugName:1;string:startsWith:1;debug:_setTimeCostRankingMax:1;debug:_measureTimeCost:1;A0_121:_callSuperClassFunc:1;debug:isDebug:1;A0_121:_loadTextDataPermanently:1;debug:printOverhead:1;debug:_getHighResolutionTime:1;desktopWidget:showDisp:1
decomp_further_20260617,system/debug_u,system,system;debug,62,0,0,0,0,0,1,,,debug:_getInstanceName_cpp:1
decomp_further_20260617,system/debug_utility,system,system;debug,448,0,0,0,0,0,40,,,debug:_printLog:15;debug:getDebugName:3;debug:_getInstanceName:2;debug:_commandDebug:2;debug:printWhat:1;debug:getRaptureType:1;debug:_getClassName:1;_FOR_:_printLog:1;A1_18:_isAlive:1;A1_18:_countMember:1;A1_18:_isExistInClientMember:1;A1_18:_isExistInWorldMember:1;debug:printTable:1;debug:_getAllCharacter:1;A1_44:_getCatalogID:1
decomp_further_20260617,system/math,system,system,33,0,0,0,0,0,1,,,A0_24:gcm:1
decomp_further_20260617,system/math_u,system,system,257,0,0,0,0,0,0,,,
decomp_further_20260617,system/string,system,system,66,0,0,0,0,0,0,,,
decomp_further_20260617,system/string_u,system,system,113,0,0,0,0,0,0,,,
decomp_further_20260617,system/systembaseclass,system,system,3,0,1,1,0,0,1,,,A0_0:_callSuperClassFunc:1
decomp_further_20260617,system/table,system,system,22,0,0,0,0,0,0,,,
decomp_further_20260617,system/table_u,system,system,41,0,0,0,0,0,0,,,
decomp_further_20260617,widget/achievementdetailwidget,widget,widget;achievement,119,1,5,2,1,0,15,AchievementDetailWidget:WidgetBaseClass,,A0_14:setVisibility:2;A0_0:setModal:1;A0_0:setConfirmCondition:1;A0_0:setCancelCondition:1;A0_0:setCloseCondition:1;A0_0:setUICommandCondition:1;A0_1:_getParentWidget:1;A0_1:hide:1;A0_6:_getParentWidget:1;A0_6:hide:1;A0_11:setAchievementDetail:1;worldMaster:_getMyPlayer:1;A0_14:setHidden:1;A0_14:setText:1
decomp_further_20260617,widget/achievementlistwidget,widget,widget;achievement,768,1,20,5,1,0,64,AchievementListWidget:WidgetBaseClass,,A0_7:setListProperty:5;A0_88:setListText:4;A0_0:setUICommandCondition:3;desktopWidget:getWindowSize:3;worldMaster:_getMyPlayer:2;A0_0:setControlCommandCondition:2;A0_38:getChildWidgetByWindowName:2;desktopWidget:closeWidgetDirect:2;A0_52:getChildWidgetByWindowName:2;A0_88:setFixedListItemParam:2;A0_0:setModal:1;A0_0:setCancelCondition:1;A0_0:setCloseCondition:1;A0_0:setText:1;A0_0:initCategoryList:1
decomp_further_20260617,widget/achievementpopupwidget,widget,widget;achievement,147,1,4,2,1,0,11,AchievementPopupWidget:WidgetBaseClass,,A0_10:setListProperty:3;A0_10:setListText:2;A0_0:setUICommandCondition:1;A0_0:setProperty:1;A0_0:setDrawPriority:1;A0_1:hide:1;A0_7:loadSpreadSheetDataAsync:1;L4_14:isFemale:1
decomp_further_20260617,widget/achievementtitlelistwidget,widget,widget;achievement,150,1,6,4,1,0,20,AchievementTitleListWidget:WidgetBaseClass,,A0_0:setText:2;L6_16:_setAchievementTitle:2;desktopWidget:closeWidgetDirect:2;A0_18:_getParentWidget:2;A0_23:_getParentWidget:2;A0_27:_getParentWidget:2;A0_29:setItemVisibility:2;A0_0:_addItem:1;A0_0:setControlProperty:1;L1_1:_getEnableAchievementTitle:1;L6_16:_getEnableAchievementTitle:1;worldMaster:_getMyPlayer:1;L1_30:_getEnableAchievementTitle:1
decomp_further_20260617,widget/actionequipwidget,widget,widget,1,0,0,0,0,0,0,,,
decomp_further_20260617,widget/actiongaugewidget,widget,widget,71,1,9,0,1,0,21,ActionGaugeWidget:WidgetBaseClass,,A0_10:_setProperty:3;A0_16:setVisibility:2;A0_17:setVisibility:2;A0_0:hideWidget:1;A0_4:setIcon:1;A0_4:setText:1;A0_4:showWidget:1;A0_4:startCastGaugeAnimation:1;A0_8:stopCastGaugeAnimation:1;A0_8:hideWidget:1;A0_9:hideWidget:1;A0_10:setVisibility:1;A0_10:_sendStoryboardCommand:1;A0_15:_sendStoryboardCommand:1;A0_15:setVisibility:1
decomp_further_20260617,widget/actionmenuwidget,widget,widget,1359,1,67,4,1,0,149,ActionMenuWidget:WidgetBaseClass,,A0_102:setControlProperty:8;A0_242:setControlProperty:8;A0_127:setVisibility:6;A0_159:setControlProperty:6;desktopWidget:getPlayerEquippedCustomCommand:4;desktopWidget:getCommandID:4;A0_127:setText:3;A0_282:getControlProperty:3;A0_24:playCommandExecuteSound:2;desktopWidget:getCastTimeForCustomCommand:2;A0_43:sendControlCommand:2;A0_80:playCommandExecuteSound:2;desktopWidget:cancelPlayerCastCommand:2;A0_102:setButtonEnabled:2;worldMaster:_getMyPlayer:2
decomp_further_20260617,widget/actionsettingwidget,widget,widget,2152,1,41,4,1,0,108,ActionSettingWidget:WidgetBaseClass,,worldMaster:_getMyPlayer:9;A1_25:_getData:7;A0_0:setIcon:4;A0_6:equipAction:2;A0_6:equipGodsend:2;A0_24:setCommandInfo:2;A0_28:setText:2;A0_28:setVisibility:2;A0_58:setControlUserWorkInt:2;A0_68:setClassAction:2;A0_68:setClassIndex:2;A0_68:setGodsend:2;A0_69:setVisibility:2;A0_109:setControlUserWorkInt:2;A0_145:setVisibility:2
decomp_further_20260617,widget/addresslistnamingwidget,widget,widget,530,1,11,5,1,0,52,AddressListNamingWidget:WidgetBaseClass,,A0_29:setFocus:18;desktopWidget:closeWidgetDirect:7;A0_24:setFocus:3;A0_35:getText:3;A0_43:_getParentWidget:3;A0_17:getInputName:2;L6_23:setSubWindowOperation:2;A0_38:setText:2;A0_0:setAcceptChars:1;A0_5:setLogicalFocus:1;desktopWidget:_getKeyboardFocusedWidget:1;A0_5:setKeyboardFocusedControl:1;A0_12:confirm:1;A0_12:setFocus:1;L6_23:setParentBorder:1
decomp_further_20260617,widget/addresslistsubwidget,widget,widget,318,1,13,3,1,0,58,AddressListSubWidget:WidgetBaseClass,,desktopWidget:getWindowSize:6;desktopWidget:closeWidgetDirect:6;A0_0:setConfirmCondition:5;desktopWidget:openChildWidget:4;A0_5:setProperty:2;A0_17:setVisibility:2;A0_17:setEnable:2;A0_43:_getParentWidget:2;A0_43:setEnable:2;A0_46:_getParentWidget:2;A0_47:_getParentWidget:2;A0_0:setCancelCondition:1;A0_0:setContent:1;A0_0:setMode:1;A0_0:setModal:1
decomp_further_20260617,widget/addresslistwidget,widget,widget,515,1,20,1,1,0,44,AddressListWidget:WidgetBaseClass,,A0_0:setControlProperty:2;A0_13:setSignal:2;A0_13:setBorder:2;A0_57:setListProperty:2;desktopWidget:getPlayerConfirmGroupCommandVariation:2;desktopWidget:countPartyMember:2;A0_80:getChildWidgetByWindowName:2;A0_0:_addItem:1;A0_0:setVisibility:1;A0_0:setHelpParameter:1;A0_11:setLogicalFocus:1;desktopWidget:_getKeyboardFocusedWidget:1;A0_11:setKeyboardFocusedControl:1;A0_13:makeThisPage:1;A0_13:ignoreFamilyName:1
decomp_further_20260617,widget/ask/aetherytelistwidget,widget,widget,108,1,9,2,1,0,41,AetheryteListWidget:AskBaseClass,,A0_22:addListItem:8;A0_18:addRegionListItem:5;A0_13:setVisibility:4;A0_38:setListProperty:3;A0_0:setControlCommandCondition:2;A0_17:getBaseAskResult:2;A0_0:setCancelCondition:1;A0_0:setCloseCondition:1;A0_0:createRegionList:1;A0_1:setBaseAskResult:1;A0_6:getListProperty:1;A0_6:setBaseAskResult:1;A0_13:setText:1;A0_13:setFocusedIndex:1;A0_13:createAetheryteList:1
decomp_further_20260617,widget/ask/askbaseclass,widget,widget,60,1,11,1,1,0,6,AskBaseClass:WidgetBaseClass,,A0_0:setModal:1;A0_0:initAsk:1;A0_2:isAskFinish:1;A0_9:getBaseAskResult:1;A0_12:setInputEnable:1;A0_14:setInputEnable:1
decomp_further_20260617,widget/ask/askwidget,widget,widget,283,1,8,2,1,0,14,AskWidget:AskBaseClass,,A0_0:_setUICommandCondition:2;A0_48:_setProperty:2;A0_0:setCancelCondition:1;A0_0:_setUICommandTemplateCondition:1;A0_0:addListBoxItem:1;A0_0:initialWidget:1;A0_1:_setKeyboardFocusedControl:1;A0_4:_setProperty:1;A0_22:_setProperty:1;desktopWidget:parseWidgetString:1;A0_40:setBaseAskResult:1;A0_54:_setProperty:1
decomp_further_20260617,widget/ask/bonuspointassignwidget,widget,widget,687,1,15,1,1,0,141,BonusPointAssignWidget:AskBaseClass,,A0_0:setHelpParameter:24;A0_0:setConfirmCondition:15;A0_16:setEnable:12;A0_18:setEnable:12;A0_10:setText:8;A0_0:setText:6;worldMaster:_getMyPlayer:6;L1_11:getPhysicalParameter:6;A0_10:setPhysicalParameterDisplay:6;A0_10:setCumulateAddBonusDisplay:6;A0_20:setEnable:6;A0_22:setEnable:6;A0_24:setEnable:2;A0_38:setStyle:2;A0_57:updateWindowDisplay:2
decomp_further_20260617,widget/ask/chocobonamingwidget,widget,widget;caravan,91,1,10,5,1,0,34,ChocoboNamingWidget:AskBaseClass,,A0_0:setControlProperty:5;A0_0:setConfirmCondition:2;desktopWidget:isChinese:2;A0_0:setAcceptChars:2;A0_6:getZenHanLength:2;A0_0:setControlCommandCondition:1;A0_0:setApplicationOperateCommand:1;A0_0:setCancelCondition:1;A0_0:setCloseCondition:1;A0_0:setEnable:1;A0_0:setIMEInput:1;A0_1:getKeyboardFocusedControl:1;A0_1:getEnable:1;A0_1:setKeyboardFocusedControl:1;A0_6:getControlProperty:1
decomp_further_20260617,widget/ask/contentrewardwidget,widget,widget,351,1,3,2,1,0,7,ContentRewardWidget:AskBaseClass,,A0_0:setVisibility:2;A0_0:setIcon:1;A0_0:setText:1;A0_0:_setProperty:1;A0_26:setBaseAskResult:1;A0_31:setBaseAskResult:1
decomp_further_20260617,widget/ask/eventitemselectwidget,widget,widget;item,428,1,14,4,1,0,46,EventItemSelectWidget:AskBaseClass,,A0_0:setControlCommandCondition:5;A0_0:setVisibility:4;A0_0:setText:3;A0_140:getChildWidgetByWindowName:3;desktopWidget:getPlayerItemInPackage:2;A0_26:setVisibility:2;L1_100:setProperty:2;A0_0:setNumberInput:1;A0_0:setIcon:1;L21_21:getItemIcon:1;A0_0:setCancelCondition:1;A0_26:getValue:1;A0_26:setValue:1;A0_26:setNumberInput:1;A0_26:setText:1
decomp_further_20260617,widget/ask/fellinginputwidget,widget,widget,379,1,20,1,1,0,93,FellingInputWidget:AskBaseClass,,A0_52:sendControlCommand:6;A0_52:setCommandList:5;A0_14:displayHelp:4;A0_51:getControlProperty:4;A0_14:setBaseAskResult:3;A0_22:setControlProperty:3;A0_51:sendControlCommand:3;A0_0:setControlProperty:2;A0_14:getKeyboardFocusedControl:2;A0_14:focusFirstCommand:2;A0_14:getCommandId:2;A0_20:setText:2;A0_22:setContent:2;A0_22:setVisibility:2;A0_48:setControlFocusable:2
decomp_further_20260617,widget/ask/fishinginputwidget,widget,widget,415,1,21,1,1,0,99,FishingInputWidget:AskBaseClass,,A0_52:sendControlCommand:6;A0_52:setCommandList:5;A0_14:displayHelp:4;A0_51:getControlProperty:4;A0_14:setBaseAskResult:3;A0_22:setControlProperty:3;A0_51:sendControlCommand:3;A0_0:setControlProperty:2;A0_14:getKeyboardFocusedControl:2;A0_14:focusFirstCommand:2;A0_14:getCommandId:2;A0_20:setText:2;A0_22:setContent:2;A0_22:setVisibility:2;A0_48:setControlFocusable:2
decomp_further_20260617,widget/ask/grandcompanyofficialjoinwidget,widget,widget,29,1,4,2,1,0,11,GrandCompanyOfficialJoinWidget:AskBaseClass,,A0_2:setText:2;A0_2:setContent:2;A0_2:setCommandParameter:2;A0_2:setConfirmCondition:2;A0_2:setCancelCondition:1;A0_5:setBaseAskResult:1;A0_10:setKeyboardFocusedControl:1
decomp_further_20260617,widget/ask/grandcompanyshopwidget,widget,widget;item,1131,1,41,5,1,0,131,GrandCompanyShopWidget:AskBaseClass,,A0_28:setVisibility:11;A0_28:getListPropertyCount:8;A0_69:setListProperty:6;A0_3:setControlCommandCondition:5;A0_104:setVisibility:5;A0_28:createShopItemList:4;A0_28:setWindowFocus:4;A0_197:setListProperty:4;A0_28:displayFocusedItemHelp:3;A0_28:setSelectedIndex:3;A0_166:getControlProperty:3;A0_9:setText:2;A0_69:getListProperty:2;desktopWidget:getPlayerItemInPackage:2;A0_151:selectedBorder:2
decomp_further_20260617,widget/ask/guildleveareaorderwidget,widget,quest;widget,54,1,6,2,1,0,22,GuildleveAreaOrderWidget:AskBaseClass,,A0_0:setHelpParameter:4;A0_0:setText:3;A0_2:setListText:3;A0_16:getBaseAskResult:2;A0_0:setControlCommandCondition:1;A0_0:setCancelCondition:1;A0_0:setVisibility:1;A0_0:setLogicalFocus:1;A0_2:setListProperty:1;A0_5:updateListProperty:1;A0_5:getKeyboardFocusedControl:1;A0_5:setKeyboardFocusedControl:1;A0_6:setBaseAskResult:1;A0_11:setBaseAskResult:1
decomp_further_20260617,widget/ask/guildlevecardorderwidget,widget,quest;widget,225,1,11,3,1,0,35,GuildleveCardOrderWidget:AskBaseClass,,A0_0:setIcon:3;A0_0:setControlCommandCondition:2;A0_0:setUserWorkGuildleveID:2;A0_0:setUserWorkAskID:2;A0_30:setVisibility:2;A0_30:setHidden:2;A0_30:setText:2;A0_59:setControlUserWorkInt:2;A0_63:getControlUserWorkInt:2;A1_1:getPreGuildleveId:1;A0_0:setConfirmCondition:1;A0_0:getGuildleveIcon:1;A0_0:setUserWorkSkillIconID:1;A0_0:setVisibility:1;A0_0:setHidden:1
decomp_further_20260617,widget/ask/guildleveselectlevelwidget,widget,quest;widget,56,1,3,2,1,0,25,GuildleveSelectLevelWidget:AskBaseClass,,A0_0:_setProperty:7;A0_0:setConfirmCondition:6;A0_2:setBaseAskResult:6;A0_0:setItemVisibility:4;A0_0:setCancelCondition:1;A0_7:setBaseAskResult:1
decomp_further_20260617,widget/ask/guildlevestartwidget,widget,quest;widget,44,1,3,2,1,0,19,GuildleveStartWidget:AskBaseClass,,A0_0:_setProperty:6;A0_0:setVisibility:3;A0_0:setConfirmCondition:2;A0_0:setContent:2;A0_0:setText:2;A0_11:setBaseAskResult:2;A0_0:setCancelCondition:1;A0_16:setBaseAskResult:1
decomp_further_20260617,widget/ask/hamletdefenserankingwidget,widget,widget;hamlet,215,1,7,1,1,0,22,HamletDefenseRankingWidget:AskBaseClass,,A0_2:setText:4;A0_2:setGrandCompanyTitle:3;A0_12:setVisibility:3;A0_2:setVisibility:2;A0_0:setStyle:1;A0_12:setIcon:1;A0_12:getListItemBaseName:1;desktopWidget:getLinkshellIconID:1;A0_25:setRankingListItem:1;A0_41:setCancelCondition:1;A0_41:setConfirmCondition:1;A0_41:setTitleInformation:1;A0_41:setRankingList:1;A0_47:setBaseAskResult:1
decomp_further_20260617,widget/ask/hamletdefensescorewidget,widget,widget;hamlet,62,1,2,1,1,0,3,HamletDefenseScoreWidget:AskBaseClass,,A0_0:setListText:1;A0_0:setListProperty:1;A0_11:setBaseAskResult:1
decomp_further_20260617,widget/ask/hamletdefensetutorialwidget,widget,widget;hamlet,445,1,8,2,1,0,22,HamletDefenseTutorialWidget:AskBaseClass,,A0_13:getKeyboardFocusedControl:3;A0_18:getKeyboardFocusedControl:3;A0_7:setPage:2;A0_18:sendControlCommand:2;A0_18:setEnable:2;A0_18:setKeyboardFocusedControl:2;A0_0:setVisibility:1;A0_7:setBaseAskResult:1;A0_13:setKeyboardFocusedControl:1;A0_13:setBaseAskResult:1;A0_18:setVisibility:1;A0_18:setControlUserWorkInt:1;A0_18:setText:1;A0_18:getPageMax:1
decomp_further_20260617,widget/ask/itemsearchwidget,widget,widget;item;search,172,1,18,4,1,0,54,ItemSearchWidget:AskBaseClass,,A0_27:setListProperty:4;A0_34:setListProperty:4;A0_41:setListProperty:4;A0_0:setConfirmCondition:2;A0_28:setBaseAskResult:2;A0_0:setControlCommandCondition:1;A0_0:setCancelCondition:1;A0_0:setCloseCondition:1;A0_0:initPhase:1;A0_1:initMarketSelectPhase:1;A0_1:initItemTypeSelectPhase:1;A0_1:initItemSelectPhase:1;A0_4:setBaseAskResult:1;A0_9:operateMarketSelectPhase:1;A0_9:operateItemTypeSelectPhase:1
decomp_further_20260617,widget/ask/itemstoragegetwidget,widget,widget;item,1015,1,40,7,1,0,143,ItemStorageGetWidget:AskBaseClass,,A0_20:setVisibility:11;A0_62:setListProperty:7;A0_2:setVisibility:6;A0_2:initListBox:6;A0_5:resetListBox:6;A0_2:setText:4;A0_13:setVisibility:4;A0_101:getListProperty:4;L2_103:_getEquippingItem:4;A0_11:setVisibility:2;A0_13:displayFocusedItemHelp:2;A0_13:setWindowFocus:2;A0_13:focusToIndex:2;A0_42:getListBoxFocusNum:2;A0_51:setControlCommandCondition:2
decomp_further_20260617,widget/ask/itemstorageputwidget,widget,widget;item,1492,1,44,7,1,0,146,ItemStoragePutWidget:AskBaseClass,,A0_20:setVisibility:11;A0_2:setVisibility:6;A0_2:initListBox:6;A0_5:resetListBox:6;A0_107:setListProperty:6;A0_2:setText:4;A0_13:setVisibility:4;A0_11:setVisibility:2;A0_13:displayFocusedItemHelp:2;A0_13:setWindowFocus:2;A0_13:focusToIndex:2;A0_42:getListBoxFocusNum:2;A0_51:setControlCommandCondition:2;A0_130:indexToFocus:2;A0_130:focusToIndex:2
decomp_further_20260617,widget/ask/jobtutorialwidget,widget,widget,18,1,3,2,1,0,8,JobTutorialWidget:AskBaseClass,,A0_0:setText:2;A0_0:setConfirmCondition:1;A0_0:setContent:1;A0_0:setCancelCondition:1;A0_0:setVisibility:1;A0_1:setBaseAskResult:1;A0_6:setBaseAskResult:1
decomp_further_20260617,widget/ask/journaldetailwidget,widget,widget,898,1,18,5,1,0,108,JournalDetailWidget:AskBaseClass,,A0_31:addGuildleveTemplateNormal:11;A0_53:setItemVisibility:8;A0_31:addGuildleveTemplate:7;desktopWidget:openChildWidget:6;A0_53:setVisibility:6;A0_53:setItemText:6;A0_0:setConfirmCondition:4;A0_0:setVisibility:4;A0_0:checkGuildleveProcess:4;A0_0:setEnable:4;A0_53:setIcon:4;A0_53:setInfoData:4;worldMaster:_getMyPlayer:4;desktopWidget:closeWidgetDirect:3;A0_31:addGuildleveTemplateTitle:3
decomp_further_20260617,widget/ask/journallistwidget,widget,widget,1151,1,21,5,1,0,67,JournalListWidget:AskBaseClass,,A0_53:setListProperty:4;A0_0:setVisibility:3;desktopWidget:openChildWidget:3;A0_60:addQuestList:3;A0_60:addActiveGuildleveList:3;A0_60:addPassiveGuildleveList:3;A0_62:setListProperty:3;A0_0:setControlCommandCondition:2;A0_0:createCategoryComboBox:2;A0_3:finish:2;A0_9:finish:2;L3_94:getScenarioQuest:2;A0_0:setCancelCondition:1;A0_0:setCloseCondition:1;A0_0:setConfirmCondition:1
decomp_further_20260617,widget/ask/marketselectwidget,widget,widget,121,1,5,2,1,0,8,MarketSelectWidget:AskBaseClass,,A0_0:setConfirmCondition:1;A0_6:setKeyboardFocusedControl:1;A0_6:setVisibility:1;A0_9:setContent:1;A0_9:setVisibility:1;A0_27:setBaseAskResult:1;A0_38:setContent:1;A0_38:setVisibility:1
decomp_further_20260617,widget/ask/materiaattachaskwidget,widget,widget;item,654,1,16,6,1,0,50,MateriaAttachAskWidget:AskBaseClass,,desktopWidget:closeWidgetDirect:6;A0_13:setStyle:3;A0_13:setVisibility:2;A0_21:setTextByOwner:2;A0_21:setVisibility:2;worldMaster:alert:2;desktopWidget:_getKeyboardFocusedWidget:2;A0_74:getBaseAskResult:2;A0_80:_getParentWidget:2;A1_1:_getItem:1;desktopWidget:setItemDetail:1;desktopWidget:setItemDetailEquip:1;desktopWidget:setItemCatalyst:1;desktopWidget:setItemMateriaInstall:1;desktopWidget:setItemMateriaInstallSkill:1
decomp_further_20260617,widget/ask/materiadialogwidget,widget,widget;item,211,1,8,3,1,0,75,MateriaDialogWidget:AskBaseClass,,A0_20:setVisibility:5;A0_29:setVisibility:5;A0_10:_getParentWidget:4;desktopWidget:getEventModeWidget:4;A0_20:setText:4;A0_29:setText:4;A0_0:setCancelCondition:3;A0_0:setConfirmCondition:2;A0_0:setContent:2;desktopWidget:closeWidgetDirect:2;A0_10:setBaseAskResult:2;A0_15:setWindowFocus:2;A0_15:_getParentWidget:2;A0_20:setIcon:2;L3_23:isExclusiveItem:2
decomp_further_20260617,widget/ask/materiainformwidget,widget,widget;item,110,1,6,2,1,0,36,MateriaInformWidget:AskBaseClass,,A0_11:setVisibility:7;A0_0:setStyle:6;A0_0:setText:4;A0_0:setVisibility:3;A0_11:setIcon:3;A0_11:setText:2;A0_16:setVisibility:2;A2_6:getItemIcon:1;A2_6:_getCatalogID:1;A2_6:_getNameIndex:1;A1_12:_getNameIndex:1;A1_12:getMateriaBindPermission:1;A0_16:setIcon:1;A0_16:setText:1;A0_26:setBaseAskResult:1
decomp_further_20260617,widget/ask/materiaremovewidget,widget,widget;item,1607,1,64,7,1,0,214,MateriaRemoveWidget:AskBaseClass,,A0_28:setVisibility:12;A0_115:setListProperty:10;A0_181:getListProperty:10;A0_2:setVisibility:5;A0_23:setVisibility:4;A0_25:setVisibility:4;worldMaster:_getMyPlayer:4;A0_3:setConfirmCondition:3;A0_8:setText:3;A0_25:getListBoxFocusNum:3;L11_86:getGrandCompanyRank:3;A0_75:setListPropertyVisibility:3;desktopWidget:getMateriaBindPermission:3;desktopWidget:getAttachedMateriaCountByIndex:3;A0_109:setListProperty:3
decomp_further_20260617,widget/ask/mininginputwidget,widget,widget,376,1,20,1,1,0,90,MiningInputWidget:AskBaseClass,,A0_52:sendControlCommand:6;A0_52:setCommandList:5;A0_14:displayHelp:4;A0_14:setBaseAskResult:3;A0_22:setControlProperty:3;A0_51:sendControlCommand:3;A0_0:setControlProperty:2;A0_14:getKeyboardFocusedControl:2;A0_14:focusFirstCommand:2;A0_14:getCommandId:2;A0_20:setText:2;A0_22:setContent:2;A0_22:setVisibility:2;A0_48:setControlFocusable:2;A0_48:setControlProperty:2
decomp_further_20260617,widget/ask/negotiationabilitylistwidget,widget,widget,169,1,7,3,1,0,50,NegotiationAbilityListWidget:AskBaseClass,,A0_0:setConfirmCondition:6;A0_0:setControlCommandCondition:6;A0_0:setVisibility:5;A0_7:playerAbilitySelect:5;A0_19:abilityHelpDisp:5;A0_0:setText:4;A0_33:setText:4;A0_33:setVisibility:4;desktopWidget:closeEventModeWidget:2;A0_36:_getParentWidget:2;A0_0:abilityHelpDisp:1;A0_0:setContent:1;A0_0:setModal:1;A0_0:setCancelCondition:1;A0_19:setVisibility:1
decomp_further_20260617,widget/ask/negotiationaskwidget,widget,widget,64,1,3,2,1,0,4,NegotiationAskWidget:AskBaseClass,,A0_11:setBaseAskResult:2;A0_0:setVisibility:1;A0_16:setBaseAskResult:1
decomp_further_20260617,widget/ask/negotiationlistwidget,widget,widget,125,1,3,2,1,0,43,NegotiationListWidget:AskBaseClass,,A0_0:setText:11;A0_0:setConfirmCondition:10;A0_0:setVisibility:10;A0_12:setBaseAskResult:10;A0_0:setCancelCondition:1;A0_18:setBaseAskResult:1
decomp_further_20260617,widget/ask/negotiationwidget,widget,widget,946,1,13,4,1,0,64,NegotiationWidget:AskBaseClass,,A0_15:playerSelect:12;A0_36:setSelectIconInformationDisp:12;A0_96:setIcon:12;A0_96:setVisibility:6;A0_0:setVisibility:3;desktopWidget:openChildWidget:2;A0_36:setVisibility:2;A0_44:setVisibility:2;A0_0:setEnable:1;A0_15:abilityCheck:1;A0_15:getChildWidgetByWindowName:1;A0_15:_sendStoryboardCommand:1;A0_24:setEnable:1;A0_36:playerSelect:1;A0_44:setText:1
decomp_further_20260617,widget/ask/rewardselectwidget,widget,widget,623,1,32,7,1,0,115,RewardSelectWidget:AskBaseClass,,A0_27:makeRewardItemList:17;A0_59:setVisibility:12;A0_52:setVisibility:4;A0_117:getListProperty:4;L2_119:_getEquippingItem:4;A0_152:getListBoxFocusNum:3;A0_52:setWindowFocus:2;A0_52:focusToIndex:2;A0_81:getListBoxFocusNum:2;A0_85:setControlProperty:2;A0_90:setControlCommandCondition:2;A0_117:setVisibility:2;A0_140:updateWindowDisplay:2;A0_145:catalogSkip:2;A0_151:focusToIndex:2
decomp_further_20260617,widget/ask/shopbuywidget,widget,widget;item,1073,1,48,7,1,0,176,ShopBuyWidget:AskBaseClass,,A0_33:setVisibility:12;L2_190:setSubMenuVisibility:10;L2_190:setWindowFocus:10;A0_86:setListProperty:8;A0_220:setListProperty:6;A0_26:setVisibility:4;A0_115:getListProperty:4;L2_117:_getEquippingItem:4;A0_11:setControlProperty:3;A0_156:getListBoxFocusNum:3;A0_11:setVisibility:2;A0_26:setWindowFocus:2;A0_26:focusToIndex:2;A0_37:countMoney:2;desktopWidget:getPlayerItemInPackage:2
decomp_further_20260617,widget/ask/shopsellwidget,widget,widget;item,1375,1,55,7,1,0,166,ShopSellWidget:AskBaseClass,,A0_23:setVisibility:12;worldMaster:_getServerTime:6;A0_8:resetListBox:5;A0_14:setVisibility:4;A0_16:setVisibility:4;worldMaster:_getMyPlayer:4;A0_235:setVisibility:3;A0_16:displayFocusedItemHelp:2;A0_16:setWindowFocus:2;A0_16:focusToIndex:2;A0_49:getListBoxFocusNum:2;A0_58:setControlCommandCondition:2;A0_99:setItemToXmlLight:2;A0_99:deleteListProperty:2;A0_132:indexToFocus:2
decomp_further_20260617,widget/ask/treasurelistwidget,widget,widget,106,1,10,5,1,0,26,TreasureListWidget:AskBaseClass,,A0_2:setVisibility:7;A0_2:setControlCommandCondition:3;A0_2:setCancelCondition:1;A0_2:setCloseCondition:1;A0_3:updateListProperty:1;A0_3:updateHelpInfo:1;desktopWidget:openChildWidget:1;A0_9:setBaseAskResult:1;A0_14:setCommonTimer:1;A0_21:setBaseAskResult:1;A0_23:updateHelpInfo:1;desktopWidget:setItemToXml:1;L5_29:getItemIcon:1;L5_29:_isStackable:1;L5_29:_countStack:1
decomp_further_20260617,widget/ask/tutorialmodeselectwidget,widget,widget,15,1,2,1,1,0,7,TutorialModeSelectWidget:AskBaseClass,,A0_0:setCommandParameter:2;A0_0:setConfirmCondition:2;worldMaster:_isKeyboardOnlyTutorial:1;A0_0:setEnable:1;A0_1:setBaseAskResult:1
decomp_further_20260617,widget/ask/tutorialwidget,widget,widget,930,1,53,2,1,0,177,TutorialWidget:AskBaseClass,,A0_20:setText:2;A0_21:setText:2;A0_26:setText:2;A0_31:setText:2;A0_36:setText:2;A0_37:setText:2;A0_38:setText:2;A0_43:setText:2;A0_48:setText:2;A0_49:setText:2;A0_52:setText:2;A0_55:setText:2;A0_56:setText:2;A0_59:setText:2;A0_62:setText:2
decomp_further_20260617,widget/ask/waitingcountdownwidget,widget,widget,25,1,4,3,1,0,12,WaitingCountdownWidget:AskBaseClass,,A0_0:setConfirmCondition:1;A0_0:setCancelCondition:1;A0_0:setUICommandCondition:1;A0_0:setTextByOwner:1;A0_0:setMaximum:1;A0_0:setValue:1;A0_5:isAskFinish:1;A0_5:setBaseAskResult:1;A0_10:isAskFinish:1;A0_10:setBaseAskResult:1;A0_15:isAskFinish:1;A0_15:setBaseAskResult:1
decomp_further_20260617,widget/bazaareditwidget,widget,retainer;widget,2454,1,21,2,1,0,172,BazaarEditWidget:WidgetBaseClass,,A0_7:setVisibility:45;A0_54:setEnable:9;A0_7:setNumberInput:8;A0_68:setNumberInput:7;L8_64:closeBazaarEdit:6;A0_0:setControlCommandCondition:5;A0_7:setText:5;A0_54:getNumberInput:5;A0_7:setHelpParameter:4;A0_29:_getParentWidget:4;A0_68:getMoney:4;A0_68:setVisibility:4;A0_0:setConfirmCondition:3;A0_31:setValue:3;A0_54:setText:3
decomp_further_20260617,widget/bazaarlistwidget,widget,retainer;widget,2680,1,70,7,1,0,355,BazaarListWidget:WidgetBaseClass,,A0_234:setVisibility:82;A0_213:getListProperty:14;A0_25:setVisibility:12;A0_184:setListProperty:12;A0_111:setListProperty:10;A0_234:setText:8;A0_234:setIcon:6;A0_266:setControlProperty:6;A0_16:setVisibility:4;A0_18:getChildWidgetByWindowName:4;A0_18:setVisibility:4;desktopWidget:getBazaarItem:4;desktopWidget:getBazaarItemDealData:4;desktopWidget:isValidBazaarActor:3;A0_16:setContent:3
decomp_further_20260617,widget/captionwidget,widget,widget,32,1,5,0,1,0,3,CaptionWidget:WidgetBaseClass,,A0_0:removeCaption:1;A0_10:removeCaption:1;A0_23:_setProperty:1
decomp_further_20260617,widget/castrumnovummapwidget,widget,widget,5,1,1,0,1,0,1,CastrumNovumMapWidget:WidgetBaseClass,,A0_0:show:1
decomp_further_20260617,widget/chainbonuseffectwidget,widget,widget,5,1,1,0,1,0,0,ChainBonusEffectWidget:WidgetBaseClass,,
decomp_further_20260617,widget/chocobocaravanwidget,widget,widget;caravan,208,1,9,0,1,0,15,ChocoboCaravanWidget:WidgetBaseClass,,A0_15:setControlProperty:6;A0_20:setText:2;A0_0:updateChocoboHp:1;A0_0:updateChocoboStatus:1;A0_13:setText:1;A0_23:setIcon:1;A0_26:sendControlCommand:1;A0_31:sendControlCommand:1;A0_36:setValue:1
decomp_further_20260617,widget/chocoborentaltimerwidget,widget,widget;caravan,16,1,2,0,1,0,4,ChocoboRentalTimerWidget:WidgetBaseClass,,A0_2:_setProperty:4
decomp_further_20260617,widget/commonaskwidget,widget,widget,51,1,4,2,1,0,10,CommonAskWidget:WidgetBaseClass,,A0_0:setModal:1;A0_0:setCancelCondition:1;A0_0:_setUICommandTemplateCondition:1;A0_0:setText:1;A0_0:setListBoxItem:1;desktopWidget:parseWidgetString:1;A0_5:setAskResult:1;A0_13:_setKeyboardFocusedControl:1;A0_16:_getParentWidget:1;desktopWidget:closeWidgetDirect:1
decomp_further_20260617,widget/commondialogwidget,widget,widget,90,1,4,1,1,0,7,CommonDialogWidget:WidgetBaseClass,,A0_13:setAskResult:2;A0_0:setConfirmCondition:1;A0_20:_getParentWidget:1;desktopWidget:closeWidgetDirect:1;A0_22:setContent:1;A0_22:setVisibility:1
decomp_further_20260617,widget/communitymenuwidget,widget,widget;group,31,1,3,1,1,0,14,CommunityMenuWidget:WidgetBaseClass,,desktopWidget:openChildWidget:4;A0_0:_setUICommandCondition:2;desktopWidget:closeWidgetDirect:2;A0_0:setCancelCondition:1;A0_0:setCloseCondition:1;A0_0:setModal:1;A0_0:setDrag:1;A0_6:setProperty:1;A0_6:setKeyboardFocusedControl:1
decomp_further_20260617,widget/configcamerawidget,widget,widget;config,117,1,9,4,1,0,54,ConfigCameraWidget:WidgetBaseClass,,A0_0:setControlCommandCondition:9;A0_0:setControlUserWorkInt:9;desktopWidget:resetConfigWork:9;A0_2:initToggleButton:5;A0_2:initSliderBar:4;A0_0:setConfirmCondition:3;desktopWidget:setDefaultCamera:3;A0_0:setModal:1;A0_0:setCancelCondition:1;A0_0:setCloseCondition:1;A0_0:initControls:1;A0_1:initControls:1;desktopWidget:openChildWidget:1;desktopWidget:setConfigFlag:1;desktopWidget:getConfigWork:1
decomp_further_20260617,widget/configkeyboardaskwidget,widget,widget;config,16,1,1,0,1,0,1,ConfigKeyboardAskWidget:WidgetBaseClass,,A0_0:setText:1
decomp_further_20260617,widget/configkeyboardwidget,widget,widget;config,47,1,5,3,1,0,11,ConfigKeyboardWidget:WidgetBaseClass,,A0_0:setConfirmCondition:2;A0_0:setControlCommandCondition:1;A0_0:setControlUserWorkInt:1;A0_0:setCancelCondition:1;A0_0:initToggleButton:1;desktopWidget:openChildWidget:1;A0_7:sendControlCommand:1;desktopWidget:closeWidgetDirect:1;desktopWidget:setConfigFlag:1;A0_19:setChecked:1
decomp_further_20260617,widget/configmapwidget,widget,widget;config,75,1,7,3,1,0,14,ConfigMapWidget:WidgetBaseClass,,A0_0:setControlCommandCondition:1;A0_0:setConfirmCondition:1;A0_0:setCancelCondition:1;A0_0:setCloseCondition:1;A0_0:setModal:1;A0_0:setControlUserWorkInt:1;A0_0:initControls:1;desktopWidget:resetConfigWork:1;A0_1:initControls:1;A0_2:initSliderBar:1;desktopWidget:openChildWidget:1;A0_8:setVisualOpacity:1;A0_18:reset:1;A0_20:setVisualOpacity:1
decomp_further_20260617,widget/confignameplatecolorwidget,widget,widget;config,32,1,6,2,1,0,10,ConfigNamePlateColorWidget:WidgetBaseClass,,A0_10:getControlProperty:3;A0_12:_getParentWidget:2;A0_2:setConfirmCondition:1;A0_2:setCommandParameter:1;A0_12:getButtonColor:1;A0_12:hide:1;A0_17:hide:1
decomp_further_20260617,widget/confignameplatewidget,widget,widget;config,130,1,11,5,1,0,76,ConfigNamePlateWidget:WidgetBaseClass,,A0_0:setControlCommandCondition:15;A0_0:setControlUserWorkInt:15;desktopWidget:resetConfigWork:15;A0_1:initToggleButton:14;desktopWidget:setConfigWork:2;A0_0:setConfirmCondition:1;A0_0:setCancelCondition:1;A0_0:setCloseCondition:1;A0_0:setModal:1;A0_0:setHelpParameter:1;A0_0:update:1;A0_1:initSliderBar:1;A0_2:update:1;desktopWidget:openChildWidget:1;desktopWidget:setConfigFlag:1
decomp_further_20260617,widget/configsoundwidget,widget,widget;config,89,1,9,4,1,0,42,ConfigSoundWidget:WidgetBaseClass,,A0_0:setControlCommandCondition:7;A0_0:setControlUserWorkInt:7;desktopWidget:resetConfigWork:7;A0_2:initSliderBar:6;A0_0:setConfirmCondition:1;A0_0:setCancelCondition:1;A0_0:setCloseCondition:1;A0_0:setModal:1;A0_0:initControls:1;A0_1:initControls:1;A0_2:initToggleButton:1;desktopWidget:openChildWidget:1;A0_8:reset:1;desktopWidget:setConfigFlag:1;A0_17:getMaximum:1
decomp_further_20260617,widget/configsystemwidget,widget,widget;system;config,108,1,8,4,1,0,41,ConfigSystemWidget:WidgetBaseClass,,A0_0:setControlCommandCondition:10;desktopWidget:resetConfigWork:10;A0_0:setControlUserWorkInt:9;A0_0:setConfirmCondition:1;A0_0:setCancelCondition:1;A0_0:setCloseCondition:1;A0_0:setModal:1;A0_0:update:1;A0_1:setSelectedIndex:1;A0_4:update:1;desktopWidget:openChildWidget:1;desktopWidget:setConfigWork:1;desktopWidget:setConfigFlag:1;A0_23:setChecked:1;A0_26:reset:1
decomp_further_20260617,widget/configtargetwidget,widget,widget;config,165,1,7,3,1,0,45,ConfigTargetWidget:WidgetBaseClass,,desktopWidget:resetConfigWork:8;A0_0:setConfirmCondition:7;A0_0:setControlCommandCondition:6;A0_0:setControlUserWorkInt:6;desktopWidget:setConfigWork:6;A0_1:setChecked:3;A0_0:setCancelCondition:1;A0_0:setCloseCondition:1;A0_0:setModal:1;A0_0:update:1;A0_5:update:1;desktopWidget:openChildWidget:1;desktopWidget:setConfigFlag:1;A0_19:setChecked:1;A0_22:reset:1
decomp_further_20260617,widget/configwidget,widget,widget;config,142,1,5,3,1,0,29,ConfigWidget:WidgetBaseClass,,A0_0:setConfirmCondition:11;desktopWidget:openChildWidget:11;A0_0:setCancelCondition:1;A0_0:setCloseCondition:1;A0_0:setModal:1;A0_0:update:1;A0_1:setEnable:1;desktopWidget:_saveUserConfig:1;A0_12:sendDesktopCommand:1
decomp_further_20260617,widget/consoleicontraywidget,widget,widget,1089,1,32,6,1,0,168,ConsoleIconTrayWidget:WidgetBaseClass,,A0_0:setConfirmCondition:27;worldMaster:_getMyPlayer:17;A0_69:setButtonMask:8;desktopWidget:executePlayerSystemCommand:6;A0_0:setVisibility:4;A0_0:setControlUserWorkInt:4;A0_32:setButtonMask:4;desktopWidget:getLinkpearlStatus:4;A0_104:setIconLocal:4;A0_104:sendControlCommand:4;A0_104:setVisibility:4;A0_0:setControlCommandCondition:3;desktopWidget:openChildWidget:3;A0_69:setHelpParameter:3;desktopWidget:getConfigFlag:3
decomp_further_20260617,widget/crafteditwidget,widget,widget;item,2401,1,72,6,1,0,291,CraftEditWidget:WidgetBaseClass,,A0_44:setVisibility:22;A0_342:setVisibility:9;A0_184:setListProperty:8;A0_352:setControlProperty:8;A0_171:setListProperty:7;A0_32:setGridVisibility:5;worldMaster:_getMyPlayer:5;A0_344:setVisibility:5;A0_352:setVisibility:5;A0_279:setControlProperty:4;desktopWidget:changeFocusedWidget:4;A0_34:setVisibility:3;A0_34:setWindowFocus:3;A0_218:setVisibility:3;A0_342:setText:3
decomp_further_20260617,widget/craftprogresswidget,widget,widget;item,395,1,16,3,1,0,50,CraftProgressWidget:WidgetBaseClass,,A0_57:setCommandList:10;A0_14:setControlProperty:2;A0_20:setVisibility:2;A0_57:setEnable:2;A0_0:setModal:1;A0_0:setDrag:1;A0_0:initCommandList:1;A0_0:setInitialData:1;A0_7:setVisibility:1;A0_7:updateProcess:1;A0_14:_addItem:1;A0_14:setVisibility:1;A0_20:setControlProperty:1;A0_20:setStyle:1;A0_20:setContent:1
decomp_further_20260617,widget/craftrecipewidget,widget,widget;item,688,1,13,3,1,0,42,CraftRecipeWidget:WidgetBaseClass,,A0_19:_getParentWidget:5;A0_121:setVisibility:5;desktopWidget:getPlayerItemInPackage:3;desktopWidget:getPlayerBufferStatus:3;A0_0:setControlProperty:2;A0_46:getCraftableItemData:2;A0_71:setStyle:2;A0_98:setUserWorkInt:2;A0_0:setVisibility:1;A0_17:displayItemHelp:1;A0_19:setKeyboardFocusedControl:1;desktopWidget:closeWidgetDirect:1;A0_24:getUserWorkInt:1;L5_29:setRecipeToSlot:1;L3_59:_isEquipping:1
decomp_further_20260617,widget/craftrepairwidget,widget,widget;item,667,1,28,5,1,0,97,CraftRepairWidget:WidgetBaseClass,,A0_115:setReadyMaterialInSlot:8;A0_0:setControlProperty:5;A0_0:setVisibility:3;A0_67:getControlProperty:3;A0_89:getSlotData:3;A0_89:getChildWidgetByWindowName:3;A0_134:getSlotData:3;A0_136:setKeyboardFocusedControl:3;desktopWidget:getPlayerBufferStatus:3;A0_0:setControlCommandCondition:2;A0_0:setIcon:2;A0_0:setHidden:2;A0_31:setControlCommandCondition:2;A0_38:getSlotData:2;A0_59:getChildWidgetByWindowName:2
decomp_further_20260617,widget/craftstartwidget,widget,widget;item,1216,1,48,4,1,0,148,CraftStartWidget:WidgetBaseClass,,L9_140:makeRecipeList:10;A0_0:setControlProperty:5;A0_6:setVisibility:4;A0_155:getChildWidgetByWindowName:4;A0_160:setKeyboardFocusedControl:4;A0_0:setVisibility:3;A0_46:getControlProperty:3;A0_79:getSlotData:3;A0_79:getChildWidgetByWindowName:3;A0_129:getSlotData:3;A0_150:getChildWidgetByWindowName:3;A0_160:displayHelp:3;desktopWidget:getPlayerBufferStatus:3;A0_0:setControlCommandCondition:2;A0_6:setContent:2
decomp_further_20260617,widget/debugdispwidget,widget,widget;debug,147,1,7,0,1,0,25,DebugDispWidget:WidgetBaseClass,,A0_34:_getProperty:4;A0_34:_setProperty:4;A0_24:_setProperty:3;A0_0:_setProperty:2;A0_13:setProperty:2;A0_16:_setProperty:2;A0_0:_addItem:1;A0_5:_getProperty:1;A0_5:_setProperty:1;A0_5:addText:1;A0_5:removeText:1;A0_15:_getProperty:1;A0_15:removeText:1;A0_24:_getProperty:1
decomp_further_20260617,widget/desktoputil,widget,widget,29,0,0,0,0,0,0,,,
decomp_further_20260617,widget/desktopwidget,widget,widget,111,0,16,7,4,0,26,,,worldMaster:_getMyPlayer:13;A0_0:_callSuperClassFunc:2;worldMaster:notify:2;A0_0:_setLoopInterval:1;A0_1:updateBazaarPackage:1;A0_17:orderDesktopWidgetMode:1;A0_17:cancelAllTarget:1;L3_22:cueAttentionOnClient:1;L3_22:isInstanceRaid:1;A0_19:openPublicInformDialogWidget:1;desktopWidget:orderDesktopWidgetMode:1;desktopWidget:cancelDesktopWidgetMode:1
decomp_further_20260617,widget/desktopwidget_connector,widget,widget,15467,0,0,0,0,0,1465,,,worldMaster:_getMyPlayer:123;A0_3:setUICommandCondition:71;A0_219:getWidget:26;A0_2059:getSubCommandID:26;A0_488:createStaticWidget:24;A0_272:updateItemInfoEventModeWidget:12;A0_276:updateItemWorkWidget:11;A1_117:isPlayer:9;A0_259:getWidget:8;worldMaster:alert:8;A1_117:isLiving:7;A0_66:getStaticWidget:6;L3_162:getPlaceDrivenCommandVariation:6;L9_174:isShow:6;A0_165:changeFocusedWidget:6
decomp_further_20260617,widget/desktopwidget_itemdetail,widget,widget;item,6225,0,0,0,0,0,327,,,A1_3:setListProperty:32;A1_223:getItemKind:11;A1_293:getListProperty:9;A1_275:getListProperty:8;A1_479:getListProperty:7;A0_323:getMateriaProperty:6;A2_308:getArmorDamageCut:4;A1_352:packTextParameter:4;A1_507:setVisibility:4;A1_590:setVisibility:4;A6_625:setVisibility:4;A1_707:setVisibility:4;L20_22:hasItem:3;A1_532:setHelpParameter:3;L11_630:hasItem:3
decomp_further_20260617,widget/desktopwidget_materia,widget,widget;item,238,0,0,0,0,0,16,,,materiaSheet:_getData:6;A1_26:setText:2;A1_26:setVisibility:2;A0_7:getAttachedMateriaCount:1;A0_11:getAttachedMateriaCountByItem:1;A0_14:setMateriaListItem:1;A0_25:getItemParamString:1;worldMaster:_getMyPlayer:1;A0_57:getItemInfo:1
decomp_further_20260617,widget/desktopwidget_u,widget,widget,361,0,0,0,0,0,3,,,A0_60:_getCurrentTargetCursor:1;worldMaster:_getMyPlayer:1;A0_60:_setTargetNearestCharacter_cpp:1
decomp_further_20260617,widget/emotelistwidget,widget,widget,360,1,14,2,1,0,161,EmoteListWidget:WidgetBaseClass,,A0_21:addEmoteData:51;A0_0:setConfirmCondition:17;desktopWidget:executePlayerTargetMarking:9;desktopWidget:executePlayerSignal:8;A0_21:addEmoteDataSeparator:7;worldMaster:_getMyPlayer:7;A0_29:setListProperty:5;A0_32:setListProperty:5;A0_35:setListProperty:5;A0_38:setListProperty:5;A0_26:setListProperty:4;desktopWidget:isRiding:4;A0_0:setControlCommandCondition:3;A0_38:setListText:3;desktopWidget:closeWidgetDirect:2
decomp_further_20260617,widget/equipwidget,widget,widget,4216,1,146,6,1,0,815,EquipWidget:WidgetBaseClass,,A0_754:maskSlot:44;A0_133:setText:31;A0_457:maskSlot:26;worldMaster:_getMyPlayer:23;A0_133:setHelpParameter:22;A0_109:getPlayerEquipmentForParts:18;A0_471:maskSlot:18;A0_756:displayRepairIcon:18;L3_752:getItemRepairItemNum:15;A0_747:getEquipItemDarkMattersForRepair:13;A0_754:getEquipItemDarkMattersForRepair:13;A0_777:checkEquipItemLifeForRepair:13;A0_490:setVisibility:12;A0_481:setGridVisibility:10;desktopWidget:getPlayerItemInPackage:10
decomp_further_20260617,widget/errordialogwidget,widget,widget,27,1,4,1,1,0,14,ErrorDialogWidget:WidgetBaseClass,,A0_7:getArgActor:2;A0_0:setConfirmCondition:1;A0_0:setCancelCondition:1;A0_0:setContent:1;A0_0:setVisibility:1;A0_0:setModal:1;A0_1:finish:1;A0_7:setArgActor:1;A0_7:hide:1;A0_9:finish:1;A0_9:setArgActor:1;A0_9:setText:1;A0_9:show:1
decomp_further_20260617,widget/extrabossinfomationwidget,widget,widget,5,1,1,0,1,0,1,ExtraBossInfomationWidget:WidgetBaseClass,,A0_0:show:1
decomp_further_20260617,widget/grandcompanyjoinwidget,widget,widget,53,1,3,1,1,0,7,GrandCompanyJoinWidget:WidgetBaseClass,,A0_0:setIcon:2;A0_0:setText:2;gcRankSheet:_loadKeyTemporarily:1;gcRankSheet:_getData:1;desktopWidget:closeWidgetDirect:1
decomp_further_20260617,widget/grandcompanystatuswidget,widget,widget;status,400,1,15,2,1,0,38,GrandCompanyStatusWidget:WidgetBaseClass,,A0_10:setEnable:4;A0_14:getTemplateControl:4;A0_13:setGrandCompany:3;A0_11:setText:2;L5_19:getGrandCompanyRankLinear:2;A0_14:setEnable:2;desktopWidget:getPlayerItemInPackage:2;gcRankSheet:_loadKeyTemporarily:2;gcRankSheet:_getData:2;A0_2:setProperty:1;A0_10:setCloseCondition:1;A0_10:setCancelCondition:1;A0_10:initGrandCompanyStatus:1;A0_10:updateGrandCompanyStatus:1;A0_14:setVisibility:1
decomp_further_20260617,widget/guildleveexecutionwidget,widget,quest;widget,375,1,11,0,1,0,34,GuildleveExecutionWidget:WidgetBaseClass,,A0_57:setIcon:6;A0_61:_setProperty:4;A0_68:setVisibility:4;A0_84:setVisibility:4;A0_57:setVisibility:2;A0_84:setIcon:2;A0_0:updateArticle:1;guildleveUISheet:_loadKeyTemporarily:1;guildleveUISheet:_getData:1;A0_0:setCard:1;A0_15:getArgActor:1;A0_16:_sendStoryboardCommand:1;A0_20:setArticleType:1;A0_20:setArticleState:1;A0_84:_setProperty:1
decomp_further_20260617,widget/guildlevehistorywidget,widget,quest;widget,294,1,14,4,1,0,44,GuildleveHistoryWidget:WidgetBaseClass,,A0_24:setUserWorkGuildleveID:8;A0_40:setIcon:3;A0_53:setVisibility:2;A0_68:setControlUserWorkInt:2;A0_72:getControlUserWorkInt:2;A0_0:setUserWorkGuildleveID:1;A0_0:setUserWorkSkillIconID:1;A0_0:setConfirmCondition:1;A0_0:setControlCommandCondition:1;A0_0:setHidden:1;A0_6:finish:1;desktopWidget:executeCommandJournalHistoryInfo:1;desktopWidget:openCommandFailedWidget:1;A0_11:setGuildleveInfomation:1;A0_18:finish:1
decomp_further_20260617,widget/hamletdefensepopupwidget,widget,widget;hamlet,23,1,1,0,1,0,13,HamletDefensePopupWidget:WidgetBaseClass,,A0_0:setVisibility:6;A0_0:setIcon:3;A0_0:sendCommand:2;A0_0:setText:1;A0_0:setTextByOwner:1
decomp_further_20260617,widget/hamletdefensewidget,widget,widget;hamlet,528,1,33,1,1,0,60,HamletDefenseWidget:WidgetBaseClass,,A0_18:setCustomTimerProperty:6;A0_112:sendControlCommand:4;A0_6:setTitleIcon:3;A0_36:setMaximum:2;A0_36:setValue:2;A0_36:sendControlCommand:2;A0_86:setVisibility:2;A0_112:getBingoItemIndexTable:2;A0_0:initTimer:1;A0_0:initDefenseLineStatus:1;A0_0:initGoodsStatus:1;A0_0:initArmyBuff:1;A0_0:initEnemyBuff:1;A0_0:initGatheringItem:1;desktopWidget:closeWidgetDirect:1
decomp_further_20260617,widget/ignorelistwidget,widget,widget,434,1,15,1,1,0,33,IgnoreListWidget:WidgetBaseClass,,A0_0:setVisibility:2;A0_0:setControlProperty:2;A0_13:setSignal:2;A0_13:setBorder:2;A0_0:_addItem:1;A0_11:setLogicalFocus:1;desktopWidget:_getKeyboardFocusedWidget:1;A0_11:setKeyboardFocusedControl:1;A0_13:makeThisPage:1;A0_13:ignoreFamilyName:1;A0_13:getAddressListMax:1;L6_19:setMode:1;L6_19:show:1;desktopWidget:openChildWidget:1;A0_20:sendControlCommand:1
decomp_further_20260617,widget/itemdetailwidget,widget,widget;item,656,1,17,1,1,0,128,ItemDetailWidget:WidgetBaseClass,,A0_19:setVisibility:13;A0_73:_setProperty:10;A0_31:setText:9;A0_0:setVisibility:7;A0_73:setVisibility:6;desktopWidget:getWindowSize:5;A0_64:hide:5;A0_64:_getParentWidget:4;A0_0:setProperty:3;A0_31:setStyle:3;A0_34:setText:3;A0_64:setModal:3;A0_64:setVisibility:3;A0_73:setGridVisibility:3;A0_0:getWindowSize:2
decomp_further_20260617,widget/itemeditwidget,widget,widget;item,521,1,10,3,1,0,63,ItemEditWidget:WidgetBaseClass,,A0_7:setVisibility:8;A0_20:_getParentWidget:4;L5_34:setItemEditData:4;L5_34:closeItemEdit:4;worldMaster:_getMyPlayer:3;A0_0:setCancelCondition:2;A0_0:setConfirmCondition:2;A0_0:setHelpParameter:2;A0_7:setIcon:2;A0_7:setText:2;A0_24:_getParentWidget:2;A0_29:checkCertainItem:2;A0_29:setModal:2;desktopWidget:changeFocusedWidget:2;A0_36:_getParentWidget:2
decomp_further_20260617,widget/itemlistwidget,widget,widget;item,3037,1,89,8,1,0,456,ItemListWidget:WidgetBaseClass,,A0_253:setVisibility:82;worldMaster:_getMyPlayer:25;A0_232:getListProperty:14;A0_79:setVisibility:12;A0_152:setListProperty:10;A0_253:setText:8;A0_0:initListBox:6;A0_13:resetListBox:6;A0_253:setIcon:6;desktopWidget:openChildWidget:6;desktopWidget:getAttachedMateriaCountByItem:5;L19_405:_isEquipping:5;A0_74:setVisibility:4;A0_76:setVisibility:4;A0_196:setItemToXmlLight:4
decomp_further_20260617,widget/itemselectwidget,widget,widget;item,1639,1,48,7,1,0,201,ItemSelectWidget:WidgetBaseClass,,A0_31:setVisibility:15;worldMaster:_getMyPlayer:6;A0_8:getListBoxName:6;A0_2:initListBox:5;A0_21:setCancelCondition:4;A0_24:setVisibility:4;desktopWidget:getRetainerItem:4;A0_2:setVisibility:3;A0_8:setSelectedIndex:3;A0_21:setConfirmCondition:3;A0_24:setControlProperty:3;A0_146:_getParentWidget:3;A0_162:_getParentWidget:3;A0_212:updateListProperty:3;desktopWidget:getConfigWork:2
decomp_further_20260617,widget/itemsharewidget,widget,widget;item,479,1,26,1,1,0,60,ItemShareWidget:WidgetBaseClass,,A0_47:_setProperty:4;A0_5:_getParentWidget:3;A0_2:setProperty:2;A0_2:setButtonEvents:2;A0_2:setContent:2;A0_2:setHelpParameter:2;A0_22:addMemberItem:2;A0_22:updataMember:2;A0_30:removeMemberItem:2;A0_51:_setProperty:2;A0_57:setItemText:2;A0_72:setItemText:2;A0_79:setItemText:2;A0_2:setCancelCondition:1;A0_2:setCloseCondition:1
decomp_further_20260617,widget/itemstoragedialogwidget,widget,widget;item,187,1,6,3,1,0,40,ItemStorageDialogWidget:WidgetBaseClass,,A0_17:_getParentWidget:6;A0_10:setVisibility:5;A0_22:_getParentWidget:5;A0_22:getKeyboardFocusedControl:3;A0_0:setConfirmCondition:2;A0_10:setText:2;A0_14:_sendStoryboardCommand:2;A0_0:initForm:1;A0_0:setWindowFocus:1;A0_0:setCancelCondition:1;A0_0:setCloseCondition:1;A0_0:setModal:1;L3_13:getItemIcon:1;L3_13:_getNameIndex:1;A0_10:packTextParameter:1
decomp_further_20260617,widget/itemsubwidget,widget,widget;item,153,1,9,3,1,0,62,ItemSubWidget:WidgetBaseClass,,A0_12:_getParentWidget:27;A0_2:setButtonEvents:15;A0_8:setVisibility:3;A0_8:setEnable:3;A0_27:_getParentWidget:2;A0_0:initForm:1;A0_0:setWindowFocus:1;A0_0:hide:1;A0_0:setModal:1;A0_3:setControlCommandCondition:1;A0_3:setCancelCondition:1;A0_6:setLogicalFocus:1;desktopWidget:_getKeyboardFocusedWidget:1;A0_6:setKeyboardFocusedControl:1;desktopWidget:openChildWidget:1
decomp_further_20260617,widget/itemusewidget,widget,widget;item,782,1,27,2,1,0,99,ItemUseWidget:WidgetBaseClass,,L7_112:_getItem:8;A0_0:setVisibility:3;A0_10:setVisibility:3;A0_45:setControlCommandCondition:3;A0_52:setListProperty:3;A0_52:setListText:3;A0_0:setControlProperty:2;A0_7:setControlCommandCondition:2;A0_10:focusToIndex:2;A0_31:getListBoxFocusNum:2;A0_52:setListPropertyVisibility:2;A0_52:getControlProperty:2;A0_96:setVisibility:2;desktopWidget:executeCharacterUseItem:2;worldMaster:_getMyPlayer:2
decomp_further_20260617,widget/logcolorlistwidget,widget,widget,29,1,4,2,1,0,8,LogColorListWidget:WidgetBaseClass,,A0_0:setConfirmCondition:1;A0_0:setCommandParameter:1;A0_6:_getParentWidget:1;A0_6:hide:1;A0_11:hide:1;A0_16:setText:1;A0_16:setHelpParameter:1;A0_16:setLogicalFocus:1
decomp_further_20260617,widget/logcolorsettingwidget,widget,widget,460,1,13,4,1,0,38,LogColorSettingWidget:WidgetBaseClass,,A0_15:addListItem:12;desktopWidget:setLogAutoHideEnable:2;A0_7:getChildWidgetByWindowName:2;A0_0:setConfirmCondition:1;A0_0:setControlCommandCondition:1;A0_0:setCancelCondition:1;A0_0:setCloseCondition:1;A0_0:setModal:1;A0_0:createList:1;A0_0:initChildWidget:1;desktopWidget:openChildWidget:1;A0_7:getColorIndex:1;A0_15:updateListProperty:1;A0_16:setColorListText:1;A0_16:setListProperty:1
decomp_further_20260617,widget/logsettingwidget,widget,widget,508,1,25,8,1,0,56,LogSettingWidget:WidgetBaseClass,,A0_11:setChecked:4;A0_99:setEnable:4;desktopWidget:setConfigWork:3;A0_11:setSelectedIndex:2;A0_13:setAllFilter:2;A0_41:setSelectedButton:2;desktopWidget:setConfigLogTitle:2;A0_107:addListItem:2;A0_112:setListProperty:2;A0_0:setCommandParameter:1;A0_0:setControlCommandCondition:1;A0_0:setTabTitleButton:1;desktopWidget:setLogAutoHideEnable:1;desktopWidget:openChildWidget:1;A0_19:setListItem:1
decomp_further_20260617,widget/logwidget,widget,widget,960,1,58,4,1,0,90,LogWidget:WidgetBaseClass,,A0_9:setSelectedIndex:2;desktopWidget:_getKeyboardFocusedWidget:2;A0_51:setTellTemporaryAddress:2;A0_74:setControlProperty:2;A0_83:setVisualOpacity:2;A0_93:setFontSize:2;A0_155:getInputHistoryCount:2;A0_176:getTellHistoryCount:2;A0_198:getSendHistoryCount:2;A0_217:setControlProperty:2;A0_2:setConfirmCondition:1;A0_9:requestSelectSubTarget:1;A0_9:setControlUserWorkString:1;A0_9:saveInputHistory:1;A0_9:getChatInputText:1
decomp_further_20260617,widget/mainmenuwidget,widget,widget,1241,1,22,6,1,0,92,MainMenuWidget:WidgetBaseClass,,A0_44:setListProperty:19;worldMaster:_getMyPlayer:5;A0_64:setListProperty:5;A0_96:packTextParameter:4;desktopWidget:openTutorialWidget:3;desktopWidget:getTutorialMenuType:2;desktopWidget:getTutorialMenuStatus:2;desktopWidget:setTutorialMask:2;desktopWidget:setTutorialMenuStatus:2;A0_19:setListProperty:2;A0_32:setFocusSystemMenu:2;desktopWidget:executePlayerSystemCommand:2;A0_81:addReadyCommand:2;desktopWidget:checkKeyboardFocused:2;A0_0:setListProperty:1
decomp_further_20260617,widget/mapnavigationwidget,widget,widget,708,1,44,5,1,0,142,MapNavigationWidget:WidgetBaseClass,,A0_80:setMenuListItemText:8;A0_80:setMenuListItemData:8;A0_80:setPopupHelpMenuItem:8;A0_35:_setProperty:6;A0_86:getMenuListItemData:5;A0_5:setVisibility:4;A0_155:_setProperty:4;A0_161:setListProperty:4;A0_5:setProperty:3;A0_47:_setProperty:3;A0_69:getMenuCategory:3;A0_5:setModal:2;A0_5:setUICommandCondition:2;desktopWidget:setLogPriority:2;desktopWidget:setLogEventHide:2
decomp_further_20260617,widget/materiaattachcautionwidget,widget,widget;item,35,1,3,1,1,0,13,MateriaAttachCautionWidget:WidgetBaseClass,,A0_4:setAskResult:3;A0_0:setConfirmCondition:2;A0_0:setContent:2;A0_0:setModal:1;A0_0:setCancelCondition:1;A0_0:setText:1;A0_0:setLogicalFocus:1;A0_11:_getParentWidget:1;desktopWidget:closeWidgetDirect:1
decomp_further_20260617,widget/materiaattachwarningwidget,widget,widget;item,292,1,9,3,1,0,39,MateriaAttachWarningWidget:WidgetBaseClass,,A0_29:setVisibility:16;desktopWidget:closeWidgetDirect:3;L16_27:isMateriaFitItemEquipPoint:2;desktopWidget:setItemDetail:1;desktopWidget:setItemDetailEquip:1;desktopWidget:setItemCatalyst:1;L3_5:_getCatalogID:1;L3_5:getNameIndex:1;L3_5:getItemLevel:1;desktopWidget:setItemMateriaInstall:1;desktopWidget:setItemMateriaInstallSkill:1;desktopWidget:setItemMateriaInstallRate:1;L4_10:_getCatalogID:1;L4_10:getNameIndex:1;L4_10:getItemLevel:1
decomp_further_20260617,widget/materiaattachwidget,widget,widget;item,736,1,16,5,1,0,78,MateriaAttachWidget:WidgetBaseClass,,A0_57:setVisibility:9;desktopWidget:checkMateriaJoinRequirement:7;worldMaster:alert:7;desktopWidget:closeWidgetDirect:5;desktopWidget:openChildWidget:5;L4_76:getNameIndex:4;A0_57:setControlProperty:3;A0_57:setText:3;desktopWidget:executePlayerMateriaJoinRateGetCommand:3;A0_0:setListProperty:2;A0_57:updateItemList:2;A0_81:_getParentWidget:2;A0_88:catalogSkip:2;desktopWidget:setItemToXml:1;A0_25:updateItemListRow:1
decomp_further_20260617,widget/minimapwidget,widget,widget,60,1,3,0,1,0,12,MiniMapWidget:WidgetBaseClass,,A0_0:_setProperty:6;A0_2:setListProperty:4;A0_1:deleteListPropertyAll:1;A0_2:updateListProperty:1
decomp_further_20260617,widget/negotiationmessagewidget,widget,widget,24,1,1,0,1,0,3,NegotiationMessageWidget:WidgetBaseClass,,A0_0:setText:2;A0_0:setIcon:1
decomp_further_20260617,widget/npcsaywidget,widget,widget,71,1,6,2,1,0,15,NpcSayWidget:WidgetBaseClass,,A0_0:setControlProperty:6;A0_14:sendCommand:2;A0_2:setVisibility:1;A0_2:setText:1;A0_2:setHidden:1;A0_2:changeDisplay:1;A0_9:setText:1;A0_11:changeDisplay:1;A0_13:sendControlCommand:1
decomp_further_20260617,widget/partybuffeffectwidget,widget,widget;party,13,1,2,0,1,0,1,PartyBuffEffectWidget:WidgetBaseClass,,A0_2:sendCommand:1
decomp_further_20260617,widget/partymanagersubwidget,widget,widget;party,224,1,5,1,1,0,37,PartyManagerSubWidget:WidgetBaseClass,,desktopWidget:getWindowSize:7;A0_24:setEnable:6;desktopWidget:closeWidgetDirect:4;L9_21:setBorder:3;A0_0:setProperty:2;A0_12:_getParentWidget:2;L9_21:getChildWidgetByWindowName:2;desktopWidget:getPartyMemberDisplayName:2;desktopWidget:countPartyMember:2;desktopWidget:setTellAddress:1;A0_22:updateMenu:1;desktopWidget:isMyPartyLeaderForMyPlayer:1;A0_23:displayCommand:1;desktopWidget:isPartyMemberActorMe:1;desktopWidget:isJoinedPartyMember:1
decomp_further_20260617,widget/partymanagerwidget,widget,widget;party,305,1,26,2,1,0,65,PartyManagerWidget:WidgetBaseClass,,desktopWidget:getChildWidgetByWindowName:6;A0_0:_setUICommandCondition:4;A0_50:_setProperty:4;A0_1:updateRootStatus:3;A0_0:setHelpParameter:2;desktopWidget:executePlayerSystemCommand:2;A0_13:addMemberItem:2;A0_13:updataMember:2;A0_25:removeMemberItem:2;A0_54:_setProperty:2;A0_60:setItemText:2;A0_65:_setProperty:2;A0_70:setItemText:2;A0_75:setItemText:2;A0_82:setItemText:2
decomp_further_20260617,widget/partyparameterwidget,widget,widget;party,497,1,37,1,1,0,85,PartyParameterWidget:WidgetBaseClass,,A0_99:_setProperty:8;A0_106:_setProperty:8;A0_106:_getProperty:6;A0_110:_setProperty:4;A0_44:changeUnknownParameter:3;A0_44:setHPMPMaximum:2;A0_44:setHPMPValue:2;A0_44:setTpReadyIcon:2;A0_51:setStatusIcon:2;A0_60:setCombination:2;A0_62:setLeaderIcon:2;A0_73:setText:2;A0_77:setValue:2;A0_82:setMaximum:2;A0_87:setStyle:2
decomp_further_20260617,widget/partyrootwidget,widget,widget;party,340,1,14,3,1,0,105,PartyRootWidget:WidgetBaseClass,,desktopWidget:closeChildWidget:8;desktopWidget:closeWidgetDirect:7;A0_21:setEnable:7;desktopWidget:countPartyMember:6;desktopWidget:isMyPartyLeaderForMyPlayer:6;A0_13:setEnable:6;desktopWidget:openChildWidget:5;A0_0:setCancelCondition:4;desktopWidget:getPlayerConfirmGroupCommandVariation:4;A0_33:setEnable:4;A0_0:setConfirmCondition:3;A0_8:getEditMode:3;A0_21:setHidden:3;A0_21:getEditMode:3;A0_21:setEditMode:3
decomp_further_20260617,widget/pcinformationwidget,widget,widget,29,1,3,2,1,0,8,PcInformationWidget:WidgetBaseClass,,A0_0:setCancelCondition:1;A0_0:setCloseCondition:1;A0_0:setOperatorCloseCondition:1;A0_0:setOperatorOpenChildCondition:1;A0_0:setOperatorRequestCondition:1;A0_0:setModal:1;desktopWidget:setTellAddress:1;desktopWidget:executePlayerPartyInviteByName:1
decomp_further_20260617,widget/pcmatchingeditwidget,widget,widget,1977,1,44,6,1,0,255,PcMatchingEditWidget:WidgetBaseClass,,A0_51:setGLComboBoxData:36;A0_85:setSkillComboBoxData:30;L4_99:getSkillLevelCap:19;A0_23:setPurposeList:16;worldMaster:_getMyPlayer:9;A0_49:setGLComboBoxData:6;A0_37:setGLComboBoxData:5;A0_37:setVisibility:5;A0_102:getUserWorkInt:5;A0_102:setEnable:5;desktopWidget:countPartyMember:4;A0_46:setGLComboBoxData:4;A0_170:_getParentWidget:4;A0_0:initNumberInput:3;A0_47:setGLComboBoxData:3
decomp_further_20260617,widget/pcmatchingfindwidget,widget,widget,1226,1,26,7,1,0,110,PcMatchingFindWidget:WidgetBaseClass,,A0_4:setPurposeList:16;A0_58:setUserWorkInt:9;A0_42:setEnable:4;desktopWidget:closeWidgetDirect:4;A0_67:_getParentWidget:4;A0_33:setControlProperty:3;A0_33:setEnable:3;A0_112:_getParentWidget:3;A0_112:getListPropertyCount:3;A0_2:_getParentWidget:2;A0_16:setContent:2;A0_43:setVisibility:2;A0_48:_getParentWidget:2;L8_66:updateChildWidgetStatus:2;L8_80:updateChildWidgetStatus:2
decomp_further_20260617,widget/pcmatchingviewwidget,widget,widget,928,1,17,5,1,0,106,PcMatchingViewWidget:WidgetBaseClass,,A0_26:getUserWorkInt:10;A0_69:getParameter:10;worldMaster:_getMyPlayer:8;A0_0:setContent:7;desktopWidget:closeWidgetDirect:7;A0_42:_getParentWidget:6;A0_0:setVisibility:4;A0_0:setUserWorkInt:3;A0_32:getSignal:3;A0_37:getSignal:3;A0_48:_getParentWidget:3;desktopWidget:getPlayerConfirmGroupCommandVariation:2;A0_10:setText:2;A0_26:getText:2;A0_29:_getParentWidget:2
decomp_further_20260617,widget/pcprofilewidget,widget,widget,695,1,34,3,1,0,224,PcProfileWidget:WidgetBaseClass,,A0_148:setButtonEnable:18;A0_169:setButtonEvents:18;A0_15:setVisibility:4;A0_22:setVisibility:4;A0_29:setVisibility:4;A0_36:setVisibility:4;A0_43:setVisibility:4;A0_50:setVisibility:4;A0_57:setVisibility:4;A0_64:setVisibility:4;A0_71:setVisibility:4;A0_78:setVisibility:4;A0_85:setVisibility:4;A0_92:setVisibility:4;A0_99:setVisibility:4
decomp_further_20260617,widget/pcsearchselectwidget,widget,widget;search,12,1,2,1,1,0,5,PcSearchSelectWidget:WidgetBaseClass,,A0_0:setCancelCondition:1;A0_0:setCloseCondition:1;A0_0:setOperatorCloseCondition:1;A0_0:setOperatorOpenChildCondition:1;A0_0:setModal:1
decomp_further_20260617,widget/pcsearchwidget,widget,widget;search,78,1,6,3,1,0,20,PcSearchWidget:WidgetBaseClass,,A0_0:setListProperty:2;A0_4:setListProperty:2;A0_0:setCancelCondition:1;A0_0:setCloseCondition:1;A0_0:setOperatorCloseCondition:1;A0_0:setOperatorOpenChildCondition:1;A0_0:setOperatorRequestCondition:1;A0_0:setModal:1;A0_0:setNetStatXmlData:1;desktopWidget:demandPlayerExpInfomation:1;A0_2:update:1;A0_5:setListProperty:1;worldMaster:_getMyPlayer:1;A0_13:setNetStatXmlData:1;A0_13:sendCommand:1
decomp_further_20260617,widget/playerinformationwidget,widget,widget,12,1,2,1,1,0,5,PlayerInformationWidget:WidgetBaseClass,,A0_0:setCancelCondition:1;A0_0:setCloseCondition:1;A0_0:setOperatorCloseCondition:1;A0_0:setOperatorOpenChildCondition:1;A0_0:setModal:1
decomp_further_20260617,widget/playerparameterwidget,widget,widget,244,1,20,1,1,0,59,PlayerParameterWidget:WidgetBaseClass,,A0_43:_setProperty:8;A0_14:setCost:6;A0_43:_getProperty:6;A0_0:setParameter:3;A0_6:setParameter:3;A0_19:setHPMPTPMaximum:3;A0_19:setHPMPTPValue:3;A0_46:setHPMPTPValue:3;A0_46:setHPMPTPMaximum:3;A0_46:setCost:3;A0_12:sendControlCommand:2;A0_27:_setProperty:2;A0_30:_setProperty:2;A0_0:setConfirmCondition:1;A0_0:clearAll:1
decomp_further_20260617,widget/playerprofilewidget,widget,widget,132,1,10,3,1,0,37,PlayerProfileWidget:WidgetBaseClass,,A0_25:_setProperty:10;A0_25:setVisibility:6;A0_35:_setProperty:4;A0_25:setStyle:2;A0_0:setUICommandCondition:1;A0_0:initParameter:1;A0_0:initChildWidget:1;A0_1:updateExp:1;A0_3:startChainTimer:1;A0_9:endChainTimer:1;A0_10:isShow:1;A0_10:updateExp:1;A0_11:setSkill:1;A0_24:setSkill:1;A0_25:setIcon:1
decomp_further_20260617,widget/popuphelpwidget,widget,widget,110,1,5,2,1,0,30,PopupHelpWidget:WidgetBaseClass,,A0_24:setText:8;A0_24:setVisibility:6;A0_0:setText:5;desktopWidget:getPlayerActionCommandData:3;A0_1:setVisibility:2;A0_0:setDrawPriority:1;A0_1:textHelp:1;A0_1:battleCommandHelp:1;A0_1:setWindowUserWorkFloat:1;A0_10:setText:1;A0_15:setCommandInfo:1
decomp_further_20260617,widget/publicinformdialogwidget,widget,widget,31,1,3,1,1,0,5,PublicInformDialogWidget:WidgetBaseClass,,A0_0:setDrawPriority:1;A0_1:setStyle:1;A0_1:setTextByOwner:1;A0_1:setCommonTimer:1;A0_8:hide:1
decomp_further_20260617,widget/repairequipmentdialogwidget,widget,widget;item,125,1,6,4,1,0,40,RepairEquipmentDialogWidget:WidgetBaseClass,,A0_0:setConfirmCondition:4;A0_0:setCancelCondition:4;A0_0:setText:3;A0_0:setContent:3;desktopWidget:closeWidgetDirect:3;A0_9:_getParentWidget:3;A0_14:_getParentWidget:3;A0_0:setHidden:2;A0_0:setEnable:2;A0_19:getControlProperty:2;A0_0:setModal:1;A0_0:setLogicalFocus:1;A0_0:setKeyboardFocusedControl:1;L5_7:setDialogResult:1;L5_7:maskRepairEquipmentSlot:1
decomp_further_20260617,widget/repairequipmentwidget,widget,widget;item,1192,1,37,3,1,0,212,RepairEquipmentWidget:WidgetBaseClass,,A0_147:setButtonEnable:18;A0_214:displayRepairIcon:18;L7_180:_getEquippingItem:6;A0_20:setVisibility:4;A0_27:setVisibility:4;A0_34:setVisibility:4;A0_41:setVisibility:4;A0_48:setVisibility:4;A0_55:setVisibility:4;A0_62:setVisibility:4;A0_69:setVisibility:4;A0_76:setVisibility:4;A0_83:setVisibility:4;A0_90:setVisibility:4;A0_97:setVisibility:4
decomp_further_20260617,widget/shopeditwidget,widget,widget;item,1143,1,14,5,1,0,65,ShopEditWidget:WidgetBaseClass,,A0_10:setVisibility:14;A0_43:_getParentWidget:4;A0_56:setEnable:4;A0_0:setCancelCondition:3;A0_58:_getParentWidget:3;A0_0:setConfirmCondition:2;A0_38:_getParentWidget:2;A0_54:setText:2;A0_56:checkKeyboardFocusedControl:2;A0_56:setWindowFocus:2;A0_56:setText:2;A0_58:setControlProperty:2;A0_67:_getParentWidget:2;A0_0:setContent:1;A0_0:setControlCommandCondition:1
decomp_further_20260617,widget/sortchangewidget,widget,widget,105,1,7,2,1,0,45,SortChangeWidget:WidgetBaseClass,,A0_6:setVisibility:9;desktopWidget:closeWidgetDirect:7;A0_6:setButtonEvents:6;A0_6:setContent:5;A0_6:setControlProperty:5;A0_12:_getParentWidget:5;A0_2:setProperty:2;A0_7:setControlCommandCondition:1;A0_7:setCancelCondition:1;A0_7:setHelpParameter:1;A0_10:setLogicalFocus:1;desktopWidget:_getKeyboardFocusedWidget:1;A0_10:setKeyboardFocusedControl:1
decomp_further_20260617,widget/splasheffectwidget,widget,widget,17,1,3,1,1,0,5,SplashEffectWidget:WidgetBaseClass,,desktopWidget:executeEffect:1;A0_0:setUICommandCondition:1;A0_0:sendCommand:1;desktopWidget:closeWidgetDirect:1;A0_8:sendCommand:1
decomp_further_20260617,widget/statuseffectwidget,widget,widget;status,251,1,18,3,1,0,36,StatusEffectWidget:WidgetBaseClass,,A0_40:_setProperty:4;A0_55:_setProperty:4;A0_74:setControlProperty:3;A0_27:setStatusIcon:2;A0_39:setProperty:2;A0_40:setStatusTime:2;A0_40:setVisibility:2;A0_40:_sendStoryboardCommand:2;A0_55:setVisibility:2;A0_0:setUICommandCondition:1;A0_0:clearStatus:1;A0_0:setProperty:1;desktopWidget:isSubTargetSelectMode:1;desktopWidget:_getKeyboardFocusedWidget:1;A0_6:sendCommand:1
decomp_further_20260617,widget/statuswidget,widget,widget;status,1741,1,86,4,1,0,404,StatusWidget:WidgetBaseClass,,A0_4:setText:33;A0_212:setSkill:25;A0_4:setHelpParameter:22;A0_301:setContentsListItem:20;worldMaster:_getMyPlayer:16;A0_4:setVisibility:9;A0_40:setVisibility:9;L6_393:_getCatalogID:9;desktopWidget:getPlayerMainSkillNumber:5;A0_355:updatePcParameter:5;A0_355:updateGameParameter:5;A0_355:updateBattleParameter:5;A0_272:getTemplateControl:4;A0_301:setVisibility:4;A0_349:focusToIndex:4
decomp_further_20260617,widget/subtargetguidewidget,widget,widget,20,1,4,0,1,0,4,SubTargetGuideWidget:WidgetBaseClass,,A0_0:setText:1;A0_0:setVisibility:1;A0_1:show:1;A0_1:hide:1
decomp_further_20260617,widget/supportdeskgmcallwidget,widget,widget,283,1,9,1,1,0,16,SupportDeskGMCallWidget:WidgetBaseClass,,A0_20:_getProperty:3;desktopWidget:closeWidgetDirect:2;A0_0:setVisibility:1;A0_6:setKeyboardFocusedControl:1;A0_8:_setProperty:1;A0_10:_getProperty:1;A0_11:_setProperty:1;A0_12:setContent:1;A0_12:setVisibility:1;A0_20:setEnable:1;L7_29:getWindowName:1;A0_22:setSignal:1;A0_30:setListProperty:1
decomp_further_20260617,widget/supportdeskinformationwidget,widget,widget,129,1,6,1,1,0,35,SupportDeskInformationWidget:WidgetBaseClass,,A0_0:setText:5;A0_14:setSignal:5;A0_0:setContent:4;desktopWidget:closeWidgetDirect:4;A0_0:setIcon:3;A0_14:getSignal:3;A0_14:_getParentWidget:2;desktopWidget:openChildWidget:2;A0_0:_setProperty:1;A0_0:setHidden:1;A0_0:setSignal:1;A0_5:setKeyboardFocusedControl:1;A0_7:_setProperty:1;A0_9:_getProperty:1;A1_11:getContent:1
decomp_further_20260617,widget/supportdeskwidget,widget,widget,266,1,11,1,1,0,40,SupportDeskWidget:WidgetBaseClass,,A0_44:setListProperty:6;A0_0:_setProperty:4;A0_29:setSignal:3;A0_0:_addItem:2;A0_0:setVisibility:2;A0_8:setVisibility:2;desktopWidget:closeWidgetDirect:2;desktopWidget:openChildWidget:2;A0_44:updateListProperty:2;A0_0:setIcon:1;A0_6:setKeyboardFocusedControl:1;A0_8:_getProperty:1;A0_9:setText:1;A0_9:setVisibility:1;A0_19:setText:1
decomp_further_20260617,widget/systemtraywidget,widget,widget;system,5,1,1,0,1,0,0,SystemTrayWidget:WidgetBaseClass,,
decomp_further_20260617,widget/targetparameterwidget,widget,widget,208,1,20,2,1,0,50,TargetParameterWidget:WidgetBaseClass,,A0_14:setIcon2:2;A0_25:setText:2;A0_28:setMaximum:2;A0_31:setValue:2;A0_39:setVisibility:2;A0_0:initialWidget:1;A0_0:setDrawPriority:1;A0_1:setParameter:1;A0_1:setStatus:1;A0_1:setRank:1;A0_3:initialWidget:1;A0_5:setParameter:1;A0_5:changeGauge:1;A0_5:setStatus:1;A0_5:setRank:1
decomp_further_20260617,widget/targetselectmodewidget,widget,widget,48,1,2,0,1,0,6,TargetSelectModeWidget:WidgetBaseClass,,A0_2:setStyle:3;A0_0:setMode:1;A0_2:setText:1;A0_2:sendControlCommand:1
decomp_further_20260617,widget/tradeeditwidget,widget,widget;item,2186,1,67,6,1,0,234,TradeEditWidget:WidgetBaseClass,,A0_42:setVisibility:22;A0_155:setListProperty:7;A0_162:getListProperty:7;worldMaster:_getMyPlayer:4;A0_239:setControlProperty:4;A0_260:setEnable:4;desktopWidget:changeFocusedWidget:4;A0_294:getListProperty:4;A0_26:setGridVisibility:2;A0_29:getListProperty:2;A0_29:setGridVisibility:2;A0_29:setWindowFocus:2;L3_49:_isTrading:2;A0_67:getListBoxFocusNum:2;A0_76:setControlCommandCondition:2
decomp_further_20260617,widget/tradewidget,widget,widget;item,1283,1,34,6,1,0,163,TradeWidget:WidgetBaseClass,,A0_0:_setProperty:11;A0_74:setStyle:8;A0_0:setVisibility:6;A0_69:setVisibility:6;L2_110:getSlotXmlData:4;A0_0:setControlCommandCondition:3;desktopWidget:changeFocusedWidget:3;A0_36:_getProperty:3;A0_42:_setProperty:3;A0_69:getChildWidgetByWindowName:3;A0_69:displayHelp:3;A0_75:displayHelp:3;A0_75:getChildWidgetByWindowName:3;A0_107:setWindowFocus:3;A0_118:packTextParameter:3
decomp_further_20260617,widget/tutorialsuccesswidget,widget,widget,19,1,3,1,1,0,7,TutorialSuccessWidget:WidgetBaseClass,,A0_0:setUICommandCondition:1;A0_0:setProperty:1;A0_0:setDrawPriority:1;A0_1:setText:1;A0_1:sendCommand:1;A0_1:show:1;A0_4:hide:1
decomp_further_20260617,widget/usermacroeditwidget,widget,widget,386,1,16,4,1,0,23,UserMacroEditWidget:WidgetBaseClass,,A0_0:setConfirmCondition:2;A0_0:setCommandParameter:2;A0_26:setText:2;desktopWidget:_getUserMacroIcon:2;L6_18:setIconID:1;L6_18:show:1;A0_20:changeMacroInfo:1;A0_35:updateMacroInfo:1;desktopWidget:_saveUserMacro:1;A0_36:setText:1;desktopWidget:_setUserMacroData:1;A0_55:setIconData:1;A0_64:setIconData:1;A0_79:setIconWithVisibility:1;A0_79:setText:1
decomp_further_20260617,widget/usermacroiconlistwidget,widget,widget,132,1,5,2,1,0,11,UserMacroIconListWidget:WidgetBaseClass,,A0_20:setIcon:2;A0_20:setVisibility:2;A0_0:setConfirmCondition:1;A0_0:setCommandParameter:1;L7_13:setMacroIcon:1;A0_6:hide:1;A0_15:hide:1;A0_27:updatePageNum:1;A0_27:setLogicalFocus:1
decomp_further_20260617,widget/warningdialogwidget,widget,widget,19,1,3,1,1,0,7,WarningDialogWidget:WidgetBaseClass,,A0_0:setUICommandCondition:1;A0_0:setProperty:1;A0_0:setDrawPriority:1;A0_1:setText:1;A0_1:setTextByOwner:1;A0_1:sendCommand:1;A0_5:hide:1
decomp_further_20260617,widget/widgetbaseclass,widget,widget,193,0,20,13,1,0,19,,,desktopWidget:setThreadOwnerWidget:4;desktopWidget:processWidgetCreated:1;A0_11:_setFilename:1;A0_11:_loadForm:1;A0_13:_callSuperClassFunc:1;A0_13:isInitializing:1;desktopWidget:processWidgetDeleted:1;A0_13:processFinalize:1;A0_16:processUICommandEvent:1;widgetWork.requestSsdLoadSheet:_loadKeyTemporarily:1;A0_16:processSpreadSheetDataLoaded:1;A0_22:processUICommandRequest:1;desktopWidget:executeSubTarget:1;A1_49:_loadMultiKeyAsync:1;A0_56:processSpreadSheetDataAsync:1
decomp_further_20260617,widget/widgetbaseclass_common,widget,widget,1661,0,0,0,0,0,180,,,A0_579:_setProperty:5;string:split:3;A0_436:setControlProperty:3;desktopWidget:closeWidgetDirect:2;A0_173:getProperty:2;A0_174:_getChildWidget:2;A0_542:setProperty:2;A0_575:setControlProperty:2;A0_693:_setProperty:2;A0_2:loadFormData:1;A0_2:setWindowName:1;A0_2:setProperty:1;A0_2:getWindowName:1;A0_2:setModalGroup:1;A0_2:setDrawPriority:1
decomp_further_20260617,widget/widgetbaseclass_u,widget,widget,193,0,0,0,0,0,0,,,
decomp_further_20260617,world/otherarea,world,world,1,0,0,0,0,0,0,,,
decomp_further_20260617,world/otherarea_u,world,world,1,0,0,0,0,0,0,,,
decomp_further_20260617,world/worldbaseclass,world,world,1,0,0,0,0,0,0,,,
decomp_further_20260617,world/worldbaseclass_u,world,world,1,0,0,0,0,0,0,,,
decomp_further_20260617,world/worldmaster,world,world,63,0,7,2,1,1,5,,39:worldMaster,A0_0:_getServerTime:2;A0_9:calcJSTWeekAndDay:1;A0_17:_callSuperClassFunc:1;A0_17:_loadTextDataPermanently:1
decomp_further_20260617,world/worldmaster_event,world,world,259,0,0,0,0,0,2,,,A0_2:_getHydaelynHour:2
decomp_further_20260617,world/worldmaster_u,world,world,185,0,0,0,0,0,0,,,
