quest_ids,quest_names,quest_classes,prerequisites,min_levels,code,scope,logical_path,source_file,class_name,method,function_start_line,function_end_line,scene_call_count,direct_scene_key_count,scene_keys,launchers,has_fade_out,has_default_fade_in,has_after_warp_fade_in,has_now_loading_fade,has_map_wait,conditional_scene_return,fade_mode,classification
,,,,,questbaseclass_common,quest_base_or_helper,quest/questbaseclass_common,C:\Users\drime\source\repos\AuroraFlare\FF14-Memory\tools\outputs\lpb\decomp_more_20260617\lua\quest\questbaseclass_common.lua,,L1_1,12,22,2,0,,createCutScene,false,false,false,false,false,false,none,dynamic_scene
,,,,,questbaseclass_common,quest_base_or_helper,quest/questbaseclass_common,C:\Users\drime\source\repos\AuroraFlare\FF14-Memory\tools\outputs\lpb\decomp_more_20260617\lua\quest\questbaseclass_common.lua,,L1_1,23,33,0,0,,,false,false,false,false,false,false,none,other
,,,,,questbaseclass_common,quest_base_or_helper,quest/questbaseclass_common,C:\Users\drime\source\repos\AuroraFlare\FF14-Memory\tools\outputs\lpb\decomp_more_20260617\lua\quest\questbaseclass_common.lua,,L1_1,34,41,2,0,,createCutScene,false,false,false,false,false,false,none,dynamic_scene
,,,,,questbaseclass_common,quest_base_or_helper,quest/questbaseclass_common,C:\Users\drime\source\repos\AuroraFlare\FF14-Memory\tools\outputs\lpb\decomp_more_20260617\lua\quest\questbaseclass_common.lua,,L1_1,42,109,1,0,,startNQCutScene,false,false,false,false,false,false,none,dynamic_scene
,,,,,questbaseclass_common,quest_base_or_helper,quest/questbaseclass_common,C:\Users\drime\source\repos\AuroraFlare\FF14-Memory\tools\outputs\lpb\decomp_more_20260617\lua\quest\questbaseclass_common.lua,,L1_1,110,134,1,0,,startHQCutScene,false,false,false,false,false,false,none,dynamic_scene
,,,,,questbaseclass_common,quest_base_or_helper,quest/questbaseclass_common,C:\Users\drime\source\repos\AuroraFlare\FF14-Memory\tools\outputs\lpb\decomp_more_20260617\lua\quest\questbaseclass_common.lua,,L1_1,135,142,0,0,,,true,false,false,false,false,false,none,other
,,,,,questbaseclass_common,quest_base_or_helper,quest/questbaseclass_common,C:\Users\drime\source\repos\AuroraFlare\FF14-Memory\tools\outputs\lpb\decomp_more_20260617\lua\quest\questbaseclass_common.lua,,L1_1,143,151,0,0,,,false,true,false,false,true,false,default,fade_or_warp_helper
,,,,,questbaseclass_common,quest_base_or_helper,quest/questbaseclass_common,C:\Users\drime\source\repos\AuroraFlare\FF14-Memory\tools\outputs\lpb\decomp_more_20260617\lua\quest\questbaseclass_common.lua,,L1_1,164,172,0,0,,,false,true,true,false,false,false,branch_or_mixed_default_and_after_warp,fade_or_warp_helper
,,,,,questbaseclass_common,quest_base_or_helper,quest/questbaseclass_common,C:\Users\drime\source\repos\AuroraFlare\FF14-Memory\tools\outputs\lpb\decomp_more_20260617\lua\quest\questbaseclass_common.lua,,L1_1,292,296,0,0,,,true,false,false,false,false,false,none,other
,,,,,questbaseclass_common,quest_base_or_helper,quest/questbaseclass_common,C:\Users\drime\source\repos\AuroraFlare\FF14-Memory\tools\outputs\lpb\decomp_more_20260617\lua\quest\questbaseclass_common.lua,,L1_1,297,308,0,0,,,true,false,true,false,false,false,after_warp,fade_or_warp_helper
,,,,,questbaseclass_common,quest_base_or_helper,quest/questbaseclass_common,C:\Users\drime\source\repos\AuroraFlare\FF14-Memory\tools\outputs\lpb\decomp_more_20260617\lua\quest\questbaseclass_common.lua,,L1_1,309,313,0,0,,,false,true,false,false,false,false,default,fade_or_warp_helper
,,,,,questbaseclass_common,quest_base_or_helper,quest/questbaseclass_common,C:\Users\drime\source\repos\AuroraFlare\FF14-Memory\tools\outputs\lpb\decomp_more_20260617\lua\quest\questbaseclass_common.lua,,L1_1,398,481,3,1,man20140,startNQCutScene;startSnpcHQCutScene;startSnpcNQCutScene,true,true,false,false,false,false,default,direct_scene
,,,,,questbaseclass_common,quest_base_or_helper,quest/questbaseclass_common,C:\Users\drime\source\repos\AuroraFlare\FF14-Memory\tools\outputs\lpb\decomp_more_20260617\lua\quest\questbaseclass_common.lua,,L1_1,516,522,0,0,,,false,true,false,true,false,false,default,fade_or_warp_helper
110420,"Sleep, Cousin of Death",Alc200,0,20,alc200,quest_scenario,quest/scenario/alc/alc200,C:\Users\drime\source\repos\AuroraFlare\FF14-Memory\tools\outputs\lpb\decomp_more_20260617\lua\quest\scenario\alc\alc200.lua,Alc200,processEventNogeloixStart,6,27,1,1,alc20010,startNQCutScene,true,true,false,false,false,false,default,direct_scene
110420,"Sleep, Cousin of Death",Alc200,0,20,alc200,quest_scenario,quest/scenario/alc/alc200,C:\Users\drime\source\repos\AuroraFlare\FF14-Memory\tools\outputs\lpb\decomp_more_20260617\lua\quest\scenario\alc\alc200.lua,Alc200,processEvent020,42,52,1,1,alc20020,startNQCutScene,true,false,true,false,false,false,after_warp,direct_scene_after_warp
110420,"Sleep, Cousin of Death",Alc200,0,20,alc200,quest_scenario,quest/scenario/alc/alc200,C:\Users\drime\source\repos\AuroraFlare\FF14-Memory\tools\outputs\lpb\decomp_more_20260617\lua\quest\scenario\alc\alc200.lua,Alc200,processEvent030,53,63,1,1,alc20030,startNQCutScene,true,true,false,false,false,false,default,direct_scene
110421,The Boy and the Dragon Gay,Alc300,110420,30,alc300,quest_scenario,quest/scenario/alc/alc300,C:\Users\drime\source\repos\AuroraFlare\FF14-Memory\tools\outputs\lpb\decomp_more_20260617\lua\quest\scenario\alc\alc300.lua,Alc300,processEvent010,49,53,1,1,alc30010,startNQCutScene,true,true,false,false,false,false,default,direct_scene
110421,The Boy and the Dragon Gay,Alc300,110420,30,alc300,quest_scenario,quest/scenario/alc/alc300,C:\Users\drime\source\repos\AuroraFlare\FF14-Memory\tools\outputs\lpb\decomp_more_20260617\lua\quest\scenario\alc\alc300.lua,Alc300,processEvent020,60,64,1,1,alc30020,startNQCutScene,true,false,true,false,false,false,after_warp,direct_scene_after_warp
110422,"Dream On, Dream Away",Alc306,110421,36,alc306,quest_scenario,quest/scenario/alc/alc306,C:\Users\drime\source\repos\AuroraFlare\FF14-Memory\tools\outputs\lpb\decomp_more_20260617\lua\quest\scenario\alc\alc306.lua,Alc306,processEvent010,40,45,2,2,alc30610;alc30620,startNQCutScene,true,false,true,false,false,false,after_warp,direct_scene_after_warp
110422,"Dream On, Dream Away",Alc306,110421,36,alc306,quest_scenario,quest/scenario/alc/alc306,C:\Users\drime\source\repos\AuroraFlare\FF14-Memory\tools\outputs\lpb\decomp_more_20260617\lua\quest\scenario\alc\alc306.lua,Alc306,processEvent030,46,50,1,1,alc30630,startNQCutScene,true,true,false,false,false,false,default,direct_scene
110160,Filling the Quiver,Arc200,0,20,arc200,quest_scenario,quest/scenario/arc/arc200,C:\Users\drime\source\repos\AuroraFlare\FF14-Memory\tools\outputs\lpb\decomp_more_20260617\lua\quest\scenario\arc\arc200.lua,Arc200,processEvent010,27,31,1,1,arc20010,startNQCutScene,true,false,true,false,false,false,after_warp,direct_scene_after_warp
110160,Filling the Quiver,Arc200,0,20,arc200,quest_scenario,quest/scenario/arc/arc200,C:\Users\drime\source\repos\AuroraFlare\FF14-Memory\tools\outputs\lpb\decomp_more_20260617\lua\quest\scenario\arc\arc200.lua,Arc200,processEvent020,32,36,1,1,arc20020,startNQCutScene,true,true,false,false,false,false,default,direct_scene
110160,Filling the Quiver,Arc200,0,20,arc200,quest_scenario,quest/scenario/arc/arc200,C:\Users\drime\source\repos\AuroraFlare\FF14-Memory\tools\outputs\lpb\decomp_more_20260617\lua\quest\scenario\arc\arc200.lua,Arc200,processEvent030,37,44,1,1,arc20030,startNQCutScene,true,false,true,false,false,false,after_warp,direct_scene_after_warp
110160,Filling the Quiver,Arc200,0,20,arc200,quest_scenario,quest/scenario/arc/arc200,C:\Users\drime\source\repos\AuroraFlare\FF14-Memory\tools\outputs\lpb\decomp_more_20260617\lua\quest\scenario\arc\arc200.lua,Arc200,processEvent040,45,49,1,1,arc20040,startNQCutScene,true,false,true,false,false,false,after_warp,direct_scene_after_warp
110161,The Foreboding Forest,Arc300,110160,30,arc300,quest_scenario,quest/scenario/arc/arc300,C:\Users\drime\source\repos\AuroraFlare\FF14-Memory\tools\outputs\lpb\decomp_more_20260617\lua\quest\scenario\arc\arc300.lua,Arc300,processEvent010,28,32,1,1,arc30010,startNQCutScene,true,false,true,false,false,false,after_warp,direct_scene_after_warp
110161,The Foreboding Forest,Arc300,110160,30,arc300,quest_scenario,quest/scenario/arc/arc300,C:\Users\drime\source\repos\AuroraFlare\FF14-Memory\tools\outputs\lpb\decomp_more_20260617\lua\quest\scenario\arc\arc300.lua,Arc300,processEvent015,33,37,1,1,arc30015,startNQCutScene,true,false,true,false,false,false,after_warp,direct_scene_after_warp
110161,The Foreboding Forest,Arc300,110160,30,arc300,quest_scenario,quest/scenario/arc/arc300,C:\Users\drime\source\repos\AuroraFlare\FF14-Memory\tools\outputs\lpb\decomp_more_20260617\lua\quest\scenario\arc\arc300.lua,Arc300,processEvent020,38,42,1,1,arc30020,startNQCutScene,true,false,true,false,false,false,after_warp,direct_scene_after_warp
110161,The Foreboding Forest,Arc300,110160,30,arc300,quest_scenario,quest/scenario/arc/arc300,C:\Users\drime\source\repos\AuroraFlare\FF14-Memory\tools\outputs\lpb\decomp_more_20260617\lua\quest\scenario\arc\arc300.lua,Arc300,processEvent027,55,60,1,1,arc30025,startNQCutScene,true,false,true,false,false,false,after_warp,direct_scene_after_warp
110161,The Foreboding Forest,Arc300,110160,30,arc300,quest_scenario,quest/scenario/arc/arc300,C:\Users\drime\source\repos\AuroraFlare\FF14-Memory\tools\outputs\lpb\decomp_more_20260617\lua\quest\scenario\arc\arc300.lua,Arc300,processEvent030,61,65,1,1,arc30030,startNQCutScene,true,false,true,false,false,false,after_warp,direct_scene_after_warp
110161,The Foreboding Forest,Arc300,110160,30,arc300,quest_scenario,quest/scenario/arc/arc300,C:\Users\drime\source\repos\AuroraFlare\FF14-Memory\tools\outputs\lpb\decomp_more_20260617\lua\quest\scenario\arc\arc300.lua,Arc300,processEvent040,66,80,1,1,arc30040,startNQCutScene,true,false,true,false,false,false,after_warp,direct_scene_after_warp
110161,The Foreboding Forest,Arc300,110160,30,arc300,quest_scenario,quest/scenario/arc/arc300,C:\Users\drime\source\repos\AuroraFlare\FF14-Memory\tools\outputs\lpb\decomp_more_20260617\lua\quest\scenario\arc\arc300.lua,Arc300,processEvent050,81,85,1,1,arc30050,startNQCutScene,true,true,false,false,false,false,default,direct_scene
110162,There Can Be Only One,Arc306,110161,36,arc306,quest_scenario,quest/scenario/arc/arc306,C:\Users\drime\source\repos\AuroraFlare\FF14-Memory\tools\outputs\lpb\decomp_more_20260617\lua\quest\scenario\arc\arc306.lua,Arc306,processEvent010,22,26,1,1,arc30610,startNQCutScene,true,false,true,false,false,false,after_warp,direct_scene_after_warp
110162,There Can Be Only One,Arc306,110161,36,arc306,quest_scenario,quest/scenario/arc/arc306,C:\Users\drime\source\repos\AuroraFlare\FF14-Memory\tools\outputs\lpb\decomp_more_20260617\lua\quest\scenario\arc\arc306.lua,Arc306,processEvent020,27,31,1,1,arc30620,startNQCutScene,true,false,true,false,false,false,after_warp,direct_scene_after_warp
110162,There Can Be Only One,Arc306,110161,36,arc306,quest_scenario,quest/scenario/arc/arc306,C:\Users\drime\source\repos\AuroraFlare\FF14-Memory\tools\outputs\lpb\decomp_more_20260617\lua\quest\scenario\arc\arc306.lua,Arc306,processEvent030,32,36,1,1,arc30630,startNQCutScene,true,false,true,false,false,false,after_warp,direct_scene_after_warp
110162,There Can Be Only One,Arc306,110161,36,arc306,quest_scenario,quest/scenario/arc/arc306,C:\Users\drime\source\repos\AuroraFlare\FF14-Memory\tools\outputs\lpb\decomp_more_20260617\lua\quest\scenario\arc\arc306.lua,Arc306,processEvent040,37,41,1,1,arc30640,startNQCutScene,true,false,true,false,false,false,after_warp,direct_scene_after_warp
110162,There Can Be Only One,Arc306,110161,36,arc306,quest_scenario,quest/scenario/arc/arc306,C:\Users\drime\source\repos\AuroraFlare\FF14-Memory\tools\outputs\lpb\decomp_more_20260617\lua\quest\scenario\arc\arc306.lua,Arc306,processEvent050,42,46,1,1,arc30650,startNQCutScene,true,true,false,false,false,false,default,direct_scene
111261,Hearing Voices,Blm0j1,0,15,blm0j1,quest_scenario,quest/scenario/blm/blm0j1,C:\Users\drime\source\repos\AuroraFlare\FF14-Memory\tools\outputs\lpb\decomp_more_20260617\lua\quest\scenario\blm\blm0j1.lua,Blm0j1,processEvent010,89,96,1,1,blm0j110,startNQCutScene,true,true,false,false,false,false,default,direct_scene
111261,Hearing Voices,Blm0j1,0,15,blm0j1,quest_scenario,quest/scenario/blm/blm0j1,C:\Users\drime\source\repos\AuroraFlare\FF14-Memory\tools\outputs\lpb\decomp_more_20260617\lua\quest\scenario\blm\blm0j1.lua,Blm0j1,processEvent020,121,125,1,1,blm0j120,startNQCutScene,true,true,false,false,false,false,default,direct_scene
111266,Always Bet on Black,Blm0j6,0,15,blm0j6,quest_scenario,quest/scenario/blm/blm0j6,C:\Users\drime\source\repos\AuroraFlare\FF14-Memory\tools\outputs\lpb\decomp_more_20260617\lua\quest\scenario\blm\blm0j6.lua,Blm0j6,processEventNQ01,179,187,1,1,blm0j610,startNQCutScene,true,true,true,false,false,false,branch_or_mixed_default_and_after_warp,direct_scene_after_warp
111266,Always Bet on Black,Blm0j6,0,15,blm0j6,quest_scenario,quest/scenario/blm/blm0j6,C:\Users\drime\source\repos\AuroraFlare\FF14-Memory\tools\outputs\lpb\decomp_more_20260617\lua\quest\scenario\blm\blm0j6.lua,Blm0j6,processEventNQ02,188,192,1,1,blm0j620,startNQCutScene,true,false,true,false,false,false,after_warp,direct_scene_after_warp
111266,Always Bet on Black,Blm0j6,0,15,blm0j6,quest_scenario,quest/scenario/blm/blm0j6,C:\Users\drime\source\repos\AuroraFlare\FF14-Memory\tools\outputs\lpb\decomp_more_20260617\lua\quest\scenario\blm\blm0j6.lua,Blm0j6,processEventNQ03,193,197,1,1,blm0j620,startNQCutScene,true,true,false,false,false,false,default,direct_scene
111304,Doing It the Bard Way,Brd0j4,0,15,brd0j4,quest_scenario,quest/scenario/brd/brd0j4,C:\Users\drime\source\repos\AuroraFlare\FF14-Memory\tools\outputs\lpb\decomp_more_20260617\lua\quest\scenario\brd\brd0j4.lua,Brd0j4,processEventNQ01,65,73,1,1,brd0j410,startNQCutScene,true,true,true,false,false,false,branch_or_mixed_default_and_after_warp,direct_scene_after_warp
111304,Doing It the Bard Way,Brd0j4,0,15,brd0j4,quest_scenario,quest/scenario/brd/brd0j4,C:\Users\drime\source\repos\AuroraFlare\FF14-Memory\tools\outputs\lpb\decomp_more_20260617\lua\quest\scenario\brd\brd0j4.lua,Brd0j4,processEventNQ02,74,78,1,1,brd0j410,startNQCutScene,true,true,false,false,false,false,default,direct_scene
111304,Doing It the Bard Way,Brd0j4,0,15,brd0j4,quest_scenario,quest/scenario/brd/brd0j4,C:\Users\drime\source\repos\AuroraFlare\FF14-Memory\tools\outputs\lpb\decomp_more_20260617\lua\quest\scenario\brd\brd0j4.lua,Brd0j4,processEventNQ03,79,84,1,1,brd0j420,startNQCutScene,true,true,false,false,false,false,default,direct_scene
111306,Requiem for the Fallen,Brd0j6,0,15,brd0j6,quest_scenario,quest/scenario/brd/brd0j6,C:\Users\drime\source\repos\AuroraFlare\FF14-Memory\tools\outputs\lpb\decomp_more_20260617\lua\quest\scenario\brd\brd0j6.lua,Brd0j6,processEvent_010,85,89,1,1,brd0j610,startNQCutScene,true,true,false,false,false,false,default,direct_scene
110320,An Ear for Quality,Bsm200,0,20,bsm200,quest_scenario,quest/scenario/bsm/bsm200,C:\Users\drime\source\repos\AuroraFlare\FF14-Memory\tools\outputs\lpb\decomp_more_20260617\lua\quest\scenario\bsm\bsm200.lua,Bsm200,processEventBodenolfStart,6,34,0,0,,,true,false,true,false,false,false,after_warp,fade_or_warp_helper
110320,An Ear for Quality,Bsm200,0,20,bsm200,quest_scenario,quest/scenario/bsm/bsm200,C:\Users\drime\source\repos\AuroraFlare\FF14-Memory\tools\outputs\lpb\decomp_more_20260617\lua\quest\scenario\bsm\bsm200.lua,Bsm200,processEvent005,35,51,0,0,,,true,false,true,false,false,false,after_warp,fade_or_warp_helper
110320,An Ear for Quality,Bsm200,0,20,bsm200,quest_scenario,quest/scenario/bsm/bsm200,C:\Users\drime\source\repos\AuroraFlare\FF14-Memory\tools\outputs\lpb\decomp_more_20260617\lua\quest\scenario\bsm\bsm200.lua,Bsm200,processEvent010,52,56,1,1,bsm20010,startNQCutScene,true,true,false,false,false,false,default,direct_scene
110320,An Ear for Quality,Bsm200,0,20,bsm200,quest_scenario,quest/scenario/bsm/bsm200,C:\Users\drime\source\repos\AuroraFlare\FF14-Memory\tools\outputs\lpb\decomp_more_20260617\lua\quest\scenario\bsm\bsm200.lua,Bsm200,processEvent020,57,61,1,1,bsm20020,startNQCutScene,true,false,true,false,false,false,after_warp,direct_scene_after_warp
110321,Song of the Sirens,Bsm300,0,30,bsm300,quest_scenario,quest/scenario/bsm/bsm300,C:\Users\drime\source\repos\AuroraFlare\FF14-Memory\tools\outputs\lpb\decomp_more_20260617\lua\quest\scenario\bsm\bsm300.lua,Bsm300,processEventBodenolfStart,6,19,0,0,,,true,false,true,false,false,false,after_warp,fade_or_warp_helper
110321,Song of the Sirens,Bsm300,0,30,bsm300,quest_scenario,quest/scenario/bsm/bsm300,C:\Users\drime\source\repos\AuroraFlare\FF14-Memory\tools\outputs\lpb\decomp_more_20260617\lua\quest\scenario\bsm\bsm300.lua,Bsm300,processEvent010,68,72,1,1,bsm30010,startNQCutScene,true,false,true,false,false,false,after_warp,direct_scene_after_warp
110321,Song of the Sirens,Bsm300,0,30,bsm300,quest_scenario,quest/scenario/bsm/bsm300,C:\Users\drime\source\repos\AuroraFlare\FF14-Memory\tools\outputs\lpb\decomp_more_20260617\lua\quest\scenario\bsm\bsm300.lua,Bsm300,processEvent015,73,82,0,0,,,true,false,true,false,false,false,after_warp,fade_or_warp_helper
110321,Song of the Sirens,Bsm300,0,30,bsm300,quest_scenario,quest/scenario/bsm/bsm300,C:\Users\drime\source\repos\AuroraFlare\FF14-Memory\tools\outputs\lpb\decomp_more_20260617\lua\quest\scenario\bsm\bsm300.lua,Bsm300,processEvent020,83,87,1,1,bsm30020,startNQCutScene,true,false,true,false,false,false,after_warp,direct_scene_after_warp
110321,Song of the Sirens,Bsm300,0,30,bsm300,quest_scenario,quest/scenario/bsm/bsm300,C:\Users\drime\source\repos\AuroraFlare\FF14-Memory\tools\outputs\lpb\decomp_more_20260617\lua\quest\scenario\bsm\bsm300.lua,Bsm300,processEvent030,88,92,1,1,bsm30030,startNQCutScene,true,false,true,false,false,false,after_warp,direct_scene_after_warp
110322,The Sound of Silence,Bsm306,0,36,bsm306,quest_scenario,quest/scenario/bsm/bsm306,C:\Users\drime\source\repos\AuroraFlare\FF14-Memory\tools\outputs\lpb\decomp_more_20260617\lua\quest\scenario\bsm\bsm306.lua,Bsm306,processEventBodenolfStart,6,20,0,0,,,true,false,true,false,false,false,after_warp,fade_or_warp_helper
110322,The Sound of Silence,Bsm306,0,36,bsm306,quest_scenario,quest/scenario/bsm/bsm306,C:\Users\drime\source\repos\AuroraFlare\FF14-Memory\tools\outputs\lpb\decomp_more_20260617\lua\quest\scenario\bsm\bsm306.lua,Bsm306,processEvent010,58,62,1,1,bsm30610,startNQCutScene,true,false,true,false,false,false,after_warp,direct_scene_after_warp
110322,The Sound of Silence,Bsm306,0,36,bsm306,quest_scenario,quest/scenario/bsm/bsm306,C:\Users\drime\source\repos\AuroraFlare\FF14-Memory\tools\outputs\lpb\decomp_more_20260617\lua\quest\scenario\bsm\bsm306.lua,Bsm306,processEvent020,63,66,1,1,bsm30620,startNQCutScene,true,false,false,false,false,false,none,direct_scene
110322,The Sound of Silence,Bsm306,0,36,bsm306,quest_scenario,quest/scenario/bsm/bsm306,C:\Users\drime\source\repos\AuroraFlare\FF14-Memory\tools\outputs\lpb\decomp_more_20260617\lua\quest\scenario\bsm\bsm306.lua,Bsm306,processEvent030,67,71,1,1,bsm30630,startNQCutScene,false,false,true,false,false,false,after_warp,direct_scene_after_warp
110322,The Sound of Silence,Bsm306,0,36,bsm306,quest_scenario,quest/scenario/bsm/bsm306,C:\Users\drime\source\repos\AuroraFlare\FF14-Memory\tools\outputs\lpb\decomp_more_20260617\lua\quest\scenario\bsm\bsm306.lua,Bsm306,processEvent040,72,76,1,1,bsm30640,startNQCutScene,true,false,true,false,false,false,after_warp,direct_scene_after_warp
110322,The Sound of Silence,Bsm306,0,36,bsm306,quest_scenario,quest/scenario/bsm/bsm306,C:\Users\drime\source\repos\AuroraFlare\FF14-Memory\tools\outputs\lpb\decomp_more_20260617\lua\quest\scenario\bsm\bsm306.lua,Bsm306,processFadeOut,391,393,0,0,,,true,false,false,false,false,false,none,other
110322,The Sound of Silence,Bsm306,0,36,bsm306,quest_scenario,quest/scenario/bsm/bsm306,C:\Users\drime\source\repos\AuroraFlare\FF14-Memory\tools\outputs\lpb\decomp_more_20260617\lua\quest\scenario\bsm\bsm306.lua,Bsm306,processFadeIn,394,396,0,0,,,false,true,false,false,false,false,default,fade_or_warp_helper
110323,[en],Bsm400,0,40,bsm400,quest_scenario,quest/scenario/bsm/bsm400,C:\Users\drime\source\repos\AuroraFlare\FF14-Memory\tools\outputs\lpb\decomp_more_20260617\lua\quest\scenario\bsm\bsm400.lua,Bsm400,processEvent020,16,20,1,1,bsm40020,startNQCutScene,true,false,true,false,false,false,after_warp,direct_scene_after_warp
110323,[en],Bsm400,0,40,bsm400,quest_scenario,quest/scenario/bsm/bsm400,C:\Users\drime\source\repos\AuroraFlare\FF14-Memory\tools\outputs\lpb\decomp_more_20260617\lua\quest\scenario\bsm\bsm400.lua,Bsm400,processEvent030,21,25,1,1,bsm40030,startNQCutScene,true,false,true,false,false,false,after_warp,direct_scene_after_warp
110323,[en],Bsm400,0,40,bsm400,quest_scenario,quest/scenario/bsm/bsm400,C:\Users\drime\source\repos\AuroraFlare\FF14-Memory\tools\outputs\lpb\decomp_more_20260617\lua\quest\scenario\bsm\bsm400.lua,Bsm400,processEvent040,26,30,1,1,bsm40040,startNQCutScene,true,false,true,false,false,false,after_warp,direct_scene_after_warp
110323,[en],Bsm400,0,40,bsm400,quest_scenario,quest/scenario/bsm/bsm400,C:\Users\drime\source\repos\AuroraFlare\FF14-Memory\tools\outputs\lpb\decomp_more_20260617\lua\quest\scenario\bsm\bsm400.lua,Bsm400,processEvent045,36,40,1,1,bsm40045,startNQCutScene,true,false,true,false,false,false,after_warp,direct_scene_after_warp
110323,[en],Bsm400,0,40,bsm400,quest_scenario,quest/scenario/bsm/bsm400,C:\Users\drime\source\repos\AuroraFlare\FF14-Memory\tools\outputs\lpb\decomp_more_20260617\lua\quest\scenario\bsm\bsm400.lua,Bsm400,processEvent050,41,45,1,1,bsm40050,startNQCutScene,true,false,true,false,false,false,after_warp,direct_scene_after_warp
110260,Dendrological Duties,Cnj200,0,20,cnj200,quest_scenario,quest/scenario/cnj/cnj200,C:\Users\drime\source\repos\AuroraFlare\FF14-Memory\tools\outputs\lpb\decomp_more_20260617\lua\quest\scenario\cnj\cnj200.lua,Cnj200,processEventSoileineStart,6,20,1,1,cnj20010,startNQCutScene,true,true,false,false,false,false,default,direct_scene
110260,Dendrological Duties,Cnj200,0,20,cnj200,quest_scenario,quest/scenario/cnj/cnj200,C:\Users\drime\source\repos\AuroraFlare\FF14-Memory\tools\outputs\lpb\decomp_more_20260617\lua\quest\scenario\cnj\cnj200.lua,Cnj200,processEvent020,155,159,1,1,cnj20020,startNQCutScene,true,false,true,false,false,false,after_warp,direct_scene_after_warp
110260,Dendrological Duties,Cnj200,0,20,cnj200,quest_scenario,quest/scenario/cnj/cnj200,C:\Users\drime\source\repos\AuroraFlare\FF14-Memory\tools\outputs\lpb\decomp_more_20260617\lua\quest\scenario\cnj\cnj200.lua,Cnj200,processEvent030,200,204,1,1,cnj20030,startNQCutScene,true,true,false,false,false,false,default,direct_scene
110261,"Good Knight, Sweet Dreams",Cnj300,110260,30,cnj300,quest_scenario,quest/scenario/cnj/cnj300,C:\Users\drime\source\repos\AuroraFlare\FF14-Memory\tools\outputs\lpb\decomp_more_20260617\lua\quest\scenario\cnj\cnj300.lua,Cnj300,processEvent010,87,91,1,1,cnj30010,startNQCutScene,true,true,false,false,false,false,default,direct_scene
110261,"Good Knight, Sweet Dreams",Cnj300,110260,30,cnj300,quest_scenario,quest/scenario/cnj/cnj300,C:\Users\drime\source\repos\AuroraFlare\FF14-Memory\tools\outputs\lpb\decomp_more_20260617\lua\quest\scenario\cnj\cnj300.lua,Cnj300,processEvent020,105,109,1,1,cnj30020,startNQCutScene,true,false,true,false,false,false,after_warp,direct_scene_after_warp
110261,"Good Knight, Sweet Dreams",Cnj300,110260,30,cnj300,quest_scenario,quest/scenario/cnj/cnj300,C:\Users\drime\source\repos\AuroraFlare\FF14-Memory\tools\outputs\lpb\decomp_more_20260617\lua\quest\scenario\cnj\cnj300.lua,Cnj300,processEvent030,135,139,1,1,cnj30030,startNQCutScene,true,true,false,false,false,false,default,direct_scene
110261,"Good Knight, Sweet Dreams",Cnj300,110260,30,cnj300,quest_scenario,quest/scenario/cnj/cnj300,C:\Users\drime\source\repos\AuroraFlare\FF14-Memory\tools\outputs\lpb\decomp_more_20260617\lua\quest\scenario\cnj\cnj300.lua,Cnj300,processEvent040,184,188,1,1,cnj30040,startNQCutScene,true,false,true,false,false,false,after_warp,direct_scene_after_warp
110261,"Good Knight, Sweet Dreams",Cnj300,110260,30,cnj300,quest_scenario,quest/scenario/cnj/cnj300,C:\Users\drime\source\repos\AuroraFlare\FF14-Memory\tools\outputs\lpb\decomp_more_20260617\lua\quest\scenario\cnj\cnj300.lua,Cnj300,processEvent050,219,234,1,1,cnj30050,startNQCutScene,true,true,false,false,false,false,default,direct_scene
110261,"Good Knight, Sweet Dreams",Cnj300,110260,30,cnj300,quest_scenario,quest/scenario/cnj/cnj300,C:\Users\drime\source\repos\AuroraFlare\FF14-Memory\tools\outputs\lpb\decomp_more_20260617\lua\quest\scenario\cnj\cnj300.lua,Cnj300,processEvent060,269,273,1,1,cnj30060,startNQCutScene,true,true,false,false,false,false,default,direct_scene
110261,"Good Knight, Sweet Dreams",Cnj300,110260,30,cnj300,quest_scenario,quest/scenario/cnj/cnj300,C:\Users\drime\source\repos\AuroraFlare\FF14-Memory\tools\outputs\lpb\decomp_more_20260617\lua\quest\scenario\cnj\cnj300.lua,Cnj300,processEvent070,274,278,1,1,cnj30070,startNQCutScene,true,true,false,false,false,false,default,direct_scene
110262,The Call of Nature,Cnj306,110261,36,cnj306,quest_scenario,quest/scenario/cnj/cnj306,C:\Users\drime\source\repos\AuroraFlare\FF14-Memory\tools\outputs\lpb\decomp_more_20260617\lua\quest\scenario\cnj\cnj306.lua,Cnj306,processEvent010,89,93,1,1,cnj30610,startNQCutScene,true,true,false,false,false,false,default,direct_scene
110262,The Call of Nature,Cnj306,110261,36,cnj306,quest_scenario,quest/scenario/cnj/cnj306,C:\Users\drime\source\repos\AuroraFlare\FF14-Memory\tools\outputs\lpb\decomp_more_20260617\lua\quest\scenario\cnj\cnj306.lua,Cnj306,processEvent020,113,117,1,1,cnj30620,startNQCutScene,true,true,false,false,false,false,default,direct_scene
110262,The Call of Nature,Cnj306,110261,36,cnj306,quest_scenario,quest/scenario/cnj/cnj306,C:\Users\drime\source\repos\AuroraFlare\FF14-Memory\tools\outputs\lpb\decomp_more_20260617\lua\quest\scenario\cnj\cnj306.lua,Cnj306,processEvent030,129,133,1,1,cnj30630,startNQCutScene,true,true,false,false,false,false,default,direct_scene
110262,The Call of Nature,Cnj306,110261,36,cnj306,quest_scenario,quest/scenario/cnj/cnj306,C:\Users\drime\source\repos\AuroraFlare\FF14-Memory\tools\outputs\lpb\decomp_more_20260617\lua\quest\scenario\cnj\cnj306.lua,Cnj306,processEvent040,146,150,1,1,cnj30640,startNQCutScene,true,false,true,false,false,false,after_warp,direct_scene_after_warp
110262,The Call of Nature,Cnj306,110261,36,cnj306,quest_scenario,quest/scenario/cnj/cnj306,C:\Users\drime\source\repos\AuroraFlare\FF14-Memory\tools\outputs\lpb\decomp_more_20260617\lua\quest\scenario\cnj\cnj306.lua,Cnj306,processEvent050,159,163,1,1,cnj30650,startNQCutScene,true,false,true,false,false,false,after_warp,direct_scene_after_warp
110262,The Call of Nature,Cnj306,110261,36,cnj306,quest_scenario,quest/scenario/cnj/cnj306,C:\Users\drime\source\repos\AuroraFlare\FF14-Memory\tools\outputs\lpb\decomp_more_20260617\lua\quest\scenario\cnj\cnj306.lua,Cnj306,processEvent060,164,168,1,1,cnj30660,startNQCutScene,true,false,true,false,false,false,after_warp,direct_scene_after_warp
110262,The Call of Nature,Cnj306,110261,36,cnj306,quest_scenario,quest/scenario/cnj/cnj306,C:\Users\drime\source\repos\AuroraFlare\FF14-Memory\tools\outputs\lpb\decomp_more_20260617\lua\quest\scenario\cnj\cnj306.lua,Cnj306,processEvent070,169,173,1,1,cnj30670,startNQCutScene,true,false,true,false,false,false,after_warp,direct_scene_after_warp
110262,The Call of Nature,Cnj306,110261,36,cnj306,quest_scenario,quest/scenario/cnj/cnj306,C:\Users\drime\source\repos\AuroraFlare\FF14-Memory\tools\outputs\lpb\decomp_more_20260617\lua\quest\scenario\cnj\cnj306.lua,Cnj306,processEvent080,227,231,1,1,cnj30680,startNQCutScene,true,true,false,false,false,false,default,direct_scene
110262,The Call of Nature,Cnj306,110261,36,cnj306,quest_scenario,quest/scenario/cnj/cnj306,C:\Users\drime\source\repos\AuroraFlare\FF14-Memory\tools\outputs\lpb\decomp_more_20260617\lua\quest\scenario\cnj\cnj306.lua,Cnj306,processEvent090,232,236,1,1,cnj30690,startNQCutScene,true,false,true,false,false,false,after_warp,direct_scene_after_warp
110262,The Call of Nature,Cnj306,110261,36,cnj306,quest_scenario,quest/scenario/cnj/cnj306,C:\Users\drime\source\repos\AuroraFlare\FF14-Memory\tools\outputs\lpb\decomp_more_20260617\lua\quest\scenario\cnj\cnj306.lua,Cnj306,processEvent095,237,241,1,1,cnj30690,startNQCutScene,true,true,false,false,false,false,default,direct_scene
111601,Breaking the Seals,Com0g1,110014,22,com0g1,quest_scenario,quest/scenario/com/com0g1,C:\Users\drime\source\repos\AuroraFlare\FF14-Memory\tools\outputs\lpb\decomp_more_20260617\lua\quest\scenario\com\com0g1.lua,Com0g1,processEventUrianger,65,74,1,1,COM0G105,startNQCutScene,true,true,true,false,false,false,branch_or_mixed_default_and_after_warp,direct_scene_after_warp
111601,Breaking the Seals,Com0g1,110014,22,com0g1,quest_scenario,quest/scenario/com/com0g1,C:\Users\drime\source\repos\AuroraFlare\FF14-Memory\tools\outputs\lpb\decomp_more_20260617\lua\quest\scenario\com\com0g1.lua,Com0g1,processEventUriangerMore,75,80,1,1,COM0G110,startNQCutScene,true,false,true,false,false,false,after_warp,direct_scene_after_warp
111604,The Mail Must Get Through,Com0g4,111603,22,com0g4,quest_scenario,quest/scenario/com/com0g4,C:\Users\drime\source\repos\AuroraFlare\FF14-Memory\tools\outputs\lpb\decomp_more_20260617\lua\quest\scenario\com\com0g4.lua,Com0g4,processEventClear,142,168,1,1,com0g410,startNQCutScene,true,true,false,false,false,false,default,direct_scene
111605,Their Finest Hour,Com0g5,111604,25,com0g5,quest_scenario,quest/scenario/com/com0g5,C:\Users\drime\source\repos\AuroraFlare\FF14-Memory\tools\outputs\lpb\decomp_more_20260617\lua\quest\scenario\com\com0g5.lua,Com0g5,processEvent005,52,57,1,1,com0g610,startNQCutScene,true,false,true,false,false,false,after_warp,direct_scene_after_warp
111606,Appetite for Destruction,Com0g6,111605,25,com0g6,quest_scenario,quest/scenario/com/com0g6,C:\Users\drime\source\repos\AuroraFlare\FF14-Memory\tools\outputs\lpb\decomp_more_20260617\lua\quest\scenario\com\com0g6.lua,Com0g6,processEventNq,252,256,1,1,COM0G510,startNQCutScene,true,true,false,false,false,false,default,direct_scene
111401,The Price of Integrity,Com0l1,110014,22,com0l1,quest_scenario,quest/scenario/com/com0l1,C:\Users\drime\source\repos\AuroraFlare\FF14-Memory\tools\outputs\lpb\decomp_more_20260617\lua\quest\scenario\com\com0l1.lua,Com0l1,processEvent_020,63,71,1,1,COM0L105,startNQCutScene,true,true,true,false,false,false,branch_or_mixed_default_and_after_warp,direct_scene_after_warp
111401,The Price of Integrity,Com0l1,110014,22,com0l1,quest_scenario,quest/scenario/com/com0l1,C:\Users\drime\source\repos\AuroraFlare\FF14-Memory\tools\outputs\lpb\decomp_more_20260617\lua\quest\scenario\com\com0l1.lua,Com0l1,processEvent_030,105,110,1,1,COM0l110,startNQCutScene,true,false,true,false,false,false,after_warp,direct_scene_after_warp
111404,Engineering Victory,Com0l4,111403,22,com0l4,quest_scenario,quest/scenario/com/com0l4,C:\Users\drime\source\repos\AuroraFlare\FF14-Memory\tools\outputs\lpb\decomp_more_20260617\lua\quest\scenario\com\com0l4.lua,Com0l4,processEvent_020,156,174,1,1,com0l410,startNQCutScene,true,true,false,false,false,false,default,direct_scene
111405,An Officer and a Wise Man,Com0l5,111404,25,com0l5,quest_scenario,quest/scenario/com/com0l5,C:\Users\drime\source\repos\AuroraFlare\FF14-Memory\tools\outputs\lpb\decomp_more_20260617\lua\quest\scenario\com\com0l5.lua,Com0l5,processEvent_010,84,89,1,1,COM0l110,startNQCutScene,true,false,true,false,false,false,after_warp,direct_scene_after_warp
111405,An Officer and a Wise Man,Com0l5,111404,25,com0l5,quest_scenario,quest/scenario/com/com0l5,C:\Users\drime\source\repos\AuroraFlare\FF14-Memory\tools\outputs\lpb\decomp_more_20260617\lua\quest\scenario\com\com0l5.lua,Com0l5,processEvent_elevator_nq1,144,158,2,2,com0l610;elv0l110,startNQCutScene,true,false,true,false,false,false,after_warp,direct_scene_after_warp
111405,An Officer and a Wise Man,Com0l5,111404,25,com0l5,quest_scenario,quest/scenario/com/com0l5,C:\Users\drime\source\repos\AuroraFlare\FF14-Memory\tools\outputs\lpb\decomp_more_20260617\lua\quest\scenario\com\com0l5.lua,Com0l5,processEvent_elevator_nq2,159,171,1,1,elv0l110,startNQCutScene,true,false,true,false,false,false,after_warp,direct_scene_after_warp
111406,Ceruleum Shock,Com0l6,111405,25,com0l6,quest_scenario,quest/scenario/com/com0l6,C:\Users\drime\source\repos\AuroraFlare\FF14-Memory\tools\outputs\lpb\decomp_more_20260617\lua\quest\scenario\com\com0l6.lua,Com0l6,processEvent_010,108,112,1,1,com0l510,startNQCutScene,true,true,false,false,false,false,default,direct_scene
111406,Ceruleum Shock,Com0l6,111405,25,com0l6,quest_scenario,quest/scenario/com/com0l6,C:\Users\drime\source\repos\AuroraFlare\FF14-Memory\tools\outputs\lpb\decomp_more_20260617\lua\quest\scenario\com\com0l6.lua,Com0l6,processEvent_elevator_nq1,237,242,1,1,elv0l01a,startNQCutScene,true,false,true,false,false,false,after_warp,direct_scene_after_warp
111406,Ceruleum Shock,Com0l6,111405,25,com0l6,quest_scenario,quest/scenario/com/com0l6,C:\Users\drime\source\repos\AuroraFlare\FF14-Memory\tools\outputs\lpb\decomp_more_20260617\lua\quest\scenario\com\com0l6.lua,Com0l6,processEvent_elevator_nq2,243,248,1,1,elv0l02a,startNQCutScene,true,false,true,false,false,false,after_warp,direct_scene_after_warp
111801,Career Opportunities,Com0u1,110014,22,com0u1,quest_scenario,quest/scenario/com/com0u1,C:\Users\drime\source\repos\AuroraFlare\FF14-Memory\tools\outputs\lpb\decomp_more_20260617\lua\quest\scenario\com\com0u1.lua,Com0u1,processEvent_020,57,65,1,1,COM0U105,startNQCutScene,true,true,true,false,false,false,branch_or_mixed_default_and_after_warp,direct_scene_after_warp
111801,Career Opportunities,Com0u1,110014,22,com0u1,quest_scenario,quest/scenario/com/com0u1,C:\Users\drime\source\repos\AuroraFlare\FF14-Memory\tools\outputs\lpb\decomp_more_20260617\lua\quest\scenario\com\com0u1.lua,Com0u1,processEvent_030,66,70,1,1,COM0U110,startNQCutScene,true,false,true,false,false,false,after_warp,direct_scene_after_warp
111804,Arms Race,Com0u4,111803,22,com0u4,quest_scenario,quest/scenario/com/com0u4,C:\Users\drime\source\repos\AuroraFlare\FF14-Memory\tools\outputs\lpb\decomp_more_20260617\lua\quest\scenario\com\com0u4.lua,Com0u4,processEvent_050,101,121,1,1,com0u410,startNQCutScene,true,true,false,false,false,false,default,direct_scene
111805,Burning Man,Com0u5,111804,25,com0u5,quest_scenario,quest/scenario/com/com0u5,C:\Users\drime\source\repos\AuroraFlare\FF14-Memory\tools\outputs\lpb\decomp_more_20260617\lua\quest\scenario\com\com0u5.lua,Com0u5,processEvent025,149,153,1,1,com0u610,startNQCutScene,true,false,true,false,false,false,after_warp,direct_scene_after_warp
111806,Know Your Enemy,Com0u6,111805,25,com0u6,quest_scenario,quest/scenario/com/com0u6,C:\Users\drime\source\repos\AuroraFlare\FF14-Memory\tools\outputs\lpb\decomp_more_20260617\lua\quest\scenario\com\com0u6.lua,Com0u6,processEvent_005_03,90,95,1,1,com0u510,startNQCutScene,true,false,true,false,false,false,after_warp,direct_scene_after_warp
111806,Know Your Enemy,Com0u6,111805,25,com0u6,quest_scenario,quest/scenario/com/com0u6,C:\Users\drime\source\repos\AuroraFlare\FF14-Memory\tools\outputs\lpb\decomp_more_20260617\lua\quest\scenario\com\com0u6.lua,Com0u6,processEvent_elevator_nq1F,199,204,1,1,elv0u01a,startNQCutScene,true,false,true,false,false,false,after_warp,direct_scene_after_warp
111806,Know Your Enemy,Com0u6,111805,25,com0u6,quest_scenario,quest/scenario/com/com0u6,C:\Users\drime\source\repos\AuroraFlare\FF14-Memory\tools\outputs\lpb\decomp_more_20260617\lua\quest\scenario\com\com0u6.lua,Com0u6,processEvent_elevator_nq2F,205,210,1,1,elv0u02a,startNQCutScene,true,false,true,false,false,false,after_warp,direct_scene_after_warp
110440,Showdown,Cul200,0,20,cul200,quest_scenario,quest/scenario/cul/cul200,C:\Users\drime\source\repos\AuroraFlare\FF14-Memory\tools\outputs\lpb\decomp_more_20260617\lua\quest\scenario\cul\cul200.lua,Cul200,processEvent010,69,73,1,1,cul20010,startNQCutScene,true,true,false,false,false,false,default,direct_scene
110440,Showdown,Cul200,0,20,cul200,quest_scenario,quest/scenario/cul/cul200,C:\Users\drime\source\repos\AuroraFlare\FF14-Memory\tools\outputs\lpb\decomp_more_20260617\lua\quest\scenario\cul\cul200.lua,Cul200,processEvent020,122,126,1,1,cul20020,startNQCutScene,true,false,true,false,false,false,after_warp,direct_scene_after_warp
110440,Showdown,Cul200,0,20,cul200,quest_scenario,quest/scenario/cul/cul200,C:\Users\drime\source\repos\AuroraFlare\FF14-Memory\tools\outputs\lpb\decomp_more_20260617\lua\quest\scenario\cul\cul200.lua,Cul200,processEvent030,155,159,1,1,cul20030,startNQCutScene,true,false,true,false,false,false,after_warp,direct_scene_after_warp
110441,Mystery of the Gastronome Gone Home,Cul300,0,30,cul300,quest_scenario,quest/scenario/cul/cul300,C:\Users\drime\source\repos\AuroraFlare\FF14-Memory\tools\outputs\lpb\decomp_more_20260617\lua\quest\scenario\cul\cul300.lua,Cul300,processEvent010,53,57,1,1,cul30010,startNQCutScene,true,true,false,false,false,false,default,direct_scene
110441,Mystery of the Gastronome Gone Home,Cul300,0,30,cul300,quest_scenario,quest/scenario/cul/cul300,C:\Users\drime\source\repos\AuroraFlare\FF14-Memory\tools\outputs\lpb\decomp_more_20260617\lua\quest\scenario\cul\cul300.lua,Cul300,processEvent016,99,108,0,0,,,true,true,false,false,false,false,default,fade_or_warp_helper
110441,Mystery of the Gastronome Gone Home,Cul300,0,30,cul300,quest_scenario,quest/scenario/cul/cul300,C:\Users\drime\source\repos\AuroraFlare\FF14-Memory\tools\outputs\lpb\decomp_more_20260617\lua\quest\scenario\cul\cul300.lua,Cul300,processEvent020,120,124,1,1,cul30020,startNQCutScene,true,true,false,false,false,false,default,direct_scene
110441,Mystery of the Gastronome Gone Home,Cul300,0,30,cul300,quest_scenario,quest/scenario/cul/cul300,C:\Users\drime\source\repos\AuroraFlare\FF14-Memory\tools\outputs\lpb\decomp_more_20260617\lua\quest\scenario\cul\cul300.lua,Cul300,processEvent025,131,143,0,0,,,true,true,true,false,false,false,branch_or_mixed_default_and_after_warp,fade_or_warp_helper
110441,Mystery of the Gastronome Gone Home,Cul300,0,30,cul300,quest_scenario,quest/scenario/cul/cul300,C:\Users\drime\source\repos\AuroraFlare\FF14-Memory\tools\outputs\lpb\decomp_more_20260617\lua\quest\scenario\cul\cul300.lua,Cul300,processEvent030,180,184,1,1,cul30030,startNQCutScene,true,false,true,false,false,false,after_warp,direct_scene_after_warp
110442,Something in the Soup,Cul306,0,36,cul306,quest_scenario,quest/scenario/cul/cul306,C:\Users\drime\source\repos\AuroraFlare\FF14-Memory\tools\outputs\lpb\decomp_more_20260617\lua\quest\scenario\cul\cul306.lua,Cul306,processEventPrudentiaStart,11,19,2,1,cul30610,startNQCutScene,true,true,true,false,false,true,branch_or_mixed_default_and_after_warp,direct_scene_after_warp
110442,Something in the Soup,Cul306,0,36,cul306,quest_scenario,quest/scenario/cul/cul306,C:\Users\drime\source\repos\AuroraFlare\FF14-Memory\tools\outputs\lpb\decomp_more_20260617\lua\quest\scenario\cul\cul306.lua,Cul306,processEvent020,43,53,1,1,cul30620,startNQCutScene,false,true,false,false,false,false,default,direct_scene
110442,Something in the Soup,Cul306,0,36,cul306,quest_scenario,quest/scenario/cul/cul306,C:\Users\drime\source\repos\AuroraFlare\FF14-Memory\tools\outputs\lpb\decomp_more_20260617\lua\quest\scenario\cul\cul306.lua,Cul306,processEvent030,54,58,1,1,cul30630,startNQCutScene,true,false,true,false,false,false,after_warp,direct_scene_after_warp
110442,Something in the Soup,Cul306,0,36,cul306,quest_scenario,quest/scenario/cul/cul306,C:\Users\drime\source\repos\AuroraFlare\FF14-Memory\tools\outputs\lpb\decomp_more_20260617\lua\quest\scenario\cul\cul306.lua,Cul306,processEvent040,87,91,1,1,cul30640,startNQCutScene,true,true,false,false,false,false,default,direct_scene
110442,Something in the Soup,Cul306,0,36,cul306,quest_scenario,quest/scenario/cul/cul306,C:\Users\drime\source\repos\AuroraFlare\FF14-Memory\tools\outputs\lpb\decomp_more_20260617\lua\quest\scenario\cul\cul306.lua,Cul306,processEvent050,97,114,1,1,cul30650,startNQCutScene,true,true,true,false,false,false,branch_or_mixed_default_and_after_warp,direct_scene_after_warp
110442,Something in the Soup,Cul306,0,36,cul306,quest_scenario,quest/scenario/cul/cul306,C:\Users\drime\source\repos\AuroraFlare\FF14-Memory\tools\outputs\lpb\decomp_more_20260617\lua\quest\scenario\cul\cul306.lua,Cul306,processEvent060,149,153,1,1,cul30660,startNQCutScene,true,false,true,false,false,false,after_warp,direct_scene_after_warp
110442,Something in the Soup,Cul306,0,36,cul306,quest_scenario,quest/scenario/cul/cul306,C:\Users\drime\source\repos\AuroraFlare\FF14-Memory\tools\outputs\lpb\decomp_more_20260617\lua\quest\scenario\cul\cul306.lua,Cul306,processEvent065,154,158,1,1,cul30665,startNQCutScene,true,true,false,false,false,false,default,direct_scene
110442,Something in the Soup,Cul306,0,36,cul306,quest_scenario,quest/scenario/cul/cul306,C:\Users\drime\source\repos\AuroraFlare\FF14-Memory\tools\outputs\lpb\decomp_more_20260617\lua\quest\scenario\cul\cul306.lua,Cul306,processEvent070,195,199,1,1,cul30670,startNQCutScene,true,false,true,false,false,false,after_warp,direct_scene_after_warp
110443,[en],Cul400,0,40,cul400,quest_scenario,quest/scenario/cul/cul400,C:\Users\drime\source\repos\AuroraFlare\FF14-Memory\tools\outputs\lpb\decomp_more_20260617\lua\quest\scenario\cul\cul400.lua,Cul400,processEvent010,19,22,1,1,cul40010,startNQCutScene,false,true,false,false,false,false,default,direct_scene
110443,[en],Cul400,0,40,cul400,quest_scenario,quest/scenario/cul/cul400,C:\Users\drime\source\repos\AuroraFlare\FF14-Memory\tools\outputs\lpb\decomp_more_20260617\lua\quest\scenario\cul\cul400.lua,Cul400,processEvent020,23,26,1,1,cul40020,startNQCutScene,false,true,false,false,false,false,default,direct_scene
110443,[en],Cul400,0,40,cul400,quest_scenario,quest/scenario/cul/cul400,C:\Users\drime\source\repos\AuroraFlare\FF14-Memory\tools\outputs\lpb\decomp_more_20260617\lua\quest\scenario\cul\cul400.lua,Cul400,processEvent025,27,30,1,1,cul40025,startNQCutScene,false,true,false,false,false,false,default,direct_scene
110443,[en],Cul400,0,40,cul400,quest_scenario,quest/scenario/cul/cul400,C:\Users\drime\source\repos\AuroraFlare\FF14-Memory\tools\outputs\lpb\decomp_more_20260617\lua\quest\scenario\cul\cul400.lua,Cul400,processEvent030,37,40,1,1,cul40030,startNQCutScene,false,true,false,false,false,false,default,direct_scene
110544,Small Talk,Dftsrt,0,0,dftsrt,quest_scenario,quest/scenario/defaulttalk/dftsrt,C:\Users\drime\source\repos\AuroraFlare\FF14-Memory\tools\outputs\lpb\decomp_more_20260617\lua\quest\scenario\defaulttalk\dftsrt.lua,DftSrt,eventDeparture,9,20,2,0,,startNQCutScene,true,false,true,false,false,false,after_warp,dynamic_scene
111321,Eye of the Dragon,Drg0j1,0,15,drg0j1,quest_scenario,quest/scenario/drg/drg0j1,C:\Users\drime\source\repos\AuroraFlare\FF14-Memory\tools\outputs\lpb\decomp_more_20260617\lua\quest\scenario\drg\drg0j1.lua,Drg0j1,processEventNQ,130,134,1,1,drg0j110,startNQCutScene,true,true,false,false,false,false,default,direct_scene
111324,Double Dragoon,Drg0j4,0,15,drg0j4,quest_scenario,quest/scenario/drg/drg0j4,C:\Users\drime\source\repos\AuroraFlare\FF14-Memory\tools\outputs\lpb\decomp_more_20260617\lua\quest\scenario\drg\drg0j4.lua,Drg0j4,processEvent_NQ_Drg0j410,38,42,1,1,Drg0j410,startNQCutScene,true,true,false,false,false,false,default,direct_scene
111326,Into the Dragon's Maw,Drg0j6,0,15,drg0j6,quest_scenario,quest/scenario/drg/drg0j6,C:\Users\drime\source\repos\AuroraFlare\FF14-Memory\tools\outputs\lpb\decomp_more_20260617\lua\quest\scenario\drg\drg0j6.lua,Drg0j6,processEvent010,36,40,1,1,Drg0j610,startNQCutScene,true,true,false,false,false,false,default,direct_scene
111326,Into the Dragon's Maw,Drg0j6,0,15,drg0j6,quest_scenario,quest/scenario/drg/drg0j6,C:\Users\drime\source\repos\AuroraFlare\FF14-Memory\tools\outputs\lpb\decomp_more_20260617\lua\quest\scenario\drg\drg0j6.lua,Drg0j6,processEvent020,45,49,1,1,Drg0j620,startNQCutScene,true,false,true,false,false,false,after_warp,direct_scene_after_warp
111326,Into the Dragon's Maw,Drg0j6,0,15,drg0j6,quest_scenario,quest/scenario/drg/drg0j6,C:\Users\drime\source\repos\AuroraFlare\FF14-Memory\tools\outputs\lpb\decomp_more_20260617\lua\quest\scenario\drg\drg0j6.lua,Drg0j6,processEvent025,50,54,1,1,Drg0j620,startNQCutScene,true,true,false,false,false,false,default,direct_scene
110868,A Relic Reborn,Etc106,0,50,etc106,quest_scenario,quest/scenario/etc/etc106,C:\Users\drime\source\repos\AuroraFlare\FF14-Memory\tools\outputs\lpb\decomp_more_20260617\lua\quest\scenario\etc\etc106.lua,Etc106,processEvent100,1815,1823,1,1,wpn0f010,startNQCutScene,true,true,false,false,false,false,default,direct_scene
110869,Living on a Prayer,Etc304,0,45,etc304,quest_scenario,quest/scenario/etc/etc304,C:\Users\drime\source\repos\AuroraFlare\FF14-Memory\tools\outputs\lpb\decomp_more_20260617\lua\quest\scenario\etc\etc304.lua,Etc304,processEventStart,65,69,1,1,gc010810,startNQCutScene,true,true,false,false,false,false,default,direct_scene
110869,Living on a Prayer,Etc304,0,45,etc304,quest_scenario,quest/scenario/etc/etc304,C:\Users\drime\source\repos\AuroraFlare\FF14-Memory\tools\outputs\lpb\decomp_more_20260617\lua\quest\scenario\etc\etc304.lua,Etc304,processEventPray,80,171,5,5,gc010820;gc010830;gc010840;gc010850;gc010860,startNQCutScene,true,true,false,false,false,false,default,direct_scene
110736,Disorganized Crime,Etc3g2,0,21,etc3g2,quest_scenario,quest/scenario/etc/etc3g2,C:\Users\drime\source\repos\AuroraFlare\FF14-Memory\tools\outputs\lpb\decomp_more_20260617\lua\quest\scenario\etc\etc3g2.lua,Etc3g2,processEvent_020,98,102,1,1,etc3g210,startNQCutScene,true,false,true,false,false,false,after_warp,direct_scene_after_warp
110745,Shot Through the Heart,Etc3l2,0,21,etc3l2,quest_scenario,quest/scenario/etc/etc3l2,C:\Users\drime\source\repos\AuroraFlare\FF14-Memory\tools\outputs\lpb\decomp_more_20260617\lua\quest\scenario\etc\etc3l2.lua,Etc3l2,processEvent010_3,77,81,1,1,etc3l210,startNQCutScene,true,false,true,false,false,false,after_warp,direct_scene_after_warp
110727,There Might Be Blood,Etc3u2,0,21,etc3u2,quest_scenario,quest/scenario/etc/etc3u2,C:\Users\drime\source\repos\AuroraFlare\FF14-Memory\tools\outputs\lpb\decomp_more_20260617\lua\quest\scenario\etc\etc3u2.lua,Etc3u2,processEventNqetc3u2,55,66,1,1,etc3u210,startNQCutScene,true,true,false,false,false,false,default,direct_scene
110828,Waste Not Want Not,Etc5g0,110006,1,etc5g0,quest_scenario,quest/scenario/etc/etc5g0,C:\Users\drime\source\repos\AuroraFlare\FF14-Memory\tools\outputs\lpb\decomp_more_20260617\lua\quest\scenario\etc\etc5g0.lua,Etc5g0,processEvent_020,60,83,1,1,etc5g010,startNQCutScene,true,true,false,false,false,false,default,direct_scene
110838,The Ink Thief,Etc5l0,110002,1,etc5l0,quest_scenario,quest/scenario/etc/etc5l0,C:\Users\drime\source\repos\AuroraFlare\FF14-Memory\tools\outputs\lpb\decomp_more_20260617\lua\quest\scenario\etc\etc5l0.lua,Etc5l0,processEvent_020,54,80,1,1,etc5l010,startNQCutScene,true,true,false,false,false,false,default,direct_scene
110839,Private Eyes,Etc5l1,110829,15,etc5l1,quest_scenario,quest/scenario/etc/etc5l1,C:\Users\drime\source\repos\AuroraFlare\FF14-Memory\tools\outputs\lpb\decomp_more_20260617\lua\quest\scenario\etc\etc5l1.lua,Etc5l1,processEvent_020,36,40,1,1,etc5l120,startNQCutScene,true,true,false,false,false,false,default,direct_scene
110840,Mysteries of the Red Moon,Etc5l2,110839,20,etc5l2,quest_scenario,quest/scenario/etc/etc5l2,C:\Users\drime\source\repos\AuroraFlare\FF14-Memory\tools\outputs\lpb\decomp_more_20260617\lua\quest\scenario\etc\etc5l2.lua,Etc5l2,processEvent005_NQ,55,59,1,1,etc5l210,startNQCutScene,true,true,false,false,false,false,default,direct_scene
110841,Prophecy Inspection,Etc5l3,110840,20,etc5l3,quest_scenario,quest/scenario/etc/etc5l3,C:\Users\drime\source\repos\AuroraFlare\FF14-Memory\tools\outputs\lpb\decomp_more_20260617\lua\quest\scenario\etc\etc5l3.lua,Etc5l3,processEvent_005,30,34,1,1,etc5l320,startNQCutScene,true,false,true,false,false,false,after_warp,direct_scene_after_warp
110841,Prophecy Inspection,Etc5l3,110840,20,etc5l3,quest_scenario,quest/scenario/etc/etc5l3,C:\Users\drime\source\repos\AuroraFlare\FF14-Memory\tools\outputs\lpb\decomp_more_20260617\lua\quest\scenario\etc\etc5l3.lua,Etc5l3,processEvent_020,54,58,1,1,etc5l330,startNQCutScene,true,true,false,false,false,false,default,direct_scene
110848,Ring of Deceit,Etc5u0,110010,1,etc5u0,quest_scenario,quest/scenario/etc/etc5u0,C:\Users\drime\source\repos\AuroraFlare\FF14-Memory\tools\outputs\lpb\decomp_more_20260617\lua\quest\scenario\etc\etc5u0.lua,Etc5u0,processEvent_010,38,42,1,1,etc5u010,startNQCutScene,true,true,false,false,false,false,default,direct_scene
110100,Bloody Baptism,Exc200,0,20,exc200,quest_scenario,quest/scenario/exc/exc200,C:\Users\drime\source\repos\AuroraFlare\FF14-Memory\tools\outputs\lpb\decomp_more_20260617\lua\quest\scenario\exc\exc200.lua,Exc200,processEventWaekbyrtStart,6,25,1,1,exc20010,startNQCutScene,true,true,false,false,false,false,default,direct_scene
110100,Bloody Baptism,Exc200,0,20,exc200,quest_scenario,quest/scenario/exc/exc200,C:\Users\drime\source\repos\AuroraFlare\FF14-Memory\tools\outputs\lpb\decomp_more_20260617\lua\quest\scenario\exc\exc200.lua,Exc200,processEvent020,42,46,1,1,exc20020,startNQCutScene,true,false,true,false,false,false,after_warp,direct_scene_after_warp
110100,Bloody Baptism,Exc200,0,20,exc200,quest_scenario,quest/scenario/exc/exc200,C:\Users\drime\source\repos\AuroraFlare\FF14-Memory\tools\outputs\lpb\decomp_more_20260617\lua\quest\scenario\exc\exc200.lua,Exc200,processEvent030,47,51,1,1,exc20030,startNQCutScene,true,true,false,false,false,false,default,direct_scene
110100,Bloody Baptism,Exc200,0,20,exc200,quest_scenario,quest/scenario/exc/exc200,C:\Users\drime\source\repos\AuroraFlare\FF14-Memory\tools\outputs\lpb\decomp_more_20260617\lua\quest\scenario\exc\exc200.lua,Exc200,processEvent040,52,56,1,1,exc20040,startNQCutScene,true,true,false,false,false,false,default,direct_scene
110100,Bloody Baptism,Exc200,0,20,exc200,quest_scenario,quest/scenario/exc/exc200,C:\Users\drime\source\repos\AuroraFlare\FF14-Memory\tools\outputs\lpb\decomp_more_20260617\lua\quest\scenario\exc\exc200.lua,Exc200,processEvent050,57,61,1,1,exc20050,startNQCutScene,true,true,false,false,false,false,default,direct_scene
110101,Two-man Crew,Exc300,0,30,exc300,quest_scenario,quest/scenario/exc/exc300,C:\Users\drime\source\repos\AuroraFlare\FF14-Memory\tools\outputs\lpb\decomp_more_20260617\lua\quest\scenario\exc\exc300.lua,Exc300,processEventWaekbyrtStart,6,14,2,1,exc30010,startNQCutScene,true,true,true,false,false,true,branch_or_mixed_default_and_after_warp,direct_scene_after_warp
110101,Two-man Crew,Exc300,0,30,exc300,quest_scenario,quest/scenario/exc/exc300,C:\Users\drime\source\repos\AuroraFlare\FF14-Memory\tools\outputs\lpb\decomp_more_20260617\lua\quest\scenario\exc\exc300.lua,Exc300,processEvent020,15,23,2,1,exc30020,startNQCutScene,true,true,true,false,false,true,branch_or_mixed_default_and_after_warp,direct_scene_after_warp
110101,Two-man Crew,Exc300,0,30,exc300,quest_scenario,quest/scenario/exc/exc300,C:\Users\drime\source\repos\AuroraFlare\FF14-Memory\tools\outputs\lpb\decomp_more_20260617\lua\quest\scenario\exc\exc300.lua,Exc300,processEvent022,24,34,0,0,,,true,true,false,false,false,false,default,fade_or_warp_helper
110101,Two-man Crew,Exc300,0,30,exc300,quest_scenario,quest/scenario/exc/exc300,C:\Users\drime\source\repos\AuroraFlare\FF14-Memory\tools\outputs\lpb\decomp_more_20260617\lua\quest\scenario\exc\exc300.lua,Exc300,processEvent030,42,46,1,1,exc30030,startNQCutScene,true,true,false,false,false,false,default,direct_scene
110102,Captain's Orders,Exc306,0,36,exc306,quest_scenario,quest/scenario/exc/exc306,C:\Users\drime\source\repos\AuroraFlare\FF14-Memory\tools\outputs\lpb\decomp_more_20260617\lua\quest\scenario\exc\exc306.lua,Exc306,processEvent010,21,25,1,1,exc30610,startNQCutScene,true,false,true,false,false,false,after_warp,direct_scene_after_warp
110102,Captain's Orders,Exc306,0,36,exc306,quest_scenario,quest/scenario/exc/exc306,C:\Users\drime\source\repos\AuroraFlare\FF14-Memory\tools\outputs\lpb\decomp_more_20260617\lua\quest\scenario\exc\exc306.lua,Exc306,processEvent020,26,30,1,1,exc30620,startNQCutScene,true,false,true,false,false,false,after_warp,direct_scene_after_warp
110102,Captain's Orders,Exc306,0,36,exc306,quest_scenario,quest/scenario/exc/exc306,C:\Users\drime\source\repos\AuroraFlare\FF14-Memory\tools\outputs\lpb\decomp_more_20260617\lua\quest\scenario\exc\exc306.lua,Exc306,processEvent030,31,35,1,1,exc30630,startNQCutScene,true,false,true,false,false,false,after_warp,direct_scene_after_warp
110102,Captain's Orders,Exc306,0,36,exc306,quest_scenario,quest/scenario/exc/exc306,C:\Users\drime\source\repos\AuroraFlare\FF14-Memory\tools\outputs\lpb\decomp_more_20260617\lua\quest\scenario\exc\exc306.lua,Exc306,processEvent040,48,52,1,1,exc30640,startNQCutScene,true,false,true,false,false,false,after_warp,direct_scene_after_warp
110102,Captain's Orders,Exc306,0,36,exc306,quest_scenario,quest/scenario/exc/exc306,C:\Users\drime\source\repos\AuroraFlare\FF14-Memory\tools\outputs\lpb\decomp_more_20260617\lua\quest\scenario\exc\exc306.lua,Exc306,processEvent050,53,61,1,1,exc30650,startNQCutScene,true,true,true,false,false,false,branch_or_mixed_default_and_after_warp,direct_scene_after_warp
110102,Captain's Orders,Exc306,0,36,exc306,quest_scenario,quest/scenario/exc/exc306,C:\Users\drime\source\repos\AuroraFlare\FF14-Memory\tools\outputs\lpb\decomp_more_20260617\lua\quest\scenario\exc\exc306.lua,Exc306,processEvent060,62,66,1,1,exc30660,startNQCutScene,true,false,true,false,false,false,after_warp,direct_scene_after_warp
110102,Captain's Orders,Exc306,0,36,exc306,quest_scenario,quest/scenario/exc/exc306,C:\Users\drime\source\repos\AuroraFlare\FF14-Memory\tools\outputs\lpb\decomp_more_20260617\lua\quest\scenario\exc\exc306.lua,Exc306,processEvent070,67,77,1,1,exc30670,startNQCutScene,true,true,false,false,false,false,default,direct_scene
110103,[en],Exc400,0,40,exc400,quest_scenario,quest/scenario/exc/exc400,C:\Users\drime\source\repos\AuroraFlare\FF14-Memory\tools\outputs\lpb\decomp_more_20260617\lua\quest\scenario\exc\exc400.lua,Exc400,processEvent010,20,23,0,0,,,true,true,false,false,false,false,default,fade_or_warp_helper
110103,[en],Exc400,0,40,exc400,quest_scenario,quest/scenario/exc/exc400,C:\Users\drime\source\repos\AuroraFlare\FF14-Memory\tools\outputs\lpb\decomp_more_20260617\lua\quest\scenario\exc\exc400.lua,Exc400,processEvent020,24,28,0,0,,,true,true,false,false,false,false,default,fade_or_warp_helper
110103,[en],Exc400,0,40,exc400,quest_scenario,quest/scenario/exc/exc400,C:\Users\drime\source\repos\AuroraFlare\FF14-Memory\tools\outputs\lpb\decomp_more_20260617\lua\quest\scenario\exc\exc400.lua,Exc400,processEvent030,49,52,0,0,,,true,true,false,false,false,false,default,fade_or_warp_helper
110103,[en],Exc400,0,40,exc400,quest_scenario,quest/scenario/exc/exc400,C:\Users\drime\source\repos\AuroraFlare\FF14-Memory\tools\outputs\lpb\decomp_more_20260617\lua\quest\scenario\exc\exc400.lua,Exc400,processEvent040,67,70,0,0,,,true,true,false,false,false,false,default,fade_or_warp_helper
110103,[en],Exc400,0,40,exc400,quest_scenario,quest/scenario/exc/exc400,C:\Users\drime\source\repos\AuroraFlare\FF14-Memory\tools\outputs\lpb\decomp_more_20260617\lua\quest\scenario\exc\exc400.lua,Exc400,processEvent060,71,74,0,0,,,true,true,false,false,false,false,default,fade_or_warp_helper
110500,To Fight a Fishback,Fsh200,0,20,fsh200,quest_scenario,quest/scenario/fsh/fsh200,C:\Users\drime\source\repos\AuroraFlare\FF14-Memory\tools\outputs\lpb\decomp_more_20260617\lua\quest\scenario\fsh\fsh200.lua,Fsh200,processEvent010,45,49,1,1,fsh20010,startNQCutScene,true,true,false,false,false,false,default,direct_scene
110500,To Fight a Fishback,Fsh200,0,20,fsh200,quest_scenario,quest/scenario/fsh/fsh200,C:\Users\drime\source\repos\AuroraFlare\FF14-Memory\tools\outputs\lpb\decomp_more_20260617\lua\quest\scenario\fsh\fsh200.lua,Fsh200,processEvent020,50,54,1,1,fsh20020,startNQCutScene,true,true,false,false,false,false,default,direct_scene
110501,The Beast of the Barrel,Fsh300,0,30,fsh300,quest_scenario,quest/scenario/fsh/fsh300,C:\Users\drime\source\repos\AuroraFlare\FF14-Memory\tools\outputs\lpb\decomp_more_20260617\lua\quest\scenario\fsh\fsh300.lua,Fsh300,processEvent010,23,33,1,1,fsh30010,startNQCutScene,true,true,false,false,false,false,default,direct_scene
110501,The Beast of the Barrel,Fsh300,0,30,fsh300,quest_scenario,quest/scenario/fsh/fsh300,C:\Users\drime\source\repos\AuroraFlare\FF14-Memory\tools\outputs\lpb\decomp_more_20260617\lua\quest\scenario\fsh\fsh300.lua,Fsh300,processEvent020,85,89,1,1,fsh30020,startNQCutScene,true,false,true,false,false,false,after_warp,direct_scene_after_warp
110501,The Beast of the Barrel,Fsh300,0,30,fsh300,quest_scenario,quest/scenario/fsh/fsh300,C:\Users\drime\source\repos\AuroraFlare\FF14-Memory\tools\outputs\lpb\decomp_more_20260617\lua\quest\scenario\fsh\fsh300.lua,Fsh300,processEvent025,96,100,1,1,fsh30025,startNQCutScene,true,false,true,false,false,false,after_warp,direct_scene_after_warp
110501,The Beast of the Barrel,Fsh300,0,30,fsh300,quest_scenario,quest/scenario/fsh/fsh300,C:\Users\drime\source\repos\AuroraFlare\FF14-Memory\tools\outputs\lpb\decomp_more_20260617\lua\quest\scenario\fsh\fsh300.lua,Fsh300,processEvent030,193,197,1,1,fsh30030,startNQCutScene,true,true,false,false,false,false,default,direct_scene
110501,The Beast of the Barrel,Fsh300,0,30,fsh300,quest_scenario,quest/scenario/fsh/fsh300,C:\Users\drime\source\repos\AuroraFlare\FF14-Memory\tools\outputs\lpb\decomp_more_20260617\lua\quest\scenario\fsh\fsh300.lua,Fsh300,processEvent040,204,208,1,1,fsh30040,startNQCutScene,true,false,true,false,false,false,after_warp,direct_scene_after_warp
110501,The Beast of the Barrel,Fsh300,0,30,fsh300,quest_scenario,quest/scenario/fsh/fsh300,C:\Users\drime\source\repos\AuroraFlare\FF14-Memory\tools\outputs\lpb\decomp_more_20260617\lua\quest\scenario\fsh\fsh300.lua,Fsh300,processEvent050,209,213,1,1,fsh30050,startNQCutScene,true,false,true,false,false,false,after_warp,direct_scene_after_warp
110501,The Beast of the Barrel,Fsh300,0,30,fsh300,quest_scenario,quest/scenario/fsh/fsh300,C:\Users\drime\source\repos\AuroraFlare\FF14-Memory\tools\outputs\lpb\decomp_more_20260617\lua\quest\scenario\fsh\fsh300.lua,Fsh300,processEvent060,256,260,1,1,fsh30060,startNQCutScene,true,true,false,false,false,false,default,direct_scene
110501,The Beast of the Barrel,Fsh300,0,30,fsh300,quest_scenario,quest/scenario/fsh/fsh300,C:\Users\drime\source\repos\AuroraFlare\FF14-Memory\tools\outputs\lpb\decomp_more_20260617\lua\quest\scenario\fsh\fsh300.lua,Fsh300,processEvent070,261,270,1,1,fsh30070,startNQCutScene,false,true,false,false,false,false,default,direct_scene
110502,Polishing the Mast,Fsh306,0,36,fsh306,quest_scenario,quest/scenario/fsh/fsh306,C:\Users\drime\source\repos\AuroraFlare\FF14-Memory\tools\outputs\lpb\decomp_more_20260617\lua\quest\scenario\fsh\fsh306.lua,Fsh306,processEvent010,44,48,1,1,fsh30610,startNQCutScene,true,false,true,false,false,false,after_warp,direct_scene_after_warp
110502,Polishing the Mast,Fsh306,0,36,fsh306,quest_scenario,quest/scenario/fsh/fsh306,C:\Users\drime\source\repos\AuroraFlare\FF14-Memory\tools\outputs\lpb\decomp_more_20260617\lua\quest\scenario\fsh\fsh306.lua,Fsh306,processEvent020,123,127,1,1,fsh30620,startNQCutScene,true,false,true,false,false,false,after_warp,direct_scene_after_warp
110502,Polishing the Mast,Fsh306,0,36,fsh306,quest_scenario,quest/scenario/fsh/fsh306,C:\Users\drime\source\repos\AuroraFlare\FF14-Memory\tools\outputs\lpb\decomp_more_20260617\lua\quest\scenario\fsh\fsh306.lua,Fsh306,processEvent030,180,184,1,1,fsh30630,startNQCutScene,true,true,false,false,false,false,default,direct_scene
110502,Polishing the Mast,Fsh306,0,36,fsh306,quest_scenario,quest/scenario/fsh/fsh306,C:\Users\drime\source\repos\AuroraFlare\FF14-Memory\tools\outputs\lpb\decomp_more_20260617\lua\quest\scenario\fsh\fsh306.lua,Fsh306,processEvent040,185,196,1,1,fsh30640,startNQCutScene,true,true,false,false,false,false,default,direct_scene
110502,Polishing the Mast,Fsh306,0,36,fsh306,quest_scenario,quest/scenario/fsh/fsh306,C:\Users\drime\source\repos\AuroraFlare\FF14-Memory\tools\outputs\lpb\decomp_more_20260617\lua\quest\scenario\fsh\fsh306.lua,Fsh306,processEvent050,197,208,1,1,fsh30650,startNQCutScene,true,true,false,false,false,false,default,direct_scene
110502,Polishing the Mast,Fsh306,0,36,fsh306,quest_scenario,quest/scenario/fsh/fsh306,C:\Users\drime\source\repos\AuroraFlare\FF14-Memory\tools\outputs\lpb\decomp_more_20260617\lua\quest\scenario\fsh\fsh306.lua,Fsh306,processEvent060,214,225,1,1,fsh30660,startNQCutScene,true,true,false,false,false,false,default,direct_scene
110503,[en],Fsh400,0,40,fsh400,quest_scenario,quest/scenario/fsh/fsh400,C:\Users\drime\source\repos\AuroraFlare\FF14-Memory\tools\outputs\lpb\decomp_more_20260617\lua\quest\scenario\fsh\fsh400.lua,Fsh400,processEvent010,50,53,1,1,fsh40010,startNQCutScene,false,true,false,false,false,false,default,direct_scene
110503,[en],Fsh400,0,40,fsh400,quest_scenario,quest/scenario/fsh/fsh400,C:\Users\drime\source\repos\AuroraFlare\FF14-Memory\tools\outputs\lpb\decomp_more_20260617\lua\quest\scenario\fsh\fsh400.lua,Fsh400,processEvent020,54,57,1,1,fsh40020,startNQCutScene,false,true,false,false,false,false,default,direct_scene
110503,[en],Fsh400,0,40,fsh400,quest_scenario,quest/scenario/fsh/fsh400,C:\Users\drime\source\repos\AuroraFlare\FF14-Memory\tools\outputs\lpb\decomp_more_20260617\lua\quest\scenario\fsh\fsh400.lua,Fsh400,processEvent030,58,61,1,1,fsh40030,startNQCutScene,false,true,false,false,false,false,default,direct_scene
110503,[en],Fsh400,0,40,fsh400,quest_scenario,quest/scenario/fsh/fsh400,C:\Users\drime\source\repos\AuroraFlare\FF14-Memory\tools\outputs\lpb\decomp_more_20260617\lua\quest\scenario\fsh\fsh400.lua,Fsh400,processEvent040,62,65,1,1,fsh40040,startNQCutScene,false,true,false,false,false,false,default,direct_scene
110503,[en],Fsh400,0,40,fsh400,quest_scenario,quest/scenario/fsh/fsh400,C:\Users\drime\source\repos\AuroraFlare\FF14-Memory\tools\outputs\lpb\decomp_more_20260617\lua\quest\scenario\fsh\fsh400.lua,Fsh400,processEvent050,66,69,1,1,fsh40050,startNQCutScene,false,true,false,false,false,false,default,direct_scene
110503,[en],Fsh400,0,40,fsh400,quest_scenario,quest/scenario/fsh/fsh400,C:\Users\drime\source\repos\AuroraFlare\FF14-Memory\tools\outputs\lpb\decomp_more_20260617\lua\quest\scenario\fsh\fsh400.lua,Fsh400,processEvent060,70,73,1,1,fsh40060,startNQCutScene,false,true,false,false,false,false,default,direct_scene
111627,Two Vans are Better than One,Gcg102,111616,40,gcg102,quest_scenario,quest/scenario/gcg/gcg102,C:\Users\drime\source\repos\AuroraFlare\FF14-Memory\tools\outputs\lpb\decomp_more_20260617\lua\quest\scenario\gcg\gcg102.lua,Gcg102,processEventPfrymloefNQ,113,118,1,1,gc01g210,startNQCutScene,true,true,false,false,false,false,default,direct_scene
111629,Shadow of the Raven,Gcg103,111628,45,gcg103,quest_scenario,quest/scenario/gcg/gcg103,C:\Users\drime\source\repos\AuroraFlare\FF14-Memory\tools\outputs\lpb\decomp_more_20260617\lua\quest\scenario\gcg\gcg103.lua,Gcg103,processEventNQ01,95,103,1,1,gc01g310,startNQCutScene,true,true,false,false,false,false,default,direct_scene
111629,Shadow of the Raven,Gcg103,111628,45,gcg103,quest_scenario,quest/scenario/gcg/gcg103,C:\Users\drime\source\repos\AuroraFlare\FF14-Memory\tools\outputs\lpb\decomp_more_20260617\lua\quest\scenario\gcg\gcg103.lua,Gcg103,processEventNQ02,104,108,1,1,gc01g320,startNQCutScene,true,true,false,false,false,false,default,direct_scene
111427,Alive,Gcl102,111416,40,gcl102,quest_scenario,quest/scenario/gcl/gcl102,C:\Users\drime\source\repos\AuroraFlare\FF14-Memory\tools\outputs\lpb\decomp_more_20260617\lua\quest\scenario\gcl\gcl102.lua,Gcl102,processEventNQ,104,108,1,1,gc01l210,startNQCutScene,true,false,true,false,false,false,after_warp,direct_scene_after_warp
111429,Deus ex Machina,Gcl103,111428,45,gcl103,quest_scenario,quest/scenario/gcl/gcl103,C:\Users\drime\source\repos\AuroraFlare\FF14-Memory\tools\outputs\lpb\decomp_more_20260617\lua\quest\scenario\gcl\gcl103.lua,Gcl103,processEvent005_NQ,86,94,1,1,gc01l310,startNQCutScene,true,true,true,false,false,false,branch_or_mixed_default_and_after_warp,direct_scene_after_warp
111429,Deus ex Machina,Gcl103,111428,45,gcl103,quest_scenario,quest/scenario/gcl/gcl103,C:\Users\drime\source\repos\AuroraFlare\FF14-Memory\tools\outputs\lpb\decomp_more_20260617\lua\quest\scenario\gcl\gcl103.lua,Gcl103,processEvent015_NQ,95,99,1,1,gc01l320,startNQCutScene,true,true,false,false,false,false,default,direct_scene
111430,In for Garuda Wakening (Limsa Lominsa),Gcl104,111429,45,gcl104,quest_scenario,quest/scenario/gcl/gcl104,C:\Users\drime\source\repos\AuroraFlare\FF14-Memory\tools\outputs\lpb\decomp_more_20260617\lua\quest\scenario\gcl\gcl104.lua,Gcl104,processEventZanthael,440,454,2,2,elv0l110;gc01l410,startNQCutScene,true,false,true,false,false,false,after_warp,direct_scene_after_warp
111430,In for Garuda Wakening (Limsa Lominsa),Gcl104,111429,45,gcl104,quest_scenario,quest/scenario/gcl/gcl104,C:\Users\drime\source\repos\AuroraFlare\FF14-Memory\tools\outputs\lpb\decomp_more_20260617\lua\quest\scenario\gcl\gcl104.lua,Gcl104,processEventNQ,455,459,1,1,gc010410,startNQCutScene,true,true,false,false,false,false,default,direct_scene
111430,In for Garuda Wakening (Limsa Lominsa),Gcl104,111429,45,gcl104,quest_scenario,quest/scenario/gcl/gcl104,C:\Users\drime\source\repos\AuroraFlare\FF14-Memory\tools\outputs\lpb\decomp_more_20260617\lua\quest\scenario\gcl\gcl104.lua,Gcl104,processEventNQG,460,464,1,1,gc01g410,startNQCutScene,true,false,true,false,false,false,after_warp,direct_scene_after_warp
111430,In for Garuda Wakening (Limsa Lominsa),Gcl104,111429,45,gcl104,quest_scenario,quest/scenario/gcl/gcl104,C:\Users\drime\source\repos\AuroraFlare\FF14-Memory\tools\outputs\lpb\decomp_more_20260617\lua\quest\scenario\gcl\gcl104.lua,Gcl104,processEventNQU,465,469,1,1,gc01u410,startNQCutScene,true,false,true,false,false,false,after_warp,direct_scene_after_warp
111431,Don't Hate the Messenger (Limsa Lominsa),Gcl105,111430,45,gcl105,quest_scenario,quest/scenario/gcl/gcl105,C:\Users\drime\source\repos\AuroraFlare\FF14-Memory\tools\outputs\lpb\decomp_more_20260617\lua\quest\scenario\gcl\gcl105.lua,Gcl105,processEventZanthael1,900,913,1,1,elv0l110,startNQCutScene,true,false,true,false,false,false,after_warp,direct_scene_after_warp
111431,Don't Hate the Messenger (Limsa Lominsa),Gcl105,111430,45,gcl105,quest_scenario,quest/scenario/gcl/gcl105,C:\Users\drime\source\repos\AuroraFlare\FF14-Memory\tools\outputs\lpb\decomp_more_20260617\lua\quest\scenario\gcl\gcl105.lua,Gcl105,processEventNq,928,932,1,1,gc010620,startNQCutScene,true,false,true,false,false,false,after_warp,direct_scene_after_warp
111431,Don't Hate the Messenger (Limsa Lominsa),Gcl105,111430,45,gcl105,quest_scenario,quest/scenario/gcl/gcl105,C:\Users\drime\source\repos\AuroraFlare\FF14-Memory\tools\outputs\lpb\decomp_more_20260617\lua\quest\scenario\gcl\gcl105.lua,Gcl105,processEventNq1,933,937,1,1,gc010610,startNQCutScene,true,true,false,false,false,false,default,direct_scene
111432,United We Stand (Limsa Lominsa),Gcl106,111431,45,gcl106,quest_scenario,quest/scenario/gcl/gcl106,C:\Users\drime\source\repos\AuroraFlare\FF14-Memory\tools\outputs\lpb\decomp_more_20260617\lua\quest\scenario\gcl\gcl106.lua,Gcl106,processEvent_LimsaWarp_Zanthael_01,168,180,1,1,elv0l110,startNQCutScene,true,false,true,false,false,false,after_warp,direct_scene_after_warp
111433,To Kill a Raven (Limsa Lominsa),Gcl107,111434,45,gcl107,quest_scenario,quest/scenario/gcl/gcl107,C:\Users\drime\source\repos\AuroraFlare\FF14-Memory\tools\outputs\lpb\decomp_more_20260617\lua\quest\scenario\gcl\gcl107.lua,Gcl107,processEventKinnison03,609,622,1,1,gc010750,startNQCutScene,true,true,false,false,false,false,default,direct_scene
111433,To Kill a Raven (Limsa Lominsa),Gcl107,111434,45,gcl107,quest_scenario,quest/scenario/gcl/gcl107,C:\Users\drime\source\repos\AuroraFlare\FF14-Memory\tools\outputs\lpb\decomp_more_20260617\lua\quest\scenario\gcl\gcl107.lua,Gcl107,processEventNq1,623,627,1,1,gc010710,startNQCutScene,true,true,false,false,false,false,default,direct_scene
111433,To Kill a Raven (Limsa Lominsa),Gcl107,111434,45,gcl107,quest_scenario,quest/scenario/gcl/gcl107,C:\Users\drime\source\repos\AuroraFlare\FF14-Memory\tools\outputs\lpb\decomp_more_20260617\lua\quest\scenario\gcl\gcl107.lua,Gcl107,processEventNq2,628,632,1,1,gc010714,startNQCutScene,true,true,false,false,false,false,default,direct_scene
111827,"Like Father, Like Son",Gcu102,111816,40,gcu102,quest_scenario,quest/scenario/gcu/gcu102,C:\Users\drime\source\repos\AuroraFlare\FF14-Memory\tools\outputs\lpb\decomp_more_20260617\lua\quest\scenario\gcu\gcu102.lua,Gcu102,processEvent015,118,122,1,1,gc01u210,startNQCutScene,true,true,false,false,false,false,default,direct_scene
111827,"Like Father, Like Son",Gcu102,111816,40,gcu102,quest_scenario,quest/scenario/gcu/gcu102,C:\Users\drime\source\repos\AuroraFlare\FF14-Memory\tools\outputs\lpb\decomp_more_20260617\lua\quest\scenario\gcu\gcu102.lua,Gcu102,processEvent_elevator_nq1F,219,224,1,1,elv0u01a,startNQCutScene,true,false,true,false,false,false,after_warp,direct_scene_after_warp
111827,"Like Father, Like Son",Gcu102,111816,40,gcu102,quest_scenario,quest/scenario/gcu/gcu102,C:\Users\drime\source\repos\AuroraFlare\FF14-Memory\tools\outputs\lpb\decomp_more_20260617\lua\quest\scenario\gcu\gcu102.lua,Gcu102,processEvent_elevator_nq2F,225,230,1,1,elv0u02a,startNQCutScene,true,false,true,false,false,false,after_warp,direct_scene_after_warp
111829,Careless Whispers,Gcu103,111828,45,gcu103,quest_scenario,quest/scenario/gcu/gcu103,C:\Users\drime\source\repos\AuroraFlare\FF14-Memory\tools\outputs\lpb\decomp_more_20260617\lua\quest\scenario\gcu\gcu103.lua,Gcu103,processEvent_010_NQ_1,67,71,1,1,gc01u320,startNQCutScene,true,true,false,false,false,false,default,direct_scene
111829,Careless Whispers,Gcu103,111828,45,gcu103,quest_scenario,quest/scenario/gcu/gcu103,C:\Users\drime\source\repos\AuroraFlare\FF14-Memory\tools\outputs\lpb\decomp_more_20260617\lua\quest\scenario\gcu\gcu103.lua,Gcu103,processEvent_025_NQ_2,111,115,1,1,gc01u310,startNQCutScene,true,true,false,false,false,false,default,direct_scene
110080,All Bark and No Bite,Gla200,0,20,gla200,quest_scenario,quest/scenario/gla/gla200,C:\Users\drime\source\repos\AuroraFlare\FF14-Memory\tools\outputs\lpb\decomp_more_20260617\lua\quest\scenario\gla\gla200.lua,Gla200,processEvent010,38,42,1,1,gla20010,startNQCutScene,true,false,true,false,false,false,after_warp,direct_scene_after_warp
110080,All Bark and No Bite,Gla200,0,20,gla200,quest_scenario,quest/scenario/gla/gla200,C:\Users\drime\source\repos\AuroraFlare\FF14-Memory\tools\outputs\lpb\decomp_more_20260617\lua\quest\scenario\gla\gla200.lua,Gla200,processEvent020,43,47,1,1,gla20020,startNQCutScene,true,false,true,false,false,false,after_warp,direct_scene_after_warp
110080,All Bark and No Bite,Gla200,0,20,gla200,quest_scenario,quest/scenario/gla/gla200,C:\Users\drime\source\repos\AuroraFlare\FF14-Memory\tools\outputs\lpb\decomp_more_20260617\lua\quest\scenario\gla\gla200.lua,Gla200,processEvent030,48,52,1,1,gla20030,startNQCutScene,true,true,false,false,false,false,default,direct_scene
110081,Unalienable Rights,Gla300,0,30,gla300,quest_scenario,quest/scenario/gla/gla300,C:\Users\drime\source\repos\AuroraFlare\FF14-Memory\tools\outputs\lpb\decomp_more_20260617\lua\quest\scenario\gla\gla300.lua,Gla300,processEventLulutsuStart,6,16,2,1,gla30010,startNQCutScene,true,true,false,false,false,true,default,direct_scene
110081,Unalienable Rights,Gla300,0,30,gla300,quest_scenario,quest/scenario/gla/gla300,C:\Users\drime\source\repos\AuroraFlare\FF14-Memory\tools\outputs\lpb\decomp_more_20260617\lua\quest\scenario\gla\gla300.lua,Gla300,processEvent020,17,21,1,1,gla30020,startNQCutScene,true,true,false,false,false,false,default,direct_scene
110081,Unalienable Rights,Gla300,0,30,gla300,quest_scenario,quest/scenario/gla/gla300,C:\Users\drime\source\repos\AuroraFlare\FF14-Memory\tools\outputs\lpb\decomp_more_20260617\lua\quest\scenario\gla\gla300.lua,Gla300,processEvent030,33,37,1,1,gla30030,startNQCutScene,true,false,true,false,false,false,after_warp,direct_scene_after_warp
110081,Unalienable Rights,Gla300,0,30,gla300,quest_scenario,quest/scenario/gla/gla300,C:\Users\drime\source\repos\AuroraFlare\FF14-Memory\tools\outputs\lpb\decomp_more_20260617\lua\quest\scenario\gla\gla300.lua,Gla300,processEvent040,38,42,1,1,gla30040,startNQCutScene,true,false,true,false,false,false,after_warp,direct_scene_after_warp
110081,Unalienable Rights,Gla300,0,30,gla300,quest_scenario,quest/scenario/gla/gla300,C:\Users\drime\source\repos\AuroraFlare\FF14-Memory\tools\outputs\lpb\decomp_more_20260617\lua\quest\scenario\gla\gla300.lua,Gla300,processEvent050,43,54,1,1,gla30050,startNQCutScene,false,true,false,false,false,false,default,direct_scene
110081,Unalienable Rights,Gla300,0,30,gla300,quest_scenario,quest/scenario/gla/gla300,C:\Users\drime\source\repos\AuroraFlare\FF14-Memory\tools\outputs\lpb\decomp_more_20260617\lua\quest\scenario\gla\gla300.lua,Gla300,processEvent060,61,65,1,1,gla30060,startNQCutScene,true,false,true,false,false,false,after_warp,direct_scene_after_warp
110081,Unalienable Rights,Gla300,0,30,gla300,quest_scenario,quest/scenario/gla/gla300,C:\Users\drime\source\repos\AuroraFlare\FF14-Memory\tools\outputs\lpb\decomp_more_20260617\lua\quest\scenario\gla\gla300.lua,Gla300,processEvent070,77,81,1,1,gla30070,startNQCutScene,true,false,true,false,false,false,after_warp,direct_scene_after_warp
110081,Unalienable Rights,Gla300,0,30,gla300,quest_scenario,quest/scenario/gla/gla300,C:\Users\drime\source\repos\AuroraFlare\FF14-Memory\tools\outputs\lpb\decomp_more_20260617\lua\quest\scenario\gla\gla300.lua,Gla300,processEvent080,82,86,1,1,gla30080,startNQCutScene,true,false,true,false,false,false,after_warp,direct_scene_after_warp
110082,Thrill of the Fight,Gla306,0,36,gla306,quest_scenario,quest/scenario/gla/gla306,C:\Users\drime\source\repos\AuroraFlare\FF14-Memory\tools\outputs\lpb\decomp_more_20260617\lua\quest\scenario\gla\gla306.lua,Gla306,processEvent010,38,42,1,1,gla30610,startNQCutScene,true,false,true,false,false,false,after_warp,direct_scene_after_warp
110082,Thrill of the Fight,Gla306,0,36,gla306,quest_scenario,quest/scenario/gla/gla306,C:\Users\drime\source\repos\AuroraFlare\FF14-Memory\tools\outputs\lpb\decomp_more_20260617\lua\quest\scenario\gla\gla306.lua,Gla306,processEvent020,43,47,1,1,gla30620,startNQCutScene,true,false,true,false,false,false,after_warp,direct_scene_after_warp
110082,Thrill of the Fight,Gla306,0,36,gla306,quest_scenario,quest/scenario/gla/gla306,C:\Users\drime\source\repos\AuroraFlare\FF14-Memory\tools\outputs\lpb\decomp_more_20260617\lua\quest\scenario\gla\gla306.lua,Gla306,processEvent020_999,48,52,1,1,gla30615,startNQCutScene,true,false,true,false,false,false,after_warp,direct_scene_after_warp
110082,Thrill of the Fight,Gla306,0,36,gla306,quest_scenario,quest/scenario/gla/gla306,C:\Users\drime\source\repos\AuroraFlare\FF14-Memory\tools\outputs\lpb\decomp_more_20260617\lua\quest\scenario\gla\gla306.lua,Gla306,processEvent030,77,81,1,1,gla30630,startNQCutScene,true,false,true,false,false,false,after_warp,direct_scene_after_warp
110082,Thrill of the Fight,Gla306,0,36,gla306,quest_scenario,quest/scenario/gla/gla306,C:\Users\drime\source\repos\AuroraFlare\FF14-Memory\tools\outputs\lpb\decomp_more_20260617\lua\quest\scenario\gla\gla306.lua,Gla306,processEvent040,82,86,1,1,gla30640,startNQCutScene,true,false,true,false,false,false,after_warp,direct_scene_after_warp
110082,Thrill of the Fight,Gla306,0,36,gla306,quest_scenario,quest/scenario/gla/gla306,C:\Users\drime\source\repos\AuroraFlare\FF14-Memory\tools\outputs\lpb\decomp_more_20260617\lua\quest\scenario\gla\gla306.lua,Gla306,processEvent045,87,101,0,0,,,true,false,true,false,false,false,after_warp,fade_or_warp_helper
110082,Thrill of the Fight,Gla306,0,36,gla306,quest_scenario,quest/scenario/gla/gla306,C:\Users\drime\source\repos\AuroraFlare\FF14-Memory\tools\outputs\lpb\decomp_more_20260617\lua\quest\scenario\gla\gla306.lua,Gla306,processEvent050,102,106,1,1,gla30650,startNQCutScene,true,false,true,false,false,false,after_warp,direct_scene_after_warp
110360,She Walks in Beauty,Gld200,0,20,gld200,quest_scenario,quest/scenario/gld/gld200,C:\Users\drime\source\repos\AuroraFlare\FF14-Memory\tools\outputs\lpb\decomp_more_20260617\lua\quest\scenario\gld\gld200.lua,Gld200,processEvent020,39,43,1,1,gld20020,startNQCutScene,true,true,false,false,false,false,default,direct_scene
110360,She Walks in Beauty,Gld200,0,20,gld200,quest_scenario,quest/scenario/gld/gld200,C:\Users\drime\source\repos\AuroraFlare\FF14-Memory\tools\outputs\lpb\decomp_more_20260617\lua\quest\scenario\gld\gld200.lua,Gld200,processEvent030,44,48,1,1,gld20030,startNQCutScene,true,true,false,false,false,false,default,direct_scene
110360,She Walks in Beauty,Gld200,0,20,gld200,quest_scenario,quest/scenario/gld/gld200,C:\Users\drime\source\repos\AuroraFlare\FF14-Memory\tools\outputs\lpb\decomp_more_20260617\lua\quest\scenario\gld\gld200.lua,Gld200,processEvent040,49,53,1,1,gld20040,startNQCutScene,true,false,true,false,false,false,after_warp,direct_scene_after_warp
110360,She Walks in Beauty,Gld200,0,20,gld200,quest_scenario,quest/scenario/gld/gld200,C:\Users\drime\source\repos\AuroraFlare\FF14-Memory\tools\outputs\lpb\decomp_more_20260617\lua\quest\scenario\gld\gld200.lua,Gld200,processEvent050,65,69,1,1,gld20050,startNQCutScene,true,true,false,false,false,false,default,direct_scene
110361,F'lhaminn's Flower,Gld300,0,30,gld300,quest_scenario,quest/scenario/gld/gld300,C:\Users\drime\source\repos\AuroraFlare\FF14-Memory\tools\outputs\lpb\decomp_more_20260617\lua\quest\scenario\gld\gld300.lua,Gld300,processEvent020,24,28,1,1,gld30020,startNQCutScene,true,true,false,false,false,false,default,direct_scene
110361,F'lhaminn's Flower,Gld300,0,30,gld300,quest_scenario,quest/scenario/gld/gld300,C:\Users\drime\source\repos\AuroraFlare\FF14-Memory\tools\outputs\lpb\decomp_more_20260617\lua\quest\scenario\gld\gld300.lua,Gld300,processEvent030,29,33,1,1,gld30030,startNQCutScene,true,true,false,false,false,false,default,direct_scene
110361,F'lhaminn's Flower,Gld300,0,30,gld300,quest_scenario,quest/scenario/gld/gld300,C:\Users\drime\source\repos\AuroraFlare\FF14-Memory\tools\outputs\lpb\decomp_more_20260617\lua\quest\scenario\gld\gld300.lua,Gld300,processEvent040,34,38,1,1,gld30040,startNQCutScene,true,false,true,false,false,false,after_warp,direct_scene_after_warp
110361,F'lhaminn's Flower,Gld300,0,30,gld300,quest_scenario,quest/scenario/gld/gld300,C:\Users\drime\source\repos\AuroraFlare\FF14-Memory\tools\outputs\lpb\decomp_more_20260617\lua\quest\scenario\gld\gld300.lua,Gld300,processEvent050,39,43,1,1,gld30050,startNQCutScene,true,false,true,false,false,false,after_warp,direct_scene_after_warp
110361,F'lhaminn's Flower,Gld300,0,30,gld300,quest_scenario,quest/scenario/gld/gld300,C:\Users\drime\source\repos\AuroraFlare\FF14-Memory\tools\outputs\lpb\decomp_more_20260617\lua\quest\scenario\gld\gld300.lua,Gld300,processEvent060,59,63,1,1,gld30060,startNQCutScene,true,false,true,false,false,false,after_warp,direct_scene_after_warp
110361,F'lhaminn's Flower,Gld300,0,30,gld300,quest_scenario,quest/scenario/gld/gld300,C:\Users\drime\source\repos\AuroraFlare\FF14-Memory\tools\outputs\lpb\decomp_more_20260617\lua\quest\scenario\gld\gld300.lua,Gld300,processEvent080,94,98,1,1,gld30080,startNQCutScene,true,false,true,false,false,false,after_warp,direct_scene_after_warp
110362,Struck Through the Heart,Gld306,0,36,gld306,quest_scenario,quest/scenario/gld/gld306,C:\Users\drime\source\repos\AuroraFlare\FF14-Memory\tools\outputs\lpb\decomp_more_20260617\lua\quest\scenario\gld\gld306.lua,Gld306,processEventElecotteStart,6,10,1,1,gld30610,startNQCutScene,true,true,false,false,false,false,default,direct_scene
110362,Struck Through the Heart,Gld306,0,36,gld306,quest_scenario,quest/scenario/gld/gld306,C:\Users\drime\source\repos\AuroraFlare\FF14-Memory\tools\outputs\lpb\decomp_more_20260617\lua\quest\scenario\gld\gld306.lua,Gld306,processEvent015,24,28,1,1,gld30615,startNQCutScene,true,true,false,false,false,false,default,direct_scene
110362,Struck Through the Heart,Gld306,0,36,gld306,quest_scenario,quest/scenario/gld/gld306,C:\Users\drime\source\repos\AuroraFlare\FF14-Memory\tools\outputs\lpb\decomp_more_20260617\lua\quest\scenario\gld\gld306.lua,Gld306,processEvent020,29,33,1,1,gld30620,startNQCutScene,true,true,false,false,false,false,default,direct_scene
110362,Struck Through the Heart,Gld306,0,36,gld306,quest_scenario,quest/scenario/gld/gld306,C:\Users\drime\source\repos\AuroraFlare\FF14-Memory\tools\outputs\lpb\decomp_more_20260617\lua\quest\scenario\gld\gld306.lua,Gld306,processEvent030,45,49,1,1,gld30630,startNQCutScene,true,false,true,false,false,false,after_warp,direct_scene_after_warp
110480,Gridanian Roots,Hrv200,0,20,hrv200,quest_scenario,quest/scenario/hrv/hrv200,C:\Users\drime\source\repos\AuroraFlare\FF14-Memory\tools\outputs\lpb\decomp_more_20260617\lua\quest\scenario\hrv\hrv200.lua,Hrv200,processEvent010,36,40,1,1,hrv20010,startNQCutScene,true,true,false,false,false,false,default,direct_scene
110480,Gridanian Roots,Hrv200,0,20,hrv200,quest_scenario,quest/scenario/hrv/hrv200,C:\Users\drime\source\repos\AuroraFlare\FF14-Memory\tools\outputs\lpb\decomp_more_20260617\lua\quest\scenario\hrv\hrv200.lua,Hrv200,processEvent020,41,45,1,1,hrv20020,startNQCutScene,true,false,true,false,false,false,after_warp,direct_scene_after_warp
110480,Gridanian Roots,Hrv200,0,20,hrv200,quest_scenario,quest/scenario/hrv/hrv200,C:\Users\drime\source\repos\AuroraFlare\FF14-Memory\tools\outputs\lpb\decomp_more_20260617\lua\quest\scenario\hrv\hrv200.lua,Hrv200,processEvent020_1,46,50,1,1,hrv20020,startNQCutScene,true,true,false,false,false,false,default,direct_scene
110480,Gridanian Roots,Hrv200,0,20,hrv200,quest_scenario,quest/scenario/hrv/hrv200,C:\Users\drime\source\repos\AuroraFlare\FF14-Memory\tools\outputs\lpb\decomp_more_20260617\lua\quest\scenario\hrv\hrv200.lua,Hrv200,processEvent030,51,55,1,1,hrv20030,startNQCutScene,true,false,true,false,false,false,after_warp,direct_scene_after_warp
110481,The Grass is Always Greener,Hrv300,110480,30,hrv300,quest_scenario,quest/scenario/hrv/hrv300,C:\Users\drime\source\repos\AuroraFlare\FF14-Memory\tools\outputs\lpb\decomp_more_20260617\lua\quest\scenario\hrv\hrv300.lua,Hrv300,processEvent010,23,27,1,1,hrv30010,startNQCutScene,true,true,false,false,false,false,default,direct_scene
110481,The Grass is Always Greener,Hrv300,110480,30,hrv300,quest_scenario,quest/scenario/hrv/hrv300,C:\Users\drime\source\repos\AuroraFlare\FF14-Memory\tools\outputs\lpb\decomp_more_20260617\lua\quest\scenario\hrv\hrv300.lua,Hrv300,processEvent020,78,82,1,1,hrv30020,startNQCutScene,true,true,false,false,false,false,default,direct_scene
110481,The Grass is Always Greener,Hrv300,110480,30,hrv300,quest_scenario,quest/scenario/hrv/hrv300,C:\Users\drime\source\repos\AuroraFlare\FF14-Memory\tools\outputs\lpb\decomp_more_20260617\lua\quest\scenario\hrv\hrv300.lua,Hrv300,processEvent030,103,107,1,1,hrv30030,startNQCutScene,true,true,false,false,false,false,default,direct_scene
110481,The Grass is Always Greener,Hrv300,110480,30,hrv300,quest_scenario,quest/scenario/hrv/hrv300,C:\Users\drime\source\repos\AuroraFlare\FF14-Memory\tools\outputs\lpb\decomp_more_20260617\lua\quest\scenario\hrv\hrv300.lua,Hrv300,processEvent040,113,117,1,1,hrv30040,startNQCutScene,true,false,true,false,false,false,after_warp,direct_scene_after_warp
110482,A Moogle Bouquet,Hrv306,110481,36,hrv306,quest_scenario,quest/scenario/hrv/hrv306,C:\Users\drime\source\repos\AuroraFlare\FF14-Memory\tools\outputs\lpb\decomp_more_20260617\lua\quest\scenario\hrv\hrv306.lua,Hrv306,processEvent010,20,28,2,1,hrv30610,startNQCutScene,true,true,true,false,false,true,branch_or_mixed_default_and_after_warp,direct_scene_after_warp
110482,A Moogle Bouquet,Hrv306,110481,36,hrv306,quest_scenario,quest/scenario/hrv/hrv306,C:\Users\drime\source\repos\AuroraFlare\FF14-Memory\tools\outputs\lpb\decomp_more_20260617\lua\quest\scenario\hrv\hrv306.lua,Hrv306,processEvent020,29,33,1,1,hrv30620,startNQCutScene,true,false,true,false,false,false,after_warp,direct_scene_after_warp
110482,A Moogle Bouquet,Hrv306,110481,36,hrv306,quest_scenario,quest/scenario/hrv/hrv306,C:\Users\drime\source\repos\AuroraFlare\FF14-Memory\tools\outputs\lpb\decomp_more_20260617\lua\quest\scenario\hrv\hrv306.lua,Hrv306,processEvent030,34,38,1,1,hrv30630,startNQCutScene,true,false,true,false,false,false,after_warp,direct_scene_after_warp
110482,A Moogle Bouquet,Hrv306,110481,36,hrv306,quest_scenario,quest/scenario/hrv/hrv306,C:\Users\drime\source\repos\AuroraFlare\FF14-Memory\tools\outputs\lpb\decomp_more_20260617\lua\quest\scenario\hrv\hrv306.lua,Hrv306,processEvent040,69,82,1,1,hrv30640,startNQCutScene,true,true,false,false,false,false,default,direct_scene
110482,A Moogle Bouquet,Hrv306,110481,36,hrv306,quest_scenario,quest/scenario/hrv/hrv306,C:\Users\drime\source\repos\AuroraFlare\FF14-Memory\tools\outputs\lpb\decomp_more_20260617\lua\quest\scenario\hrv\hrv306.lua,Hrv306,processEvent050,89,93,1,1,hrv30650,startNQCutScene,true,true,false,false,false,false,default,direct_scene
110482,A Moogle Bouquet,Hrv306,110481,36,hrv306,quest_scenario,quest/scenario/hrv/hrv306,C:\Users\drime\source\repos\AuroraFlare\FF14-Memory\tools\outputs\lpb\decomp_more_20260617\lua\quest\scenario\hrv\hrv306.lua,Hrv306,processEvent060,94,98,1,1,hrv30660,startNQCutScene,true,true,false,false,false,false,default,direct_scene
110482,A Moogle Bouquet,Hrv306,110481,36,hrv306,quest_scenario,quest/scenario/hrv/hrv306,C:\Users\drime\source\repos\AuroraFlare\FF14-Memory\tools\outputs\lpb\decomp_more_20260617\lua\quest\scenario\hrv\hrv306.lua,Hrv306,processEvent070,99,103,1,1,hrv30670,startNQCutScene,true,true,false,false,false,false,default,direct_scene
110180,A Wailing Welcome,Lnc200,0,20,lnc200,quest_scenario,quest/scenario/lnc/lnc200,C:\Users\drime\source\repos\AuroraFlare\FF14-Memory\tools\outputs\lpb\decomp_more_20260617\lua\quest\scenario\lnc\lnc200.lua,Lnc200,processEvent010,29,33,1,1,lnc20010,startNQCutScene,true,true,false,false,false,false,default,direct_scene
110180,A Wailing Welcome,Lnc200,0,20,lnc200,quest_scenario,quest/scenario/lnc/lnc200,C:\Users\drime\source\repos\AuroraFlare\FF14-Memory\tools\outputs\lpb\decomp_more_20260617\lua\quest\scenario\lnc\lnc200.lua,Lnc200,processEvent020,34,38,1,1,lnc20020,startNQCutScene,true,false,true,false,false,false,after_warp,direct_scene_after_warp
110180,A Wailing Welcome,Lnc200,0,20,lnc200,quest_scenario,quest/scenario/lnc/lnc200,C:\Users\drime\source\repos\AuroraFlare\FF14-Memory\tools\outputs\lpb\decomp_more_20260617\lua\quest\scenario\lnc\lnc200.lua,Lnc200,processEvent030,39,43,1,1,lnc20030,startNQCutScene,true,true,false,false,false,false,default,direct_scene
110181,Culture Shock,Lnc300,110180,30,lnc300,quest_scenario,quest/scenario/lnc/lnc300,C:\Users\drime\source\repos\AuroraFlare\FF14-Memory\tools\outputs\lpb\decomp_more_20260617\lua\quest\scenario\lnc\lnc300.lua,Lnc300,processEventJMoldvaStart,6,10,1,1,lnc30010,startNQCutScene,true,true,false,false,false,false,default,direct_scene
110181,Culture Shock,Lnc300,110180,30,lnc300,quest_scenario,quest/scenario/lnc/lnc300,C:\Users\drime\source\repos\AuroraFlare\FF14-Memory\tools\outputs\lpb\decomp_more_20260617\lua\quest\scenario\lnc\lnc300.lua,Lnc300,processEvent020,16,20,1,1,lnc30020,startNQCutScene,true,false,true,false,false,false,after_warp,direct_scene_after_warp
110181,Culture Shock,Lnc300,110180,30,lnc300,quest_scenario,quest/scenario/lnc/lnc300,C:\Users\drime\source\repos\AuroraFlare\FF14-Memory\tools\outputs\lpb\decomp_more_20260617\lua\quest\scenario\lnc\lnc300.lua,Lnc300,processEvent030,21,25,1,1,lnc30030,startNQCutScene,true,true,false,false,false,false,default,direct_scene
110181,Culture Shock,Lnc300,110180,30,lnc300,quest_scenario,quest/scenario/lnc/lnc300,C:\Users\drime\source\repos\AuroraFlare\FF14-Memory\tools\outputs\lpb\decomp_more_20260617\lua\quest\scenario\lnc\lnc300.lua,Lnc300,processEvent040,26,30,1,1,lnc30040,startNQCutScene,true,true,false,false,false,false,default,direct_scene
110181,Culture Shock,Lnc300,110180,30,lnc300,quest_scenario,quest/scenario/lnc/lnc300,C:\Users\drime\source\repos\AuroraFlare\FF14-Memory\tools\outputs\lpb\decomp_more_20260617\lua\quest\scenario\lnc\lnc300.lua,Lnc300,processEvent050,31,35,1,1,lnc30050,startNQCutScene,true,false,true,false,false,false,after_warp,direct_scene_after_warp
110181,Culture Shock,Lnc300,110180,30,lnc300,quest_scenario,quest/scenario/lnc/lnc300,C:\Users\drime\source\repos\AuroraFlare\FF14-Memory\tools\outputs\lpb\decomp_more_20260617\lua\quest\scenario\lnc\lnc300.lua,Lnc300,processEvent060,36,40,1,1,lnc30060,startNQCutScene,true,true,false,false,false,false,default,direct_scene
110181,Culture Shock,Lnc300,110180,30,lnc300,quest_scenario,quest/scenario/lnc/lnc300,C:\Users\drime\source\repos\AuroraFlare\FF14-Memory\tools\outputs\lpb\decomp_more_20260617\lua\quest\scenario\lnc\lnc300.lua,Lnc300,processEvent065,41,45,1,1,lnc30065,startNQCutScene,true,false,true,false,false,false,after_warp,direct_scene_after_warp
110181,Culture Shock,Lnc300,110180,30,lnc300,quest_scenario,quest/scenario/lnc/lnc300,C:\Users\drime\source\repos\AuroraFlare\FF14-Memory\tools\outputs\lpb\decomp_more_20260617\lua\quest\scenario\lnc\lnc300.lua,Lnc300,processEvent070,51,55,1,1,lnc30070,startNQCutScene,true,false,true,false,false,false,after_warp,direct_scene_after_warp
110182,Necessary Evils,Lnc306,110181,36,lnc306,quest_scenario,quest/scenario/lnc/lnc306,C:\Users\drime\source\repos\AuroraFlare\FF14-Memory\tools\outputs\lpb\decomp_more_20260617\lua\quest\scenario\lnc\lnc306.lua,Lnc306,processEvent010,19,23,1,1,lnc30610,startNQCutScene,true,false,true,false,false,false,after_warp,direct_scene_after_warp
110182,Necessary Evils,Lnc306,110181,36,lnc306,quest_scenario,quest/scenario/lnc/lnc306,C:\Users\drime\source\repos\AuroraFlare\FF14-Memory\tools\outputs\lpb\decomp_more_20260617\lua\quest\scenario\lnc\lnc306.lua,Lnc306,processEvent020,24,28,1,1,lnc30620,startNQCutScene,true,false,true,false,false,false,after_warp,direct_scene_after_warp
110182,Necessary Evils,Lnc306,110181,36,lnc306,quest_scenario,quest/scenario/lnc/lnc306,C:\Users\drime\source\repos\AuroraFlare\FF14-Memory\tools\outputs\lpb\decomp_more_20260617\lua\quest\scenario\lnc\lnc306.lua,Lnc306,processEvent030,29,33,1,1,lnc30630,startNQCutScene,true,false,true,false,false,false,after_warp,direct_scene_after_warp
110182,Necessary Evils,Lnc306,110181,36,lnc306,quest_scenario,quest/scenario/lnc/lnc306,C:\Users\drime\source\repos\AuroraFlare\FF14-Memory\tools\outputs\lpb\decomp_more_20260617\lua\quest\scenario\lnc\lnc306.lua,Lnc306,processEvent040,44,48,1,1,lnc30640,startNQCutScene,true,true,false,false,false,false,default,direct_scene
110182,Necessary Evils,Lnc306,110181,36,lnc306,quest_scenario,quest/scenario/lnc/lnc306,C:\Users\drime\source\repos\AuroraFlare\FF14-Memory\tools\outputs\lpb\decomp_more_20260617\lua\quest\scenario\lnc\lnc306.lua,Lnc306,processEvent050,49,53,1,1,lnc30650,startNQCutScene,true,true,false,false,false,false,default,direct_scene
110005,Sundered Skies,Man0g0,0,1,man0g0,quest_scenario,quest/scenario/man/man0g0,C:\Users\drime\source\repos\AuroraFlare\FF14-Memory\tools\outputs\lpb\decomp_more_20260617\lua\quest\scenario\man\man0g0.lua,Man0g0,processEvent000_0,6,10,1,1,MAN0G000,startHQCutScene,true,true,false,false,false,false,default,direct_scene
110005,Sundered Skies,Man0g0,0,1,man0g0,quest_scenario,quest/scenario/man/man0g0,C:\Users\drime\source\repos\AuroraFlare\FF14-Memory\tools\outputs\lpb\decomp_more_20260617\lua\quest\scenario\man\man0g0.lua,Man0g0,processEvent020_1,28,96,0,0,,,true,false,true,false,false,false,after_warp,fade_or_warp_helper
110005,Sundered Skies,Man0g0,0,1,man0g0,quest_scenario,quest/scenario/man/man0g0,C:\Users\drime\source\repos\AuroraFlare\FF14-Memory\tools\outputs\lpb\decomp_more_20260617\lua\quest\scenario\man\man0g0.lua,Man0g0,processTtrNomal001withHQ,132,328,0,0,,,false,false,false,true,true,false,none,other
110005,Sundered Skies,Man0g0,0,1,man0g0,quest_scenario,quest/scenario/man/man0g0,C:\Users\drime\source\repos\AuroraFlare\FF14-Memory\tools\outputs\lpb\decomp_more_20260617\lua\quest\scenario\man\man0g0.lua,Man0g0,processTtrNomal001,329,526,0,0,,,false,false,false,true,true,false,none,other
110005,Sundered Skies,Man0g0,0,1,man0g0,quest_scenario,quest/scenario/man/man0g0,C:\Users\drime\source\repos\AuroraFlare\FF14-Memory\tools\outputs\lpb\decomp_more_20260617\lua\quest\scenario\man\man0g0.lua,Man0g0,processTtrAfterBtl001,649,713,0,0,,,false,false,false,true,false,false,none,other
110005,Sundered Skies,Man0g0,0,1,man0g0,quest_scenario,quest/scenario/man/man0g0,C:\Users\drime\source\repos\AuroraFlare\FF14-Memory\tools\outputs\lpb\decomp_more_20260617\lua\quest\scenario\man\man0g0.lua,Man0g0,processTtrBtl001,714,792,0,0,,,false,true,false,false,false,false,default,fade_or_warp_helper
110005,Sundered Skies,Man0g0,0,1,man0g0,quest_scenario,quest/scenario/man/man0g0,C:\Users\drime\source\repos\AuroraFlare\FF14-Memory\tools\outputs\lpb\decomp_more_20260617\lua\quest\scenario\man\man0g0.lua,Man0g0,processTtrBtlMagic001,793,998,0,0,,,false,true,false,false,false,false,default,fade_or_warp_helper
110006,Souls Gone Wild,Man0g1,110005,1,man0g1,quest_scenario,quest/scenario/man/man0g1,C:\Users\drime\source\repos\AuroraFlare\FF14-Memory\tools\outputs\lpb\decomp_more_20260617\lua\quest\scenario\man\man0g1.lua,Man0g1,processEvent100,6,10,1,1,man0g100,startNQCutScene,true,false,true,false,false,false,after_warp,direct_scene_after_warp
110006,Souls Gone Wild,Man0g1,110005,1,man0g1,quest_scenario,quest/scenario/man/man0g1,C:\Users\drime\source\repos\AuroraFlare\FF14-Memory\tools\outputs\lpb\decomp_more_20260617\lua\quest\scenario\man\man0g1.lua,Man0g1,processEvent110,62,75,1,1,man0g110,startNQCutScene,true,false,true,false,false,false,after_warp,direct_scene_after_warp
110006,Souls Gone Wild,Man0g1,110005,1,man0g1,quest_scenario,quest/scenario/man/man0g1,C:\Users\drime\source\repos\AuroraFlare\FF14-Memory\tools\outputs\lpb\decomp_more_20260617\lua\quest\scenario\man\man0g1.lua,Man0g1,processEvent120,123,127,1,1,man0g120,startNQCutScene,true,true,false,false,false,false,default,direct_scene
110006,Souls Gone Wild,Man0g1,110005,1,man0g1,quest_scenario,quest/scenario/man/man0g1,C:\Users\drime\source\repos\AuroraFlare\FF14-Memory\tools\outputs\lpb\decomp_more_20260617\lua\quest\scenario\man\man0g1.lua,Man0g1,processEvent130,151,155,1,1,man0g130,startNQCutScene,true,false,true,false,false,false,after_warp,direct_scene_after_warp
110006,Souls Gone Wild,Man0g1,110005,1,man0g1,quest_scenario,quest/scenario/man/man0g1,C:\Users\drime\source\repos\AuroraFlare\FF14-Memory\tools\outputs\lpb\decomp_more_20260617\lua\quest\scenario\man\man0g1.lua,Man0g1,processEvent135,203,207,1,1,man0g135,startNQCutScene,true,false,true,false,false,false,after_warp,direct_scene_after_warp
110006,Souls Gone Wild,Man0g1,110005,1,man0g1,quest_scenario,quest/scenario/man/man0g1,C:\Users\drime\source\repos\AuroraFlare\FF14-Memory\tools\outputs\lpb\decomp_more_20260617\lua\quest\scenario\man\man0g1.lua,Man0g1,processEvent136,208,214,1,1,man0g135,startNQCutScene,true,false,true,false,false,false,after_warp,direct_scene_after_warp
110006,Souls Gone Wild,Man0g1,110005,1,man0g1,quest_scenario,quest/scenario/man/man0g1,C:\Users\drime\source\repos\AuroraFlare\FF14-Memory\tools\outputs\lpb\decomp_more_20260617\lua\quest\scenario\man\man0g1.lua,Man0g1,processEvent140,228,232,1,1,man0g140,startNQCutScene,true,false,true,false,false,false,after_warp,direct_scene_after_warp
110006,Souls Gone Wild,Man0g1,110005,1,man0g1,quest_scenario,quest/scenario/man/man0g1,C:\Users\drime\source\repos\AuroraFlare\FF14-Memory\tools\outputs\lpb\decomp_more_20260617\lua\quest\scenario\man\man0g1.lua,Man0g1,processEvent150,317,321,1,1,man0g150,startNQCutScene,true,false,true,false,false,false,after_warp,direct_scene_after_warp
110006,Souls Gone Wild,Man0g1,110005,1,man0g1,quest_scenario,quest/scenario/man/man0g1,C:\Users\drime\source\repos\AuroraFlare\FF14-Memory\tools\outputs\lpb\decomp_more_20260617\lua\quest\scenario\man\man0g1.lua,Man0g1,processEvent160,334,338,1,1,man0g160,startNQCutScene,true,false,true,false,false,false,after_warp,direct_scene_after_warp
110006,Souls Gone Wild,Man0g1,110005,1,man0g1,quest_scenario,quest/scenario/man/man0g1,C:\Users\drime\source\repos\AuroraFlare\FF14-Memory\tools\outputs\lpb\decomp_more_20260617\lua\quest\scenario\man\man0g1.lua,Man0g1,processEvent170,339,343,1,1,man0g170,startNQCutScene,true,false,true,false,false,false,after_warp,direct_scene_after_warp
110006,Souls Gone Wild,Man0g1,110005,1,man0g1,quest_scenario,quest/scenario/man/man0g1,C:\Users\drime\source\repos\AuroraFlare\FF14-Memory\tools\outputs\lpb\decomp_more_20260617\lua\quest\scenario\man\man0g1.lua,Man0g1,processEvent180,344,348,1,1,man0g180,startNQCutScene,true,false,true,false,false,false,after_warp,direct_scene_after_warp
110006,Souls Gone Wild,Man0g1,110005,1,man0g1,quest_scenario,quest/scenario/man/man0g1,C:\Users\drime\source\repos\AuroraFlare\FF14-Memory\tools\outputs\lpb\decomp_more_20260617\lua\quest\scenario\man\man0g1.lua,Man0g1,processEvent181,354,358,1,1,man0g181,startNQCutScene,true,true,false,false,false,false,default,direct_scene
110006,Souls Gone Wild,Man0g1,110005,1,man0g1,quest_scenario,quest/scenario/man/man0g1,C:\Users\drime\source\repos\AuroraFlare\FF14-Memory\tools\outputs\lpb\decomp_more_20260617\lua\quest\scenario\man\man0g1.lua,Man0g1,processEvent182,359,363,1,1,man0g182,startNQCutScene,true,false,true,false,false,false,after_warp,direct_scene_after_warp
110006,Souls Gone Wild,Man0g1,110005,1,man0g1,quest_scenario,quest/scenario/man/man0g1,C:\Users\drime\source\repos\AuroraFlare\FF14-Memory\tools\outputs\lpb\decomp_more_20260617\lua\quest\scenario\man\man0g1.lua,Man0g1,processEvent185,370,374,1,1,man0g185,startNQCutScene,true,true,false,false,false,false,default,direct_scene
110006,Souls Gone Wild,Man0g1,110005,1,man0g1,quest_scenario,quest/scenario/man/man0g1,C:\Users\drime\source\repos\AuroraFlare\FF14-Memory\tools\outputs\lpb\decomp_more_20260617\lua\quest\scenario\man\man0g1.lua,Man0g1,processEvent190,382,386,1,1,man0g190,startNQCutScene,true,true,false,false,false,false,default,direct_scene
110006,Souls Gone Wild,Man0g1,110005,1,man0g1,quest_scenario,quest/scenario/man/man0g1,C:\Users\drime\source\repos\AuroraFlare\FF14-Memory\tools\outputs\lpb\decomp_more_20260617\lua\quest\scenario\man\man0g1.lua,Man0g1,processEvent200,392,396,1,1,man0g200,startNQCutScene,true,false,true,false,false,false,after_warp,direct_scene_after_warp
110006,Souls Gone Wild,Man0g1,110005,1,man0g1,quest_scenario,quest/scenario/man/man0g1,C:\Users\drime\source\repos\AuroraFlare\FF14-Memory\tools\outputs\lpb\decomp_more_20260617\lua\quest\scenario\man\man0g1.lua,Man0g1,processEvent210,436,440,1,1,man0g210,startNQCutScene,true,false,true,false,false,false,after_warp,direct_scene_after_warp
110006,Souls Gone Wild,Man0g1,110005,1,man0g1,quest_scenario,quest/scenario/man/man0g1,C:\Users\drime\source\repos\AuroraFlare\FF14-Memory\tools\outputs\lpb\decomp_more_20260617\lua\quest\scenario\man\man0g1.lua,Man0g1,processEvent220,446,450,1,1,man0g220,startNQCutScene,true,false,true,false,false,false,after_warp,direct_scene_after_warp
110001,Shapeless Melody,Man0l0,0,1,man0l0,quest_scenario,quest/scenario/man/man0l0,C:\Users\drime\source\repos\AuroraFlare\FF14-Memory\tools\outputs\lpb\decomp_more_20260617\lua\quest\scenario\man\man0l0.lua,Man0l0,processEvent000_1,6,10,1,1,MAN0L000,startHQCutScene,true,true,false,false,false,false,default,direct_scene
110001,Shapeless Melody,Man0l0,0,1,man0l0,quest_scenario,quest/scenario/man/man0l0,C:\Users\drime\source\repos\AuroraFlare\FF14-Memory\tools\outputs\lpb\decomp_more_20260617\lua\quest\scenario\man\man0l0.lua,Man0l0,processEvent000_3,16,83,0,0,,,true,false,true,false,false,false,after_warp,fade_or_warp_helper
110001,Shapeless Melody,Man0l0,0,1,man0l0,quest_scenario,quest/scenario/man/man0l0,C:\Users\drime\source\repos\AuroraFlare\FF14-Memory\tools\outputs\lpb\decomp_more_20260617\lua\quest\scenario\man\man0l0.lua,Man0l0,processEvent020_9,196,213,0,0,,,true,false,false,false,false,false,none,other
110001,Shapeless Melody,Man0l0,0,1,man0l0,quest_scenario,quest/scenario/man/man0l0,C:\Users\drime\source\repos\AuroraFlare\FF14-Memory\tools\outputs\lpb\decomp_more_20260617\lua\quest\scenario\man\man0l0.lua,Man0l0,processEventTalkMenuManCutPreview,227,262,8,4,man0l000;man0l010;man0l020;man0l030,startHQCutScene,true,true,false,false,false,false,default,direct_scene
110001,Shapeless Melody,Man0l0,0,1,man0l0,quest_scenario,quest/scenario/man/man0l0,C:\Users\drime\source\repos\AuroraFlare\FF14-Memory\tools\outputs\lpb\decomp_more_20260617\lua\quest\scenario\man\man0l0.lua,Man0l0,processTtrNomal001withHQ,263,418,0,0,,,false,false,false,true,true,false,none,other
110001,Shapeless Melody,Man0l0,0,1,man0l0,quest_scenario,quest/scenario/man/man0l0,C:\Users\drime\source\repos\AuroraFlare\FF14-Memory\tools\outputs\lpb\decomp_more_20260617\lua\quest\scenario\man\man0l0.lua,Man0l0,processTtrNomal001,419,578,0,0,,,false,false,false,true,true,false,none,other
110001,Shapeless Melody,Man0l0,0,1,man0l0,quest_scenario,quest/scenario/man/man0l0,C:\Users\drime\source\repos\AuroraFlare\FF14-Memory\tools\outputs\lpb\decomp_more_20260617\lua\quest\scenario\man\man0l0.lua,Man0l0,processTtrAfterBtl001,705,769,0,0,,,false,false,false,true,false,false,none,other
110001,Shapeless Melody,Man0l0,0,1,man0l0,quest_scenario,quest/scenario/man/man0l0,C:\Users\drime\source\repos\AuroraFlare\FF14-Memory\tools\outputs\lpb\decomp_more_20260617\lua\quest\scenario\man\man0l0.lua,Man0l0,processTtrBtl001,770,807,1,1,MAN0L010,startHQCutScene,false,true,false,false,false,false,default,direct_scene
110001,Shapeless Melody,Man0l0,0,1,man0l0,quest_scenario,quest/scenario/man/man0l0,C:\Users\drime\source\repos\AuroraFlare\FF14-Memory\tools\outputs\lpb\decomp_more_20260617\lua\quest\scenario\man\man0l0.lua,Man0l0,processTtrBtlMagic001,808,1015,0,0,,,false,true,false,false,false,false,default,fade_or_warp_helper
110002,Treasures of the Main,Man0l1,110001,1,man0l1,quest_scenario,quest/scenario/man/man0l1,C:\Users\drime\source\repos\AuroraFlare\FF14-Memory\tools\outputs\lpb\decomp_more_20260617\lua\quest\scenario\man\man0l1.lua,Man0l1,processEvent010,6,10,1,1,man0l110,startNQCutScene,true,false,true,false,false,false,after_warp,direct_scene_after_warp
110002,Treasures of the Main,Man0l1,110001,1,man0l1,quest_scenario,quest/scenario/man/man0l1,C:\Users\drime\source\repos\AuroraFlare\FF14-Memory\tools\outputs\lpb\decomp_more_20260617\lua\quest\scenario\man\man0l1.lua,Man0l1,processEvent020,52,65,1,1,man0l120,startNQCutScene,true,false,true,false,false,false,after_warp,direct_scene_after_warp
110002,Treasures of the Main,Man0l1,110001,1,man0l1,quest_scenario,quest/scenario/man/man0l1,C:\Users\drime\source\repos\AuroraFlare\FF14-Memory\tools\outputs\lpb\decomp_more_20260617\lua\quest\scenario\man\man0l1.lua,Man0l1,processEvent030,126,130,1,1,man0l130,startNQCutScene,true,true,false,false,false,false,default,direct_scene
110002,Treasures of the Main,Man0l1,110001,1,man0l1,quest_scenario,quest/scenario/man/man0l1,C:\Users\drime\source\repos\AuroraFlare\FF14-Memory\tools\outputs\lpb\decomp_more_20260617\lua\quest\scenario\man\man0l1.lua,Man0l1,processEvent040,153,157,1,1,man0l140,startNQCutScene,true,false,true,false,false,false,after_warp,direct_scene_after_warp
110002,Treasures of the Main,Man0l1,110001,1,man0l1,quest_scenario,quest/scenario/man/man0l1,C:\Users\drime\source\repos\AuroraFlare\FF14-Memory\tools\outputs\lpb\decomp_more_20260617\lua\quest\scenario\man\man0l1.lua,Man0l1,processEvent050,164,168,1,1,man0l150,startNQCutScene,true,false,true,false,false,false,after_warp,direct_scene_after_warp
110002,Treasures of the Main,Man0l1,110001,1,man0l1,quest_scenario,quest/scenario/man/man0l1,C:\Users\drime\source\repos\AuroraFlare\FF14-Memory\tools\outputs\lpb\decomp_more_20260617\lua\quest\scenario\man\man0l1.lua,Man0l1,processEvent060,251,255,1,1,man0l160,startNQCutScene,true,false,true,false,false,false,after_warp,direct_scene_after_warp
110002,Treasures of the Main,Man0l1,110001,1,man0l1,quest_scenario,quest/scenario/man/man0l1,C:\Users\drime\source\repos\AuroraFlare\FF14-Memory\tools\outputs\lpb\decomp_more_20260617\lua\quest\scenario\man\man0l1.lua,Man0l1,processEvent065,256,262,1,1,man0l160,startNQCutScene,true,false,true,false,false,false,after_warp,direct_scene_after_warp
110002,Treasures of the Main,Man0l1,110001,1,man0l1,quest_scenario,quest/scenario/man/man0l1,C:\Users\drime\source\repos\AuroraFlare\FF14-Memory\tools\outputs\lpb\decomp_more_20260617\lua\quest\scenario\man\man0l1.lua,Man0l1,processEvent600,275,279,1,1,man0l600,startNQCutScene,true,false,true,false,false,false,after_warp,direct_scene_after_warp
110002,Treasures of the Main,Man0l1,110001,1,man0l1,quest_scenario,quest/scenario/man/man0l1,C:\Users\drime\source\repos\AuroraFlare\FF14-Memory\tools\outputs\lpb\decomp_more_20260617\lua\quest\scenario\man\man0l1.lua,Man0l1,processEvent604,375,379,1,1,man0l604,startNQCutScene,true,false,true,false,false,false,after_warp,direct_scene_after_warp
110002,Treasures of the Main,Man0l1,110001,1,man0l1,quest_scenario,quest/scenario/man/man0l1,C:\Users\drime\source\repos\AuroraFlare\FF14-Memory\tools\outputs\lpb\decomp_more_20260617\lua\quest\scenario\man\man0l1.lua,Man0l1,processEvent604_2,380,382,0,0,,,true,false,false,false,false,false,none,other
110002,Treasures of the Main,Man0l1,110001,1,man0l1,quest_scenario,quest/scenario/man/man0l1,C:\Users\drime\source\repos\AuroraFlare\FF14-Memory\tools\outputs\lpb\decomp_more_20260617\lua\quest\scenario\man\man0l1.lua,Man0l1,processEvent604_3,383,385,0,0,,,false,true,false,false,false,false,default,fade_or_warp_helper
110002,Treasures of the Main,Man0l1,110001,1,man0l1,quest_scenario,quest/scenario/man/man0l1,C:\Users\drime\source\repos\AuroraFlare\FF14-Memory\tools\outputs\lpb\decomp_more_20260617\lua\quest\scenario\man\man0l1.lua,Man0l1,processEvent605,390,394,1,1,man0l605,startNQCutScene,true,false,true,false,false,false,after_warp,direct_scene_after_warp
110002,Treasures of the Main,Man0l1,110001,1,man0l1,quest_scenario,quest/scenario/man/man0l1,C:\Users\drime\source\repos\AuroraFlare\FF14-Memory\tools\outputs\lpb\decomp_more_20260617\lua\quest\scenario\man\man0l1.lua,Man0l1,processEvent610,398,402,1,1,man0l610,startNQCutScene,true,true,false,false,false,false,default,direct_scene
110002,Treasures of the Main,Man0l1,110001,1,man0l1,quest_scenario,quest/scenario/man/man0l1,C:\Users\drime\source\repos\AuroraFlare\FF14-Memory\tools\outputs\lpb\decomp_more_20260617\lua\quest\scenario\man\man0l1.lua,Man0l1,processEvent615,406,410,1,1,man0l615,startNQCutScene,true,false,true,false,false,false,after_warp,direct_scene_after_warp
110002,Treasures of the Main,Man0l1,110001,1,man0l1,quest_scenario,quest/scenario/man/man0l1,C:\Users\drime\source\repos\AuroraFlare\FF14-Memory\tools\outputs\lpb\decomp_more_20260617\lua\quest\scenario\man\man0l1.lua,Man0l1,processEvent620,417,421,1,1,man0l620,startNQCutScene,true,true,false,false,false,false,default,direct_scene
110002,Treasures of the Main,Man0l1,110001,1,man0l1,quest_scenario,quest/scenario/man/man0l1,C:\Users\drime\source\repos\AuroraFlare\FF14-Memory\tools\outputs\lpb\decomp_more_20260617\lua\quest\scenario\man\man0l1.lua,Man0l1,processEvent630,433,437,1,1,man0l630,startNQCutScene,true,false,true,false,false,false,after_warp,direct_scene_after_warp
110002,Treasures of the Main,Man0l1,110001,1,man0l1,quest_scenario,quest/scenario/man/man0l1,C:\Users\drime\source\repos\AuroraFlare\FF14-Memory\tools\outputs\lpb\decomp_more_20260617\lua\quest\scenario\man\man0l1.lua,Man0l1,processEvent635,495,499,1,1,man0l635,startNQCutScene,true,false,true,false,false,false,after_warp,direct_scene_after_warp
110002,Treasures of the Main,Man0l1,110001,1,man0l1,quest_scenario,quest/scenario/man/man0l1,C:\Users\drime\source\repos\AuroraFlare\FF14-Memory\tools\outputs\lpb\decomp_more_20260617\lua\quest\scenario\man\man0l1.lua,Man0l1,processEvent637,500,510,0,0,,,false,false,true,false,false,false,after_warp,fade_or_warp_helper
110002,Treasures of the Main,Man0l1,110001,1,man0l1,quest_scenario,quest/scenario/man/man0l1,C:\Users\drime\source\repos\AuroraFlare\FF14-Memory\tools\outputs\lpb\decomp_more_20260617\lua\quest\scenario\man\man0l1.lua,Man0l1,processEventTalkMenuManCutPreview,725,796,16,16,man0l110;man0l120;man0l130;man0l140;man0l150;man0l420;man0l600;man0l604;man0l605;man0l610;man0l615;man0l620;man0l630;man0l635;man0l640;man0l650,startNQCutScene,true,true,false,false,false,false,default,direct_scene
110009,Flowers for All,Man0u0,0,1,man0u0,quest_scenario,quest/scenario/man/man0u0,C:\Users\drime\source\repos\AuroraFlare\FF14-Memory\tools\outputs\lpb\decomp_more_20260617\lua\quest\scenario\man\man0u0.lua,Man0u0,processEvent000,6,10,1,1,MAN0U000,startHQCutScene,true,true,false,false,false,false,default,direct_scene
110009,Flowers for All,Man0u0,0,1,man0u0,quest_scenario,quest/scenario/man/man0u0,C:\Users\drime\source\repos\AuroraFlare\FF14-Memory\tools\outputs\lpb\decomp_more_20260617\lua\quest\scenario\man\man0u0.lua,Man0u0,processEvent020,93,156,0,0,,,true,false,true,false,false,false,after_warp,fade_or_warp_helper
110009,Flowers for All,Man0u0,0,1,man0u0,quest_scenario,quest/scenario/man/man0u0,C:\Users\drime\source\repos\AuroraFlare\FF14-Memory\tools\outputs\lpb\decomp_more_20260617\lua\quest\scenario\man\man0u0.lua,Man0u0,processTtrNomal001withHQ,198,289,2,2,MAN0U000;man0u005,startHQCutScene;startNQCutScene,false,false,false,true,true,false,none,direct_scene
110009,Flowers for All,Man0u0,0,1,man0u0,quest_scenario,quest/scenario/man/man0u0,C:\Users\drime\source\repos\AuroraFlare\FF14-Memory\tools\outputs\lpb\decomp_more_20260617\lua\quest\scenario\man\man0u0.lua,Man0u0,processTtrNomal001,290,386,1,1,man0u005,startNQCutScene,false,false,false,true,true,false,none,direct_scene
110009,Flowers for All,Man0u0,0,1,man0u0,quest_scenario,quest/scenario/man/man0u0,C:\Users\drime\source\repos\AuroraFlare\FF14-Memory\tools\outputs\lpb\decomp_more_20260617\lua\quest\scenario\man\man0u0.lua,Man0u0,processTtrAfterBtl001,501,565,0,0,,,false,false,false,true,false,false,none,other
110009,Flowers for All,Man0u0,0,1,man0u0,quest_scenario,quest/scenario/man/man0u0,C:\Users\drime\source\repos\AuroraFlare\FF14-Memory\tools\outputs\lpb\decomp_more_20260617\lua\quest\scenario\man\man0u0.lua,Man0u0,processTtrBtl001,611,689,0,0,,,false,true,false,false,false,false,default,fade_or_warp_helper
110009,Flowers for All,Man0u0,0,1,man0u0,quest_scenario,quest/scenario/man/man0u0,C:\Users\drime\source\repos\AuroraFlare\FF14-Memory\tools\outputs\lpb\decomp_more_20260617\lua\quest\scenario\man\man0u0.lua,Man0u0,processTtrBtlMagic001,690,894,0,0,,,false,true,false,false,false,false,default,fade_or_warp_helper
110010,Court in the Sands,Man0u1,110009,1,man0u1,quest_scenario,quest/scenario/man/man0u1,C:\Users\drime\source\repos\AuroraFlare\FF14-Memory\tools\outputs\lpb\decomp_more_20260617\lua\quest\scenario\man\man0u1.lua,Man0u1,processEventMomodiStart,6,10,1,1,man0u100,startNQCutScene,true,false,true,false,false,false,after_warp,direct_scene_after_warp
110010,Court in the Sands,Man0u1,110009,1,man0u1,quest_scenario,quest/scenario/man/man0u1,C:\Users\drime\source\repos\AuroraFlare\FF14-Memory\tools\outputs\lpb\decomp_more_20260617\lua\quest\scenario\man\man0u1.lua,Man0u1,processEvent010,68,81,1,1,man0u110,startNQCutScene,true,false,true,false,false,false,after_warp,direct_scene_after_warp
110010,Court in the Sands,Man0u1,110009,1,man0u1,quest_scenario,quest/scenario/man/man0u1,C:\Users\drime\source\repos\AuroraFlare\FF14-Memory\tools\outputs\lpb\decomp_more_20260617\lua\quest\scenario\man\man0u1.lua,Man0u1,processEvent020,143,147,1,1,man0u120,startNQCutScene,true,true,false,false,false,false,default,direct_scene
110010,Court in the Sands,Man0u1,110009,1,man0u1,quest_scenario,quest/scenario/man/man0u1,C:\Users\drime\source\repos\AuroraFlare\FF14-Memory\tools\outputs\lpb\decomp_more_20260617\lua\quest\scenario\man\man0u1.lua,Man0u1,processEvent030,158,162,1,1,man0u130,startNQCutScene,true,false,true,false,false,false,after_warp,direct_scene_after_warp
110010,Court in the Sands,Man0u1,110009,1,man0u1,quest_scenario,quest/scenario/man/man0u1,C:\Users\drime\source\repos\AuroraFlare\FF14-Memory\tools\outputs\lpb\decomp_more_20260617\lua\quest\scenario\man\man0u1.lua,Man0u1,processEvent035,242,246,1,1,man0u135,startNQCutScene,true,false,true,false,false,false,after_warp,direct_scene_after_warp
110010,Court in the Sands,Man0u1,110009,1,man0u1,quest_scenario,quest/scenario/man/man0u1,C:\Users\drime\source\repos\AuroraFlare\FF14-Memory\tools\outputs\lpb\decomp_more_20260617\lua\quest\scenario\man\man0u1.lua,Man0u1,processEvent040,247,251,1,1,man0u140,startNQCutScene,true,false,true,false,false,false,after_warp,direct_scene_after_warp
110010,Court in the Sands,Man0u1,110009,1,man0u1,quest_scenario,quest/scenario/man/man0u1,C:\Users\drime\source\repos\AuroraFlare\FF14-Memory\tools\outputs\lpb\decomp_more_20260617\lua\quest\scenario\man\man0u1.lua,Man0u1,processEvent045,252,258,1,1,man0u140,startNQCutScene,true,false,true,false,false,false,after_warp,direct_scene_after_warp
110010,Court in the Sands,Man0u1,110009,1,man0u1,quest_scenario,quest/scenario/man/man0u1,C:\Users\drime\source\repos\AuroraFlare\FF14-Memory\tools\outputs\lpb\decomp_more_20260617\lua\quest\scenario\man\man0u1.lua,Man0u1,processEvent050,266,270,1,1,man0u150,startNQCutScene,true,false,true,false,false,false,after_warp,direct_scene_after_warp
110010,Court in the Sands,Man0u1,110009,1,man0u1,quest_scenario,quest/scenario/man/man0u1,C:\Users\drime\source\repos\AuroraFlare\FF14-Memory\tools\outputs\lpb\decomp_more_20260617\lua\quest\scenario\man\man0u1.lua,Man0u1,processEvent060,434,438,1,1,man0u160,startNQCutScene,true,false,true,false,false,false,after_warp,direct_scene_after_warp
110010,Court in the Sands,Man0u1,110009,1,man0u1,quest_scenario,quest/scenario/man/man0u1,C:\Users\drime\source\repos\AuroraFlare\FF14-Memory\tools\outputs\lpb\decomp_more_20260617\lua\quest\scenario\man\man0u1.lua,Man0u1,processEvent070,469,473,1,1,man0u170,startNQCutScene,true,false,true,false,false,false,after_warp,direct_scene_after_warp
110010,Court in the Sands,Man0u1,110009,1,man0u1,quest_scenario,quest/scenario/man/man0u1,C:\Users\drime\source\repos\AuroraFlare\FF14-Memory\tools\outputs\lpb\decomp_more_20260617\lua\quest\scenario\man\man0u1.lua,Man0u1,processEvent075,474,478,1,1,man0u175,startNQCutScene,true,false,true,false,false,false,after_warp,direct_scene_after_warp
110010,Court in the Sands,Man0u1,110009,1,man0u1,quest_scenario,quest/scenario/man/man0u1,C:\Users\drime\source\repos\AuroraFlare\FF14-Memory\tools\outputs\lpb\decomp_more_20260617\lua\quest\scenario\man\man0u1.lua,Man0u1,processEvent080,479,483,1,1,man0u180,startNQCutScene,true,false,true,false,false,false,after_warp,direct_scene_after_warp
110010,Court in the Sands,Man0u1,110009,1,man0u1,quest_scenario,quest/scenario/man/man0u1,C:\Users\drime\source\repos\AuroraFlare\FF14-Memory\tools\outputs\lpb\decomp_more_20260617\lua\quest\scenario\man\man0u1.lua,Man0u1,processEvent090,538,544,2,2,man0u190;man0u200,startNQCutScene,true,false,true,false,false,false,after_warp,direct_scene_after_warp
110010,Court in the Sands,Man0u1,110009,1,man0u1,quest_scenario,quest/scenario/man/man0u1,C:\Users\drime\source\repos\AuroraFlare\FF14-Memory\tools\outputs\lpb\decomp_more_20260617\lua\quest\scenario\man\man0u1.lua,Man0u1,processEvent200,545,549,1,1,man0u200,startNQCutScene,true,true,false,false,false,false,default,direct_scene
110010,Court in the Sands,Man0u1,110009,1,man0u1,quest_scenario,quest/scenario/man/man0u1,C:\Users\drime\source\repos\AuroraFlare\FF14-Memory\tools\outputs\lpb\decomp_more_20260617\lua\quest\scenario\man\man0u1.lua,Man0u1,processEvent205,556,560,1,1,man0u205,startNQCutScene,true,true,false,false,false,false,default,direct_scene
110010,Court in the Sands,Man0u1,110009,1,man0u1,quest_scenario,quest/scenario/man/man0u1,C:\Users\drime\source\repos\AuroraFlare\FF14-Memory\tools\outputs\lpb\decomp_more_20260617\lua\quest\scenario\man\man0u1.lua,Man0u1,processEvent210,574,578,1,1,man0u210,startNQCutScene,true,true,false,false,false,false,default,direct_scene
110010,Court in the Sands,Man0u1,110009,1,man0u1,quest_scenario,quest/scenario/man/man0u1,C:\Users\drime\source\repos\AuroraFlare\FF14-Memory\tools\outputs\lpb\decomp_more_20260617\lua\quest\scenario\man\man0u1.lua,Man0u1,processEvent220,615,619,1,1,man0u220,startNQCutScene,true,false,true,false,false,false,after_warp,direct_scene_after_warp
110010,Court in the Sands,Man0u1,110009,1,man0u1,quest_scenario,quest/scenario/man/man0u1,C:\Users\drime\source\repos\AuroraFlare\FF14-Memory\tools\outputs\lpb\decomp_more_20260617\lua\quest\scenario\man\man0u1.lua,Man0u1,processEvent230,620,624,1,1,man0u230,startNQCutScene,true,true,false,false,false,false,default,direct_scene
110007,Whispers in the Wood,Man1g0,110006,8,man1g0,quest_scenario,quest/scenario/man/man1g0,C:\Users\drime\source\repos\AuroraFlare\FF14-Memory\tools\outputs\lpb\decomp_more_20260617\lua\quest\scenario\man\man1g0.lua,Man1g0,processEventMiounneStart,6,10,1,1,man1g000,startNQCutScene,true,true,false,false,false,false,default,direct_scene
110007,Whispers in the Wood,Man1g0,110006,8,man1g0,quest_scenario,quest/scenario/man/man1g0,C:\Users\drime\source\repos\AuroraFlare\FF14-Memory\tools\outputs\lpb\decomp_more_20260617\lua\quest\scenario\man\man1g0.lua,Man1g0,processEvent010,17,21,1,1,man1g010,startNQCutScene,true,false,true,false,false,false,after_warp,direct_scene_after_warp
110007,Whispers in the Wood,Man1g0,110006,8,man1g0,quest_scenario,quest/scenario/man/man1g0,C:\Users\drime\source\repos\AuroraFlare\FF14-Memory\tools\outputs\lpb\decomp_more_20260617\lua\quest\scenario\man\man1g0.lua,Man1g0,processEvent020,60,64,1,1,man1g020,startNQCutScene,true,false,true,false,false,false,after_warp,direct_scene_after_warp
110007,Whispers in the Wood,Man1g0,110006,8,man1g0,quest_scenario,quest/scenario/man/man1g0,C:\Users\drime\source\repos\AuroraFlare\FF14-Memory\tools\outputs\lpb\decomp_more_20260617\lua\quest\scenario\man\man1g0.lua,Man1g0,processEvent030,80,84,1,1,man1g030,startNQCutScene,true,false,true,false,false,false,after_warp,direct_scene_after_warp
110007,Whispers in the Wood,Man1g0,110006,8,man1g0,quest_scenario,quest/scenario/man/man1g0,C:\Users\drime\source\repos\AuroraFlare\FF14-Memory\tools\outputs\lpb\decomp_more_20260617\lua\quest\scenario\man\man1g0.lua,Man1g0,processEvent040,85,89,1,1,man1g040,startNQCutScene,true,false,true,false,false,false,after_warp,direct_scene_after_warp
110007,Whispers in the Wood,Man1g0,110006,8,man1g0,quest_scenario,quest/scenario/man/man1g0,C:\Users\drime\source\repos\AuroraFlare\FF14-Memory\tools\outputs\lpb\decomp_more_20260617\lua\quest\scenario\man\man1g0.lua,Man1g0,processEvent050,96,100,1,1,man1g050,startNQCutScene,true,true,false,false,false,false,default,direct_scene
110007,Whispers in the Wood,Man1g0,110006,8,man1g0,quest_scenario,quest/scenario/man/man1g0,C:\Users\drime\source\repos\AuroraFlare\FF14-Memory\tools\outputs\lpb\decomp_more_20260617\lua\quest\scenario\man\man1g0.lua,Man1g0,processEvent060,107,111,1,1,man1g060,startNQCutScene,true,false,true,false,false,false,after_warp,direct_scene_after_warp
110007,Whispers in the Wood,Man1g0,110006,8,man1g0,quest_scenario,quest/scenario/man/man1g0,C:\Users\drime\source\repos\AuroraFlare\FF14-Memory\tools\outputs\lpb\decomp_more_20260617\lua\quest\scenario\man\man1g0.lua,Man1g0,processEvent070,117,121,1,1,man1g070,startNQCutScene,true,false,true,false,false,false,after_warp,direct_scene_after_warp
110007,Whispers in the Wood,Man1g0,110006,8,man1g0,quest_scenario,quest/scenario/man/man1g0,C:\Users\drime\source\repos\AuroraFlare\FF14-Memory\tools\outputs\lpb\decomp_more_20260617\lua\quest\scenario\man\man1g0.lua,Man1g0,processEvent080,122,126,1,1,man1g080,startNQCutScene,true,true,false,false,false,false,default,direct_scene
110007,Whispers in the Wood,Man1g0,110006,8,man1g0,quest_scenario,quest/scenario/man/man1g0,C:\Users\drime\source\repos\AuroraFlare\FF14-Memory\tools\outputs\lpb\decomp_more_20260617\lua\quest\scenario\man\man1g0.lua,Man1g0,processEvent090,137,141,1,1,man1g090,startNQCutScene,true,true,false,false,false,false,default,direct_scene
110007,Whispers in the Wood,Man1g0,110006,8,man1g0,quest_scenario,quest/scenario/man/man1g0,C:\Users\drime\source\repos\AuroraFlare\FF14-Memory\tools\outputs\lpb\decomp_more_20260617\lua\quest\scenario\man\man1g0.lua,Man1g0,processEvent100,163,167,1,1,man1g100,startNQCutScene,true,true,false,false,false,false,default,direct_scene
110003,Legends Adrift,Man1l0,110002,8,man1l0,quest_scenario,quest/scenario/man/man1l0,C:\Users\drime\source\repos\AuroraFlare\FF14-Memory\tools\outputs\lpb\decomp_more_20260617\lua\quest\scenario\man\man1l0.lua,Man1l0,processEvent200,6,10,1,1,man1l200,startNQCutScene,true,false,true,false,false,false,after_warp,direct_scene_after_warp
110003,Legends Adrift,Man1l0,110002,8,man1l0,quest_scenario,quest/scenario/man/man1l0,C:\Users\drime\source\repos\AuroraFlare\FF14-Memory\tools\outputs\lpb\decomp_more_20260617\lua\quest\scenario\man\man1l0.lua,Man1l0,processEvent210,45,49,1,1,man1l210,startNQCutScene,true,true,false,false,false,false,default,direct_scene
110003,Legends Adrift,Man1l0,110002,8,man1l0,quest_scenario,quest/scenario/man/man1l0,C:\Users\drime\source\repos\AuroraFlare\FF14-Memory\tools\outputs\lpb\decomp_more_20260617\lua\quest\scenario\man\man1l0.lua,Man1l0,processEvent215,50,54,1,1,man1l215,startNQCutScene,true,false,true,false,false,false,after_warp,direct_scene_after_warp
110003,Legends Adrift,Man1l0,110002,8,man1l0,quest_scenario,quest/scenario/man/man1l0,C:\Users\drime\source\repos\AuroraFlare\FF14-Memory\tools\outputs\lpb\decomp_more_20260617\lua\quest\scenario\man\man1l0.lua,Man1l0,processEvent400,61,65,1,1,man1l400,startNQCutScene,true,false,true,false,false,false,after_warp,direct_scene_after_warp
110003,Legends Adrift,Man1l0,110002,8,man1l0,quest_scenario,quest/scenario/man/man1l0,C:\Users\drime\source\repos\AuroraFlare\FF14-Memory\tools\outputs\lpb\decomp_more_20260617\lua\quest\scenario\man\man1l0.lua,Man1l0,processEvent410,90,94,1,1,man1l410,startNQCutScene,true,false,true,false,false,false,after_warp,direct_scene_after_warp
110003,Legends Adrift,Man1l0,110002,8,man1l0,quest_scenario,quest/scenario/man/man1l0,C:\Users\drime\source\repos\AuroraFlare\FF14-Memory\tools\outputs\lpb\decomp_more_20260617\lua\quest\scenario\man\man1l0.lua,Man1l0,processEvent420,114,118,1,1,man1l420,startNQCutScene,true,false,true,false,false,false,after_warp,direct_scene_after_warp
110003,Legends Adrift,Man1l0,110002,8,man1l0,quest_scenario,quest/scenario/man/man1l0,C:\Users\drime\source\repos\AuroraFlare\FF14-Memory\tools\outputs\lpb\decomp_more_20260617\lua\quest\scenario\man\man1l0.lua,Man1l0,processEvent600,125,129,1,1,man1l600,startNQCutScene,true,true,false,false,false,false,default,direct_scene
110003,Legends Adrift,Man1l0,110002,8,man1l0,quest_scenario,quest/scenario/man/man1l0,C:\Users\drime\source\repos\AuroraFlare\FF14-Memory\tools\outputs\lpb\decomp_more_20260617\lua\quest\scenario\man\man1l0.lua,Man1l0,processEvent610,141,145,1,1,man1l610,startNQCutScene,true,true,false,false,false,false,default,direct_scene
110003,Legends Adrift,Man1l0,110002,8,man1l0,quest_scenario,quest/scenario/man/man1l0,C:\Users\drime\source\repos\AuroraFlare\FF14-Memory\tools\outputs\lpb\decomp_more_20260617\lua\quest\scenario\man\man1l0.lua,Man1l0,processEvent2000,152,156,1,1,man2l000,startNQCutScene,true,false,true,false,false,false,after_warp,direct_scene_after_warp
110003,Legends Adrift,Man1l0,110002,8,man1l0,quest_scenario,quest/scenario/man/man1l0,C:\Users\drime\source\repos\AuroraFlare\FF14-Memory\tools\outputs\lpb\decomp_more_20260617\lua\quest\scenario\man\man1l0.lua,Man1l0,processEvent2001,218,222,1,1,man2l001,startNQCutScene,true,false,true,false,false,false,after_warp,direct_scene_after_warp
110003,Legends Adrift,Man1l0,110002,8,man1l0,quest_scenario,quest/scenario/man/man1l0,C:\Users\drime\source\repos\AuroraFlare\FF14-Memory\tools\outputs\lpb\decomp_more_20260617\lua\quest\scenario\man\man1l0.lua,Man1l0,processEvent2002,223,227,1,1,man2l002,startNQCutScene,true,false,true,false,false,false,after_warp,direct_scene_after_warp
110003,Legends Adrift,Man1l0,110002,8,man1l0,quest_scenario,quest/scenario/man/man1l0,C:\Users\drime\source\repos\AuroraFlare\FF14-Memory\tools\outputs\lpb\decomp_more_20260617\lua\quest\scenario\man\man1l0.lua,Man1l0,processEventTalkMenuManCutPreview,257,288,6,6,man1l200;man1l210;man1l400;man1l410;man1l600;man1l610,startNQCutScene,true,true,false,false,false,false,default,direct_scene
110011,Golden Sacrifices,Man1u0,110010,8,man1u0,quest_scenario,quest/scenario/man/man1u0,C:\Users\drime\source\repos\AuroraFlare\FF14-Memory\tools\outputs\lpb\decomp_more_20260617\lua\quest\scenario\man\man1u0.lua,Man1u0,processEventMomodiStart,6,10,1,1,man1u000,startNQCutScene,true,false,true,false,false,false,after_warp,direct_scene_after_warp
110011,Golden Sacrifices,Man1u0,110010,8,man1u0,quest_scenario,quest/scenario/man/man1u0,C:\Users\drime\source\repos\AuroraFlare\FF14-Memory\tools\outputs\lpb\decomp_more_20260617\lua\quest\scenario\man\man1u0.lua,Man1u0,processEvent010,45,49,1,1,man1u010,startNQCutScene,true,false,true,false,false,false,after_warp,direct_scene_after_warp
110011,Golden Sacrifices,Man1u0,110010,8,man1u0,quest_scenario,quest/scenario/man/man1u0,C:\Users\drime\source\repos\AuroraFlare\FF14-Memory\tools\outputs\lpb\decomp_more_20260617\lua\quest\scenario\man\man1u0.lua,Man1u0,processEvent020,117,121,1,1,man1u020,startNQCutScene,true,false,true,false,false,false,after_warp,direct_scene_after_warp
110011,Golden Sacrifices,Man1u0,110010,8,man1u0,quest_scenario,quest/scenario/man/man1u0,C:\Users\drime\source\repos\AuroraFlare\FF14-Memory\tools\outputs\lpb\decomp_more_20260617\lua\quest\scenario\man\man1u0.lua,Man1u0,processEvent021,157,161,1,1,man1u021,startNQCutScene,true,false,true,false,false,false,after_warp,direct_scene_after_warp
110011,Golden Sacrifices,Man1u0,110010,8,man1u0,quest_scenario,quest/scenario/man/man1u0,C:\Users\drime\source\repos\AuroraFlare\FF14-Memory\tools\outputs\lpb\decomp_more_20260617\lua\quest\scenario\man\man1u0.lua,Man1u0,processEvent030,188,192,1,1,man1u030,startNQCutScene,true,true,false,false,false,false,default,direct_scene
110011,Golden Sacrifices,Man1u0,110010,8,man1u0,quest_scenario,quest/scenario/man/man1u0,C:\Users\drime\source\repos\AuroraFlare\FF14-Memory\tools\outputs\lpb\decomp_more_20260617\lua\quest\scenario\man\man1u0.lua,Man1u0,processEvent040,193,197,1,1,man1u040,startNQCutScene,true,false,true,false,false,false,after_warp,direct_scene_after_warp
110011,Golden Sacrifices,Man1u0,110010,8,man1u0,quest_scenario,quest/scenario/man/man1u0,C:\Users\drime\source\repos\AuroraFlare\FF14-Memory\tools\outputs\lpb\decomp_more_20260617\lua\quest\scenario\man\man1u0.lua,Man1u0,processEvent050,204,208,1,1,man1u050,startNQCutScene,true,false,true,false,false,false,after_warp,direct_scene_after_warp
110011,Golden Sacrifices,Man1u0,110010,8,man1u0,quest_scenario,quest/scenario/man/man1u0,C:\Users\drime\source\repos\AuroraFlare\FF14-Memory\tools\outputs\lpb\decomp_more_20260617\lua\quest\scenario\man\man1u0.lua,Man1u0,processEvent060,216,220,1,1,man1u060,startNQCutScene,true,false,true,false,false,false,after_warp,direct_scene_after_warp
110011,Golden Sacrifices,Man1u0,110010,8,man1u0,quest_scenario,quest/scenario/man/man1u0,C:\Users\drime\source\repos\AuroraFlare\FF14-Memory\tools\outputs\lpb\decomp_more_20260617\lua\quest\scenario\man\man1u0.lua,Man1u0,processEvent070,221,225,1,1,man1u070,startNQCutScene,true,false,true,false,false,false,after_warp,direct_scene_after_warp
110011,Golden Sacrifices,Man1u0,110010,8,man1u0,quest_scenario,quest/scenario/man/man1u0,C:\Users\drime\source\repos\AuroraFlare\FF14-Memory\tools\outputs\lpb\decomp_more_20260617\lua\quest\scenario\man\man1u0.lua,Man1u0,processEvent080,261,265,1,1,man1u080,startNQCutScene,true,true,false,false,false,false,default,direct_scene
110011,Golden Sacrifices,Man1u0,110010,8,man1u0,quest_scenario,quest/scenario/man/man1u0,C:\Users\drime\source\repos\AuroraFlare\FF14-Memory\tools\outputs\lpb\decomp_more_20260617\lua\quest\scenario\man\man1u0.lua,Man1u0,processEvent090,271,275,1,1,man1u090,startNQCutScene,true,false,true,false,false,false,after_warp,direct_scene_after_warp
110013,Fade to White,Man200,0,18,man200,quest_scenario,quest/scenario/man/man200,C:\Users\drime\source\repos\AuroraFlare\FF14-Memory\tools\outputs\lpb\decomp_more_20260617\lua\quest\scenario\man\man200.lua,Man200,pE00,6,14,1,1,man20100,startSnpcNQCutScene,true,false,true,false,false,false,after_warp,direct_scene_after_warp
110013,Fade to White,Man200,0,18,man200,quest_scenario,quest/scenario/man/man200,C:\Users\drime\source\repos\AuroraFlare\FF14-Memory\tools\outputs\lpb\decomp_more_20260617\lua\quest\scenario\man\man200.lua,Man200,pE10,133,141,1,1,man20110,startSnpcNQCutScene,true,false,true,false,false,false,after_warp,direct_scene_after_warp
110013,Fade to White,Man200,0,18,man200,quest_scenario,quest/scenario/man/man200,C:\Users\drime\source\repos\AuroraFlare\FF14-Memory\tools\outputs\lpb\decomp_more_20260617\lua\quest\scenario\man\man200.lua,Man200,pE20,142,156,1,1,man20120,startSnpcNQCutScene,true,true,false,false,false,false,default,direct_scene
110013,Fade to White,Man200,0,18,man200,quest_scenario,quest/scenario/man/man200,C:\Users\drime\source\repos\AuroraFlare\FF14-Memory\tools\outputs\lpb\decomp_more_20260617\lua\quest\scenario\man\man200.lua,Man200,pE25,236,249,1,1,man20130,startSnpcNQCutScene,true,false,true,false,false,false,after_warp,direct_scene_after_warp
110013,Fade to White,Man200,0,18,man200,quest_scenario,quest/scenario/man/man200,C:\Users\drime\source\repos\AuroraFlare\FF14-Memory\tools\outputs\lpb\decomp_more_20260617\lua\quest\scenario\man\man200.lua,Man200,pE050,255,262,1,1,man20150,startSnpcNQCutScene,true,false,true,false,false,false,after_warp,direct_scene_after_warp
110013,Fade to White,Man200,0,18,man200,quest_scenario,quest/scenario/man/man200,C:\Users\drime\source\repos\AuroraFlare\FF14-Memory\tools\outputs\lpb\decomp_more_20260617\lua\quest\scenario\man\man200.lua,Man200,pE055,263,313,1,1,man20155,startSnpcNQCutScene,true,true,false,false,false,false,default,direct_scene
110013,Fade to White,Man200,0,18,man200,quest_scenario,quest/scenario/man/man200,C:\Users\drime\source\repos\AuroraFlare\FF14-Memory\tools\outputs\lpb\decomp_more_20260617\lua\quest\scenario\man\man200.lua,Man200,pE060,323,328,1,1,man20160,startSnpcNQCutScene,true,true,false,false,false,false,default,direct_scene
110013,Fade to White,Man200,0,18,man200,quest_scenario,quest/scenario/man/man200,C:\Users\drime\source\repos\AuroraFlare\FF14-Memory\tools\outputs\lpb\decomp_more_20260617\lua\quest\scenario\man\man200.lua,Man200,processSnpcSelect,329,471,6,1,man20140,startNQCutScene,true,true,false,false,false,true,default,direct_scene
110013,Fade to White,Man200,0,18,man200,quest_scenario,quest/scenario/man/man200,C:\Users\drime\source\repos\AuroraFlare\FF14-Memory\tools\outputs\lpb\decomp_more_20260617\lua\quest\scenario\man\man200.lua,Man200,processSnpcReselect,472,568,6,1,man20140,startNQCutScene,true,true,false,false,false,true,default,direct_scene
110014,Together We Stand,Man206,110013,22,man206,quest_scenario,quest/scenario/man/man206,C:\Users\drime\source\repos\AuroraFlare\FF14-Memory\tools\outputs\lpb\decomp_more_20260617\lua\quest\scenario\man\man206.lua,Man206,processEventUdowntownrectStart,6,10,1,1,man20600,startNQCutScene,true,false,true,false,false,false,after_warp,direct_scene_after_warp
110014,Together We Stand,Man206,110013,22,man206,quest_scenario,quest/scenario/man/man206,C:\Users\drime\source\repos\AuroraFlare\FF14-Memory\tools\outputs\lpb\decomp_more_20260617\lua\quest\scenario\man\man206.lua,Man206,processEvent001,58,66,2,1,man20601,startNQCutScene,true,true,true,false,false,true,branch_or_mixed_default_and_after_warp,direct_scene_after_warp
110014,Together We Stand,Man206,110013,22,man206,quest_scenario,quest/scenario/man/man206,C:\Users\drime\source\repos\AuroraFlare\FF14-Memory\tools\outputs\lpb\decomp_more_20260617\lua\quest\scenario\man\man206.lua,Man206,pE12,133,138,1,1,man20602,startSnpcNQCutScene,true,true,false,false,false,false,default,direct_scene
110014,Together We Stand,Man206,110013,22,man206,quest_scenario,quest/scenario/man/man206,C:\Users\drime\source\repos\AuroraFlare\FF14-Memory\tools\outputs\lpb\decomp_more_20260617\lua\quest\scenario\man\man206.lua,Man206,pE13,173,183,3,1,man20603,startSnpcNQCutScene,true,true,true,false,false,true,branch_or_mixed_default_and_after_warp,direct_scene_after_warp
110014,Together We Stand,Man206,110013,22,man206,quest_scenario,quest/scenario/man/man206,C:\Users\drime\source\repos\AuroraFlare\FF14-Memory\tools\outputs\lpb\decomp_more_20260617\lua\quest\scenario\man\man206.lua,Man206,processEvent016,184,188,1,1,MAN20610,startHQCutScene,true,true,false,false,false,false,default,direct_scene
110014,Together We Stand,Man206,110013,22,man206,quest_scenario,quest/scenario/man/man206,C:\Users\drime\source\repos\AuroraFlare\FF14-Memory\tools\outputs\lpb\decomp_more_20260617\lua\quest\scenario\man\man206.lua,Man206,pE20,204,209,1,1,man20620,startSnpcNQCutScene,true,true,false,false,false,false,default,direct_scene
110014,Together We Stand,Man206,110013,22,man206,quest_scenario,quest/scenario/man/man206,C:\Users\drime\source\repos\AuroraFlare\FF14-Memory\tools\outputs\lpb\decomp_more_20260617\lua\quest\scenario\man\man206.lua,Man206,pE30,215,220,1,1,man20630,startSnpcNQCutScene,true,false,true,false,false,false,after_warp,direct_scene_after_warp
110014,Together We Stand,Man206,110013,22,man206,quest_scenario,quest/scenario/man/man206,C:\Users\drime\source\repos\AuroraFlare\FF14-Memory\tools\outputs\lpb\decomp_more_20260617\lua\quest\scenario\man\man206.lua,Man206,processEvent040,262,266,1,1,man20640,startNQCutScene,true,false,true,false,false,false,after_warp,direct_scene_after_warp
110008,Beckon of the Elementals,Man2g0,110007,13,man2g0,quest_scenario,quest/scenario/man/man2g0,C:\Users\drime\source\repos\AuroraFlare\FF14-Memory\tools\outputs\lpb\decomp_more_20260617\lua\quest\scenario\man\man2g0.lua,Man2g0,processEvent007,19,27,1,1,man1g900,startNQCutScene,true,false,true,false,false,false,after_warp,direct_scene_after_warp
110008,Beckon of the Elementals,Man2g0,110007,13,man2g0,quest_scenario,quest/scenario/man/man2g0,C:\Users\drime\source\repos\AuroraFlare\FF14-Memory\tools\outputs\lpb\decomp_more_20260617\lua\quest\scenario\man\man2g0.lua,Man2g0,processEvent007_2,28,38,1,1,man2g000,startHQCutScene,true,false,true,false,false,false,after_warp,direct_scene_after_warp
110008,Beckon of the Elementals,Man2g0,110007,13,man2g0,quest_scenario,quest/scenario/man/man2g0,C:\Users\drime\source\repos\AuroraFlare\FF14-Memory\tools\outputs\lpb\decomp_more_20260617\lua\quest\scenario\man\man2g0.lua,Man2g0,processEvent007_2_2,39,48,0,0,,,true,false,true,false,false,false,after_warp,fade_or_warp_helper
110008,Beckon of the Elementals,Man2g0,110007,13,man2g0,quest_scenario,quest/scenario/man/man2g0,C:\Users\drime\source\repos\AuroraFlare\FF14-Memory\tools\outputs\lpb\decomp_more_20260617\lua\quest\scenario\man\man2g0.lua,Man2g0,processEvent010,55,59,1,1,man2g010,startNQCutScene,true,false,true,false,false,false,after_warp,direct_scene_after_warp
110008,Beckon of the Elementals,Man2g0,110007,13,man2g0,quest_scenario,quest/scenario/man/man2g0,C:\Users\drime\source\repos\AuroraFlare\FF14-Memory\tools\outputs\lpb\decomp_more_20260617\lua\quest\scenario\man\man2g0.lua,Man2g0,processEvent020,65,69,1,1,man2g020,startNQCutScene,true,true,false,false,false,false,default,direct_scene
110008,Beckon of the Elementals,Man2g0,110007,13,man2g0,quest_scenario,quest/scenario/man/man2g0,C:\Users\drime\source\repos\AuroraFlare\FF14-Memory\tools\outputs\lpb\decomp_more_20260617\lua\quest\scenario\man\man2g0.lua,Man2g0,processEvent030,82,90,1,1,man2g030,startNQCutScene,true,false,true,false,false,false,after_warp,direct_scene_after_warp
110008,Beckon of the Elementals,Man2g0,110007,13,man2g0,quest_scenario,quest/scenario/man/man2g0,C:\Users\drime\source\repos\AuroraFlare\FF14-Memory\tools\outputs\lpb\decomp_more_20260617\lua\quest\scenario\man\man2g0.lua,Man2g0,processEvent040,132,136,1,1,man2g040,startNQCutScene,true,false,true,false,false,false,after_warp,direct_scene_after_warp
110008,Beckon of the Elementals,Man2g0,110007,13,man2g0,quest_scenario,quest/scenario/man/man2g0,C:\Users\drime\source\repos\AuroraFlare\FF14-Memory\tools\outputs\lpb\decomp_more_20260617\lua\quest\scenario\man\man2g0.lua,Man2g0,processEvent050,172,176,1,1,man2g050,startNQCutScene,true,false,true,false,false,false,after_warp,direct_scene_after_warp
110008,Beckon of the Elementals,Man2g0,110007,13,man2g0,quest_scenario,quest/scenario/man/man2g0,C:\Users\drime\source\repos\AuroraFlare\FF14-Memory\tools\outputs\lpb\decomp_more_20260617\lua\quest\scenario\man\man2g0.lua,Man2g0,processEvent060,183,187,1,1,man2g060,startNQCutScene,true,false,true,false,false,false,after_warp,direct_scene_after_warp
110008,Beckon of the Elementals,Man2g0,110007,13,man2g0,quest_scenario,quest/scenario/man/man2g0,C:\Users\drime\source\repos\AuroraFlare\FF14-Memory\tools\outputs\lpb\decomp_more_20260617\lua\quest\scenario\man\man2g0.lua,Man2g0,processEvent070,316,320,1,1,man2g070,startNQCutScene,true,false,true,false,false,false,after_warp,direct_scene_after_warp
110008,Beckon of the Elementals,Man2g0,110007,13,man2g0,quest_scenario,quest/scenario/man/man2g0,C:\Users\drime\source\repos\AuroraFlare\FF14-Memory\tools\outputs\lpb\decomp_more_20260617\lua\quest\scenario\man\man2g0.lua,Man2g0,processEvent080,331,338,4,4,MAN2G090;man2g080;man2g095;man2g100,startHQCutScene;startNQCutScene,true,false,true,false,false,false,after_warp,direct_scene_after_warp
110004,Never the Twain Shall Meet,Man2l0,110003,13,man2l0,quest_scenario,quest/scenario/man/man2l0,C:\Users\drime\source\repos\AuroraFlare\FF14-Memory\tools\outputs\lpb\decomp_more_20260617\lua\quest\scenario\man\man2l0.lua,Man2l0,processEvent010,22,27,2,2,man2l010;man2l011,startNQCutScene,true,false,true,false,false,false,after_warp,direct_scene_after_warp
110004,Never the Twain Shall Meet,Man2l0,110003,13,man2l0,quest_scenario,quest/scenario/man/man2l0,C:\Users\drime\source\repos\AuroraFlare\FF14-Memory\tools\outputs\lpb\decomp_more_20260617\lua\quest\scenario\man\man2l0.lua,Man2l0,processEvent012,62,66,1,1,man2l012,startNQCutScene,true,false,true,false,false,false,after_warp,direct_scene_after_warp
110004,Never the Twain Shall Meet,Man2l0,110003,13,man2l0,quest_scenario,quest/scenario/man/man2l0,C:\Users\drime\source\repos\AuroraFlare\FF14-Memory\tools\outputs\lpb\decomp_more_20260617\lua\quest\scenario\man\man2l0.lua,Man2l0,processEvent013,67,71,1,1,man2l013,startNQCutScene,true,false,true,false,false,false,after_warp,direct_scene_after_warp
110004,Never the Twain Shall Meet,Man2l0,110003,13,man2l0,quest_scenario,quest/scenario/man/man2l0,C:\Users\drime\source\repos\AuroraFlare\FF14-Memory\tools\outputs\lpb\decomp_more_20260617\lua\quest\scenario\man\man2l0.lua,Man2l0,processEvent020,72,78,3,3,MAN2L030;man2l020;man2l040,startHQCutScene;startNQCutScene,true,false,true,false,false,false,after_warp,direct_scene_after_warp
110004,Never the Twain Shall Meet,Man2l0,110003,13,man2l0,quest_scenario,quest/scenario/man/man2l0,C:\Users\drime\source\repos\AuroraFlare\FF14-Memory\tools\outputs\lpb\decomp_more_20260617\lua\quest\scenario\man\man2l0.lua,Man2l0,processEvent030,79,82,0,0,,,true,true,false,false,false,false,default,fade_or_warp_helper
110004,Never the Twain Shall Meet,Man2l0,110003,13,man2l0,quest_scenario,quest/scenario/man/man2l0,C:\Users\drime\source\repos\AuroraFlare\FF14-Memory\tools\outputs\lpb\decomp_more_20260617\lua\quest\scenario\man\man2l0.lua,Man2l0,processEvent060,95,99,1,1,man2l060,startNQCutScene,true,true,false,false,false,false,default,direct_scene
110004,Never the Twain Shall Meet,Man2l0,110003,13,man2l0,quest_scenario,quest/scenario/man/man2l0,C:\Users\drime\source\repos\AuroraFlare\FF14-Memory\tools\outputs\lpb\decomp_more_20260617\lua\quest\scenario\man\man2l0.lua,Man2l0,processEvent070,107,111,1,1,man2l070,startNQCutScene,true,true,false,false,false,false,default,direct_scene
110004,Never the Twain Shall Meet,Man2l0,110003,13,man2l0,quest_scenario,quest/scenario/man/man2l0,C:\Users\drime\source\repos\AuroraFlare\FF14-Memory\tools\outputs\lpb\decomp_more_20260617\lua\quest\scenario\man\man2l0.lua,Man2l0,processEvent075,112,115,1,1,man2l075,startNQCutScene,false,true,false,false,false,false,default,direct_scene
110004,Never the Twain Shall Meet,Man2l0,110003,13,man2l0,quest_scenario,quest/scenario/man/man2l0,C:\Users\drime\source\repos\AuroraFlare\FF14-Memory\tools\outputs\lpb\decomp_more_20260617\lua\quest\scenario\man\man2l0.lua,Man2l0,processEvent080,128,132,1,1,man2l080,startNQCutScene,true,true,false,false,false,false,default,direct_scene
110004,Never the Twain Shall Meet,Man2l0,110003,13,man2l0,quest_scenario,quest/scenario/man/man2l0,C:\Users\drime\source\repos\AuroraFlare\FF14-Memory\tools\outputs\lpb\decomp_more_20260617\lua\quest\scenario\man\man2l0.lua,Man2l0,processEvent081,139,146,4,4,MAN2L090;man2l081;man2l100;man2l110,startHQCutScene;startNQCutScene,true,false,true,false,false,false,after_warp,direct_scene_after_warp
110004,Never the Twain Shall Meet,Man2l0,110003,13,man2l0,quest_scenario,quest/scenario/man/man2l0,C:\Users\drime\source\repos\AuroraFlare\FF14-Memory\tools\outputs\lpb\decomp_more_20260617\lua\quest\scenario\man\man2l0.lua,Man2l0,processEventTalkMenuManCutPreview,154,241,21,18,man2l000;man2l001;man2l002;man2l010;man2l011;man2l012;man2l013;man2l020;man2l030;man2l040;man2l060;man2l070;man2l075;man2l080;man2l081;man2l090;man2l100;man2l110,startHQCutScene;startNQCutScene,true,true,false,false,false,false,default,direct_scene
110012,Calamity Cometh,Man2u0,110011,13,man2u0,quest_scenario,quest/scenario/man/man2u0,C:\Users\drime\source\repos\AuroraFlare\FF14-Memory\tools\outputs\lpb\decomp_more_20260617\lua\quest\scenario\man\man2u0.lua,Man2u0,processEvent005,20,26,3,3,MAN2U020;man2u000;man2u010,startHQCutScene;startNQCutScene,true,false,true,false,false,false,after_warp,direct_scene_after_warp
110012,Calamity Cometh,Man2u0,110011,13,man2u0,quest_scenario,quest/scenario/man/man2u0,C:\Users\drime\source\repos\AuroraFlare\FF14-Memory\tools\outputs\lpb\decomp_more_20260617\lua\quest\scenario\man\man2u0.lua,Man2u0,processEvent030,58,62,1,1,man2u030,startNQCutScene,true,false,true,false,false,false,after_warp,direct_scene_after_warp
110012,Calamity Cometh,Man2u0,110011,13,man2u0,quest_scenario,quest/scenario/man/man2u0,C:\Users\drime\source\repos\AuroraFlare\FF14-Memory\tools\outputs\lpb\decomp_more_20260617\lua\quest\scenario\man\man2u0.lua,Man2u0,processEvent040,70,74,1,1,man2u040,startNQCutScene,true,false,true,false,false,false,after_warp,direct_scene_after_warp
110012,Calamity Cometh,Man2u0,110011,13,man2u0,quest_scenario,quest/scenario/man/man2u0,C:\Users\drime\source\repos\AuroraFlare\FF14-Memory\tools\outputs\lpb\decomp_more_20260617\lua\quest\scenario\man\man2u0.lua,Man2u0,processEvent050,95,99,1,1,man2u050,startNQCutScene,true,false,true,false,false,false,after_warp,direct_scene_after_warp
110012,Calamity Cometh,Man2u0,110011,13,man2u0,quest_scenario,quest/scenario/man/man2u0,C:\Users\drime\source\repos\AuroraFlare\FF14-Memory\tools\outputs\lpb\decomp_more_20260617\lua\quest\scenario\man\man2u0.lua,Man2u0,processEvent060,105,109,1,1,man2u060,startNQCutScene,true,true,false,false,false,false,default,direct_scene
110012,Calamity Cometh,Man2u0,110011,13,man2u0,quest_scenario,quest/scenario/man/man2u0,C:\Users\drime\source\repos\AuroraFlare\FF14-Memory\tools\outputs\lpb\decomp_more_20260617\lua\quest\scenario\man\man2u0.lua,Man2u0,processEvent070,117,121,1,1,man2u070,startNQCutScene,true,true,false,false,false,false,default,direct_scene
110012,Calamity Cometh,Man2u0,110011,13,man2u0,quest_scenario,quest/scenario/man/man2u0,C:\Users\drime\source\repos\AuroraFlare\FF14-Memory\tools\outputs\lpb\decomp_more_20260617\lua\quest\scenario\man\man2u0.lua,Man2u0,processEvent080,128,132,1,1,man2u080,startNQCutScene,true,false,true,false,false,false,after_warp,direct_scene_after_warp
110012,Calamity Cometh,Man2u0,110011,13,man2u0,quest_scenario,quest/scenario/man/man2u0,C:\Users\drime\source\repos\AuroraFlare\FF14-Memory\tools\outputs\lpb\decomp_more_20260617\lua\quest\scenario\man\man2u0.lua,Man2u0,processEvent085,133,140,4,4,MAN2U090;man2u085;man2u100;man2u110,startHQCutScene;startNQCutScene,true,false,true,false,false,false,after_warp,direct_scene_after_warp
110015,Toll of the Warden,Man300,110014,30,man300,quest_scenario,quest/scenario/man/man300,C:\Users\drime\source\repos\AuroraFlare\FF14-Memory\tools\outputs\lpb\decomp_more_20260617\lua\quest\scenario\man\man300.lua,Man300,processEvent000,6,10,1,1,man30000,startNQCutScene,true,false,true,false,false,false,after_warp,direct_scene_after_warp
110015,Toll of the Warden,Man300,110014,30,man300,quest_scenario,quest/scenario/man/man300,C:\Users\drime\source\repos\AuroraFlare\FF14-Memory\tools\outputs\lpb\decomp_more_20260617\lua\quest\scenario\man\man300.lua,Man300,processEvent010,102,106,1,1,man30010,startNQCutScene,true,false,true,false,false,false,after_warp,direct_scene_after_warp
110015,Toll of the Warden,Man300,110014,30,man300,quest_scenario,quest/scenario/man/man300,C:\Users\drime\source\repos\AuroraFlare\FF14-Memory\tools\outputs\lpb\decomp_more_20260617\lua\quest\scenario\man\man300.lua,Man300,pE20,137,142,1,1,man30020,startSnpcNQCutScene,true,false,true,false,false,false,after_warp,direct_scene_after_warp
110015,Toll of the Warden,Man300,110014,30,man300,quest_scenario,quest/scenario/man/man300,C:\Users\drime\source\repos\AuroraFlare\FF14-Memory\tools\outputs\lpb\decomp_more_20260617\lua\quest\scenario\man\man300.lua,Man300,pE30,197,206,1,1,man30030,startSnpcNQCutScene,true,true,true,false,false,false,branch_or_mixed_default_and_after_warp,direct_scene_after_warp
110015,Toll of the Warden,Man300,110014,30,man300,quest_scenario,quest/scenario/man/man300,C:\Users\drime\source\repos\AuroraFlare\FF14-Memory\tools\outputs\lpb\decomp_more_20260617\lua\quest\scenario\man\man300.lua,Man300,pE40,217,222,1,1,man30040,startSnpcNQCutScene,true,true,false,false,false,false,default,direct_scene
110015,Toll of the Warden,Man300,110014,30,man300,quest_scenario,quest/scenario/man/man300,C:\Users\drime\source\repos\AuroraFlare\FF14-Memory\tools\outputs\lpb\decomp_more_20260617\lua\quest\scenario\man\man300.lua,Man300,pE50,240,245,1,1,man30050,startSnpcNQCutScene,true,false,true,false,false,false,after_warp,direct_scene_after_warp
110015,Toll of the Warden,Man300,110014,30,man300,quest_scenario,quest/scenario/man/man300,C:\Users\drime\source\repos\AuroraFlare\FF14-Memory\tools\outputs\lpb\decomp_more_20260617\lua\quest\scenario\man\man300.lua,Man300,pE60,324,329,1,1,man30060,startSnpcNQCutScene,true,false,true,false,false,false,after_warp,direct_scene_after_warp
110016,Forever Taken,Man304,110015,34,man304,quest_scenario,quest/scenario/man/man304,C:\Users\drime\source\repos\AuroraFlare\FF14-Memory\tools\outputs\lpb\decomp_more_20260617\lua\quest\scenario\man\man304.lua,Man304,pES,6,36,1,1,man30400,startSnpcNQCutScene,true,true,false,false,false,false,default,direct_scene
110016,Forever Taken,Man304,110015,34,man304,quest_scenario,quest/scenario/man/man304,C:\Users\drime\source\repos\AuroraFlare\FF14-Memory\tools\outputs\lpb\decomp_more_20260617\lua\quest\scenario\man\man304.lua,Man304,pE10,37,44,1,1,man30410,startSnpcNQCutScene,true,true,false,false,false,false,default,direct_scene
110016,Forever Taken,Man304,110015,34,man304,quest_scenario,quest/scenario/man/man304,C:\Users\drime\source\repos\AuroraFlare\FF14-Memory\tools\outputs\lpb\decomp_more_20260617\lua\quest\scenario\man\man304.lua,Man304,pE20,45,50,1,1,man30420,startSnpcNQCutScene,true,false,true,false,false,false,after_warp,direct_scene_after_warp
110016,Forever Taken,Man304,110015,34,man304,quest_scenario,quest/scenario/man/man304,C:\Users\drime\source\repos\AuroraFlare\FF14-Memory\tools\outputs\lpb\decomp_more_20260617\lua\quest\scenario\man\man304.lua,Man304,pE30,51,110,1,1,man30430,startSnpcNQCutScene,true,false,true,false,false,false,after_warp,direct_scene_after_warp
110017,Lord Errant,Man308,110016,38,man308,quest_scenario,quest/scenario/man/man308,C:\Users\drime\source\repos\AuroraFlare\FF14-Memory\tools\outputs\lpb\decomp_more_20260617\lua\quest\scenario\man\man308.lua,Man308,pE01,207,212,1,1,man30800,startSnpcNQCutScene,true,true,false,false,false,false,default,direct_scene
110017,Lord Errant,Man308,110016,38,man308,quest_scenario,quest/scenario/man/man308,C:\Users\drime\source\repos\AuroraFlare\FF14-Memory\tools\outputs\lpb\decomp_more_20260617\lua\quest\scenario\man\man308.lua,Man308,pE10,213,222,1,1,man30810,startSnpcNQCutScene,true,true,true,false,false,false,branch_or_mixed_default_and_after_warp,direct_scene_after_warp
110017,Lord Errant,Man308,110016,38,man308,quest_scenario,quest/scenario/man/man308,C:\Users\drime\source\repos\AuroraFlare\FF14-Memory\tools\outputs\lpb\decomp_more_20260617\lua\quest\scenario\man\man308.lua,Man308,pE30,282,287,1,1,man30830,startSnpcNQCutScene,true,false,true,false,false,false,after_warp,direct_scene_after_warp
110017,Lord Errant,Man308,110016,38,man308,quest_scenario,quest/scenario/man/man308,C:\Users\drime\source\repos\AuroraFlare\FF14-Memory\tools\outputs\lpb\decomp_more_20260617\lua\quest\scenario\man\man308.lua,Man308,pE50,288,298,2,2,man30850;man40640,startSnpcHQCutScene;startSnpcNQCutScene,true,true,true,false,false,false,branch_or_mixed_default_and_after_warp,direct_scene_after_warp
110017,Lord Errant,Man308,110016,38,man308,quest_scenario,quest/scenario/man/man308,C:\Users\drime\source\repos\AuroraFlare\FF14-Memory\tools\outputs\lpb\decomp_more_20260617\lua\quest\scenario\man\man308.lua,Man308,pE60,299,304,1,1,man30860,startSnpcNQCutScene,true,true,false,false,false,false,default,direct_scene
110017,Lord Errant,Man308,110016,38,man308,quest_scenario,quest/scenario/man/man308,C:\Users\drime\source\repos\AuroraFlare\FF14-Memory\tools\outputs\lpb\decomp_more_20260617\lua\quest\scenario\man\man308.lua,Man308,pE80,305,311,2,2,man30880;man30890,startSnpcNQCutScene,true,true,false,false,false,false,default,direct_scene
110017,Lord Errant,Man308,110016,38,man308,quest_scenario,quest/scenario/man/man308,C:\Users\drime\source\repos\AuroraFlare\FF14-Memory\tools\outputs\lpb\decomp_more_20260617\lua\quest\scenario\man\man308.lua,Man308,processEvent090,312,316,1,1,man30890,startNQCutScene,true,true,false,false,false,false,default,direct_scene
110017,Lord Errant,Man308,110016,38,man308,quest_scenario,quest/scenario/man/man308,C:\Users\drime\source\repos\AuroraFlare\FF14-Memory\tools\outputs\lpb\decomp_more_20260617\lua\quest\scenario\man\man308.lua,Man308,pE90,380,384,1,1,man30900,startSnpcNQCutScene,true,false,true,false,false,false,after_warp,direct_scene_after_warp
110018,Of Men They Sing,Man402,110017,42,man402,quest_scenario,quest/scenario/man/man402,C:\Users\drime\source\repos\AuroraFlare\FF14-Memory\tools\outputs\lpb\decomp_more_20260617\lua\quest\scenario\man\man402.lua,Man402,pES,6,30,1,1,man40200,startSnpcNQCutScene,true,true,false,false,false,false,default,direct_scene
110018,Of Men They Sing,Man402,110017,42,man402,quest_scenario,quest/scenario/man/man402,C:\Users\drime\source\repos\AuroraFlare\FF14-Memory\tools\outputs\lpb\decomp_more_20260617\lua\quest\scenario\man\man402.lua,Man402,pE10,31,36,1,1,man40210,startSnpcNQCutScene,true,true,false,false,false,false,default,direct_scene
110018,Of Men They Sing,Man402,110017,42,man402,quest_scenario,quest/scenario/man/man402,C:\Users\drime\source\repos\AuroraFlare\FF14-Memory\tools\outputs\lpb\decomp_more_20260617\lua\quest\scenario\man\man402.lua,Man402,pE20,37,42,1,1,man40220,startSnpcNQCutScene,true,true,false,false,false,false,default,direct_scene
110018,Of Men They Sing,Man402,110017,42,man402,quest_scenario,quest/scenario/man/man402,C:\Users\drime\source\repos\AuroraFlare\FF14-Memory\tools\outputs\lpb\decomp_more_20260617\lua\quest\scenario\man\man402.lua,Man402,pE30,43,48,1,1,man40230,startSnpcNQCutScene,true,false,true,false,false,false,after_warp,direct_scene_after_warp
110019,Futures Perfect,Man406,110018,46,man406,quest_scenario,quest/scenario/man/man406,C:\Users\drime\source\repos\AuroraFlare\FF14-Memory\tools\outputs\lpb\decomp_more_20260617\lua\quest\scenario\man\man406.lua,Man406,pES,6,15,2,1,man40600,startSnpcNQCutScene,true,true,true,false,false,true,branch_or_mixed_default_and_after_warp,direct_scene_after_warp
110019,Futures Perfect,Man406,110018,46,man406,quest_scenario,quest/scenario/man/man406,C:\Users\drime\source\repos\AuroraFlare\FF14-Memory\tools\outputs\lpb\decomp_more_20260617\lua\quest\scenario\man\man406.lua,Man406,pE10,105,110,1,1,man40610,startSnpcNQCutScene,true,true,false,false,false,false,default,direct_scene
110019,Futures Perfect,Man406,110018,46,man406,quest_scenario,quest/scenario/man/man406,C:\Users\drime\source\repos\AuroraFlare\FF14-Memory\tools\outputs\lpb\decomp_more_20260617\lua\quest\scenario\man\man406.lua,Man406,pE15,161,166,1,1,man40615,startSnpcNQCutScene,true,false,true,false,false,false,after_warp,direct_scene_after_warp
110019,Futures Perfect,Man406,110018,46,man406,quest_scenario,quest/scenario/man/man406,C:\Users\drime\source\repos\AuroraFlare\FF14-Memory\tools\outputs\lpb\decomp_more_20260617\lua\quest\scenario\man\man406.lua,Man406,processEvent020,202,210,1,1,man40620,startNQCutScene,true,true,true,false,false,false,branch_or_mixed_default_and_after_warp,direct_scene_after_warp
110019,Futures Perfect,Man406,110018,46,man406,quest_scenario,quest/scenario/man/man406,C:\Users\drime\source\repos\AuroraFlare\FF14-Memory\tools\outputs\lpb\decomp_more_20260617\lua\quest\scenario\man\man406.lua,Man406,processEvent025,211,215,1,1,MAN40625,startHQCutScene,true,true,false,false,false,false,default,direct_scene
110019,Futures Perfect,Man406,110018,46,man406,quest_scenario,quest/scenario/man/man406,C:\Users\drime\source\repos\AuroraFlare\FF14-Memory\tools\outputs\lpb\decomp_more_20260617\lua\quest\scenario\man\man406.lua,Man406,pE30,216,223,3,3,man40630;man40635;man40645,startNQCutScene;startSnpcHQCutScene;startSnpcNQCutScene,true,false,true,false,false,false,after_warp,direct_scene_after_warp
110019,Futures Perfect,Man406,110018,46,man406,quest_scenario,quest/scenario/man/man406,C:\Users\drime\source\repos\AuroraFlare\FF14-Memory\tools\outputs\lpb\decomp_more_20260617\lua\quest\scenario\man\man406.lua,Man406,pE50,249,254,1,1,man40650,startSnpcNQCutScene,true,false,true,false,false,false,after_warp,direct_scene_after_warp
110019,Futures Perfect,Man406,110018,46,man406,quest_scenario,quest/scenario/man/man406,C:\Users\drime\source\repos\AuroraFlare\FF14-Memory\tools\outputs\lpb\decomp_more_20260617\lua\quest\scenario\man\man406.lua,Man406,pE60,304,311,1,1,man40660,startSnpcNQCutScene,true,false,true,false,false,false,after_warp,direct_scene_after_warp
110460,A Piece of History,Min200,0,20,min200,quest_scenario,quest/scenario/min/min200,C:\Users\drime\source\repos\AuroraFlare\FF14-Memory\tools\outputs\lpb\decomp_more_20260617\lua\quest\scenario\min\min200.lua,Min200,processEvent010,30,34,1,1,min20010,startNQCutScene,true,true,false,false,false,false,default,direct_scene
110460,A Piece of History,Min200,0,20,min200,quest_scenario,quest/scenario/min/min200,C:\Users\drime\source\repos\AuroraFlare\FF14-Memory\tools\outputs\lpb\decomp_more_20260617\lua\quest\scenario\min\min200.lua,Min200,processEvent020,67,71,1,1,min20020,startNQCutScene,true,false,true,false,false,false,after_warp,direct_scene_after_warp
110460,A Piece of History,Min200,0,20,min200,quest_scenario,quest/scenario/min/min200,C:\Users\drime\source\repos\AuroraFlare\FF14-Memory\tools\outputs\lpb\decomp_more_20260617\lua\quest\scenario\min\min200.lua,Min200,processEvent030,72,76,1,1,min20030,startNQCutScene,true,false,true,false,false,false,after_warp,direct_scene_after_warp
110460,A Piece of History,Min200,0,20,min200,quest_scenario,quest/scenario/min/min200,C:\Users\drime\source\repos\AuroraFlare\FF14-Memory\tools\outputs\lpb\decomp_more_20260617\lua\quest\scenario\min\min200.lua,Min200,processEvent040,92,98,1,1,min20035,startNQCutScene,true,false,true,false,false,false,after_warp,direct_scene_after_warp
110461,Little Saboteurs,Min300,0,30,min300,quest_scenario,quest/scenario/min/min300,C:\Users\drime\source\repos\AuroraFlare\FF14-Memory\tools\outputs\lpb\decomp_more_20260617\lua\quest\scenario\min\min300.lua,Min300,processEvent010,19,23,1,1,min30010,startNQCutScene,true,true,false,false,false,false,default,direct_scene
110461,Little Saboteurs,Min300,0,30,min300,quest_scenario,quest/scenario/min/min300,C:\Users\drime\source\repos\AuroraFlare\FF14-Memory\tools\outputs\lpb\decomp_more_20260617\lua\quest\scenario\min\min300.lua,Min300,processEvent020,35,39,1,1,min30020,startNQCutScene,true,false,true,false,false,false,after_warp,direct_scene_after_warp
110461,Little Saboteurs,Min300,0,30,min300,quest_scenario,quest/scenario/min/min300,C:\Users\drime\source\repos\AuroraFlare\FF14-Memory\tools\outputs\lpb\decomp_more_20260617\lua\quest\scenario\min\min300.lua,Min300,processEvent030,46,50,1,1,min30030,startNQCutScene,true,false,true,false,false,false,after_warp,direct_scene_after_warp
110461,Little Saboteurs,Min300,0,30,min300,quest_scenario,quest/scenario/min/min300,C:\Users\drime\source\repos\AuroraFlare\FF14-Memory\tools\outputs\lpb\decomp_more_20260617\lua\quest\scenario\min\min300.lua,Min300,processEvent040,51,55,1,1,min30040,startNQCutScene,true,false,true,false,false,false,after_warp,direct_scene_after_warp
110461,Little Saboteurs,Min300,0,30,min300,quest_scenario,quest/scenario/min/min300,C:\Users\drime\source\repos\AuroraFlare\FF14-Memory\tools\outputs\lpb\decomp_more_20260617\lua\quest\scenario\min\min300.lua,Min300,processEvent050,56,60,1,1,min30050,startNQCutScene,true,false,true,false,false,false,after_warp,direct_scene_after_warp
110461,Little Saboteurs,Min300,0,30,min300,quest_scenario,quest/scenario/min/min300,C:\Users\drime\source\repos\AuroraFlare\FF14-Memory\tools\outputs\lpb\decomp_more_20260617\lua\quest\scenario\min\min300.lua,Min300,processEvent060,61,75,1,1,min30060,startNQCutScene,true,true,true,false,false,false,branch_or_mixed_default_and_after_warp,direct_scene_after_warp
110461,Little Saboteurs,Min300,0,30,min300,quest_scenario,quest/scenario/min/min300,C:\Users\drime\source\repos\AuroraFlare\FF14-Memory\tools\outputs\lpb\decomp_more_20260617\lua\quest\scenario\min\min300.lua,Min300,processEvent070,76,90,1,1,min30070,startNQCutScene,true,true,true,false,false,false,branch_or_mixed_default_and_after_warp,direct_scene_after_warp
110462,Runaway Little Girl,Min306,0,36,min306,quest_scenario,quest/scenario/min/min306,C:\Users\drime\source\repos\AuroraFlare\FF14-Memory\tools\outputs\lpb\decomp_more_20260617\lua\quest\scenario\min\min306.lua,Min306,processEvent013,19,27,1,1,min30610,startNQCutScene,true,true,false,false,false,false,default,direct_scene
110462,Runaway Little Girl,Min306,0,36,min306,quest_scenario,quest/scenario/min/min306,C:\Users\drime\source\repos\AuroraFlare\FF14-Memory\tools\outputs\lpb\decomp_more_20260617\lua\quest\scenario\min\min306.lua,Min306,processEvent020,28,31,0,0,,,true,true,false,false,false,false,default,fade_or_warp_helper
110462,Runaway Little Girl,Min306,0,36,min306,quest_scenario,quest/scenario/min/min306,C:\Users\drime\source\repos\AuroraFlare\FF14-Memory\tools\outputs\lpb\decomp_more_20260617\lua\quest\scenario\min\min306.lua,Min306,processEvent030,32,36,1,1,min30630,startNQCutScene,true,false,true,false,false,false,after_warp,direct_scene_after_warp
110462,Runaway Little Girl,Min306,0,36,min306,quest_scenario,quest/scenario/min/min306,C:\Users\drime\source\repos\AuroraFlare\FF14-Memory\tools\outputs\lpb\decomp_more_20260617\lua\quest\scenario\min\min306.lua,Min306,processEvent040,43,47,1,1,min30640,startNQCutScene,true,true,false,false,false,false,default,direct_scene
111221,Brother from Another Mother,Mnk0j1,0,15,mnk0j1,quest_scenario,quest/scenario/mnk/mnk0j1,C:\Users\drime\source\repos\AuroraFlare\FF14-Memory\tools\outputs\lpb\decomp_more_20260617\lua\quest\scenario\mnk\mnk0j1.lua,Mnk0j1,processEvent010,76,80,1,1,mnk0j110,startNQCutScene,true,true,false,false,false,false,default,direct_scene
111223,The Pursuit of Power,Mnk0j3,0,15,mnk0j3,quest_scenario,quest/scenario/mnk/mnk0j3,C:\Users\drime\source\repos\AuroraFlare\FF14-Memory\tools\outputs\lpb\decomp_more_20260617\lua\quest\scenario\mnk\mnk0j3.lua,Mnk0j3,processEventClear,98,107,1,1,mnk0j310,startNQCutScene,true,true,false,false,false,false,default,direct_scene
111226,Return of the King...of Ruin,Mnk0j6,0,15,mnk0j6,quest_scenario,quest/scenario/mnk/mnk0j6,C:\Users\drime\source\repos\AuroraFlare\FF14-Memory\tools\outputs\lpb\decomp_more_20260617\lua\quest\scenario\mnk\mnk0j6.lua,Mnk0j6,processEvent005,87,95,1,1,mnk0j610,startNQCutScene,true,true,true,false,false,false,branch_or_mixed_default_and_after_warp,direct_scene_after_warp
111226,Return of the King...of Ruin,Mnk0j6,0,15,mnk0j6,quest_scenario,quest/scenario/mnk/mnk0j6,C:\Users\drime\source\repos\AuroraFlare\FF14-Memory\tools\outputs\lpb\decomp_more_20260617\lua\quest\scenario\mnk\mnk0j6.lua,Mnk0j6,processEvent015,96,100,1,1,mnk0j620,startNQCutScene,true,false,true,false,false,false,after_warp,direct_scene_after_warp
110060,The House Always Wins,Pgl200,0,20,pgl200,quest_scenario,quest/scenario/pgl/pgl200,C:\Users\drime\source\repos\AuroraFlare\FF14-Memory\tools\outputs\lpb\decomp_more_20260617\lua\quest\scenario\pgl\pgl200.lua,Pgl200,processEvent010,35,39,1,1,pgl20010,startNQCutScene,true,true,false,false,false,false,default,direct_scene
110060,The House Always Wins,Pgl200,0,20,pgl200,quest_scenario,quest/scenario/pgl/pgl200,C:\Users\drime\source\repos\AuroraFlare\FF14-Memory\tools\outputs\lpb\decomp_more_20260617\lua\quest\scenario\pgl\pgl200.lua,Pgl200,processEvent020,44,48,1,1,pgl20020,startNQCutScene,true,true,false,false,false,false,default,direct_scene
110060,The House Always Wins,Pgl200,0,20,pgl200,quest_scenario,quest/scenario/pgl/pgl200,C:\Users\drime\source\repos\AuroraFlare\FF14-Memory\tools\outputs\lpb\decomp_more_20260617\lua\quest\scenario\pgl\pgl200.lua,Pgl200,processEvent030,49,55,1,1,pgl20030,startNQCutScene,true,false,true,false,false,false,after_warp,direct_scene_after_warp
110060,The House Always Wins,Pgl200,0,20,pgl200,quest_scenario,quest/scenario/pgl/pgl200,C:\Users\drime\source\repos\AuroraFlare\FF14-Memory\tools\outputs\lpb\decomp_more_20260617\lua\quest\scenario\pgl\pgl200.lua,Pgl200,processEvent040,58,70,1,1,pgl20040,startNQCutScene,true,true,false,false,false,false,default,direct_scene
110060,The House Always Wins,Pgl200,0,20,pgl200,quest_scenario,quest/scenario/pgl/pgl200,C:\Users\drime\source\repos\AuroraFlare\FF14-Memory\tools\outputs\lpb\decomp_more_20260617\lua\quest\scenario\pgl\pgl200.lua,Pgl200,processEvent050,71,75,1,1,pgl20050,startNQCutScene,true,true,false,false,false,false,default,direct_scene
110060,The House Always Wins,Pgl200,0,20,pgl200,quest_scenario,quest/scenario/pgl/pgl200,C:\Users\drime\source\repos\AuroraFlare\FF14-Memory\tools\outputs\lpb\decomp_more_20260617\lua\quest\scenario\pgl\pgl200.lua,Pgl200,processEvent060,76,80,1,1,pgl20060,startNQCutScene,true,false,true,false,false,false,after_warp,direct_scene_after_warp
110060,The House Always Wins,Pgl200,0,20,pgl200,quest_scenario,quest/scenario/pgl/pgl200,C:\Users\drime\source\repos\AuroraFlare\FF14-Memory\tools\outputs\lpb\decomp_more_20260617\lua\quest\scenario\pgl\pgl200.lua,Pgl200,processEvent070,81,85,1,1,pgl20070,startNQCutScene,true,true,false,false,false,false,default,direct_scene
110061,Here There Be Pirates,Pgl300,0,30,pgl300,quest_scenario,quest/scenario/pgl/pgl300,C:\Users\drime\source\repos\AuroraFlare\FF14-Memory\tools\outputs\lpb\decomp_more_20260617\lua\quest\scenario\pgl\pgl300.lua,Pgl300,processEventGagarunaStart,6,10,1,1,pgl30010,startNQCutScene,true,true,false,false,false,false,default,direct_scene
110061,Here There Be Pirates,Pgl300,0,30,pgl300,quest_scenario,quest/scenario/pgl/pgl300,C:\Users\drime\source\repos\AuroraFlare\FF14-Memory\tools\outputs\lpb\decomp_more_20260617\lua\quest\scenario\pgl\pgl300.lua,Pgl300,processEvent020,11,15,1,1,pgl30020,startNQCutScene,true,true,false,false,false,false,default,direct_scene
110061,Here There Be Pirates,Pgl300,0,30,pgl300,quest_scenario,quest/scenario/pgl/pgl300,C:\Users\drime\source\repos\AuroraFlare\FF14-Memory\tools\outputs\lpb\decomp_more_20260617\lua\quest\scenario\pgl\pgl300.lua,Pgl300,processEvent030,20,24,1,1,pgl30030,startNQCutScene,true,true,false,false,false,false,default,direct_scene
110061,Here There Be Pirates,Pgl300,0,30,pgl300,quest_scenario,quest/scenario/pgl/pgl300,C:\Users\drime\source\repos\AuroraFlare\FF14-Memory\tools\outputs\lpb\decomp_more_20260617\lua\quest\scenario\pgl\pgl300.lua,Pgl300,processEvent040,25,29,1,1,pgl30040,startNQCutScene,true,false,true,false,false,false,after_warp,direct_scene_after_warp
110061,Here There Be Pirates,Pgl300,0,30,pgl300,quest_scenario,quest/scenario/pgl/pgl300,C:\Users\drime\source\repos\AuroraFlare\FF14-Memory\tools\outputs\lpb\decomp_more_20260617\lua\quest\scenario\pgl\pgl300.lua,Pgl300,processEvent050,30,34,1,1,pgl30050,startNQCutScene,true,false,true,false,false,false,after_warp,direct_scene_after_warp
110061,Here There Be Pirates,Pgl300,0,30,pgl300,quest_scenario,quest/scenario/pgl/pgl300,C:\Users\drime\source\repos\AuroraFlare\FF14-Memory\tools\outputs\lpb\decomp_more_20260617\lua\quest\scenario\pgl\pgl300.lua,Pgl300,processEvent060,35,49,1,1,pgl30060,startNQCutScene,true,true,false,false,false,false,default,direct_scene
110061,Here There Be Pirates,Pgl300,0,30,pgl300,quest_scenario,quest/scenario/pgl/pgl300,C:\Users\drime\source\repos\AuroraFlare\FF14-Memory\tools\outputs\lpb\decomp_more_20260617\lua\quest\scenario\pgl\pgl300.lua,Pgl300,processEvent070,50,63,1,1,pgl30070,startNQCutScene,true,true,false,false,false,false,default,direct_scene
110061,Here There Be Pirates,Pgl300,0,30,pgl300,quest_scenario,quest/scenario/pgl/pgl300,C:\Users\drime\source\repos\AuroraFlare\FF14-Memory\tools\outputs\lpb\decomp_more_20260617\lua\quest\scenario\pgl\pgl300.lua,Pgl300,processEvent080,64,77,1,1,pgl30080,startNQCutScene,true,true,false,false,false,false,default,direct_scene
110062,Two Sides to Every Chip,Pgl306,0,36,pgl306,quest_scenario,quest/scenario/pgl/pgl306,C:\Users\drime\source\repos\AuroraFlare\FF14-Memory\tools\outputs\lpb\decomp_more_20260617\lua\quest\scenario\pgl\pgl306.lua,Pgl306,processEventGagarunaStart,6,10,1,1,pgl30610,startNQCutScene,true,true,false,false,false,false,default,direct_scene
110062,Two Sides to Every Chip,Pgl306,0,36,pgl306,quest_scenario,quest/scenario/pgl/pgl306,C:\Users\drime\source\repos\AuroraFlare\FF14-Memory\tools\outputs\lpb\decomp_more_20260617\lua\quest\scenario\pgl\pgl306.lua,Pgl306,processEvent020,11,15,1,1,pgl30620,startNQCutScene,true,false,true,false,false,false,after_warp,direct_scene_after_warp
110062,Two Sides to Every Chip,Pgl306,0,36,pgl306,quest_scenario,quest/scenario/pgl/pgl306,C:\Users\drime\source\repos\AuroraFlare\FF14-Memory\tools\outputs\lpb\decomp_more_20260617\lua\quest\scenario\pgl\pgl306.lua,Pgl306,processEvent030,16,26,1,1,pgl30630,startNQCutScene,true,true,false,false,false,false,default,direct_scene
110062,Two Sides to Every Chip,Pgl306,0,36,pgl306,quest_scenario,quest/scenario/pgl/pgl306,C:\Users\drime\source\repos\AuroraFlare\FF14-Memory\tools\outputs\lpb\decomp_more_20260617\lua\quest\scenario\pgl\pgl306.lua,Pgl306,processEvent030_2,27,37,1,1,pgl30630,startNQCutScene,true,false,true,false,false,false,after_warp,direct_scene_after_warp
110062,Two Sides to Every Chip,Pgl306,0,36,pgl306,quest_scenario,quest/scenario/pgl/pgl306,C:\Users\drime\source\repos\AuroraFlare\FF14-Memory\tools\outputs\lpb\decomp_more_20260617\lua\quest\scenario\pgl\pgl306.lua,Pgl306,processEvent040,38,48,1,1,pgl30640,startNQCutScene,true,true,false,false,false,false,default,direct_scene
110062,Two Sides to Every Chip,Pgl306,0,36,pgl306,quest_scenario,quest/scenario/pgl/pgl306,C:\Users\drime\source\repos\AuroraFlare\FF14-Memory\tools\outputs\lpb\decomp_more_20260617\lua\quest\scenario\pgl\pgl306.lua,Pgl306,processEvent040_2,49,59,1,1,pgl30640,startNQCutScene,true,false,true,false,false,false,after_warp,direct_scene_after_warp
110062,Two Sides to Every Chip,Pgl306,0,36,pgl306,quest_scenario,quest/scenario/pgl/pgl306,C:\Users\drime\source\repos\AuroraFlare\FF14-Memory\tools\outputs\lpb\decomp_more_20260617\lua\quest\scenario\pgl\pgl306.lua,Pgl306,processEvent050,60,64,1,1,pgl30650,startNQCutScene,true,false,true,false,false,false,after_warp,direct_scene_after_warp
110062,Two Sides to Every Chip,Pgl306,0,36,pgl306,quest_scenario,quest/scenario/pgl/pgl306,C:\Users\drime\source\repos\AuroraFlare\FF14-Memory\tools\outputs\lpb\decomp_more_20260617\lua\quest\scenario\pgl\pgl306.lua,Pgl306,processEvent060,65,69,1,1,pgl30660,startNQCutScene,true,false,true,false,false,false,after_warp,direct_scene_after_warp
110062,Two Sides to Every Chip,Pgl306,0,36,pgl306,quest_scenario,quest/scenario/pgl/pgl306,C:\Users\drime\source\repos\AuroraFlare\FF14-Memory\tools\outputs\lpb\decomp_more_20260617\lua\quest\scenario\pgl\pgl306.lua,Pgl306,processEvent070,70,74,1,1,pgl30670,startNQCutScene,true,false,true,false,false,false,after_warp,direct_scene_after_warp
110062,Two Sides to Every Chip,Pgl306,0,36,pgl306,quest_scenario,quest/scenario/pgl/pgl306,C:\Users\drime\source\repos\AuroraFlare\FF14-Memory\tools\outputs\lpb\decomp_more_20260617\lua\quest\scenario\pgl\pgl306.lua,Pgl306,processEvent080,75,79,1,1,pgl30680,startNQCutScene,true,true,false,false,false,false,default,direct_scene
111281,Paladin's Pledge,Pld0j1,0,15,pld0j1,quest_scenario,quest/scenario/pld/pld0j1,C:\Users\drime\source\repos\AuroraFlare\FF14-Memory\tools\outputs\lpb\decomp_more_20260617\lua\quest\scenario\pld\pld0j1.lua,Pld0j1,processEvent010,73,80,1,1,pld0j110,startNQCutScene,true,false,true,false,false,false,after_warp,direct_scene_after_warp
111281,Paladin's Pledge,Pld0j1,0,15,pld0j1,quest_scenario,quest/scenario/pld/pld0j1,C:\Users\drime\source\repos\AuroraFlare\FF14-Memory\tools\outputs\lpb\decomp_more_20260617\lua\quest\scenario\pld\pld0j1.lua,Pld0j1,processEvent015,81,88,1,1,pld0j110,startNQCutScene,true,true,false,false,false,false,default,direct_scene
111285,Parley on High Ground,Pld0j5,0,15,pld0j5,quest_scenario,quest/scenario/pld/pld0j5,C:\Users\drime\source\repos\AuroraFlare\FF14-Memory\tools\outputs\lpb\decomp_more_20260617\lua\quest\scenario\pld\pld0j5.lua,Pld0j5,processEvent_005NQ_1,34,42,1,1,pld0j510,startNQCutScene,true,true,true,false,false,false,branch_or_mixed_default_and_after_warp,direct_scene_after_warp
111285,Parley on High Ground,Pld0j5,0,15,pld0j5,quest_scenario,quest/scenario/pld/pld0j5,C:\Users\drime\source\repos\AuroraFlare\FF14-Memory\tools\outputs\lpb\decomp_more_20260617\lua\quest\scenario\pld\pld0j5.lua,Pld0j5,processEvent_015NQ_2,43,47,1,1,pld0j520,startNQCutScene,true,true,false,false,false,false,default,direct_scene
111286,Keeping the Oath,Pld0j6,0,15,pld0j6,quest_scenario,quest/scenario/pld/pld0j6,C:\Users\drime\source\repos\AuroraFlare\FF14-Memory\tools\outputs\lpb\decomp_more_20260617\lua\quest\scenario\pld\pld0j6.lua,Pld0j6,processEventNQ01,98,106,1,1,pld0j610,startNQCutScene,true,true,true,false,false,false,branch_or_mixed_default_and_after_warp,direct_scene_after_warp
111286,Keeping the Oath,Pld0j6,0,15,pld0j6,quest_scenario,quest/scenario/pld/pld0j6,C:\Users\drime\source\repos\AuroraFlare\FF14-Memory\tools\outputs\lpb\decomp_more_20260617\lua\quest\scenario\pld\pld0j6.lua,Pld0j6,processEventNQ02,107,111,1,1,pld0j620,startNQCutScene,true,false,true,false,false,false,after_warp,direct_scene_after_warp
111286,Keeping the Oath,Pld0j6,0,15,pld0j6,quest_scenario,quest/scenario/pld/pld0j6,C:\Users\drime\source\repos\AuroraFlare\FF14-Memory\tools\outputs\lpb\decomp_more_20260617\lua\quest\scenario\pld\pld0j6.lua,Pld0j6,processEventNQ03,112,116,1,1,pld0j620,startNQCutScene,true,true,false,false,false,false,default,direct_scene
110802,Gone with the Snow,Spl0i4,0,1,spl0i4,quest_scenario,quest/scenario/spl/spl0i4,C:\Users\drime\source\repos\AuroraFlare\FF14-Memory\tools\outputs\lpb\decomp_more_20260617\lua\quest\scenario\spl\spl0i4.lua,Spl0i4,processEventNQ,61,66,1,1,spl0i410,startNQCutScene,true,true,false,false,false,false,default,direct_scene
110380,The Silent Partners,Tan200,0,20,tan200,quest_scenario,quest/scenario/tan/tan200,C:\Users\drime\source\repos\AuroraFlare\FF14-Memory\tools\outputs\lpb\decomp_more_20260617\lua\quest\scenario\tan\tan200.lua,Tan200,processEvent010,71,75,1,1,tan20010,startNQCutScene,true,false,true,false,false,false,after_warp,direct_scene_after_warp
110380,The Silent Partners,Tan200,0,20,tan200,quest_scenario,quest/scenario/tan/tan200,C:\Users\drime\source\repos\AuroraFlare\FF14-Memory\tools\outputs\lpb\decomp_more_20260617\lua\quest\scenario\tan\tan200.lua,Tan200,processEvent020,81,85,1,1,tan20020,startNQCutScene,true,true,false,false,false,false,default,direct_scene
110380,The Silent Partners,Tan200,0,20,tan200,quest_scenario,quest/scenario/tan/tan200,C:\Users\drime\source\repos\AuroraFlare\FF14-Memory\tools\outputs\lpb\decomp_more_20260617\lua\quest\scenario\tan\tan200.lua,Tan200,processEvent030,138,142,1,1,tan20030,startNQCutScene,true,false,true,false,false,false,after_warp,direct_scene_after_warp
110380,The Silent Partners,Tan200,0,20,tan200,quest_scenario,quest/scenario/tan/tan200,C:\Users\drime\source\repos\AuroraFlare\FF14-Memory\tools\outputs\lpb\decomp_more_20260617\lua\quest\scenario\tan\tan200.lua,Tan200,processEvent040,243,247,1,1,tan20040,startNQCutScene,true,true,false,false,false,false,default,direct_scene
110380,The Silent Partners,Tan200,0,20,tan200,quest_scenario,quest/scenario/tan/tan200,C:\Users\drime\source\repos\AuroraFlare\FF14-Memory\tools\outputs\lpb\decomp_more_20260617\lua\quest\scenario\tan\tan200.lua,Tan200,processEvent050,254,258,1,1,tan20050,startNQCutScene,true,true,false,false,false,false,default,direct_scene
110381,Design Imposters,Tan300,110380,30,tan300,quest_scenario,quest/scenario/tan/tan300,C:\Users\drime\source\repos\AuroraFlare\FF14-Memory\tools\outputs\lpb\decomp_more_20260617\lua\quest\scenario\tan\tan300.lua,Tan300,processEvent010,22,26,1,1,tan30010,startNQCutScene,true,true,false,false,false,false,default,direct_scene
110381,Design Imposters,Tan300,110380,30,tan300,quest_scenario,quest/scenario/tan/tan300,C:\Users\drime\source\repos\AuroraFlare\FF14-Memory\tools\outputs\lpb\decomp_more_20260617\lua\quest\scenario\tan\tan300.lua,Tan300,processEvent020,27,31,1,1,tan30020,startNQCutScene,true,true,false,false,false,false,default,direct_scene
110381,Design Imposters,Tan300,110380,30,tan300,quest_scenario,quest/scenario/tan/tan300,C:\Users\drime\source\repos\AuroraFlare\FF14-Memory\tools\outputs\lpb\decomp_more_20260617\lua\quest\scenario\tan\tan300.lua,Tan300,processEvent030,38,42,1,1,tan30030,startNQCutScene,true,false,true,false,false,false,after_warp,direct_scene_after_warp
110381,Design Imposters,Tan300,110380,30,tan300,quest_scenario,quest/scenario/tan/tan300,C:\Users\drime\source\repos\AuroraFlare\FF14-Memory\tools\outputs\lpb\decomp_more_20260617\lua\quest\scenario\tan\tan300.lua,Tan300,processEvent040,43,47,1,1,tan30040,startNQCutScene,true,false,true,false,false,false,after_warp,direct_scene_after_warp
110381,Design Imposters,Tan300,110380,30,tan300,quest_scenario,quest/scenario/tan/tan300,C:\Users\drime\source\repos\AuroraFlare\FF14-Memory\tools\outputs\lpb\decomp_more_20260617\lua\quest\scenario\tan\tan300.lua,Tan300,processEvent050,48,52,1,1,tan30050,startNQCutScene,true,true,false,false,false,false,default,direct_scene
110382,Head of the Class,Tan306,110381,36,tan306,quest_scenario,quest/scenario/tan/tan306,C:\Users\drime\source\repos\AuroraFlare\FF14-Memory\tools\outputs\lpb\decomp_more_20260617\lua\quest\scenario\tan\tan306.lua,Tan306,processEvent010,17,21,1,1,tan30610,startNQCutScene,true,false,true,false,false,false,after_warp,direct_scene_after_warp
110382,Head of the Class,Tan306,110381,36,tan306,quest_scenario,quest/scenario/tan/tan306,C:\Users\drime\source\repos\AuroraFlare\FF14-Memory\tools\outputs\lpb\decomp_more_20260617\lua\quest\scenario\tan\tan306.lua,Tan306,processEvent020,22,26,1,1,tan30620,startNQCutScene,true,true,false,false,false,false,default,direct_scene
110382,Head of the Class,Tan306,110381,36,tan306,quest_scenario,quest/scenario/tan/tan306,C:\Users\drime\source\repos\AuroraFlare\FF14-Memory\tools\outputs\lpb\decomp_more_20260617\lua\quest\scenario\tan\tan306.lua,Tan306,processEvent030,43,47,1,1,tan30630,startNQCutScene,true,false,true,false,false,false,after_warp,direct_scene_after_warp
110382,Head of the Class,Tan306,110381,36,tan306,quest_scenario,quest/scenario/tan/tan306,C:\Users\drime\source\repos\AuroraFlare\FF14-Memory\tools\outputs\lpb\decomp_more_20260617\lua\quest\scenario\tan\tan306.lua,Tan306,processEvent040,48,59,1,1,tan30640,startNQCutScene,true,false,true,false,false,false,after_warp,direct_scene_after_warp
110382,Head of the Class,Tan306,110381,36,tan306,quest_scenario,quest/scenario/tan/tan306,C:\Users\drime\source\repos\AuroraFlare\FF14-Memory\tools\outputs\lpb\decomp_more_20260617\lua\quest\scenario\tan\tan306.lua,Tan306,processEvent050,60,63,0,0,,,true,true,false,false,false,false,default,fade_or_warp_helper
,,,,,scealphaa,quest_scenario,quest/scenario/test/scealphaa,C:\Users\drime\source\repos\AuroraFlare\FF14-Memory\tools\outputs\lpb\decomp_more_20260617\lua\quest\scenario\test\scealphaa.lua,SceAlphaA,processOfferGood,10,14,0,0,,,true,true,false,false,false,false,default,fade_or_warp_helper
,,,,,scealphaa,quest_scenario,quest/scenario/test/scealphaa,C:\Users\drime\source\repos\AuroraFlare\FF14-Memory\tools\outputs\lpb\decomp_more_20260617\lua\quest\scenario\test\scealphaa.lua,SceAlphaA,processOfferGoodNqEvent,15,19,0,0,,,true,true,false,false,false,false,default,fade_or_warp_helper
,,,,,scealphaa,quest_scenario,quest/scenario/test/scealphaa,C:\Users\drime\source\repos\AuroraFlare\FF14-Memory\tools\outputs\lpb\decomp_more_20260617\lua\quest\scenario\test\scealphaa.lua,SceAlphaA,processEventTalkStep0,22,49,0,0,,,true,true,false,false,false,false,default,fade_or_warp_helper
,,,,,scealphaa,quest_scenario,quest/scenario/test/scealphaa,C:\Users\drime\source\repos\AuroraFlare\FF14-Memory\tools\outputs\lpb\decomp_more_20260617\lua\quest\scenario\test\scealphaa.lua,SceAlphaA,processEventTalkStep1,50,125,0,0,,,true,true,false,false,false,false,default,fade_or_warp_helper
,,,,,scealphaa,quest_scenario,quest/scenario/test/scealphaa,C:\Users\drime\source\repos\AuroraFlare\FF14-Memory\tools\outputs\lpb\decomp_more_20260617\lua\quest\scenario\test\scealphaa.lua,SceAlphaA,processEventTalkGuildleve4,144,148,0,0,,,true,true,false,false,false,false,default,fade_or_warp_helper
,,,,,scealphaa,quest_scenario,quest/scenario/test/scealphaa,C:\Users\drime\source\repos\AuroraFlare\FF14-Memory\tools\outputs\lpb\decomp_more_20260617\lua\quest\scenario\test\scealphaa.lua,SceAlphaA,processEventTalkGuildleve5,149,153,0,0,,,true,true,false,false,false,false,default,fade_or_warp_helper
,,,,,scealphaa,quest_scenario,quest/scenario/test/scealphaa,C:\Users\drime\source\repos\AuroraFlare\FF14-Memory\tools\outputs\lpb\decomp_more_20260617\lua\quest\scenario\test\scealphaa.lua,SceAlphaA,processEventTalkMenuManCutPreview,197,241,0,0,,,true,true,false,false,false,false,default,fade_or_warp_helper
,,,,,scecuttest,quest_scenario,quest/scenario/test/scecuttest,C:\Users\drime\source\repos\AuroraFlare\FF14-Memory\tools\outputs\lpb\decomp_more_20260617\lua\quest\scenario\test\scecuttest.lua,SceCutTest,processCutTest,8,104,4,0,,startHQCutScene;startHQCutSceneDebugCase;startNQCutScene,true,true,false,false,false,false,default,dynamic_scene
110240,The Big Payback,Thm200,0,20,thm200,quest_scenario,quest/scenario/thm/thm200,C:\Users\drime\source\repos\AuroraFlare\FF14-Memory\tools\outputs\lpb\decomp_more_20260617\lua\quest\scenario\thm\thm200.lua,Thm200,processEventYayakeStart,6,22,2,1,thm20010,startNQCutScene,true,true,false,false,false,true,default,direct_scene
110240,The Big Payback,Thm200,0,20,thm200,quest_scenario,quest/scenario/thm/thm200,C:\Users\drime\source\repos\AuroraFlare\FF14-Memory\tools\outputs\lpb\decomp_more_20260617\lua\quest\scenario\thm\thm200.lua,Thm200,processEvent020,23,27,1,1,thm20020,startNQCutScene,true,true,false,false,false,false,default,direct_scene
110240,The Big Payback,Thm200,0,20,thm200,quest_scenario,quest/scenario/thm/thm200,C:\Users\drime\source\repos\AuroraFlare\FF14-Memory\tools\outputs\lpb\decomp_more_20260617\lua\quest\scenario\thm\thm200.lua,Thm200,processEvent030,28,32,1,1,thm20030,startNQCutScene,true,true,false,false,false,false,default,direct_scene
110241,Revelry in Rivalry,Thm300,0,30,thm300,quest_scenario,quest/scenario/thm/thm300,C:\Users\drime\source\repos\AuroraFlare\FF14-Memory\tools\outputs\lpb\decomp_more_20260617\lua\quest\scenario\thm\thm300.lua,Thm300,processEventYayakeStart,6,15,2,1,thm30010,startNQCutScene,true,true,true,false,false,true,branch_or_mixed_default_and_after_warp,direct_scene_after_warp
110241,Revelry in Rivalry,Thm300,0,30,thm300,quest_scenario,quest/scenario/thm/thm300,C:\Users\drime\source\repos\AuroraFlare\FF14-Memory\tools\outputs\lpb\decomp_more_20260617\lua\quest\scenario\thm\thm300.lua,Thm300,processEvent020,16,20,1,1,thm30020,startNQCutScene,true,false,true,false,false,false,after_warp,direct_scene_after_warp
110241,Revelry in Rivalry,Thm300,0,30,thm300,quest_scenario,quest/scenario/thm/thm300,C:\Users\drime\source\repos\AuroraFlare\FF14-Memory\tools\outputs\lpb\decomp_more_20260617\lua\quest\scenario\thm\thm300.lua,Thm300,processEvent030,54,66,1,1,thm30030,startNQCutScene,false,true,false,false,false,false,default,direct_scene
110241,Revelry in Rivalry,Thm300,0,30,thm300,quest_scenario,quest/scenario/thm/thm300,C:\Users\drime\source\repos\AuroraFlare\FF14-Memory\tools\outputs\lpb\decomp_more_20260617\lua\quest\scenario\thm\thm300.lua,Thm300,processEvent030_1,67,79,1,1,thm30030,startNQCutScene,false,true,false,false,false,false,default,direct_scene
110241,Revelry in Rivalry,Thm300,0,30,thm300,quest_scenario,quest/scenario/thm/thm300,C:\Users\drime\source\repos\AuroraFlare\FF14-Memory\tools\outputs\lpb\decomp_more_20260617\lua\quest\scenario\thm\thm300.lua,Thm300,processEvent035,133,145,0,0,,,true,false,true,false,false,false,after_warp,fade_or_warp_helper
110241,Revelry in Rivalry,Thm300,0,30,thm300,quest_scenario,quest/scenario/thm/thm300,C:\Users\drime\source\repos\AuroraFlare\FF14-Memory\tools\outputs\lpb\decomp_more_20260617\lua\quest\scenario\thm\thm300.lua,Thm300,processEvent040,146,150,1,1,thm30040,startNQCutScene,true,false,true,false,false,false,after_warp,direct_scene_after_warp
110242,Law and the Order,Thm306,0,36,thm306,quest_scenario,quest/scenario/thm/thm306,C:\Users\drime\source\repos\AuroraFlare\FF14-Memory\tools\outputs\lpb\decomp_more_20260617\lua\quest\scenario\thm\thm306.lua,Thm306,processEventYayakeStart,6,15,2,1,thm30610,startNQCutScene,true,true,false,false,false,true,default,direct_scene
110242,Law and the Order,Thm306,0,36,thm306,quest_scenario,quest/scenario/thm/thm306,C:\Users\drime\source\repos\AuroraFlare\FF14-Memory\tools\outputs\lpb\decomp_more_20260617\lua\quest\scenario\thm\thm306.lua,Thm306,processEvent020,16,20,1,1,thm30620,startNQCutScene,true,true,false,false,false,false,default,direct_scene
110242,Law and the Order,Thm306,0,36,thm306,quest_scenario,quest/scenario/thm/thm306,C:\Users\drime\source\repos\AuroraFlare\FF14-Memory\tools\outputs\lpb\decomp_more_20260617\lua\quest\scenario\thm\thm306.lua,Thm306,processEvent030,21,25,1,1,thm30630,startNQCutScene,true,true,false,false,false,false,default,direct_scene
110242,Law and the Order,Thm306,0,36,thm306,quest_scenario,quest/scenario/thm/thm306,C:\Users\drime\source\repos\AuroraFlare\FF14-Memory\tools\outputs\lpb\decomp_more_20260617\lua\quest\scenario\thm\thm306.lua,Thm306,processEvent040,33,37,1,1,thm30640,startNQCutScene,true,false,true,false,false,false,after_warp,direct_scene_after_warp
110242,Law and the Order,Thm306,0,36,thm306,quest_scenario,quest/scenario/thm/thm306,C:\Users\drime\source\repos\AuroraFlare\FF14-Memory\tools\outputs\lpb\decomp_more_20260617\lua\quest\scenario\thm\thm306.lua,Thm306,processEvent050,38,42,1,1,thm30650,startNQCutScene,true,false,true,false,false,false,after_warp,direct_scene_after_warp
110242,Law and the Order,Thm306,0,36,thm306,quest_scenario,quest/scenario/thm/thm306,C:\Users\drime\source\repos\AuroraFlare\FF14-Memory\tools\outputs\lpb\decomp_more_20260617\lua\quest\scenario\thm\thm306.lua,Thm306,processEvent060,43,47,1,1,thm30660,startNQCutScene,true,true,false,false,false,false,default,direct_scene
110141,Getting Started,Trl0g1,0,30,trl0g1,quest_scenario,quest/scenario/trl/trl0g1,C:\Users\drime\source\repos\AuroraFlare\FF14-Memory\tools\outputs\lpb\decomp_more_20260617\lua\quest\scenario\trl\trl0g1.lua,Trl0g1,processEvent225,13,17,1,1,man0g225,startNQCutScene,true,true,false,false,false,false,default,direct_scene
110141,Getting Started,Trl0g1,0,30,trl0g1,quest_scenario,quest/scenario/trl/trl0g1,C:\Users\drime\source\repos\AuroraFlare\FF14-Memory\tools\outputs\lpb\decomp_more_20260617\lua\quest\scenario\trl\trl0g1.lua,Trl0g1,processEvent230,18,22,1,1,man0g230,startNQCutScene,true,true,false,false,false,false,default,direct_scene
110140,Getting Started,Trl0l1,0,20,trl0l1,quest_scenario,quest/scenario/trl/trl0l1,C:\Users\drime\source\repos\AuroraFlare\FF14-Memory\tools\outputs\lpb\decomp_more_20260617\lua\quest\scenario\trl\trl0l1.lua,Trl0l1,processEvent640,13,17,1,1,man0l640,startNQCutScene,true,true,false,false,false,false,default,direct_scene
110140,Getting Started,Trl0l1,0,20,trl0l1,quest_scenario,quest/scenario/trl/trl0l1,C:\Users\drime\source\repos\AuroraFlare\FF14-Memory\tools\outputs\lpb\decomp_more_20260617\lua\quest\scenario\trl\trl0l1.lua,Trl0l1,processEvent650,18,22,1,1,man0l650,startNQCutScene,true,true,false,false,false,false,default,direct_scene
110142,[en],Trl0u1,0,36,trl0u1,quest_scenario,quest/scenario/trl/trl0u1,C:\Users\drime\source\repos\AuroraFlare\FF14-Memory\tools\outputs\lpb\decomp_more_20260617\lua\quest\scenario\trl\trl0u1.lua,Trl0u1,processEvent235,13,17,1,1,man0u235,startNQCutScene,true,true,false,false,false,false,default,direct_scene
110142,[en],Trl0u1,0,36,trl0u1,quest_scenario,quest/scenario/trl/trl0u1,C:\Users\drime\source\repos\AuroraFlare\FF14-Memory\tools\outputs\lpb\decomp_more_20260617\lua\quest\scenario\trl\trl0u1.lua,Trl0u1,processEvent240,18,22,1,1,man0u240,startNQCutScene,true,true,false,false,false,false,default,direct_scene
111203,Curious Gorge Goes to the Bazaar,War0j3,0,15,war0j3,quest_scenario,quest/scenario/war/war0j3,C:\Users\drime\source\repos\AuroraFlare\FF14-Memory\tools\outputs\lpb\decomp_more_20260617\lua\quest\scenario\war\war0j3.lua,War0j3,processEvent005,47,51,1,1,war0j310,startNQCutScene,true,true,false,false,false,false,default,direct_scene
111206,How to Quit You,War0j6,0,15,war0j6,quest_scenario,quest/scenario/war/war0j6,C:\Users\drime\source\repos\AuroraFlare\FF14-Memory\tools\outputs\lpb\decomp_more_20260617\lua\quest\scenario\war\war0j6.lua,War0j6,processEvent010,44,47,0,0,,,true,true,false,false,false,false,default,fade_or_warp_helper
111206,How to Quit You,War0j6,0,15,war0j6,quest_scenario,quest/scenario/war/war0j6,C:\Users\drime\source\repos\AuroraFlare\FF14-Memory\tools\outputs\lpb\decomp_more_20260617\lua\quest\scenario\war\war0j6.lua,War0j6,processEvent020,54,58,1,1,war0j620,startNQCutScene,true,true,false,false,false,false,default,direct_scene
110300,The Mouths of Babes,Wdk200,0,20,wdk200,quest_scenario,quest/scenario/wdk/wdk200,C:\Users\drime\source\repos\AuroraFlare\FF14-Memory\tools\outputs\lpb\decomp_more_20260617\lua\quest\scenario\wdk\wdk200.lua,Wdk200,processEvent010,32,36,1,1,wdk20010,startNQCutScene,true,false,true,false,false,false,after_warp,direct_scene_after_warp
110300,The Mouths of Babes,Wdk200,0,20,wdk200,quest_scenario,quest/scenario/wdk/wdk200,C:\Users\drime\source\repos\AuroraFlare\FF14-Memory\tools\outputs\lpb\decomp_more_20260617\lua\quest\scenario\wdk\wdk200.lua,Wdk200,processEvent020,37,41,1,1,wdk20020,startNQCutScene,true,false,true,false,false,false,after_warp,direct_scene_after_warp
110300,The Mouths of Babes,Wdk200,0,20,wdk200,quest_scenario,quest/scenario/wdk/wdk200,C:\Users\drime\source\repos\AuroraFlare\FF14-Memory\tools\outputs\lpb\decomp_more_20260617\lua\quest\scenario\wdk\wdk200.lua,Wdk200,processEvent025,42,50,0,0,,,true,false,true,false,false,false,after_warp,fade_or_warp_helper
110300,The Mouths of Babes,Wdk200,0,20,wdk200,quest_scenario,quest/scenario/wdk/wdk200,C:\Users\drime\source\repos\AuroraFlare\FF14-Memory\tools\outputs\lpb\decomp_more_20260617\lua\quest\scenario\wdk\wdk200.lua,Wdk200,processEvent030,51,55,1,1,wdk20030,startNQCutScene,true,true,false,false,false,false,default,direct_scene
110301,Hide and Seek Shenanigans,Wdk300,110300,30,wdk300,quest_scenario,quest/scenario/wdk/wdk300,C:\Users\drime\source\repos\AuroraFlare\FF14-Memory\tools\outputs\lpb\decomp_more_20260617\lua\quest\scenario\wdk\wdk300.lua,Wdk300,processEvent010,20,24,1,1,wdk30010,startNQCutScene,true,false,true,false,false,false,after_warp,direct_scene_after_warp
110301,Hide and Seek Shenanigans,Wdk300,110300,30,wdk300,quest_scenario,quest/scenario/wdk/wdk300,C:\Users\drime\source\repos\AuroraFlare\FF14-Memory\tools\outputs\lpb\decomp_more_20260617\lua\quest\scenario\wdk\wdk300.lua,Wdk300,processEvent020,25,29,1,1,wdk30020,startNQCutScene,true,false,true,false,false,false,after_warp,direct_scene_after_warp
110301,Hide and Seek Shenanigans,Wdk300,110300,30,wdk300,quest_scenario,quest/scenario/wdk/wdk300,C:\Users\drime\source\repos\AuroraFlare\FF14-Memory\tools\outputs\lpb\decomp_more_20260617\lua\quest\scenario\wdk\wdk300.lua,Wdk300,processEvent030,35,39,1,1,wdk30030,startNQCutScene,true,false,true,false,false,false,after_warp,direct_scene_after_warp
110301,Hide and Seek Shenanigans,Wdk300,110300,30,wdk300,quest_scenario,quest/scenario/wdk/wdk300,C:\Users\drime\source\repos\AuroraFlare\FF14-Memory\tools\outputs\lpb\decomp_more_20260617\lua\quest\scenario\wdk\wdk300.lua,Wdk300,processEvent040,40,44,1,1,wdk30040,startNQCutScene,true,true,false,false,false,false,default,direct_scene
110301,Hide and Seek Shenanigans,Wdk300,110300,30,wdk300,quest_scenario,quest/scenario/wdk/wdk300,C:\Users\drime\source\repos\AuroraFlare\FF14-Memory\tools\outputs\lpb\decomp_more_20260617\lua\quest\scenario\wdk\wdk300.lua,Wdk300,processEvent050,45,49,1,1,wdk30050,startNQCutScene,true,true,false,false,false,false,default,direct_scene
110301,Hide and Seek Shenanigans,Wdk300,110300,30,wdk300,quest_scenario,quest/scenario/wdk/wdk300,C:\Users\drime\source\repos\AuroraFlare\FF14-Memory\tools\outputs\lpb\decomp_more_20260617\lua\quest\scenario\wdk\wdk300.lua,Wdk300,processEvent060,69,77,1,1,wdk30060,startNQCutScene,true,true,false,false,false,false,default,direct_scene
110302,Spanning the Spectrum,Wdk306,110301,36,wdk306,quest_scenario,quest/scenario/wdk/wdk306,C:\Users\drime\source\repos\AuroraFlare\FF14-Memory\tools\outputs\lpb\decomp_more_20260617\lua\quest\scenario\wdk\wdk306.lua,Wdk306,processEventMarcelloixStart,6,23,0,0,,,true,false,true,false,false,false,after_warp,fade_or_warp_helper
110302,Spanning the Spectrum,Wdk306,110301,36,wdk306,quest_scenario,quest/scenario/wdk/wdk306,C:\Users\drime\source\repos\AuroraFlare\FF14-Memory\tools\outputs\lpb\decomp_more_20260617\lua\quest\scenario\wdk\wdk306.lua,Wdk306,processEvent010,30,34,1,1,wdk30610,startNQCutScene,true,false,true,false,false,false,after_warp,direct_scene_after_warp
110302,Spanning the Spectrum,Wdk306,110301,36,wdk306,quest_scenario,quest/scenario/wdk/wdk306,C:\Users\drime\source\repos\AuroraFlare\FF14-Memory\tools\outputs\lpb\decomp_more_20260617\lua\quest\scenario\wdk\wdk306.lua,Wdk306,processEvent020,35,39,1,1,wdk30620,startNQCutScene,true,false,true,false,false,false,after_warp,direct_scene_after_warp
110302,Spanning the Spectrum,Wdk306,110301,36,wdk306,quest_scenario,quest/scenario/wdk/wdk306,C:\Users\drime\source\repos\AuroraFlare\FF14-Memory\tools\outputs\lpb\decomp_more_20260617\lua\quest\scenario\wdk\wdk306.lua,Wdk306,processEvent025,48,56,0,0,,,true,false,true,false,false,false,after_warp,fade_or_warp_helper
110302,Spanning the Spectrum,Wdk306,110301,36,wdk306,quest_scenario,quest/scenario/wdk/wdk306,C:\Users\drime\source\repos\AuroraFlare\FF14-Memory\tools\outputs\lpb\decomp_more_20260617\lua\quest\scenario\wdk\wdk306.lua,Wdk306,processEvent030,57,61,1,1,wdk30630,startNQCutScene,true,true,false,false,false,false,default,direct_scene
110302,Spanning the Spectrum,Wdk306,110301,36,wdk306,quest_scenario,quest/scenario/wdk/wdk306,C:\Users\drime\source\repos\AuroraFlare\FF14-Memory\tools\outputs\lpb\decomp_more_20260617\lua\quest\scenario\wdk\wdk306.lua,Wdk306,processEvent040,62,66,1,1,wdk30640,startNQCutScene,true,false,true,false,false,false,after_warp,direct_scene_after_warp
110302,Spanning the Spectrum,Wdk306,110301,36,wdk306,quest_scenario,quest/scenario/wdk/wdk306,C:\Users\drime\source\repos\AuroraFlare\FF14-Memory\tools\outputs\lpb\decomp_more_20260617\lua\quest\scenario\wdk\wdk306.lua,Wdk306,processEvent050,67,71,1,1,wdk30650,startNQCutScene,true,false,true,false,false,false,after_warp,direct_scene_after_warp
110302,Spanning the Spectrum,Wdk306,110301,36,wdk306,quest_scenario,quest/scenario/wdk/wdk306,C:\Users\drime\source\repos\AuroraFlare\FF14-Memory\tools\outputs\lpb\decomp_more_20260617\lua\quest\scenario\wdk\wdk306.lua,Wdk306,processEvent060,72,76,1,1,wdk30660,startNQCutScene,true,false,true,false,false,false,after_warp,direct_scene_after_warp
111241,Seeds of Initiative,Whm0j1,0,15,whm0j1,quest_scenario,quest/scenario/whm/whm0j1,C:\Users\drime\source\repos\AuroraFlare\FF14-Memory\tools\outputs\lpb\decomp_more_20260617\lua\quest\scenario\whm\whm0j1.lua,Whm0j1,processEventClearNQ,98,104,1,1,whm0j110,startNQCutScene,true,true,false,false,false,false,default,direct_scene
111242,When Sheep Attack,Whm0j2,0,15,whm0j2,quest_scenario,quest/scenario/whm/whm0j2,C:\Users\drime\source\repos\AuroraFlare\FF14-Memory\tools\outputs\lpb\decomp_more_20260617\lua\quest\scenario\whm\whm0j2.lua,Whm0j2,processEventRAYAOSENNAStart,6,37,1,1,whm0j210,startNQCutScene,true,true,false,false,false,false,default,direct_scene
111244,The Wheel of Disaster,Whm0j4,0,15,whm0j4,quest_scenario,quest/scenario/whm/whm0j4,C:\Users\drime\source\repos\AuroraFlare\FF14-Memory\tools\outputs\lpb\decomp_more_20260617\lua\quest\scenario\whm\whm0j4.lua,Whm0j4,processEventNQ,84,89,1,1,whm0j410,startNQCutScene,true,true,false,false,false,false,default,direct_scene
111246,The Chorus of Cataclysm,Whm0j6,0,15,whm0j6,quest_scenario,quest/scenario/whm/whm0j6,C:\Users\drime\source\repos\AuroraFlare\FF14-Memory\tools\outputs\lpb\decomp_more_20260617\lua\quest\scenario\whm\whm0j6.lua,Whm0j6,processEventCutSceneBeforeBattle,62,66,1,1,whm0j605,startNQCutScene,true,true,false,false,false,false,default,direct_scene
111246,The Chorus of Cataclysm,Whm0j6,0,15,whm0j6,quest_scenario,quest/scenario/whm/whm0j6,C:\Users\drime\source\repos\AuroraFlare\FF14-Memory\tools\outputs\lpb\decomp_more_20260617\lua\quest\scenario\whm\whm0j6.lua,Whm0j6,processEventNQ,101,105,1,1,whm0j610,startNQCutScene,true,true,false,false,false,false,default,direct_scene
111246,The Chorus of Cataclysm,Whm0j6,0,15,whm0j6,quest_scenario,quest/scenario/whm/whm0j6,C:\Users\drime\source\repos\AuroraFlare\FF14-Memory\tools\outputs\lpb\decomp_more_20260617\lua\quest\scenario\whm\whm0j6.lua,Whm0j6,processEventNQ03,163,167,1,1,whm0j610,startNQCutScene,true,true,false,false,false,false,default,direct_scene
110400,Hoodwinked,Wvr200,0,20,wvr200,quest_scenario,quest/scenario/wvr/wvr200,C:\Users\drime\source\repos\AuroraFlare\FF14-Memory\tools\outputs\lpb\decomp_more_20260617\lua\quest\scenario\wvr\wvr200.lua,Wvr200,processEvent010,37,41,1,1,wvr20010,startNQCutScene,true,false,true,false,false,false,after_warp,direct_scene_after_warp
110400,Hoodwinked,Wvr200,0,20,wvr200,quest_scenario,quest/scenario/wvr/wvr200,C:\Users\drime\source\repos\AuroraFlare\FF14-Memory\tools\outputs\lpb\decomp_more_20260617\lua\quest\scenario\wvr\wvr200.lua,Wvr200,processEvent020,42,46,1,1,wvr20020,startNQCutScene,true,false,true,false,false,false,after_warp,direct_scene_after_warp
110400,Hoodwinked,Wvr200,0,20,wvr200,quest_scenario,quest/scenario/wvr/wvr200,C:\Users\drime\source\repos\AuroraFlare\FF14-Memory\tools\outputs\lpb\decomp_more_20260617\lua\quest\scenario\wvr\wvr200.lua,Wvr200,processEvent030,47,51,1,1,wvr20030,startNQCutScene,true,true,false,false,false,false,default,direct_scene
110401,Dance the Night Away,Wvr300,0,30,wvr300,quest_scenario,quest/scenario/wvr/wvr300,C:\Users\drime\source\repos\AuroraFlare\FF14-Memory\tools\outputs\lpb\decomp_more_20260617\lua\quest\scenario\wvr\wvr300.lua,Wvr300,processEventDeaustieStart,6,14,2,1,wvr30010,startNQCutScene,true,true,true,false,false,true,branch_or_mixed_default_and_after_warp,direct_scene_after_warp
110401,Dance the Night Away,Wvr300,0,30,wvr300,quest_scenario,quest/scenario/wvr/wvr300,C:\Users\drime\source\repos\AuroraFlare\FF14-Memory\tools\outputs\lpb\decomp_more_20260617\lua\quest\scenario\wvr\wvr300.lua,Wvr300,processEvent020,66,70,1,1,wvr30020,startNQCutScene,true,false,true,false,false,false,after_warp,direct_scene_after_warp
110402,A Fruitful Murder,Wvr306,0,36,wvr306,quest_scenario,quest/scenario/wvr/wvr306,C:\Users\drime\source\repos\AuroraFlare\FF14-Memory\tools\outputs\lpb\decomp_more_20260617\lua\quest\scenario\wvr\wvr306.lua,Wvr306,processEvent010,55,59,1,1,wvr30610,startNQCutScene,true,true,false,false,false,false,default,direct_scene
110402,A Fruitful Murder,Wvr306,0,36,wvr306,quest_scenario,quest/scenario/wvr/wvr306,C:\Users\drime\source\repos\AuroraFlare\FF14-Memory\tools\outputs\lpb\decomp_more_20260617\lua\quest\scenario\wvr\wvr306.lua,Wvr306,processEvent020,60,64,1,1,wvr30620,startNQCutScene,true,true,false,false,false,false,default,direct_scene
110402,A Fruitful Murder,Wvr306,0,36,wvr306,quest_scenario,quest/scenario/wvr/wvr306,C:\Users\drime\source\repos\AuroraFlare\FF14-Memory\tools\outputs\lpb\decomp_more_20260617\lua\quest\scenario\wvr\wvr306.lua,Wvr306,processEvent030,65,69,1,1,wvr30630,startNQCutScene,true,true,false,false,false,false,default,direct_scene
