sql_line,actor_class_id,class_path,script_logical_path,script_decompiled,model_or_actor_id,category,condition_names,class_names,base_classes,text_sheets,method_count,top_bridge_methods,tags
112,1000078,/Chara/Npc/Populace/PopulaceLinkshellManager,chara/npc/populace/populacelinkshellmanager,True,1900036,19,talkDefault;noticeEvent,PopulaceLinkshellManager,NpcBaseClass,2221:populaceLinkshellManager,20,PopulaceLinkshellManager.eventTalkStep24:11;PopulaceLinkshellManager.eventTalkStep1:5;PopulaceLinkshellManager.eventTalkStep232:4;PopulaceLinkshellManager.updateGroupMemberRank:4;PopulaceLinkshellManager.eventTalkStep231:3;PopulaceLinkshellManager.eventTalkStep25:2;PopulaceLinkshellManager.initForEvent:1;PopulaceLinkshellManager.eventTalkStep11:1;PopulaceLinkshellManager.eventTalkStep21:1;PopulaceLinkshellManager.eventTalkStep22:1,linkshell;chara;populace
200,1000166,/Chara/Npc/Populace/PopulaceRetainerManager,chara/npc/populace/populaceretainermanager,True,1300068,19,talkDefault;noticeEvent,PopulaceRetainerManager,NpcBaseClass,545:populaceRetainerManager,24,PopulaceRetainerManager.eventTalkStep1:9;PopulaceRetainerManager.eventTaklSelectCutSeane:7;PopulaceRetainerManager.eventTalkStep2:3;PopulaceRetainerManager.newEventTalkStep1:3;PopulaceRetainerManager.subRetainerExplainAsk:3;PopulaceRetainerManager.initForEvent:1;PopulaceRetainerManager.eventTalkStep11:1;PopulaceRetainerManager.eventTalkStep121:1;PopulaceRetainerManager.eventTalkStep13:1;PopulaceRetainerManager.eventTalkStep14:1,retainer;chara;populace
491,1000457,/Chara/Npc/Populace/PopulaceGuildlevePublisher,chara/npc/populace/populaceguildlevepublisher,True,1200123,19,talkDefault;noticeEvent,PopulaceGuildlevePublisher,NpcBaseClass,339:populaceGuildlevePublisher,19,PopulaceGuildlevePublisher.eventTalkType:7;PopulaceGuildlevePublisher.eventTalkChangeOne:4;PopulaceGuildlevePublisher.eventTalkPack:3;PopulaceGuildlevePublisher.eventGLChangeDetail:3;PopulaceGuildlevePublisher.askRetryRegionalleve:2;PopulaceGuildlevePublisher.eventHistoryleveCannot:1,quest;chara;populace
899,1000865,/Chara/Npc/Populace/PopulaceRetainerManager,chara/npc/populace/populaceretainermanager,True,1300128,19,talkDefault;noticeEvent,PopulaceRetainerManager,NpcBaseClass,545:populaceRetainerManager,24,PopulaceRetainerManager.eventTalkStep1:9;PopulaceRetainerManager.eventTaklSelectCutSeane:7;PopulaceRetainerManager.eventTalkStep2:3;PopulaceRetainerManager.newEventTalkStep1:3;PopulaceRetainerManager.subRetainerExplainAsk:3;PopulaceRetainerManager.initForEvent:1;PopulaceRetainerManager.eventTalkStep11:1;PopulaceRetainerManager.eventTalkStep121:1;PopulaceRetainerManager.eventTalkStep13:1;PopulaceRetainerManager.eventTalkStep14:1,retainer;chara;populace
1216,1001182,/Chara/Npc/Populace/PopulaceLinkshellManager,chara/npc/populace/populacelinkshellmanager,True,1400068,19,talkDefault;noticeEvent,PopulaceLinkshellManager,NpcBaseClass,2221:populaceLinkshellManager,20,PopulaceLinkshellManager.eventTalkStep24:11;PopulaceLinkshellManager.eventTalkStep1:5;PopulaceLinkshellManager.eventTalkStep232:4;PopulaceLinkshellManager.updateGroupMemberRank:4;PopulaceLinkshellManager.eventTalkStep231:3;PopulaceLinkshellManager.eventTalkStep25:2;PopulaceLinkshellManager.initForEvent:1;PopulaceLinkshellManager.eventTalkStep11:1;PopulaceLinkshellManager.eventTalkStep21:1;PopulaceLinkshellManager.eventTalkStep22:1,linkshell;chara;populace
1217,1001183,/Chara/Npc/Populace/PopulaceLinkshellManager,chara/npc/populace/populacelinkshellmanager,True,1100126,19,talkDefault;noticeEvent,PopulaceLinkshellManager,NpcBaseClass,2221:populaceLinkshellManager,20,PopulaceLinkshellManager.eventTalkStep24:11;PopulaceLinkshellManager.eventTalkStep1:5;PopulaceLinkshellManager.eventTalkStep232:4;PopulaceLinkshellManager.updateGroupMemberRank:4;PopulaceLinkshellManager.eventTalkStep231:3;PopulaceLinkshellManager.eventTalkStep25:2;PopulaceLinkshellManager.initForEvent:1;PopulaceLinkshellManager.eventTalkStep11:1;PopulaceLinkshellManager.eventTalkStep21:1;PopulaceLinkshellManager.eventTalkStep22:1,linkshell;chara;populace
1218,1001184,/Chara/Npc/Populace/PopulaceRetainerManager,chara/npc/populace/populaceretainermanager,True,1000131,19,talkDefault;noticeEvent,PopulaceRetainerManager,NpcBaseClass,545:populaceRetainerManager,24,PopulaceRetainerManager.eventTalkStep1:9;PopulaceRetainerManager.eventTaklSelectCutSeane:7;PopulaceRetainerManager.eventTalkStep2:3;PopulaceRetainerManager.newEventTalkStep1:3;PopulaceRetainerManager.subRetainerExplainAsk:3;PopulaceRetainerManager.initForEvent:1;PopulaceRetainerManager.eventTalkStep11:1;PopulaceRetainerManager.eventTalkStep121:1;PopulaceRetainerManager.eventTalkStep13:1;PopulaceRetainerManager.eventTalkStep14:1,retainer;chara;populace
1405,1001371,/Chara/Npc/Populace/PopulaceGuildlevePublisher,chara/npc/populace/populaceguildlevepublisher,True,1400141,19,talkDefault;noticeEvent,PopulaceGuildlevePublisher,NpcBaseClass,339:populaceGuildlevePublisher,19,PopulaceGuildlevePublisher.eventTalkType:7;PopulaceGuildlevePublisher.eventTalkChangeOne:4;PopulaceGuildlevePublisher.eventTalkPack:3;PopulaceGuildlevePublisher.eventGLChangeDetail:3;PopulaceGuildlevePublisher.askRetryRegionalleve:2;PopulaceGuildlevePublisher.eventHistoryleveCannot:1,quest;chara;populace
1645,1001619,/Chara/Npc/Populace/PopulaceSpecialEventCryer,chara/npc/populace/populacespecialeventcryer,True,1600313,19,talkDefault;noticeEvent,PopulaceSpecialEventCryer,NpcBaseClass,6688:populaceSpecialEventCryer,6,PopulaceSpecialEventCryer.eventTalkCrystalExchange:13;PopulaceSpecialEventCryer.eventTalkStep0:7;PopulaceSpecialEventCryer.eventTalkNotGCmenber:4;PopulaceSpecialEventCryer.eventTalkCsOverflow:4;PopulaceSpecialEventCryer.eventTalkCrystalExchange2:4;PopulaceSpecialEventCryer.initForEvent:1,quest;chara;populace
1649,1001623,/Chara/Npc/Populace/PopulaceSpecialEventCryer,chara/npc/populace/populacespecialeventcryer,True,1900265,19,talkDefault;noticeEvent,PopulaceSpecialEventCryer,NpcBaseClass,6688:populaceSpecialEventCryer,6,PopulaceSpecialEventCryer.eventTalkCrystalExchange:13;PopulaceSpecialEventCryer.eventTalkStep0:7;PopulaceSpecialEventCryer.eventTalkNotGCmenber:4;PopulaceSpecialEventCryer.eventTalkCsOverflow:4;PopulaceSpecialEventCryer.eventTalkCrystalExchange2:4;PopulaceSpecialEventCryer.initForEvent:1,quest;chara;populace
1653,1001627,/Chara/Npc/Populace/PopulaceSpecialEventCryer,chara/npc/populace/populacespecialeventcryer,True,1400206,19,talkDefault;noticeEvent,PopulaceSpecialEventCryer,NpcBaseClass,6688:populaceSpecialEventCryer,6,PopulaceSpecialEventCryer.eventTalkCrystalExchange:13;PopulaceSpecialEventCryer.eventTalkStep0:7;PopulaceSpecialEventCryer.eventTalkNotGCmenber:4;PopulaceSpecialEventCryer.eventTalkCsOverflow:4;PopulaceSpecialEventCryer.eventTalkCrystalExchange2:4;PopulaceSpecialEventCryer.initForEvent:1,quest;chara;populace
2079,1002090,/Chara/Npc/Populace/InstanceRaidGuide/InstanceRaidGuide,chara/npc/populace/instanceraidguide/instanceraidguide,True,1000232,19,talkDefault;noticeEvent,InstanceRaidGuide,HasQuestGuideBaseClass,,1,,instance;chara;populace
2080,1002091,/Chara/Npc/Populace/InstanceRaidGuide/InstanceRaidGuide,chara/npc/populace/instanceraidguide/instanceraidguide,True,1300160,19,talkDefault;noticeEvent,InstanceRaidGuide,HasQuestGuideBaseClass,,1,,instance;chara;populace
2098,1002109,/Chara/Npc/Populace/PopulaceSpecialEventCryer,chara/npc/populace/populacespecialeventcryer,True,1900265,19,talkDefault;noticeEvent,PopulaceSpecialEventCryer,NpcBaseClass,6688:populaceSpecialEventCryer,6,PopulaceSpecialEventCryer.eventTalkCrystalExchange:13;PopulaceSpecialEventCryer.eventTalkStep0:7;PopulaceSpecialEventCryer.eventTalkNotGCmenber:4;PopulaceSpecialEventCryer.eventTalkCsOverflow:4;PopulaceSpecialEventCryer.eventTalkCrystalExchange2:4;PopulaceSpecialEventCryer.initForEvent:1,quest;chara;populace
2102,1002113,/Chara/Npc/Populace/PopulaceSpecialEventCryer,chara/npc/populace/populacespecialeventcryer,True,1400206,19,talkDefault;noticeEvent,PopulaceSpecialEventCryer,NpcBaseClass,6688:populaceSpecialEventCryer,6,PopulaceSpecialEventCryer.eventTalkCrystalExchange:13;PopulaceSpecialEventCryer.eventTalkStep0:7;PopulaceSpecialEventCryer.eventTalkNotGCmenber:4;PopulaceSpecialEventCryer.eventTalkCsOverflow:4;PopulaceSpecialEventCryer.eventTalkCrystalExchange2:4;PopulaceSpecialEventCryer.initForEvent:1,quest;chara;populace
2123,1060022,/Chara/Npc/Populace/InstanceRaidGuide/InstanceRaidGuide,chara/npc/populace/instanceraidguide/instanceraidguide,True,2700013,19,talkDefault;noticeEvent,InstanceRaidGuide,HasQuestGuideBaseClass,,1,,instance;chara;populace
2376,1080120,/Chara/Npc/Populace/PopulaceCutScenePlayer,chara/npc/populace/populacecutsceneplayer,True,4010013,19,talkDefault;noticeEvent,PopulaceCutScenePlayer,NpcBaseClass,9984:populaceCutScenePlayer,6,PopulaceCutScenePlayer.processCutScenePlay:8;PopulaceCutScenePlayer.processClientTalkEvent:5;PopulaceCutScenePlayer._onTalkEvent:3;PopulaceCutScenePlayer.initForEvent:1,cutscene;chara;populace
3040,1200027,/Chara/Npc/Object/RetainerFurniture,chara/npc/object/retainerfurniture,True,0,1,talkDefault;pushCommand;noticeEvent;pushCommandIn;pushCommandOut,RetainerFurniture,NpcBaseClass,,15,RetainerFurniture.eventTalkRetainerItemTrade:7;RetainerFurniture.eventTalkRetainerMenu:3;RetainerFurniture.eventTalkRetainerDismissal:3;RetainerFurniture.eventTalkRetainerItemList:3;RetainerFurniture.eventPushRetainerCallCaution:2;RetainerFurniture.eventRingBell:2;RetainerFurniture.eventTalkRetainerMannequin:2;RetainerFurniture.eventReturnResult:2;RetainerFurniture.eventTalkFinish:2;RetainerFurniture.eventPlayerTurn:2,retainer;chara;object
3053,1200040,/Chara/Npc/Object/GuildleveWarpPoint,chara/npc/object/guildlevewarppoint,True,4010016,3,talkDefault;pushCommand;noticeEvent;pushCommandIn;pushCommandOut,GuildleveWarpPoint,NpcBaseClass,10:guildleveWarpPoint,10,GuildleveWarpPoint.eventTalkGuildleveWarp:2;GuildleveWarpPoint.initForEvent:1,quest;chara;object
3174,1200161,/Chara/Npc/Object/GuildleveBonusTreasureBox,chara/npc/object/guildlevebonustreasurebox,True,2,0,talkDefault;noticeEvent,GuildleveBonusTreasureBox,NpcBaseClass,,3,,quest;chara;object
3208,1200200,/Chara/Npc/Object/RaidDungeonBarrier,chara/npc/object/raiddungeonbarrier,True,0,19,talkDefault;noticeEvent,RaidDungeonBarrier,NpcBaseClass,6829:raidDungeonBarrier,3,RaidDungeonBarrier.initForEvent:1;RaidDungeonBarrier.eventTalkRead:1;RaidDungeonBarrier.askYesNo:1,instance;chara;object
3209,1200201,/Chara/Npc/Object/RaidDungeonBarrier,chara/npc/object/raiddungeonbarrier,True,0,19,talkDefault;noticeEvent,RaidDungeonBarrier,NpcBaseClass,6829:raidDungeonBarrier,3,RaidDungeonBarrier.initForEvent:1;RaidDungeonBarrier.eventTalkRead:1;RaidDungeonBarrier.askYesNo:1,instance;chara;object
3210,1200202,/Chara/Npc/Object/RaidDungeonBarrier,chara/npc/object/raiddungeonbarrier,True,0,19,talkDefault;noticeEvent,RaidDungeonBarrier,NpcBaseClass,6829:raidDungeonBarrier,3,RaidDungeonBarrier.initForEvent:1;RaidDungeonBarrier.eventTalkRead:1;RaidDungeonBarrier.askYesNo:1,instance;chara;object
3211,1200203,/Chara/Npc/Object/RaidDungeonBarrier,chara/npc/object/raiddungeonbarrier,True,0,19,talkDefault;noticeEvent,RaidDungeonBarrier,NpcBaseClass,6829:raidDungeonBarrier,3,RaidDungeonBarrier.initForEvent:1;RaidDungeonBarrier.eventTalkRead:1;RaidDungeonBarrier.askYesNo:1,instance;chara;object
3212,1200204,/Chara/Npc/Object/RaidDungeonBarrier,chara/npc/object/raiddungeonbarrier,True,0,19,talkDefault;noticeEvent,RaidDungeonBarrier,NpcBaseClass,6829:raidDungeonBarrier,3,RaidDungeonBarrier.initForEvent:1;RaidDungeonBarrier.eventTalkRead:1;RaidDungeonBarrier.askYesNo:1,instance;chara;object
3213,1200205,/Chara/Npc/Object/RaidDungeonBarrier,chara/npc/object/raiddungeonbarrier,True,0,19,talkDefault;noticeEvent,RaidDungeonBarrier,NpcBaseClass,6829:raidDungeonBarrier,3,RaidDungeonBarrier.initForEvent:1;RaidDungeonBarrier.eventTalkRead:1;RaidDungeonBarrier.askYesNo:1,instance;chara;object
3214,1200206,/Chara/Npc/Object/RaidDungeonBarrier,chara/npc/object/raiddungeonbarrier,True,0,19,talkDefault;noticeEvent,RaidDungeonBarrier,NpcBaseClass,6829:raidDungeonBarrier,3,RaidDungeonBarrier.initForEvent:1;RaidDungeonBarrier.eventTalkRead:1;RaidDungeonBarrier.askYesNo:1,instance;chara;object
3215,1200207,/Chara/Npc/Object/RaidDungeonBarrier,chara/npc/object/raiddungeonbarrier,True,0,19,talkDefault;noticeEvent,RaidDungeonBarrier,NpcBaseClass,6829:raidDungeonBarrier,3,RaidDungeonBarrier.initForEvent:1;RaidDungeonBarrier.eventTalkRead:1;RaidDungeonBarrier.askYesNo:1,instance;chara;object
3216,1200208,/Chara/Npc/Object/RaidDungeonBarrier,chara/npc/object/raiddungeonbarrier,True,0,19,talkDefault;noticeEvent,RaidDungeonBarrier,NpcBaseClass,6829:raidDungeonBarrier,3,RaidDungeonBarrier.initForEvent:1;RaidDungeonBarrier.eventTalkRead:1;RaidDungeonBarrier.askYesNo:1,instance;chara;object
3234,1200226,/Chara/Npc/Object/RaidDungeonLight,chara/npc/object/raiddungeonlight,True,0,19,talkDefault;noticeEvent,RaidDungeonLight,NpcBaseClass,6813:raidDungeonLight,3,RaidDungeonLight.initForEvent:1;RaidDungeonLight.askYesNo:1,instance;chara;object
3235,1200227,/Chara/Npc/Object/RaidDungeonPoster,chara/npc/object/raiddungeonposter,True,0,19,talkDefault;noticeEvent,RaidDungeonPoster,NpcBaseClass,6753:raidDungeonPoster,2,RaidDungeonPoster.eventTalkRead:3;RaidDungeonPoster.initForEvent:1,instance;chara;object
3236,1200228,/Chara/Npc/Object/RaidDungeonBarrier,chara/npc/object/raiddungeonbarrier,True,0,19,talkDefault;noticeEvent,RaidDungeonBarrier,NpcBaseClass,6829:raidDungeonBarrier,3,RaidDungeonBarrier.initForEvent:1;RaidDungeonBarrier.eventTalkRead:1;RaidDungeonBarrier.askYesNo:1,instance;chara;object
3538,1290001,/Chara/Npc/Object/PrivateAreaPastExit,chara/npc/object/privateareapastexit,True,0,1,noticeEvent;exit;caution,PrivateAreaPastExit,NpcBaseClass,,2,,instance;chara;object
3539,1290002,/Chara/Npc/Object/PrivateAreaPastExit,chara/npc/object/privateareapastexit,True,0,1,noticeEvent;exit;caution,PrivateAreaPastExit,NpcBaseClass,,2,,instance;chara;object
3540,1290003,/Chara/Npc/Object/PrivateAreaPastExit,chara/npc/object/privateareapastexit,True,0,1,noticeEvent;exit;caution,PrivateAreaPastExit,NpcBaseClass,,2,,instance;chara;object
3541,1290004,/Chara/Npc/Object/PrivateAreaPastExit,chara/npc/object/privateareapastexit,True,0,1,noticeEvent;exit;caution,PrivateAreaPastExit,NpcBaseClass,,2,,instance;chara;object
3571,1500001,/Chara/Npc/Populace/PopulaceGuildlevePublisher,chara/npc/populace/populaceguildlevepublisher,True,1200001,19,talkDefault;noticeEvent,PopulaceGuildlevePublisher,NpcBaseClass,339:populaceGuildlevePublisher,19,PopulaceGuildlevePublisher.eventTalkType:7;PopulaceGuildlevePublisher.eventTalkChangeOne:4;PopulaceGuildlevePublisher.eventTalkPack:3;PopulaceGuildlevePublisher.eventGLChangeDetail:3;PopulaceGuildlevePublisher.askRetryRegionalleve:2;PopulaceGuildlevePublisher.eventHistoryleveCannot:1,quest;chara;populace
3583,1500013,/Chara/Npc/Populace/PopulaceRequestWarden,chara/npc/populace/populacerequestwarden,True,4000171,19,talkDefault;noticeEvent,PopulaceRequestWarden,NpcBaseClass,1355:populaceRequestWarden,20,PopulaceRequestWarden.eventTalkRequestJoin:5;PopulaceRequestWarden.eventTalkRequestCancel:4;PopulaceRequestWarden.eventTalkStopForTimer:2;PopulaceRequestWarden.eventTalkRequestGiveUp:2;PopulaceRequestWarden.eventTalkStep14:2;PopulaceRequestWarden.eventTalkRequestEnd:2;PopulaceRequestWarden.eventTalkStep22:2;PopulaceRequestWarden.eventTalkStep24:2;PopulaceRequestWarden.initForEvent:1;PopulaceRequestWarden.eventTalkStep01:1,quest;chara;populace
3584,1500014,/Chara/Npc/Populace/PopulaceRequestWarden,chara/npc/populace/populacerequestwarden,True,4000172,19,talkDefault;noticeEvent,PopulaceRequestWarden,NpcBaseClass,1355:populaceRequestWarden,20,PopulaceRequestWarden.eventTalkRequestJoin:5;PopulaceRequestWarden.eventTalkRequestCancel:4;PopulaceRequestWarden.eventTalkStopForTimer:2;PopulaceRequestWarden.eventTalkRequestGiveUp:2;PopulaceRequestWarden.eventTalkStep14:2;PopulaceRequestWarden.eventTalkRequestEnd:2;PopulaceRequestWarden.eventTalkStep22:2;PopulaceRequestWarden.eventTalkStep24:2;PopulaceRequestWarden.initForEvent:1;PopulaceRequestWarden.eventTalkStep01:1,quest;chara;populace
3585,1500015,/Chara/Npc/Populace/PopulaceRequestWarden,chara/npc/populace/populacerequestwarden,True,4000173,19,talkDefault;noticeEvent,PopulaceRequestWarden,NpcBaseClass,1355:populaceRequestWarden,20,PopulaceRequestWarden.eventTalkRequestJoin:5;PopulaceRequestWarden.eventTalkRequestCancel:4;PopulaceRequestWarden.eventTalkStopForTimer:2;PopulaceRequestWarden.eventTalkRequestGiveUp:2;PopulaceRequestWarden.eventTalkStep14:2;PopulaceRequestWarden.eventTalkRequestEnd:2;PopulaceRequestWarden.eventTalkStep22:2;PopulaceRequestWarden.eventTalkStep24:2;PopulaceRequestWarden.initForEvent:1;PopulaceRequestWarden.eventTalkStep01:1,quest;chara;populace
3586,1500016,/Chara/Npc/Populace/PopulaceRequestWarden,chara/npc/populace/populacerequestwarden,True,4000174,19,talkDefault;noticeEvent,PopulaceRequestWarden,NpcBaseClass,1355:populaceRequestWarden,20,PopulaceRequestWarden.eventTalkRequestJoin:5;PopulaceRequestWarden.eventTalkRequestCancel:4;PopulaceRequestWarden.eventTalkStopForTimer:2;PopulaceRequestWarden.eventTalkRequestGiveUp:2;PopulaceRequestWarden.eventTalkStep14:2;PopulaceRequestWarden.eventTalkRequestEnd:2;PopulaceRequestWarden.eventTalkStep22:2;PopulaceRequestWarden.eventTalkStep24:2;PopulaceRequestWarden.initForEvent:1;PopulaceRequestWarden.eventTalkStep01:1,quest;chara;populace
3587,1500017,/Chara/Npc/Populace/PopulaceRequestWarden,chara/npc/populace/populacerequestwarden,True,4000175,19,talkDefault;noticeEvent,PopulaceRequestWarden,NpcBaseClass,1355:populaceRequestWarden,20,PopulaceRequestWarden.eventTalkRequestJoin:5;PopulaceRequestWarden.eventTalkRequestCancel:4;PopulaceRequestWarden.eventTalkStopForTimer:2;PopulaceRequestWarden.eventTalkRequestGiveUp:2;PopulaceRequestWarden.eventTalkStep14:2;PopulaceRequestWarden.eventTalkRequestEnd:2;PopulaceRequestWarden.eventTalkStep22:2;PopulaceRequestWarden.eventTalkStep24:2;PopulaceRequestWarden.initForEvent:1;PopulaceRequestWarden.eventTalkStep01:1,quest;chara;populace
3588,1500018,/Chara/Npc/Populace/PopulaceRequestWarden,chara/npc/populace/populacerequestwarden,True,4000176,19,talkDefault;noticeEvent,PopulaceRequestWarden,NpcBaseClass,1355:populaceRequestWarden,20,PopulaceRequestWarden.eventTalkRequestJoin:5;PopulaceRequestWarden.eventTalkRequestCancel:4;PopulaceRequestWarden.eventTalkStopForTimer:2;PopulaceRequestWarden.eventTalkRequestGiveUp:2;PopulaceRequestWarden.eventTalkStep14:2;PopulaceRequestWarden.eventTalkRequestEnd:2;PopulaceRequestWarden.eventTalkStep22:2;PopulaceRequestWarden.eventTalkStep24:2;PopulaceRequestWarden.initForEvent:1;PopulaceRequestWarden.eventTalkStep01:1,quest;chara;populace
3589,1500019,/Chara/Npc/Populace/PopulaceRequestWarden,chara/npc/populace/populacerequestwarden,True,4000177,19,talkDefault;noticeEvent,PopulaceRequestWarden,NpcBaseClass,1355:populaceRequestWarden,20,PopulaceRequestWarden.eventTalkRequestJoin:5;PopulaceRequestWarden.eventTalkRequestCancel:4;PopulaceRequestWarden.eventTalkStopForTimer:2;PopulaceRequestWarden.eventTalkRequestGiveUp:2;PopulaceRequestWarden.eventTalkStep14:2;PopulaceRequestWarden.eventTalkRequestEnd:2;PopulaceRequestWarden.eventTalkStep22:2;PopulaceRequestWarden.eventTalkStep24:2;PopulaceRequestWarden.initForEvent:1;PopulaceRequestWarden.eventTalkStep01:1,quest;chara;populace
3590,1500020,/Chara/Npc/Populace/PopulaceRequestWarden,chara/npc/populace/populacerequestwarden,True,4000178,19,talkDefault;noticeEvent,PopulaceRequestWarden,NpcBaseClass,1355:populaceRequestWarden,20,PopulaceRequestWarden.eventTalkRequestJoin:5;PopulaceRequestWarden.eventTalkRequestCancel:4;PopulaceRequestWarden.eventTalkStopForTimer:2;PopulaceRequestWarden.eventTalkRequestGiveUp:2;PopulaceRequestWarden.eventTalkStep14:2;PopulaceRequestWarden.eventTalkRequestEnd:2;PopulaceRequestWarden.eventTalkStep22:2;PopulaceRequestWarden.eventTalkStep24:2;PopulaceRequestWarden.initForEvent:1;PopulaceRequestWarden.eventTalkStep01:1,quest;chara;populace
3591,1500021,/Chara/Npc/Populace/PopulaceRequestWarden,chara/npc/populace/populacerequestwarden,True,4000179,19,talkDefault;noticeEvent,PopulaceRequestWarden,NpcBaseClass,1355:populaceRequestWarden,20,PopulaceRequestWarden.eventTalkRequestJoin:5;PopulaceRequestWarden.eventTalkRequestCancel:4;PopulaceRequestWarden.eventTalkStopForTimer:2;PopulaceRequestWarden.eventTalkRequestGiveUp:2;PopulaceRequestWarden.eventTalkStep14:2;PopulaceRequestWarden.eventTalkRequestEnd:2;PopulaceRequestWarden.eventTalkStep22:2;PopulaceRequestWarden.eventTalkStep24:2;PopulaceRequestWarden.initForEvent:1;PopulaceRequestWarden.eventTalkStep01:1,quest;chara;populace
3592,1500022,/Chara/Npc/Populace/PopulaceRequestWarden,chara/npc/populace/populacerequestwarden,True,4000180,19,talkDefault;noticeEvent,PopulaceRequestWarden,NpcBaseClass,1355:populaceRequestWarden,20,PopulaceRequestWarden.eventTalkRequestJoin:5;PopulaceRequestWarden.eventTalkRequestCancel:4;PopulaceRequestWarden.eventTalkStopForTimer:2;PopulaceRequestWarden.eventTalkRequestGiveUp:2;PopulaceRequestWarden.eventTalkStep14:2;PopulaceRequestWarden.eventTalkRequestEnd:2;PopulaceRequestWarden.eventTalkStep22:2;PopulaceRequestWarden.eventTalkStep24:2;PopulaceRequestWarden.initForEvent:1;PopulaceRequestWarden.eventTalkStep01:1,quest;chara;populace
3593,1500023,/Chara/Npc/Populace/PopulaceRequestWarden,chara/npc/populace/populacerequestwarden,True,4000581,19,talkDefault;noticeEvent,PopulaceRequestWarden,NpcBaseClass,1355:populaceRequestWarden,20,PopulaceRequestWarden.eventTalkRequestJoin:5;PopulaceRequestWarden.eventTalkRequestCancel:4;PopulaceRequestWarden.eventTalkStopForTimer:2;PopulaceRequestWarden.eventTalkRequestGiveUp:2;PopulaceRequestWarden.eventTalkStep14:2;PopulaceRequestWarden.eventTalkRequestEnd:2;PopulaceRequestWarden.eventTalkStep22:2;PopulaceRequestWarden.eventTalkStep24:2;PopulaceRequestWarden.initForEvent:1;PopulaceRequestWarden.eventTalkStep01:1,quest;chara;populace
3594,1500024,/Chara/Npc/Populace/PopulaceRequestWarden,chara/npc/populace/populacerequestwarden,True,4000582,19,talkDefault;noticeEvent,PopulaceRequestWarden,NpcBaseClass,1355:populaceRequestWarden,20,PopulaceRequestWarden.eventTalkRequestJoin:5;PopulaceRequestWarden.eventTalkRequestCancel:4;PopulaceRequestWarden.eventTalkStopForTimer:2;PopulaceRequestWarden.eventTalkRequestGiveUp:2;PopulaceRequestWarden.eventTalkStep14:2;PopulaceRequestWarden.eventTalkRequestEnd:2;PopulaceRequestWarden.eventTalkStep22:2;PopulaceRequestWarden.eventTalkStep24:2;PopulaceRequestWarden.initForEvent:1;PopulaceRequestWarden.eventTalkStep01:1,quest;chara;populace
3595,1500025,/Chara/Npc/Populace/PopulaceRequestWarden,chara/npc/populace/populacerequestwarden,True,4000583,19,talkDefault;noticeEvent,PopulaceRequestWarden,NpcBaseClass,1355:populaceRequestWarden,20,PopulaceRequestWarden.eventTalkRequestJoin:5;PopulaceRequestWarden.eventTalkRequestCancel:4;PopulaceRequestWarden.eventTalkStopForTimer:2;PopulaceRequestWarden.eventTalkRequestGiveUp:2;PopulaceRequestWarden.eventTalkStep14:2;PopulaceRequestWarden.eventTalkRequestEnd:2;PopulaceRequestWarden.eventTalkStep22:2;PopulaceRequestWarden.eventTalkStep24:2;PopulaceRequestWarden.initForEvent:1;PopulaceRequestWarden.eventTalkStep01:1,quest;chara;populace
3597,1500027,/Chara/Npc/Populace/PopulaceRequestWarden,chara/npc/populace/populacerequestwarden,True,4000584,19,talkDefault;noticeEvent,PopulaceRequestWarden,NpcBaseClass,1355:populaceRequestWarden,20,PopulaceRequestWarden.eventTalkRequestJoin:5;PopulaceRequestWarden.eventTalkRequestCancel:4;PopulaceRequestWarden.eventTalkStopForTimer:2;PopulaceRequestWarden.eventTalkRequestGiveUp:2;PopulaceRequestWarden.eventTalkStep14:2;PopulaceRequestWarden.eventTalkRequestEnd:2;PopulaceRequestWarden.eventTalkStep22:2;PopulaceRequestWarden.eventTalkStep24:2;PopulaceRequestWarden.initForEvent:1;PopulaceRequestWarden.eventTalkStep01:1,quest;chara;populace
3598,1500028,/Chara/Npc/Populace/PopulaceRequestWarden,chara/npc/populace/populacerequestwarden,True,4000585,19,talkDefault;noticeEvent,PopulaceRequestWarden,NpcBaseClass,1355:populaceRequestWarden,20,PopulaceRequestWarden.eventTalkRequestJoin:5;PopulaceRequestWarden.eventTalkRequestCancel:4;PopulaceRequestWarden.eventTalkStopForTimer:2;PopulaceRequestWarden.eventTalkRequestGiveUp:2;PopulaceRequestWarden.eventTalkStep14:2;PopulaceRequestWarden.eventTalkRequestEnd:2;PopulaceRequestWarden.eventTalkStep22:2;PopulaceRequestWarden.eventTalkStep24:2;PopulaceRequestWarden.initForEvent:1;PopulaceRequestWarden.eventTalkStep01:1,quest;chara;populace
3599,1500029,/Chara/Npc/Populace/PopulaceRequestWarden,chara/npc/populace/populacerequestwarden,True,4000586,19,talkDefault;noticeEvent,PopulaceRequestWarden,NpcBaseClass,1355:populaceRequestWarden,20,PopulaceRequestWarden.eventTalkRequestJoin:5;PopulaceRequestWarden.eventTalkRequestCancel:4;PopulaceRequestWarden.eventTalkStopForTimer:2;PopulaceRequestWarden.eventTalkRequestGiveUp:2;PopulaceRequestWarden.eventTalkStep14:2;PopulaceRequestWarden.eventTalkRequestEnd:2;PopulaceRequestWarden.eventTalkStep22:2;PopulaceRequestWarden.eventTalkStep24:2;PopulaceRequestWarden.initForEvent:1;PopulaceRequestWarden.eventTalkStep01:1,quest;chara;populace
3601,1500031,/Chara/Npc/Populace/PopulaceRequestWarden,chara/npc/populace/populacerequestwarden,True,4000587,19,talkDefault;noticeEvent,PopulaceRequestWarden,NpcBaseClass,1355:populaceRequestWarden,20,PopulaceRequestWarden.eventTalkRequestJoin:5;PopulaceRequestWarden.eventTalkRequestCancel:4;PopulaceRequestWarden.eventTalkStopForTimer:2;PopulaceRequestWarden.eventTalkRequestGiveUp:2;PopulaceRequestWarden.eventTalkStep14:2;PopulaceRequestWarden.eventTalkRequestEnd:2;PopulaceRequestWarden.eventTalkStep22:2;PopulaceRequestWarden.eventTalkStep24:2;PopulaceRequestWarden.initForEvent:1;PopulaceRequestWarden.eventTalkStep01:1,quest;chara;populace
3604,1500034,/Chara/Npc/Populace/PopulaceRequestWarden,chara/npc/populace/populacerequestwarden,True,4000588,19,talkDefault;noticeEvent,PopulaceRequestWarden,NpcBaseClass,1355:populaceRequestWarden,20,PopulaceRequestWarden.eventTalkRequestJoin:5;PopulaceRequestWarden.eventTalkRequestCancel:4;PopulaceRequestWarden.eventTalkStopForTimer:2;PopulaceRequestWarden.eventTalkRequestGiveUp:2;PopulaceRequestWarden.eventTalkStep14:2;PopulaceRequestWarden.eventTalkRequestEnd:2;PopulaceRequestWarden.eventTalkStep22:2;PopulaceRequestWarden.eventTalkStep24:2;PopulaceRequestWarden.initForEvent:1;PopulaceRequestWarden.eventTalkStep01:1,quest;chara;populace
3605,1500035,/Chara/Npc/Populace/PopulaceRequestWarden,chara/npc/populace/populacerequestwarden,True,4000589,19,talkDefault;noticeEvent,PopulaceRequestWarden,NpcBaseClass,1355:populaceRequestWarden,20,PopulaceRequestWarden.eventTalkRequestJoin:5;PopulaceRequestWarden.eventTalkRequestCancel:4;PopulaceRequestWarden.eventTalkStopForTimer:2;PopulaceRequestWarden.eventTalkRequestGiveUp:2;PopulaceRequestWarden.eventTalkStep14:2;PopulaceRequestWarden.eventTalkRequestEnd:2;PopulaceRequestWarden.eventTalkStep22:2;PopulaceRequestWarden.eventTalkStep24:2;PopulaceRequestWarden.initForEvent:1;PopulaceRequestWarden.eventTalkStep01:1,quest;chara;populace
3606,1500036,/Chara/Npc/Populace/PopulaceRequestWarden,chara/npc/populace/populacerequestwarden,True,4000590,19,talkDefault;noticeEvent,PopulaceRequestWarden,NpcBaseClass,1355:populaceRequestWarden,20,PopulaceRequestWarden.eventTalkRequestJoin:5;PopulaceRequestWarden.eventTalkRequestCancel:4;PopulaceRequestWarden.eventTalkStopForTimer:2;PopulaceRequestWarden.eventTalkRequestGiveUp:2;PopulaceRequestWarden.eventTalkStep14:2;PopulaceRequestWarden.eventTalkRequestEnd:2;PopulaceRequestWarden.eventTalkStep22:2;PopulaceRequestWarden.eventTalkStep24:2;PopulaceRequestWarden.initForEvent:1;PopulaceRequestWarden.eventTalkStep01:1,quest;chara;populace
3608,1500038,/Chara/Npc/Populace/PopulaceRequestWarden,chara/npc/populace/populacerequestwarden,True,4000591,19,talkDefault;noticeEvent,PopulaceRequestWarden,NpcBaseClass,1355:populaceRequestWarden,20,PopulaceRequestWarden.eventTalkRequestJoin:5;PopulaceRequestWarden.eventTalkRequestCancel:4;PopulaceRequestWarden.eventTalkStopForTimer:2;PopulaceRequestWarden.eventTalkRequestGiveUp:2;PopulaceRequestWarden.eventTalkStep14:2;PopulaceRequestWarden.eventTalkRequestEnd:2;PopulaceRequestWarden.eventTalkStep22:2;PopulaceRequestWarden.eventTalkStep24:2;PopulaceRequestWarden.initForEvent:1;PopulaceRequestWarden.eventTalkStep01:1,quest;chara;populace
3609,1500039,/Chara/Npc/Populace/PopulaceRequestWarden,chara/npc/populace/populacerequestwarden,True,4000592,19,talkDefault;noticeEvent,PopulaceRequestWarden,NpcBaseClass,1355:populaceRequestWarden,20,PopulaceRequestWarden.eventTalkRequestJoin:5;PopulaceRequestWarden.eventTalkRequestCancel:4;PopulaceRequestWarden.eventTalkStopForTimer:2;PopulaceRequestWarden.eventTalkRequestGiveUp:2;PopulaceRequestWarden.eventTalkStep14:2;PopulaceRequestWarden.eventTalkRequestEnd:2;PopulaceRequestWarden.eventTalkStep22:2;PopulaceRequestWarden.eventTalkStep24:2;PopulaceRequestWarden.initForEvent:1;PopulaceRequestWarden.eventTalkStep01:1,quest;chara;populace
3610,1500040,/Chara/Npc/Populace/PopulaceRequestWarden,chara/npc/populace/populacerequestwarden,True,4000593,19,talkDefault;noticeEvent,PopulaceRequestWarden,NpcBaseClass,1355:populaceRequestWarden,20,PopulaceRequestWarden.eventTalkRequestJoin:5;PopulaceRequestWarden.eventTalkRequestCancel:4;PopulaceRequestWarden.eventTalkStopForTimer:2;PopulaceRequestWarden.eventTalkRequestGiveUp:2;PopulaceRequestWarden.eventTalkStep14:2;PopulaceRequestWarden.eventTalkRequestEnd:2;PopulaceRequestWarden.eventTalkStep22:2;PopulaceRequestWarden.eventTalkStep24:2;PopulaceRequestWarden.initForEvent:1;PopulaceRequestWarden.eventTalkStep01:1,quest;chara;populace
3612,1500042,/Chara/Npc/Populace/PopulaceRequestWarden,chara/npc/populace/populacerequestwarden,True,4000181,19,talkDefault;noticeEvent,PopulaceRequestWarden,NpcBaseClass,1355:populaceRequestWarden,20,PopulaceRequestWarden.eventTalkRequestJoin:5;PopulaceRequestWarden.eventTalkRequestCancel:4;PopulaceRequestWarden.eventTalkStopForTimer:2;PopulaceRequestWarden.eventTalkRequestGiveUp:2;PopulaceRequestWarden.eventTalkStep14:2;PopulaceRequestWarden.eventTalkRequestEnd:2;PopulaceRequestWarden.eventTalkStep22:2;PopulaceRequestWarden.eventTalkStep24:2;PopulaceRequestWarden.initForEvent:1;PopulaceRequestWarden.eventTalkStep01:1,quest;chara;populace
3613,1500043,/Chara/Npc/Populace/PopulaceRequestWarden,chara/npc/populace/populacerequestwarden,True,4000182,19,talkDefault;noticeEvent,PopulaceRequestWarden,NpcBaseClass,1355:populaceRequestWarden,20,PopulaceRequestWarden.eventTalkRequestJoin:5;PopulaceRequestWarden.eventTalkRequestCancel:4;PopulaceRequestWarden.eventTalkStopForTimer:2;PopulaceRequestWarden.eventTalkRequestGiveUp:2;PopulaceRequestWarden.eventTalkStep14:2;PopulaceRequestWarden.eventTalkRequestEnd:2;PopulaceRequestWarden.eventTalkStep22:2;PopulaceRequestWarden.eventTalkStep24:2;PopulaceRequestWarden.initForEvent:1;PopulaceRequestWarden.eventTalkStep01:1,quest;chara;populace
3614,1500044,/Chara/Npc/Populace/PopulaceRequestWarden,chara/npc/populace/populacerequestwarden,True,4000183,19,talkDefault;noticeEvent,PopulaceRequestWarden,NpcBaseClass,1355:populaceRequestWarden,20,PopulaceRequestWarden.eventTalkRequestJoin:5;PopulaceRequestWarden.eventTalkRequestCancel:4;PopulaceRequestWarden.eventTalkStopForTimer:2;PopulaceRequestWarden.eventTalkRequestGiveUp:2;PopulaceRequestWarden.eventTalkStep14:2;PopulaceRequestWarden.eventTalkRequestEnd:2;PopulaceRequestWarden.eventTalkStep22:2;PopulaceRequestWarden.eventTalkStep24:2;PopulaceRequestWarden.initForEvent:1;PopulaceRequestWarden.eventTalkStep01:1,quest;chara;populace
3622,1500052,/Chara/Npc/Populace/PopulaceRequestWarden,chara/npc/populace/populacerequestwarden,True,4000184,0,,PopulaceRequestWarden,NpcBaseClass,1355:populaceRequestWarden,20,PopulaceRequestWarden.eventTalkRequestJoin:5;PopulaceRequestWarden.eventTalkRequestCancel:4;PopulaceRequestWarden.eventTalkStopForTimer:2;PopulaceRequestWarden.eventTalkRequestGiveUp:2;PopulaceRequestWarden.eventTalkStep14:2;PopulaceRequestWarden.eventTalkRequestEnd:2;PopulaceRequestWarden.eventTalkStep22:2;PopulaceRequestWarden.eventTalkStep24:2;PopulaceRequestWarden.initForEvent:1;PopulaceRequestWarden.eventTalkStep01:1,quest;chara;populace
3623,1500053,/Chara/Npc/Populace/PopulaceRequestWarden,chara/npc/populace/populacerequestwarden,True,4000185,0,,PopulaceRequestWarden,NpcBaseClass,1355:populaceRequestWarden,20,PopulaceRequestWarden.eventTalkRequestJoin:5;PopulaceRequestWarden.eventTalkRequestCancel:4;PopulaceRequestWarden.eventTalkStopForTimer:2;PopulaceRequestWarden.eventTalkRequestGiveUp:2;PopulaceRequestWarden.eventTalkStep14:2;PopulaceRequestWarden.eventTalkRequestEnd:2;PopulaceRequestWarden.eventTalkStep22:2;PopulaceRequestWarden.eventTalkStep24:2;PopulaceRequestWarden.initForEvent:1;PopulaceRequestWarden.eventTalkStep01:1,quest;chara;populace
4581,2102219,/Chara/Npc/Monster/Scalelizard/ScalelizardThunderQuestDrg0j6,chara/npc/monster/scalelizard/scalelizardthunderquestdrg0j6,True,3102224,23,noticeEvent,ScalelizardThunderQuestDrg0j6,ScalelizardBaseClass,,0,,quest;chara;monster
5303,2107619,/Chara/Npc/Monster/Crab/CrabNormalPublicDungeonNM01,chara/npc/monster/crab/crabnormalpublicdungeonnm01,True,3107618,23,noticeEvent,CrabNormalPublicDungeonNM01,CrabBaseClass,,0,,instance;chara;monster
5607,2200205,/Chara/Npc/Monster/Raptor/RaptorForestQuestCom0u1,chara/npc/monster/raptor/raptorforestquestcom0u1,True,3200205,23,noticeEvent,RaptorForestQuestCom0u1,RaptorBaseClass,,0,,quest;chara;monster
5658,2200708,/Chara/Npc/Monster/Basilisk/BasiliskLesserQuestCom0l1,chara/npc/monster/basilisk/basilisklesserquestcom0l1,True,3200708,23,noticeEvent,BasiliskLesserQuestCom0l1,BasiliskBaseClass,,0,,quest;chara;monster
5815,2202206,/Chara/Npc/Monster/Scalelizard/ScalelizardFireQuestCom0g1,chara/npc/monster/scalelizard/scalelizardfirequestcom0g1,True,3202206,23,noticeEvent,ScalelizardFireQuestCom0g1,ScalelizardBaseClass,,0,,quest;chara;monster
5891,2203203,/Chara/Npc/Monster/Coeurl/CoeurlLesserPublicDungeonNM01,chara/npc/monster/coeurl/coeurllesserpublicdungeonnm01,True,3203203,23,noticeEvent,CoeurlLesserPublicDungeonNM01,CoeurlBaseClass,,0,,instance;chara;monster
6860,3001101,/Chara/Npc/Retainer/OrdinaryRetainer,chara/npc/retainer/ordinaryretainer,True,1000049,19,talkDefault;noticeEvent;outChara,OrdinaryRetainer,RetainerBaseClass,319:ordinaryRetainer,12,OrdinaryRetainer.eventTalkRetainerItemTrade:8;OrdinaryRetainer.eventTalkRetainerMenu:3;OrdinaryRetainer.eventTalkRetainerItemList:3;OrdinaryRetainer.checkRetainerMeetingGroupClient:2;OrdinaryRetainer.eventTalkRetainerDismissal:2;OrdinaryRetainer.eventTalkRetainerMannequin:2;OrdinaryRetainer.eventReturnResult:2;OrdinaryRetainer.eventPlayerTurn:2;OrdinaryRetainer._onInit:1;OrdinaryRetainer.eventTalkRetainerOther:1,retainer;chara
6861,3001102,/Chara/Npc/Retainer/OrdinaryRetainer,chara/npc/retainer/ordinaryretainer,True,1000119,19,,OrdinaryRetainer,RetainerBaseClass,319:ordinaryRetainer,12,OrdinaryRetainer.eventTalkRetainerItemTrade:8;OrdinaryRetainer.eventTalkRetainerMenu:3;OrdinaryRetainer.eventTalkRetainerItemList:3;OrdinaryRetainer.checkRetainerMeetingGroupClient:2;OrdinaryRetainer.eventTalkRetainerDismissal:2;OrdinaryRetainer.eventTalkRetainerMannequin:2;OrdinaryRetainer.eventReturnResult:2;OrdinaryRetainer.eventPlayerTurn:2;OrdinaryRetainer._onInit:1;OrdinaryRetainer.eventTalkRetainerOther:1,retainer;chara
6862,3001103,/Chara/Npc/Retainer/OrdinaryRetainer,chara/npc/retainer/ordinaryretainer,True,1000198,19,,OrdinaryRetainer,RetainerBaseClass,319:ordinaryRetainer,12,OrdinaryRetainer.eventTalkRetainerItemTrade:8;OrdinaryRetainer.eventTalkRetainerMenu:3;OrdinaryRetainer.eventTalkRetainerItemList:3;OrdinaryRetainer.checkRetainerMeetingGroupClient:2;OrdinaryRetainer.eventTalkRetainerDismissal:2;OrdinaryRetainer.eventTalkRetainerMannequin:2;OrdinaryRetainer.eventReturnResult:2;OrdinaryRetainer.eventPlayerTurn:2;OrdinaryRetainer._onInit:1;OrdinaryRetainer.eventTalkRetainerOther:1,retainer;chara
6863,3001104,/Chara/Npc/Retainer/OrdinaryRetainer,chara/npc/retainer/ordinaryretainer,True,1000225,19,,OrdinaryRetainer,RetainerBaseClass,319:ordinaryRetainer,12,OrdinaryRetainer.eventTalkRetainerItemTrade:8;OrdinaryRetainer.eventTalkRetainerMenu:3;OrdinaryRetainer.eventTalkRetainerItemList:3;OrdinaryRetainer.checkRetainerMeetingGroupClient:2;OrdinaryRetainer.eventTalkRetainerDismissal:2;OrdinaryRetainer.eventTalkRetainerMannequin:2;OrdinaryRetainer.eventReturnResult:2;OrdinaryRetainer.eventPlayerTurn:2;OrdinaryRetainer._onInit:1;OrdinaryRetainer.eventTalkRetainerOther:1,retainer;chara
6864,3001105,/Chara/Npc/Retainer/OrdinaryRetainer,chara/npc/retainer/ordinaryretainer,True,1000254,19,,OrdinaryRetainer,RetainerBaseClass,319:ordinaryRetainer,12,OrdinaryRetainer.eventTalkRetainerItemTrade:8;OrdinaryRetainer.eventTalkRetainerMenu:3;OrdinaryRetainer.eventTalkRetainerItemList:3;OrdinaryRetainer.checkRetainerMeetingGroupClient:2;OrdinaryRetainer.eventTalkRetainerDismissal:2;OrdinaryRetainer.eventTalkRetainerMannequin:2;OrdinaryRetainer.eventReturnResult:2;OrdinaryRetainer.eventPlayerTurn:2;OrdinaryRetainer._onInit:1;OrdinaryRetainer.eventTalkRetainerOther:1,retainer;chara
6865,3001106,/Chara/Npc/Retainer/OrdinaryRetainer,chara/npc/retainer/ordinaryretainer,True,1100191,19,,OrdinaryRetainer,RetainerBaseClass,319:ordinaryRetainer,12,OrdinaryRetainer.eventTalkRetainerItemTrade:8;OrdinaryRetainer.eventTalkRetainerMenu:3;OrdinaryRetainer.eventTalkRetainerItemList:3;OrdinaryRetainer.checkRetainerMeetingGroupClient:2;OrdinaryRetainer.eventTalkRetainerDismissal:2;OrdinaryRetainer.eventTalkRetainerMannequin:2;OrdinaryRetainer.eventReturnResult:2;OrdinaryRetainer.eventPlayerTurn:2;OrdinaryRetainer._onInit:1;OrdinaryRetainer.eventTalkRetainerOther:1,retainer;chara
6866,3001107,/Chara/Npc/Retainer/OrdinaryRetainer,chara/npc/retainer/ordinaryretainer,True,1100346,19,,OrdinaryRetainer,RetainerBaseClass,319:ordinaryRetainer,12,OrdinaryRetainer.eventTalkRetainerItemTrade:8;OrdinaryRetainer.eventTalkRetainerMenu:3;OrdinaryRetainer.eventTalkRetainerItemList:3;OrdinaryRetainer.checkRetainerMeetingGroupClient:2;OrdinaryRetainer.eventTalkRetainerDismissal:2;OrdinaryRetainer.eventTalkRetainerMannequin:2;OrdinaryRetainer.eventReturnResult:2;OrdinaryRetainer.eventPlayerTurn:2;OrdinaryRetainer._onInit:1;OrdinaryRetainer.eventTalkRetainerOther:1,retainer;chara
6867,3001108,/Chara/Npc/Retainer/OrdinaryRetainer,chara/npc/retainer/ordinaryretainer,True,1100378,19,,OrdinaryRetainer,RetainerBaseClass,319:ordinaryRetainer,12,OrdinaryRetainer.eventTalkRetainerItemTrade:8;OrdinaryRetainer.eventTalkRetainerMenu:3;OrdinaryRetainer.eventTalkRetainerItemList:3;OrdinaryRetainer.checkRetainerMeetingGroupClient:2;OrdinaryRetainer.eventTalkRetainerDismissal:2;OrdinaryRetainer.eventTalkRetainerMannequin:2;OrdinaryRetainer.eventReturnResult:2;OrdinaryRetainer.eventPlayerTurn:2;OrdinaryRetainer._onInit:1;OrdinaryRetainer.eventTalkRetainerOther:1,retainer;chara
6868,3001109,/Chara/Npc/Retainer/OrdinaryRetainer,chara/npc/retainer/ordinaryretainer,True,1100406,19,,OrdinaryRetainer,RetainerBaseClass,319:ordinaryRetainer,12,OrdinaryRetainer.eventTalkRetainerItemTrade:8;OrdinaryRetainer.eventTalkRetainerMenu:3;OrdinaryRetainer.eventTalkRetainerItemList:3;OrdinaryRetainer.checkRetainerMeetingGroupClient:2;OrdinaryRetainer.eventTalkRetainerDismissal:2;OrdinaryRetainer.eventTalkRetainerMannequin:2;OrdinaryRetainer.eventReturnResult:2;OrdinaryRetainer.eventPlayerTurn:2;OrdinaryRetainer._onInit:1;OrdinaryRetainer.eventTalkRetainerOther:1,retainer;chara
6869,3001110,/Chara/Npc/Retainer/OrdinaryRetainer,chara/npc/retainer/ordinaryretainer,True,1100435,0,,OrdinaryRetainer,RetainerBaseClass,319:ordinaryRetainer,12,OrdinaryRetainer.eventTalkRetainerItemTrade:8;OrdinaryRetainer.eventTalkRetainerMenu:3;OrdinaryRetainer.eventTalkRetainerItemList:3;OrdinaryRetainer.checkRetainerMeetingGroupClient:2;OrdinaryRetainer.eventTalkRetainerDismissal:2;OrdinaryRetainer.eventTalkRetainerMannequin:2;OrdinaryRetainer.eventReturnResult:2;OrdinaryRetainer.eventPlayerTurn:2;OrdinaryRetainer._onInit:1;OrdinaryRetainer.eventTalkRetainerOther:1,retainer;chara
6870,3001111,/Chara/Npc/Retainer/OrdinaryRetainer,chara/npc/retainer/ordinaryretainer,True,2200072,0,,OrdinaryRetainer,RetainerBaseClass,319:ordinaryRetainer,12,OrdinaryRetainer.eventTalkRetainerItemTrade:8;OrdinaryRetainer.eventTalkRetainerMenu:3;OrdinaryRetainer.eventTalkRetainerItemList:3;OrdinaryRetainer.checkRetainerMeetingGroupClient:2;OrdinaryRetainer.eventTalkRetainerDismissal:2;OrdinaryRetainer.eventTalkRetainerMannequin:2;OrdinaryRetainer.eventReturnResult:2;OrdinaryRetainer.eventPlayerTurn:2;OrdinaryRetainer._onInit:1;OrdinaryRetainer.eventTalkRetainerOther:1,retainer;chara
6871,3001112,/Chara/Npc/Retainer/OrdinaryRetainer,chara/npc/retainer/ordinaryretainer,True,2200079,0,,OrdinaryRetainer,RetainerBaseClass,319:ordinaryRetainer,12,OrdinaryRetainer.eventTalkRetainerItemTrade:8;OrdinaryRetainer.eventTalkRetainerMenu:3;OrdinaryRetainer.eventTalkRetainerItemList:3;OrdinaryRetainer.checkRetainerMeetingGroupClient:2;OrdinaryRetainer.eventTalkRetainerDismissal:2;OrdinaryRetainer.eventTalkRetainerMannequin:2;OrdinaryRetainer.eventReturnResult:2;OrdinaryRetainer.eventPlayerTurn:2;OrdinaryRetainer._onInit:1;OrdinaryRetainer.eventTalkRetainerOther:1,retainer;chara
6872,3001113,/Chara/Npc/Retainer/OrdinaryRetainer,chara/npc/retainer/ordinaryretainer,True,2200141,0,,OrdinaryRetainer,RetainerBaseClass,319:ordinaryRetainer,12,OrdinaryRetainer.eventTalkRetainerItemTrade:8;OrdinaryRetainer.eventTalkRetainerMenu:3;OrdinaryRetainer.eventTalkRetainerItemList:3;OrdinaryRetainer.checkRetainerMeetingGroupClient:2;OrdinaryRetainer.eventTalkRetainerDismissal:2;OrdinaryRetainer.eventTalkRetainerMannequin:2;OrdinaryRetainer.eventReturnResult:2;OrdinaryRetainer.eventPlayerTurn:2;OrdinaryRetainer._onInit:1;OrdinaryRetainer.eventTalkRetainerOther:1,retainer;chara
6873,3001114,/Chara/Npc/Retainer/OrdinaryRetainer,chara/npc/retainer/ordinaryretainer,True,2200202,0,,OrdinaryRetainer,RetainerBaseClass,319:ordinaryRetainer,12,OrdinaryRetainer.eventTalkRetainerItemTrade:8;OrdinaryRetainer.eventTalkRetainerMenu:3;OrdinaryRetainer.eventTalkRetainerItemList:3;OrdinaryRetainer.checkRetainerMeetingGroupClient:2;OrdinaryRetainer.eventTalkRetainerDismissal:2;OrdinaryRetainer.eventTalkRetainerMannequin:2;OrdinaryRetainer.eventReturnResult:2;OrdinaryRetainer.eventPlayerTurn:2;OrdinaryRetainer._onInit:1;OrdinaryRetainer.eventTalkRetainerOther:1,retainer;chara
6874,3001115,/Chara/Npc/Retainer/OrdinaryRetainer,chara/npc/retainer/ordinaryretainer,True,2200240,0,,OrdinaryRetainer,RetainerBaseClass,319:ordinaryRetainer,12,OrdinaryRetainer.eventTalkRetainerItemTrade:8;OrdinaryRetainer.eventTalkRetainerMenu:3;OrdinaryRetainer.eventTalkRetainerItemList:3;OrdinaryRetainer.checkRetainerMeetingGroupClient:2;OrdinaryRetainer.eventTalkRetainerDismissal:2;OrdinaryRetainer.eventTalkRetainerMannequin:2;OrdinaryRetainer.eventReturnResult:2;OrdinaryRetainer.eventPlayerTurn:2;OrdinaryRetainer._onInit:1;OrdinaryRetainer.eventTalkRetainerOther:1,retainer;chara
6875,3001116,/Chara/Npc/Retainer/OrdinaryRetainer,chara/npc/retainer/ordinaryretainer,True,1200042,0,,OrdinaryRetainer,RetainerBaseClass,319:ordinaryRetainer,12,OrdinaryRetainer.eventTalkRetainerItemTrade:8;OrdinaryRetainer.eventTalkRetainerMenu:3;OrdinaryRetainer.eventTalkRetainerItemList:3;OrdinaryRetainer.checkRetainerMeetingGroupClient:2;OrdinaryRetainer.eventTalkRetainerDismissal:2;OrdinaryRetainer.eventTalkRetainerMannequin:2;OrdinaryRetainer.eventReturnResult:2;OrdinaryRetainer.eventPlayerTurn:2;OrdinaryRetainer._onInit:1;OrdinaryRetainer.eventTalkRetainerOther:1,retainer;chara
6876,3001117,/Chara/Npc/Retainer/OrdinaryRetainer,chara/npc/retainer/ordinaryretainer,True,1200074,0,,OrdinaryRetainer,RetainerBaseClass,319:ordinaryRetainer,12,OrdinaryRetainer.eventTalkRetainerItemTrade:8;OrdinaryRetainer.eventTalkRetainerMenu:3;OrdinaryRetainer.eventTalkRetainerItemList:3;OrdinaryRetainer.checkRetainerMeetingGroupClient:2;OrdinaryRetainer.eventTalkRetainerDismissal:2;OrdinaryRetainer.eventTalkRetainerMannequin:2;OrdinaryRetainer.eventReturnResult:2;OrdinaryRetainer.eventPlayerTurn:2;OrdinaryRetainer._onInit:1;OrdinaryRetainer.eventTalkRetainerOther:1,retainer;chara
6877,3001118,/Chara/Npc/Retainer/OrdinaryRetainer,chara/npc/retainer/ordinaryretainer,True,1200076,0,,OrdinaryRetainer,RetainerBaseClass,319:ordinaryRetainer,12,OrdinaryRetainer.eventTalkRetainerItemTrade:8;OrdinaryRetainer.eventTalkRetainerMenu:3;OrdinaryRetainer.eventTalkRetainerItemList:3;OrdinaryRetainer.checkRetainerMeetingGroupClient:2;OrdinaryRetainer.eventTalkRetainerDismissal:2;OrdinaryRetainer.eventTalkRetainerMannequin:2;OrdinaryRetainer.eventReturnResult:2;OrdinaryRetainer.eventPlayerTurn:2;OrdinaryRetainer._onInit:1;OrdinaryRetainer.eventTalkRetainerOther:1,retainer;chara
6878,3001119,/Chara/Npc/Retainer/OrdinaryRetainer,chara/npc/retainer/ordinaryretainer,True,1200080,0,,OrdinaryRetainer,RetainerBaseClass,319:ordinaryRetainer,12,OrdinaryRetainer.eventTalkRetainerItemTrade:8;OrdinaryRetainer.eventTalkRetainerMenu:3;OrdinaryRetainer.eventTalkRetainerItemList:3;OrdinaryRetainer.checkRetainerMeetingGroupClient:2;OrdinaryRetainer.eventTalkRetainerDismissal:2;OrdinaryRetainer.eventTalkRetainerMannequin:2;OrdinaryRetainer.eventReturnResult:2;OrdinaryRetainer.eventPlayerTurn:2;OrdinaryRetainer._onInit:1;OrdinaryRetainer.eventTalkRetainerOther:1,retainer;chara
6879,3001120,/Chara/Npc/Retainer/OrdinaryRetainer,chara/npc/retainer/ordinaryretainer,True,1200095,0,,OrdinaryRetainer,RetainerBaseClass,319:ordinaryRetainer,12,OrdinaryRetainer.eventTalkRetainerItemTrade:8;OrdinaryRetainer.eventTalkRetainerMenu:3;OrdinaryRetainer.eventTalkRetainerItemList:3;OrdinaryRetainer.checkRetainerMeetingGroupClient:2;OrdinaryRetainer.eventTalkRetainerDismissal:2;OrdinaryRetainer.eventTalkRetainerMannequin:2;OrdinaryRetainer.eventReturnResult:2;OrdinaryRetainer.eventPlayerTurn:2;OrdinaryRetainer._onInit:1;OrdinaryRetainer.eventTalkRetainerOther:1,retainer;chara
6880,3001121,/Chara/Npc/Retainer/OrdinaryRetainer,chara/npc/retainer/ordinaryretainer,True,1300041,0,,OrdinaryRetainer,RetainerBaseClass,319:ordinaryRetainer,12,OrdinaryRetainer.eventTalkRetainerItemTrade:8;OrdinaryRetainer.eventTalkRetainerMenu:3;OrdinaryRetainer.eventTalkRetainerItemList:3;OrdinaryRetainer.checkRetainerMeetingGroupClient:2;OrdinaryRetainer.eventTalkRetainerDismissal:2;OrdinaryRetainer.eventTalkRetainerMannequin:2;OrdinaryRetainer.eventReturnResult:2;OrdinaryRetainer.eventPlayerTurn:2;OrdinaryRetainer._onInit:1;OrdinaryRetainer.eventTalkRetainerOther:1,retainer;chara
6881,3001122,/Chara/Npc/Retainer/OrdinaryRetainer,chara/npc/retainer/ordinaryretainer,True,1300043,0,,OrdinaryRetainer,RetainerBaseClass,319:ordinaryRetainer,12,OrdinaryRetainer.eventTalkRetainerItemTrade:8;OrdinaryRetainer.eventTalkRetainerMenu:3;OrdinaryRetainer.eventTalkRetainerItemList:3;OrdinaryRetainer.checkRetainerMeetingGroupClient:2;OrdinaryRetainer.eventTalkRetainerDismissal:2;OrdinaryRetainer.eventTalkRetainerMannequin:2;OrdinaryRetainer.eventReturnResult:2;OrdinaryRetainer.eventPlayerTurn:2;OrdinaryRetainer._onInit:1;OrdinaryRetainer.eventTalkRetainerOther:1,retainer;chara
6882,3001123,/Chara/Npc/Retainer/OrdinaryRetainer,chara/npc/retainer/ordinaryretainer,True,1300061,0,,OrdinaryRetainer,RetainerBaseClass,319:ordinaryRetainer,12,OrdinaryRetainer.eventTalkRetainerItemTrade:8;OrdinaryRetainer.eventTalkRetainerMenu:3;OrdinaryRetainer.eventTalkRetainerItemList:3;OrdinaryRetainer.checkRetainerMeetingGroupClient:2;OrdinaryRetainer.eventTalkRetainerDismissal:2;OrdinaryRetainer.eventTalkRetainerMannequin:2;OrdinaryRetainer.eventReturnResult:2;OrdinaryRetainer.eventPlayerTurn:2;OrdinaryRetainer._onInit:1;OrdinaryRetainer.eventTalkRetainerOther:1,retainer;chara
6883,3001124,/Chara/Npc/Retainer/OrdinaryRetainer,chara/npc/retainer/ordinaryretainer,True,1300069,0,,OrdinaryRetainer,RetainerBaseClass,319:ordinaryRetainer,12,OrdinaryRetainer.eventTalkRetainerItemTrade:8;OrdinaryRetainer.eventTalkRetainerMenu:3;OrdinaryRetainer.eventTalkRetainerItemList:3;OrdinaryRetainer.checkRetainerMeetingGroupClient:2;OrdinaryRetainer.eventTalkRetainerDismissal:2;OrdinaryRetainer.eventTalkRetainerMannequin:2;OrdinaryRetainer.eventReturnResult:2;OrdinaryRetainer.eventPlayerTurn:2;OrdinaryRetainer._onInit:1;OrdinaryRetainer.eventTalkRetainerOther:1,retainer;chara
6884,3001125,/Chara/Npc/Retainer/OrdinaryRetainer,chara/npc/retainer/ordinaryretainer,True,1300088,0,,OrdinaryRetainer,RetainerBaseClass,319:ordinaryRetainer,12,OrdinaryRetainer.eventTalkRetainerItemTrade:8;OrdinaryRetainer.eventTalkRetainerMenu:3;OrdinaryRetainer.eventTalkRetainerItemList:3;OrdinaryRetainer.checkRetainerMeetingGroupClient:2;OrdinaryRetainer.eventTalkRetainerDismissal:2;OrdinaryRetainer.eventTalkRetainerMannequin:2;OrdinaryRetainer.eventReturnResult:2;OrdinaryRetainer.eventPlayerTurn:2;OrdinaryRetainer._onInit:1;OrdinaryRetainer.eventTalkRetainerOther:1,retainer;chara
6885,3001126,/Chara/Npc/Retainer/OrdinaryRetainer,chara/npc/retainer/ordinaryretainer,True,1200112,0,,OrdinaryRetainer,RetainerBaseClass,319:ordinaryRetainer,12,OrdinaryRetainer.eventTalkRetainerItemTrade:8;OrdinaryRetainer.eventTalkRetainerMenu:3;OrdinaryRetainer.eventTalkRetainerItemList:3;OrdinaryRetainer.checkRetainerMeetingGroupClient:2;OrdinaryRetainer.eventTalkRetainerDismissal:2;OrdinaryRetainer.eventTalkRetainerMannequin:2;OrdinaryRetainer.eventReturnResult:2;OrdinaryRetainer.eventPlayerTurn:2;OrdinaryRetainer._onInit:1;OrdinaryRetainer.eventTalkRetainerOther:1,retainer;chara
6886,3001127,/Chara/Npc/Retainer/OrdinaryRetainer,chara/npc/retainer/ordinaryretainer,True,1200114,0,,OrdinaryRetainer,RetainerBaseClass,319:ordinaryRetainer,12,OrdinaryRetainer.eventTalkRetainerItemTrade:8;OrdinaryRetainer.eventTalkRetainerMenu:3;OrdinaryRetainer.eventTalkRetainerItemList:3;OrdinaryRetainer.checkRetainerMeetingGroupClient:2;OrdinaryRetainer.eventTalkRetainerDismissal:2;OrdinaryRetainer.eventTalkRetainerMannequin:2;OrdinaryRetainer.eventReturnResult:2;OrdinaryRetainer.eventPlayerTurn:2;OrdinaryRetainer._onInit:1;OrdinaryRetainer.eventTalkRetainerOther:1,retainer;chara
6887,3001128,/Chara/Npc/Retainer/OrdinaryRetainer,chara/npc/retainer/ordinaryretainer,True,1200115,0,,OrdinaryRetainer,RetainerBaseClass,319:ordinaryRetainer,12,OrdinaryRetainer.eventTalkRetainerItemTrade:8;OrdinaryRetainer.eventTalkRetainerMenu:3;OrdinaryRetainer.eventTalkRetainerItemList:3;OrdinaryRetainer.checkRetainerMeetingGroupClient:2;OrdinaryRetainer.eventTalkRetainerDismissal:2;OrdinaryRetainer.eventTalkRetainerMannequin:2;OrdinaryRetainer.eventReturnResult:2;OrdinaryRetainer.eventPlayerTurn:2;OrdinaryRetainer._onInit:1;OrdinaryRetainer.eventTalkRetainerOther:1,retainer;chara
6888,3001129,/Chara/Npc/Retainer/OrdinaryRetainer,chara/npc/retainer/ordinaryretainer,True,1200117,0,,OrdinaryRetainer,RetainerBaseClass,319:ordinaryRetainer,12,OrdinaryRetainer.eventTalkRetainerItemTrade:8;OrdinaryRetainer.eventTalkRetainerMenu:3;OrdinaryRetainer.eventTalkRetainerItemList:3;OrdinaryRetainer.checkRetainerMeetingGroupClient:2;OrdinaryRetainer.eventTalkRetainerDismissal:2;OrdinaryRetainer.eventTalkRetainerMannequin:2;OrdinaryRetainer.eventReturnResult:2;OrdinaryRetainer.eventPlayerTurn:2;OrdinaryRetainer._onInit:1;OrdinaryRetainer.eventTalkRetainerOther:1,retainer;chara
6889,3001130,/Chara/Npc/Retainer/OrdinaryRetainer,chara/npc/retainer/ordinaryretainer,True,1200121,0,,OrdinaryRetainer,RetainerBaseClass,319:ordinaryRetainer,12,OrdinaryRetainer.eventTalkRetainerItemTrade:8;OrdinaryRetainer.eventTalkRetainerMenu:3;OrdinaryRetainer.eventTalkRetainerItemList:3;OrdinaryRetainer.checkRetainerMeetingGroupClient:2;OrdinaryRetainer.eventTalkRetainerDismissal:2;OrdinaryRetainer.eventTalkRetainerMannequin:2;OrdinaryRetainer.eventReturnResult:2;OrdinaryRetainer.eventPlayerTurn:2;OrdinaryRetainer._onInit:1;OrdinaryRetainer.eventTalkRetainerOther:1,retainer;chara
6890,3001131,/Chara/Npc/Retainer/OrdinaryRetainer,chara/npc/retainer/ordinaryretainer,True,1300013,0,,OrdinaryRetainer,RetainerBaseClass,319:ordinaryRetainer,12,OrdinaryRetainer.eventTalkRetainerItemTrade:8;OrdinaryRetainer.eventTalkRetainerMenu:3;OrdinaryRetainer.eventTalkRetainerItemList:3;OrdinaryRetainer.checkRetainerMeetingGroupClient:2;OrdinaryRetainer.eventTalkRetainerDismissal:2;OrdinaryRetainer.eventTalkRetainerMannequin:2;OrdinaryRetainer.eventReturnResult:2;OrdinaryRetainer.eventPlayerTurn:2;OrdinaryRetainer._onInit:1;OrdinaryRetainer.eventTalkRetainerOther:1,retainer;chara
6891,3001132,/Chara/Npc/Retainer/OrdinaryRetainer,chara/npc/retainer/ordinaryretainer,True,1300044,0,,OrdinaryRetainer,RetainerBaseClass,319:ordinaryRetainer,12,OrdinaryRetainer.eventTalkRetainerItemTrade:8;OrdinaryRetainer.eventTalkRetainerMenu:3;OrdinaryRetainer.eventTalkRetainerItemList:3;OrdinaryRetainer.checkRetainerMeetingGroupClient:2;OrdinaryRetainer.eventTalkRetainerDismissal:2;OrdinaryRetainer.eventTalkRetainerMannequin:2;OrdinaryRetainer.eventReturnResult:2;OrdinaryRetainer.eventPlayerTurn:2;OrdinaryRetainer._onInit:1;OrdinaryRetainer.eventTalkRetainerOther:1,retainer;chara
6892,3001133,/Chara/Npc/Retainer/OrdinaryRetainer,chara/npc/retainer/ordinaryretainer,True,1300056,0,,OrdinaryRetainer,RetainerBaseClass,319:ordinaryRetainer,12,OrdinaryRetainer.eventTalkRetainerItemTrade:8;OrdinaryRetainer.eventTalkRetainerMenu:3;OrdinaryRetainer.eventTalkRetainerItemList:3;OrdinaryRetainer.checkRetainerMeetingGroupClient:2;OrdinaryRetainer.eventTalkRetainerDismissal:2;OrdinaryRetainer.eventTalkRetainerMannequin:2;OrdinaryRetainer.eventReturnResult:2;OrdinaryRetainer.eventPlayerTurn:2;OrdinaryRetainer._onInit:1;OrdinaryRetainer.eventTalkRetainerOther:1,retainer;chara
6893,3001134,/Chara/Npc/Retainer/OrdinaryRetainer,chara/npc/retainer/ordinaryretainer,True,1300065,0,,OrdinaryRetainer,RetainerBaseClass,319:ordinaryRetainer,12,OrdinaryRetainer.eventTalkRetainerItemTrade:8;OrdinaryRetainer.eventTalkRetainerMenu:3;OrdinaryRetainer.eventTalkRetainerItemList:3;OrdinaryRetainer.checkRetainerMeetingGroupClient:2;OrdinaryRetainer.eventTalkRetainerDismissal:2;OrdinaryRetainer.eventTalkRetainerMannequin:2;OrdinaryRetainer.eventReturnResult:2;OrdinaryRetainer.eventPlayerTurn:2;OrdinaryRetainer._onInit:1;OrdinaryRetainer.eventTalkRetainerOther:1,retainer;chara
6894,3001135,/Chara/Npc/Retainer/OrdinaryRetainer,chara/npc/retainer/ordinaryretainer,True,1300089,0,,OrdinaryRetainer,RetainerBaseClass,319:ordinaryRetainer,12,OrdinaryRetainer.eventTalkRetainerItemTrade:8;OrdinaryRetainer.eventTalkRetainerMenu:3;OrdinaryRetainer.eventTalkRetainerItemList:3;OrdinaryRetainer.checkRetainerMeetingGroupClient:2;OrdinaryRetainer.eventTalkRetainerDismissal:2;OrdinaryRetainer.eventTalkRetainerMannequin:2;OrdinaryRetainer.eventReturnResult:2;OrdinaryRetainer.eventPlayerTurn:2;OrdinaryRetainer._onInit:1;OrdinaryRetainer.eventTalkRetainerOther:1,retainer;chara
6895,3001136,/Chara/Npc/Retainer/OrdinaryRetainer,chara/npc/retainer/ordinaryretainer,True,1400087,0,,OrdinaryRetainer,RetainerBaseClass,319:ordinaryRetainer,12,OrdinaryRetainer.eventTalkRetainerItemTrade:8;OrdinaryRetainer.eventTalkRetainerMenu:3;OrdinaryRetainer.eventTalkRetainerItemList:3;OrdinaryRetainer.checkRetainerMeetingGroupClient:2;OrdinaryRetainer.eventTalkRetainerDismissal:2;OrdinaryRetainer.eventTalkRetainerMannequin:2;OrdinaryRetainer.eventReturnResult:2;OrdinaryRetainer.eventPlayerTurn:2;OrdinaryRetainer._onInit:1;OrdinaryRetainer.eventTalkRetainerOther:1,retainer;chara
6896,3001137,/Chara/Npc/Retainer/OrdinaryRetainer,chara/npc/retainer/ordinaryretainer,True,1400090,0,,OrdinaryRetainer,RetainerBaseClass,319:ordinaryRetainer,12,OrdinaryRetainer.eventTalkRetainerItemTrade:8;OrdinaryRetainer.eventTalkRetainerMenu:3;OrdinaryRetainer.eventTalkRetainerItemList:3;OrdinaryRetainer.checkRetainerMeetingGroupClient:2;OrdinaryRetainer.eventTalkRetainerDismissal:2;OrdinaryRetainer.eventTalkRetainerMannequin:2;OrdinaryRetainer.eventReturnResult:2;OrdinaryRetainer.eventPlayerTurn:2;OrdinaryRetainer._onInit:1;OrdinaryRetainer.eventTalkRetainerOther:1,retainer;chara
6897,3001138,/Chara/Npc/Retainer/OrdinaryRetainer,chara/npc/retainer/ordinaryretainer,True,1400091,0,,OrdinaryRetainer,RetainerBaseClass,319:ordinaryRetainer,12,OrdinaryRetainer.eventTalkRetainerItemTrade:8;OrdinaryRetainer.eventTalkRetainerMenu:3;OrdinaryRetainer.eventTalkRetainerItemList:3;OrdinaryRetainer.checkRetainerMeetingGroupClient:2;OrdinaryRetainer.eventTalkRetainerDismissal:2;OrdinaryRetainer.eventTalkRetainerMannequin:2;OrdinaryRetainer.eventReturnResult:2;OrdinaryRetainer.eventPlayerTurn:2;OrdinaryRetainer._onInit:1;OrdinaryRetainer.eventTalkRetainerOther:1,retainer;chara
6898,3001139,/Chara/Npc/Retainer/OrdinaryRetainer,chara/npc/retainer/ordinaryretainer,True,1400100,0,,OrdinaryRetainer,RetainerBaseClass,319:ordinaryRetainer,12,OrdinaryRetainer.eventTalkRetainerItemTrade:8;OrdinaryRetainer.eventTalkRetainerMenu:3;OrdinaryRetainer.eventTalkRetainerItemList:3;OrdinaryRetainer.checkRetainerMeetingGroupClient:2;OrdinaryRetainer.eventTalkRetainerDismissal:2;OrdinaryRetainer.eventTalkRetainerMannequin:2;OrdinaryRetainer.eventReturnResult:2;OrdinaryRetainer.eventPlayerTurn:2;OrdinaryRetainer._onInit:1;OrdinaryRetainer.eventTalkRetainerOther:1,retainer;chara
6899,3001140,/Chara/Npc/Retainer/OrdinaryRetainer,chara/npc/retainer/ordinaryretainer,True,1400101,0,,OrdinaryRetainer,RetainerBaseClass,319:ordinaryRetainer,12,OrdinaryRetainer.eventTalkRetainerItemTrade:8;OrdinaryRetainer.eventTalkRetainerMenu:3;OrdinaryRetainer.eventTalkRetainerItemList:3;OrdinaryRetainer.checkRetainerMeetingGroupClient:2;OrdinaryRetainer.eventTalkRetainerDismissal:2;OrdinaryRetainer.eventTalkRetainerMannequin:2;OrdinaryRetainer.eventReturnResult:2;OrdinaryRetainer.eventPlayerTurn:2;OrdinaryRetainer._onInit:1;OrdinaryRetainer.eventTalkRetainerOther:1,retainer;chara
6900,3001141,/Chara/Npc/Retainer/OrdinaryRetainer,chara/npc/retainer/ordinaryretainer,True,1500082,0,,OrdinaryRetainer,RetainerBaseClass,319:ordinaryRetainer,12,OrdinaryRetainer.eventTalkRetainerItemTrade:8;OrdinaryRetainer.eventTalkRetainerMenu:3;OrdinaryRetainer.eventTalkRetainerItemList:3;OrdinaryRetainer.checkRetainerMeetingGroupClient:2;OrdinaryRetainer.eventTalkRetainerDismissal:2;OrdinaryRetainer.eventTalkRetainerMannequin:2;OrdinaryRetainer.eventReturnResult:2;OrdinaryRetainer.eventPlayerTurn:2;OrdinaryRetainer._onInit:1;OrdinaryRetainer.eventTalkRetainerOther:1,retainer;chara
6901,3001142,/Chara/Npc/Retainer/OrdinaryRetainer,chara/npc/retainer/ordinaryretainer,True,1500085,0,,OrdinaryRetainer,RetainerBaseClass,319:ordinaryRetainer,12,OrdinaryRetainer.eventTalkRetainerItemTrade:8;OrdinaryRetainer.eventTalkRetainerMenu:3;OrdinaryRetainer.eventTalkRetainerItemList:3;OrdinaryRetainer.checkRetainerMeetingGroupClient:2;OrdinaryRetainer.eventTalkRetainerDismissal:2;OrdinaryRetainer.eventTalkRetainerMannequin:2;OrdinaryRetainer.eventReturnResult:2;OrdinaryRetainer.eventPlayerTurn:2;OrdinaryRetainer._onInit:1;OrdinaryRetainer.eventTalkRetainerOther:1,retainer;chara
6902,3001143,/Chara/Npc/Retainer/OrdinaryRetainer,chara/npc/retainer/ordinaryretainer,True,1500096,0,,OrdinaryRetainer,RetainerBaseClass,319:ordinaryRetainer,12,OrdinaryRetainer.eventTalkRetainerItemTrade:8;OrdinaryRetainer.eventTalkRetainerMenu:3;OrdinaryRetainer.eventTalkRetainerItemList:3;OrdinaryRetainer.checkRetainerMeetingGroupClient:2;OrdinaryRetainer.eventTalkRetainerDismissal:2;OrdinaryRetainer.eventTalkRetainerMannequin:2;OrdinaryRetainer.eventReturnResult:2;OrdinaryRetainer.eventPlayerTurn:2;OrdinaryRetainer._onInit:1;OrdinaryRetainer.eventTalkRetainerOther:1,retainer;chara
6903,3001144,/Chara/Npc/Retainer/OrdinaryRetainer,chara/npc/retainer/ordinaryretainer,True,1500097,0,,OrdinaryRetainer,RetainerBaseClass,319:ordinaryRetainer,12,OrdinaryRetainer.eventTalkRetainerItemTrade:8;OrdinaryRetainer.eventTalkRetainerMenu:3;OrdinaryRetainer.eventTalkRetainerItemList:3;OrdinaryRetainer.checkRetainerMeetingGroupClient:2;OrdinaryRetainer.eventTalkRetainerDismissal:2;OrdinaryRetainer.eventTalkRetainerMannequin:2;OrdinaryRetainer.eventReturnResult:2;OrdinaryRetainer.eventPlayerTurn:2;OrdinaryRetainer._onInit:1;OrdinaryRetainer.eventTalkRetainerOther:1,retainer;chara
6904,3001145,/Chara/Npc/Retainer/OrdinaryRetainer,chara/npc/retainer/ordinaryretainer,True,1500100,0,,OrdinaryRetainer,RetainerBaseClass,319:ordinaryRetainer,12,OrdinaryRetainer.eventTalkRetainerItemTrade:8;OrdinaryRetainer.eventTalkRetainerMenu:3;OrdinaryRetainer.eventTalkRetainerItemList:3;OrdinaryRetainer.checkRetainerMeetingGroupClient:2;OrdinaryRetainer.eventTalkRetainerDismissal:2;OrdinaryRetainer.eventTalkRetainerMannequin:2;OrdinaryRetainer.eventReturnResult:2;OrdinaryRetainer.eventPlayerTurn:2;OrdinaryRetainer._onInit:1;OrdinaryRetainer.eventTalkRetainerOther:1,retainer;chara
6905,3001146,/Chara/Npc/Retainer/OrdinaryRetainer,chara/npc/retainer/ordinaryretainer,True,1400051,0,,OrdinaryRetainer,RetainerBaseClass,319:ordinaryRetainer,12,OrdinaryRetainer.eventTalkRetainerItemTrade:8;OrdinaryRetainer.eventTalkRetainerMenu:3;OrdinaryRetainer.eventTalkRetainerItemList:3;OrdinaryRetainer.checkRetainerMeetingGroupClient:2;OrdinaryRetainer.eventTalkRetainerDismissal:2;OrdinaryRetainer.eventTalkRetainerMannequin:2;OrdinaryRetainer.eventReturnResult:2;OrdinaryRetainer.eventPlayerTurn:2;OrdinaryRetainer._onInit:1;OrdinaryRetainer.eventTalkRetainerOther:1,retainer;chara
6906,3001147,/Chara/Npc/Retainer/OrdinaryRetainer,chara/npc/retainer/ordinaryretainer,True,1400054,0,,OrdinaryRetainer,RetainerBaseClass,319:ordinaryRetainer,12,OrdinaryRetainer.eventTalkRetainerItemTrade:8;OrdinaryRetainer.eventTalkRetainerMenu:3;OrdinaryRetainer.eventTalkRetainerItemList:3;OrdinaryRetainer.checkRetainerMeetingGroupClient:2;OrdinaryRetainer.eventTalkRetainerDismissal:2;OrdinaryRetainer.eventTalkRetainerMannequin:2;OrdinaryRetainer.eventReturnResult:2;OrdinaryRetainer.eventPlayerTurn:2;OrdinaryRetainer._onInit:1;OrdinaryRetainer.eventTalkRetainerOther:1,retainer;chara
6907,3001148,/Chara/Npc/Retainer/OrdinaryRetainer,chara/npc/retainer/ordinaryretainer,True,1400062,0,,OrdinaryRetainer,RetainerBaseClass,319:ordinaryRetainer,12,OrdinaryRetainer.eventTalkRetainerItemTrade:8;OrdinaryRetainer.eventTalkRetainerMenu:3;OrdinaryRetainer.eventTalkRetainerItemList:3;OrdinaryRetainer.checkRetainerMeetingGroupClient:2;OrdinaryRetainer.eventTalkRetainerDismissal:2;OrdinaryRetainer.eventTalkRetainerMannequin:2;OrdinaryRetainer.eventReturnResult:2;OrdinaryRetainer.eventPlayerTurn:2;OrdinaryRetainer._onInit:1;OrdinaryRetainer.eventTalkRetainerOther:1,retainer;chara
6908,3001149,/Chara/Npc/Retainer/OrdinaryRetainer,chara/npc/retainer/ordinaryretainer,True,1400073,0,,OrdinaryRetainer,RetainerBaseClass,319:ordinaryRetainer,12,OrdinaryRetainer.eventTalkRetainerItemTrade:8;OrdinaryRetainer.eventTalkRetainerMenu:3;OrdinaryRetainer.eventTalkRetainerItemList:3;OrdinaryRetainer.checkRetainerMeetingGroupClient:2;OrdinaryRetainer.eventTalkRetainerDismissal:2;OrdinaryRetainer.eventTalkRetainerMannequin:2;OrdinaryRetainer.eventReturnResult:2;OrdinaryRetainer.eventPlayerTurn:2;OrdinaryRetainer._onInit:1;OrdinaryRetainer.eventTalkRetainerOther:1,retainer;chara
6909,3001150,/Chara/Npc/Retainer/OrdinaryRetainer,chara/npc/retainer/ordinaryretainer,True,1400078,0,,OrdinaryRetainer,RetainerBaseClass,319:ordinaryRetainer,12,OrdinaryRetainer.eventTalkRetainerItemTrade:8;OrdinaryRetainer.eventTalkRetainerMenu:3;OrdinaryRetainer.eventTalkRetainerItemList:3;OrdinaryRetainer.checkRetainerMeetingGroupClient:2;OrdinaryRetainer.eventTalkRetainerDismissal:2;OrdinaryRetainer.eventTalkRetainerMannequin:2;OrdinaryRetainer.eventReturnResult:2;OrdinaryRetainer.eventPlayerTurn:2;OrdinaryRetainer._onInit:1;OrdinaryRetainer.eventTalkRetainerOther:1,retainer;chara
6910,3001151,/Chara/Npc/Retainer/OrdinaryRetainer,chara/npc/retainer/ordinaryretainer,True,1500010,0,,OrdinaryRetainer,RetainerBaseClass,319:ordinaryRetainer,12,OrdinaryRetainer.eventTalkRetainerItemTrade:8;OrdinaryRetainer.eventTalkRetainerMenu:3;OrdinaryRetainer.eventTalkRetainerItemList:3;OrdinaryRetainer.checkRetainerMeetingGroupClient:2;OrdinaryRetainer.eventTalkRetainerDismissal:2;OrdinaryRetainer.eventTalkRetainerMannequin:2;OrdinaryRetainer.eventReturnResult:2;OrdinaryRetainer.eventPlayerTurn:2;OrdinaryRetainer._onInit:1;OrdinaryRetainer.eventTalkRetainerOther:1,retainer;chara
6911,3001152,/Chara/Npc/Retainer/OrdinaryRetainer,chara/npc/retainer/ordinaryretainer,True,1500013,0,,OrdinaryRetainer,RetainerBaseClass,319:ordinaryRetainer,12,OrdinaryRetainer.eventTalkRetainerItemTrade:8;OrdinaryRetainer.eventTalkRetainerMenu:3;OrdinaryRetainer.eventTalkRetainerItemList:3;OrdinaryRetainer.checkRetainerMeetingGroupClient:2;OrdinaryRetainer.eventTalkRetainerDismissal:2;OrdinaryRetainer.eventTalkRetainerMannequin:2;OrdinaryRetainer.eventReturnResult:2;OrdinaryRetainer.eventPlayerTurn:2;OrdinaryRetainer._onInit:1;OrdinaryRetainer.eventTalkRetainerOther:1,retainer;chara
6912,3001153,/Chara/Npc/Retainer/OrdinaryRetainer,chara/npc/retainer/ordinaryretainer,True,1500048,0,,OrdinaryRetainer,RetainerBaseClass,319:ordinaryRetainer,12,OrdinaryRetainer.eventTalkRetainerItemTrade:8;OrdinaryRetainer.eventTalkRetainerMenu:3;OrdinaryRetainer.eventTalkRetainerItemList:3;OrdinaryRetainer.checkRetainerMeetingGroupClient:2;OrdinaryRetainer.eventTalkRetainerDismissal:2;OrdinaryRetainer.eventTalkRetainerMannequin:2;OrdinaryRetainer.eventReturnResult:2;OrdinaryRetainer.eventPlayerTurn:2;OrdinaryRetainer._onInit:1;OrdinaryRetainer.eventTalkRetainerOther:1,retainer;chara
6913,3001154,/Chara/Npc/Retainer/OrdinaryRetainer,chara/npc/retainer/ordinaryretainer,True,1500050,0,,OrdinaryRetainer,RetainerBaseClass,319:ordinaryRetainer,12,OrdinaryRetainer.eventTalkRetainerItemTrade:8;OrdinaryRetainer.eventTalkRetainerMenu:3;OrdinaryRetainer.eventTalkRetainerItemList:3;OrdinaryRetainer.checkRetainerMeetingGroupClient:2;OrdinaryRetainer.eventTalkRetainerDismissal:2;OrdinaryRetainer.eventTalkRetainerMannequin:2;OrdinaryRetainer.eventReturnResult:2;OrdinaryRetainer.eventPlayerTurn:2;OrdinaryRetainer._onInit:1;OrdinaryRetainer.eventTalkRetainerOther:1,retainer;chara
6914,3001155,/Chara/Npc/Retainer/OrdinaryRetainer,chara/npc/retainer/ordinaryretainer,True,1500070,0,,OrdinaryRetainer,RetainerBaseClass,319:ordinaryRetainer,12,OrdinaryRetainer.eventTalkRetainerItemTrade:8;OrdinaryRetainer.eventTalkRetainerMenu:3;OrdinaryRetainer.eventTalkRetainerItemList:3;OrdinaryRetainer.checkRetainerMeetingGroupClient:2;OrdinaryRetainer.eventTalkRetainerDismissal:2;OrdinaryRetainer.eventTalkRetainerMannequin:2;OrdinaryRetainer.eventReturnResult:2;OrdinaryRetainer.eventPlayerTurn:2;OrdinaryRetainer._onInit:1;OrdinaryRetainer.eventTalkRetainerOther:1,retainer;chara
6915,3001156,/Chara/Npc/Retainer/OrdinaryRetainer,chara/npc/retainer/ordinaryretainer,True,1900012,0,,OrdinaryRetainer,RetainerBaseClass,319:ordinaryRetainer,12,OrdinaryRetainer.eventTalkRetainerItemTrade:8;OrdinaryRetainer.eventTalkRetainerMenu:3;OrdinaryRetainer.eventTalkRetainerItemList:3;OrdinaryRetainer.checkRetainerMeetingGroupClient:2;OrdinaryRetainer.eventTalkRetainerDismissal:2;OrdinaryRetainer.eventTalkRetainerMannequin:2;OrdinaryRetainer.eventReturnResult:2;OrdinaryRetainer.eventPlayerTurn:2;OrdinaryRetainer._onInit:1;OrdinaryRetainer.eventTalkRetainerOther:1,retainer;chara
6916,3001157,/Chara/Npc/Retainer/OrdinaryRetainer,chara/npc/retainer/ordinaryretainer,True,1900014,0,,OrdinaryRetainer,RetainerBaseClass,319:ordinaryRetainer,12,OrdinaryRetainer.eventTalkRetainerItemTrade:8;OrdinaryRetainer.eventTalkRetainerMenu:3;OrdinaryRetainer.eventTalkRetainerItemList:3;OrdinaryRetainer.checkRetainerMeetingGroupClient:2;OrdinaryRetainer.eventTalkRetainerDismissal:2;OrdinaryRetainer.eventTalkRetainerMannequin:2;OrdinaryRetainer.eventReturnResult:2;OrdinaryRetainer.eventPlayerTurn:2;OrdinaryRetainer._onInit:1;OrdinaryRetainer.eventTalkRetainerOther:1,retainer;chara
6917,3001158,/Chara/Npc/Retainer/OrdinaryRetainer,chara/npc/retainer/ordinaryretainer,True,1900031,0,,OrdinaryRetainer,RetainerBaseClass,319:ordinaryRetainer,12,OrdinaryRetainer.eventTalkRetainerItemTrade:8;OrdinaryRetainer.eventTalkRetainerMenu:3;OrdinaryRetainer.eventTalkRetainerItemList:3;OrdinaryRetainer.checkRetainerMeetingGroupClient:2;OrdinaryRetainer.eventTalkRetainerDismissal:2;OrdinaryRetainer.eventTalkRetainerMannequin:2;OrdinaryRetainer.eventReturnResult:2;OrdinaryRetainer.eventPlayerTurn:2;OrdinaryRetainer._onInit:1;OrdinaryRetainer.eventTalkRetainerOther:1,retainer;chara
6918,3001159,/Chara/Npc/Retainer/OrdinaryRetainer,chara/npc/retainer/ordinaryretainer,True,1900041,0,,OrdinaryRetainer,RetainerBaseClass,319:ordinaryRetainer,12,OrdinaryRetainer.eventTalkRetainerItemTrade:8;OrdinaryRetainer.eventTalkRetainerMenu:3;OrdinaryRetainer.eventTalkRetainerItemList:3;OrdinaryRetainer.checkRetainerMeetingGroupClient:2;OrdinaryRetainer.eventTalkRetainerDismissal:2;OrdinaryRetainer.eventTalkRetainerMannequin:2;OrdinaryRetainer.eventReturnResult:2;OrdinaryRetainer.eventPlayerTurn:2;OrdinaryRetainer._onInit:1;OrdinaryRetainer.eventTalkRetainerOther:1,retainer;chara
6919,3001160,/Chara/Npc/Retainer/OrdinaryRetainer,chara/npc/retainer/ordinaryretainer,True,1900049,0,,OrdinaryRetainer,RetainerBaseClass,319:ordinaryRetainer,12,OrdinaryRetainer.eventTalkRetainerItemTrade:8;OrdinaryRetainer.eventTalkRetainerMenu:3;OrdinaryRetainer.eventTalkRetainerItemList:3;OrdinaryRetainer.checkRetainerMeetingGroupClient:2;OrdinaryRetainer.eventTalkRetainerDismissal:2;OrdinaryRetainer.eventTalkRetainerMannequin:2;OrdinaryRetainer.eventReturnResult:2;OrdinaryRetainer.eventPlayerTurn:2;OrdinaryRetainer._onInit:1;OrdinaryRetainer.eventTalkRetainerOther:1,retainer;chara
6920,3001161,/Chara/Npc/Retainer/OrdinaryRetainer,chara/npc/retainer/ordinaryretainer,True,1900063,0,,OrdinaryRetainer,RetainerBaseClass,319:ordinaryRetainer,12,OrdinaryRetainer.eventTalkRetainerItemTrade:8;OrdinaryRetainer.eventTalkRetainerMenu:3;OrdinaryRetainer.eventTalkRetainerItemList:3;OrdinaryRetainer.checkRetainerMeetingGroupClient:2;OrdinaryRetainer.eventTalkRetainerDismissal:2;OrdinaryRetainer.eventTalkRetainerMannequin:2;OrdinaryRetainer.eventReturnResult:2;OrdinaryRetainer.eventPlayerTurn:2;OrdinaryRetainer._onInit:1;OrdinaryRetainer.eventTalkRetainerOther:1,retainer;chara
6921,3001162,/Chara/Npc/Retainer/OrdinaryRetainer,chara/npc/retainer/ordinaryretainer,True,1900066,0,,OrdinaryRetainer,RetainerBaseClass,319:ordinaryRetainer,12,OrdinaryRetainer.eventTalkRetainerItemTrade:8;OrdinaryRetainer.eventTalkRetainerMenu:3;OrdinaryRetainer.eventTalkRetainerItemList:3;OrdinaryRetainer.checkRetainerMeetingGroupClient:2;OrdinaryRetainer.eventTalkRetainerDismissal:2;OrdinaryRetainer.eventTalkRetainerMannequin:2;OrdinaryRetainer.eventReturnResult:2;OrdinaryRetainer.eventPlayerTurn:2;OrdinaryRetainer._onInit:1;OrdinaryRetainer.eventTalkRetainerOther:1,retainer;chara
6922,3001163,/Chara/Npc/Retainer/OrdinaryRetainer,chara/npc/retainer/ordinaryretainer,True,1900070,0,,OrdinaryRetainer,RetainerBaseClass,319:ordinaryRetainer,12,OrdinaryRetainer.eventTalkRetainerItemTrade:8;OrdinaryRetainer.eventTalkRetainerMenu:3;OrdinaryRetainer.eventTalkRetainerItemList:3;OrdinaryRetainer.checkRetainerMeetingGroupClient:2;OrdinaryRetainer.eventTalkRetainerDismissal:2;OrdinaryRetainer.eventTalkRetainerMannequin:2;OrdinaryRetainer.eventReturnResult:2;OrdinaryRetainer.eventPlayerTurn:2;OrdinaryRetainer._onInit:1;OrdinaryRetainer.eventTalkRetainerOther:1,retainer;chara
6923,3001164,/Chara/Npc/Retainer/OrdinaryRetainer,chara/npc/retainer/ordinaryretainer,True,1900075,0,,OrdinaryRetainer,RetainerBaseClass,319:ordinaryRetainer,12,OrdinaryRetainer.eventTalkRetainerItemTrade:8;OrdinaryRetainer.eventTalkRetainerMenu:3;OrdinaryRetainer.eventTalkRetainerItemList:3;OrdinaryRetainer.checkRetainerMeetingGroupClient:2;OrdinaryRetainer.eventTalkRetainerDismissal:2;OrdinaryRetainer.eventTalkRetainerMannequin:2;OrdinaryRetainer.eventReturnResult:2;OrdinaryRetainer.eventPlayerTurn:2;OrdinaryRetainer._onInit:1;OrdinaryRetainer.eventTalkRetainerOther:1,retainer;chara
6924,3001165,/Chara/Npc/Retainer/OrdinaryRetainer,chara/npc/retainer/ordinaryretainer,True,1900076,0,,OrdinaryRetainer,RetainerBaseClass,319:ordinaryRetainer,12,OrdinaryRetainer.eventTalkRetainerItemTrade:8;OrdinaryRetainer.eventTalkRetainerMenu:3;OrdinaryRetainer.eventTalkRetainerItemList:3;OrdinaryRetainer.checkRetainerMeetingGroupClient:2;OrdinaryRetainer.eventTalkRetainerDismissal:2;OrdinaryRetainer.eventTalkRetainerMannequin:2;OrdinaryRetainer.eventReturnResult:2;OrdinaryRetainer.eventPlayerTurn:2;OrdinaryRetainer._onInit:1;OrdinaryRetainer.eventTalkRetainerOther:1,retainer;chara
6925,3001166,/Chara/Npc/Retainer/OrdinaryRetainer,chara/npc/retainer/ordinaryretainer,True,1600067,0,,OrdinaryRetainer,RetainerBaseClass,319:ordinaryRetainer,12,OrdinaryRetainer.eventTalkRetainerItemTrade:8;OrdinaryRetainer.eventTalkRetainerMenu:3;OrdinaryRetainer.eventTalkRetainerItemList:3;OrdinaryRetainer.checkRetainerMeetingGroupClient:2;OrdinaryRetainer.eventTalkRetainerDismissal:2;OrdinaryRetainer.eventTalkRetainerMannequin:2;OrdinaryRetainer.eventReturnResult:2;OrdinaryRetainer.eventPlayerTurn:2;OrdinaryRetainer._onInit:1;OrdinaryRetainer.eventTalkRetainerOther:1,retainer;chara
6926,3001167,/Chara/Npc/Retainer/OrdinaryRetainer,chara/npc/retainer/ordinaryretainer,True,1600097,0,,OrdinaryRetainer,RetainerBaseClass,319:ordinaryRetainer,12,OrdinaryRetainer.eventTalkRetainerItemTrade:8;OrdinaryRetainer.eventTalkRetainerMenu:3;OrdinaryRetainer.eventTalkRetainerItemList:3;OrdinaryRetainer.checkRetainerMeetingGroupClient:2;OrdinaryRetainer.eventTalkRetainerDismissal:2;OrdinaryRetainer.eventTalkRetainerMannequin:2;OrdinaryRetainer.eventReturnResult:2;OrdinaryRetainer.eventPlayerTurn:2;OrdinaryRetainer._onInit:1;OrdinaryRetainer.eventTalkRetainerOther:1,retainer;chara
6927,3001168,/Chara/Npc/Retainer/OrdinaryRetainer,chara/npc/retainer/ordinaryretainer,True,1600138,0,,OrdinaryRetainer,RetainerBaseClass,319:ordinaryRetainer,12,OrdinaryRetainer.eventTalkRetainerItemTrade:8;OrdinaryRetainer.eventTalkRetainerMenu:3;OrdinaryRetainer.eventTalkRetainerItemList:3;OrdinaryRetainer.checkRetainerMeetingGroupClient:2;OrdinaryRetainer.eventTalkRetainerDismissal:2;OrdinaryRetainer.eventTalkRetainerMannequin:2;OrdinaryRetainer.eventReturnResult:2;OrdinaryRetainer.eventPlayerTurn:2;OrdinaryRetainer._onInit:1;OrdinaryRetainer.eventTalkRetainerOther:1,retainer;chara
6928,3001169,/Chara/Npc/Retainer/OrdinaryRetainer,chara/npc/retainer/ordinaryretainer,True,1600188,0,,OrdinaryRetainer,RetainerBaseClass,319:ordinaryRetainer,12,OrdinaryRetainer.eventTalkRetainerItemTrade:8;OrdinaryRetainer.eventTalkRetainerMenu:3;OrdinaryRetainer.eventTalkRetainerItemList:3;OrdinaryRetainer.checkRetainerMeetingGroupClient:2;OrdinaryRetainer.eventTalkRetainerDismissal:2;OrdinaryRetainer.eventTalkRetainerMannequin:2;OrdinaryRetainer.eventReturnResult:2;OrdinaryRetainer.eventPlayerTurn:2;OrdinaryRetainer._onInit:1;OrdinaryRetainer.eventTalkRetainerOther:1,retainer;chara
6929,3001170,/Chara/Npc/Retainer/OrdinaryRetainer,chara/npc/retainer/ordinaryretainer,True,1600238,0,,OrdinaryRetainer,RetainerBaseClass,319:ordinaryRetainer,12,OrdinaryRetainer.eventTalkRetainerItemTrade:8;OrdinaryRetainer.eventTalkRetainerMenu:3;OrdinaryRetainer.eventTalkRetainerItemList:3;OrdinaryRetainer.checkRetainerMeetingGroupClient:2;OrdinaryRetainer.eventTalkRetainerDismissal:2;OrdinaryRetainer.eventTalkRetainerMannequin:2;OrdinaryRetainer.eventReturnResult:2;OrdinaryRetainer.eventPlayerTurn:2;OrdinaryRetainer._onInit:1;OrdinaryRetainer.eventTalkRetainerOther:1,retainer;chara
6930,3001171,/Chara/Npc/Retainer/OrdinaryRetainer,chara/npc/retainer/ordinaryretainer,True,1600035,0,,OrdinaryRetainer,RetainerBaseClass,319:ordinaryRetainer,12,OrdinaryRetainer.eventTalkRetainerItemTrade:8;OrdinaryRetainer.eventTalkRetainerMenu:3;OrdinaryRetainer.eventTalkRetainerItemList:3;OrdinaryRetainer.checkRetainerMeetingGroupClient:2;OrdinaryRetainer.eventTalkRetainerDismissal:2;OrdinaryRetainer.eventTalkRetainerMannequin:2;OrdinaryRetainer.eventReturnResult:2;OrdinaryRetainer.eventPlayerTurn:2;OrdinaryRetainer._onInit:1;OrdinaryRetainer.eventTalkRetainerOther:1,retainer;chara
6931,3001172,/Chara/Npc/Retainer/OrdinaryRetainer,chara/npc/retainer/ordinaryretainer,True,1600079,0,,OrdinaryRetainer,RetainerBaseClass,319:ordinaryRetainer,12,OrdinaryRetainer.eventTalkRetainerItemTrade:8;OrdinaryRetainer.eventTalkRetainerMenu:3;OrdinaryRetainer.eventTalkRetainerItemList:3;OrdinaryRetainer.checkRetainerMeetingGroupClient:2;OrdinaryRetainer.eventTalkRetainerDismissal:2;OrdinaryRetainer.eventTalkRetainerMannequin:2;OrdinaryRetainer.eventReturnResult:2;OrdinaryRetainer.eventPlayerTurn:2;OrdinaryRetainer._onInit:1;OrdinaryRetainer.eventTalkRetainerOther:1,retainer;chara
6932,3001173,/Chara/Npc/Retainer/OrdinaryRetainer,chara/npc/retainer/ordinaryretainer,True,1600106,0,,OrdinaryRetainer,RetainerBaseClass,319:ordinaryRetainer,12,OrdinaryRetainer.eventTalkRetainerItemTrade:8;OrdinaryRetainer.eventTalkRetainerMenu:3;OrdinaryRetainer.eventTalkRetainerItemList:3;OrdinaryRetainer.checkRetainerMeetingGroupClient:2;OrdinaryRetainer.eventTalkRetainerDismissal:2;OrdinaryRetainer.eventTalkRetainerMannequin:2;OrdinaryRetainer.eventReturnResult:2;OrdinaryRetainer.eventPlayerTurn:2;OrdinaryRetainer._onInit:1;OrdinaryRetainer.eventTalkRetainerOther:1,retainer;chara
6933,3001174,/Chara/Npc/Retainer/OrdinaryRetainer,chara/npc/retainer/ordinaryretainer,True,1600134,0,,OrdinaryRetainer,RetainerBaseClass,319:ordinaryRetainer,12,OrdinaryRetainer.eventTalkRetainerItemTrade:8;OrdinaryRetainer.eventTalkRetainerMenu:3;OrdinaryRetainer.eventTalkRetainerItemList:3;OrdinaryRetainer.checkRetainerMeetingGroupClient:2;OrdinaryRetainer.eventTalkRetainerDismissal:2;OrdinaryRetainer.eventTalkRetainerMannequin:2;OrdinaryRetainer.eventReturnResult:2;OrdinaryRetainer.eventPlayerTurn:2;OrdinaryRetainer._onInit:1;OrdinaryRetainer.eventTalkRetainerOther:1,retainer;chara
6934,3001175,/Chara/Npc/Retainer/OrdinaryRetainer,chara/npc/retainer/ordinaryretainer,True,1600266,0,,OrdinaryRetainer,RetainerBaseClass,319:ordinaryRetainer,12,OrdinaryRetainer.eventTalkRetainerItemTrade:8;OrdinaryRetainer.eventTalkRetainerMenu:3;OrdinaryRetainer.eventTalkRetainerItemList:3;OrdinaryRetainer.checkRetainerMeetingGroupClient:2;OrdinaryRetainer.eventTalkRetainerDismissal:2;OrdinaryRetainer.eventTalkRetainerMannequin:2;OrdinaryRetainer.eventReturnResult:2;OrdinaryRetainer.eventPlayerTurn:2;OrdinaryRetainer._onInit:1;OrdinaryRetainer.eventTalkRetainerOther:1,retainer;chara
6935,3002101,/Chara/Npc/Retainer/OrdinaryRetainer,chara/npc/retainer/ordinaryretainer,True,1000102,0,,OrdinaryRetainer,RetainerBaseClass,319:ordinaryRetainer,12,OrdinaryRetainer.eventTalkRetainerItemTrade:8;OrdinaryRetainer.eventTalkRetainerMenu:3;OrdinaryRetainer.eventTalkRetainerItemList:3;OrdinaryRetainer.checkRetainerMeetingGroupClient:2;OrdinaryRetainer.eventTalkRetainerDismissal:2;OrdinaryRetainer.eventTalkRetainerMannequin:2;OrdinaryRetainer.eventReturnResult:2;OrdinaryRetainer.eventPlayerTurn:2;OrdinaryRetainer._onInit:1;OrdinaryRetainer.eventTalkRetainerOther:1,retainer;chara
6936,3002102,/Chara/Npc/Retainer/OrdinaryRetainer,chara/npc/retainer/ordinaryretainer,True,1000250,0,,OrdinaryRetainer,RetainerBaseClass,319:ordinaryRetainer,12,OrdinaryRetainer.eventTalkRetainerItemTrade:8;OrdinaryRetainer.eventTalkRetainerMenu:3;OrdinaryRetainer.eventTalkRetainerItemList:3;OrdinaryRetainer.checkRetainerMeetingGroupClient:2;OrdinaryRetainer.eventTalkRetainerDismissal:2;OrdinaryRetainer.eventTalkRetainerMannequin:2;OrdinaryRetainer.eventReturnResult:2;OrdinaryRetainer.eventPlayerTurn:2;OrdinaryRetainer._onInit:1;OrdinaryRetainer.eventTalkRetainerOther:1,retainer;chara
6937,3002103,/Chara/Npc/Retainer/OrdinaryRetainer,chara/npc/retainer/ordinaryretainer,True,1000334,0,,OrdinaryRetainer,RetainerBaseClass,319:ordinaryRetainer,12,OrdinaryRetainer.eventTalkRetainerItemTrade:8;OrdinaryRetainer.eventTalkRetainerMenu:3;OrdinaryRetainer.eventTalkRetainerItemList:3;OrdinaryRetainer.checkRetainerMeetingGroupClient:2;OrdinaryRetainer.eventTalkRetainerDismissal:2;OrdinaryRetainer.eventTalkRetainerMannequin:2;OrdinaryRetainer.eventReturnResult:2;OrdinaryRetainer.eventPlayerTurn:2;OrdinaryRetainer._onInit:1;OrdinaryRetainer.eventTalkRetainerOther:1,retainer;chara
6938,3002104,/Chara/Npc/Retainer/OrdinaryRetainer,chara/npc/retainer/ordinaryretainer,True,1000388,0,,OrdinaryRetainer,RetainerBaseClass,319:ordinaryRetainer,12,OrdinaryRetainer.eventTalkRetainerItemTrade:8;OrdinaryRetainer.eventTalkRetainerMenu:3;OrdinaryRetainer.eventTalkRetainerItemList:3;OrdinaryRetainer.checkRetainerMeetingGroupClient:2;OrdinaryRetainer.eventTalkRetainerDismissal:2;OrdinaryRetainer.eventTalkRetainerMannequin:2;OrdinaryRetainer.eventReturnResult:2;OrdinaryRetainer.eventPlayerTurn:2;OrdinaryRetainer._onInit:1;OrdinaryRetainer.eventTalkRetainerOther:1,retainer;chara
6939,3002105,/Chara/Npc/Retainer/OrdinaryRetainer,chara/npc/retainer/ordinaryretainer,True,1000399,0,,OrdinaryRetainer,RetainerBaseClass,319:ordinaryRetainer,12,OrdinaryRetainer.eventTalkRetainerItemTrade:8;OrdinaryRetainer.eventTalkRetainerMenu:3;OrdinaryRetainer.eventTalkRetainerItemList:3;OrdinaryRetainer.checkRetainerMeetingGroupClient:2;OrdinaryRetainer.eventTalkRetainerDismissal:2;OrdinaryRetainer.eventTalkRetainerMannequin:2;OrdinaryRetainer.eventReturnResult:2;OrdinaryRetainer.eventPlayerTurn:2;OrdinaryRetainer._onInit:1;OrdinaryRetainer.eventTalkRetainerOther:1,retainer;chara
6940,3002106,/Chara/Npc/Retainer/OrdinaryRetainer,chara/npc/retainer/ordinaryretainer,True,1100056,0,,OrdinaryRetainer,RetainerBaseClass,319:ordinaryRetainer,12,OrdinaryRetainer.eventTalkRetainerItemTrade:8;OrdinaryRetainer.eventTalkRetainerMenu:3;OrdinaryRetainer.eventTalkRetainerItemList:3;OrdinaryRetainer.checkRetainerMeetingGroupClient:2;OrdinaryRetainer.eventTalkRetainerDismissal:2;OrdinaryRetainer.eventTalkRetainerMannequin:2;OrdinaryRetainer.eventReturnResult:2;OrdinaryRetainer.eventPlayerTurn:2;OrdinaryRetainer._onInit:1;OrdinaryRetainer.eventTalkRetainerOther:1,retainer;chara
6941,3002107,/Chara/Npc/Retainer/OrdinaryRetainer,chara/npc/retainer/ordinaryretainer,True,1100078,0,,OrdinaryRetainer,RetainerBaseClass,319:ordinaryRetainer,12,OrdinaryRetainer.eventTalkRetainerItemTrade:8;OrdinaryRetainer.eventTalkRetainerMenu:3;OrdinaryRetainer.eventTalkRetainerItemList:3;OrdinaryRetainer.checkRetainerMeetingGroupClient:2;OrdinaryRetainer.eventTalkRetainerDismissal:2;OrdinaryRetainer.eventTalkRetainerMannequin:2;OrdinaryRetainer.eventReturnResult:2;OrdinaryRetainer.eventPlayerTurn:2;OrdinaryRetainer._onInit:1;OrdinaryRetainer.eventTalkRetainerOther:1,retainer;chara
6942,3002108,/Chara/Npc/Retainer/OrdinaryRetainer,chara/npc/retainer/ordinaryretainer,True,1100114,0,,OrdinaryRetainer,RetainerBaseClass,319:ordinaryRetainer,12,OrdinaryRetainer.eventTalkRetainerItemTrade:8;OrdinaryRetainer.eventTalkRetainerMenu:3;OrdinaryRetainer.eventTalkRetainerItemList:3;OrdinaryRetainer.checkRetainerMeetingGroupClient:2;OrdinaryRetainer.eventTalkRetainerDismissal:2;OrdinaryRetainer.eventTalkRetainerMannequin:2;OrdinaryRetainer.eventReturnResult:2;OrdinaryRetainer.eventPlayerTurn:2;OrdinaryRetainer._onInit:1;OrdinaryRetainer.eventTalkRetainerOther:1,retainer;chara
6943,3002109,/Chara/Npc/Retainer/OrdinaryRetainer,chara/npc/retainer/ordinaryretainer,True,1100217,0,,OrdinaryRetainer,RetainerBaseClass,319:ordinaryRetainer,12,OrdinaryRetainer.eventTalkRetainerItemTrade:8;OrdinaryRetainer.eventTalkRetainerMenu:3;OrdinaryRetainer.eventTalkRetainerItemList:3;OrdinaryRetainer.checkRetainerMeetingGroupClient:2;OrdinaryRetainer.eventTalkRetainerDismissal:2;OrdinaryRetainer.eventTalkRetainerMannequin:2;OrdinaryRetainer.eventReturnResult:2;OrdinaryRetainer.eventPlayerTurn:2;OrdinaryRetainer._onInit:1;OrdinaryRetainer.eventTalkRetainerOther:1,retainer;chara
6944,3002110,/Chara/Npc/Retainer/OrdinaryRetainer,chara/npc/retainer/ordinaryretainer,True,1100418,0,,OrdinaryRetainer,RetainerBaseClass,319:ordinaryRetainer,12,OrdinaryRetainer.eventTalkRetainerItemTrade:8;OrdinaryRetainer.eventTalkRetainerMenu:3;OrdinaryRetainer.eventTalkRetainerItemList:3;OrdinaryRetainer.checkRetainerMeetingGroupClient:2;OrdinaryRetainer.eventTalkRetainerDismissal:2;OrdinaryRetainer.eventTalkRetainerMannequin:2;OrdinaryRetainer.eventReturnResult:2;OrdinaryRetainer.eventPlayerTurn:2;OrdinaryRetainer._onInit:1;OrdinaryRetainer.eventTalkRetainerOther:1,retainer;chara
6945,3002111,/Chara/Npc/Retainer/OrdinaryRetainer,chara/npc/retainer/ordinaryretainer,True,2200082,0,,OrdinaryRetainer,RetainerBaseClass,319:ordinaryRetainer,12,OrdinaryRetainer.eventTalkRetainerItemTrade:8;OrdinaryRetainer.eventTalkRetainerMenu:3;OrdinaryRetainer.eventTalkRetainerItemList:3;OrdinaryRetainer.checkRetainerMeetingGroupClient:2;OrdinaryRetainer.eventTalkRetainerDismissal:2;OrdinaryRetainer.eventTalkRetainerMannequin:2;OrdinaryRetainer.eventReturnResult:2;OrdinaryRetainer.eventPlayerTurn:2;OrdinaryRetainer._onInit:1;OrdinaryRetainer.eventTalkRetainerOther:1,retainer;chara
6946,3002112,/Chara/Npc/Retainer/OrdinaryRetainer,chara/npc/retainer/ordinaryretainer,True,2200125,0,,OrdinaryRetainer,RetainerBaseClass,319:ordinaryRetainer,12,OrdinaryRetainer.eventTalkRetainerItemTrade:8;OrdinaryRetainer.eventTalkRetainerMenu:3;OrdinaryRetainer.eventTalkRetainerItemList:3;OrdinaryRetainer.checkRetainerMeetingGroupClient:2;OrdinaryRetainer.eventTalkRetainerDismissal:2;OrdinaryRetainer.eventTalkRetainerMannequin:2;OrdinaryRetainer.eventReturnResult:2;OrdinaryRetainer.eventPlayerTurn:2;OrdinaryRetainer._onInit:1;OrdinaryRetainer.eventTalkRetainerOther:1,retainer;chara
6947,3002113,/Chara/Npc/Retainer/OrdinaryRetainer,chara/npc/retainer/ordinaryretainer,True,2200159,0,,OrdinaryRetainer,RetainerBaseClass,319:ordinaryRetainer,12,OrdinaryRetainer.eventTalkRetainerItemTrade:8;OrdinaryRetainer.eventTalkRetainerMenu:3;OrdinaryRetainer.eventTalkRetainerItemList:3;OrdinaryRetainer.checkRetainerMeetingGroupClient:2;OrdinaryRetainer.eventTalkRetainerDismissal:2;OrdinaryRetainer.eventTalkRetainerMannequin:2;OrdinaryRetainer.eventReturnResult:2;OrdinaryRetainer.eventPlayerTurn:2;OrdinaryRetainer._onInit:1;OrdinaryRetainer.eventTalkRetainerOther:1,retainer;chara
6948,3002114,/Chara/Npc/Retainer/OrdinaryRetainer,chara/npc/retainer/ordinaryretainer,True,2200210,0,,OrdinaryRetainer,RetainerBaseClass,319:ordinaryRetainer,12,OrdinaryRetainer.eventTalkRetainerItemTrade:8;OrdinaryRetainer.eventTalkRetainerMenu:3;OrdinaryRetainer.eventTalkRetainerItemList:3;OrdinaryRetainer.checkRetainerMeetingGroupClient:2;OrdinaryRetainer.eventTalkRetainerDismissal:2;OrdinaryRetainer.eventTalkRetainerMannequin:2;OrdinaryRetainer.eventReturnResult:2;OrdinaryRetainer.eventPlayerTurn:2;OrdinaryRetainer._onInit:1;OrdinaryRetainer.eventTalkRetainerOther:1,retainer;chara
6949,3002115,/Chara/Npc/Retainer/OrdinaryRetainer,chara/npc/retainer/ordinaryretainer,True,2200239,0,,OrdinaryRetainer,RetainerBaseClass,319:ordinaryRetainer,12,OrdinaryRetainer.eventTalkRetainerItemTrade:8;OrdinaryRetainer.eventTalkRetainerMenu:3;OrdinaryRetainer.eventTalkRetainerItemList:3;OrdinaryRetainer.checkRetainerMeetingGroupClient:2;OrdinaryRetainer.eventTalkRetainerDismissal:2;OrdinaryRetainer.eventTalkRetainerMannequin:2;OrdinaryRetainer.eventReturnResult:2;OrdinaryRetainer.eventPlayerTurn:2;OrdinaryRetainer._onInit:1;OrdinaryRetainer.eventTalkRetainerOther:1,retainer;chara
6950,3002116,/Chara/Npc/Retainer/OrdinaryRetainer,chara/npc/retainer/ordinaryretainer,True,1200040,0,,OrdinaryRetainer,RetainerBaseClass,319:ordinaryRetainer,12,OrdinaryRetainer.eventTalkRetainerItemTrade:8;OrdinaryRetainer.eventTalkRetainerMenu:3;OrdinaryRetainer.eventTalkRetainerItemList:3;OrdinaryRetainer.checkRetainerMeetingGroupClient:2;OrdinaryRetainer.eventTalkRetainerDismissal:2;OrdinaryRetainer.eventTalkRetainerMannequin:2;OrdinaryRetainer.eventReturnResult:2;OrdinaryRetainer.eventPlayerTurn:2;OrdinaryRetainer._onInit:1;OrdinaryRetainer.eventTalkRetainerOther:1,retainer;chara
6951,3002117,/Chara/Npc/Retainer/OrdinaryRetainer,chara/npc/retainer/ordinaryretainer,True,1200056,0,,OrdinaryRetainer,RetainerBaseClass,319:ordinaryRetainer,12,OrdinaryRetainer.eventTalkRetainerItemTrade:8;OrdinaryRetainer.eventTalkRetainerMenu:3;OrdinaryRetainer.eventTalkRetainerItemList:3;OrdinaryRetainer.checkRetainerMeetingGroupClient:2;OrdinaryRetainer.eventTalkRetainerDismissal:2;OrdinaryRetainer.eventTalkRetainerMannequin:2;OrdinaryRetainer.eventReturnResult:2;OrdinaryRetainer.eventPlayerTurn:2;OrdinaryRetainer._onInit:1;OrdinaryRetainer.eventTalkRetainerOther:1,retainer;chara
6952,3002118,/Chara/Npc/Retainer/OrdinaryRetainer,chara/npc/retainer/ordinaryretainer,True,1200101,0,,OrdinaryRetainer,RetainerBaseClass,319:ordinaryRetainer,12,OrdinaryRetainer.eventTalkRetainerItemTrade:8;OrdinaryRetainer.eventTalkRetainerMenu:3;OrdinaryRetainer.eventTalkRetainerItemList:3;OrdinaryRetainer.checkRetainerMeetingGroupClient:2;OrdinaryRetainer.eventTalkRetainerDismissal:2;OrdinaryRetainer.eventTalkRetainerMannequin:2;OrdinaryRetainer.eventReturnResult:2;OrdinaryRetainer.eventPlayerTurn:2;OrdinaryRetainer._onInit:1;OrdinaryRetainer.eventTalkRetainerOther:1,retainer;chara
6953,3002119,/Chara/Npc/Retainer/OrdinaryRetainer,chara/npc/retainer/ordinaryretainer,True,1200165,0,,OrdinaryRetainer,RetainerBaseClass,319:ordinaryRetainer,12,OrdinaryRetainer.eventTalkRetainerItemTrade:8;OrdinaryRetainer.eventTalkRetainerMenu:3;OrdinaryRetainer.eventTalkRetainerItemList:3;OrdinaryRetainer.checkRetainerMeetingGroupClient:2;OrdinaryRetainer.eventTalkRetainerDismissal:2;OrdinaryRetainer.eventTalkRetainerMannequin:2;OrdinaryRetainer.eventReturnResult:2;OrdinaryRetainer.eventPlayerTurn:2;OrdinaryRetainer._onInit:1;OrdinaryRetainer.eventTalkRetainerOther:1,retainer;chara
6954,3002120,/Chara/Npc/Retainer/OrdinaryRetainer,chara/npc/retainer/ordinaryretainer,True,1200178,0,,OrdinaryRetainer,RetainerBaseClass,319:ordinaryRetainer,12,OrdinaryRetainer.eventTalkRetainerItemTrade:8;OrdinaryRetainer.eventTalkRetainerMenu:3;OrdinaryRetainer.eventTalkRetainerItemList:3;OrdinaryRetainer.checkRetainerMeetingGroupClient:2;OrdinaryRetainer.eventTalkRetainerDismissal:2;OrdinaryRetainer.eventTalkRetainerMannequin:2;OrdinaryRetainer.eventReturnResult:2;OrdinaryRetainer.eventPlayerTurn:2;OrdinaryRetainer._onInit:1;OrdinaryRetainer.eventTalkRetainerOther:1,retainer;chara
6955,3002121,/Chara/Npc/Retainer/OrdinaryRetainer,chara/npc/retainer/ordinaryretainer,True,1300009,0,,OrdinaryRetainer,RetainerBaseClass,319:ordinaryRetainer,12,OrdinaryRetainer.eventTalkRetainerItemTrade:8;OrdinaryRetainer.eventTalkRetainerMenu:3;OrdinaryRetainer.eventTalkRetainerItemList:3;OrdinaryRetainer.checkRetainerMeetingGroupClient:2;OrdinaryRetainer.eventTalkRetainerDismissal:2;OrdinaryRetainer.eventTalkRetainerMannequin:2;OrdinaryRetainer.eventReturnResult:2;OrdinaryRetainer.eventPlayerTurn:2;OrdinaryRetainer._onInit:1;OrdinaryRetainer.eventTalkRetainerOther:1,retainer;chara
6956,3002122,/Chara/Npc/Retainer/OrdinaryRetainer,chara/npc/retainer/ordinaryretainer,True,1300036,0,,OrdinaryRetainer,RetainerBaseClass,319:ordinaryRetainer,12,OrdinaryRetainer.eventTalkRetainerItemTrade:8;OrdinaryRetainer.eventTalkRetainerMenu:3;OrdinaryRetainer.eventTalkRetainerItemList:3;OrdinaryRetainer.checkRetainerMeetingGroupClient:2;OrdinaryRetainer.eventTalkRetainerDismissal:2;OrdinaryRetainer.eventTalkRetainerMannequin:2;OrdinaryRetainer.eventReturnResult:2;OrdinaryRetainer.eventPlayerTurn:2;OrdinaryRetainer._onInit:1;OrdinaryRetainer.eventTalkRetainerOther:1,retainer;chara
6957,3002123,/Chara/Npc/Retainer/OrdinaryRetainer,chara/npc/retainer/ordinaryretainer,True,1300053,0,,OrdinaryRetainer,RetainerBaseClass,319:ordinaryRetainer,12,OrdinaryRetainer.eventTalkRetainerItemTrade:8;OrdinaryRetainer.eventTalkRetainerMenu:3;OrdinaryRetainer.eventTalkRetainerItemList:3;OrdinaryRetainer.checkRetainerMeetingGroupClient:2;OrdinaryRetainer.eventTalkRetainerDismissal:2;OrdinaryRetainer.eventTalkRetainerMannequin:2;OrdinaryRetainer.eventReturnResult:2;OrdinaryRetainer.eventPlayerTurn:2;OrdinaryRetainer._onInit:1;OrdinaryRetainer.eventTalkRetainerOther:1,retainer;chara
6958,3002124,/Chara/Npc/Retainer/OrdinaryRetainer,chara/npc/retainer/ordinaryretainer,True,1300117,0,,OrdinaryRetainer,RetainerBaseClass,319:ordinaryRetainer,12,OrdinaryRetainer.eventTalkRetainerItemTrade:8;OrdinaryRetainer.eventTalkRetainerMenu:3;OrdinaryRetainer.eventTalkRetainerItemList:3;OrdinaryRetainer.checkRetainerMeetingGroupClient:2;OrdinaryRetainer.eventTalkRetainerDismissal:2;OrdinaryRetainer.eventTalkRetainerMannequin:2;OrdinaryRetainer.eventReturnResult:2;OrdinaryRetainer.eventPlayerTurn:2;OrdinaryRetainer._onInit:1;OrdinaryRetainer.eventTalkRetainerOther:1,retainer;chara
6959,3002125,/Chara/Npc/Retainer/OrdinaryRetainer,chara/npc/retainer/ordinaryretainer,True,1300143,0,,OrdinaryRetainer,RetainerBaseClass,319:ordinaryRetainer,12,OrdinaryRetainer.eventTalkRetainerItemTrade:8;OrdinaryRetainer.eventTalkRetainerMenu:3;OrdinaryRetainer.eventTalkRetainerItemList:3;OrdinaryRetainer.checkRetainerMeetingGroupClient:2;OrdinaryRetainer.eventTalkRetainerDismissal:2;OrdinaryRetainer.eventTalkRetainerMannequin:2;OrdinaryRetainer.eventReturnResult:2;OrdinaryRetainer.eventPlayerTurn:2;OrdinaryRetainer._onInit:1;OrdinaryRetainer.eventTalkRetainerOther:1,retainer;chara
6960,3002126,/Chara/Npc/Retainer/OrdinaryRetainer,chara/npc/retainer/ordinaryretainer,True,1200053,0,,OrdinaryRetainer,RetainerBaseClass,319:ordinaryRetainer,12,OrdinaryRetainer.eventTalkRetainerItemTrade:8;OrdinaryRetainer.eventTalkRetainerMenu:3;OrdinaryRetainer.eventTalkRetainerItemList:3;OrdinaryRetainer.checkRetainerMeetingGroupClient:2;OrdinaryRetainer.eventTalkRetainerDismissal:2;OrdinaryRetainer.eventTalkRetainerMannequin:2;OrdinaryRetainer.eventReturnResult:2;OrdinaryRetainer.eventPlayerTurn:2;OrdinaryRetainer._onInit:1;OrdinaryRetainer.eventTalkRetainerOther:1,retainer;chara
6961,3002127,/Chara/Npc/Retainer/OrdinaryRetainer,chara/npc/retainer/ordinaryretainer,True,1200085,0,,OrdinaryRetainer,RetainerBaseClass,319:ordinaryRetainer,12,OrdinaryRetainer.eventTalkRetainerItemTrade:8;OrdinaryRetainer.eventTalkRetainerMenu:3;OrdinaryRetainer.eventTalkRetainerItemList:3;OrdinaryRetainer.checkRetainerMeetingGroupClient:2;OrdinaryRetainer.eventTalkRetainerDismissal:2;OrdinaryRetainer.eventTalkRetainerMannequin:2;OrdinaryRetainer.eventReturnResult:2;OrdinaryRetainer.eventPlayerTurn:2;OrdinaryRetainer._onInit:1;OrdinaryRetainer.eventTalkRetainerOther:1,retainer;chara
6962,3002128,/Chara/Npc/Retainer/OrdinaryRetainer,chara/npc/retainer/ordinaryretainer,True,1200151,0,,OrdinaryRetainer,RetainerBaseClass,319:ordinaryRetainer,12,OrdinaryRetainer.eventTalkRetainerItemTrade:8;OrdinaryRetainer.eventTalkRetainerMenu:3;OrdinaryRetainer.eventTalkRetainerItemList:3;OrdinaryRetainer.checkRetainerMeetingGroupClient:2;OrdinaryRetainer.eventTalkRetainerDismissal:2;OrdinaryRetainer.eventTalkRetainerMannequin:2;OrdinaryRetainer.eventReturnResult:2;OrdinaryRetainer.eventPlayerTurn:2;OrdinaryRetainer._onInit:1;OrdinaryRetainer.eventTalkRetainerOther:1,retainer;chara
6963,3002129,/Chara/Npc/Retainer/OrdinaryRetainer,chara/npc/retainer/ordinaryretainer,True,1200168,0,,OrdinaryRetainer,RetainerBaseClass,319:ordinaryRetainer,12,OrdinaryRetainer.eventTalkRetainerItemTrade:8;OrdinaryRetainer.eventTalkRetainerMenu:3;OrdinaryRetainer.eventTalkRetainerItemList:3;OrdinaryRetainer.checkRetainerMeetingGroupClient:2;OrdinaryRetainer.eventTalkRetainerDismissal:2;OrdinaryRetainer.eventTalkRetainerMannequin:2;OrdinaryRetainer.eventReturnResult:2;OrdinaryRetainer.eventPlayerTurn:2;OrdinaryRetainer._onInit:1;OrdinaryRetainer.eventTalkRetainerOther:1,retainer;chara
6964,3002130,/Chara/Npc/Retainer/OrdinaryRetainer,chara/npc/retainer/ordinaryretainer,True,1200186,0,,OrdinaryRetainer,RetainerBaseClass,319:ordinaryRetainer,12,OrdinaryRetainer.eventTalkRetainerItemTrade:8;OrdinaryRetainer.eventTalkRetainerMenu:3;OrdinaryRetainer.eventTalkRetainerItemList:3;OrdinaryRetainer.checkRetainerMeetingGroupClient:2;OrdinaryRetainer.eventTalkRetainerDismissal:2;OrdinaryRetainer.eventTalkRetainerMannequin:2;OrdinaryRetainer.eventReturnResult:2;OrdinaryRetainer.eventPlayerTurn:2;OrdinaryRetainer._onInit:1;OrdinaryRetainer.eventTalkRetainerOther:1,retainer;chara
6965,3002131,/Chara/Npc/Retainer/OrdinaryRetainer,chara/npc/retainer/ordinaryretainer,True,1300012,0,,OrdinaryRetainer,RetainerBaseClass,319:ordinaryRetainer,12,OrdinaryRetainer.eventTalkRetainerItemTrade:8;OrdinaryRetainer.eventTalkRetainerMenu:3;OrdinaryRetainer.eventTalkRetainerItemList:3;OrdinaryRetainer.checkRetainerMeetingGroupClient:2;OrdinaryRetainer.eventTalkRetainerDismissal:2;OrdinaryRetainer.eventTalkRetainerMannequin:2;OrdinaryRetainer.eventReturnResult:2;OrdinaryRetainer.eventPlayerTurn:2;OrdinaryRetainer._onInit:1;OrdinaryRetainer.eventTalkRetainerOther:1,retainer;chara
6966,3002132,/Chara/Npc/Retainer/OrdinaryRetainer,chara/npc/retainer/ordinaryretainer,True,1300047,0,,OrdinaryRetainer,RetainerBaseClass,319:ordinaryRetainer,12,OrdinaryRetainer.eventTalkRetainerItemTrade:8;OrdinaryRetainer.eventTalkRetainerMenu:3;OrdinaryRetainer.eventTalkRetainerItemList:3;OrdinaryRetainer.checkRetainerMeetingGroupClient:2;OrdinaryRetainer.eventTalkRetainerDismissal:2;OrdinaryRetainer.eventTalkRetainerMannequin:2;OrdinaryRetainer.eventReturnResult:2;OrdinaryRetainer.eventPlayerTurn:2;OrdinaryRetainer._onInit:1;OrdinaryRetainer.eventTalkRetainerOther:1,retainer;chara
6967,3002133,/Chara/Npc/Retainer/OrdinaryRetainer,chara/npc/retainer/ordinaryretainer,True,1300076,0,,OrdinaryRetainer,RetainerBaseClass,319:ordinaryRetainer,12,OrdinaryRetainer.eventTalkRetainerItemTrade:8;OrdinaryRetainer.eventTalkRetainerMenu:3;OrdinaryRetainer.eventTalkRetainerItemList:3;OrdinaryRetainer.checkRetainerMeetingGroupClient:2;OrdinaryRetainer.eventTalkRetainerDismissal:2;OrdinaryRetainer.eventTalkRetainerMannequin:2;OrdinaryRetainer.eventReturnResult:2;OrdinaryRetainer.eventPlayerTurn:2;OrdinaryRetainer._onInit:1;OrdinaryRetainer.eventTalkRetainerOther:1,retainer;chara
6968,3002134,/Chara/Npc/Retainer/OrdinaryRetainer,chara/npc/retainer/ordinaryretainer,True,1300133,0,,OrdinaryRetainer,RetainerBaseClass,319:ordinaryRetainer,12,OrdinaryRetainer.eventTalkRetainerItemTrade:8;OrdinaryRetainer.eventTalkRetainerMenu:3;OrdinaryRetainer.eventTalkRetainerItemList:3;OrdinaryRetainer.checkRetainerMeetingGroupClient:2;OrdinaryRetainer.eventTalkRetainerDismissal:2;OrdinaryRetainer.eventTalkRetainerMannequin:2;OrdinaryRetainer.eventReturnResult:2;OrdinaryRetainer.eventPlayerTurn:2;OrdinaryRetainer._onInit:1;OrdinaryRetainer.eventTalkRetainerOther:1,retainer;chara
6969,3002135,/Chara/Npc/Retainer/OrdinaryRetainer,chara/npc/retainer/ordinaryretainer,True,1300148,0,,OrdinaryRetainer,RetainerBaseClass,319:ordinaryRetainer,12,OrdinaryRetainer.eventTalkRetainerItemTrade:8;OrdinaryRetainer.eventTalkRetainerMenu:3;OrdinaryRetainer.eventTalkRetainerItemList:3;OrdinaryRetainer.checkRetainerMeetingGroupClient:2;OrdinaryRetainer.eventTalkRetainerDismissal:2;OrdinaryRetainer.eventTalkRetainerMannequin:2;OrdinaryRetainer.eventReturnResult:2;OrdinaryRetainer.eventPlayerTurn:2;OrdinaryRetainer._onInit:1;OrdinaryRetainer.eventTalkRetainerOther:1,retainer;chara
6970,3002136,/Chara/Npc/Retainer/OrdinaryRetainer,chara/npc/retainer/ordinaryretainer,True,1400121,0,,OrdinaryRetainer,RetainerBaseClass,319:ordinaryRetainer,12,OrdinaryRetainer.eventTalkRetainerItemTrade:8;OrdinaryRetainer.eventTalkRetainerMenu:3;OrdinaryRetainer.eventTalkRetainerItemList:3;OrdinaryRetainer.checkRetainerMeetingGroupClient:2;OrdinaryRetainer.eventTalkRetainerDismissal:2;OrdinaryRetainer.eventTalkRetainerMannequin:2;OrdinaryRetainer.eventReturnResult:2;OrdinaryRetainer.eventPlayerTurn:2;OrdinaryRetainer._onInit:1;OrdinaryRetainer.eventTalkRetainerOther:1,retainer;chara
6971,3002137,/Chara/Npc/Retainer/OrdinaryRetainer,chara/npc/retainer/ordinaryretainer,True,1400129,0,,OrdinaryRetainer,RetainerBaseClass,319:ordinaryRetainer,12,OrdinaryRetainer.eventTalkRetainerItemTrade:8;OrdinaryRetainer.eventTalkRetainerMenu:3;OrdinaryRetainer.eventTalkRetainerItemList:3;OrdinaryRetainer.checkRetainerMeetingGroupClient:2;OrdinaryRetainer.eventTalkRetainerDismissal:2;OrdinaryRetainer.eventTalkRetainerMannequin:2;OrdinaryRetainer.eventReturnResult:2;OrdinaryRetainer.eventPlayerTurn:2;OrdinaryRetainer._onInit:1;OrdinaryRetainer.eventTalkRetainerOther:1,retainer;chara
6972,3002138,/Chara/Npc/Retainer/OrdinaryRetainer,chara/npc/retainer/ordinaryretainer,True,1400133,0,,OrdinaryRetainer,RetainerBaseClass,319:ordinaryRetainer,12,OrdinaryRetainer.eventTalkRetainerItemTrade:8;OrdinaryRetainer.eventTalkRetainerMenu:3;OrdinaryRetainer.eventTalkRetainerItemList:3;OrdinaryRetainer.checkRetainerMeetingGroupClient:2;OrdinaryRetainer.eventTalkRetainerDismissal:2;OrdinaryRetainer.eventTalkRetainerMannequin:2;OrdinaryRetainer.eventReturnResult:2;OrdinaryRetainer.eventPlayerTurn:2;OrdinaryRetainer._onInit:1;OrdinaryRetainer.eventTalkRetainerOther:1,retainer;chara
6973,3002139,/Chara/Npc/Retainer/OrdinaryRetainer,chara/npc/retainer/ordinaryretainer,True,1400136,0,,OrdinaryRetainer,RetainerBaseClass,319:ordinaryRetainer,12,OrdinaryRetainer.eventTalkRetainerItemTrade:8;OrdinaryRetainer.eventTalkRetainerMenu:3;OrdinaryRetainer.eventTalkRetainerItemList:3;OrdinaryRetainer.checkRetainerMeetingGroupClient:2;OrdinaryRetainer.eventTalkRetainerDismissal:2;OrdinaryRetainer.eventTalkRetainerMannequin:2;OrdinaryRetainer.eventReturnResult:2;OrdinaryRetainer.eventPlayerTurn:2;OrdinaryRetainer._onInit:1;OrdinaryRetainer.eventTalkRetainerOther:1,retainer;chara
6974,3002140,/Chara/Npc/Retainer/OrdinaryRetainer,chara/npc/retainer/ordinaryretainer,True,1400138,0,,OrdinaryRetainer,RetainerBaseClass,319:ordinaryRetainer,12,OrdinaryRetainer.eventTalkRetainerItemTrade:8;OrdinaryRetainer.eventTalkRetainerMenu:3;OrdinaryRetainer.eventTalkRetainerItemList:3;OrdinaryRetainer.checkRetainerMeetingGroupClient:2;OrdinaryRetainer.eventTalkRetainerDismissal:2;OrdinaryRetainer.eventTalkRetainerMannequin:2;OrdinaryRetainer.eventReturnResult:2;OrdinaryRetainer.eventPlayerTurn:2;OrdinaryRetainer._onInit:1;OrdinaryRetainer.eventTalkRetainerOther:1,retainer;chara
6975,3002141,/Chara/Npc/Retainer/OrdinaryRetainer,chara/npc/retainer/ordinaryretainer,True,1500101,0,,OrdinaryRetainer,RetainerBaseClass,319:ordinaryRetainer,12,OrdinaryRetainer.eventTalkRetainerItemTrade:8;OrdinaryRetainer.eventTalkRetainerMenu:3;OrdinaryRetainer.eventTalkRetainerItemList:3;OrdinaryRetainer.checkRetainerMeetingGroupClient:2;OrdinaryRetainer.eventTalkRetainerDismissal:2;OrdinaryRetainer.eventTalkRetainerMannequin:2;OrdinaryRetainer.eventReturnResult:2;OrdinaryRetainer.eventPlayerTurn:2;OrdinaryRetainer._onInit:1;OrdinaryRetainer.eventTalkRetainerOther:1,retainer;chara
6976,3002142,/Chara/Npc/Retainer/OrdinaryRetainer,chara/npc/retainer/ordinaryretainer,True,1500106,0,,OrdinaryRetainer,RetainerBaseClass,319:ordinaryRetainer,12,OrdinaryRetainer.eventTalkRetainerItemTrade:8;OrdinaryRetainer.eventTalkRetainerMenu:3;OrdinaryRetainer.eventTalkRetainerItemList:3;OrdinaryRetainer.checkRetainerMeetingGroupClient:2;OrdinaryRetainer.eventTalkRetainerDismissal:2;OrdinaryRetainer.eventTalkRetainerMannequin:2;OrdinaryRetainer.eventReturnResult:2;OrdinaryRetainer.eventPlayerTurn:2;OrdinaryRetainer._onInit:1;OrdinaryRetainer.eventTalkRetainerOther:1,retainer;chara
6977,3002143,/Chara/Npc/Retainer/OrdinaryRetainer,chara/npc/retainer/ordinaryretainer,True,1500118,0,,OrdinaryRetainer,RetainerBaseClass,319:ordinaryRetainer,12,OrdinaryRetainer.eventTalkRetainerItemTrade:8;OrdinaryRetainer.eventTalkRetainerMenu:3;OrdinaryRetainer.eventTalkRetainerItemList:3;OrdinaryRetainer.checkRetainerMeetingGroupClient:2;OrdinaryRetainer.eventTalkRetainerDismissal:2;OrdinaryRetainer.eventTalkRetainerMannequin:2;OrdinaryRetainer.eventReturnResult:2;OrdinaryRetainer.eventPlayerTurn:2;OrdinaryRetainer._onInit:1;OrdinaryRetainer.eventTalkRetainerOther:1,retainer;chara
6978,3002144,/Chara/Npc/Retainer/OrdinaryRetainer,chara/npc/retainer/ordinaryretainer,True,1500128,0,,OrdinaryRetainer,RetainerBaseClass,319:ordinaryRetainer,12,OrdinaryRetainer.eventTalkRetainerItemTrade:8;OrdinaryRetainer.eventTalkRetainerMenu:3;OrdinaryRetainer.eventTalkRetainerItemList:3;OrdinaryRetainer.checkRetainerMeetingGroupClient:2;OrdinaryRetainer.eventTalkRetainerDismissal:2;OrdinaryRetainer.eventTalkRetainerMannequin:2;OrdinaryRetainer.eventReturnResult:2;OrdinaryRetainer.eventPlayerTurn:2;OrdinaryRetainer._onInit:1;OrdinaryRetainer.eventTalkRetainerOther:1,retainer;chara
6979,3002145,/Chara/Npc/Retainer/OrdinaryRetainer,chara/npc/retainer/ordinaryretainer,True,1500137,0,,OrdinaryRetainer,RetainerBaseClass,319:ordinaryRetainer,12,OrdinaryRetainer.eventTalkRetainerItemTrade:8;OrdinaryRetainer.eventTalkRetainerMenu:3;OrdinaryRetainer.eventTalkRetainerItemList:3;OrdinaryRetainer.checkRetainerMeetingGroupClient:2;OrdinaryRetainer.eventTalkRetainerDismissal:2;OrdinaryRetainer.eventTalkRetainerMannequin:2;OrdinaryRetainer.eventReturnResult:2;OrdinaryRetainer.eventPlayerTurn:2;OrdinaryRetainer._onInit:1;OrdinaryRetainer.eventTalkRetainerOther:1,retainer;chara
6980,3002146,/Chara/Npc/Retainer/OrdinaryRetainer,chara/npc/retainer/ordinaryretainer,True,1400025,0,,OrdinaryRetainer,RetainerBaseClass,319:ordinaryRetainer,12,OrdinaryRetainer.eventTalkRetainerItemTrade:8;OrdinaryRetainer.eventTalkRetainerMenu:3;OrdinaryRetainer.eventTalkRetainerItemList:3;OrdinaryRetainer.checkRetainerMeetingGroupClient:2;OrdinaryRetainer.eventTalkRetainerDismissal:2;OrdinaryRetainer.eventTalkRetainerMannequin:2;OrdinaryRetainer.eventReturnResult:2;OrdinaryRetainer.eventPlayerTurn:2;OrdinaryRetainer._onInit:1;OrdinaryRetainer.eventTalkRetainerOther:1,retainer;chara
6981,3002147,/Chara/Npc/Retainer/OrdinaryRetainer,chara/npc/retainer/ordinaryretainer,True,1400043,0,,OrdinaryRetainer,RetainerBaseClass,319:ordinaryRetainer,12,OrdinaryRetainer.eventTalkRetainerItemTrade:8;OrdinaryRetainer.eventTalkRetainerMenu:3;OrdinaryRetainer.eventTalkRetainerItemList:3;OrdinaryRetainer.checkRetainerMeetingGroupClient:2;OrdinaryRetainer.eventTalkRetainerDismissal:2;OrdinaryRetainer.eventTalkRetainerMannequin:2;OrdinaryRetainer.eventReturnResult:2;OrdinaryRetainer.eventPlayerTurn:2;OrdinaryRetainer._onInit:1;OrdinaryRetainer.eventTalkRetainerOther:1,retainer;chara
6982,3002148,/Chara/Npc/Retainer/OrdinaryRetainer,chara/npc/retainer/ordinaryretainer,True,1400048,0,,OrdinaryRetainer,RetainerBaseClass,319:ordinaryRetainer,12,OrdinaryRetainer.eventTalkRetainerItemTrade:8;OrdinaryRetainer.eventTalkRetainerMenu:3;OrdinaryRetainer.eventTalkRetainerItemList:3;OrdinaryRetainer.checkRetainerMeetingGroupClient:2;OrdinaryRetainer.eventTalkRetainerDismissal:2;OrdinaryRetainer.eventTalkRetainerMannequin:2;OrdinaryRetainer.eventReturnResult:2;OrdinaryRetainer.eventPlayerTurn:2;OrdinaryRetainer._onInit:1;OrdinaryRetainer.eventTalkRetainerOther:1,retainer;chara
6983,3002149,/Chara/Npc/Retainer/OrdinaryRetainer,chara/npc/retainer/ordinaryretainer,True,1400144,0,,OrdinaryRetainer,RetainerBaseClass,319:ordinaryRetainer,12,OrdinaryRetainer.eventTalkRetainerItemTrade:8;OrdinaryRetainer.eventTalkRetainerMenu:3;OrdinaryRetainer.eventTalkRetainerItemList:3;OrdinaryRetainer.checkRetainerMeetingGroupClient:2;OrdinaryRetainer.eventTalkRetainerDismissal:2;OrdinaryRetainer.eventTalkRetainerMannequin:2;OrdinaryRetainer.eventReturnResult:2;OrdinaryRetainer.eventPlayerTurn:2;OrdinaryRetainer._onInit:1;OrdinaryRetainer.eventTalkRetainerOther:1,retainer;chara
6984,3002150,/Chara/Npc/Retainer/OrdinaryRetainer,chara/npc/retainer/ordinaryretainer,True,1400147,0,,OrdinaryRetainer,RetainerBaseClass,319:ordinaryRetainer,12,OrdinaryRetainer.eventTalkRetainerItemTrade:8;OrdinaryRetainer.eventTalkRetainerMenu:3;OrdinaryRetainer.eventTalkRetainerItemList:3;OrdinaryRetainer.checkRetainerMeetingGroupClient:2;OrdinaryRetainer.eventTalkRetainerDismissal:2;OrdinaryRetainer.eventTalkRetainerMannequin:2;OrdinaryRetainer.eventReturnResult:2;OrdinaryRetainer.eventPlayerTurn:2;OrdinaryRetainer._onInit:1;OrdinaryRetainer.eventTalkRetainerOther:1,retainer;chara
6985,3002151,/Chara/Npc/Retainer/OrdinaryRetainer,chara/npc/retainer/ordinaryretainer,True,1500039,0,,OrdinaryRetainer,RetainerBaseClass,319:ordinaryRetainer,12,OrdinaryRetainer.eventTalkRetainerItemTrade:8;OrdinaryRetainer.eventTalkRetainerMenu:3;OrdinaryRetainer.eventTalkRetainerItemList:3;OrdinaryRetainer.checkRetainerMeetingGroupClient:2;OrdinaryRetainer.eventTalkRetainerDismissal:2;OrdinaryRetainer.eventTalkRetainerMannequin:2;OrdinaryRetainer.eventReturnResult:2;OrdinaryRetainer.eventPlayerTurn:2;OrdinaryRetainer._onInit:1;OrdinaryRetainer.eventTalkRetainerOther:1,retainer;chara
6986,3002152,/Chara/Npc/Retainer/OrdinaryRetainer,chara/npc/retainer/ordinaryretainer,True,1500059,0,,OrdinaryRetainer,RetainerBaseClass,319:ordinaryRetainer,12,OrdinaryRetainer.eventTalkRetainerItemTrade:8;OrdinaryRetainer.eventTalkRetainerMenu:3;OrdinaryRetainer.eventTalkRetainerItemList:3;OrdinaryRetainer.checkRetainerMeetingGroupClient:2;OrdinaryRetainer.eventTalkRetainerDismissal:2;OrdinaryRetainer.eventTalkRetainerMannequin:2;OrdinaryRetainer.eventReturnResult:2;OrdinaryRetainer.eventPlayerTurn:2;OrdinaryRetainer._onInit:1;OrdinaryRetainer.eventTalkRetainerOther:1,retainer;chara
6987,3002153,/Chara/Npc/Retainer/OrdinaryRetainer,chara/npc/retainer/ordinaryretainer,True,1500078,0,,OrdinaryRetainer,RetainerBaseClass,319:ordinaryRetainer,12,OrdinaryRetainer.eventTalkRetainerItemTrade:8;OrdinaryRetainer.eventTalkRetainerMenu:3;OrdinaryRetainer.eventTalkRetainerItemList:3;OrdinaryRetainer.checkRetainerMeetingGroupClient:2;OrdinaryRetainer.eventTalkRetainerDismissal:2;OrdinaryRetainer.eventTalkRetainerMannequin:2;OrdinaryRetainer.eventReturnResult:2;OrdinaryRetainer.eventPlayerTurn:2;OrdinaryRetainer._onInit:1;OrdinaryRetainer.eventTalkRetainerOther:1,retainer;chara
6988,3002154,/Chara/Npc/Retainer/OrdinaryRetainer,chara/npc/retainer/ordinaryretainer,True,1500143,0,,OrdinaryRetainer,RetainerBaseClass,319:ordinaryRetainer,12,OrdinaryRetainer.eventTalkRetainerItemTrade:8;OrdinaryRetainer.eventTalkRetainerMenu:3;OrdinaryRetainer.eventTalkRetainerItemList:3;OrdinaryRetainer.checkRetainerMeetingGroupClient:2;OrdinaryRetainer.eventTalkRetainerDismissal:2;OrdinaryRetainer.eventTalkRetainerMannequin:2;OrdinaryRetainer.eventReturnResult:2;OrdinaryRetainer.eventPlayerTurn:2;OrdinaryRetainer._onInit:1;OrdinaryRetainer.eventTalkRetainerOther:1,retainer;chara
6989,3002155,/Chara/Npc/Retainer/OrdinaryRetainer,chara/npc/retainer/ordinaryretainer,True,1500146,0,,OrdinaryRetainer,RetainerBaseClass,319:ordinaryRetainer,12,OrdinaryRetainer.eventTalkRetainerItemTrade:8;OrdinaryRetainer.eventTalkRetainerMenu:3;OrdinaryRetainer.eventTalkRetainerItemList:3;OrdinaryRetainer.checkRetainerMeetingGroupClient:2;OrdinaryRetainer.eventTalkRetainerDismissal:2;OrdinaryRetainer.eventTalkRetainerMannequin:2;OrdinaryRetainer.eventReturnResult:2;OrdinaryRetainer.eventPlayerTurn:2;OrdinaryRetainer._onInit:1;OrdinaryRetainer.eventTalkRetainerOther:1,retainer;chara
6990,3002156,/Chara/Npc/Retainer/OrdinaryRetainer,chara/npc/retainer/ordinaryretainer,True,1900058,0,,OrdinaryRetainer,RetainerBaseClass,319:ordinaryRetainer,12,OrdinaryRetainer.eventTalkRetainerItemTrade:8;OrdinaryRetainer.eventTalkRetainerMenu:3;OrdinaryRetainer.eventTalkRetainerItemList:3;OrdinaryRetainer.checkRetainerMeetingGroupClient:2;OrdinaryRetainer.eventTalkRetainerDismissal:2;OrdinaryRetainer.eventTalkRetainerMannequin:2;OrdinaryRetainer.eventReturnResult:2;OrdinaryRetainer.eventPlayerTurn:2;OrdinaryRetainer._onInit:1;OrdinaryRetainer.eventTalkRetainerOther:1,retainer;chara
6991,3002157,/Chara/Npc/Retainer/OrdinaryRetainer,chara/npc/retainer/ordinaryretainer,True,1900097,0,,OrdinaryRetainer,RetainerBaseClass,319:ordinaryRetainer,12,OrdinaryRetainer.eventTalkRetainerItemTrade:8;OrdinaryRetainer.eventTalkRetainerMenu:3;OrdinaryRetainer.eventTalkRetainerItemList:3;OrdinaryRetainer.checkRetainerMeetingGroupClient:2;OrdinaryRetainer.eventTalkRetainerDismissal:2;OrdinaryRetainer.eventTalkRetainerMannequin:2;OrdinaryRetainer.eventReturnResult:2;OrdinaryRetainer.eventPlayerTurn:2;OrdinaryRetainer._onInit:1;OrdinaryRetainer.eventTalkRetainerOther:1,retainer;chara
6992,3002158,/Chara/Npc/Retainer/OrdinaryRetainer,chara/npc/retainer/ordinaryretainer,True,1900157,0,,OrdinaryRetainer,RetainerBaseClass,319:ordinaryRetainer,12,OrdinaryRetainer.eventTalkRetainerItemTrade:8;OrdinaryRetainer.eventTalkRetainerMenu:3;OrdinaryRetainer.eventTalkRetainerItemList:3;OrdinaryRetainer.checkRetainerMeetingGroupClient:2;OrdinaryRetainer.eventTalkRetainerDismissal:2;OrdinaryRetainer.eventTalkRetainerMannequin:2;OrdinaryRetainer.eventReturnResult:2;OrdinaryRetainer.eventPlayerTurn:2;OrdinaryRetainer._onInit:1;OrdinaryRetainer.eventTalkRetainerOther:1,retainer;chara
6993,3002159,/Chara/Npc/Retainer/OrdinaryRetainer,chara/npc/retainer/ordinaryretainer,True,1900164,0,,OrdinaryRetainer,RetainerBaseClass,319:ordinaryRetainer,12,OrdinaryRetainer.eventTalkRetainerItemTrade:8;OrdinaryRetainer.eventTalkRetainerMenu:3;OrdinaryRetainer.eventTalkRetainerItemList:3;OrdinaryRetainer.checkRetainerMeetingGroupClient:2;OrdinaryRetainer.eventTalkRetainerDismissal:2;OrdinaryRetainer.eventTalkRetainerMannequin:2;OrdinaryRetainer.eventReturnResult:2;OrdinaryRetainer.eventPlayerTurn:2;OrdinaryRetainer._onInit:1;OrdinaryRetainer.eventTalkRetainerOther:1,retainer;chara
6994,3002160,/Chara/Npc/Retainer/OrdinaryRetainer,chara/npc/retainer/ordinaryretainer,True,1900167,0,,OrdinaryRetainer,RetainerBaseClass,319:ordinaryRetainer,12,OrdinaryRetainer.eventTalkRetainerItemTrade:8;OrdinaryRetainer.eventTalkRetainerMenu:3;OrdinaryRetainer.eventTalkRetainerItemList:3;OrdinaryRetainer.checkRetainerMeetingGroupClient:2;OrdinaryRetainer.eventTalkRetainerDismissal:2;OrdinaryRetainer.eventTalkRetainerMannequin:2;OrdinaryRetainer.eventReturnResult:2;OrdinaryRetainer.eventPlayerTurn:2;OrdinaryRetainer._onInit:1;OrdinaryRetainer.eventTalkRetainerOther:1,retainer;chara
6995,3002161,/Chara/Npc/Retainer/OrdinaryRetainer,chara/npc/retainer/ordinaryretainer,True,1900120,0,,OrdinaryRetainer,RetainerBaseClass,319:ordinaryRetainer,12,OrdinaryRetainer.eventTalkRetainerItemTrade:8;OrdinaryRetainer.eventTalkRetainerMenu:3;OrdinaryRetainer.eventTalkRetainerItemList:3;OrdinaryRetainer.checkRetainerMeetingGroupClient:2;OrdinaryRetainer.eventTalkRetainerDismissal:2;OrdinaryRetainer.eventTalkRetainerMannequin:2;OrdinaryRetainer.eventReturnResult:2;OrdinaryRetainer.eventPlayerTurn:2;OrdinaryRetainer._onInit:1;OrdinaryRetainer.eventTalkRetainerOther:1,retainer;chara
6996,3002162,/Chara/Npc/Retainer/OrdinaryRetainer,chara/npc/retainer/ordinaryretainer,True,1900128,0,,OrdinaryRetainer,RetainerBaseClass,319:ordinaryRetainer,12,OrdinaryRetainer.eventTalkRetainerItemTrade:8;OrdinaryRetainer.eventTalkRetainerMenu:3;OrdinaryRetainer.eventTalkRetainerItemList:3;OrdinaryRetainer.checkRetainerMeetingGroupClient:2;OrdinaryRetainer.eventTalkRetainerDismissal:2;OrdinaryRetainer.eventTalkRetainerMannequin:2;OrdinaryRetainer.eventReturnResult:2;OrdinaryRetainer.eventPlayerTurn:2;OrdinaryRetainer._onInit:1;OrdinaryRetainer.eventTalkRetainerOther:1,retainer;chara
6997,3002163,/Chara/Npc/Retainer/OrdinaryRetainer,chara/npc/retainer/ordinaryretainer,True,1900171,0,,OrdinaryRetainer,RetainerBaseClass,319:ordinaryRetainer,12,OrdinaryRetainer.eventTalkRetainerItemTrade:8;OrdinaryRetainer.eventTalkRetainerMenu:3;OrdinaryRetainer.eventTalkRetainerItemList:3;OrdinaryRetainer.checkRetainerMeetingGroupClient:2;OrdinaryRetainer.eventTalkRetainerDismissal:2;OrdinaryRetainer.eventTalkRetainerMannequin:2;OrdinaryRetainer.eventReturnResult:2;OrdinaryRetainer.eventPlayerTurn:2;OrdinaryRetainer._onInit:1;OrdinaryRetainer.eventTalkRetainerOther:1,retainer;chara
6998,3002164,/Chara/Npc/Retainer/OrdinaryRetainer,chara/npc/retainer/ordinaryretainer,True,1900176,0,,OrdinaryRetainer,RetainerBaseClass,319:ordinaryRetainer,12,OrdinaryRetainer.eventTalkRetainerItemTrade:8;OrdinaryRetainer.eventTalkRetainerMenu:3;OrdinaryRetainer.eventTalkRetainerItemList:3;OrdinaryRetainer.checkRetainerMeetingGroupClient:2;OrdinaryRetainer.eventTalkRetainerDismissal:2;OrdinaryRetainer.eventTalkRetainerMannequin:2;OrdinaryRetainer.eventReturnResult:2;OrdinaryRetainer.eventPlayerTurn:2;OrdinaryRetainer._onInit:1;OrdinaryRetainer.eventTalkRetainerOther:1,retainer;chara
6999,3002165,/Chara/Npc/Retainer/OrdinaryRetainer,chara/npc/retainer/ordinaryretainer,True,1900179,0,,OrdinaryRetainer,RetainerBaseClass,319:ordinaryRetainer,12,OrdinaryRetainer.eventTalkRetainerItemTrade:8;OrdinaryRetainer.eventTalkRetainerMenu:3;OrdinaryRetainer.eventTalkRetainerItemList:3;OrdinaryRetainer.checkRetainerMeetingGroupClient:2;OrdinaryRetainer.eventTalkRetainerDismissal:2;OrdinaryRetainer.eventTalkRetainerMannequin:2;OrdinaryRetainer.eventReturnResult:2;OrdinaryRetainer.eventPlayerTurn:2;OrdinaryRetainer._onInit:1;OrdinaryRetainer.eventTalkRetainerOther:1,retainer;chara
7000,3002166,/Chara/Npc/Retainer/OrdinaryRetainer,chara/npc/retainer/ordinaryretainer,True,1600008,0,,OrdinaryRetainer,RetainerBaseClass,319:ordinaryRetainer,12,OrdinaryRetainer.eventTalkRetainerItemTrade:8;OrdinaryRetainer.eventTalkRetainerMenu:3;OrdinaryRetainer.eventTalkRetainerItemList:3;OrdinaryRetainer.checkRetainerMeetingGroupClient:2;OrdinaryRetainer.eventTalkRetainerDismissal:2;OrdinaryRetainer.eventTalkRetainerMannequin:2;OrdinaryRetainer.eventReturnResult:2;OrdinaryRetainer.eventPlayerTurn:2;OrdinaryRetainer._onInit:1;OrdinaryRetainer.eventTalkRetainerOther:1,retainer;chara
7001,3002167,/Chara/Npc/Retainer/OrdinaryRetainer,chara/npc/retainer/ordinaryretainer,True,1600060,0,,OrdinaryRetainer,RetainerBaseClass,319:ordinaryRetainer,12,OrdinaryRetainer.eventTalkRetainerItemTrade:8;OrdinaryRetainer.eventTalkRetainerMenu:3;OrdinaryRetainer.eventTalkRetainerItemList:3;OrdinaryRetainer.checkRetainerMeetingGroupClient:2;OrdinaryRetainer.eventTalkRetainerDismissal:2;OrdinaryRetainer.eventTalkRetainerMannequin:2;OrdinaryRetainer.eventReturnResult:2;OrdinaryRetainer.eventPlayerTurn:2;OrdinaryRetainer._onInit:1;OrdinaryRetainer.eventTalkRetainerOther:1,retainer;chara
7002,3002168,/Chara/Npc/Retainer/OrdinaryRetainer,chara/npc/retainer/ordinaryretainer,True,1600133,0,,OrdinaryRetainer,RetainerBaseClass,319:ordinaryRetainer,12,OrdinaryRetainer.eventTalkRetainerItemTrade:8;OrdinaryRetainer.eventTalkRetainerMenu:3;OrdinaryRetainer.eventTalkRetainerItemList:3;OrdinaryRetainer.checkRetainerMeetingGroupClient:2;OrdinaryRetainer.eventTalkRetainerDismissal:2;OrdinaryRetainer.eventTalkRetainerMannequin:2;OrdinaryRetainer.eventReturnResult:2;OrdinaryRetainer.eventPlayerTurn:2;OrdinaryRetainer._onInit:1;OrdinaryRetainer.eventTalkRetainerOther:1,retainer;chara
7003,3002169,/Chara/Npc/Retainer/OrdinaryRetainer,chara/npc/retainer/ordinaryretainer,True,1600187,0,,OrdinaryRetainer,RetainerBaseClass,319:ordinaryRetainer,12,OrdinaryRetainer.eventTalkRetainerItemTrade:8;OrdinaryRetainer.eventTalkRetainerMenu:3;OrdinaryRetainer.eventTalkRetainerItemList:3;OrdinaryRetainer.checkRetainerMeetingGroupClient:2;OrdinaryRetainer.eventTalkRetainerDismissal:2;OrdinaryRetainer.eventTalkRetainerMannequin:2;OrdinaryRetainer.eventReturnResult:2;OrdinaryRetainer.eventPlayerTurn:2;OrdinaryRetainer._onInit:1;OrdinaryRetainer.eventTalkRetainerOther:1,retainer;chara
7004,3002170,/Chara/Npc/Retainer/OrdinaryRetainer,chara/npc/retainer/ordinaryretainer,True,1600239,0,,OrdinaryRetainer,RetainerBaseClass,319:ordinaryRetainer,12,OrdinaryRetainer.eventTalkRetainerItemTrade:8;OrdinaryRetainer.eventTalkRetainerMenu:3;OrdinaryRetainer.eventTalkRetainerItemList:3;OrdinaryRetainer.checkRetainerMeetingGroupClient:2;OrdinaryRetainer.eventTalkRetainerDismissal:2;OrdinaryRetainer.eventTalkRetainerMannequin:2;OrdinaryRetainer.eventReturnResult:2;OrdinaryRetainer.eventPlayerTurn:2;OrdinaryRetainer._onInit:1;OrdinaryRetainer.eventTalkRetainerOther:1,retainer;chara
7005,3002171,/Chara/Npc/Retainer/OrdinaryRetainer,chara/npc/retainer/ordinaryretainer,True,1600032,0,,OrdinaryRetainer,RetainerBaseClass,319:ordinaryRetainer,12,OrdinaryRetainer.eventTalkRetainerItemTrade:8;OrdinaryRetainer.eventTalkRetainerMenu:3;OrdinaryRetainer.eventTalkRetainerItemList:3;OrdinaryRetainer.checkRetainerMeetingGroupClient:2;OrdinaryRetainer.eventTalkRetainerDismissal:2;OrdinaryRetainer.eventTalkRetainerMannequin:2;OrdinaryRetainer.eventReturnResult:2;OrdinaryRetainer.eventPlayerTurn:2;OrdinaryRetainer._onInit:1;OrdinaryRetainer.eventTalkRetainerOther:1,retainer;chara
7006,3002172,/Chara/Npc/Retainer/OrdinaryRetainer,chara/npc/retainer/ordinaryretainer,True,1600088,0,,OrdinaryRetainer,RetainerBaseClass,319:ordinaryRetainer,12,OrdinaryRetainer.eventTalkRetainerItemTrade:8;OrdinaryRetainer.eventTalkRetainerMenu:3;OrdinaryRetainer.eventTalkRetainerItemList:3;OrdinaryRetainer.checkRetainerMeetingGroupClient:2;OrdinaryRetainer.eventTalkRetainerDismissal:2;OrdinaryRetainer.eventTalkRetainerMannequin:2;OrdinaryRetainer.eventReturnResult:2;OrdinaryRetainer.eventPlayerTurn:2;OrdinaryRetainer._onInit:1;OrdinaryRetainer.eventTalkRetainerOther:1,retainer;chara
7007,3002173,/Chara/Npc/Retainer/OrdinaryRetainer,chara/npc/retainer/ordinaryretainer,True,1600168,0,,OrdinaryRetainer,RetainerBaseClass,319:ordinaryRetainer,12,OrdinaryRetainer.eventTalkRetainerItemTrade:8;OrdinaryRetainer.eventTalkRetainerMenu:3;OrdinaryRetainer.eventTalkRetainerItemList:3;OrdinaryRetainer.checkRetainerMeetingGroupClient:2;OrdinaryRetainer.eventTalkRetainerDismissal:2;OrdinaryRetainer.eventTalkRetainerMannequin:2;OrdinaryRetainer.eventReturnResult:2;OrdinaryRetainer.eventPlayerTurn:2;OrdinaryRetainer._onInit:1;OrdinaryRetainer.eventTalkRetainerOther:1,retainer;chara
7008,3002174,/Chara/Npc/Retainer/OrdinaryRetainer,chara/npc/retainer/ordinaryretainer,True,1600202,0,,OrdinaryRetainer,RetainerBaseClass,319:ordinaryRetainer,12,OrdinaryRetainer.eventTalkRetainerItemTrade:8;OrdinaryRetainer.eventTalkRetainerMenu:3;OrdinaryRetainer.eventTalkRetainerItemList:3;OrdinaryRetainer.checkRetainerMeetingGroupClient:2;OrdinaryRetainer.eventTalkRetainerDismissal:2;OrdinaryRetainer.eventTalkRetainerMannequin:2;OrdinaryRetainer.eventReturnResult:2;OrdinaryRetainer.eventPlayerTurn:2;OrdinaryRetainer._onInit:1;OrdinaryRetainer.eventTalkRetainerOther:1,retainer;chara
7009,3002175,/Chara/Npc/Retainer/OrdinaryRetainer,chara/npc/retainer/ordinaryretainer,True,1600255,0,,OrdinaryRetainer,RetainerBaseClass,319:ordinaryRetainer,12,OrdinaryRetainer.eventTalkRetainerItemTrade:8;OrdinaryRetainer.eventTalkRetainerMenu:3;OrdinaryRetainer.eventTalkRetainerItemList:3;OrdinaryRetainer.checkRetainerMeetingGroupClient:2;OrdinaryRetainer.eventTalkRetainerDismissal:2;OrdinaryRetainer.eventTalkRetainerMannequin:2;OrdinaryRetainer.eventReturnResult:2;OrdinaryRetainer.eventPlayerTurn:2;OrdinaryRetainer._onInit:1;OrdinaryRetainer.eventTalkRetainerOther:1,retainer;chara
7010,3003101,/Chara/Npc/Retainer/OrdinaryRetainer,chara/npc/retainer/ordinaryretainer,True,1000074,0,,OrdinaryRetainer,RetainerBaseClass,319:ordinaryRetainer,12,OrdinaryRetainer.eventTalkRetainerItemTrade:8;OrdinaryRetainer.eventTalkRetainerMenu:3;OrdinaryRetainer.eventTalkRetainerItemList:3;OrdinaryRetainer.checkRetainerMeetingGroupClient:2;OrdinaryRetainer.eventTalkRetainerDismissal:2;OrdinaryRetainer.eventTalkRetainerMannequin:2;OrdinaryRetainer.eventReturnResult:2;OrdinaryRetainer.eventPlayerTurn:2;OrdinaryRetainer._onInit:1;OrdinaryRetainer.eventTalkRetainerOther:1,retainer;chara
7011,3003102,/Chara/Npc/Retainer/OrdinaryRetainer,chara/npc/retainer/ordinaryretainer,True,1000231,0,,OrdinaryRetainer,RetainerBaseClass,319:ordinaryRetainer,12,OrdinaryRetainer.eventTalkRetainerItemTrade:8;OrdinaryRetainer.eventTalkRetainerMenu:3;OrdinaryRetainer.eventTalkRetainerItemList:3;OrdinaryRetainer.checkRetainerMeetingGroupClient:2;OrdinaryRetainer.eventTalkRetainerDismissal:2;OrdinaryRetainer.eventTalkRetainerMannequin:2;OrdinaryRetainer.eventReturnResult:2;OrdinaryRetainer.eventPlayerTurn:2;OrdinaryRetainer._onInit:1;OrdinaryRetainer.eventTalkRetainerOther:1,retainer;chara
7012,3003103,/Chara/Npc/Retainer/OrdinaryRetainer,chara/npc/retainer/ordinaryretainer,True,1000290,0,,OrdinaryRetainer,RetainerBaseClass,319:ordinaryRetainer,12,OrdinaryRetainer.eventTalkRetainerItemTrade:8;OrdinaryRetainer.eventTalkRetainerMenu:3;OrdinaryRetainer.eventTalkRetainerItemList:3;OrdinaryRetainer.checkRetainerMeetingGroupClient:2;OrdinaryRetainer.eventTalkRetainerDismissal:2;OrdinaryRetainer.eventTalkRetainerMannequin:2;OrdinaryRetainer.eventReturnResult:2;OrdinaryRetainer.eventPlayerTurn:2;OrdinaryRetainer._onInit:1;OrdinaryRetainer.eventTalkRetainerOther:1,retainer;chara
7013,3003104,/Chara/Npc/Retainer/OrdinaryRetainer,chara/npc/retainer/ordinaryretainer,True,1000338,0,,OrdinaryRetainer,RetainerBaseClass,319:ordinaryRetainer,12,OrdinaryRetainer.eventTalkRetainerItemTrade:8;OrdinaryRetainer.eventTalkRetainerMenu:3;OrdinaryRetainer.eventTalkRetainerItemList:3;OrdinaryRetainer.checkRetainerMeetingGroupClient:2;OrdinaryRetainer.eventTalkRetainerDismissal:2;OrdinaryRetainer.eventTalkRetainerMannequin:2;OrdinaryRetainer.eventReturnResult:2;OrdinaryRetainer.eventPlayerTurn:2;OrdinaryRetainer._onInit:1;OrdinaryRetainer.eventTalkRetainerOther:1,retainer;chara
7014,3003105,/Chara/Npc/Retainer/OrdinaryRetainer,chara/npc/retainer/ordinaryretainer,True,1000410,0,,OrdinaryRetainer,RetainerBaseClass,319:ordinaryRetainer,12,OrdinaryRetainer.eventTalkRetainerItemTrade:8;OrdinaryRetainer.eventTalkRetainerMenu:3;OrdinaryRetainer.eventTalkRetainerItemList:3;OrdinaryRetainer.checkRetainerMeetingGroupClient:2;OrdinaryRetainer.eventTalkRetainerDismissal:2;OrdinaryRetainer.eventTalkRetainerMannequin:2;OrdinaryRetainer.eventReturnResult:2;OrdinaryRetainer.eventPlayerTurn:2;OrdinaryRetainer._onInit:1;OrdinaryRetainer.eventTalkRetainerOther:1,retainer;chara
7015,3003106,/Chara/Npc/Retainer/OrdinaryRetainer,chara/npc/retainer/ordinaryretainer,True,1100052,0,,OrdinaryRetainer,RetainerBaseClass,319:ordinaryRetainer,12,OrdinaryRetainer.eventTalkRetainerItemTrade:8;OrdinaryRetainer.eventTalkRetainerMenu:3;OrdinaryRetainer.eventTalkRetainerItemList:3;OrdinaryRetainer.checkRetainerMeetingGroupClient:2;OrdinaryRetainer.eventTalkRetainerDismissal:2;OrdinaryRetainer.eventTalkRetainerMannequin:2;OrdinaryRetainer.eventReturnResult:2;OrdinaryRetainer.eventPlayerTurn:2;OrdinaryRetainer._onInit:1;OrdinaryRetainer.eventTalkRetainerOther:1,retainer;chara
7016,3003107,/Chara/Npc/Retainer/OrdinaryRetainer,chara/npc/retainer/ordinaryretainer,True,1100068,0,,OrdinaryRetainer,RetainerBaseClass,319:ordinaryRetainer,12,OrdinaryRetainer.eventTalkRetainerItemTrade:8;OrdinaryRetainer.eventTalkRetainerMenu:3;OrdinaryRetainer.eventTalkRetainerItemList:3;OrdinaryRetainer.checkRetainerMeetingGroupClient:2;OrdinaryRetainer.eventTalkRetainerDismissal:2;OrdinaryRetainer.eventTalkRetainerMannequin:2;OrdinaryRetainer.eventReturnResult:2;OrdinaryRetainer.eventPlayerTurn:2;OrdinaryRetainer._onInit:1;OrdinaryRetainer.eventTalkRetainerOther:1,retainer;chara
7017,3003108,/Chara/Npc/Retainer/OrdinaryRetainer,chara/npc/retainer/ordinaryretainer,True,1100097,0,,OrdinaryRetainer,RetainerBaseClass,319:ordinaryRetainer,12,OrdinaryRetainer.eventTalkRetainerItemTrade:8;OrdinaryRetainer.eventTalkRetainerMenu:3;OrdinaryRetainer.eventTalkRetainerItemList:3;OrdinaryRetainer.checkRetainerMeetingGroupClient:2;OrdinaryRetainer.eventTalkRetainerDismissal:2;OrdinaryRetainer.eventTalkRetainerMannequin:2;OrdinaryRetainer.eventReturnResult:2;OrdinaryRetainer.eventPlayerTurn:2;OrdinaryRetainer._onInit:1;OrdinaryRetainer.eventTalkRetainerOther:1,retainer;chara
7018,3003109,/Chara/Npc/Retainer/OrdinaryRetainer,chara/npc/retainer/ordinaryretainer,True,1100160,0,,OrdinaryRetainer,RetainerBaseClass,319:ordinaryRetainer,12,OrdinaryRetainer.eventTalkRetainerItemTrade:8;OrdinaryRetainer.eventTalkRetainerMenu:3;OrdinaryRetainer.eventTalkRetainerItemList:3;OrdinaryRetainer.checkRetainerMeetingGroupClient:2;OrdinaryRetainer.eventTalkRetainerDismissal:2;OrdinaryRetainer.eventTalkRetainerMannequin:2;OrdinaryRetainer.eventReturnResult:2;OrdinaryRetainer.eventPlayerTurn:2;OrdinaryRetainer._onInit:1;OrdinaryRetainer.eventTalkRetainerOther:1,retainer;chara
7019,3003110,/Chara/Npc/Retainer/OrdinaryRetainer,chara/npc/retainer/ordinaryretainer,True,1100238,0,,OrdinaryRetainer,RetainerBaseClass,319:ordinaryRetainer,12,OrdinaryRetainer.eventTalkRetainerItemTrade:8;OrdinaryRetainer.eventTalkRetainerMenu:3;OrdinaryRetainer.eventTalkRetainerItemList:3;OrdinaryRetainer.checkRetainerMeetingGroupClient:2;OrdinaryRetainer.eventTalkRetainerDismissal:2;OrdinaryRetainer.eventTalkRetainerMannequin:2;OrdinaryRetainer.eventReturnResult:2;OrdinaryRetainer.eventPlayerTurn:2;OrdinaryRetainer._onInit:1;OrdinaryRetainer.eventTalkRetainerOther:1,retainer;chara
7020,3003111,/Chara/Npc/Retainer/OrdinaryRetainer,chara/npc/retainer/ordinaryretainer,True,2200025,0,,OrdinaryRetainer,RetainerBaseClass,319:ordinaryRetainer,12,OrdinaryRetainer.eventTalkRetainerItemTrade:8;OrdinaryRetainer.eventTalkRetainerMenu:3;OrdinaryRetainer.eventTalkRetainerItemList:3;OrdinaryRetainer.checkRetainerMeetingGroupClient:2;OrdinaryRetainer.eventTalkRetainerDismissal:2;OrdinaryRetainer.eventTalkRetainerMannequin:2;OrdinaryRetainer.eventReturnResult:2;OrdinaryRetainer.eventPlayerTurn:2;OrdinaryRetainer._onInit:1;OrdinaryRetainer.eventTalkRetainerOther:1,retainer;chara
7021,3003112,/Chara/Npc/Retainer/OrdinaryRetainer,chara/npc/retainer/ordinaryretainer,True,2200084,0,,OrdinaryRetainer,RetainerBaseClass,319:ordinaryRetainer,12,OrdinaryRetainer.eventTalkRetainerItemTrade:8;OrdinaryRetainer.eventTalkRetainerMenu:3;OrdinaryRetainer.eventTalkRetainerItemList:3;OrdinaryRetainer.checkRetainerMeetingGroupClient:2;OrdinaryRetainer.eventTalkRetainerDismissal:2;OrdinaryRetainer.eventTalkRetainerMannequin:2;OrdinaryRetainer.eventReturnResult:2;OrdinaryRetainer.eventPlayerTurn:2;OrdinaryRetainer._onInit:1;OrdinaryRetainer.eventTalkRetainerOther:1,retainer;chara
7022,3003113,/Chara/Npc/Retainer/OrdinaryRetainer,chara/npc/retainer/ordinaryretainer,True,2200148,0,,OrdinaryRetainer,RetainerBaseClass,319:ordinaryRetainer,12,OrdinaryRetainer.eventTalkRetainerItemTrade:8;OrdinaryRetainer.eventTalkRetainerMenu:3;OrdinaryRetainer.eventTalkRetainerItemList:3;OrdinaryRetainer.checkRetainerMeetingGroupClient:2;OrdinaryRetainer.eventTalkRetainerDismissal:2;OrdinaryRetainer.eventTalkRetainerMannequin:2;OrdinaryRetainer.eventReturnResult:2;OrdinaryRetainer.eventPlayerTurn:2;OrdinaryRetainer._onInit:1;OrdinaryRetainer.eventTalkRetainerOther:1,retainer;chara
7023,3003114,/Chara/Npc/Retainer/OrdinaryRetainer,chara/npc/retainer/ordinaryretainer,True,2200182,0,,OrdinaryRetainer,RetainerBaseClass,319:ordinaryRetainer,12,OrdinaryRetainer.eventTalkRetainerItemTrade:8;OrdinaryRetainer.eventTalkRetainerMenu:3;OrdinaryRetainer.eventTalkRetainerItemList:3;OrdinaryRetainer.checkRetainerMeetingGroupClient:2;OrdinaryRetainer.eventTalkRetainerDismissal:2;OrdinaryRetainer.eventTalkRetainerMannequin:2;OrdinaryRetainer.eventReturnResult:2;OrdinaryRetainer.eventPlayerTurn:2;OrdinaryRetainer._onInit:1;OrdinaryRetainer.eventTalkRetainerOther:1,retainer;chara
7024,3003115,/Chara/Npc/Retainer/OrdinaryRetainer,chara/npc/retainer/ordinaryretainer,True,2200221,0,,OrdinaryRetainer,RetainerBaseClass,319:ordinaryRetainer,12,OrdinaryRetainer.eventTalkRetainerItemTrade:8;OrdinaryRetainer.eventTalkRetainerMenu:3;OrdinaryRetainer.eventTalkRetainerItemList:3;OrdinaryRetainer.checkRetainerMeetingGroupClient:2;OrdinaryRetainer.eventTalkRetainerDismissal:2;OrdinaryRetainer.eventTalkRetainerMannequin:2;OrdinaryRetainer.eventReturnResult:2;OrdinaryRetainer.eventPlayerTurn:2;OrdinaryRetainer._onInit:1;OrdinaryRetainer.eventTalkRetainerOther:1,retainer;chara
7025,3003116,/Chara/Npc/Retainer/OrdinaryRetainer,chara/npc/retainer/ordinaryretainer,True,1200012,0,,OrdinaryRetainer,RetainerBaseClass,319:ordinaryRetainer,12,OrdinaryRetainer.eventTalkRetainerItemTrade:8;OrdinaryRetainer.eventTalkRetainerMenu:3;OrdinaryRetainer.eventTalkRetainerItemList:3;OrdinaryRetainer.checkRetainerMeetingGroupClient:2;OrdinaryRetainer.eventTalkRetainerDismissal:2;OrdinaryRetainer.eventTalkRetainerMannequin:2;OrdinaryRetainer.eventReturnResult:2;OrdinaryRetainer.eventPlayerTurn:2;OrdinaryRetainer._onInit:1;OrdinaryRetainer.eventTalkRetainerOther:1,retainer;chara
7026,3003117,/Chara/Npc/Retainer/OrdinaryRetainer,chara/npc/retainer/ordinaryretainer,True,1200055,0,,OrdinaryRetainer,RetainerBaseClass,319:ordinaryRetainer,12,OrdinaryRetainer.eventTalkRetainerItemTrade:8;OrdinaryRetainer.eventTalkRetainerMenu:3;OrdinaryRetainer.eventTalkRetainerItemList:3;OrdinaryRetainer.checkRetainerMeetingGroupClient:2;OrdinaryRetainer.eventTalkRetainerDismissal:2;OrdinaryRetainer.eventTalkRetainerMannequin:2;OrdinaryRetainer.eventReturnResult:2;OrdinaryRetainer.eventPlayerTurn:2;OrdinaryRetainer._onInit:1;OrdinaryRetainer.eventTalkRetainerOther:1,retainer;chara
7027,3003118,/Chara/Npc/Retainer/OrdinaryRetainer,chara/npc/retainer/ordinaryretainer,True,1200086,0,,OrdinaryRetainer,RetainerBaseClass,319:ordinaryRetainer,12,OrdinaryRetainer.eventTalkRetainerItemTrade:8;OrdinaryRetainer.eventTalkRetainerMenu:3;OrdinaryRetainer.eventTalkRetainerItemList:3;OrdinaryRetainer.checkRetainerMeetingGroupClient:2;OrdinaryRetainer.eventTalkRetainerDismissal:2;OrdinaryRetainer.eventTalkRetainerMannequin:2;OrdinaryRetainer.eventReturnResult:2;OrdinaryRetainer.eventPlayerTurn:2;OrdinaryRetainer._onInit:1;OrdinaryRetainer.eventTalkRetainerOther:1,retainer;chara
7028,3003119,/Chara/Npc/Retainer/OrdinaryRetainer,chara/npc/retainer/ordinaryretainer,True,1200158,0,,OrdinaryRetainer,RetainerBaseClass,319:ordinaryRetainer,12,OrdinaryRetainer.eventTalkRetainerItemTrade:8;OrdinaryRetainer.eventTalkRetainerMenu:3;OrdinaryRetainer.eventTalkRetainerItemList:3;OrdinaryRetainer.checkRetainerMeetingGroupClient:2;OrdinaryRetainer.eventTalkRetainerDismissal:2;OrdinaryRetainer.eventTalkRetainerMannequin:2;OrdinaryRetainer.eventReturnResult:2;OrdinaryRetainer.eventPlayerTurn:2;OrdinaryRetainer._onInit:1;OrdinaryRetainer.eventTalkRetainerOther:1,retainer;chara
7029,3003120,/Chara/Npc/Retainer/OrdinaryRetainer,chara/npc/retainer/ordinaryretainer,True,1200174,0,,OrdinaryRetainer,RetainerBaseClass,319:ordinaryRetainer,12,OrdinaryRetainer.eventTalkRetainerItemTrade:8;OrdinaryRetainer.eventTalkRetainerMenu:3;OrdinaryRetainer.eventTalkRetainerItemList:3;OrdinaryRetainer.checkRetainerMeetingGroupClient:2;OrdinaryRetainer.eventTalkRetainerDismissal:2;OrdinaryRetainer.eventTalkRetainerMannequin:2;OrdinaryRetainer.eventReturnResult:2;OrdinaryRetainer.eventPlayerTurn:2;OrdinaryRetainer._onInit:1;OrdinaryRetainer.eventTalkRetainerOther:1,retainer;chara
7030,3003121,/Chara/Npc/Retainer/OrdinaryRetainer,chara/npc/retainer/ordinaryretainer,True,1300002,0,,OrdinaryRetainer,RetainerBaseClass,319:ordinaryRetainer,12,OrdinaryRetainer.eventTalkRetainerItemTrade:8;OrdinaryRetainer.eventTalkRetainerMenu:3;OrdinaryRetainer.eventTalkRetainerItemList:3;OrdinaryRetainer.checkRetainerMeetingGroupClient:2;OrdinaryRetainer.eventTalkRetainerDismissal:2;OrdinaryRetainer.eventTalkRetainerMannequin:2;OrdinaryRetainer.eventReturnResult:2;OrdinaryRetainer.eventPlayerTurn:2;OrdinaryRetainer._onInit:1;OrdinaryRetainer.eventTalkRetainerOther:1,retainer;chara
7031,3003122,/Chara/Npc/Retainer/OrdinaryRetainer,chara/npc/retainer/ordinaryretainer,True,1300014,0,,OrdinaryRetainer,RetainerBaseClass,319:ordinaryRetainer,12,OrdinaryRetainer.eventTalkRetainerItemTrade:8;OrdinaryRetainer.eventTalkRetainerMenu:3;OrdinaryRetainer.eventTalkRetainerItemList:3;OrdinaryRetainer.checkRetainerMeetingGroupClient:2;OrdinaryRetainer.eventTalkRetainerDismissal:2;OrdinaryRetainer.eventTalkRetainerMannequin:2;OrdinaryRetainer.eventReturnResult:2;OrdinaryRetainer.eventPlayerTurn:2;OrdinaryRetainer._onInit:1;OrdinaryRetainer.eventTalkRetainerOther:1,retainer;chara
7032,3003123,/Chara/Npc/Retainer/OrdinaryRetainer,chara/npc/retainer/ordinaryretainer,True,1300048,0,,OrdinaryRetainer,RetainerBaseClass,319:ordinaryRetainer,12,OrdinaryRetainer.eventTalkRetainerItemTrade:8;OrdinaryRetainer.eventTalkRetainerMenu:3;OrdinaryRetainer.eventTalkRetainerItemList:3;OrdinaryRetainer.checkRetainerMeetingGroupClient:2;OrdinaryRetainer.eventTalkRetainerDismissal:2;OrdinaryRetainer.eventTalkRetainerMannequin:2;OrdinaryRetainer.eventReturnResult:2;OrdinaryRetainer.eventPlayerTurn:2;OrdinaryRetainer._onInit:1;OrdinaryRetainer.eventTalkRetainerOther:1,retainer;chara
7033,3003124,/Chara/Npc/Retainer/OrdinaryRetainer,chara/npc/retainer/ordinaryretainer,True,1300114,0,,OrdinaryRetainer,RetainerBaseClass,319:ordinaryRetainer,12,OrdinaryRetainer.eventTalkRetainerItemTrade:8;OrdinaryRetainer.eventTalkRetainerMenu:3;OrdinaryRetainer.eventTalkRetainerItemList:3;OrdinaryRetainer.checkRetainerMeetingGroupClient:2;OrdinaryRetainer.eventTalkRetainerDismissal:2;OrdinaryRetainer.eventTalkRetainerMannequin:2;OrdinaryRetainer.eventReturnResult:2;OrdinaryRetainer.eventPlayerTurn:2;OrdinaryRetainer._onInit:1;OrdinaryRetainer.eventTalkRetainerOther:1,retainer;chara
7034,3003125,/Chara/Npc/Retainer/OrdinaryRetainer,chara/npc/retainer/ordinaryretainer,True,1300140,0,,OrdinaryRetainer,RetainerBaseClass,319:ordinaryRetainer,12,OrdinaryRetainer.eventTalkRetainerItemTrade:8;OrdinaryRetainer.eventTalkRetainerMenu:3;OrdinaryRetainer.eventTalkRetainerItemList:3;OrdinaryRetainer.checkRetainerMeetingGroupClient:2;OrdinaryRetainer.eventTalkRetainerDismissal:2;OrdinaryRetainer.eventTalkRetainerMannequin:2;OrdinaryRetainer.eventReturnResult:2;OrdinaryRetainer.eventPlayerTurn:2;OrdinaryRetainer._onInit:1;OrdinaryRetainer.eventTalkRetainerOther:1,retainer;chara
7035,3003126,/Chara/Npc/Retainer/OrdinaryRetainer,chara/npc/retainer/ordinaryretainer,True,1200044,0,,OrdinaryRetainer,RetainerBaseClass,319:ordinaryRetainer,12,OrdinaryRetainer.eventTalkRetainerItemTrade:8;OrdinaryRetainer.eventTalkRetainerMenu:3;OrdinaryRetainer.eventTalkRetainerItemList:3;OrdinaryRetainer.checkRetainerMeetingGroupClient:2;OrdinaryRetainer.eventTalkRetainerDismissal:2;OrdinaryRetainer.eventTalkRetainerMannequin:2;OrdinaryRetainer.eventReturnResult:2;OrdinaryRetainer.eventPlayerTurn:2;OrdinaryRetainer._onInit:1;OrdinaryRetainer.eventTalkRetainerOther:1,retainer;chara
7036,3003127,/Chara/Npc/Retainer/OrdinaryRetainer,chara/npc/retainer/ordinaryretainer,True,1200081,0,,OrdinaryRetainer,RetainerBaseClass,319:ordinaryRetainer,12,OrdinaryRetainer.eventTalkRetainerItemTrade:8;OrdinaryRetainer.eventTalkRetainerMenu:3;OrdinaryRetainer.eventTalkRetainerItemList:3;OrdinaryRetainer.checkRetainerMeetingGroupClient:2;OrdinaryRetainer.eventTalkRetainerDismissal:2;OrdinaryRetainer.eventTalkRetainerMannequin:2;OrdinaryRetainer.eventReturnResult:2;OrdinaryRetainer.eventPlayerTurn:2;OrdinaryRetainer._onInit:1;OrdinaryRetainer.eventTalkRetainerOther:1,retainer;chara
7037,3003128,/Chara/Npc/Retainer/OrdinaryRetainer,chara/npc/retainer/ordinaryretainer,True,1200113,0,,OrdinaryRetainer,RetainerBaseClass,319:ordinaryRetainer,12,OrdinaryRetainer.eventTalkRetainerItemTrade:8;OrdinaryRetainer.eventTalkRetainerMenu:3;OrdinaryRetainer.eventTalkRetainerItemList:3;OrdinaryRetainer.checkRetainerMeetingGroupClient:2;OrdinaryRetainer.eventTalkRetainerDismissal:2;OrdinaryRetainer.eventTalkRetainerMannequin:2;OrdinaryRetainer.eventReturnResult:2;OrdinaryRetainer.eventPlayerTurn:2;OrdinaryRetainer._onInit:1;OrdinaryRetainer.eventTalkRetainerOther:1,retainer;chara
7038,3003129,/Chara/Npc/Retainer/OrdinaryRetainer,chara/npc/retainer/ordinaryretainer,True,1200167,0,,OrdinaryRetainer,RetainerBaseClass,319:ordinaryRetainer,12,OrdinaryRetainer.eventTalkRetainerItemTrade:8;OrdinaryRetainer.eventTalkRetainerMenu:3;OrdinaryRetainer.eventTalkRetainerItemList:3;OrdinaryRetainer.checkRetainerMeetingGroupClient:2;OrdinaryRetainer.eventTalkRetainerDismissal:2;OrdinaryRetainer.eventTalkRetainerMannequin:2;OrdinaryRetainer.eventReturnResult:2;OrdinaryRetainer.eventPlayerTurn:2;OrdinaryRetainer._onInit:1;OrdinaryRetainer.eventTalkRetainerOther:1,retainer;chara
7039,3003130,/Chara/Npc/Retainer/OrdinaryRetainer,chara/npc/retainer/ordinaryretainer,True,1200179,0,,OrdinaryRetainer,RetainerBaseClass,319:ordinaryRetainer,12,OrdinaryRetainer.eventTalkRetainerItemTrade:8;OrdinaryRetainer.eventTalkRetainerMenu:3;OrdinaryRetainer.eventTalkRetainerItemList:3;OrdinaryRetainer.checkRetainerMeetingGroupClient:2;OrdinaryRetainer.eventTalkRetainerDismissal:2;OrdinaryRetainer.eventTalkRetainerMannequin:2;OrdinaryRetainer.eventReturnResult:2;OrdinaryRetainer.eventPlayerTurn:2;OrdinaryRetainer._onInit:1;OrdinaryRetainer.eventTalkRetainerOther:1,retainer;chara
7040,3003131,/Chara/Npc/Retainer/OrdinaryRetainer,chara/npc/retainer/ordinaryretainer,True,1300011,0,,OrdinaryRetainer,RetainerBaseClass,319:ordinaryRetainer,12,OrdinaryRetainer.eventTalkRetainerItemTrade:8;OrdinaryRetainer.eventTalkRetainerMenu:3;OrdinaryRetainer.eventTalkRetainerItemList:3;OrdinaryRetainer.checkRetainerMeetingGroupClient:2;OrdinaryRetainer.eventTalkRetainerDismissal:2;OrdinaryRetainer.eventTalkRetainerMannequin:2;OrdinaryRetainer.eventReturnResult:2;OrdinaryRetainer.eventPlayerTurn:2;OrdinaryRetainer._onInit:1;OrdinaryRetainer.eventTalkRetainerOther:1,retainer;chara
7041,3003132,/Chara/Npc/Retainer/OrdinaryRetainer,chara/npc/retainer/ordinaryretainer,True,1300038,0,,OrdinaryRetainer,RetainerBaseClass,319:ordinaryRetainer,12,OrdinaryRetainer.eventTalkRetainerItemTrade:8;OrdinaryRetainer.eventTalkRetainerMenu:3;OrdinaryRetainer.eventTalkRetainerItemList:3;OrdinaryRetainer.checkRetainerMeetingGroupClient:2;OrdinaryRetainer.eventTalkRetainerDismissal:2;OrdinaryRetainer.eventTalkRetainerMannequin:2;OrdinaryRetainer.eventReturnResult:2;OrdinaryRetainer.eventPlayerTurn:2;OrdinaryRetainer._onInit:1;OrdinaryRetainer.eventTalkRetainerOther:1,retainer;chara
7042,3003133,/Chara/Npc/Retainer/OrdinaryRetainer,chara/npc/retainer/ordinaryretainer,True,1300063,0,,OrdinaryRetainer,RetainerBaseClass,319:ordinaryRetainer,12,OrdinaryRetainer.eventTalkRetainerItemTrade:8;OrdinaryRetainer.eventTalkRetainerMenu:3;OrdinaryRetainer.eventTalkRetainerItemList:3;OrdinaryRetainer.checkRetainerMeetingGroupClient:2;OrdinaryRetainer.eventTalkRetainerDismissal:2;OrdinaryRetainer.eventTalkRetainerMannequin:2;OrdinaryRetainer.eventReturnResult:2;OrdinaryRetainer.eventPlayerTurn:2;OrdinaryRetainer._onInit:1;OrdinaryRetainer.eventTalkRetainerOther:1,retainer;chara
7043,3003134,/Chara/Npc/Retainer/OrdinaryRetainer,chara/npc/retainer/ordinaryretainer,True,1300122,0,,OrdinaryRetainer,RetainerBaseClass,319:ordinaryRetainer,12,OrdinaryRetainer.eventTalkRetainerItemTrade:8;OrdinaryRetainer.eventTalkRetainerMenu:3;OrdinaryRetainer.eventTalkRetainerItemList:3;OrdinaryRetainer.checkRetainerMeetingGroupClient:2;OrdinaryRetainer.eventTalkRetainerDismissal:2;OrdinaryRetainer.eventTalkRetainerMannequin:2;OrdinaryRetainer.eventReturnResult:2;OrdinaryRetainer.eventPlayerTurn:2;OrdinaryRetainer._onInit:1;OrdinaryRetainer.eventTalkRetainerOther:1,retainer;chara
7044,3003135,/Chara/Npc/Retainer/OrdinaryRetainer,chara/npc/retainer/ordinaryretainer,True,1300146,0,,OrdinaryRetainer,RetainerBaseClass,319:ordinaryRetainer,12,OrdinaryRetainer.eventTalkRetainerItemTrade:8;OrdinaryRetainer.eventTalkRetainerMenu:3;OrdinaryRetainer.eventTalkRetainerItemList:3;OrdinaryRetainer.checkRetainerMeetingGroupClient:2;OrdinaryRetainer.eventTalkRetainerDismissal:2;OrdinaryRetainer.eventTalkRetainerMannequin:2;OrdinaryRetainer.eventReturnResult:2;OrdinaryRetainer.eventPlayerTurn:2;OrdinaryRetainer._onInit:1;OrdinaryRetainer.eventTalkRetainerOther:1,retainer;chara
7045,3003136,/Chara/Npc/Retainer/OrdinaryRetainer,chara/npc/retainer/ordinaryretainer,True,1400102,0,,OrdinaryRetainer,RetainerBaseClass,319:ordinaryRetainer,12,OrdinaryRetainer.eventTalkRetainerItemTrade:8;OrdinaryRetainer.eventTalkRetainerMenu:3;OrdinaryRetainer.eventTalkRetainerItemList:3;OrdinaryRetainer.checkRetainerMeetingGroupClient:2;OrdinaryRetainer.eventTalkRetainerDismissal:2;OrdinaryRetainer.eventTalkRetainerMannequin:2;OrdinaryRetainer.eventReturnResult:2;OrdinaryRetainer.eventPlayerTurn:2;OrdinaryRetainer._onInit:1;OrdinaryRetainer.eventTalkRetainerOther:1,retainer;chara
7046,3003137,/Chara/Npc/Retainer/OrdinaryRetainer,chara/npc/retainer/ordinaryretainer,True,1400126,0,,OrdinaryRetainer,RetainerBaseClass,319:ordinaryRetainer,12,OrdinaryRetainer.eventTalkRetainerItemTrade:8;OrdinaryRetainer.eventTalkRetainerMenu:3;OrdinaryRetainer.eventTalkRetainerItemList:3;OrdinaryRetainer.checkRetainerMeetingGroupClient:2;OrdinaryRetainer.eventTalkRetainerDismissal:2;OrdinaryRetainer.eventTalkRetainerMannequin:2;OrdinaryRetainer.eventReturnResult:2;OrdinaryRetainer.eventPlayerTurn:2;OrdinaryRetainer._onInit:1;OrdinaryRetainer.eventTalkRetainerOther:1,retainer;chara
7047,3003138,/Chara/Npc/Retainer/OrdinaryRetainer,chara/npc/retainer/ordinaryretainer,True,1400130,0,,OrdinaryRetainer,RetainerBaseClass,319:ordinaryRetainer,12,OrdinaryRetainer.eventTalkRetainerItemTrade:8;OrdinaryRetainer.eventTalkRetainerMenu:3;OrdinaryRetainer.eventTalkRetainerItemList:3;OrdinaryRetainer.checkRetainerMeetingGroupClient:2;OrdinaryRetainer.eventTalkRetainerDismissal:2;OrdinaryRetainer.eventTalkRetainerMannequin:2;OrdinaryRetainer.eventReturnResult:2;OrdinaryRetainer.eventPlayerTurn:2;OrdinaryRetainer._onInit:1;OrdinaryRetainer.eventTalkRetainerOther:1,retainer;chara
7048,3003139,/Chara/Npc/Retainer/OrdinaryRetainer,chara/npc/retainer/ordinaryretainer,True,1400134,0,,OrdinaryRetainer,RetainerBaseClass,319:ordinaryRetainer,12,OrdinaryRetainer.eventTalkRetainerItemTrade:8;OrdinaryRetainer.eventTalkRetainerMenu:3;OrdinaryRetainer.eventTalkRetainerItemList:3;OrdinaryRetainer.checkRetainerMeetingGroupClient:2;OrdinaryRetainer.eventTalkRetainerDismissal:2;OrdinaryRetainer.eventTalkRetainerMannequin:2;OrdinaryRetainer.eventReturnResult:2;OrdinaryRetainer.eventPlayerTurn:2;OrdinaryRetainer._onInit:1;OrdinaryRetainer.eventTalkRetainerOther:1,retainer;chara
7049,3003140,/Chara/Npc/Retainer/OrdinaryRetainer,chara/npc/retainer/ordinaryretainer,True,1400137,0,,OrdinaryRetainer,RetainerBaseClass,319:ordinaryRetainer,12,OrdinaryRetainer.eventTalkRetainerItemTrade:8;OrdinaryRetainer.eventTalkRetainerMenu:3;OrdinaryRetainer.eventTalkRetainerItemList:3;OrdinaryRetainer.checkRetainerMeetingGroupClient:2;OrdinaryRetainer.eventTalkRetainerDismissal:2;OrdinaryRetainer.eventTalkRetainerMannequin:2;OrdinaryRetainer.eventReturnResult:2;OrdinaryRetainer.eventPlayerTurn:2;OrdinaryRetainer._onInit:1;OrdinaryRetainer.eventTalkRetainerOther:1,retainer;chara
7050,3003141,/Chara/Npc/Retainer/OrdinaryRetainer,chara/npc/retainer/ordinaryretainer,True,1500086,0,,OrdinaryRetainer,RetainerBaseClass,319:ordinaryRetainer,12,OrdinaryRetainer.eventTalkRetainerItemTrade:8;OrdinaryRetainer.eventTalkRetainerMenu:3;OrdinaryRetainer.eventTalkRetainerItemList:3;OrdinaryRetainer.checkRetainerMeetingGroupClient:2;OrdinaryRetainer.eventTalkRetainerDismissal:2;OrdinaryRetainer.eventTalkRetainerMannequin:2;OrdinaryRetainer.eventReturnResult:2;OrdinaryRetainer.eventPlayerTurn:2;OrdinaryRetainer._onInit:1;OrdinaryRetainer.eventTalkRetainerOther:1,retainer;chara
7051,3003142,/Chara/Npc/Retainer/OrdinaryRetainer,chara/npc/retainer/ordinaryretainer,True,1500103,0,,OrdinaryRetainer,RetainerBaseClass,319:ordinaryRetainer,12,OrdinaryRetainer.eventTalkRetainerItemTrade:8;OrdinaryRetainer.eventTalkRetainerMenu:3;OrdinaryRetainer.eventTalkRetainerItemList:3;OrdinaryRetainer.checkRetainerMeetingGroupClient:2;OrdinaryRetainer.eventTalkRetainerDismissal:2;OrdinaryRetainer.eventTalkRetainerMannequin:2;OrdinaryRetainer.eventReturnResult:2;OrdinaryRetainer.eventPlayerTurn:2;OrdinaryRetainer._onInit:1;OrdinaryRetainer.eventTalkRetainerOther:1,retainer;chara
7052,3003143,/Chara/Npc/Retainer/OrdinaryRetainer,chara/npc/retainer/ordinaryretainer,True,1500109,0,,OrdinaryRetainer,RetainerBaseClass,319:ordinaryRetainer,12,OrdinaryRetainer.eventTalkRetainerItemTrade:8;OrdinaryRetainer.eventTalkRetainerMenu:3;OrdinaryRetainer.eventTalkRetainerItemList:3;OrdinaryRetainer.checkRetainerMeetingGroupClient:2;OrdinaryRetainer.eventTalkRetainerDismissal:2;OrdinaryRetainer.eventTalkRetainerMannequin:2;OrdinaryRetainer.eventReturnResult:2;OrdinaryRetainer.eventPlayerTurn:2;OrdinaryRetainer._onInit:1;OrdinaryRetainer.eventTalkRetainerOther:1,retainer;chara
7053,3003144,/Chara/Npc/Retainer/OrdinaryRetainer,chara/npc/retainer/ordinaryretainer,True,1500125,0,,OrdinaryRetainer,RetainerBaseClass,319:ordinaryRetainer,12,OrdinaryRetainer.eventTalkRetainerItemTrade:8;OrdinaryRetainer.eventTalkRetainerMenu:3;OrdinaryRetainer.eventTalkRetainerItemList:3;OrdinaryRetainer.checkRetainerMeetingGroupClient:2;OrdinaryRetainer.eventTalkRetainerDismissal:2;OrdinaryRetainer.eventTalkRetainerMannequin:2;OrdinaryRetainer.eventReturnResult:2;OrdinaryRetainer.eventPlayerTurn:2;OrdinaryRetainer._onInit:1;OrdinaryRetainer.eventTalkRetainerOther:1,retainer;chara
7054,3003145,/Chara/Npc/Retainer/OrdinaryRetainer,chara/npc/retainer/ordinaryretainer,True,1500131,0,,OrdinaryRetainer,RetainerBaseClass,319:ordinaryRetainer,12,OrdinaryRetainer.eventTalkRetainerItemTrade:8;OrdinaryRetainer.eventTalkRetainerMenu:3;OrdinaryRetainer.eventTalkRetainerItemList:3;OrdinaryRetainer.checkRetainerMeetingGroupClient:2;OrdinaryRetainer.eventTalkRetainerDismissal:2;OrdinaryRetainer.eventTalkRetainerMannequin:2;OrdinaryRetainer.eventReturnResult:2;OrdinaryRetainer.eventPlayerTurn:2;OrdinaryRetainer._onInit:1;OrdinaryRetainer.eventTalkRetainerOther:1,retainer;chara
7055,3003146,/Chara/Npc/Retainer/OrdinaryRetainer,chara/npc/retainer/ordinaryretainer,True,1400005,0,,OrdinaryRetainer,RetainerBaseClass,319:ordinaryRetainer,12,OrdinaryRetainer.eventTalkRetainerItemTrade:8;OrdinaryRetainer.eventTalkRetainerMenu:3;OrdinaryRetainer.eventTalkRetainerItemList:3;OrdinaryRetainer.checkRetainerMeetingGroupClient:2;OrdinaryRetainer.eventTalkRetainerDismissal:2;OrdinaryRetainer.eventTalkRetainerMannequin:2;OrdinaryRetainer.eventReturnResult:2;OrdinaryRetainer.eventPlayerTurn:2;OrdinaryRetainer._onInit:1;OrdinaryRetainer.eventTalkRetainerOther:1,retainer;chara
7056,3003147,/Chara/Npc/Retainer/OrdinaryRetainer,chara/npc/retainer/ordinaryretainer,True,1400036,0,,OrdinaryRetainer,RetainerBaseClass,319:ordinaryRetainer,12,OrdinaryRetainer.eventTalkRetainerItemTrade:8;OrdinaryRetainer.eventTalkRetainerMenu:3;OrdinaryRetainer.eventTalkRetainerItemList:3;OrdinaryRetainer.checkRetainerMeetingGroupClient:2;OrdinaryRetainer.eventTalkRetainerDismissal:2;OrdinaryRetainer.eventTalkRetainerMannequin:2;OrdinaryRetainer.eventReturnResult:2;OrdinaryRetainer.eventPlayerTurn:2;OrdinaryRetainer._onInit:1;OrdinaryRetainer.eventTalkRetainerOther:1,retainer;chara
7057,3003148,/Chara/Npc/Retainer/OrdinaryRetainer,chara/npc/retainer/ordinaryretainer,True,1400046,0,,OrdinaryRetainer,RetainerBaseClass,319:ordinaryRetainer,12,OrdinaryRetainer.eventTalkRetainerItemTrade:8;OrdinaryRetainer.eventTalkRetainerMenu:3;OrdinaryRetainer.eventTalkRetainerItemList:3;OrdinaryRetainer.checkRetainerMeetingGroupClient:2;OrdinaryRetainer.eventTalkRetainerDismissal:2;OrdinaryRetainer.eventTalkRetainerMannequin:2;OrdinaryRetainer.eventReturnResult:2;OrdinaryRetainer.eventPlayerTurn:2;OrdinaryRetainer._onInit:1;OrdinaryRetainer.eventTalkRetainerOther:1,retainer;chara
7058,3003149,/Chara/Npc/Retainer/OrdinaryRetainer,chara/npc/retainer/ordinaryretainer,True,1400143,0,,OrdinaryRetainer,RetainerBaseClass,319:ordinaryRetainer,12,OrdinaryRetainer.eventTalkRetainerItemTrade:8;OrdinaryRetainer.eventTalkRetainerMenu:3;OrdinaryRetainer.eventTalkRetainerItemList:3;OrdinaryRetainer.checkRetainerMeetingGroupClient:2;OrdinaryRetainer.eventTalkRetainerDismissal:2;OrdinaryRetainer.eventTalkRetainerMannequin:2;OrdinaryRetainer.eventReturnResult:2;OrdinaryRetainer.eventPlayerTurn:2;OrdinaryRetainer._onInit:1;OrdinaryRetainer.eventTalkRetainerOther:1,retainer;chara
7059,3003150,/Chara/Npc/Retainer/OrdinaryRetainer,chara/npc/retainer/ordinaryretainer,True,1400146,0,,OrdinaryRetainer,RetainerBaseClass,319:ordinaryRetainer,12,OrdinaryRetainer.eventTalkRetainerItemTrade:8;OrdinaryRetainer.eventTalkRetainerMenu:3;OrdinaryRetainer.eventTalkRetainerItemList:3;OrdinaryRetainer.checkRetainerMeetingGroupClient:2;OrdinaryRetainer.eventTalkRetainerDismissal:2;OrdinaryRetainer.eventTalkRetainerMannequin:2;OrdinaryRetainer.eventReturnResult:2;OrdinaryRetainer.eventPlayerTurn:2;OrdinaryRetainer._onInit:1;OrdinaryRetainer.eventTalkRetainerOther:1,retainer;chara
7060,3003151,/Chara/Npc/Retainer/OrdinaryRetainer,chara/npc/retainer/ordinaryretainer,True,1500016,0,,OrdinaryRetainer,RetainerBaseClass,319:ordinaryRetainer,12,OrdinaryRetainer.eventTalkRetainerItemTrade:8;OrdinaryRetainer.eventTalkRetainerMenu:3;OrdinaryRetainer.eventTalkRetainerItemList:3;OrdinaryRetainer.checkRetainerMeetingGroupClient:2;OrdinaryRetainer.eventTalkRetainerDismissal:2;OrdinaryRetainer.eventTalkRetainerMannequin:2;OrdinaryRetainer.eventReturnResult:2;OrdinaryRetainer.eventPlayerTurn:2;OrdinaryRetainer._onInit:1;OrdinaryRetainer.eventTalkRetainerOther:1,retainer;chara
7061,3003152,/Chara/Npc/Retainer/OrdinaryRetainer,chara/npc/retainer/ordinaryretainer,True,1500046,0,,OrdinaryRetainer,RetainerBaseClass,319:ordinaryRetainer,12,OrdinaryRetainer.eventTalkRetainerItemTrade:8;OrdinaryRetainer.eventTalkRetainerMenu:3;OrdinaryRetainer.eventTalkRetainerItemList:3;OrdinaryRetainer.checkRetainerMeetingGroupClient:2;OrdinaryRetainer.eventTalkRetainerDismissal:2;OrdinaryRetainer.eventTalkRetainerMannequin:2;OrdinaryRetainer.eventReturnResult:2;OrdinaryRetainer.eventPlayerTurn:2;OrdinaryRetainer._onInit:1;OrdinaryRetainer.eventTalkRetainerOther:1,retainer;chara
7062,3003153,/Chara/Npc/Retainer/OrdinaryRetainer,chara/npc/retainer/ordinaryretainer,True,1500066,0,,OrdinaryRetainer,RetainerBaseClass,319:ordinaryRetainer,12,OrdinaryRetainer.eventTalkRetainerItemTrade:8;OrdinaryRetainer.eventTalkRetainerMenu:3;OrdinaryRetainer.eventTalkRetainerItemList:3;OrdinaryRetainer.checkRetainerMeetingGroupClient:2;OrdinaryRetainer.eventTalkRetainerDismissal:2;OrdinaryRetainer.eventTalkRetainerMannequin:2;OrdinaryRetainer.eventReturnResult:2;OrdinaryRetainer.eventPlayerTurn:2;OrdinaryRetainer._onInit:1;OrdinaryRetainer.eventTalkRetainerOther:1,retainer;chara
7063,3003154,/Chara/Npc/Retainer/OrdinaryRetainer,chara/npc/retainer/ordinaryretainer,True,1500113,0,,OrdinaryRetainer,RetainerBaseClass,319:ordinaryRetainer,12,OrdinaryRetainer.eventTalkRetainerItemTrade:8;OrdinaryRetainer.eventTalkRetainerMenu:3;OrdinaryRetainer.eventTalkRetainerItemList:3;OrdinaryRetainer.checkRetainerMeetingGroupClient:2;OrdinaryRetainer.eventTalkRetainerDismissal:2;OrdinaryRetainer.eventTalkRetainerMannequin:2;OrdinaryRetainer.eventReturnResult:2;OrdinaryRetainer.eventPlayerTurn:2;OrdinaryRetainer._onInit:1;OrdinaryRetainer.eventTalkRetainerOther:1,retainer;chara
7064,3003155,/Chara/Npc/Retainer/OrdinaryRetainer,chara/npc/retainer/ordinaryretainer,True,1500145,0,,OrdinaryRetainer,RetainerBaseClass,319:ordinaryRetainer,12,OrdinaryRetainer.eventTalkRetainerItemTrade:8;OrdinaryRetainer.eventTalkRetainerMenu:3;OrdinaryRetainer.eventTalkRetainerItemList:3;OrdinaryRetainer.checkRetainerMeetingGroupClient:2;OrdinaryRetainer.eventTalkRetainerDismissal:2;OrdinaryRetainer.eventTalkRetainerMannequin:2;OrdinaryRetainer.eventReturnResult:2;OrdinaryRetainer.eventPlayerTurn:2;OrdinaryRetainer._onInit:1;OrdinaryRetainer.eventTalkRetainerOther:1,retainer;chara
7065,3003156,/Chara/Npc/Retainer/OrdinaryRetainer,chara/npc/retainer/ordinaryretainer,True,1900055,0,,OrdinaryRetainer,RetainerBaseClass,319:ordinaryRetainer,12,OrdinaryRetainer.eventTalkRetainerItemTrade:8;OrdinaryRetainer.eventTalkRetainerMenu:3;OrdinaryRetainer.eventTalkRetainerItemList:3;OrdinaryRetainer.checkRetainerMeetingGroupClient:2;OrdinaryRetainer.eventTalkRetainerDismissal:2;OrdinaryRetainer.eventTalkRetainerMannequin:2;OrdinaryRetainer.eventReturnResult:2;OrdinaryRetainer.eventPlayerTurn:2;OrdinaryRetainer._onInit:1;OrdinaryRetainer.eventTalkRetainerOther:1,retainer;chara
7066,3003157,/Chara/Npc/Retainer/OrdinaryRetainer,chara/npc/retainer/ordinaryretainer,True,1900084,0,,OrdinaryRetainer,RetainerBaseClass,319:ordinaryRetainer,12,OrdinaryRetainer.eventTalkRetainerItemTrade:8;OrdinaryRetainer.eventTalkRetainerMenu:3;OrdinaryRetainer.eventTalkRetainerItemList:3;OrdinaryRetainer.checkRetainerMeetingGroupClient:2;OrdinaryRetainer.eventTalkRetainerDismissal:2;OrdinaryRetainer.eventTalkRetainerMannequin:2;OrdinaryRetainer.eventReturnResult:2;OrdinaryRetainer.eventPlayerTurn:2;OrdinaryRetainer._onInit:1;OrdinaryRetainer.eventTalkRetainerOther:1,retainer;chara
7067,3003158,/Chara/Npc/Retainer/OrdinaryRetainer,chara/npc/retainer/ordinaryretainer,True,1900104,0,,OrdinaryRetainer,RetainerBaseClass,319:ordinaryRetainer,12,OrdinaryRetainer.eventTalkRetainerItemTrade:8;OrdinaryRetainer.eventTalkRetainerMenu:3;OrdinaryRetainer.eventTalkRetainerItemList:3;OrdinaryRetainer.checkRetainerMeetingGroupClient:2;OrdinaryRetainer.eventTalkRetainerDismissal:2;OrdinaryRetainer.eventTalkRetainerMannequin:2;OrdinaryRetainer.eventReturnResult:2;OrdinaryRetainer.eventPlayerTurn:2;OrdinaryRetainer._onInit:1;OrdinaryRetainer.eventTalkRetainerOther:1,retainer;chara
7068,3003159,/Chara/Npc/Retainer/OrdinaryRetainer,chara/npc/retainer/ordinaryretainer,True,1900160,0,,OrdinaryRetainer,RetainerBaseClass,319:ordinaryRetainer,12,OrdinaryRetainer.eventTalkRetainerItemTrade:8;OrdinaryRetainer.eventTalkRetainerMenu:3;OrdinaryRetainer.eventTalkRetainerItemList:3;OrdinaryRetainer.checkRetainerMeetingGroupClient:2;OrdinaryRetainer.eventTalkRetainerDismissal:2;OrdinaryRetainer.eventTalkRetainerMannequin:2;OrdinaryRetainer.eventReturnResult:2;OrdinaryRetainer.eventPlayerTurn:2;OrdinaryRetainer._onInit:1;OrdinaryRetainer.eventTalkRetainerOther:1,retainer;chara
7069,3003160,/Chara/Npc/Retainer/OrdinaryRetainer,chara/npc/retainer/ordinaryretainer,True,1900165,0,,OrdinaryRetainer,RetainerBaseClass,319:ordinaryRetainer,12,OrdinaryRetainer.eventTalkRetainerItemTrade:8;OrdinaryRetainer.eventTalkRetainerMenu:3;OrdinaryRetainer.eventTalkRetainerItemList:3;OrdinaryRetainer.checkRetainerMeetingGroupClient:2;OrdinaryRetainer.eventTalkRetainerDismissal:2;OrdinaryRetainer.eventTalkRetainerMannequin:2;OrdinaryRetainer.eventReturnResult:2;OrdinaryRetainer.eventPlayerTurn:2;OrdinaryRetainer._onInit:1;OrdinaryRetainer.eventTalkRetainerOther:1,retainer;chara
7070,3003161,/Chara/Npc/Retainer/OrdinaryRetainer,chara/npc/retainer/ordinaryretainer,True,1900064,0,,OrdinaryRetainer,RetainerBaseClass,319:ordinaryRetainer,12,OrdinaryRetainer.eventTalkRetainerItemTrade:8;OrdinaryRetainer.eventTalkRetainerMenu:3;OrdinaryRetainer.eventTalkRetainerItemList:3;OrdinaryRetainer.checkRetainerMeetingGroupClient:2;OrdinaryRetainer.eventTalkRetainerDismissal:2;OrdinaryRetainer.eventTalkRetainerMannequin:2;OrdinaryRetainer.eventReturnResult:2;OrdinaryRetainer.eventPlayerTurn:2;OrdinaryRetainer._onInit:1;OrdinaryRetainer.eventTalkRetainerOther:1,retainer;chara
7071,3003162,/Chara/Npc/Retainer/OrdinaryRetainer,chara/npc/retainer/ordinaryretainer,True,1900123,0,,OrdinaryRetainer,RetainerBaseClass,319:ordinaryRetainer,12,OrdinaryRetainer.eventTalkRetainerItemTrade:8;OrdinaryRetainer.eventTalkRetainerMenu:3;OrdinaryRetainer.eventTalkRetainerItemList:3;OrdinaryRetainer.checkRetainerMeetingGroupClient:2;OrdinaryRetainer.eventTalkRetainerDismissal:2;OrdinaryRetainer.eventTalkRetainerMannequin:2;OrdinaryRetainer.eventReturnResult:2;OrdinaryRetainer.eventPlayerTurn:2;OrdinaryRetainer._onInit:1;OrdinaryRetainer.eventTalkRetainerOther:1,retainer;chara
7072,3003163,/Chara/Npc/Retainer/OrdinaryRetainer,chara/npc/retainer/ordinaryretainer,True,1900169,0,,OrdinaryRetainer,RetainerBaseClass,319:ordinaryRetainer,12,OrdinaryRetainer.eventTalkRetainerItemTrade:8;OrdinaryRetainer.eventTalkRetainerMenu:3;OrdinaryRetainer.eventTalkRetainerItemList:3;OrdinaryRetainer.checkRetainerMeetingGroupClient:2;OrdinaryRetainer.eventTalkRetainerDismissal:2;OrdinaryRetainer.eventTalkRetainerMannequin:2;OrdinaryRetainer.eventReturnResult:2;OrdinaryRetainer.eventPlayerTurn:2;OrdinaryRetainer._onInit:1;OrdinaryRetainer.eventTalkRetainerOther:1,retainer;chara
7073,3003164,/Chara/Npc/Retainer/OrdinaryRetainer,chara/npc/retainer/ordinaryretainer,True,1900172,0,,OrdinaryRetainer,RetainerBaseClass,319:ordinaryRetainer,12,OrdinaryRetainer.eventTalkRetainerItemTrade:8;OrdinaryRetainer.eventTalkRetainerMenu:3;OrdinaryRetainer.eventTalkRetainerItemList:3;OrdinaryRetainer.checkRetainerMeetingGroupClient:2;OrdinaryRetainer.eventTalkRetainerDismissal:2;OrdinaryRetainer.eventTalkRetainerMannequin:2;OrdinaryRetainer.eventReturnResult:2;OrdinaryRetainer.eventPlayerTurn:2;OrdinaryRetainer._onInit:1;OrdinaryRetainer.eventTalkRetainerOther:1,retainer;chara
7074,3003165,/Chara/Npc/Retainer/OrdinaryRetainer,chara/npc/retainer/ordinaryretainer,True,1900178,0,,OrdinaryRetainer,RetainerBaseClass,319:ordinaryRetainer,12,OrdinaryRetainer.eventTalkRetainerItemTrade:8;OrdinaryRetainer.eventTalkRetainerMenu:3;OrdinaryRetainer.eventTalkRetainerItemList:3;OrdinaryRetainer.checkRetainerMeetingGroupClient:2;OrdinaryRetainer.eventTalkRetainerDismissal:2;OrdinaryRetainer.eventTalkRetainerMannequin:2;OrdinaryRetainer.eventReturnResult:2;OrdinaryRetainer.eventPlayerTurn:2;OrdinaryRetainer._onInit:1;OrdinaryRetainer.eventTalkRetainerOther:1,retainer;chara
7075,3003166,/Chara/Npc/Retainer/OrdinaryRetainer,chara/npc/retainer/ordinaryretainer,True,1600001,0,,OrdinaryRetainer,RetainerBaseClass,319:ordinaryRetainer,12,OrdinaryRetainer.eventTalkRetainerItemTrade:8;OrdinaryRetainer.eventTalkRetainerMenu:3;OrdinaryRetainer.eventTalkRetainerItemList:3;OrdinaryRetainer.checkRetainerMeetingGroupClient:2;OrdinaryRetainer.eventTalkRetainerDismissal:2;OrdinaryRetainer.eventTalkRetainerMannequin:2;OrdinaryRetainer.eventReturnResult:2;OrdinaryRetainer.eventPlayerTurn:2;OrdinaryRetainer._onInit:1;OrdinaryRetainer.eventTalkRetainerOther:1,retainer;chara
7076,3003167,/Chara/Npc/Retainer/OrdinaryRetainer,chara/npc/retainer/ordinaryretainer,True,1600038,0,,OrdinaryRetainer,RetainerBaseClass,319:ordinaryRetainer,12,OrdinaryRetainer.eventTalkRetainerItemTrade:8;OrdinaryRetainer.eventTalkRetainerMenu:3;OrdinaryRetainer.eventTalkRetainerItemList:3;OrdinaryRetainer.checkRetainerMeetingGroupClient:2;OrdinaryRetainer.eventTalkRetainerDismissal:2;OrdinaryRetainer.eventTalkRetainerMannequin:2;OrdinaryRetainer.eventReturnResult:2;OrdinaryRetainer.eventPlayerTurn:2;OrdinaryRetainer._onInit:1;OrdinaryRetainer.eventTalkRetainerOther:1,retainer;chara
7077,3003168,/Chara/Npc/Retainer/OrdinaryRetainer,chara/npc/retainer/ordinaryretainer,True,1600108,0,,OrdinaryRetainer,RetainerBaseClass,319:ordinaryRetainer,12,OrdinaryRetainer.eventTalkRetainerItemTrade:8;OrdinaryRetainer.eventTalkRetainerMenu:3;OrdinaryRetainer.eventTalkRetainerItemList:3;OrdinaryRetainer.checkRetainerMeetingGroupClient:2;OrdinaryRetainer.eventTalkRetainerDismissal:2;OrdinaryRetainer.eventTalkRetainerMannequin:2;OrdinaryRetainer.eventReturnResult:2;OrdinaryRetainer.eventPlayerTurn:2;OrdinaryRetainer._onInit:1;OrdinaryRetainer.eventTalkRetainerOther:1,retainer;chara
7078,3003169,/Chara/Npc/Retainer/OrdinaryRetainer,chara/npc/retainer/ordinaryretainer,True,1600177,0,,OrdinaryRetainer,RetainerBaseClass,319:ordinaryRetainer,12,OrdinaryRetainer.eventTalkRetainerItemTrade:8;OrdinaryRetainer.eventTalkRetainerMenu:3;OrdinaryRetainer.eventTalkRetainerItemList:3;OrdinaryRetainer.checkRetainerMeetingGroupClient:2;OrdinaryRetainer.eventTalkRetainerDismissal:2;OrdinaryRetainer.eventTalkRetainerMannequin:2;OrdinaryRetainer.eventReturnResult:2;OrdinaryRetainer.eventPlayerTurn:2;OrdinaryRetainer._onInit:1;OrdinaryRetainer.eventTalkRetainerOther:1,retainer;chara
7079,3003170,/Chara/Npc/Retainer/OrdinaryRetainer,chara/npc/retainer/ordinaryretainer,True,1600234,19,,OrdinaryRetainer,RetainerBaseClass,319:ordinaryRetainer,12,OrdinaryRetainer.eventTalkRetainerItemTrade:8;OrdinaryRetainer.eventTalkRetainerMenu:3;OrdinaryRetainer.eventTalkRetainerItemList:3;OrdinaryRetainer.checkRetainerMeetingGroupClient:2;OrdinaryRetainer.eventTalkRetainerDismissal:2;OrdinaryRetainer.eventTalkRetainerMannequin:2;OrdinaryRetainer.eventReturnResult:2;OrdinaryRetainer.eventPlayerTurn:2;OrdinaryRetainer._onInit:1;OrdinaryRetainer.eventTalkRetainerOther:1,retainer;chara
7080,3003171,/Chara/Npc/Retainer/OrdinaryRetainer,chara/npc/retainer/ordinaryretainer,True,1600011,19,,OrdinaryRetainer,RetainerBaseClass,319:ordinaryRetainer,12,OrdinaryRetainer.eventTalkRetainerItemTrade:8;OrdinaryRetainer.eventTalkRetainerMenu:3;OrdinaryRetainer.eventTalkRetainerItemList:3;OrdinaryRetainer.checkRetainerMeetingGroupClient:2;OrdinaryRetainer.eventTalkRetainerDismissal:2;OrdinaryRetainer.eventTalkRetainerMannequin:2;OrdinaryRetainer.eventReturnResult:2;OrdinaryRetainer.eventPlayerTurn:2;OrdinaryRetainer._onInit:1;OrdinaryRetainer.eventTalkRetainerOther:1,retainer;chara
7081,3003172,/Chara/Npc/Retainer/OrdinaryRetainer,chara/npc/retainer/ordinaryretainer,True,1600074,19,,OrdinaryRetainer,RetainerBaseClass,319:ordinaryRetainer,12,OrdinaryRetainer.eventTalkRetainerItemTrade:8;OrdinaryRetainer.eventTalkRetainerMenu:3;OrdinaryRetainer.eventTalkRetainerItemList:3;OrdinaryRetainer.checkRetainerMeetingGroupClient:2;OrdinaryRetainer.eventTalkRetainerDismissal:2;OrdinaryRetainer.eventTalkRetainerMannequin:2;OrdinaryRetainer.eventReturnResult:2;OrdinaryRetainer.eventPlayerTurn:2;OrdinaryRetainer._onInit:1;OrdinaryRetainer.eventTalkRetainerOther:1,retainer;chara
7082,3003173,/Chara/Npc/Retainer/OrdinaryRetainer,chara/npc/retainer/ordinaryretainer,True,1600147,19,,OrdinaryRetainer,RetainerBaseClass,319:ordinaryRetainer,12,OrdinaryRetainer.eventTalkRetainerItemTrade:8;OrdinaryRetainer.eventTalkRetainerMenu:3;OrdinaryRetainer.eventTalkRetainerItemList:3;OrdinaryRetainer.checkRetainerMeetingGroupClient:2;OrdinaryRetainer.eventTalkRetainerDismissal:2;OrdinaryRetainer.eventTalkRetainerMannequin:2;OrdinaryRetainer.eventReturnResult:2;OrdinaryRetainer.eventPlayerTurn:2;OrdinaryRetainer._onInit:1;OrdinaryRetainer.eventTalkRetainerOther:1,retainer;chara
7083,3003174,/Chara/Npc/Retainer/OrdinaryRetainer,chara/npc/retainer/ordinaryretainer,True,1600194,19,,OrdinaryRetainer,RetainerBaseClass,319:ordinaryRetainer,12,OrdinaryRetainer.eventTalkRetainerItemTrade:8;OrdinaryRetainer.eventTalkRetainerMenu:3;OrdinaryRetainer.eventTalkRetainerItemList:3;OrdinaryRetainer.checkRetainerMeetingGroupClient:2;OrdinaryRetainer.eventTalkRetainerDismissal:2;OrdinaryRetainer.eventTalkRetainerMannequin:2;OrdinaryRetainer.eventReturnResult:2;OrdinaryRetainer.eventPlayerTurn:2;OrdinaryRetainer._onInit:1;OrdinaryRetainer.eventTalkRetainerOther:1,retainer;chara
7084,3003175,/Chara/Npc/Retainer/OrdinaryRetainer,chara/npc/retainer/ordinaryretainer,True,1600246,19,,OrdinaryRetainer,RetainerBaseClass,319:ordinaryRetainer,12,OrdinaryRetainer.eventTalkRetainerItemTrade:8;OrdinaryRetainer.eventTalkRetainerMenu:3;OrdinaryRetainer.eventTalkRetainerItemList:3;OrdinaryRetainer.checkRetainerMeetingGroupClient:2;OrdinaryRetainer.eventTalkRetainerDismissal:2;OrdinaryRetainer.eventTalkRetainerMannequin:2;OrdinaryRetainer.eventReturnResult:2;OrdinaryRetainer.eventPlayerTurn:2;OrdinaryRetainer._onInit:1;OrdinaryRetainer.eventTalkRetainerOther:1,retainer;chara
7925,9114438,/Chara/Npc/Debug/PopulaceQuestTestManStandard,chara/npc/debug/populacequesttestmanstandard,True,1000003,19,talkDefault;noticeEvent,PopulaceQuestTestManStandard,NpcBaseClass,,1,PopulaceQuestTestManStandard.debugMenuEvent:65,quest;chara;debug
7926,9114439,/Chara/Npc/Debug/PopulaceQuestTestManStandard,chara/npc/debug/populacequesttestmanstandard,True,1000003,19,talkDefault;noticeEvent,PopulaceQuestTestManStandard,NpcBaseClass,,1,PopulaceQuestTestManStandard.debugMenuEvent:65,quest;chara;debug
7927,9114440,/Chara/Npc/Debug/PopulaceQuestTestManStandard,chara/npc/debug/populacequesttestmanstandard,True,1000003,19,talkDefault;noticeEvent,PopulaceQuestTestManStandard,NpcBaseClass,,1,PopulaceQuestTestManStandard.debugMenuEvent:65,quest;chara;debug
7928,9114441,/Chara/Npc/Debug/PopulaceQuestTestManStandard,chara/npc/debug/populacequesttestmanstandard,True,1000003,19,talkDefault;noticeEvent,PopulaceQuestTestManStandard,NpcBaseClass,,1,PopulaceQuestTestManStandard.debugMenuEvent:65,quest;chara;debug
7929,9114442,/Chara/Npc/Debug/PopulaceQuestTestManStandard,chara/npc/debug/populacequesttestmanstandard,True,1000003,19,talkDefault;noticeEvent,PopulaceQuestTestManStandard,NpcBaseClass,,1,PopulaceQuestTestManStandard.debugMenuEvent:65,quest;chara;debug
7930,9114443,/Chara/Npc/Debug/PopulaceQuestTestManStandard,chara/npc/debug/populacequesttestmanstandard,True,1000003,19,talkDefault;noticeEvent,PopulaceQuestTestManStandard,NpcBaseClass,,1,PopulaceQuestTestManStandard.debugMenuEvent:65,quest;chara;debug
7931,9114444,/Chara/Npc/Debug/PopulaceQuestTestManStandard,chara/npc/debug/populacequesttestmanstandard,True,1000003,19,talkDefault;noticeEvent,PopulaceQuestTestManStandard,NpcBaseClass,,1,PopulaceQuestTestManStandard.debugMenuEvent:65,quest;chara;debug
7932,9114445,/Chara/Npc/Debug/PopulaceQuestTestManStandard,chara/npc/debug/populacequesttestmanstandard,True,1000003,19,talkDefault;noticeEvent,PopulaceQuestTestManStandard,NpcBaseClass,,1,PopulaceQuestTestManStandard.debugMenuEvent:65,quest;chara;debug
7933,9114446,/Chara/Npc/Debug/PopulaceQuestTestManStandard,chara/npc/debug/populacequesttestmanstandard,True,1000003,19,talkDefault;noticeEvent,PopulaceQuestTestManStandard,NpcBaseClass,,1,PopulaceQuestTestManStandard.debugMenuEvent:65,quest;chara;debug
7934,9114447,/Chara/Npc/Debug/PopulaceQuestTestManStandard,chara/npc/debug/populacequesttestmanstandard,True,1000003,19,talkDefault;noticeEvent,PopulaceQuestTestManStandard,NpcBaseClass,,1,PopulaceQuestTestManStandard.debugMenuEvent:65,quest;chara;debug
7935,9114448,/Chara/Npc/Debug/PopulaceQuestTestManStandard,chara/npc/debug/populacequesttestmanstandard,True,1000003,19,talkDefault;noticeEvent,PopulaceQuestTestManStandard,NpcBaseClass,,1,PopulaceQuestTestManStandard.debugMenuEvent:65,quest;chara;debug
7936,9114449,/Chara/Npc/Debug/PopulaceQuestTestManStandard,chara/npc/debug/populacequesttestmanstandard,True,1000003,19,talkDefault;noticeEvent,PopulaceQuestTestManStandard,NpcBaseClass,,1,PopulaceQuestTestManStandard.debugMenuEvent:65,quest;chara;debug
7937,9114450,/Chara/Npc/Debug/PopulaceQuestTestManStandard,chara/npc/debug/populacequesttestmanstandard,True,1000003,19,talkDefault;noticeEvent,PopulaceQuestTestManStandard,NpcBaseClass,,1,PopulaceQuestTestManStandard.debugMenuEvent:65,quest;chara;debug
7938,9114451,/Chara/Npc/Debug/PopulaceQuestTestManStandard,chara/npc/debug/populacequesttestmanstandard,True,1000003,19,talkDefault;noticeEvent,PopulaceQuestTestManStandard,NpcBaseClass,,1,PopulaceQuestTestManStandard.debugMenuEvent:65,quest;chara;debug
7939,9114452,/Chara/Npc/Debug/PopulaceQuestTestManStandard,chara/npc/debug/populacequesttestmanstandard,True,1000003,19,talkDefault;noticeEvent,PopulaceQuestTestManStandard,NpcBaseClass,,1,PopulaceQuestTestManStandard.debugMenuEvent:65,quest;chara;debug
7940,9114453,/Chara/Npc/Debug/PopulaceQuestTestManStandard,chara/npc/debug/populacequesttestmanstandard,True,1000003,19,talkDefault;noticeEvent,PopulaceQuestTestManStandard,NpcBaseClass,,1,PopulaceQuestTestManStandard.debugMenuEvent:65,quest;chara;debug
7941,9114454,/Chara/Npc/Debug/PopulaceQuestTestManStandard,chara/npc/debug/populacequesttestmanstandard,True,1000003,19,talkDefault;noticeEvent,PopulaceQuestTestManStandard,NpcBaseClass,,1,PopulaceQuestTestManStandard.debugMenuEvent:65,quest;chara;debug
7942,9114455,/Chara/Npc/Debug/PopulaceQuestTestManStandard,chara/npc/debug/populacequesttestmanstandard,True,1000003,19,talkDefault;noticeEvent,PopulaceQuestTestManStandard,NpcBaseClass,,1,PopulaceQuestTestManStandard.debugMenuEvent:65,quest;chara;debug
7943,9114456,/Chara/Npc/Debug/PopulaceQuestTestManStandard,chara/npc/debug/populacequesttestmanstandard,True,1000003,19,talkDefault;noticeEvent,PopulaceQuestTestManStandard,NpcBaseClass,,1,PopulaceQuestTestManStandard.debugMenuEvent:65,quest;chara;debug
7944,9114457,/Chara/Npc/Debug/PopulaceQuestTestManStandard,chara/npc/debug/populacequesttestmanstandard,True,1000003,19,talkDefault;noticeEvent,PopulaceQuestTestManStandard,NpcBaseClass,,1,PopulaceQuestTestManStandard.debugMenuEvent:65,quest;chara;debug
7945,9114458,/Chara/Npc/Debug/PopulaceQuestTestManStandard,chara/npc/debug/populacequesttestmanstandard,True,1000003,19,talkDefault;noticeEvent,PopulaceQuestTestManStandard,NpcBaseClass,,1,PopulaceQuestTestManStandard.debugMenuEvent:65,quest;chara;debug
7946,9114459,/Chara/Npc/Debug/PopulaceQuestTestManStandard,chara/npc/debug/populacequesttestmanstandard,True,1000003,19,talkDefault;noticeEvent,PopulaceQuestTestManStandard,NpcBaseClass,,1,PopulaceQuestTestManStandard.debugMenuEvent:65,quest;chara;debug
7947,9114460,/Chara/Npc/Debug/PopulaceQuestTestManStandard,chara/npc/debug/populacequesttestmanstandard,True,1000003,19,talkDefault;noticeEvent,PopulaceQuestTestManStandard,NpcBaseClass,,1,PopulaceQuestTestManStandard.debugMenuEvent:65,quest;chara;debug
7948,9114461,/Chara/Npc/Debug/PopulaceQuestTestManStandard,chara/npc/debug/populacequesttestmanstandard,True,1000003,19,talkDefault;noticeEvent,PopulaceQuestTestManStandard,NpcBaseClass,,1,PopulaceQuestTestManStandard.debugMenuEvent:65,quest;chara;debug
7949,9114462,/Chara/Npc/Debug/PopulaceQuestTestManStandard,chara/npc/debug/populacequesttestmanstandard,True,1000003,19,talkDefault;noticeEvent,PopulaceQuestTestManStandard,NpcBaseClass,,1,PopulaceQuestTestManStandard.debugMenuEvent:65,quest;chara;debug
7950,9114463,/Chara/Npc/Debug/PopulaceQuestTestManStandard,chara/npc/debug/populacequesttestmanstandard,True,1000003,19,talkDefault;noticeEvent,PopulaceQuestTestManStandard,NpcBaseClass,,1,PopulaceQuestTestManStandard.debugMenuEvent:65,quest;chara;debug
7951,9114464,/Chara/Npc/Debug/PopulaceQuestTestManStandard,chara/npc/debug/populacequesttestmanstandard,True,1000003,19,talkDefault;noticeEvent,PopulaceQuestTestManStandard,NpcBaseClass,,1,PopulaceQuestTestManStandard.debugMenuEvent:65,quest;chara;debug
