family,logical_path,line_count,class_count,method_count,text_load_count,signal_call_count,classes,text_sheets,top_signals
instance,area/privatearea/content/privateareacontentbaseclass,2,1,0,0,0,PrivateAreaContentBaseClass:PrivateAreaBaseClass,,
instance,area/privatearea/content/privateareamasterbattlefield,2,1,0,0,0,PrivateAreaMasterBattleField:PrivateAreaContentBaseClass,,
instance,area/privatearea/content/privateareamasterrestrictarea,2,1,0,0,0,PrivateAreaMasterRestrictArea:PrivateAreaContentBaseClass,,
instance,area/privatearea/content/privateareamastersimplecontent,2,1,0,0,0,PrivateAreaMasterSimpleContent:PrivateAreaContentBaseClass,,
instance,area/privatearea/occupancy/privateareaoccupancybaseclass,2,1,0,0,0,PrivateAreaOccupancyBaseClass:PrivateAreaBaseClass,,
instance,area/privatearea/occupancy/raiddungeonsimple,2,1,0,0,0,RaidDungeonSimple:PrivateAreaOccupancyBaseClass,,
instance,area/privatearea/privateareabaseclass,18,0,0,0,0,,,
instance,area/privatearea/privateareabaseclass_u,6,0,1,0,0,,,
instance,area/privatearea/privateareamasterbranch,31,1,2,0,0,PrivateAreaMasterBranch:PrivateAreaBaseClass,,
instance,area/privatearea/privateareamastercottage,4,1,1,0,0,PrivateAreaMasterCottage:PrivateAreaBaseClass,,
instance,area/privatearea/privateareamastercruise,4,1,1,0,0,PrivateAreaMasterCruise:PrivateAreaBaseClass,,
instance,area/privatearea/privateareamastermarket,41,1,2,0,0,PrivateAreaMasterMarket:PrivateAreaBaseClass,,
instance,area/privatearea/privateareamasterpast,4,1,1,0,0,PrivateAreaMasterPast:PrivateAreaBaseClass,,
instance,area/privatearea/privateareamastertest,5,1,1,0,0,PrivateAreaMasterTest:PrivateAreaBaseClass,,
instance,area/zone/zonemasteroccupancy,2,1,0,0,0,ZoneMasterOccupancy:ZoneBaseClass,,
quest,chara/npc/debug/populacequesttestmanstandard,146,1,1,0,0,PopulaceQuestTestManStandard:NpcBaseClass,,
instance,chara/npc/debug/testraiddungeonentrance,47,1,2,0,0,TestRaidDungeonEntrance:NpcBaseClass,,
instance,chara/npc/monster/ahriman/ahrimannormalr0d1raid01,2,1,0,0,0,AhrimanNormalR0D1Raid01:AhrimanPatrolBaseClass,,
instance,chara/npc/monster/ahriman/ahrimannormalr0d1raid02,2,1,0,0,0,AhrimanNormalR0D1Raid02:AhrimanBaseClass,,
quest,chara/npc/monster/basilisk/basilisklesserquestcom0l1,2,1,0,0,0,BasiliskLesserQuestCom0l1:BasiliskBaseClass,,
quest,chara/npc/monster/bomb/bomblessersimplequest,2,1,0,0,0,BombLesserSimpleQuest:BombBaseClass,,
instance,chara/npc/monster/cyclops/cyclopsnormalraidw0d5,2,1,0,0,0,CyclopsNormalRaidW0D5:CyclopsBaseClass,,
quest,chara/npc/monster/empire/empirearcherquest001,2,1,0,0,0,EmpireArcherQuest001:EmpireBaseClass,,
quest,chara/npc/monster/empire/empirechiefquest001,2,1,0,0,0,EmpireChiefQuest001:EmpireBaseClass,,
quest,chara/npc/monster/empire/empirechiefquestgcu102,2,1,0,0,0,EmpireChiefQuestGcu102:EmpireBaseClass,,
quest,chara/npc/monster/empire/empirechiefquestgcu303,2,1,0,0,0,EmpireChiefQuestGcu303:EmpireBaseClass,,
instance,chara/npc/monster/empire/empirechiefraidr0d4,2,1,0,0,0,EmpireChiefRaidR0D4:EmpireBaseClass,,
quest,chara/npc/monster/empire/empireconjurerquest001,2,1,0,0,0,EmpireConjurerQuest001:EmpireBaseClass,,
quest,chara/npc/monster/empire/empireconjurerquest002,2,1,0,0,0,EmpireConjurerQuest002:EmpireBaseClass,,
quest,chara/npc/monster/empire/empireconjurerquestattack001,2,1,0,0,0,EmpireConjurerQuestAttack001:EmpireBaseClass,,
quest,chara/npc/monster/empire/empireconjurerquestcom0x4,2,1,0,0,0,EmpireConjurerQuestCom0x4:EmpireBaseClass,,
quest,chara/npc/monster/empire/empireconjurerquestheal001,2,1,0,0,0,EmpireConjurerQuestHeal001:EmpireBaseClass,,
instance,chara/npc/monster/empire/empireconjurerraidr0d4,2,1,0,0,0,EmpireConjurerRaidR0D4:EmpireBaseClass,,
quest,chara/npc/monster/empire/empiregladiatorquest001,2,1,0,0,0,EmpireGladiatorQuest001:EmpireBaseClass,,
quest,chara/npc/monster/empire/empirelancerquest001,2,1,0,0,0,EmpireLancerQuest001:EmpireBaseClass,,
quest,chara/npc/monster/empire/empiremarauderquest001,2,1,0,0,0,EmpireMarauderQuest001:EmpireBaseClass,,
instance,chara/npc/monster/empire/empiremarauderraidr0d4,2,1,0,0,0,EmpireMarauderRaidR0D4:EmpireBaseClass,,
quest,chara/npc/monster/empire/empirepugilistquest001,2,1,0,0,0,EmpirePugilistQuest001:EmpireBaseClass,,
quest,chara/npc/monster/empire/empirethaumaturgequest001,2,1,0,0,0,EmpireThaumaturgeQuest001:EmpireBaseClass,,
quest,chara/npc/monster/empire/empirethaumaturgequest002,2,1,0,0,0,EmpireThaumaturgeQuest002:EmpireBaseClass,,
quest,chara/npc/monster/empire/empirethaumaturgequest003,2,1,0,0,0,EmpireThaumaturgeQuest003:EmpireBaseClass,,
instance,chara/npc/monster/empire/empirethaumaturgeraidr0d4,2,1,0,0,0,EmpireThaumaturgeRaidR0D4:EmpireBaseClass,,
quest,chara/npc/monster/fighter/fighterenemydragoonquestdrg0j6,2,1,0,0,0,FighterEnemyDragoonQuestDrg0J6:FighterBaseClass,,
instance,chara/npc/monster/flower/flowerpoisonousraidr0d4,2,1,0,0,0,FlowerPoisonousRaidR0D4:FlowerBaseClass,,
instance,chara/npc/monster/flower/flowerpoisonousraidr0d4b,2,1,0,0,0,FlowerPoisonousRaidR0D4B:FlowerBaseClass,,
quest,chara/npc/monster/fly/flylesserquestgcg302,2,1,0,0,0,FlyLesserQuestGcg302:FlyBaseClass,,
instance,chara/npc/monster/gargoyle/gargoylenormalr0d1raid01,2,1,0,0,0,GargoyleNormalR0D1Raid01:GargoyleBaseClass,,
instance,chara/npc/monster/ifrit/ifrithyperaid,7,1,1,0,0,IfritHyperAid:IfritHyperBaseClass,,
instance,chara/npc/monster/khimaira/khimairanormalraidw0d5,2,1,0,0,0,KhimairaNormalRaidW0D5:KhimairaBaseClass,,
instance,chara/npc/monster/lentigo/lentigoquicksandw0d5raid1,2,1,0,0,0,LentigoQuicksandW0D5Raid1:LentigoBaseClass,,
instance,chara/npc/monster/morbol/morbolnormalraidr0d4,2,1,0,0,0,MorbolNormalRaidR0D4:MorbolBaseClass,,
instance,chara/npc/monster/ogre/ogrer0d1raid01,2,1,0,0,0,OgreR0D1Raid01:OgreBaseClass,,
instance,chara/npc/monster/petitghost/petitghostnormalr0d1raid01,2,1,0,0,0,PetitghostNormalR0D1Raid01:PetitghostBaseClass,,
quest,chara/npc/monster/pirate/piratemarauderquestnowandering,2,1,0,0,0,PirateMarauderQuestNoWandering:PirateBaseClass,,
quest,chara/npc/monster/raptor/raptorforestquestcom0u1,2,1,0,0,0,RaptorForestQuestCom0u1:RaptorBaseClass,,
quest,chara/npc/monster/rebel/rebelconjurerquest001,2,1,0,0,0,RebelConjurerQuest001:RebelBaseClass,,
quest,chara/npc/monster/rebel/rebelthaumaturgequest001,2,1,0,0,0,RebelThaumaturgeQuest001:RebelBaseClass,,
quest,chara/npc/monster/scalelizard/scalelizardfirequestcom0g1,2,1,0,0,0,ScalelizardFireQuestCom0g1:ScalelizardBaseClass,,
quest,chara/npc/monster/scalelizard/scalelizardthunderquestdrg0j6,2,1,0,0,0,ScalelizardThunderQuestDrg0j6:ScalelizardBaseClass,,
instance,chara/npc/monster/skeleton/skeletonnormalglar0d1raid01,2,1,0,0,0,SkeletonNormalGlaR0D1Raid01:SkeletonBaseClass,,
quest,chara/npc/monster/slug/sluglesserquestgcl301,2,1,0,0,0,SlugLesserQuestGcl301:SlugBaseClass,,
instance,chara/npc/monster/slug/sluglesserraidr0d4,2,1,0,0,0,SlugLesserRaidR0D4:SlugBaseClass,,
instance,chara/npc/monster/slug/sluglesserraidr0d4b,2,1,0,0,0,SlugLesserRaidR0D4B:SlugBaseClass,,
instance,chara/npc/monster/slug/slugnormalraidr0d4,2,1,0,0,0,SlugNormalRaidR0D4:SlugBaseClass,,
instance,chara/npc/monster/slug/slugnormalraidr0d4b,2,1,0,0,0,SlugNormalRaidR0D4B:SlugBaseClass,,
instance,chara/npc/monster/spider/spiderchildf0d3raid01,2,1,0,0,0,SpiderChildF0D3Raid01:SpiderBaseClass,,
instance,chara/npc/monster/spider/spiderfemalef0d3raid01,2,1,0,0,0,SpiderFemaleF0D3Raid01:SpiderBaseClass,,
instance,chara/npc/monster/spider/spidermalef0d3raid01,2,1,0,0,0,SpiderMaleF0D3Raid01:SpiderBaseClass,,
instance,chara/npc/monster/spider/spidermalef0d3raid03,2,1,0,0,0,SpiderMaleF0D3Raid03:SpiderBaseClass,,
instance,chara/npc/monster/termite/termiteprinceraidw0d5,2,1,0,0,0,TermitePrinceRaidW0D5:TermiteBaseClass,,
instance,chara/npc/monster/termite/termiteprincessraidw0d5,2,1,0,0,0,TermitePrincessRaidW0D5:TermiteBaseClass,,
instance,chara/npc/monster/termite/termitesoldierraidw0d5,2,1,0,0,0,TermiteSoldierRaidW0D5:TermiteBaseClass,,
instance,chara/npc/monster/termite/termitesoldierraidw0d5b,2,1,0,0,0,TermiteSoldierRaidW0D5B:TermiteBaseClass,,
instance,chara/npc/monster/termite/termitewarriorraidw0d5,2,1,0,0,0,TermiteWarriorRaidW0D5:TermiteBaseClass,,
quest,chara/npc/monster/wolf/wolfquestnowandering,2,1,0,0,0,WolfQuestNoWandering:WolfBaseClass,,
instance,chara/npc/object/contentprivatearearange,8,1,1,0,0,ContentPrivateAreaRange:NpcBaseClass,,
instance,chara/npc/object/instanceraidexit,14,1,2,0,0,InstanceRaidExit:NpcBaseClass,,
instance,chara/npc/object/privateareapastexit,11,1,2,0,0,PrivateAreaPastExit:NpcBaseClass,,
quest,chara/npc/object/questobjectexc300,7,1,1,0,0,QuestObjectExc300:NpcBaseClass,,
quest,chara/npc/object/questobjectgla306,5,1,1,0,0,QuestObjectGla306:NpcBaseClass,,
quest,chara/npc/object/questobjectman0l1,2,1,0,0,0,QuestObjectMan0l1:NpcBaseClass,,
quest,chara/npc/object/questobjectman206,2,1,0,0,0,QuestObjectMan206:NpcBaseClass,,
quest,chara/npc/object/questobjectman2g0,2,1,0,0,0,QuestObjectMan2g0:NpcBaseClass,,
quest,chara/npc/object/questobjectman2l0,2,1,0,0,0,QuestObjectMan2l0:NpcBaseClass,,
quest,chara/npc/object/questobjectman300,2,1,0,0,0,QuestObjectMan300:NpcBaseClass,,
quest,chara/npc/object/questobjectman402,10,1,2,0,0,QuestObjectMan402:NpcBaseClass,,
quest,chara/npc/object/questobjectpgl300,2,1,0,0,0,QuestObjectPgl300:NpcBaseClass,,
quest,chara/npc/object/questobjectsearchstandard,7,1,1,0,0,QuestObjectSearchStandard:NpcBaseClass,,
quest,chara/npc/object/questobjecttargetstandard,2,1,0,0,0,QuestObjectTargetStandard:NpcBaseClass,,
quest,chara/npc/object/questtargetstandard,2,1,0,0,0,QuestTargetStandard:NpcBaseClass,,
instance,chara/npc/object/raiddungeonbarrier,14,1,3,1,1,RaidDungeonBarrier:NpcBaseClass,6829:raidDungeonBarrier,askExtendWidget:1
instance,chara/npc/object/raiddungeonexit,35,1,4,1,3,RaidDungeonExit:NpcBaseClass,6736:raidDungeonExit,askExtendWidget:3
instance,chara/npc/object/raiddungeonheadcount,5,1,1,0,0,RaidDungeonHeadCount:NpcBaseClass,,
instance,chara/npc/object/raiddungeonlight,16,1,3,1,1,RaidDungeonLight:NpcBaseClass,6813:raidDungeonLight,askExtendWidget:1
instance,chara/npc/object/raiddungeonposter,61,1,2,1,0,RaidDungeonPoster:NpcBaseClass,6753:raidDungeonPoster,
instance,chara/npc/object/raiddungeonrect,8,1,2,0,0,RaidDungeonRect:NpcBaseClass,,
instance,chara/npc/object/raiddungeontreasurebox,283,1,14,0,0,RaidDungeonTreasureBox:NpcBaseClass,,
instance,chara/npc/object/raiddungeonwarp,16,1,3,1,1,RaidDungeonWarp:NpcBaseClass,6781:raidDungeonWarp,askExtendWidget:1
retainer,chara/npc/object/retainerfurniture,612,1,15,0,16,RetainerFurniture:NpcBaseClass,,RetainerItemListWidget:3;askExtendWidget:2;noticeRetainerTradeResult:2;askRetainerListWidget:1;askRestrictChoices:1;askEventModeWidgetYield:1;openRetainerTradeWidget:1;closeRetainerTradeWidget:1;selectRetainerTradeWidget:1;openRetainerItemListWidget:1;closeRetainerItemListWidget:1;selectRetainerItemListWidget:1
retainer,chara/npc/object/retainermeetingspace,552,1,12,0,17,RetainerMeetingSpace:NpcBaseClass,,askExtendWidget:4;RetainerItemListWidget:3;noticeRetainerTradeResult:2;askRetainerListWidget:1;askRestrictChoices:1;openRetainerTradeWidget:1;closeRetainerTradeWidget:1;selectRetainerTradeWidget:1;openRetainerItemListWidget:1;closeRetainerItemListWidget:1;selectRetainerItemListWidget:1
instance,chara/npc/object/treasurebox/instanceraidtreasurebox,2,1,0,0,0,InstanceRaidTreasureBox:TreasureBoxBaseClass,,
instance,chara/npc/populace/instanceraidguide/aetherytebeastchildguide,2,1,0,0,0,AetheryteBeastChildGuide:InspectableGuideBaseClass,,
instance;quest,chara/npc/populace/instanceraidguide/hasquestguidebaseclass,2,1,0,0,0,HasQuestGuideBaseClass:InstanceRaidGuideBaseClass,,
instance,chara/npc/populace/instanceraidguide/inspectableguidebaseclass,7,1,1,0,0,InspectableGuideBaseClass:HasQuestGuideBaseClass,,
instance,chara/npc/populace/instanceraidguide/inspectableinstanceraidguide,5,1,1,0,0,InspectableInstanceRaidGuide:InspectableGuideBaseClass,,
instance,chara/npc/populace/instanceraidguide/instanceraidguide,5,1,1,0,0,InstanceRaidGuide:HasQuestGuideBaseClass,,
instance,chara/npc/populace/instanceraidguide/instanceraidguideaurumvale,46,1,3,1,0,InstanceRaidGuideAurumVale:NoQuestGuideBaseClass,9920:instanceRaidGuideAurumVale,
instance,chara/npc/populace/instanceraidguide/instanceraidguidebaseclass,18,1,3,0,1,InstanceRaidGuideBaseClass:NpcBaseClass,,askEnterInstanceRaid:1
instance,chara/npc/populace/instanceraidguide/instanceraidguidecutterscry,62,1,4,1,0,InstanceRaidGuideCuttersCry:NoQuestGuideBaseClass,9936:instanceRaidGuideCuttersCry,
instance;quest,chara/npc/populace/instanceraidguide/noquestguidebaseclass,62,1,3,0,0,NoQuestGuideBaseClass:InstanceRaidGuideBaseClass,,
instance,chara/npc/populace/occupancyguide/occupancyguidebaseclass,8,1,2,0,0,OccupancyGuideBaseClass:NpcBaseClass,,
instance,chara/npc/populace/occupancyguide/raidfst0dungeon03guide,256,1,5,1,2,RaidFst0Dungeon03Guide:OccupancyGuideBaseClass,6704:raidFst0Dungeon03Guide,askExtendWidget:2
instance,chara/npc/populace/occupancyguide/raidroc0dungeon01guide,256,1,5,1,2,RaidRoc0Dungeon01Guide:OccupancyGuideBaseClass,6720:raidRoc0Dungeon01Guide,askExtendWidget:2
cutscene,chara/npc/populace/populacecutsceneplayer,153,1,6,1,5,PopulaceCutScenePlayer:NpcBaseClass,9984:populaceCutScenePlayer,askExtendWidget:2;startNQCutScene:1;startHQCutScene:1;startFadeInCutSceneDefault:1
linkshell,chara/npc/populace/populacelinkshellmanager,796,1,20,1,56,PopulaceLinkshellManager:NpcBaseClass,2221:populaceLinkshellManager,linkshell:39;askLinkshellListWidget:6;askLinkshellSelectIconWidget:5;askLinkshellNamingWidget:2;askLinkshellConfirmWidget:2;askRestrictChoices:1;askExtendWidget:1
quest,chara/npc/populace/populacerequestwarden,217,1,20,1,4,PopulaceRequestWarden:NpcBaseClass,1355:populaceRequestWarden,askExtendWidget:4
retainer,chara/npc/populace/populaceretainermanager,721,1,24,1,16,PopulaceRetainerManager:NpcBaseClass,545:populaceRetainerManager,askExtendWidget:8;createCutScene:3;startCutScene:2;askForCustomizeOption:1;askRetainerNamingWidget:1;askRestrictChoices:1
retainer,chara/npc/retainer/ordinaryretainer,643,1,12,1,14,OrdinaryRetainer:RetainerBaseClass,319:ordinaryRetainer,RetainerItemListWidget:3;askExtendWidget:2;noticeRetainerTradeResult:2;askRestrictChoices:1;openRetainerTradeWidget:1;closeRetainerTradeWidget:1;selectRetainerTradeWidget:1;openRetainerItemListWidget:1;closeRetainerItemListWidget:1;selectRetainerItemListWidget:1
retainer,chara/npc/retainer/retainerbaseclass,53,1,5,0,0,RetainerBaseClass:NpcBaseClass,,
linkshell,command/system/linkshellappointcommand,143,1,1,0,2,LinkshellAppointCommand:SystemCommandBaseClass,,linkshell:2
linkshell,command/system/linkshellchangecommand,25,1,1,0,2,LinkshellChangeCommand:SystemCommandBaseClass,,linkshell:2
linkshell,command/system/linkshellinvitecancelcommand,29,1,1,0,2,LinkshellInviteCancelCommand:SystemCommandBaseClass,,linkshell:2
linkshell,command/system/linkshellinvitecommand,32,1,1,0,2,LinkshellInviteCommand:SystemCommandBaseClass,,linkshell:2
linkshell,command/system/linkshellkickcommand,121,1,1,0,2,LinkshellKickCommand:SystemCommandBaseClass,,linkshell:2
linkshell,command/system/linkshellresigncommand,17,1,1,0,2,LinkshellResignCommand:SystemCommandBaseClass,,linkshell:2
linkshell,command/system/npclinkshellchatcommand,5,1,1,0,6,NpcLinkshellChatCommand:SystemCommandBaseClass,,NpcLinkshell:3;linkshell:3
quest,command/system/requestinformationcommand,5,1,1,0,0,RequestInformationCommand:SystemCommandBaseClass,,
quest,command/system/requestinformationcommand_info,1,0,0,0,0,,,
quest,command/system/requestquestjournalcommand,5,1,1,0,0,RequestQuestJournalCommand:SystemCommandBaseClass,,
quest,director/afterquestwarpdirector,5,1,1,0,0,AfterQuestWarpDirector:DirectorBaseClass,,
quest,director/guildleve/requestdirector,177,1,8,0,3,RequestDirector:GuildleveBaseClass,,processUpdateContentsInformation:3
quest,director/guildleve/requestmanager,5,1,1,0,0,RequestManager:DirectorBaseClass,,
instance,director/instanceraid/instanceraidaurumvale,2,1,0,0,0,InstanceRaidAurumVale:InstanceRaidBaseClass,,
instance,director/instanceraid/instanceraidbaseclass,294,1,25,0,6,InstanceRaidBaseClass:DirectorBaseClass,,createCutScene:2;openPublicEffectWidget:2;startCutScene:1;openRaidDungeonExecutionWidget:1
instance,director/instanceraid/instanceraidbeaconbattle,2,1,0,0,0,InstanceRaidBeaconBattle:InstanceRaidBaseClass,,
instance,director/instanceraid/instanceraidcutterscry,2,1,0,0,0,InstanceRaidCuttersCry:InstanceRaidBaseClass,,
instance,director/instanceraid/instanceraiddarkmoogle,2,1,0,0,0,InstanceRaidDarkMoogle:InstanceRaidBaseClass,,
instance,director/instanceraid/instanceraidhamletdefense,397,1,13,1,3,InstanceRaidHamletDefense:InstanceRaidBaseClass,10208:InstanceRaidHamletDefense,openPublicEffectWidget:2;openHamletExecutionWidget:1
instance,director/instanceraid/instanceraidhyperifrit,2,1,0,0,0,InstanceRaidHyperIfrit:InstanceRaidBaseClass,,
instance,director/instanceraid/instanceraidlessergaruda,2,1,0,0,0,InstanceRaidLesserGaruda:InstanceRaidBaseClass,,
instance,director/instanceraid/instanceraidlesserifrit,7,1,1,0,0,InstanceRaidLesserIfrit:InstanceRaidBaseClass,,
instance,director/instanceraid/instanceraidlesserwhitegeneral,16,1,3,0,0,InstanceRaidLesserWhiteGeneral:InstanceRaidBaseClass,,
instance,director/instanceraid/instanceraidnormalgaruda,2,1,0,0,0,InstanceRaidNormalGaruda:InstanceRaidBaseClass,,
instance,director/instanceraid/instanceraidnormalifrit,2,1,0,0,0,InstanceRaidNormalIfrit:InstanceRaidBaseClass,,
instance,director/instanceraid/instanceraidnormalwhitegeneral,2,1,0,0,0,InstanceRaidNormalWhiteGeneral:InstanceRaidBaseClass,,
instance,director/instanceraid/occupancyplayers/occupancyplayersbaseclass,4,1,1,0,0,OccupancyPlayersBaseClass:DirectorBaseClass,,
instance,director/instanceraid/occupancyplayers/occupancyplayerstest,9,1,2,0,0,OccupancyPlayersTest:DirectorBaseClass,,
instance,director/instanceraid/occupancyplayers/raidplayers,2,1,0,0,0,RaidPlayers:OccupancyPlayersBaseClass,,
instance,director/occupancy/occupancydirectorbaseclass,2,1,0,0,0,OccupancyDirectorBaseClass:DirectorBaseClass,,
instance,director/occupancy/raidfst0dungeon03,42,1,7,0,6,RaidFst0Dungeon03:OccupancyDirectorBaseClass,,createCutScene:2;openRaidDungeonExecutionWidget:2;eventNoticeCutScene:1;startCutScene:1
instance,director/occupancy/raidroc0dungeon01,42,1,7,0,6,RaidRoc0Dungeon01:OccupancyDirectorBaseClass,,createCutScene:2;openRaidDungeonExecutionWidget:2;eventNoticeCutScene:1;startCutScene:1
instance,director/publicraid/publicraidbaseclass,11,1,1,0,0,PublicRaidBaseClass:DirectorBaseClass,,
instance,director/publicraid/publicraidbeaconfort,2,1,0,0,0,PublicRaidBeaconFort:DirectorBaseClass,,
instance,director/publicraid/publicraidnatalan,2,1,0,0,0,PublicRaidNatalan:PublicRaidBaseClass,,
instance,director/publicraid/publicraidshposhae,2,1,0,0,0,PublicRaidShposhae:PublicRaidBaseClass,,
instance,director/publicraid/publicraidughamaro,2,1,0,0,0,PublicRaidUGhamaro:PublicRaidBaseClass,,
instance,director/publicraid/publicraidzaharak,2,1,0,0,0,PublicRaidZaharak:PublicRaidBaseClass,,
quest,director/quest/questdirectoralc20001,2,1,0,0,0,QuestDirectorAlc20001:QuestDirectorBaseClass,,
quest,director/quest/questdirectoralc30001,2,1,0,0,0,QuestDirectorAlc30001:QuestDirectorBaseClass,,
quest,director/quest/questdirectoralc30601,2,1,0,0,0,QuestDirectorAlc30601:QuestDirectorBaseClass,,
quest,director/quest/questdirectorarc20001,2,1,0,0,0,QuestDirectorArc20001:QuestDirectorBaseClass,,
quest,director/quest/questdirectorarc30001,2,1,0,0,0,QuestDirectorArc30001:QuestDirectorBaseClass,,
quest,director/quest/questdirectorarc30601,2,1,0,0,0,QuestDirectorArc30601:QuestDirectorBaseClass,,
quest,director/quest/questdirectorarc30602,2,1,0,0,0,QuestDirectorArc30602:QuestDirectorBaseClass,,
quest,director/quest/questdirectorarc40001,2,1,0,0,0,QuestDirectorArc40001:QuestDirectorBaseClass,,
quest,director/quest/questdirectorbaseclass,33,1,5,0,0,QuestDirectorBaseClass:DirectorBaseClass,,
quest,director/quest/questdirectorblm0j301,2,1,0,0,0,QuestDirectorBlm0j301:QuestDirectorBaseClass,,
quest,director/quest/questdirectorblm0j601,2,1,0,0,0,QuestDirectorBlm0j601:QuestDirectorBaseClass,,
quest,director/quest/questdirectorbrd0j601,2,1,0,0,0,QuestDirectorBrd0j601:QuestDirectorBaseClass,,
quest,director/quest/questdirectorbsm20001,2,1,0,0,0,QuestDirectorBsm20001:QuestDirectorBaseClass,,
quest,director/quest/questdirectorbsm30001,2,1,0,0,0,QuestDirectorBsm30001:QuestDirectorBaseClass,,
quest,director/quest/questdirectorbsm30601,2,1,0,0,0,QuestDirectorBsm30601:QuestDirectorBaseClass,,
quest,director/quest/questdirectorcnj20001,2,1,0,0,0,QuestDirectorCnj20001:QuestDirectorBaseClass,,
quest,director/quest/questdirectorcnj30001,2,1,0,0,0,QuestDirectorCnj30001:QuestDirectorBaseClass,,
quest,director/quest/questdirectorcnj30601,2,1,0,0,0,QuestDirectorCnj30601:QuestDirectorBaseClass,,
quest,director/quest/questdirectorcnj30602,2,1,0,0,0,QuestDirectorCnj30602:QuestDirectorBaseClass,,
quest,director/quest/questdirectorcnj40001,2,1,0,0,0,QuestDirectorCnj40001:QuestDirectorBaseClass,,
quest,director/quest/questdirectorcom0g501,2,1,0,0,0,QuestDirectorCom0g501:QuestDirectorBaseClass,,
quest,director/quest/questdirectorcul20001,2,1,0,0,0,QuestDirectorCul20001:QuestDirectorBaseClass,,
quest,director/quest/questdirectorcul30001,2,1,0,0,0,QuestDirectorCul30001:QuestDirectorBaseClass,,
quest,director/quest/questdirectorcul30601,2,1,0,0,0,QuestDirectorCul30601:QuestDirectorBaseClass,,
quest,director/quest/questdirectoreventman20001,2,1,0,0,0,QuestDirectorEventMan20001:QuestDirectorBaseClass,,
quest,director/quest/questdirectoreventman30401,2,1,0,0,0,QuestDirectorEventMan30401:QuestDirectorBaseClass,,
quest,director/quest/questdirectoreventman30801,2,1,0,0,0,QuestDirectorEventMan30801:QuestDirectorBaseClass,,
quest,director/quest/questdirectoreventman30802,2,1,0,0,0,QuestDirectorEventMan30802:QuestDirectorBaseClass,,
quest,director/quest/questdirectoreventman40601,2,1,0,0,0,QuestDirectorEventMan40601:QuestDirectorBaseClass,,
quest,director/quest/questdirectoreventman40602,2,1,0,0,0,QuestDirectorEventMan40602:QuestDirectorBaseClass,,
quest,director/quest/questdirectorexc20001,2,1,0,0,0,QuestDirectorExc20001:QuestDirectorBaseClass,,
quest,director/quest/questdirectorexc30001,2,1,0,0,0,QuestDirectorExc30001:QuestDirectorBaseClass,,
quest,director/quest/questdirectorexc30601,2,1,0,0,0,QuestDirectorExc30601:QuestDirectorBaseClass,,
quest,director/quest/questdirectorexc30602,2,1,0,0,0,QuestDirectorExc30602:QuestDirectorBaseClass,,
quest,director/quest/questdirectorexc40001,2,1,0,0,0,QuestDirectorExc40001:QuestDirectorBaseClass,,
quest,director/quest/questdirectorfsh20001,2,1,0,0,0,QuestDirectorFsh20001:QuestDirectorBaseClass,,
quest,director/quest/questdirectorfsh30001,2,1,0,0,0,QuestDirectorFsh30001:QuestDirectorBaseClass,,
quest,director/quest/questdirectorfsh30601,2,1,0,0,0,QuestDirectorFsh30601:QuestDirectorBaseClass,,
quest,director/quest/questdirectorgcg10201,2,1,0,0,0,QuestDirectorGcg10201:QuestDirectorBaseClass,,
quest,director/quest/questdirectorgcg30101,2,1,0,0,0,QuestDirectorGcg30101:QuestDirectorBaseClass,,
quest,director/quest/questdirectorgcg70101,135,1,11,0,7,QuestDirectorGcg70101:QuestDirectorBaseClass,,openPublicEffectWidget:4;processUpdateContentsInformation:3
quest,director/quest/questdirectorgcl10201,2,1,0,0,0,QuestDirectorGcl10201:QuestDirectorBaseClass,,
quest,director/quest/questdirectorgcl30101,2,1,0,0,0,QuestDirectorGcl30101:QuestDirectorBaseClass,,
quest,director/quest/questdirectorgcl30201,2,1,0,0,0,QuestDirectorGcl30201:QuestDirectorBaseClass,,
quest,director/quest/questdirectorgcl70101,135,1,11,0,7,QuestDirectorGcl70101:QuestDirectorBaseClass,,openPublicEffectWidget:4;processUpdateContentsInformation:3
quest,director/quest/questdirectorgcu10201,2,1,0,0,0,QuestDirectorGcu10201:QuestDirectorBaseClass,,
quest,director/quest/questdirectorgcu30101,2,1,0,0,0,QuestDirectorGcu30101:QuestDirectorBaseClass,,
quest,director/quest/questdirectorgcu30201,2,1,0,0,0,QuestDirectorGcu30201:QuestDirectorBaseClass,,
quest,director/quest/questdirectorgcu70101,135,1,11,0,7,QuestDirectorGcu70101:QuestDirectorBaseClass,,openPublicEffectWidget:4;processUpdateContentsInformation:3
quest,director/quest/questdirectorgla20001,2,1,0,0,0,QuestDirectorGla20001:QuestDirectorBaseClass,,
quest,director/quest/questdirectorgla30001,2,1,0,0,0,QuestDirectorGla30001:QuestDirectorBaseClass,,
quest,director/quest/questdirectorgla30601,2,1,0,0,0,QuestDirectorGla30601:QuestDirectorBaseClass,,
quest,director/quest/questdirectorgla30602,2,1,0,0,0,QuestDirectorGla30602:QuestDirectorBaseClass,,
quest,director/quest/questdirectorgld20001,2,1,0,0,0,QuestDirectorGld20001:QuestDirectorBaseClass,,
quest,director/quest/questdirectorgld30001,2,1,0,0,0,QuestDirectorGld30001:QuestDirectorBaseClass,,
quest,director/quest/questdirectorgld30601,2,1,0,0,0,QuestDirectorGld30601:QuestDirectorBaseClass,,
quest,director/quest/questdirectorhrv20001,2,1,0,0,0,QuestDirectorHrv20001:QuestDirectorBaseClass,,
quest,director/quest/questdirectorhrv30001,2,1,0,0,0,QuestDirectorHrv30001:QuestDirectorBaseClass,,
quest,director/quest/questdirectorhrv30601,2,1,0,0,0,QuestDirectorHrv30601:QuestDirectorBaseClass,,
quest,director/quest/questdirectorhrv30602,2,1,0,0,0,QuestDirectorHrv30602:QuestDirectorBaseClass,,
quest,director/quest/questdirectorhrv40001,2,1,0,0,0,QuestDirectorHrv40001:QuestDirectorBaseClass,,
quest,director/quest/questdirectorhrv50001,2,1,0,0,0,QuestDirectorHrv50001:QuestDirectorBaseClass,,
quest,director/quest/questdirectorhrv50601,2,1,0,0,0,QuestDirectorHrv50601:QuestDirectorBaseClass,,
quest,director/quest/questdirectoriftfest1101,2,1,0,0,0,QuestDirectorIftFest1101:QuestDirectorBaseClass,,
quest,director/quest/questdirectorlnc20001,2,1,0,0,0,QuestDirectorLnc20001:QuestDirectorBaseClass,,
quest,director/quest/questdirectorlnc30001,2,1,0,0,0,QuestDirectorLnc30001:QuestDirectorBaseClass,,
quest,director/quest/questdirectorlnc30601,2,1,0,0,0,QuestDirectorLnc30601:QuestDirectorBaseClass,,
quest,director/quest/questdirectorman0g001,2,1,0,0,0,QuestDirectorMan0g001:QuestDirectorBaseClass,,
quest,director/quest/questdirectorman0g003,2,1,0,0,0,QuestDirectorMan0g003:QuestDirectorBaseClass,,
quest,director/quest/questdirectorman0g101,2,1,0,0,0,QuestDirectorMan0g101:QuestDirectorBaseClass,,
quest,director/quest/questdirectorman0g102,2,1,0,0,0,QuestDirectorMan0g102:QuestDirectorBaseClass,,
quest,director/quest/questdirectorman0l001,2,1,0,0,0,QuestDirectorMan0l001:QuestDirectorBaseClass,,
quest,director/quest/questdirectorman0l003,2,1,0,0,0,QuestDirectorMan0l003:QuestDirectorBaseClass,,
quest,director/quest/questdirectorman0l101,2,1,0,0,0,QuestDirectorMan0l101:QuestDirectorBaseClass,,
quest,director/quest/questdirectorman0u001,2,1,0,0,0,QuestDirectorMan0u001:QuestDirectorBaseClass,,
quest,director/quest/questdirectorman0u003,2,1,0,0,0,QuestDirectorMan0u003:QuestDirectorBaseClass,,
quest,director/quest/questdirectorman0u101,2,1,0,0,0,QuestDirectorMan0u101:QuestDirectorBaseClass,,
quest,director/quest/questdirectorman0u102,2,1,0,0,0,QuestDirectorMan0u102:QuestDirectorBaseClass,,
quest,director/quest/questdirectorman20601,2,1,0,0,0,QuestDirectorMan20601:QuestDirectorBaseClass,,
quest,director/quest/questdirectorman2g001,2,1,0,0,0,QuestDirectorMan2g001:QuestDirectorBaseClass,,
quest,director/quest/questdirectorman2l001,2,1,0,0,0,QuestDirectorMan2l001:QuestDirectorBaseClass,,
quest,director/quest/questdirectorman2u001,2,1,0,0,0,QuestDirectorMan2u001:QuestDirectorBaseClass,,
quest,director/quest/questdirectorman30001,2,1,0,0,0,QuestDirectorMan30001:QuestDirectorBaseClass,,
quest,director/quest/questdirectorman30801,2,1,0,0,0,QuestDirectorMan30801:QuestDirectorBaseClass,,
quest,director/quest/questdirectorman40201,2,1,0,0,0,QuestDirectorMan40201:QuestDirectorBaseClass,,
quest,director/quest/questdirectorman40601,2,1,0,0,0,QuestDirectorMan40601:QuestDirectorBaseClass,,
quest,director/quest/questdirectorman50201,2,1,0,0,0,QuestDirectorMan50201:QuestDirectorBaseClass,,
quest,director/quest/questdirectorman50202,2,1,0,0,0,QuestDirectorMan50202:QuestDirectorBaseClass,,
quest,director/quest/questdirectormin20001,2,1,0,0,0,QuestDirectorMin20001:QuestDirectorBaseClass,,
quest,director/quest/questdirectormin30001,2,1,0,0,0,QuestDirectorMin30001:QuestDirectorBaseClass,,
quest,director/quest/questdirectormin30601,2,1,0,0,0,QuestDirectorMin30601:QuestDirectorBaseClass,,
quest,director/quest/questdirectormnk0j601,2,1,0,0,0,QuestDirectorMnk0j601:QuestDirectorBaseClass,,
quest,director/quest/questdirectormultievent,2,1,0,0,0,QuestDirectorMultiEvent:QuestDirectorBaseClass,,
quest,director/quest/questdirectornmrush01,111,1,9,0,4,QuestDirectorNMRush01:QuestDirectorBaseClass,,processUpdateContentsInformation:4
quest,director/quest/questdirectornmrush02,111,1,9,0,4,QuestDirectorNMRush02:QuestDirectorBaseClass,,processUpdateContentsInformation:4
quest,director/quest/questdirectorpgl20001,2,1,0,0,0,QuestDirectorPgl20001:QuestDirectorBaseClass,,
quest,director/quest/questdirectorpgl20002,2,1,0,0,0,QuestDirectorPgl20002:QuestDirectorBaseClass,,
quest,director/quest/questdirectorpgl30001,2,1,0,0,0,QuestDirectorPgl30001:QuestDirectorBaseClass,,
quest,director/quest/questdirectorpgl30601,2,1,0,0,0,QuestDirectorPgl30601:QuestDirectorBaseClass,,
quest,director/quest/questdirectorpld0j601,2,1,0,0,0,QuestDirectorPld0j601:QuestDirectorBaseClass,,
quest,director/quest/questdirectorstandard,2,1,0,0,0,QuestDirectorStandard:QuestDirectorBaseClass,,
quest,director/quest/questdirectortan20001,2,1,0,0,0,QuestDirectorTan20001:QuestDirectorBaseClass,,
quest,director/quest/questdirectortan30001,2,1,0,0,0,QuestDirectorTan30001:QuestDirectorBaseClass,,
quest,director/quest/questdirectortan30601,2,1,0,0,0,QuestDirectorTan30601:QuestDirectorBaseClass,,
quest,director/quest/questdirectorthm20001,2,1,0,0,0,QuestDirectorThm20001:QuestDirectorBaseClass,,
quest,director/quest/questdirectorthm30001,2,1,0,0,0,QuestDirectorThm30001:QuestDirectorBaseClass,,
quest,director/quest/questdirectorthm30601,2,1,0,0,0,QuestDirectorThm30601:QuestDirectorBaseClass,,
quest,director/quest/questdirectorwar0j601,2,1,0,0,0,QuestDirectorWar0j601:QuestDirectorBaseClass,,
quest,director/quest/questdirectorwdk20001,2,1,0,0,0,QuestDirectorWdk20001:QuestDirectorBaseClass,,
quest,director/quest/questdirectorwdk30001,2,1,0,0,0,QuestDirectorWdk30001:QuestDirectorBaseClass,,
quest,director/quest/questdirectorwdk30601,2,1,0,0,0,QuestDirectorWdk30601:QuestDirectorBaseClass,,
quest,director/quest/questdirectorwdk30602,2,1,0,0,0,QuestDirectorWdk30602:QuestDirectorBaseClass,,
quest,director/quest/questdirectorwhm0j601,2,1,0,0,0,QuestDirectorWhm0j601:QuestDirectorBaseClass,,
quest,director/quest/questdirectorwvr20001,2,1,0,0,0,QuestDirectorWvr20001:QuestDirectorBaseClass,,
quest,director/quest/questdirectorwvr30001,2,1,0,0,0,QuestDirectorWvr30001:QuestDirectorBaseClass,,
quest,director/quest/questdirectorwvr30601,2,1,0,0,0,QuestDirectorWvr30601:QuestDirectorBaseClass,,
quest,director/quest/simplequestbattle/questdirectorblm0j101,2,1,0,0,0,QuestDirectorBlm0j101:SimpleQuestBattleBaseClass,,
quest,director/quest/simplequestbattle/questdirectorbrd0j101,2,1,0,0,0,QuestDirectorBrd0j101:SimpleQuestBattleBaseClass,,
quest,director/quest/simplequestbattle/questdirectorbrd0j401,2,1,0,0,0,QuestDirectorBrd0j401:SimpleQuestBattleBaseClass,,
quest,director/quest/simplequestbattle/questdirectorcom0g101,2,1,0,0,0,QuestDirectorCom0g101:SimpleQuestBattleBaseClass,,
quest,director/quest/simplequestbattle/questdirectorcom0g401,2,1,0,0,0,QuestDirectorCom0g401:SimpleQuestBattleBaseClass,,
quest,director/quest/simplequestbattle/questdirectorcom0g601,2,1,0,0,0,QuestDirectorCom0g601:SimpleQuestBattleBaseClass,,
quest,director/quest/simplequestbattle/questdirectorcom0l101,2,1,0,0,0,QuestDirectorCom0l101:SimpleQuestBattleBaseClass,,
quest,director/quest/simplequestbattle/questdirectorcom0l401,2,1,0,0,0,QuestDirectorCom0l401:SimpleQuestBattleBaseClass,,
quest,director/quest/simplequestbattle/questdirectorcom0l501,2,1,0,0,0,QuestDirectorCom0l501:SimpleQuestBattleBaseClass,,
quest,director/quest/simplequestbattle/questdirectorcom0l601,7,1,1,0,0,QuestDirectorCom0l601:SimpleQuestBattleBaseClass,,
quest,director/quest/simplequestbattle/questdirectorcom0u101,2,1,0,0,0,QuestDirectorCom0u101:SimpleQuestBattleBaseClass,,
quest,director/quest/simplequestbattle/questdirectorcom0u401,2,1,0,0,0,QuestDirectorCom0u401:SimpleQuestBattleBaseClass,,
quest,director/quest/simplequestbattle/questdirectorcom0u501,7,1,1,0,0,QuestDirectorCom0u501:SimpleQuestBattleBaseClass,,
quest,director/quest/simplequestbattle/questdirectorcom0u601,2,1,0,0,0,QuestDirectorCom0u601:SimpleQuestBattleBaseClass,,
quest,director/quest/simplequestbattle/questdirectordrg0j101,2,1,0,0,0,QuestDirectorDrg0j101:SimpleQuestBattleBaseClass,,
quest,director/quest/simplequestbattle/questdirectordrg0j601,2,1,0,0,0,QuestDirectorDrg0j601:SimpleQuestBattleBaseClass,,
quest,director/quest/simplequestbattle/questdirectoretc1u701,2,1,0,0,0,QuestDirectorEtc1u701:SimpleQuestBattleBaseClass,,
quest,director/quest/simplequestbattle/questdirectoretc1u801,2,1,0,0,0,QuestDirectorEtc1u801:SimpleQuestBattleBaseClass,,
quest,director/quest/simplequestbattle/questdirectoretc1u901,2,1,0,0,0,QuestDirectorEtc1u901:SimpleQuestBattleBaseClass,,
quest,director/quest/simplequestbattle/questdirectoretc2g301,2,1,0,0,0,QuestDirectorEtc2g301:SimpleQuestBattleBaseClass,,
quest,director/quest/simplequestbattle/questdirectoretc2g401,2,1,0,0,0,QuestDirectorEtc2g401:SimpleQuestBattleBaseClass,,
quest,director/quest/simplequestbattle/questdirectoretc2g501,2,1,0,0,0,QuestDirectorEtc2g501:SimpleQuestBattleBaseClass,,
quest,director/quest/simplequestbattle/questdirectoretc2i201,2,1,0,0,0,QuestDirectorEtc2i201:SimpleQuestBattleBaseClass,,
quest,director/quest/simplequestbattle/questdirectoretc2l101,2,1,0,0,0,QuestDirectorEtc2l101:SimpleQuestBattleBaseClass,,
quest,director/quest/simplequestbattle/questdirectoretc2u001,2,1,0,0,0,QuestDirectorEtc2u001:SimpleQuestBattleBaseClass,,
quest,director/quest/simplequestbattle/questdirectoretc2u501,2,1,0,0,0,QuestDirectorEtc2u501:SimpleQuestBattleBaseClass,,
quest,director/quest/simplequestbattle/questdirectoretc3g101,2,1,0,0,0,QuestDirectorEtc3g101:SimpleQuestBattleBaseClass,,
quest,director/quest/simplequestbattle/questdirectoretc3g201,7,1,1,0,0,QuestDirectorEtc3g201:SimpleQuestBattleBaseClass,,
quest,director/quest/simplequestbattle/questdirectoretc3l101,2,1,0,0,0,QuestDirectorEtc3l101:SimpleQuestBattleBaseClass,,
quest,director/quest/simplequestbattle/questdirectoretc3l201,2,1,0,0,0,QuestDirectorEtc3l201:SimpleQuestBattleBaseClass,,
quest,director/quest/simplequestbattle/questdirectoretc3u101,2,1,0,0,0,QuestDirectorEtc3u101:SimpleQuestBattleBaseClass,,
quest,director/quest/simplequestbattle/questdirectoretc3u201,2,1,0,0,0,QuestDirectorEtc3u201:SimpleQuestBattleBaseClass,,
quest,director/quest/simplequestbattle/questdirectorgcg10301,2,1,0,0,0,QuestDirectorGcg10301:SimpleQuestBattleBaseClass,,
quest,director/quest/simplequestbattle/questdirectorgcg30101,2,1,0,0,0,QuestDirectorGcg30101:SimpleQuestBattleBaseClass,,
quest,director/quest/simplequestbattle/questdirectorgcg30201,2,1,0,0,0,QuestDirectorGcg30201:SimpleQuestBattleBaseClass,,
quest,director/quest/simplequestbattle/questdirectorgcg30301,2,1,0,0,0,QuestDirectorGcg30301:SimpleQuestBattleBaseClass,,
quest,director/quest/simplequestbattle/questdirectorgcg30501,2,1,0,0,0,QuestDirectorGcg30501:SimpleQuestBattleBaseClass,,
quest,director/quest/simplequestbattle/questdirectorgcl10301,2,1,0,0,0,QuestDirectorGcl10301:SimpleQuestBattleBaseClass,,
quest,director/quest/simplequestbattle/questdirectorgcl30101,2,1,0,0,0,QuestDirectorGcl30101:SimpleQuestBattleBaseClass,,
quest,director/quest/simplequestbattle/questdirectorgcl30201,2,1,0,0,0,QuestDirectorGcl30201:SimpleQuestBattleBaseClass,,
quest,director/quest/simplequestbattle/questdirectorgcl30301,2,1,0,0,0,QuestDirectorGcl30301:SimpleQuestBattleBaseClass,,
quest,director/quest/simplequestbattle/questdirectorgcl30501,2,1,0,0,0,QuestDirectorGcl30501:SimpleQuestBattleBaseClass,,
quest,director/quest/simplequestbattle/questdirectorgcu10301,2,1,0,0,0,QuestDirectorGcu10301:SimpleQuestBattleBaseClass,,
quest,director/quest/simplequestbattle/questdirectorgcu30101,2,1,0,0,0,QuestDirectorGcu30101:SimpleQuestBattleBaseClass,,
quest,director/quest/simplequestbattle/questdirectorgcu30201,2,1,0,0,0,QuestDirectorGcu30201:SimpleQuestBattleBaseClass,,
quest,director/quest/simplequestbattle/questdirectorgcu30301,2,1,0,0,0,QuestDirectorGcu30301:SimpleQuestBattleBaseClass,,
quest,director/quest/simplequestbattle/questdirectorgcu30501,2,1,0,0,0,QuestDirectorGcu30501:SimpleQuestBattleBaseClass,,
quest,director/quest/simplequestbattle/questdirectormnk0j101,2,1,0,0,0,QuestDirectorMnk0j101:SimpleQuestBattleBaseClass,,
quest,director/quest/simplequestbattle/questdirectorpld0j101,2,1,0,0,0,QuestDirectorPld0j101:SimpleQuestBattleBaseClass,,
quest,director/quest/simplequestbattle/questdirectorpld0j501,2,1,0,0,0,QuestDirectorPld0j501:SimpleQuestBattleBaseClass,,
quest,director/quest/simplequestbattle/questdirectorsim00001,2,1,0,0,0,QuestDirectorSim00001:SimpleQuestBattleBaseClass,,
quest,director/quest/simplequestbattle/questdirectorsim00002,2,1,0,0,0,QuestDirectorSim00002:SimpleQuestBattleBaseClass,,
quest,director/quest/simplequestbattle/questdirectorsim00003,2,1,0,0,0,QuestDirectorSim00003:SimpleQuestBattleBaseClass,,
quest,director/quest/simplequestbattle/questdirectorsim00004,2,1,0,0,0,QuestDirectorSim00004:SimpleQuestBattleBaseClass,,
quest,director/quest/simplequestbattle/questdirectorsim00005,2,1,0,0,0,QuestDirectorSim00005:SimpleQuestBattleBaseClass,,
quest,director/quest/simplequestbattle/questdirectorwar0j101,2,1,0,0,0,QuestDirectorWar0j101:SimpleQuestBattleBaseClass,,
quest,director/quest/simplequestbattle/questdirectorwar0j301,2,1,0,0,0,QuestDirectorWar0j301:SimpleQuestBattleBaseClass,,
quest,director/quest/simplequestbattle/questdirectorwhm0j101,2,1,0,0,0,QuestDirectorWhm0j101:SimpleQuestBattleBaseClass,,
quest,director/quest/simplequestbattle/questdirectorwhm0j401,2,1,0,0,0,QuestDirectorWhm0j401:SimpleQuestBattleBaseClass,,
quest,director/quest/simplequestbattle/questdirectorwvr30601,2,1,0,0,0,QuestDirectorWvr30601:SimpleQuestBattleBaseClass,,
quest,director/quest/simplequestbattle/simplequestbattlebaseclass,11,1,3,0,0,SimpleQuestBattleBaseClass:QuestDirectorBaseClass,,
instance,director/raidgimmick/raidgimmickbaseclass,2,1,0,0,0,RaidGimmickBaseClass:DirectorBaseClass,,
instance,director/raidgimmick/raidgimmickboss,2,1,0,0,0,RaidGimmickBoss:RaidGimmickBaseClass,,
instance,director/raidgimmick/raidgimmickmanager,2,1,0,0,0,RaidGimmickManager:RaidGimmickBaseClass,,
instance,director/raidgimmick/raidgimmickmonster/raidgimmickmonster,2,1,0,0,0,RaidGimmickMonster:RaidGimmickMonsterBaseClass,,
instance,director/raidgimmick/raidgimmickmonster/raidgimmickmonsterbarrieraurum,2,1,0,0,0,RaidGimmickMonsterBarrierAurum:RaidGimmickMonsterBaseClass,,
instance,director/raidgimmick/raidgimmickmonster/raidgimmickmonsterbaseclass,2,1,0,0,0,RaidGimmickMonsterBaseClass:RaidGimmickBaseClass,,
instance,director/raidgimmick/raidgimmickmonster/raidgimmickmonsterhamlet,2,1,0,0,0,RaidGimmickMonsterHamlet:RaidGimmickMonsterBaseClass,,
instance,director/raidgimmick/raidgimmickmonster/raidgimmickmonstermanager,2,1,0,0,0,RaidGimmickMonsterManager:RaidGimmickMonsterBaseClass,,
instance,director/raidgimmick/raidgimmickmonster/raidgimmickmonsterrepop,2,1,0,0,0,RaidGimmickMonsterRepop:RaidGimmickMonsterBaseClass,,
instance,director/raidgimmick/raidgimmickmonster/raidgimmickmonstersynchro,2,1,0,0,0,RaidGimmickMonsterSynchro:RaidGimmickMonsterBaseClass,,
instance,director/raidgimmick/raidgimmickmonster/raidgimmickmonstertime,2,1,0,0,0,RaidGimmickMonsterTime:RaidGimmickMonsterBaseClass,,
instance,director/raidgimmick/raidgimmickmonster/raidgimmickmonsterwatch,2,1,0,0,0,RaidGimmickMonsterWatch:RaidGimmickMonsterBaseClass,,
instance,director/raidgimmick/raidgimmickobstacle,2,1,0,0,0,RaidGimmickObstacle:RaidGimmickBaseClass,,
instance,director/raidgimmick/raidgimmickpop,2,1,0,0,0,RaidGimmickPop:RaidGimmickBaseClass,,
retainer,director/retaineraccessdirector,5,1,1,0,0,RetainerAccessDirector:DirectorBaseClass,,
cutscene,gamedata/cutscene,29,0,2,0,0,,,
cutscene,gamedata/cutscene_common,912,0,0,0,17,,,openCutSceneEffectWidget:15;askEventModeWidgetYield:1;startCutScene:1
cutscene,gamedata/cutscene_u,38,0,0,0,0,,,
retainer,group/communitygroup/retainergroup,200,1,11,0,0,RetainerGroup:CommunityGroupBaseClass,,
retainer,group/contentgroup/retaineraccessgroup,2,1,0,0,0,RetainerAccessGroup:ContentGroupBaseClass,,
instance,group/relationgroup/occupancyplayersrelationgroup,2,1,0,0,0,OccupancyPlayersRelationGroup:RelationGroupBaseClass,,
retainer,group/relationgroup/retainermeetingrelationgroup,2,1,0,0,0,RetainerMeetingRelationGroup:RelationGroupBaseClass,,
instance,judge/instanceraidguidejudge,4,1,1,0,0,InstanceRaidGuideJudge:JudgeBaseClass,,
cutscene,judge/preface/cutsceneoncebeaconprefacejudge,10,1,1,0,3,CutSceneOnceBeaconPrefaceJudge:MusicChangePrefaceBaseClass,,createCutScene:2;startCutScene:1
quest,quest/passiveguildleve/craft/pgaeth,5,1,1,1,0,PgAeth:PassiveGuildleveBaseClass,323:pgAeth,
quest,quest/passiveguildleve/craft/pgconv,5,1,1,1,0,PgConv:PassiveGuildleveBaseClass,327:pgConv,
quest,quest/passiveguildleve/craft/pghaml,5,1,1,0,0,PgHaml:PassiveGuildleveBaseClass,,
quest,quest/passiveguildleve/harvest/pgacce,2,1,0,0,0,PgAcce:PassiveGuildleveBaseClass,,
quest,quest/passiveguildleve/harvest/pgharvestpointencounter,2,1,0,0,0,PgHarvestPointEncounter:PassiveGuildleveBaseClass,,
quest,quest/passiveguildleve/passiveguildlevebaseclass,20,1,4,0,0,PassiveGuildleveBaseClass:QuestBaseClass,,
quest,quest/questbaseclass,279,0,13,0,3,,,tellByNpcLinkshellChat:1;NpcLinkshell:1;linkshell:1
quest,quest/questbaseclass_common,736,0,0,0,30,,,startFadeInCutSceneDefault:5;createCutScene:4;askEventModeWidgetYield:4;startCutScene:3;startNQCutScene:3;_getPendingCutSceneActor:3;startHQCutScene:2;startFadeInCutSceneAfterWarp:2;askRetainerNamingWidget:1;tellByNpcLinkshellChat:1;NpcLinkshell:1;linkshell:1
quest,quest/questtest,9,1,1,0,0,QuestTest:QuestBaseClass,,
quest,quest/scenario/acn/acn200,5,1,1,1,0,Acn200:ScenarioBaseClass,151:acn200,
quest,quest/scenario/acn/acn300,5,1,1,1,0,Acn300:ScenarioBaseClass,155:acn300,
quest,quest/scenario/acn/acn306,5,1,1,1,0,Acn306:ScenarioBaseClass,159:acn306,
quest,quest/scenario/acn/acn400,5,1,1,1,0,Acn400:ScenarioBaseClass,163:acn400,
quest,quest/scenario/acn/acn500,5,1,1,1,0,Acn500:ScenarioBaseClass,221:acn500,
quest,quest/scenario/acn/acn506,5,1,1,1,0,Acn506:ScenarioBaseClass,225:acn506,
quest,quest/scenario/alc/alc200,150,1,19,1,6,Alc200:ScenarioBaseClass,335:alc200,startNQCutScene:3;startFadeInCutSceneDefault:2;startFadeInCutSceneAfterWarp:1
quest,quest/scenario/alc/alc300,235,1,37,1,4,Alc300:ScenarioBaseClass,1383:alc300,startNQCutScene:2;startFadeInCutSceneDefault:1;startFadeInCutSceneAfterWarp:1
quest,quest/scenario/alc/alc306,155,1,29,1,5,Alc306:ScenarioBaseClass,1396:alc306,startNQCutScene:3;startFadeInCutSceneAfterWarp:1;startFadeInCutSceneDefault:1
quest,quest/scenario/alc/alc400,5,1,1,1,0,Alc400:ScenarioBaseClass,1409:alc400,
quest,quest/scenario/alc/alc500,5,1,1,1,0,Alc500:ScenarioBaseClass,1422:alc500,
quest,quest/scenario/alc/alc506,5,1,1,1,0,Alc506:ScenarioBaseClass,1435:alc506,
quest,quest/scenario/arc/arc200,157,1,24,1,8,Arc200:ScenarioBaseClass,347:arc200,startNQCutScene:4;startFadeInCutSceneAfterWarp:3;startFadeInCutSceneDefault:1
quest,quest/scenario/arc/arc300,214,1,35,1,14,Arc300:ScenarioBaseClass,351:arc300,startNQCutScene:7;startFadeInCutSceneAfterWarp:6;startFadeInCutSceneDefault:1
quest,quest/scenario/arc/arc306,131,1,22,1,10,Arc306:ScenarioBaseClass,355:arc306,startNQCutScene:5;startFadeInCutSceneAfterWarp:4;startFadeInCutSceneDefault:1
quest,quest/scenario/arc/arc400,5,1,1,1,0,Arc400:ScenarioBaseClass,359:arc400,
quest,quest/scenario/arc/arc500,5,1,1,1,0,Arc500:ScenarioBaseClass,363:arc500,
quest,quest/scenario/arc/arc506,5,1,1,1,0,Arc506:ScenarioBaseClass,367:arc506,
quest,quest/scenario/blm/blm0j1,151,1,19,1,5,Blm0j1:ScenarioBaseClass,8612:blm0j1,startNQCutScene:2;startFadeInCutSceneDefault:2;askRestrictChoices:1
quest,quest/scenario/blm/blm0j2,84,1,12,1,0,Blm0j2:ScenarioBaseClass,8628:blm0j2,
quest,quest/scenario/blm/blm0j3,148,1,16,1,0,Blm0j3:ScenarioBaseClass,8644:blm0j3,
quest,quest/scenario/blm/blm0j4,99,1,13,1,0,Blm0j4:ScenarioBaseClass,8660:blm0j4,
quest,quest/scenario/blm/blm0j5,74,1,9,1,0,Blm0j5:ScenarioBaseClass,8676:blm0j5,
quest,quest/scenario/blm/blm0j6,211,1,24,1,7,Blm0j6:ScenarioBaseClass,8692:blm0j6,startNQCutScene:3;startFadeInCutSceneDefault:2;startFadeInCutSceneAfterWarp:2
quest,quest/scenario/blm/blm0j7,5,1,1,0,0,Blm0j7:ScenarioBaseClass,,
quest,quest/scenario/blm/blm0j8,5,1,1,0,0,Blm0j8:ScenarioBaseClass,,
quest,quest/scenario/blm/blm0j9,5,1,1,0,0,Blm0j9:ScenarioBaseClass,,
quest,quest/scenario/blm/blm1j0,5,1,1,0,0,Blm1j0:ScenarioBaseClass,,
quest,quest/scenario/brd/brd0j1,164,1,12,1,0,Brd0j1:ScenarioBaseClass,8292:brd0j1,
quest,quest/scenario/brd/brd0j2,95,1,9,1,0,Brd0j2:ScenarioBaseClass,8308:brd0j2,
quest,quest/scenario/brd/brd0j3,85,1,9,1,0,Brd0j3:ScenarioBaseClass,8324:brd0j3,
quest,quest/scenario/brd/brd0j4,102,1,11,1,7,Brd0j4:ScenarioBaseClass,8340:brd0j4,startNQCutScene:3;startFadeInCutSceneDefault:3;startFadeInCutSceneAfterWarp:1
quest,quest/scenario/brd/brd0j5,82,1,6,1,0,Brd0j5:ScenarioBaseClass,8356:brd0j5,
quest,quest/scenario/brd/brd0j6,111,1,9,1,2,Brd0j6:ScenarioBaseClass,8372:brd0j6,startNQCutScene:1;startFadeInCutSceneDefault:1
quest,quest/scenario/brd/brd0j7,5,1,1,0,0,Brd0j7:ScenarioBaseClass,,
quest,quest/scenario/brd/brd0j8,5,1,1,0,0,Brd0j8:ScenarioBaseClass,,
quest,quest/scenario/brd/brd0j9,5,1,1,0,0,Brd0j9:ScenarioBaseClass,,
quest,quest/scenario/brd/brd1j0,5,1,1,0,0,Brd1j0:ScenarioBaseClass,,
quest,quest/scenario/bsm/bsm200,257,1,42,1,6,Bsm200:ScenarioBaseClass,102:bsm200,startFadeInCutSceneAfterWarp:3;startNQCutScene:2;startFadeInCutSceneDefault:1
quest,quest/scenario/bsm/bsm300,485,1,82,1,8,Bsm300:ScenarioBaseClass,229:bsm300,startFadeInCutSceneAfterWarp:5;startNQCutScene:3
quest,quest/scenario/bsm/bsm306,396,1,54,1,9,Bsm306:ScenarioBaseClass,249:bsm306,startFadeInCutSceneAfterWarp:4;startNQCutScene:4;startFadeInCutSceneDefault:1
quest,quest/scenario/bsm/bsm400,181,1,35,1,10,Bsm400:ScenarioBaseClass,233:bsm400,startNQCutScene:5;startFadeInCutSceneAfterWarp:5
quest,quest/scenario/bsm/bsm500,5,1,1,1,0,Bsm500:ScenarioBaseClass,237:bsm500,
quest,quest/scenario/bsm/bsm506,5,1,1,1,0,Bsm506:ScenarioBaseClass,241:bsm506,
quest,quest/scenario/cnj/cnj200,219,1,33,1,6,Cnj200:ScenarioBaseClass,479:cnj200,startNQCutScene:3;startFadeInCutSceneDefault:2;startFadeInCutSceneAfterWarp:1
quest,quest/scenario/cnj/cnj300,278,1,45,1,14,Cnj300:ScenarioBaseClass,483:cnj300,startNQCutScene:7;startFadeInCutSceneDefault:5;startFadeInCutSceneAfterWarp:2
quest,quest/scenario/cnj/cnj306,241,1,39,1,20,Cnj306:ScenarioBaseClass,487:cnj306,startNQCutScene:10;startFadeInCutSceneDefault:5;startFadeInCutSceneAfterWarp:5
quest,quest/scenario/cnj/cnj400,5,1,1,1,0,Cnj400:ScenarioBaseClass,491:cnj400,
quest,quest/scenario/cnj/cnj500,5,1,1,1,0,Cnj500:ScenarioBaseClass,495:cnj500,
quest,quest/scenario/cnj/cnj506,5,1,1,1,0,Cnj506:ScenarioBaseClass,499:cnj506,
quest,quest/scenario/com/com0g1,118,1,10,1,5,Com0g1:ScenarioBaseClass,5952:com0g1,startNQCutScene:2;startFadeInCutSceneAfterWarp:2;startFadeInCutSceneDefault:1
quest,quest/scenario/com/com0g2,44,1,3,1,1,Com0g2:ScenarioBaseClass,5968:com0g2,openPublicEffectWidget:1
quest,quest/scenario/com/com0g3,32,1,2,1,0,Com0g3:ScenarioBaseClass,5984:com0g3,
quest,quest/scenario/com/com0g4,168,1,8,1,2,Com0g4:ScenarioBaseClass,6000:com0g4,startNQCutScene:1;startFadeInCutSceneDefault:1
quest,quest/scenario/com/com0g5,187,1,15,1,2,Com0g5:ScenarioBaseClass,6016:com0g5,startNQCutScene:1;startFadeInCutSceneAfterWarp:1
quest,quest/scenario/com/com0g6,256,1,20,1,2,Com0g6:ScenarioBaseClass,6032:com0g6,startNQCutScene:1;startFadeInCutSceneDefault:1
quest,quest/scenario/com/com0g7,101,1,3,1,3,Com0g7:ScenarioBaseClass,6048:com0g7,askEventModeWidgetYield:2;askExtendWidget:1
quest,quest/scenario/com/com0g8,5,1,1,0,0,Com0g8:ScenarioBaseClass,,
quest,quest/scenario/com/com0g9,5,1,1,0,0,Com0g9:ScenarioBaseClass,,
quest,quest/scenario/com/com0l1,110,1,10,1,5,Com0l1:ScenarioBaseClass,6096:com0l1,startNQCutScene:2;startFadeInCutSceneAfterWarp:2;startFadeInCutSceneDefault:1
quest,quest/scenario/com/com0l2,50,1,3,1,1,Com0l2:ScenarioBaseClass,6112:com0l2,openPublicEffectWidget:1
quest,quest/scenario/com/com0l3,35,1,2,1,0,Com0l3:ScenarioBaseClass,6128:com0l3,
quest,quest/scenario/com/com0l4,174,1,11,1,2,Com0l4:ScenarioBaseClass,6144:com0l4,startNQCutScene:1;startFadeInCutSceneDefault:1
quest,quest/scenario/com/com0l5,174,1,17,1,7,Com0l5:ScenarioBaseClass,6160:com0l5,startNQCutScene:4;startFadeInCutSceneAfterWarp:3
quest,quest/scenario/com/com0l6,248,1,20,1,6,Com0l6:ScenarioBaseClass,6176:com0l6,startNQCutScene:3;startFadeInCutSceneAfterWarp:2;startFadeInCutSceneDefault:1
quest,quest/scenario/com/com0l7,99,1,3,1,3,Com0l7:ScenarioBaseClass,6192:com0l7,askEventModeWidgetYield:2;askExtendWidget:1
quest,quest/scenario/com/com0l8,5,1,1,0,0,Com0l8:ScenarioBaseClass,,
quest,quest/scenario/com/com0l9,5,1,1,0,0,Com0l9:ScenarioBaseClass,,
quest,quest/scenario/com/com0u1,109,1,10,1,5,Com0u1:ScenarioBaseClass,6240:com0u1,startNQCutScene:2;startFadeInCutSceneAfterWarp:2;startFadeInCutSceneDefault:1
quest,quest/scenario/com/com0u2,51,1,3,1,1,Com0u2:ScenarioBaseClass,6256:com0u2,openPublicEffectWidget:1
quest,quest/scenario/com/com0u3,30,1,2,1,0,Com0u3:ScenarioBaseClass,6272:com0u3,
quest,quest/scenario/com/com0u4,121,1,12,1,2,Com0u4:ScenarioBaseClass,6288:com0u4,startNQCutScene:1;startFadeInCutSceneDefault:1
quest,quest/scenario/com/com0u5,220,1,24,1,2,Com0u5:ScenarioBaseClass,6304:com0u5,startNQCutScene:1;startFadeInCutSceneAfterWarp:1
quest,quest/scenario/com/com0u6,213,1,23,1,6,Com0u6:ScenarioBaseClass,6320:com0u6,startNQCutScene:3;startFadeInCutSceneAfterWarp:3
quest,quest/scenario/com/com0u7,100,1,3,1,3,Com0u7:ScenarioBaseClass,6336:com0u7,askEventModeWidgetYield:2;askExtendWidget:1
quest,quest/scenario/com/com0u8,5,1,1,0,0,Com0u8:ScenarioBaseClass,,
quest,quest/scenario/com/com0u9,5,1,1,0,0,Com0u9:ScenarioBaseClass,,
quest,quest/scenario/com/com5g0,172,1,15,1,0,Com5g0:ScenarioBaseClass,6384:com5g0,
quest,quest/scenario/com/com5g1,166,1,14,1,0,Com5g1:ScenarioBaseClass,6400:com5g1,
quest,quest/scenario/com/com5g2,5,1,1,0,0,Com5g2:ScenarioBaseClass,,
quest,quest/scenario/com/com5g3,5,1,1,0,0,Com5g3:ScenarioBaseClass,,
quest,quest/scenario/com/com5g4,5,1,1,0,0,Com5g4:ScenarioBaseClass,,
quest,quest/scenario/com/com5g5,5,1,1,0,0,Com5g5:ScenarioBaseClass,,
quest,quest/scenario/com/com5l0,249,1,15,1,0,Com5l0:ScenarioBaseClass,6480:com5l0,
quest,quest/scenario/com/com5l1,146,1,11,1,0,Com5l1:ScenarioBaseClass,6496:com5l1,
quest,quest/scenario/com/com5l2,5,1,1,0,0,Com5l2:ScenarioBaseClass,,
quest,quest/scenario/com/com5l3,5,1,1,0,0,Com5l3:ScenarioBaseClass,,
quest,quest/scenario/com/com5l4,5,1,1,0,0,Com5l4:ScenarioBaseClass,,
quest,quest/scenario/com/com5l5,5,1,1,0,0,Com5l5:ScenarioBaseClass,,
quest,quest/scenario/com/com5u0,223,1,14,1,0,Com5u0:ScenarioBaseClass,6576:com5u0,
quest,quest/scenario/com/com5u1,138,1,9,1,0,Com5u1:ScenarioBaseClass,6592:com5u1,
quest,quest/scenario/com/com5u2,5,1,1,0,0,Com5u2:ScenarioBaseClass,,
quest,quest/scenario/com/com5u3,5,1,1,0,0,Com5u3:ScenarioBaseClass,,
quest,quest/scenario/com/com5u4,5,1,1,0,0,Com5u4:ScenarioBaseClass,,
quest,quest/scenario/com/com5u5,5,1,1,0,0,Com5u5:ScenarioBaseClass,,
quest,quest/scenario/cul/cul200,199,1,32,1,6,Cul200:ScenarioBaseClass,106:cul200,startNQCutScene:3;startFadeInCutSceneAfterWarp:2;startFadeInCutSceneDefault:1
quest,quest/scenario/cul/cul300,227,1,41,1,9,Cul300:ScenarioBaseClass,113:cul300,startFadeInCutSceneDefault:4;startNQCutScene:3;startFadeInCutSceneAfterWarp:2
quest,quest/scenario/cul/cul306,199,1,39,1,19,Cul306:ScenarioBaseClass,253:cul306,startNQCutScene:9;startFadeInCutSceneAfterWarp:5;startFadeInCutSceneDefault:5
quest,quest/scenario/cul/cul400,106,1,22,1,8,Cul400:ScenarioBaseClass,257:cul400,startNQCutScene:4;startFadeInCutSceneDefault:4
quest,quest/scenario/cul/cul500,5,1,1,1,0,Cul500:ScenarioBaseClass,261:cul500,
quest,quest/scenario/cul/cul506,5,1,1,1,0,Cul506:ScenarioBaseClass,265:cul506,
quest,quest/scenario/defaulttalk/dftalphaa,51,1,14,0,0,DftAlphaA:ScenarioBaseClass,,
quest,quest/scenario/defaulttalk/dftfst,1752,1,221,1,20,DftFst:ScenarioBaseClass,307:dftFst,askExtendWidget:19;askRestrictChoices:1
quest,quest/scenario/defaulttalk/dftlak,511,1,15,1,0,DftLak:ScenarioBaseClass,1457:dftLak,
quest,quest/scenario/defaulttalk/dftroc,281,1,40,1,0,DftRoc:ScenarioBaseClass,1470:dftRoc,
quest,quest/scenario/defaulttalk/dftsea,1726,1,258,1,18,DftSea:ScenarioBaseClass,311:dftSea,askExtendWidget:17;askRestrictChoices:1
quest,quest/scenario/defaulttalk/dftsrt,20,1,3,1,3,DftSrt:ScenarioBaseClass,69:dftSrt,startNQCutScene:2;startFadeInCutSceneAfterWarp:1
quest,quest/scenario/defaulttalk/dftwil,2069,1,292,1,17,DftWil:ScenarioBaseClass,315:dftWil,askExtendWidget:13;askRestrictChoices:4
quest,quest/scenario/drg/drg0j1,143,1,11,1,2,Drg0j1:ScenarioBaseClass,8772:drg0j1,startNQCutScene:1;startFadeInCutSceneDefault:1
quest,quest/scenario/drg/drg0j2,73,1,9,1,0,Drg0j2:ScenarioBaseClass,8788:drg0j2,
quest,quest/scenario/drg/drg0j3,79,1,9,1,0,Drg0j3:ScenarioBaseClass,8804:drg0j3,
quest,quest/scenario/drg/drg0j4,68,1,9,1,2,Drg0j4:ScenarioBaseClass,8820:drg0j4,startNQCutScene:1;startFadeInCutSceneDefault:1
quest,quest/scenario/drg/drg0j5,80,1,8,1,0,Drg0j5:ScenarioBaseClass,8836:drg0j5,
quest,quest/scenario/drg/drg0j6,92,1,11,1,6,Drg0j6:ScenarioBaseClass,8852:drg0j6,startNQCutScene:3;startFadeInCutSceneDefault:2;startFadeInCutSceneAfterWarp:1
quest,quest/scenario/drg/drg0j7,5,1,1,0,0,Drg0j7:ScenarioBaseClass,,
quest,quest/scenario/drg/drg0j8,5,1,1,0,0,Drg0j8:ScenarioBaseClass,,
quest,quest/scenario/drg/drg0j9,5,1,1,0,0,Drg0j9:ScenarioBaseClass,,
quest,quest/scenario/drg/drg1j0,5,1,1,0,0,Drg1j0:ScenarioBaseClass,,
quest,quest/scenario/etc/etc0g1,58,1,4,1,0,Etc0g1:ScenarioBaseClass,2749:etc0g1,
quest,quest/scenario/etc/etc0g2,63,1,4,1,0,Etc0g2:ScenarioBaseClass,2765:etc0g2,
quest,quest/scenario/etc/etc0g3,55,1,6,1,0,Etc0g3:ScenarioBaseClass,2781:etc0g3,
quest,quest/scenario/etc/etc0g4,157,1,12,1,0,Etc0g4:ScenarioBaseClass,2797:etc0g4,
quest,quest/scenario/etc/etc0g5,5,1,1,1,0,Etc0g5:ScenarioBaseClass,2813:etc0g5,
quest,quest/scenario/etc/etc0g6,5,1,1,1,0,Etc0g6:ScenarioBaseClass,2829:etc0g6,
quest,quest/scenario/etc/etc0g7,5,1,1,1,0,Etc0g7:ScenarioBaseClass,2845:etc0g7,
quest,quest/scenario/etc/etc0g8,5,1,1,1,0,Etc0g8:ScenarioBaseClass,2861:etc0g8,
quest,quest/scenario/etc/etc0g9,5,1,1,1,0,Etc0g9:ScenarioBaseClass,2877:etc0g9,
quest,quest/scenario/etc/etc0l1,52,1,4,1,0,Etc0l1:ScenarioBaseClass,2893:etc0l1,
quest,quest/scenario/etc/etc0l2,52,1,4,1,0,Etc0l2:ScenarioBaseClass,2909:etc0l2,
quest,quest/scenario/etc/etc0l3,65,1,5,1,0,Etc0l3:ScenarioBaseClass,2925:etc0l3,
quest,quest/scenario/etc/etc0l4,106,1,10,1,0,Etc0l4:ScenarioBaseClass,2941:etc0l4,
quest,quest/scenario/etc/etc0l5,5,1,1,1,0,Etc0l5:ScenarioBaseClass,2957:etc0l5,
quest,quest/scenario/etc/etc0l6,5,1,1,1,0,Etc0l6:ScenarioBaseClass,2973:etc0l6,
quest,quest/scenario/etc/etc0l7,5,1,1,1,0,Etc0l7:ScenarioBaseClass,2989:etc0l7,
quest,quest/scenario/etc/etc0l8,5,1,1,1,0,Etc0l8:ScenarioBaseClass,3005:etc0l8,
quest,quest/scenario/etc/etc0l9,5,1,1,1,0,Etc0l9:ScenarioBaseClass,3021:etc0l9,
quest,quest/scenario/etc/etc0u1,51,1,4,1,0,Etc0u1:ScenarioBaseClass,3037:etc0u1,
quest,quest/scenario/etc/etc0u2,62,1,4,1,0,Etc0u2:ScenarioBaseClass,3053:etc0u2,
quest,quest/scenario/etc/etc0u3,55,1,4,1,0,Etc0u3:ScenarioBaseClass,3069:etc0u3,
quest,quest/scenario/etc/etc0u4,120,1,10,1,0,Etc0u4:ScenarioBaseClass,3085:etc0u4,
quest,quest/scenario/etc/etc0u5,5,1,1,1,0,Etc0u5:ScenarioBaseClass,3101:etc0u5,
quest,quest/scenario/etc/etc0u6,5,1,1,1,0,Etc0u6:ScenarioBaseClass,3117:etc0u6,
quest,quest/scenario/etc/etc0u7,5,1,1,1,0,Etc0u7:ScenarioBaseClass,3133:etc0u7,
quest,quest/scenario/etc/etc0u8,5,1,1,1,0,Etc0u8:ScenarioBaseClass,3149:etc0u8,
quest,quest/scenario/etc/etc0u9,5,1,1,1,0,Etc0u9:ScenarioBaseClass,3165:etc0u9,
quest,quest/scenario/etc/etc101,58,1,4,1,0,Etc101:ScenarioBaseClass,7392:etc101,
quest,quest/scenario/etc/etc102,127,1,6,1,0,Etc102:ScenarioBaseClass,7408:etc102,
quest,quest/scenario/etc/etc103,68,1,5,1,0,Etc103:ScenarioBaseClass,7424:etc103,
quest,quest/scenario/etc/etc104,76,1,5,1,0,Etc104:ScenarioBaseClass,7440:etc104,
quest,quest/scenario/etc/etc105,5,1,1,0,0,Etc105:ScenarioBaseClass,,
quest,quest/scenario/etc/etc106,1823,1,26,1,34,Etc106:ScenarioBaseClass,10416:etc106,askExtendWidget:26;askRestrictChoices:6;startNQCutScene:1;startFadeInCutSceneDefault:1
quest,quest/scenario/etc/etc1g0,44,1,4,1,0,Etc1g0:ScenarioBaseClass,3357:etc1g0,
quest,quest/scenario/etc/etc1g1,51,1,5,1,0,Etc1g1:ScenarioBaseClass,3361:etc1g1,
quest,quest/scenario/etc/etc1g2,111,1,8,1,0,Etc1g2:ScenarioBaseClass,3377:etc1g2,
quest,quest/scenario/etc/etc1g3,5,1,1,0,0,Etc1g3:ScenarioBaseClass,,
quest,quest/scenario/etc/etc1g4,105,1,4,1,0,Etc1g4:ScenarioBaseClass,3403:etc1g4,
quest,quest/scenario/etc/etc1g5,58,1,4,1,0,Etc1g5:ScenarioBaseClass,3459:etc1g5,
quest,quest/scenario/etc/etc1g6,139,1,8,1,0,Etc1g6:ScenarioBaseClass,3443:etc1g6,
quest,quest/scenario/etc/etc1g7,5,1,1,0,0,Etc1g7:ScenarioBaseClass,,
quest,quest/scenario/etc/etc1g8,52,1,6,1,0,Etc1g8:ScenarioBaseClass,3451:etc1g8,
quest,quest/scenario/etc/etc1g9,43,1,4,1,0,Etc1g9:ScenarioBaseClass,3455:etc1g9,
quest,quest/scenario/etc/etc1i0,5,1,1,0,0,Etc1i0:ScenarioBaseClass,,
quest,quest/scenario/etc/etc1i1,7,1,2,0,0,Etc1i1:ScenarioBaseClass,,
quest,quest/scenario/etc/etc1i2,5,1,1,0,0,Etc1i2:ScenarioBaseClass,,
quest,quest/scenario/etc/etc1i3,5,1,1,0,0,Etc1i3:ScenarioBaseClass,,
quest,quest/scenario/etc/etc1i4,5,1,1,0,0,Etc1i4:ScenarioBaseClass,,
quest,quest/scenario/etc/etc1i5,5,1,1,0,0,Etc1i5:ScenarioBaseClass,,
quest,quest/scenario/etc/etc1i6,5,1,1,0,0,Etc1i6:ScenarioBaseClass,,
quest,quest/scenario/etc/etc1i7,5,1,1,0,0,Etc1i7:ScenarioBaseClass,,
quest,quest/scenario/etc/etc1i8,5,1,1,0,0,Etc1i8:ScenarioBaseClass,,
quest,quest/scenario/etc/etc1i9,5,1,1,0,0,Etc1i9:ScenarioBaseClass,,
quest,quest/scenario/etc/etc1l0,44,1,5,1,0,Etc1l0:ScenarioBaseClass,3369:etc1l0,
quest,quest/scenario/etc/etc1l1,43,1,4,1,0,Etc1l1:ScenarioBaseClass,3385:etc1l1,
quest,quest/scenario/etc/etc1l2,5,1,1,0,0,Etc1l2:ScenarioBaseClass,,
quest,quest/scenario/etc/etc1l3,39,1,4,1,0,Etc1l3:ScenarioBaseClass,3393:etc1l3,
quest,quest/scenario/etc/etc1l4,5,1,1,0,0,Etc1l4:ScenarioBaseClass,,
quest,quest/scenario/etc/etc1l5,58,1,4,1,1,Etc1l5:ScenarioBaseClass,3415:etc1l5,askExtendWidget:1
quest,quest/scenario/etc/etc1l6,52,1,4,1,0,Etc1l6:ScenarioBaseClass,3407:etc1l6,
quest,quest/scenario/etc/etc1l7,77,1,8,1,0,Etc1l7:ScenarioBaseClass,3411:etc1l7,
quest,quest/scenario/etc/etc1l8,138,1,19,1,0,Etc1l8:ScenarioBaseClass,3419:etc1l8,
quest,quest/scenario/etc/etc1l9,50,1,5,1,0,Etc1l9:ScenarioBaseClass,3423:etc1l9,
quest,quest/scenario/etc/etc1u0,42,1,4,1,0,Etc1u0:ScenarioBaseClass,3365:etc1u0,
quest,quest/scenario/etc/etc1u1,46,1,4,1,0,Etc1u1:ScenarioBaseClass,3373:etc1u1,
quest,quest/scenario/etc/etc1u2,49,1,4,1,0,Etc1u2:ScenarioBaseClass,3381:etc1u2,
quest,quest/scenario/etc/etc1u3,5,1,1,0,0,Etc1u3:ScenarioBaseClass,,
quest,quest/scenario/etc/etc1u4,101,1,10,1,0,Etc1u4:ScenarioBaseClass,3389:etc1u4,
quest,quest/scenario/etc/etc1u5,65,1,4,1,0,Etc1u5:ScenarioBaseClass,3463:etc1u5,
quest,quest/scenario/etc/etc1u6,42,1,4,1,0,Etc1u6:ScenarioBaseClass,3427:etc1u6,
quest,quest/scenario/etc/etc1u7,40,1,4,1,0,Etc1u7:ScenarioBaseClass,3431:etc1u7,
quest,quest/scenario/etc/etc1u8,50,1,4,1,0,Etc1u8:ScenarioBaseClass,3435:etc1u8,
quest,quest/scenario/etc/etc1u9,54,1,4,1,0,Etc1u9:ScenarioBaseClass,3439:etc1u9,
quest,quest/scenario/etc/etc200,77,1,5,1,0,Etc200:ScenarioBaseClass,8932:etc200,
quest,quest/scenario/etc/etc201,97,1,6,1,0,Etc201:ScenarioBaseClass,8948:etc201,
quest,quest/scenario/etc/etc202,5,1,1,0,0,Etc202:ScenarioBaseClass,,
quest,quest/scenario/etc/etc203,5,1,1,0,0,Etc203:ScenarioBaseClass,,
quest,quest/scenario/etc/etc204,5,1,1,0,0,Etc204:ScenarioBaseClass,,
quest,quest/scenario/etc/etc205,5,1,1,0,0,Etc205:ScenarioBaseClass,,
quest,quest/scenario/etc/etc206,5,1,1,0,0,Etc206:ScenarioBaseClass,,
quest,quest/scenario/etc/etc207,5,1,1,0,0,Etc207:ScenarioBaseClass,,
quest,quest/scenario/etc/etc208,5,1,1,0,0,Etc208:ScenarioBaseClass,,
quest,quest/scenario/etc/etc209,5,1,1,0,0,Etc209:ScenarioBaseClass,,
quest,quest/scenario/etc/etc2g0,74,1,6,1,0,Etc2g0:ScenarioBaseClass,3467:etc2g0,
quest,quest/scenario/etc/etc2g1,44,1,4,1,0,Etc2g1:ScenarioBaseClass,3471:etc2g1,
quest,quest/scenario/etc/etc2g2,43,1,4,1,0,Etc2g2:ScenarioBaseClass,3475:etc2g2,
quest,quest/scenario/etc/etc2g3,39,1,4,1,0,Etc2g3:ScenarioBaseClass,3479:etc2g3,
quest,quest/scenario/etc/etc2g4,91,1,8,1,0,Etc2g4:ScenarioBaseClass,3483:etc2g4,
quest,quest/scenario/etc/etc2g5,60,1,4,1,0,Etc2g5:ScenarioBaseClass,3487:etc2g5,
quest,quest/scenario/etc/etc2g6,53,1,4,1,0,Etc2g6:ScenarioBaseClass,3491:etc2g6,
quest,quest/scenario/etc/etc2g7,5,1,1,0,0,Etc2g7:ScenarioBaseClass,,
quest,quest/scenario/etc/etc2g8,5,1,1,0,0,Etc2g8:ScenarioBaseClass,,
quest,quest/scenario/etc/etc2g9,5,1,1,0,0,Etc2g9:ScenarioBaseClass,,
quest,quest/scenario/etc/etc2i0,50,1,4,1,0,Etc2i0:ScenarioBaseClass,4803:etc2i0,
quest,quest/scenario/etc/etc2i1,43,1,4,1,0,Etc2i1:ScenarioBaseClass,4819:etc2i1,
quest,quest/scenario/etc/etc2i2,80,1,7,1,0,Etc2i2:ScenarioBaseClass,4835:etc2i2,
quest,quest/scenario/etc/etc2i3,5,1,1,0,0,Etc2i3:ScenarioBaseClass,,
quest,quest/scenario/etc/etc2i4,5,1,1,0,0,Etc2i4:ScenarioBaseClass,,
quest,quest/scenario/etc/etc2i5,5,1,1,0,0,Etc2i5:ScenarioBaseClass,,
quest,quest/scenario/etc/etc2i6,5,1,1,0,0,Etc2i6:ScenarioBaseClass,,
quest,quest/scenario/etc/etc2i7,5,1,1,0,0,Etc2i7:ScenarioBaseClass,,
quest,quest/scenario/etc/etc2i8,5,1,1,0,0,Etc2i8:ScenarioBaseClass,,
quest,quest/scenario/etc/etc2i9,5,1,1,0,0,Etc2i9:ScenarioBaseClass,,
quest,quest/scenario/etc/etc2l0,46,1,4,1,0,Etc2l0:ScenarioBaseClass,3507:etc2l0,
quest,quest/scenario/etc/etc2l1,51,1,4,1,0,Etc2l1:ScenarioBaseClass,3511:etc2l1,
quest,quest/scenario/etc/etc2l2,5,1,1,0,0,Etc2l2:ScenarioBaseClass,,
quest,quest/scenario/etc/etc2l3,100,1,6,1,0,Etc2l3:ScenarioBaseClass,3519:etc2l3,
quest,quest/scenario/etc/etc2l4,5,1,1,0,0,Etc2l4:ScenarioBaseClass,,
quest,quest/scenario/etc/etc2l5,54,1,4,1,0,Etc2l5:ScenarioBaseClass,3527:etc2l5,
quest,quest/scenario/etc/etc2l6,5,1,1,0,0,Etc2l6:ScenarioBaseClass,,
quest,quest/scenario/etc/etc2l7,5,1,1,0,0,Etc2l7:ScenarioBaseClass,,
quest,quest/scenario/etc/etc2l8,5,1,1,0,0,Etc2l8:ScenarioBaseClass,,
quest,quest/scenario/etc/etc2l9,5,1,1,0,0,Etc2l9:ScenarioBaseClass,,
quest,quest/scenario/etc/etc2u0,47,1,4,1,0,Etc2u0:ScenarioBaseClass,3547:etc2u0,
quest,quest/scenario/etc/etc2u1,68,1,4,1,0,Etc2u1:ScenarioBaseClass,3551:etc2u1,
quest,quest/scenario/etc/etc2u2,62,1,4,1,0,Etc2u2:ScenarioBaseClass,3555:etc2u2,
quest,quest/scenario/etc/etc2u3,5,1,1,0,0,Etc2u3:ScenarioBaseClass,,
quest,quest/scenario/etc/etc2u4,5,1,1,0,0,Etc2u4:ScenarioBaseClass,,
quest,quest/scenario/etc/etc2u5,76,1,7,1,0,Etc2u5:ScenarioBaseClass,3567:etc2u5,
quest,quest/scenario/etc/etc2u6,5,1,1,0,0,Etc2u6:ScenarioBaseClass,,
quest,quest/scenario/etc/etc2u7,5,1,1,0,0,Etc2u7:ScenarioBaseClass,,
quest,quest/scenario/etc/etc2u8,5,1,1,0,0,Etc2u8:ScenarioBaseClass,,
quest,quest/scenario/etc/etc2u9,5,1,1,0,0,Etc2u9:ScenarioBaseClass,,
quest,quest/scenario/etc/etc303,60,1,4,1,0,Etc303:ScenarioBaseClass,7472:etc303,
quest,quest/scenario/etc/etc304,218,1,10,1,12,Etc304:ScenarioBaseClass,10448:etc304,startFadeInCutSceneDefault:6;startNQCutScene:6
quest,quest/scenario/etc/etc3g0,119,1,14,1,0,Etc3g0:ScenarioBaseClass,4483:etc3g0,
quest,quest/scenario/etc/etc3g1,174,1,19,1,0,Etc3g1:ScenarioBaseClass,4499:etc3g1,
quest,quest/scenario/etc/etc3g2,124,1,12,1,2,Etc3g2:ScenarioBaseClass,4515:etc3g2,startNQCutScene:1;startFadeInCutSceneAfterWarp:1
quest,quest/scenario/etc/etc3g3,85,1,5,1,0,Etc3g3:ScenarioBaseClass,4531:etc3g3,
quest,quest/scenario/etc/etc3g4,5,1,1,0,0,Etc3g4:ScenarioBaseClass,,
quest,quest/scenario/etc/etc3g5,5,1,1,0,0,Etc3g5:ScenarioBaseClass,,
quest,quest/scenario/etc/etc3g6,5,1,1,0,0,Etc3g6:ScenarioBaseClass,,
quest,quest/scenario/etc/etc3g7,5,1,1,0,0,Etc3g7:ScenarioBaseClass,,
quest,quest/scenario/etc/etc3g8,5,1,1,0,0,Etc3g8:ScenarioBaseClass,,
quest,quest/scenario/etc/etc3g9,5,1,1,0,0,Etc3g9:ScenarioBaseClass,,
quest,quest/scenario/etc/etc3i0,5,1,1,0,0,Etc3i0:ScenarioBaseClass,,
quest,quest/scenario/etc/etc3i1,5,1,1,0,0,Etc3i1:ScenarioBaseClass,,
quest,quest/scenario/etc/etc3i2,5,1,1,0,0,Etc3i2:ScenarioBaseClass,,
quest,quest/scenario/etc/etc3i3,5,1,1,0,0,Etc3i3:ScenarioBaseClass,,
quest,quest/scenario/etc/etc3i4,5,1,1,0,0,Etc3i4:ScenarioBaseClass,,
quest,quest/scenario/etc/etc3i5,5,1,1,0,0,Etc3i5:ScenarioBaseClass,,
quest,quest/scenario/etc/etc3i6,5,1,1,0,0,Etc3i6:ScenarioBaseClass,,
quest,quest/scenario/etc/etc3i7,5,1,1,0,0,Etc3i7:ScenarioBaseClass,,
quest,quest/scenario/etc/etc3i8,5,1,1,0,0,Etc3i8:ScenarioBaseClass,,
quest,quest/scenario/etc/etc3i9,5,1,1,0,0,Etc3i9:ScenarioBaseClass,,
quest,quest/scenario/etc/etc3l0,98,1,14,1,0,Etc3l0:ScenarioBaseClass,4643:etc3l0,
quest,quest/scenario/etc/etc3l1,146,1,19,1,0,Etc3l1:ScenarioBaseClass,4659:etc3l1,
quest,quest/scenario/etc/etc3l2,103,1,7,1,2,Etc3l2:ScenarioBaseClass,4675:etc3l2,startNQCutScene:1;startFadeInCutSceneAfterWarp:1
quest,quest/scenario/etc/etc3l3,72,1,6,1,0,Etc3l3:ScenarioBaseClass,4691:etc3l3,
quest,quest/scenario/etc/etc3l4,5,1,1,0,0,Etc3l4:ScenarioBaseClass,,
quest,quest/scenario/etc/etc3l5,5,1,1,0,0,Etc3l5:ScenarioBaseClass,,
quest,quest/scenario/etc/etc3l6,5,1,1,0,0,Etc3l6:ScenarioBaseClass,,
quest,quest/scenario/etc/etc3l7,5,1,1,0,0,Etc3l7:ScenarioBaseClass,,
quest,quest/scenario/etc/etc3l8,5,1,1,0,0,Etc3l8:ScenarioBaseClass,,
quest,quest/scenario/etc/etc3l9,5,1,1,0,0,Etc3l9:ScenarioBaseClass,,
quest,quest/scenario/etc/etc3u0,110,1,14,1,0,Etc3u0:ScenarioBaseClass,4323:etc3u0,
quest,quest/scenario/etc/etc3u1,161,1,18,1,0,Etc3u1:ScenarioBaseClass,4339:etc3u1,
quest,quest/scenario/etc/etc3u2,88,1,7,1,2,Etc3u2:ScenarioBaseClass,4355:etc3u2,startNQCutScene:1;startFadeInCutSceneDefault:1
quest,quest/scenario/etc/etc3u3,84,1,5,1,0,Etc3u3:ScenarioBaseClass,4371:etc3u3,
quest,quest/scenario/etc/etc3u4,5,1,1,0,0,Etc3u4:ScenarioBaseClass,,
quest,quest/scenario/etc/etc3u5,5,1,1,0,0,Etc3u5:ScenarioBaseClass,,
quest,quest/scenario/etc/etc3u6,5,1,1,0,0,Etc3u6:ScenarioBaseClass,,
quest,quest/scenario/etc/etc3u7,5,1,1,0,0,Etc3u7:ScenarioBaseClass,,
quest,quest/scenario/etc/etc3u8,5,1,1,0,0,Etc3u8:ScenarioBaseClass,,
quest,quest/scenario/etc/etc3u9,60,1,4,1,0,Etc3u9:ScenarioBaseClass,4467:etc3u9,
quest,quest/scenario/etc/etc5g0,83,1,6,1,2,Etc5g0:ScenarioBaseClass,9092:etc5g0,startNQCutScene:1;startFadeInCutSceneDefault:1
quest,quest/scenario/etc/etc5g1,87,1,12,1,0,Etc5g1:ScenarioBaseClass,9108:etc5g1,
quest,quest/scenario/etc/etc5g2,5,1,1,0,0,Etc5g2:ScenarioBaseClass,,
quest,quest/scenario/etc/etc5g3,5,1,1,0,0,Etc5g3:ScenarioBaseClass,,
quest,quest/scenario/etc/etc5g4,5,1,1,0,0,Etc5g4:ScenarioBaseClass,,
quest,quest/scenario/etc/etc5g5,5,1,1,0,0,Etc5g5:ScenarioBaseClass,,
quest,quest/scenario/etc/etc5g6,5,1,1,0,0,Etc5g6:ScenarioBaseClass,,
quest,quest/scenario/etc/etc5g7,5,1,1,0,0,Etc5g7:ScenarioBaseClass,,
quest,quest/scenario/etc/etc5g8,5,1,1,0,0,Etc5g8:ScenarioBaseClass,,
quest,quest/scenario/etc/etc5g9,5,1,1,0,0,Etc5g9:ScenarioBaseClass,,
quest,quest/scenario/etc/etc5l0,80,1,6,1,2,Etc5l0:ScenarioBaseClass,9252:etc5l0,startNQCutScene:1;startFadeInCutSceneDefault:1
quest,quest/scenario/etc/etc5l1,40,1,7,1,2,Etc5l1:ScenarioBaseClass,9268:etc5l1,startNQCutScene:1;startFadeInCutSceneDefault:1
quest,quest/scenario/etc/etc5l2,62,1,7,1,3,Etc5l2:ScenarioBaseClass,9284:etc5l2,startNQCutScene:1;startFadeInCutSceneDefault:1;askExtendWidget:1
quest,quest/scenario/etc/etc5l3,58,1,10,1,4,Etc5l3:ScenarioBaseClass,9300:etc5l3,startNQCutScene:2;startFadeInCutSceneAfterWarp:1;startFadeInCutSceneDefault:1
quest,quest/scenario/etc/etc5l4,5,1,1,0,0,Etc5l4:ScenarioBaseClass,,
quest,quest/scenario/etc/etc5l5,5,1,1,0,0,Etc5l5:ScenarioBaseClass,,
quest,quest/scenario/etc/etc5l6,5,1,1,0,0,Etc5l6:ScenarioBaseClass,,
quest,quest/scenario/etc/etc5l7,5,1,1,0,0,Etc5l7:ScenarioBaseClass,,
quest,quest/scenario/etc/etc5l8,5,1,1,0,0,Etc5l8:ScenarioBaseClass,,
quest,quest/scenario/etc/etc5l9,5,1,1,0,0,Etc5l9:ScenarioBaseClass,,
quest,quest/scenario/etc/etc5u0,72,1,6,1,2,Etc5u0:ScenarioBaseClass,9412:etc5u0,startNQCutScene:1;startFadeInCutSceneDefault:1
quest,quest/scenario/etc/etc5u1,75,1,9,1,0,Etc5u1:ScenarioBaseClass,9428:etc5u1,
quest,quest/scenario/etc/etc5u2,5,1,1,0,0,Etc5u2:ScenarioBaseClass,,
quest,quest/scenario/etc/etc5u3,5,1,1,0,0,Etc5u3:ScenarioBaseClass,,
quest,quest/scenario/etc/etc5u4,5,1,1,0,0,Etc5u4:ScenarioBaseClass,,
quest,quest/scenario/etc/etc5u5,5,1,1,0,0,Etc5u5:ScenarioBaseClass,,
quest,quest/scenario/etc/etc5u6,5,1,1,0,0,Etc5u6:ScenarioBaseClass,,
quest,quest/scenario/etc/etc5u7,5,1,1,0,0,Etc5u7:ScenarioBaseClass,,
quest,quest/scenario/etc/etc5u8,5,1,1,0,0,Etc5u8:ScenarioBaseClass,,
quest,quest/scenario/etc/etc5u9,5,1,1,0,0,Etc5u9:ScenarioBaseClass,,
quest,quest/scenario/exc/exc200,190,1,29,1,10,Exc200:ScenarioBaseClass,11:exc200,startNQCutScene:5;startFadeInCutSceneDefault:4;startFadeInCutSceneAfterWarp:1
quest,quest/scenario/exc/exc300,261,1,42,1,11,Exc300:ScenarioBaseClass,117:exc300,startNQCutScene:5;startFadeInCutSceneDefault:4;startFadeInCutSceneAfterWarp:2
quest,quest/scenario/exc/exc306,326,1,55,1,15,Exc306:ScenarioBaseClass,121:exc306,startNQCutScene:7;startFadeInCutSceneAfterWarp:6;startFadeInCutSceneDefault:2
quest,quest/scenario/exc/exc400,88,1,15,1,5,Exc400:ScenarioBaseClass,287:exc400,startFadeInCutSceneDefault:5
quest,quest/scenario/exc/exc500,5,1,1,1,0,Exc500:ScenarioBaseClass,291:exc500,
quest,quest/scenario/exc/exc506,5,1,1,1,0,Exc506:ScenarioBaseClass,295:exc506,
quest,quest/scenario/fsh/fsh200,127,1,16,1,4,Fsh200:ScenarioBaseClass,131:fsh200,startNQCutScene:2;startFadeInCutSceneDefault:2
quest,quest/scenario/fsh/fsh300,303,1,51,1,16,Fsh300:ScenarioBaseClass,90:fsh300,startNQCutScene:8;startFadeInCutSceneDefault:4;startFadeInCutSceneAfterWarp:4
quest,quest/scenario/fsh/fsh306,234,1,38,1,12,Fsh306:ScenarioBaseClass,135:fsh306,startNQCutScene:6;startFadeInCutSceneDefault:4;startFadeInCutSceneAfterWarp:2
quest,quest/scenario/fsh/fsh400,81,1,19,1,12,Fsh400:ScenarioBaseClass,139:fsh400,startNQCutScene:6;startFadeInCutSceneDefault:6
quest,quest/scenario/fsh/fsh500,5,1,1,1,0,Fsh500:ScenarioBaseClass,143:fsh500,
quest,quest/scenario/fsh/fsh506,5,1,1,1,0,Fsh506:ScenarioBaseClass,147:fsh506,
quest,quest/scenario/gcg/gcg101,5,1,1,0,0,Gcg101:ScenarioBaseClass,,
quest,quest/scenario/gcg/gcg102,230,1,28,1,2,Gcg102:ScenarioBaseClass,7792:gcg102,startNQCutScene:1;startFadeInCutSceneDefault:1
quest,quest/scenario/gcg/gcg103,108,1,8,1,6,Gcg103:ScenarioBaseClass,8036:gcg103,startFadeInCutSceneDefault:3;startNQCutScene:2;askExtendWidget:1
quest,quest/scenario/gcg/gcg104,5,1,1,0,0,Gcg104:ScenarioBaseClass,,
quest,quest/scenario/gcg/gcg105,5,1,1,1,0,Gcg105:ScenarioBaseClass,10304:gcg105,
quest,quest/scenario/gcg/gcg106,5,1,1,1,0,Gcg106:ScenarioBaseClass,10320:gcg106,
quest,quest/scenario/gcg/gcg107,5,1,1,1,0,Gcg107:ScenarioBaseClass,10464:gcg107,
quest,quest/scenario/gcg/gcg301,72,1,4,1,0,Gcg301:ScenarioBaseClass,6880:gcg301,
quest,quest/scenario/gcg/gcg302,105,1,6,1,0,Gcg302:ScenarioBaseClass,6896:gcg302,
quest,quest/scenario/gcg/gcg303,110,1,7,1,0,Gcg303:ScenarioBaseClass,6912:gcg303,
quest,quest/scenario/gcg/gcg304,174,1,8,1,0,Gcg304:ScenarioBaseClass,6928:gcg304,
quest,quest/scenario/gcg/gcg305,80,1,6,1,0,Gcg305:ScenarioBaseClass,7744:gcg305,
quest,quest/scenario/gcg/gcg501,5,1,1,0,0,Gcg501:ScenarioBaseClass,,
quest,quest/scenario/gcg/gcg502,5,1,1,0,0,Gcg502:ScenarioBaseClass,,
quest,quest/scenario/gcg/gcg601,5,1,1,0,0,Gcg601:ScenarioBaseClass,,
quest,quest/scenario/gcg/gcg602,5,1,1,0,0,Gcg602:ScenarioBaseClass,,
quest,quest/scenario/gcg/gcg603,5,1,1,0,0,Gcg603:ScenarioBaseClass,,
quest,quest/scenario/gcg/gcg701,162,1,13,1,6,Gcg701:ScenarioBaseClass,7808:gcg701,askExtendWidget:6
quest,quest/scenario/gcg/gcg702,99,1,7,1,0,Gcg702:ScenarioBaseClass,10480:gcg702,
quest,quest/scenario/gcl/gcl101,405,1,27,1,0,Gcl101:ScenarioBaseClass,6976:gcl101,
quest,quest/scenario/gcl/gcl102,235,1,22,1,2,Gcl102:ScenarioBaseClass,7824:gcl102,startNQCutScene:1;startFadeInCutSceneAfterWarp:1
quest,quest/scenario/gcl/gcl103,99,1,9,1,5,Gcl103:ScenarioBaseClass,8068:gcl103,startNQCutScene:2;startFadeInCutSceneDefault:2;startFadeInCutSceneAfterWarp:1
quest,quest/scenario/gcl/gcl104,469,1,39,1,10,Gcl104:ScenarioBaseClass,8084:gcl104,startNQCutScene:5;startFadeInCutSceneAfterWarp:3;askExtendWidget:1;startFadeInCutSceneDefault:1
quest,quest/scenario/gcl/gcl105,937,1,76,1,6,Gcl105:ScenarioBaseClass,10336:gcl105,startNQCutScene:3;startFadeInCutSceneAfterWarp:2;startFadeInCutSceneDefault:1
quest,quest/scenario/gcl/gcl106,478,1,33,1,2,Gcl106:ScenarioBaseClass,10352:gcl106,startNQCutScene:1;startFadeInCutSceneAfterWarp:1
quest,quest/scenario/gcl/gcl107,632,1,34,1,7,Gcl107:ScenarioBaseClass,10496:gcl107,startNQCutScene:3;startFadeInCutSceneDefault:3;askExtendWidget:1
quest,quest/scenario/gcl/gcl301,63,1,4,1,0,Gcl301:ScenarioBaseClass,6992:gcl301,
quest,quest/scenario/gcl/gcl302,82,1,8,1,0,Gcl302:ScenarioBaseClass,7008:gcl302,
quest,quest/scenario/gcl/gcl303,63,1,5,1,0,Gcl303:ScenarioBaseClass,7024:gcl303,
quest,quest/scenario/gcl/gcl304,140,1,9,1,0,Gcl304:ScenarioBaseClass,7040:gcl304,
quest,quest/scenario/gcl/gcl305,75,1,8,1,0,Gcl305:ScenarioBaseClass,7760:gcl305,
quest,quest/scenario/gcl/gcl501,5,1,1,0,0,Gcl501:ScenarioBaseClass,,
quest,quest/scenario/gcl/gcl502,5,1,1,0,0,Gcl502:ScenarioBaseClass,,
quest,quest/scenario/gcl/gcl601,5,1,1,0,0,Gcl601:ScenarioBaseClass,,
quest,quest/scenario/gcl/gcl602,5,1,1,0,0,Gcl602:ScenarioBaseClass,,
quest,quest/scenario/gcl/gcl603,5,1,1,0,0,Gcl603:ScenarioBaseClass,,
quest,quest/scenario/gcl/gcl701,155,1,13,1,6,Gcl701:ScenarioBaseClass,7840:gcl701,askExtendWidget:6
quest,quest/scenario/gcl/gcl702,97,1,7,1,0,Gcl702:ScenarioBaseClass,10512:gcl702,
quest,quest/scenario/gcu/gcu101,5,1,1,0,0,Gcu101:ScenarioBaseClass,,
quest,quest/scenario/gcu/gcu102,230,1,25,1,6,Gcu102:ScenarioBaseClass,7856:gcu102,startNQCutScene:3;startFadeInCutSceneAfterWarp:2;startFadeInCutSceneDefault:1
quest,quest/scenario/gcu/gcu103,115,1,12,1,4,Gcu103:ScenarioBaseClass,8100:gcu103,startNQCutScene:2;startFadeInCutSceneDefault:2
quest,quest/scenario/gcu/gcu104,5,1,1,0,0,Gcu104:ScenarioBaseClass,,
quest,quest/scenario/gcu/gcu105,5,1,1,1,0,Gcu105:ScenarioBaseClass,10368:gcu105,
quest,quest/scenario/gcu/gcu106,5,1,1,1,0,Gcu106:ScenarioBaseClass,10384:gcu106,
quest,quest/scenario/gcu/gcu107,5,1,1,1,0,Gcu107:ScenarioBaseClass,10528:gcu107,
quest,quest/scenario/gcu/gcu301,77,1,4,1,0,Gcu301:ScenarioBaseClass,7104:gcu301,
quest,quest/scenario/gcu/gcu302,176,1,10,1,0,Gcu302:ScenarioBaseClass,7120:gcu302,
quest,quest/scenario/gcu/gcu303,92,1,7,1,0,Gcu303:ScenarioBaseClass,7136:gcu303,
quest,quest/scenario/gcu/gcu304,146,1,9,1,0,Gcu304:ScenarioBaseClass,7152:gcu304,
quest,quest/scenario/gcu/gcu305,69,1,4,1,0,Gcu305:ScenarioBaseClass,7776:gcu305,
quest,quest/scenario/gcu/gcu501,5,1,1,0,0,Gcu501:ScenarioBaseClass,,
quest,quest/scenario/gcu/gcu502,5,1,1,0,0,Gcu502:ScenarioBaseClass,,
quest,quest/scenario/gcu/gcu601,5,1,1,0,0,Gcu601:ScenarioBaseClass,,
quest,quest/scenario/gcu/gcu602,5,1,1,0,0,Gcu602:ScenarioBaseClass,,
quest,quest/scenario/gcu/gcu603,5,1,1,0,0,Gcu603:ScenarioBaseClass,,
quest,quest/scenario/gcu/gcu701,181,1,13,1,4,Gcu701:ScenarioBaseClass,7872:gcu701,askExtendWidget:4
quest,quest/scenario/gcu/gcu702,100,1,7,1,0,Gcu702:ScenarioBaseClass,10544:gcu702,
quest,quest/scenario/gla/gla200,160,1,23,1,6,Gla200:ScenarioBaseClass,513:gla200,startNQCutScene:3;startFadeInCutSceneAfterWarp:2;startFadeInCutSceneDefault:1
quest,quest/scenario/gla/gla300,314,1,51,1,18,Gla300:ScenarioBaseClass,517:gla300,startNQCutScene:9;startFadeInCutSceneAfterWarp:5;startFadeInCutSceneDefault:4
quest,quest/scenario/gla/gla306,288,1,45,1,13,Gla306:ScenarioBaseClass,521:gla306,startFadeInCutSceneAfterWarp:7;startNQCutScene:6
quest,quest/scenario/gla/gla400,5,1,1,1,0,Gla400:ScenarioBaseClass,525:gla400,
quest,quest/scenario/gld/gld200,217,1,34,1,8,Gld200:ScenarioBaseClass,1816:gld200,startNQCutScene:4;startFadeInCutSceneDefault:3;startFadeInCutSceneAfterWarp:1
quest,quest/scenario/gld/gld300,216,1,33,1,12,Gld300:ScenarioBaseClass,1492:gld300,startNQCutScene:6;startFadeInCutSceneAfterWarp:4;startFadeInCutSceneDefault:2
quest,quest/scenario/gld/gld306,183,1,31,1,8,Gld306:ScenarioBaseClass,1505:gld306,startNQCutScene:4;startFadeInCutSceneDefault:3;startFadeInCutSceneAfterWarp:1
quest,quest/scenario/gld/gld400,5,1,1,1,0,Gld400:ScenarioBaseClass,1518:gld400,
quest,quest/scenario/gld/gld500,5,1,1,1,0,Gld500:ScenarioBaseClass,1531:gld500,
quest,quest/scenario/gld/gld506,5,1,1,1,0,Gld506:ScenarioBaseClass,1544:gld506,
quest,quest/scenario/hrv/hrv200,110,1,15,1,8,Hrv200:ScenarioBaseClass,245:hrv200,startNQCutScene:4;startFadeInCutSceneDefault:2;startFadeInCutSceneAfterWarp:2
quest,quest/scenario/hrv/hrv300,203,1,32,1,8,Hrv300:ScenarioBaseClass,371:hrv300,startNQCutScene:4;startFadeInCutSceneDefault:3;startFadeInCutSceneAfterWarp:1
quest,quest/scenario/hrv/hrv306,226,1,35,1,16,Hrv306:ScenarioBaseClass,375:hrv306,startNQCutScene:8;startFadeInCutSceneDefault:5;startFadeInCutSceneAfterWarp:3
quest,quest/scenario/hrv/hrv400,5,1,1,1,0,Hrv400:ScenarioBaseClass,379:hrv400,
quest,quest/scenario/hrv/hrv500,5,1,1,1,0,Hrv500:ScenarioBaseClass,383:hrv500,
quest,quest/scenario/hrv/hrv506,5,1,1,1,0,Hrv506:ScenarioBaseClass,387:hrv506,
quest,quest/scenario/lnc/lnc200,152,1,24,1,6,Lnc200:ScenarioBaseClass,455:lnc200,startNQCutScene:3;startFadeInCutSceneDefault:2;startFadeInCutSceneAfterWarp:1
quest,quest/scenario/lnc/lnc300,334,1,59,1,16,Lnc300:ScenarioBaseClass,459:lnc300,startNQCutScene:8;startFadeInCutSceneDefault:4;startFadeInCutSceneAfterWarp:4
quest,quest/scenario/lnc/lnc306,195,1,34,1,10,Lnc306:ScenarioBaseClass,463:lnc306,startNQCutScene:5;startFadeInCutSceneAfterWarp:3;startFadeInCutSceneDefault:2
quest,quest/scenario/lnc/lnc400,5,1,1,1,0,Lnc400:ScenarioBaseClass,467:lnc400,
quest,quest/scenario/lnc/lnc500,5,1,1,1,0,Lnc500:ScenarioBaseClass,471:lnc500,
quest,quest/scenario/lnc/lnc506,5,1,1,1,0,Lnc506:ScenarioBaseClass,475:lnc506,
quest,quest/scenario/man/man0g0,1327,1,29,1,12,Man0g0:ScenarioBaseClass,391:man0g0,startHQCutScene:6;startFadeInCutSceneDefault:3;startNQCutScene:2;startFadeInCutSceneAfterWarp:1
quest,quest/scenario/man/man0g1,580,1,94,1,60,Man0g1:ScenarioBaseClass,395:man0g1,startNQCutScene:18;startFadeInCutSceneAfterWarp:14;tellByNpcLinkshellChat:8;NpcLinkshell:8;linkshell:8;startFadeInCutSceneDefault:4
quest,quest/scenario/man/man0l0,1320,1,44,1,29,Man0l0:ScenarioBaseClass,21:man0l0,startHQCutScene:15;startFadeInCutSceneDefault:11;startNQCutScene:2;startFadeInCutSceneAfterWarp:1
quest,quest/scenario/man/man0l1,796,1,101,1,106,Man0l1:ScenarioBaseClass,94:man0l1,startNQCutScene:31;startFadeInCutSceneDefault:20;tellByNpcLinkshellChat:14;NpcLinkshell:14;linkshell:14;startFadeInCutSceneAfterWarp:13
quest,quest/scenario/man/man0u0,1309,1,47,1,11,Man0u0:ScenarioBaseClass,1351:man0u0,startHQCutScene:5;startFadeInCutSceneDefault:3;startNQCutScene:2;startFadeInCutSceneAfterWarp:1
quest,quest/scenario/man/man0u1,693,1,114,1,61,Man0u1:ScenarioBaseClass,1359:man0u1,startNQCutScene:19;startFadeInCutSceneAfterWarp:13;tellByNpcLinkshellChat:8;NpcLinkshell:8;linkshell:8;startFadeInCutSceneDefault:5
quest,quest/scenario/man/man1g0,183,1,35,1,22,Man1g0:ScenarioBaseClass,399:man1g0,startNQCutScene:11;startFadeInCutSceneAfterWarp:6;startFadeInCutSceneDefault:5
quest,quest/scenario/man/man1l0,288,1,50,1,34,Man1l0:ScenarioBaseClass,98:man1l0,startNQCutScene:17;startFadeInCutSceneDefault:9;startFadeInCutSceneAfterWarp:8
quest,quest/scenario/man/man1u0,301,1,53,1,22,Man1u0:ScenarioBaseClass,1363:man1u0,startNQCutScene:11;startFadeInCutSceneAfterWarp:9;startFadeInCutSceneDefault:2
quest,quest/scenario/man/man200,621,1,45,1,21,Man200:ScenarioBaseClass,1557:man200,startNQCutScene:12;startFadeInCutSceneDefault:5;startFadeInCutSceneAfterWarp:4
quest,quest/scenario/man/man206,266,1,47,1,15,Man206:ScenarioBaseClass,1570:man206,startFadeInCutSceneAfterWarp:5;startFadeInCutSceneDefault:5;startNQCutScene:4;startHQCutScene:1
quest,quest/scenario/man/man2g0,366,1,66,1,24,Man2g0:ScenarioBaseClass,403:man2g0,startNQCutScene:11;startFadeInCutSceneAfterWarp:10;startHQCutScene:2;startFadeInCutSceneDefault:1
quest,quest/scenario/man/man2l0,241,1,27,1,67,Man2l0:ScenarioBaseClass,23:man2l0,startNQCutScene:32;startFadeInCutSceneDefault:26;startFadeInCutSceneAfterWarp:5;startHQCutScene:4
quest,quest/scenario/man/man2u0,147,1,26,1,21,Man2u0:ScenarioBaseClass,1367:man2u0,startNQCutScene:11;startFadeInCutSceneAfterWarp:6;startHQCutScene:2;startFadeInCutSceneDefault:2
quest,quest/scenario/man/man300,329,1,55,1,10,Man300:ScenarioBaseClass,1583:man300,startFadeInCutSceneAfterWarp:6;startNQCutScene:2;startFadeInCutSceneDefault:2
quest,quest/scenario/man/man304,257,1,34,1,4,Man304:ScenarioBaseClass,1596:man304,startFadeInCutSceneDefault:2;startFadeInCutSceneAfterWarp:2
quest,quest/scenario/man/man308,384,1,28,1,11,Man308:ScenarioBaseClass,1609:man308,startFadeInCutSceneDefault:6;startFadeInCutSceneAfterWarp:4;startNQCutScene:1
quest,quest/scenario/man/man402,129,1,18,1,4,Man402:ScenarioBaseClass,1622:man402,startFadeInCutSceneDefault:3;startFadeInCutSceneAfterWarp:1
quest,quest/scenario/man/man406,349,1,43,1,13,Man406:ScenarioBaseClass,1635:man406,startFadeInCutSceneAfterWarp:6;startFadeInCutSceneDefault:4;startNQCutScene:2;startHQCutScene:1
quest,quest/scenario/man/man502,5,1,1,1,0,Man502:ScenarioBaseClass,1648:man502,
quest,quest/scenario/man/man504,5,1,1,1,0,Man504:ScenarioBaseClass,1661:man504,
quest,quest/scenario/min/min200,179,1,28,1,8,Min200:ScenarioBaseClass,1829:min200,startNQCutScene:4;startFadeInCutSceneAfterWarp:3;startFadeInCutSceneDefault:1
quest,quest/scenario/min/min300,256,1,41,1,16,Min300:ScenarioBaseClass,1674:min300,startNQCutScene:7;startFadeInCutSceneAfterWarp:6;startFadeInCutSceneDefault:3
quest,quest/scenario/min/min306,176,1,28,1,7,Min306:ScenarioBaseClass,1687:min306,startNQCutScene:3;startFadeInCutSceneDefault:3;startFadeInCutSceneAfterWarp:1
quest,quest/scenario/min/min400,5,1,1,1,0,Min400:ScenarioBaseClass,1700:min400,
quest,quest/scenario/min/min500,5,1,1,1,0,Min500:ScenarioBaseClass,1713:min500,
quest,quest/scenario/min/min506,5,1,1,1,0,Min506:ScenarioBaseClass,1726:min506,
quest,quest/scenario/mnk/mnk0j1,100,1,11,1,2,Mnk0j1:ScenarioBaseClass,8452:mnk0j1,startNQCutScene:1;startFadeInCutSceneDefault:1
quest,quest/scenario/mnk/mnk0j2,100,1,11,1,0,Mnk0j2:ScenarioBaseClass,8468:mnk0j2,
quest,quest/scenario/mnk/mnk0j3,119,1,13,1,2,Mnk0j3:ScenarioBaseClass,8484:mnk0j3,startNQCutScene:1;startFadeInCutSceneDefault:1
quest,quest/scenario/mnk/mnk0j4,104,1,11,1,0,Mnk0j4:ScenarioBaseClass,8500:mnk0j4,
quest,quest/scenario/mnk/mnk0j5,90,1,8,1,0,Mnk0j5:ScenarioBaseClass,8516:mnk0j5,
quest,quest/scenario/mnk/mnk0j6,158,1,16,1,5,Mnk0j6:ScenarioBaseClass,8532:mnk0j6,startNQCutScene:2;startFadeInCutSceneAfterWarp:2;startFadeInCutSceneDefault:1
quest,quest/scenario/mnk/mnk0j7,5,1,1,0,0,Mnk0j7:ScenarioBaseClass,,
quest,quest/scenario/mnk/mnk0j8,5,1,1,0,0,Mnk0j8:ScenarioBaseClass,,
quest,quest/scenario/mnk/mnk0j9,5,1,1,0,0,Mnk0j9:ScenarioBaseClass,,
quest,quest/scenario/mnk/mnk1j0,5,1,1,0,0,Mnk1j0:ScenarioBaseClass,,
quest,quest/scenario/noc/noc000,288,1,16,1,2,Noc000:ScenarioBaseClass,5923:noc000,askRestrictChoices:2
quest,quest/scenario/noc/noc001,242,1,19,1,0,Noc001:ScenarioBaseClass,7648:noc001,
quest,quest/scenario/noc/noc002,851,1,35,1,4,Noc002:ScenarioBaseClass,10128:noc002,askForCustomizeOption:3;askEventModeWidgetYield:1
quest,quest/scenario/noc/noc003,281,1,12,1,1,Noc003:ScenarioBaseClass,10144:noc003,askRestrictChoices:1
quest,quest/scenario/pgl/pgl200,255,1,40,1,14,Pgl200:ScenarioBaseClass,529:pgl200,startNQCutScene:7;startFadeInCutSceneDefault:5;startFadeInCutSceneAfterWarp:2
quest,quest/scenario/pgl/pgl300,225,1,36,1,16,Pgl300:ScenarioBaseClass,533:pgl300,startNQCutScene:8;startFadeInCutSceneDefault:6;startFadeInCutSceneAfterWarp:2
quest,quest/scenario/pgl/pgl306,187,1,29,1,20,Pgl306:ScenarioBaseClass,537:pgl306,startNQCutScene:10;startFadeInCutSceneAfterWarp:6;startFadeInCutSceneDefault:4
quest,quest/scenario/pgl/pgl400,5,1,1,1,0,Pgl400:ScenarioBaseClass,541:pgl400,
quest,quest/scenario/pld/pld0j1,151,1,12,1,4,Pld0j1:ScenarioBaseClass,9572:pld0j1,startNQCutScene:2;startFadeInCutSceneAfterWarp:1;startFadeInCutSceneDefault:1
quest,quest/scenario/pld/pld0j2,74,1,9,1,0,Pld0j2:ScenarioBaseClass,9588:pld0j2,
quest,quest/scenario/pld/pld0j3,68,1,9,1,0,Pld0j3:ScenarioBaseClass,9604:pld0j3,
quest,quest/scenario/pld/pld0j4,54,1,7,1,0,Pld0j4:ScenarioBaseClass,9620:pld0j4,
quest,quest/scenario/pld/pld0j5,60,1,8,1,5,Pld0j5:ScenarioBaseClass,9636:pld0j5,startNQCutScene:2;startFadeInCutSceneDefault:2;startFadeInCutSceneAfterWarp:1
quest,quest/scenario/pld/pld0j6,125,1,12,1,7,Pld0j6:ScenarioBaseClass,9652:pld0j6,startNQCutScene:3;startFadeInCutSceneDefault:2;startFadeInCutSceneAfterWarp:2
quest,quest/scenario/pld/pld0j7,5,1,1,0,0,Pld0j7:ScenarioBaseClass,,
quest,quest/scenario/pld/pld0j8,5,1,1,0,0,Pld0j8:ScenarioBaseClass,,
quest,quest/scenario/pld/pld0j9,5,1,1,0,0,Pld0j9:ScenarioBaseClass,,
quest,quest/scenario/pld/pld1j0,5,1,1,0,0,Pld1j0:ScenarioBaseClass,,
quest,quest/scenario/scenariobaseclass,2,1,0,0,0,ScenarioBaseClass:QuestBaseClass,,
quest,quest/scenario/spl/spl000,275,1,19,1,3,Spl000:ScenarioBaseClass,10000:spl000,askExtendWidget:3
quest,quest/scenario/spl/spl0g1,117,1,13,1,0,Spl0g1:ScenarioBaseClass,5603:spl0g1,
quest,quest/scenario/spl/spl0g2,218,1,15,1,0,Spl0g2:ScenarioBaseClass,5619:spl0g2,
quest,quest/scenario/spl/spl0g3,5,1,1,0,0,Spl0g3:ScenarioBaseClass,,
quest,quest/scenario/spl/spl0g4,5,1,1,0,0,Spl0g4:ScenarioBaseClass,,
quest,quest/scenario/spl/spl0g5,5,1,1,0,0,Spl0g5:ScenarioBaseClass,,
quest,quest/scenario/spl/spl0i1,751,1,9,1,12,Spl0i1:ScenarioBaseClass,5683:spl0i1,askExtendWidget:11;askEventModeWidgetYield:1
quest,quest/scenario/spl/spl0i2,361,1,9,1,4,Spl0i2:ScenarioBaseClass,5699:spl0i2,askExtendWidget:3;askEventModeWidgetYield:1
quest,quest/scenario/spl/spl0i3,292,1,20,1,1,Spl0i3:ScenarioBaseClass,5715:spl0i3,askExtendWidget:1
quest,quest/scenario/spl/spl0i4,186,1,14,1,2,Spl0i4:ScenarioBaseClass,5731:spl0i4,startNQCutScene:1;startFadeInCutSceneDefault:1
quest,quest/scenario/spl/spl0i5,5,1,1,0,0,Spl0i5:ScenarioBaseClass,,
quest,quest/scenario/spl/spl0l1,114,1,13,1,0,Spl0l1:ScenarioBaseClass,5763:spl0l1,
quest,quest/scenario/spl/spl0l2,216,1,15,1,0,Spl0l2:ScenarioBaseClass,5779:spl0l2,
quest,quest/scenario/spl/spl0l3,5,1,1,0,0,Spl0l3:ScenarioBaseClass,,
quest,quest/scenario/spl/spl0l4,5,1,1,0,0,Spl0l4:ScenarioBaseClass,,
quest,quest/scenario/spl/spl0l5,5,1,1,0,0,Spl0l5:ScenarioBaseClass,,
quest,quest/scenario/spl/spl0u1,117,1,13,1,0,Spl0u1:ScenarioBaseClass,5843:spl0u1,
quest,quest/scenario/spl/spl0u2,190,1,15,1,0,Spl0u2:ScenarioBaseClass,5859:spl0u2,
quest,quest/scenario/spl/spl0u3,5,1,1,0,0,Spl0u3:ScenarioBaseClass,,
quest,quest/scenario/spl/spl0u4,5,1,1,0,0,Spl0u4:ScenarioBaseClass,,
quest,quest/scenario/spl/spl0u5,5,1,1,0,0,Spl0u5:ScenarioBaseClass,,
quest,quest/scenario/spl/spl101,43,0,2,1,1,,10016:spl101,askEventModeWidgetYield:1
quest,quest/scenario/spl/spl101_quest,746,1,56,0,54,Spl101:ScenarioBaseClass,,askExtendWidget:54
quest,quest/scenario/spl/spl102,702,1,17,1,4,Spl102:ScenarioBaseClass,10032:spl102,askExtendWidget:3;askEventModeWidgetYield:1
quest,quest/scenario/spl/spl103,5,1,1,0,0,Spl103:ScenarioBaseClass,,
quest,quest/scenario/sum/sum6a0,133,1,8,1,0,Sum6a0:ScenarioBaseClass,3181:sum6a0,
quest,quest/scenario/sum/sum6g0,135,1,8,1,0,Sum6g0:ScenarioBaseClass,10224:sum6g0,
quest,quest/scenario/sum/sum6m0,269,1,22,1,4,Sum6m0:ScenarioBaseClass,7488:sum6m0,askRestrictChoices:4
quest,quest/scenario/sum/sum6w0,103,1,5,1,2,Sum6w0:ScenarioBaseClass,10560:sum6w0,askExtendWidget:2
quest,quest/scenario/sum/sum7l0,5,1,1,1,0,Sum7l0:ScenarioBaseClass,3197:sum7l0,
quest,quest/scenario/sum/sum7t0,5,1,1,1,0,Sum7t0:ScenarioBaseClass,3213:sum7t0,
quest,quest/scenario/sum/sum8a0,5,1,1,1,0,Sum8a0:ScenarioBaseClass,3229:sum8a0,
quest,quest/scenario/sum/sum8l0,5,1,1,1,0,Sum8l0:ScenarioBaseClass,3245:sum8l0,
quest,quest/scenario/sum/sum8t0,5,1,1,1,0,Sum8t0:ScenarioBaseClass,3261:sum8t0,
quest,quest/scenario/tan/tan200,258,1,41,1,10,Tan200:ScenarioBaseClass,407:tan200,startNQCutScene:5;startFadeInCutSceneDefault:3;startFadeInCutSceneAfterWarp:2
quest,quest/scenario/tan/tan300,216,1,37,1,10,Tan300:ScenarioBaseClass,411:tan300,startNQCutScene:5;startFadeInCutSceneDefault:3;startFadeInCutSceneAfterWarp:2
quest,quest/scenario/tan/tan306,298,1,52,1,9,Tan306:ScenarioBaseClass,415:tan306,startNQCutScene:4;startFadeInCutSceneAfterWarp:3;startFadeInCutSceneDefault:2
quest,quest/scenario/tan/tan400,5,1,1,1,0,Tan400:ScenarioBaseClass,419:tan400,
quest,quest/scenario/tan/tan500,5,1,1,1,0,Tan500:ScenarioBaseClass,423:tan500,
quest,quest/scenario/tan/tan506,5,1,1,1,0,Tan506:ScenarioBaseClass,427:tan506,
quest,quest/scenario/test/scealphaa,243,1,28,0,33,SceAlphaA:ScenarioBaseClass,,startFadeInCutSceneDefault:33
quest,quest/scenario/test/scecuttest,104,1,3,0,7,SceCutTest:ScenarioBaseClass,,startHQCutScene:3;startFadeInCutSceneDefault:3;startNQCutScene:1
quest,quest/scenario/test/scedummy01,11,1,3,0,0,SceDummy01:ScenarioBaseClass,,
quest,quest/scenario/test/scedummy02,6,1,2,0,0,SceDummy02:ScenarioBaseClass,,
quest,quest/scenario/test/scedummy03,6,1,2,0,0,SceDummy03:ScenarioBaseClass,,
quest,quest/scenario/test/scedummy04,6,1,2,0,0,SceDummy04:ScenarioBaseClass,,
quest,quest/scenario/test/scedummy05,6,1,2,0,0,SceDummy05:ScenarioBaseClass,,
quest,quest/scenario/test/scedummy06,6,1,2,0,0,SceDummy06:ScenarioBaseClass,,
quest,quest/scenario/test/scedummy07,6,1,2,0,0,SceDummy07:ScenarioBaseClass,,
quest,quest/scenario/test/scedummy08,6,1,2,0,0,SceDummy08:ScenarioBaseClass,,
quest,quest/scenario/test/scedummy09,6,1,2,0,0,SceDummy09:ScenarioBaseClass,,
quest,quest/scenario/test/scedummy10,6,1,2,0,0,SceDummy10:ScenarioBaseClass,,
quest,quest/scenario/test/scedummy11,6,1,2,0,0,SceDummy11:ScenarioBaseClass,,
quest,quest/scenario/test/scedummy12,6,1,2,0,0,SceDummy12:ScenarioBaseClass,,
quest,quest/scenario/test/scedummy13,6,1,2,0,0,SceDummy13:ScenarioBaseClass,,
quest,quest/scenario/test/scedummy14,6,1,2,0,0,SceDummy14:ScenarioBaseClass,,
quest,quest/scenario/test/scedummy15,6,1,2,0,0,SceDummy15:ScenarioBaseClass,,
quest,quest/scenario/test/scedummy16,6,1,2,0,0,SceDummy16:ScenarioBaseClass,,
quest,quest/scenario/test/scedummy17,6,1,2,0,0,SceDummy17:ScenarioBaseClass,,
quest,quest/scenario/test/scedummy18,6,1,2,0,0,SceDummy18:ScenarioBaseClass,,
quest,quest/scenario/test/scedummy19,6,1,2,0,0,SceDummy19:ScenarioBaseClass,,
quest,quest/scenario/test/scedummy20,6,1,2,0,0,SceDummy20:ScenarioBaseClass,,
quest,quest/scenario/test/scedummy21,6,1,2,0,0,SceDummy21:ScenarioBaseClass,,
quest,quest/scenario/test/scedummy22,6,1,2,0,0,SceDummy22:ScenarioBaseClass,,
quest,quest/scenario/test/scedummy23,6,1,2,0,0,SceDummy23:ScenarioBaseClass,,
quest,quest/scenario/test/scedummy24,6,1,2,0,0,SceDummy24:ScenarioBaseClass,,
quest,quest/scenario/test/scedummy25,6,1,2,0,0,SceDummy25:ScenarioBaseClass,,
quest,quest/scenario/test/scedummy26,6,1,2,0,0,SceDummy26:ScenarioBaseClass,,
quest,quest/scenario/test/scedummy27,6,1,2,0,0,SceDummy27:ScenarioBaseClass,,
quest,quest/scenario/test/scedummy28,6,1,2,0,0,SceDummy28:ScenarioBaseClass,,
quest,quest/scenario/test/scedummy29,6,1,2,0,0,SceDummy29:ScenarioBaseClass,,
quest,quest/scenario/test/scedummy30,6,1,2,0,0,SceDummy30:ScenarioBaseClass,,
quest,quest/scenario/test/scedummy31,6,1,2,0,0,SceDummy31:ScenarioBaseClass,,
quest,quest/scenario/test/scedummy32,6,1,2,0,0,SceDummy32:ScenarioBaseClass,,
quest,quest/scenario/test/scetesttxt,30,1,12,0,0,SceTestTxt:ScenarioBaseClass,,
quest,quest/scenario/test/testscenariob,26,1,10,0,0,TestScenarioB:ScenarioBaseClass,,
quest,quest/scenario/test/testscenarioc,14,1,5,0,0,TestScenarioC:ScenarioBaseClass,,
quest,quest/scenario/test/testscenariod,14,1,5,0,0,TestScenarioD:ScenarioBaseClass,,
quest,quest/scenario/thm/thm200,111,1,17,1,8,Thm200:ScenarioBaseClass,549:thm200,startNQCutScene:4;startFadeInCutSceneDefault:4
quest,quest/scenario/thm/thm300,226,1,32,1,13,Thm300:ScenarioBaseClass,553:thm300,startNQCutScene:6;startFadeInCutSceneAfterWarp:4;startFadeInCutSceneDefault:3
quest,quest/scenario/thm/thm306,144,1,24,1,14,Thm306:ScenarioBaseClass,557:thm306,startNQCutScene:7;startFadeInCutSceneDefault:5;startFadeInCutSceneAfterWarp:2
quest,quest/scenario/thm/thm400,5,1,1,1,0,Thm400:ScenarioBaseClass,561:thm400,
quest,quest/scenario/trl/trl0g1,22,1,4,1,4,Trl0g1:ScenarioBaseClass,2152:trl0g1,startNQCutScene:2;startFadeInCutSceneDefault:2
quest,quest/scenario/trl/trl0l1,22,1,4,1,4,Trl0l1:ScenarioBaseClass,2165:trl0l1,startNQCutScene:2;startFadeInCutSceneDefault:2
quest,quest/scenario/trl/trl0l2,5,1,1,1,0,Trl0l2:ScenarioBaseClass,3277:trl0l2,
quest,quest/scenario/trl/trl0l3,30,1,4,1,0,Trl0l3:ScenarioBaseClass,3293:trl0l3,
quest,quest/scenario/trl/trl0l4,5,1,1,0,0,Trl0l4:ScenarioBaseClass,,
quest,quest/scenario/trl/trl0u1,22,1,4,1,4,Trl0u1:ScenarioBaseClass,2178:trl0u1,startNQCutScene:2;startFadeInCutSceneDefault:2
quest,quest/scenario/war/war0j1,111,1,11,1,0,War0j1:ScenarioBaseClass,8132:war0j1,
quest,quest/scenario/war/war0j2,70,1,9,1,0,War0j2:ScenarioBaseClass,8148:war0j2,
quest,quest/scenario/war/war0j3,83,1,9,1,2,War0j3:ScenarioBaseClass,8164:war0j3,startNQCutScene:1;startFadeInCutSceneDefault:1
quest,quest/scenario/war/war0j4,53,1,7,1,0,War0j4:ScenarioBaseClass,8180:war0j4,
quest,quest/scenario/war/war0j5,62,1,8,1,0,War0j5:ScenarioBaseClass,8196:war0j5,
quest,quest/scenario/war/war0j6,72,1,10,1,3,War0j6:ScenarioBaseClass,8212:war0j6,startFadeInCutSceneDefault:2;startNQCutScene:1
quest,quest/scenario/war/war0j7,5,1,1,0,0,War0j7:ScenarioBaseClass,,
quest,quest/scenario/war/war0j8,5,1,1,0,0,War0j8:ScenarioBaseClass,,
quest,quest/scenario/war/war0j9,5,1,1,0,0,War0j9:ScenarioBaseClass,,
quest,quest/scenario/war/war1j0,5,1,1,0,0,War1j0:ScenarioBaseClass,,
quest,quest/scenario/wdk/wdk200,237,1,37,1,7,Wdk200:ScenarioBaseClass,431:wdk200,startNQCutScene:3;startFadeInCutSceneAfterWarp:3;startFadeInCutSceneDefault:1
quest,quest/scenario/wdk/wdk300,377,1,60,1,12,Wdk300:ScenarioBaseClass,435:wdk300,startNQCutScene:6;startFadeInCutSceneAfterWarp:3;startFadeInCutSceneDefault:3
quest,quest/scenario/wdk/wdk306,315,1,56,1,14,Wdk306:ScenarioBaseClass,439:wdk306,startFadeInCutSceneAfterWarp:7;startNQCutScene:6;startFadeInCutSceneDefault:1
quest,quest/scenario/wdk/wdk400,5,1,1,1,0,Wdk400:ScenarioBaseClass,443:wdk400,
quest,quest/scenario/wdk/wdk500,5,1,1,1,0,Wdk500:ScenarioBaseClass,447:wdk500,
quest,quest/scenario/wdk/wdk506,5,1,1,1,0,Wdk506:ScenarioBaseClass,451:wdk506,
quest,quest/scenario/whm/whm0j1,136,1,18,1,2,Whm0j1:ScenarioBaseClass,9732:whm0j1,startNQCutScene:1;startFadeInCutSceneDefault:1
quest,quest/scenario/whm/whm0j2,129,1,15,1,2,Whm0j2:ScenarioBaseClass,9748:whm0j2,startNQCutScene:1;startFadeInCutSceneDefault:1
quest,quest/scenario/whm/whm0j3,109,1,13,1,0,Whm0j3:ScenarioBaseClass,9764:whm0j3,
quest,quest/scenario/whm/whm0j4,161,1,16,1,2,Whm0j4:ScenarioBaseClass,9780:whm0j4,startNQCutScene:1;startFadeInCutSceneDefault:1
quest,quest/scenario/whm/whm0j5,126,1,13,1,0,Whm0j5:ScenarioBaseClass,9796:whm0j5,
quest,quest/scenario/whm/whm0j6,167,1,18,1,6,Whm0j6:ScenarioBaseClass,9812:whm0j6,startNQCutScene:3;startFadeInCutSceneDefault:3
quest,quest/scenario/whm/whm0j7,5,1,1,0,0,Whm0j7:ScenarioBaseClass,,
quest,quest/scenario/whm/whm0j8,5,1,1,0,0,Whm0j8:ScenarioBaseClass,,
quest,quest/scenario/whm/whm0j9,5,1,1,0,0,Whm0j9:ScenarioBaseClass,,
quest,quest/scenario/whm/whm1j0,5,1,1,0,0,Whm1j0:ScenarioBaseClass,,
quest,quest/scenario/wld/wld0g1,50,1,4,1,0,Wld0g1:ScenarioBaseClass,4963:wld0g1,
quest,quest/scenario/wld/wld0g2,122,1,12,1,0,Wld0g2:ScenarioBaseClass,4979:wld0g2,
quest,quest/scenario/wld/wld0g3,74,1,7,1,0,Wld0g3:ScenarioBaseClass,4995:wld0g3,
quest,quest/scenario/wld/wld0g4,54,1,4,1,0,Wld0g4:ScenarioBaseClass,5011:wld0g4,
quest,quest/scenario/wld/wld0g5,5,1,1,0,0,Wld0g5:ScenarioBaseClass,,
quest,quest/scenario/wld/wld0g6,5,1,1,0,0,Wld0g6:ScenarioBaseClass,,
quest,quest/scenario/wld/wld0g7,5,1,1,0,0,Wld0g7:ScenarioBaseClass,,
quest,quest/scenario/wld/wld0g8,5,1,1,0,0,Wld0g8:ScenarioBaseClass,,
quest,quest/scenario/wld/wld0g9,5,1,1,0,0,Wld0g9:ScenarioBaseClass,,
quest,quest/scenario/wld/wld0i1,5,1,1,0,0,Wld0i1:ScenarioBaseClass,,
quest,quest/scenario/wld/wld0i2,5,1,1,0,0,Wld0i2:ScenarioBaseClass,,
quest,quest/scenario/wld/wld0i3,5,1,1,0,0,Wld0i3:ScenarioBaseClass,,
quest,quest/scenario/wld/wld0i4,5,1,1,0,0,Wld0i4:ScenarioBaseClass,,
quest,quest/scenario/wld/wld0i5,5,1,1,0,0,Wld0i5:ScenarioBaseClass,,
quest,quest/scenario/wld/wld0i6,5,1,1,0,0,Wld0i6:ScenarioBaseClass,,
quest,quest/scenario/wld/wld0i7,5,1,1,0,0,Wld0i7:ScenarioBaseClass,,
quest,quest/scenario/wld/wld0i8,5,1,1,0,0,Wld0i8:ScenarioBaseClass,,
quest,quest/scenario/wld/wld0i9,5,1,1,0,0,Wld0i9:ScenarioBaseClass,,
quest,quest/scenario/wld/wld0l1,59,1,6,1,0,Wld0l1:ScenarioBaseClass,5251:wld0l1,
quest,quest/scenario/wld/wld0l2,125,1,12,1,0,Wld0l2:ScenarioBaseClass,5267:wld0l2,
quest,quest/scenario/wld/wld0l3,69,1,6,1,0,Wld0l3:ScenarioBaseClass,5283:wld0l3,
quest,quest/scenario/wld/wld0l4,87,1,6,1,0,Wld0l4:ScenarioBaseClass,5299:wld0l4,
quest,quest/scenario/wld/wld0l5,5,1,1,0,0,Wld0l5:ScenarioBaseClass,,
quest,quest/scenario/wld/wld0l6,5,1,1,0,0,Wld0l6:ScenarioBaseClass,,
quest,quest/scenario/wld/wld0l7,5,1,1,0,0,Wld0l7:ScenarioBaseClass,,
quest,quest/scenario/wld/wld0l8,5,1,1,0,0,Wld0l8:ScenarioBaseClass,,
quest,quest/scenario/wld/wld0l9,5,1,1,0,0,Wld0l9:ScenarioBaseClass,,
quest,quest/scenario/wld/wld0u1,58,1,6,1,0,Wld0u1:ScenarioBaseClass,5395:wld0u1,
quest,quest/scenario/wld/wld0u2,44,1,4,1,0,Wld0u2:ScenarioBaseClass,5411:wld0u2,
quest,quest/scenario/wld/wld0u3,65,1,6,1,0,Wld0u3:ScenarioBaseClass,5427:wld0u3,
quest,quest/scenario/wld/wld0u4,50,1,4,1,0,Wld0u4:ScenarioBaseClass,5443:wld0u4,
quest,quest/scenario/wld/wld0u5,5,1,1,0,0,Wld0u5:ScenarioBaseClass,,
quest,quest/scenario/wld/wld0u6,5,1,1,0,0,Wld0u6:ScenarioBaseClass,,
quest,quest/scenario/wld/wld0u7,5,1,1,0,0,Wld0u7:ScenarioBaseClass,,
quest,quest/scenario/wld/wld0u8,5,1,1,0,0,Wld0u8:ScenarioBaseClass,,
quest,quest/scenario/wld/wld0u9,5,1,1,0,0,Wld0u9:ScenarioBaseClass,,
quest,quest/scenario/wld/wld1g0,5,1,1,0,0,Wld1g0:ScenarioBaseClass,,
quest,quest/scenario/wld/wld1i0,5,1,1,0,0,Wld1i0:ScenarioBaseClass,,
quest,quest/scenario/wld/wld1l0,5,1,1,0,0,Wld1l0:ScenarioBaseClass,,
quest,quest/scenario/wld/wld1u0,5,1,1,0,0,Wld1u0:ScenarioBaseClass,,
quest,quest/scenario/wvr/wvr200,140,1,20,1,6,Wvr200:ScenarioBaseClass,1248:wvr200,startNQCutScene:3;startFadeInCutSceneAfterWarp:2;startFadeInCutSceneDefault:1
quest,quest/scenario/wvr/wvr300,321,1,42,1,6,Wvr300:ScenarioBaseClass,1258:wvr300,startNQCutScene:3;startFadeInCutSceneAfterWarp:2;startFadeInCutSceneDefault:1
quest,quest/scenario/wvr/wvr306,187,1,27,1,6,Wvr306:ScenarioBaseClass,1268:wvr306,startNQCutScene:3;startFadeInCutSceneDefault:3
quest,quest/scenario/wvr/wvr400,5,1,1,1,0,Wvr400:ScenarioBaseClass,1278:wvr400,
quest,quest/scenario/wvr/wvr500,5,1,1,1,0,Wvr500:ScenarioBaseClass,1288:wvr500,
quest,quest/scenario/wvr/wvr506,5,1,1,1,0,Wvr506:ScenarioBaseClass,1298:wvr506,
linkshell,widget/ask/linkshellconfirmwidget,59,1,3,0,8,LinkshellConfirmWidget:AskBaseClass,,linkshell:6;getLinkshell:1;getLinkshellIconID:1
linkshell,widget/ask/linkshelllistwidget,203,1,6,0,21,LinkshellListWidget:AskBaseClass,,linkshell:17;getLinkshell:3;getLinkshellIconID:1
linkshell,widget/ask/linkshellnamingwidget,146,1,6,0,29,LinkshellNamingWidget:AskBaseClass,,linkshell:29
linkshell,widget/ask/linkshellselecticonwidget,171,1,7,0,13,LinkshellSelectIconWidget:AskBaseClass,,linkshell:12;getLinkshell:1
quest,widget/ask/questaskwidget,200,1,5,0,0,QuestAskWidget:AskBaseClass,,
quest,widget/ask/questdeliverywidget,2097,1,65,0,2,QuestDeliveryWidget:AskBaseClass,,getBazaarItem:2
quest,widget/ask/questdetailwidget,625,1,14,0,0,QuestDetailWidget:AskBaseClass,,
quest,widget/ask/questrewardwidget,347,1,9,0,0,QuestRewardWidget:AskBaseClass,,
cutscene,widget/ask/replaycutsceneselectwidget,133,1,7,0,0,ReplayCutsceneSelectWidget:AskBaseClass,,
retainer,widget/ask/retainerdismissalwidget,15,1,3,0,0,RetainerDismissalWidget:AskBaseClass,,
retainer,widget/ask/retaineritemlistwidget,3072,1,76,0,135,RetainerItemListWidget:AskBaseClass,,RetainerItemListWidget:77;getRetainerItem:39;isValidRetainer:9;getBazaarItem:6;getRetainerItemPackageCapacity:3;getRetainerName:1
retainer,widget/ask/retainernamingwidget,262,1,13,0,0,RetainerNamingWidget:AskBaseClass,,
cutscene,widget/cutsceneskipwarningwidget,13,1,3,0,0,CutSceneSkipWarningWidget:WidgetBaseClass,,
cutscene,widget/cutsceneskipwidget,40,1,5,0,0,CutSceneSkipWidget:WidgetBaseClass,,
quest,widget/jobquestinformationwidget,37,1,2,0,0,JobQuestInformationWidget:WidgetBaseClass,,
linkshell,widget/linkshelliconlistwidget,55,1,4,0,7,LinkshellIconListWidget:WidgetBaseClass,,linkshell:6;getLinkshell:1
linkshell,widget/linkshelllistsubwidget,157,1,6,0,16,LinkshellListSubWidget:WidgetBaseClass,,linkshell:16
linkshell,widget/linkshellmemberslistwidget,201,1,10,0,20,LinkshellMembersListWidget:WidgetBaseClass,,linkshell:19;getLinkshell:1
linkshell,widget/linkshellmenusubwidget,294,1,11,0,19,LinkshellMenuSubWidget:WidgetBaseClass,,linkshell:19
linkshell,widget/npclinkshelllistwidget,172,1,9,0,39,NpcLinkshellListWidget:WidgetBaseClass,,linkshell:22;NpcLinkshell:17
instance,widget/raiddungeonexecutionwidget,25,1,3,0,0,RaidDungeonExecutionWidget:WidgetBaseClass,,
retainer,widget/retainerlistwidget,389,1,25,0,0,RetainerListWidget:WidgetBaseClass,,
retainer,widget/retainertradewidget,1831,1,56,0,20,RetainerTradeWidget:WidgetBaseClass,,getRetainerItem:9;isValidRetainer:8;getRetainerItemPackageCapacity:2;getRetainerName:1
