owner_type,owner_en,drop_kind,item_en,archive_item_id,resolved_item_id,server_drop_lists,implementation_status,quantity,chance,provenance,source_url
regular_species,Aldgoat Billy,ordinary_item,Aldgoat Chuck,3011001,3011001,1047;1061,implemented_explicitly,1,0.05,Local Gamer Escape region-page import; not stated by eLeMeN.,http://elemen.sakura.ne.jp/ff14_dated_archives/monster/bestiary/Aldgoat.html
regular_species,Aldgoat Billy,ordinary_item,Salt Leek,3011304,3011304,1047;1061,implemented_explicitly,1,0.05,Local Gamer Escape region-page import; not stated by eLeMeN.,http://elemen.sakura.ne.jp/ff14_dated_archives/monster/bestiary/Aldgoat.html
regular_species,Aldgoat Billy,ordinary_item,Sagolii Sage,3011510,3011510,1047;1061,implemented_explicitly,1,0.05,Local Gamer Escape region-page import; not stated by eLeMeN.,http://elemen.sakura.ne.jp/ff14_dated_archives/monster/bestiary/Aldgoat.html
regular_species,Aldgoat Billy,ordinary_item,Thanalan Tea Leaves,3011521,3011521,1047;1061,implemented_explicitly,1,0.05,Local Gamer Escape region-page import; not stated by eLeMeN.,http://elemen.sakura.ne.jp/ff14_dated_archives/monster/bestiary/Aldgoat.html
regular_species,Aldgoat Billy,ordinary_item,Straw,10005201,10005201,1047;1061,implemented_explicitly,1,0.05,Local Gamer Escape region-page import; not stated by eLeMeN.,http://elemen.sakura.ne.jp/ff14_dated_archives/monster/bestiary/Aldgoat.html
regular_species,Aldgoat Billy,ordinary_item,Aldgoat Skin,10007016,10007016,1047;1061,implemented_explicitly,1,0.05,Local Gamer Escape region-page import; not stated by eLeMeN.,http://elemen.sakura.ne.jp/ff14_dated_archives/monster/bestiary/Aldgoat.html
regular_species,Firefly,ordinary_item,Moko Grass,10005202,10005202,1010,implemented_explicitly,1,0.05,Local Gamer Escape region-page import; not stated by eLeMeN.,http://elemen.sakura.ne.jp/ff14_dated_archives/monster/bestiary/Beetle.html
regular_species,Firefly,ordinary_item,Cotton Boll,10005203,10005203,1010,implemented_explicitly,1,0.05,Local Gamer Escape region-page import; not stated by eLeMeN.,http://elemen.sakura.ne.jp/ff14_dated_archives/monster/bestiary/Beetle.html
regular_species,Firefly,ordinary_item,Flax,10005204,10005204,1010,implemented_explicitly,1,0.05,Local Gamer Escape region-page import; not stated by eLeMeN.,http://elemen.sakura.ne.jp/ff14_dated_archives/monster/bestiary/Beetle.html
regular_species,Firefly,ordinary_item,Firefly Elytron,10006103,10006103,1010,implemented_explicitly,1,0.05,Local Gamer Escape region-page import; not stated by eLeMeN.,http://elemen.sakura.ne.jp/ff14_dated_archives/monster/bestiary/Beetle.html
regular_species,Firefly,ordinary_item,Formic Acid,10009211,10009211,1010,implemented_explicitly,1,0.05,Local Gamer Escape region-page import; not stated by eLeMeN.,http://elemen.sakura.ne.jp/ff14_dated_archives/monster/bestiary/Beetle.html
regular_species,Cactuar,ordinary_item,Wild Onion,3011308,3011308,1048,implemented_explicitly,1,0.05,Local Gamer Escape region-page import; not stated by eLeMeN.,http://elemen.sakura.ne.jp/ff14_dated_archives/monster/bestiary/Cactuar.html
regular_species,Cactuar,ordinary_item,Jade Peas,3011413,3011413,1048,implemented_explicitly,1,0.05,Local Gamer Escape region-page import; not stated by eLeMeN.,http://elemen.sakura.ne.jp/ff14_dated_archives/monster/bestiary/Cactuar.html
regular_species,Cactuar,ordinary_item,Alligator Pear,3011459,3011459,1048,implemented_explicitly,1,0.05,Local Gamer Escape region-page import; not stated by eLeMeN.,http://elemen.sakura.ne.jp/ff14_dated_archives/monster/bestiary/Cactuar.html
regular_species,Cactuar,ordinary_item,Copper Ore,10001006,10001006,1048,implemented_explicitly,1,0.05,Local Gamer Escape region-page import; not stated by eLeMeN.,http://elemen.sakura.ne.jp/ff14_dated_archives/monster/bestiary/Cactuar.html
regular_species,Cactuar,ordinary_item,Cactuar Needle,10006014,10006014,1048,implemented_explicitly,1,0.05,Local Gamer Escape region-page import; not stated by eLeMeN.,http://elemen.sakura.ne.jp/ff14_dated_archives/monster/bestiary/Cactuar.html
regular_species,Dodo,ordinary_item,Dodo Tenderloin,3011003,3011003,1063;1292,implemented_explicitly,1,0.45,Local Gamer Escape region-page import; not stated by eLeMeN.,http://elemen.sakura.ne.jp/ff14_dated_archives/monster/bestiary/Dodo.html
regular_species,Dodo,ordinary_item,Dodo Egg,3011017,3011017,1063;1292,implemented_explicitly,1,0.142857,Local Gamer Escape region-page import; not stated by eLeMeN.,http://elemen.sakura.ne.jp/ff14_dated_archives/monster/bestiary/Dodo.html
regular_species,Dodo,ordinary_item,Salt Leek,3011304,3011304,1063;1292,implemented_explicitly,1,0.05,Local Gamer Escape region-page import; not stated by eLeMeN.,http://elemen.sakura.ne.jp/ff14_dated_archives/monster/bestiary/Dodo.html
regular_species,Dodo,ordinary_item,Paprika,3011314,3011314,1063;1292,implemented_explicitly,1,0.047619,Local Gamer Escape region-page import; not stated by eLeMeN.,http://elemen.sakura.ne.jp/ff14_dated_archives/monster/bestiary/Dodo.html
regular_species,Dodo,ordinary_item,Dodo Feather,10005402,10005402,1063;1292,implemented_explicitly,1,0.45,Local Gamer Escape region-page import; not stated by eLeMeN.,http://elemen.sakura.ne.jp/ff14_dated_archives/monster/bestiary/Dodo.html
regular_species,Dodo,ordinary_item,Dodo Skin,10007003,10007003,1063;1292,implemented_explicitly,1,0.190476,Local Gamer Escape region-page import; not stated by eLeMeN.,http://elemen.sakura.ne.jp/ff14_dated_archives/monster/bestiary/Dodo.html
regular_species,Bogy,ordinary_item,Mole Meat,3011014,3011014,1006,implemented_explicitly,1,0.05,Local Gamer Escape region-page import; not stated by eLeMeN.,http://elemen.sakura.ne.jp/ff14_dated_archives/monster/bestiary/Ghost.html
regular_species,Bogy,ordinary_item,Potion of Strength,3020512,3020512,1006,implemented_explicitly,1,0.1,Local Gamer Escape region-page import; not stated by eLeMeN.,http://elemen.sakura.ne.jp/ff14_dated_archives/monster/bestiary/Ghost.html
regular_species,Bogy,ordinary_item,Undyed Hempen Cloth,10005001,10005001,1006,implemented_explicitly,1,0.15,Local Gamer Escape region-page import; not stated by eLeMeN.,http://elemen.sakura.ne.jp/ff14_dated_archives/monster/bestiary/Ghost.html
regular_species,Bogy,ordinary_item,Undyed Cotton Cloth,10005005,10005005,1006,implemented_explicitly,1,0.1,Local Gamer Escape region-page import; not stated by eLeMeN.,http://elemen.sakura.ne.jp/ff14_dated_archives/monster/bestiary/Ghost.html
regular_species,Bogy,ordinary_item,Hempen Fent,10005101,10005101,1006,implemented_explicitly,1,0.05,Local Gamer Escape region-page import; not stated by eLeMeN.,http://elemen.sakura.ne.jp/ff14_dated_archives/monster/bestiary/Ghost.html
regular_species,Bogy,ordinary_item,Cotton Fent,10005102,10005102,1006,implemented_explicitly,1,0.05,Local Gamer Escape region-page import; not stated by eLeMeN.,http://elemen.sakura.ne.jp/ff14_dated_archives/monster/bestiary/Ghost.html
regular_species,Bogy,ordinary_item,Hempen Yarn,10005301,10005301,1006,implemented_explicitly,1,0.2,Local Gamer Escape region-page import; not stated by eLeMeN.,http://elemen.sakura.ne.jp/ff14_dated_archives/monster/bestiary/Ghost.html
regular_species,Bogy,ordinary_item,Formic Acid,10009211,10009211,1006,implemented_explicitly,1,0.05,Local Gamer Escape region-page import; not stated by eLeMeN.,http://elemen.sakura.ne.jp/ff14_dated_archives/monster/bestiary/Ghost.html
regular_species,Ked,ordinary_item,Gnat Wing,10005411,10005411,1379,implemented_explicitly,1,0.05,Local Gamer Escape region-page import; not stated by eLeMeN.,http://elemen.sakura.ne.jp/ff14_dated_archives/monster/bestiary/Gnat.html
regular_species,Ked,ordinary_item,Gnat Fletchings,10304010,10304010,1379,implemented_explicitly,1,0.04,Local Gamer Escape region-page import; not stated by eLeMeN.,http://elemen.sakura.ne.jp/ff14_dated_archives/monster/bestiary/Gnat.html
regular_species,Hippogryph,ordinary_item,Hippogryph Talon,10006008,10006008,1037,implemented_explicitly,1,0.05,Local Gamer Escape region-page import; not stated by eLeMeN.,http://elemen.sakura.ne.jp/ff14_dated_archives/monster/bestiary/Hippogryph.html
regular_species,Hippogryph,ordinary_item,Hippogryph Sinew,10007505,10007505,1037,implemented_explicitly,1,0.05,Local Gamer Escape region-page import; not stated by eLeMeN.,http://elemen.sakura.ne.jp/ff14_dated_archives/monster/bestiary/Hippogryph.html
notorious_monster,Alux,elemen_item,Kple Kple,,5030304,3000,implemented_explicitly,,,eLeMeN NM page,http://elemen.sakura.ne.jp/ff14_dated_archives/monster/nm/BlackShroud.html#Alux
notorious_monster,Alux,server_item,Black Pepper,3011507,3011507,3000,implemented_explicitly,1,0.05,Data/sql/server_battlenpc_mob_types_loot.sql (local server enrichment; not an eLeMeN field),http://elemen.sakura.ne.jp/ff14_dated_archives/monster/nm/BlackShroud.html#Alux
notorious_monster,Alux,server_item,Boarskin Crakows,8080517,8080517,3000,implemented_explicitly,1,0.02,Data/sql/server_battlenpc_mob_types_loot.sql (local server enrichment; not an eLeMeN field),http://elemen.sakura.ne.jp/ff14_dated_archives/monster/nm/BlackShroud.html#Alux
notorious_monster,Alux,server_item,Chocobo Feather,10005410,10005410,3000,implemented_explicitly,1,0.05,Data/sql/server_battlenpc_mob_types_loot.sql (local server enrichment; not an eLeMeN field),http://elemen.sakura.ne.jp/ff14_dated_archives/monster/nm/BlackShroud.html#Alux
notorious_monster,Alux,server_item,Imp Wing,10009507,10009507,3000,implemented_explicitly,1,0.05,Data/sql/server_battlenpc_mob_types_loot.sql (local server enrichment; not an eLeMeN field),http://elemen.sakura.ne.jp/ff14_dated_archives/monster/nm/BlackShroud.html#Alux
notorious_monster,Alux,server_item,Kple Kple,5030304,5030304,3000,implemented_explicitly,1,0.01,Data/sql/server_battlenpc_mob_types_loot.sql (local server enrichment; not an eLeMeN field),http://elemen.sakura.ne.jp/ff14_dated_archives/monster/nm/BlackShroud.html#Alux
notorious_monster,Alux,server_item,Leather Crakows,8080513,8080513,3000,implemented_explicitly,1,0.02,Data/sql/server_battlenpc_mob_types_loot.sql (local server enrichment; not an eLeMeN field),http://elemen.sakura.ne.jp/ff14_dated_archives/monster/nm/BlackShroud.html#Alux
notorious_monster,Alux,server_item,Padded Sheepskin Duckbills,8080224,8080224,3000,implemented_explicitly,1,0.02,Data/sql/server_battlenpc_mob_types_loot.sql (local server enrichment; not an eLeMeN field),http://elemen.sakura.ne.jp/ff14_dated_archives/monster/nm/BlackShroud.html#Alux
notorious_monster,Alux,server_item,Salt Leek,3011304,3011304,3000,implemented_explicitly,1,0.05,Data/sql/server_battlenpc_mob_types_loot.sql (local server enrichment; not an eLeMeN field),http://elemen.sakura.ne.jp/ff14_dated_archives/monster/nm/BlackShroud.html#Alux
notorious_monster,Alux,server_item,Steel-plated Jackboots,8080821,8080821,3000,implemented_explicitly,1,0.02,Data/sql/server_battlenpc_mob_types_loot.sql (local server enrichment; not an eLeMeN field),http://elemen.sakura.ne.jp/ff14_dated_archives/monster/nm/BlackShroud.html#Alux
notorious_monster,Alux,server_item,Wild Onion,3011308,3011308,3000,implemented_explicitly,1,0.05,Data/sql/server_battlenpc_mob_types_loot.sql (local server enrichment; not an eLeMeN field),http://elemen.sakura.ne.jp/ff14_dated_archives/monster/nm/BlackShroud.html#Alux
notorious_monster,Alux,server_item,Wildfowl Feather,10005404,10005404,3000,implemented_explicitly,1,0.05,Data/sql/server_battlenpc_mob_types_loot.sql (local server enrichment; not an eLeMeN field),http://elemen.sakura.ne.jp/ff14_dated_archives/monster/nm/BlackShroud.html#Alux
notorious_monster,Alux,server_crystal,Ice Shard,,1000004,3000,implemented_crystal_policy,1,0.07,Data/sql/server_battlenpc_mob_types_loot.sql (local server enrichment; not an eLeMeN field),http://elemen.sakura.ne.jp/ff14_dated_archives/monster/nm/BlackShroud.html#Alux
notorious_monster,Alux,server_crystal,Ice Crystal,,1000010,3000,implemented_crystal_policy,1,0.02,Data/sql/server_battlenpc_mob_types_loot.sql (local server enrichment; not an eLeMeN field),http://elemen.sakura.ne.jp/ff14_dated_archives/monster/nm/BlackShroud.html#Alux
notorious_monster,Bardi,elemen_item,Divining Hat,,8010130,3003,implemented_explicitly,,,eLeMeN NM page,http://elemen.sakura.ne.jp/ff14_dated_archives/monster/nm/Thanalan.html#Bardi
notorious_monster,Bardi,elemen_item,Steel Vambraces,,8070220,3003,implemented_explicitly,,,eLeMeN NM page,http://elemen.sakura.ne.jp/ff14_dated_archives/monster/nm/Thanalan.html#Bardi
notorious_monster,Bardi,server_item,Antelope Sinew,10007504,10007504,3003,implemented_explicitly,1,0.05,Data/sql/server_battlenpc_mob_types_loot.sql (local server enrichment; not an eLeMeN field),http://elemen.sakura.ne.jp/ff14_dated_archives/monster/nm/Thanalan.html#Bardi
notorious_monster,Bardi,server_item,Buffalo Hide,10007004,10007004,3003,implemented_explicitly,1,0.05,Data/sql/server_battlenpc_mob_types_loot.sql (local server enrichment; not an eLeMeN field),http://elemen.sakura.ne.jp/ff14_dated_archives/monster/nm/Thanalan.html#Bardi
notorious_monster,Bardi,server_item,Divining Hat,8010130,8010130,3003,implemented_explicitly,1,0.02,Data/sql/server_battlenpc_mob_types_loot.sql (local server enrichment; not an eLeMeN field),http://elemen.sakura.ne.jp/ff14_dated_archives/monster/nm/Thanalan.html#Bardi
notorious_monster,Bardi,server_item,Hippogryph Sinew,10007505,10007505,3003,implemented_explicitly,1,0.05,Data/sql/server_battlenpc_mob_types_loot.sql (local server enrichment; not an eLeMeN field),http://elemen.sakura.ne.jp/ff14_dated_archives/monster/nm/Thanalan.html#Bardi
notorious_monster,Bardi,server_item,Hyena Fang,10006011,10006011,3003,implemented_explicitly,1,0.05,Data/sql/server_battlenpc_mob_types_loot.sql (local server enrichment; not an eLeMeN field),http://elemen.sakura.ne.jp/ff14_dated_archives/monster/nm/Thanalan.html#Bardi
notorious_monster,Bardi,server_item,Dated Iron Mitt Gauntlets,8070603,8070603,3003,implemented_explicitly,1,0.02,Data/sql/server_battlenpc_mob_types_loot.sql (local server enrichment; not an eLeMeN field),http://elemen.sakura.ne.jp/ff14_dated_archives/monster/nm/Thanalan.html#Bardi
notorious_monster,Bardi,server_item,Dated Leather Subligar (Black),8050507,8050507,3003,implemented_explicitly,1,0.02,Data/sql/server_battlenpc_mob_types_loot.sql (local server enrichment; not an eLeMeN field),http://elemen.sakura.ne.jp/ff14_dated_archives/monster/nm/Thanalan.html#Bardi
notorious_monster,Bardi,server_item,Dated Leather Vambraces,8070208,8070208,3003,implemented_explicitly,1,0.02,Data/sql/server_battlenpc_mob_types_loot.sql (local server enrichment; not an eLeMeN field),http://elemen.sakura.ne.jp/ff14_dated_archives/monster/nm/Thanalan.html#Bardi
notorious_monster,Bardi,server_item,Prickly Pineapple,3011454,3011454,3003,implemented_explicitly,1,0.05,Data/sql/server_battlenpc_mob_types_loot.sql (local server enrichment; not an eLeMeN field),http://elemen.sakura.ne.jp/ff14_dated_archives/monster/nm/Thanalan.html#Bardi
notorious_monster,Bardi,server_item,Steel Vambraces,8070220,8070220,3003,implemented_explicitly,1,0.02,Data/sql/server_battlenpc_mob_types_loot.sql (local server enrichment; not an eLeMeN field),http://elemen.sakura.ne.jp/ff14_dated_archives/monster/nm/Thanalan.html#Bardi
notorious_monster,Bardi,server_item,Toadskin Armguards,8070913,8070913,3003,implemented_explicitly,1,0.02,Data/sql/server_battlenpc_mob_types_loot.sql (local server enrichment; not an eLeMeN field),http://elemen.sakura.ne.jp/ff14_dated_archives/monster/nm/Thanalan.html#Bardi
notorious_monster,Bardi,server_item,Dated Velveteen Chausses,8050315,8050315,3003,implemented_explicitly,1,0.02,Data/sql/server_battlenpc_mob_types_loot.sql (local server enrichment; not an eLeMeN field),http://elemen.sakura.ne.jp/ff14_dated_archives/monster/nm/Thanalan.html#Bardi
notorious_monster,Bardi,server_item,Velveteen Sarouel,8050712,8050712,3003,implemented_explicitly,1,0.02,Data/sql/server_battlenpc_mob_types_loot.sql (local server enrichment; not an eLeMeN field),http://elemen.sakura.ne.jp/ff14_dated_archives/monster/nm/Thanalan.html#Bardi
notorious_monster,Bardi,server_item,Velveteen Tights,8051018,8051018,3003,implemented_explicitly,1,0.02,Data/sql/server_battlenpc_mob_types_loot.sql (local server enrichment; not an eLeMeN field),http://elemen.sakura.ne.jp/ff14_dated_archives/monster/nm/Thanalan.html#Bardi
notorious_monster,Bardi,server_item,Wolf Fang,10006010,10006010,3003,implemented_explicitly,1,0.05,Data/sql/server_battlenpc_mob_types_loot.sql (local server enrichment; not an eLeMeN field),http://elemen.sakura.ne.jp/ff14_dated_archives/monster/nm/Thanalan.html#Bardi
notorious_monster,Bardi,server_item,Wolf Hide,10007007,10007007,3003,implemented_explicitly,1,0.05,Data/sql/server_battlenpc_mob_types_loot.sql (local server enrichment; not an eLeMeN field),http://elemen.sakura.ne.jp/ff14_dated_archives/monster/nm/Thanalan.html#Bardi
notorious_monster,Bardi,server_crystal,Lightning Shard,,1000007,3003,implemented_explicitly,1,0.07,Data/sql/server_battlenpc_mob_types_loot.sql (local server enrichment; not an eLeMeN field),http://elemen.sakura.ne.jp/ff14_dated_archives/monster/nm/Thanalan.html#Bardi
notorious_monster,Bardi,server_crystal,Lightning Crystal,,1000013,3003,implemented_explicitly,1,0.02,Data/sql/server_battlenpc_mob_types_loot.sql (local server enrichment; not an eLeMeN field),http://elemen.sakura.ne.jp/ff14_dated_archives/monster/nm/Thanalan.html#Bardi
notorious_monster,Barometz,elemen_item,Crimson Tide,,4080006,3004,implemented_explicitly,,,eLeMeN NM page,http://elemen.sakura.ne.jp/ff14_dated_archives/monster/nm/LaNoscea.html#Barometz
notorious_monster,Barometz,elemen_item,Steel Goggles,,8010210,3004,implemented_explicitly,,,eLeMeN NM page,http://elemen.sakura.ne.jp/ff14_dated_archives/monster/nm/LaNoscea.html#Barometz
notorious_monster,Barometz,elemen_item,Velveteen Wedge Cap,,8012716,3004,implemented_explicitly,,,eLeMeN NM page,http://elemen.sakura.ne.jp/ff14_dated_archives/monster/nm/LaNoscea.html#Barometz
notorious_monster,Barometz,elemen_item,Growth Formula Alpha,,10009206,3004,implemented_explicitly,,,eLeMeN NM page,http://elemen.sakura.ne.jp/ff14_dated_archives/monster/nm/LaNoscea.html#Barometz
notorious_monster,Barometz,elemen_item,Red Landtrap Leaf,,10009501,3004,implemented_explicitly,,,eLeMeN NM page,http://elemen.sakura.ne.jp/ff14_dated_archives/monster/nm/LaNoscea.html#Barometz
notorious_monster,Barometz,server_item,Dated Assault Sallet,8011602,8011602,3004,implemented_explicitly,1,0.02,Data/sql/server_battlenpc_mob_types_loot.sql (local server enrichment; not an eLeMeN field),http://elemen.sakura.ne.jp/ff14_dated_archives/monster/nm/LaNoscea.html#Barometz
notorious_monster,Barometz,server_item,Dated Brass Elmo,8011402,8011402,3004,implemented_explicitly,1,0.02,Data/sql/server_battlenpc_mob_types_loot.sql (local server enrichment; not an eLeMeN field),http://elemen.sakura.ne.jp/ff14_dated_archives/monster/nm/LaNoscea.html#Barometz
notorious_monster,Barometz,server_item,Dated Brass Preserves (Red),8010217,8010217,3004,implemented_explicitly,1,0.02,Data/sql/server_battlenpc_mob_types_loot.sql (local server enrichment; not an eLeMeN field),http://elemen.sakura.ne.jp/ff14_dated_archives/monster/nm/LaNoscea.html#Barometz
notorious_monster,Barometz,server_item,Dated Canvas Hat,8010105,8010105,3004,implemented_explicitly,1,0.02,Data/sql/server_battlenpc_mob_types_loot.sql (local server enrichment; not an eLeMeN field),http://elemen.sakura.ne.jp/ff14_dated_archives/monster/nm/LaNoscea.html#Barometz
notorious_monster,Barometz,server_item,Cloves,3011518,3011518,3004,implemented_explicitly,1,0.05,Data/sql/server_battlenpc_mob_types_loot.sql (local server enrichment; not an eLeMeN field),http://elemen.sakura.ne.jp/ff14_dated_archives/monster/nm/LaNoscea.html#Barometz
notorious_monster,Barometz,server_item,Cotton Boll,10005203,10005203,3004,implemented_explicitly,1,0.05,Data/sql/server_battlenpc_mob_types_loot.sql (local server enrichment; not an eLeMeN field),http://elemen.sakura.ne.jp/ff14_dated_archives/monster/nm/LaNoscea.html#Barometz
notorious_monster,Barometz,server_item,Crimson Tide,4080006,4080006,3004,implemented_explicitly,1,0.01,Data/sql/server_battlenpc_mob_types_loot.sql (local server enrichment; not an eLeMeN field),http://elemen.sakura.ne.jp/ff14_dated_archives/monster/nm/LaNoscea.html#Barometz
notorious_monster,Barometz,server_item,Dodo Skin,10007003,10007003,3004,implemented_explicitly,1,0.05,Data/sql/server_battlenpc_mob_types_loot.sql (local server enrichment; not an eLeMeN field),http://elemen.sakura.ne.jp/ff14_dated_archives/monster/nm/LaNoscea.html#Barometz
notorious_monster,Barometz,server_item,Flax,10005204,10005204,3004,implemented_explicitly,1,0.05,Data/sql/server_battlenpc_mob_types_loot.sql (local server enrichment; not an eLeMeN field),http://elemen.sakura.ne.jp/ff14_dated_archives/monster/nm/LaNoscea.html#Barometz
notorious_monster,Barometz,server_item,Growth Formula Alpha,10009206,10009206,3004,implemented_explicitly,1,0.05,Data/sql/server_battlenpc_mob_types_loot.sql (local server enrichment; not an eLeMeN field),http://elemen.sakura.ne.jp/ff14_dated_archives/monster/nm/LaNoscea.html#Barometz
notorious_monster,Barometz,server_item,Red Landtrap Leaf,10009501,10009501,3004,implemented_explicitly,1,0.05,Data/sql/server_battlenpc_mob_types_loot.sql (local server enrichment; not an eLeMeN field),http://elemen.sakura.ne.jp/ff14_dated_archives/monster/nm/LaNoscea.html#Barometz
notorious_monster,Barometz,server_item,Steel Goggles,8010210,8010210,3004,implemented_explicitly,1,0.02,Data/sql/server_battlenpc_mob_types_loot.sql (local server enrichment; not an eLeMeN field),http://elemen.sakura.ne.jp/ff14_dated_archives/monster/nm/LaNoscea.html#Barometz
notorious_monster,Barometz,server_item,Steel Sallet,8011607,8011607,3004,implemented_explicitly,1,0.02,Data/sql/server_battlenpc_mob_types_loot.sql (local server enrichment; not an eLeMeN field),http://elemen.sakura.ne.jp/ff14_dated_archives/monster/nm/LaNoscea.html#Barometz
notorious_monster,Barometz,server_item,Velveteen Bandana,8011016,8011016,3004,implemented_explicitly,1,0.02,Data/sql/server_battlenpc_mob_types_loot.sql (local server enrichment; not an eLeMeN field),http://elemen.sakura.ne.jp/ff14_dated_archives/monster/nm/LaNoscea.html#Barometz
notorious_monster,Barometz,server_item,Velveteen Wedge Cap,8012716,8012716,3004,implemented_explicitly,1,0.02,Data/sql/server_battlenpc_mob_types_loot.sql (local server enrichment; not an eLeMeN field),http://elemen.sakura.ne.jp/ff14_dated_archives/monster/nm/LaNoscea.html#Barometz
notorious_monster,Barometz,server_crystal,Wind Shard,,1000005,3004,implemented_explicitly,1,0.07,Data/sql/server_battlenpc_mob_types_loot.sql (local server enrichment; not an eLeMeN field),http://elemen.sakura.ne.jp/ff14_dated_archives/monster/nm/LaNoscea.html#Barometz
notorious_monster,Barometz,server_crystal,Wind Crystal,,1000011,3004,implemented_explicitly,1,0.02,Data/sql/server_battlenpc_mob_types_loot.sql (local server enrichment; not an eLeMeN field),http://elemen.sakura.ne.jp/ff14_dated_archives/monster/nm/LaNoscea.html#Barometz
notorious_monster,Bomb Baron,elemen_item,Flametongue,,4030404,3007,implemented_explicitly,,,eLeMeN NM page,http://elemen.sakura.ne.jp/ff14_dated_archives/monster/nm/LaNoscea.html#BombBaron
notorious_monster,Bomb Baron,server_item,Bomb Arm,3910007,3910007,3007,implemented_explicitly,1,0.05,Data/sql/server_battlenpc_mob_types_loot.sql (local server enrichment; not an eLeMeN field),http://elemen.sakura.ne.jp/ff14_dated_archives/monster/nm/LaNoscea.html#BombBaron
notorious_monster,Bomb Baron,server_item,Bomb Ash,10009112,10009112,3007,implemented_explicitly,1,0.05,Data/sql/server_battlenpc_mob_types_loot.sql (local server enrichment; not an eLeMeN field),http://elemen.sakura.ne.jp/ff14_dated_archives/monster/nm/LaNoscea.html#BombBaron
notorious_monster,Bomb Baron,server_item,Brimstone,10009101,10009101,3007,implemented_explicitly,1,0.05,Data/sql/server_battlenpc_mob_types_loot.sql (local server enrichment; not an eLeMeN field),http://elemen.sakura.ne.jp/ff14_dated_archives/monster/nm/LaNoscea.html#BombBaron
notorious_monster,Bomb Baron,server_item,Flametongue,4030404,4030404,3007,implemented_explicitly,1,0.01,Data/sql/server_battlenpc_mob_types_loot.sql (local server enrichment; not an eLeMeN field),http://elemen.sakura.ne.jp/ff14_dated_archives/monster/nm/LaNoscea.html#BombBaron
notorious_monster,Bomb Baron,server_item,Latex,10009306,10009306,3007,implemented_explicitly,1,0.05,Data/sql/server_battlenpc_mob_types_loot.sql (local server enrichment; not an eLeMeN field),http://elemen.sakura.ne.jp/ff14_dated_archives/monster/nm/LaNoscea.html#BombBaron
notorious_monster,Bomb Baron,server_item,Linen Hat,8010125,8010125,3007,implemented_explicitly,1,0.02,Data/sql/server_battlenpc_mob_types_loot.sql (local server enrichment; not an eLeMeN field),http://elemen.sakura.ne.jp/ff14_dated_archives/monster/nm/LaNoscea.html#BombBaron
notorious_monster,Bomb Baron,server_item,Steel Celata,8010005,8010005,3007,implemented_explicitly,1,0.02,Data/sql/server_battlenpc_mob_types_loot.sql (local server enrichment; not an eLeMeN field),http://elemen.sakura.ne.jp/ff14_dated_archives/monster/nm/LaNoscea.html#BombBaron
notorious_monster,Bomb Baron,server_item,Woolen Coif,8010526,8010526,3007,implemented_explicitly,1,0.02,Data/sql/server_battlenpc_mob_types_loot.sql (local server enrichment; not an eLeMeN field),http://elemen.sakura.ne.jp/ff14_dated_archives/monster/nm/LaNoscea.html#BombBaron
notorious_monster,Bomb Baron,server_crystal,Fire Shard,,1000003,3007,implemented_crystal_policy,1,0.07,Data/sql/server_battlenpc_mob_types_loot.sql (local server enrichment; not an eLeMeN field),http://elemen.sakura.ne.jp/ff14_dated_archives/monster/nm/LaNoscea.html#BombBaron
notorious_monster,Bomb Baron,server_crystal,Fire Crystal,,1000009,3007,implemented_crystal_policy,1,0.02,Data/sql/server_battlenpc_mob_types_loot.sql (local server enrichment; not an eLeMeN field),http://elemen.sakura.ne.jp/ff14_dated_archives/monster/nm/LaNoscea.html#BombBaron
notorious_monster,Buata,elemen_item,Coerthas Carrot,,3011309,3008,implemented_explicitly,,,eLeMeN NM page,http://elemen.sakura.ne.jp/ff14_dated_archives/monster/nm/BlackShroud.html#Buata
notorious_monster,Buata,elemen_item,Boar Hide,,10007018,3008,implemented_explicitly,,,eLeMeN NM page,http://elemen.sakura.ne.jp/ff14_dated_archives/monster/nm/BlackShroud.html#Buata
notorious_monster,Buata,elemen_item,Button Mushroom,,3011406,3008,implemented_explicitly,,,eLeMeN NM page,http://elemen.sakura.ne.jp/ff14_dated_archives/monster/nm/BlackShroud.html#Buata
notorious_monster,Buata,elemen_item,Popoto,,3011307,3008,implemented_explicitly,,,eLeMeN NM page,http://elemen.sakura.ne.jp/ff14_dated_archives/monster/nm/BlackShroud.html#Buata
notorious_monster,Buata,server_item,Boar Hide,10007018,10007018,3008,implemented_explicitly,1,0.05,Data/sql/server_battlenpc_mob_types_loot.sql (local server enrichment; not an eLeMeN field),http://elemen.sakura.ne.jp/ff14_dated_archives/monster/nm/BlackShroud.html#Buata
notorious_monster,Buata,server_item,Unmarked Keystone,10011153,10011153,3008,implemented_explicitly,1,0.03,Data/sql/server_battlenpc_mob_types_loot.sql (local server enrichment; not an eLeMeN field),http://elemen.sakura.ne.jp/ff14_dated_archives/monster/nm/BlackShroud.html#Buata
notorious_monster,Buata,server_crystal,Earth Shard,,1000006,3008,implemented_crystal_policy,1,0.07,Data/sql/server_battlenpc_mob_types_loot.sql (local server enrichment; not an eLeMeN field),http://elemen.sakura.ne.jp/ff14_dated_archives/monster/nm/BlackShroud.html#Buata
notorious_monster,Buata,server_crystal,Earth Crystal,,1000012,3008,implemented_crystal_policy,1,0.02,Data/sql/server_battlenpc_mob_types_loot.sql (local server enrichment; not an eLeMeN field),http://elemen.sakura.ne.jp/ff14_dated_archives/monster/nm/BlackShroud.html#Buata
notorious_monster,Cactuar Jack,elemen_item,Fists of the Sixth Sun,,4020204,3009,implemented_explicitly,,,eLeMeN NM page,http://elemen.sakura.ne.jp/ff14_dated_archives/monster/nm/Thanalan.html#CactuarJack
notorious_monster,Cactuar Jack,elemen_item,Conquistador Elmo,,8011403,3009,implemented_explicitly,,,eLeMeN NM page,http://elemen.sakura.ne.jp/ff14_dated_archives/monster/nm/Thanalan.html#CactuarJack
notorious_monster,Cactuar Jack,elemen_item,Alligator Pear,,3011459,3009,implemented_explicitly,,,eLeMeN NM page,http://elemen.sakura.ne.jp/ff14_dated_archives/monster/nm/Thanalan.html#CactuarJack
notorious_monster,Cactuar Jack,elemen_item,Wild Onion,,3011308,3009,implemented_explicitly,,,eLeMeN NM page,http://elemen.sakura.ne.jp/ff14_dated_archives/monster/nm/Thanalan.html#CactuarJack
notorious_monster,Cactuar Jack,server_item,Alligator Pear,3011459,3011459,3009,implemented_explicitly,1,0.05,Data/sql/server_battlenpc_mob_types_loot.sql (local server enrichment; not an eLeMeN field),http://elemen.sakura.ne.jp/ff14_dated_archives/monster/nm/Thanalan.html#CactuarJack
notorious_monster,Cactuar Jack,server_item,Aquamarine Bracelets,9010038,9010038,3009,implemented_explicitly,1,0.02,Data/sql/server_battlenpc_mob_types_loot.sql (local server enrichment; not an eLeMeN field),http://elemen.sakura.ne.jp/ff14_dated_archives/monster/nm/Thanalan.html#CactuarJack
notorious_monster,Cactuar Jack,server_item,Cactuar Needle,10006014,10006014,3009,implemented_explicitly,1,0.05,Data/sql/server_battlenpc_mob_types_loot.sql (local server enrichment; not an eLeMeN field),http://elemen.sakura.ne.jp/ff14_dated_archives/monster/nm/Thanalan.html#CactuarJack
notorious_monster,Cactuar Jack,server_item,Conquistador Elmo,8011403,8011403,3009,implemented_explicitly,1,0.02,Data/sql/server_battlenpc_mob_types_loot.sql (local server enrichment; not an eLeMeN field),http://elemen.sakura.ne.jp/ff14_dated_archives/monster/nm/Thanalan.html#CactuarJack
notorious_monster,Cactuar Jack,server_item,Fists of the Sixth Sun,4020204,4020204,3009,implemented_explicitly,1,0.01,Data/sql/server_battlenpc_mob_types_loot.sql (local server enrichment; not an eLeMeN field),http://elemen.sakura.ne.jp/ff14_dated_archives/monster/nm/Thanalan.html#CactuarJack
notorious_monster,Cactuar Jack,server_item,Garnet Bracelets,9010037,9010037,3009,implemented_explicitly,1,0.02,Data/sql/server_battlenpc_mob_types_loot.sql (local server enrichment; not an eLeMeN field),http://elemen.sakura.ne.jp/ff14_dated_archives/monster/nm/Thanalan.html#CactuarJack
notorious_monster,Cactuar Jack,server_item,Goshenite Bracelets,9010042,9010042,3009,implemented_explicitly,1,0.02,Data/sql/server_battlenpc_mob_types_loot.sql (local server enrichment; not an eLeMeN field),http://elemen.sakura.ne.jp/ff14_dated_archives/monster/nm/Thanalan.html#CactuarJack
notorious_monster,Cactuar Jack,server_item,Heliodor Bracelets,9010039,9010039,3009,implemented_explicitly,1,0.02,Data/sql/server_battlenpc_mob_types_loot.sql (local server enrichment; not an eLeMeN field),http://elemen.sakura.ne.jp/ff14_dated_archives/monster/nm/Thanalan.html#CactuarJack
notorious_monster,Cactuar Jack,server_item,Jade Peas,3011413,3011413,3009,implemented_explicitly,1,0.05,Data/sql/server_battlenpc_mob_types_loot.sql (local server enrichment; not an eLeMeN field),http://elemen.sakura.ne.jp/ff14_dated_archives/monster/nm/Thanalan.html#CactuarJack
notorious_monster,Cactuar Jack,server_item,Wild Onion,3011308,3011308,3009,implemented_explicitly,1,0.05,Data/sql/server_battlenpc_mob_types_loot.sql (local server enrichment; not an eLeMeN field),http://elemen.sakura.ne.jp/ff14_dated_archives/monster/nm/Thanalan.html#CactuarJack
notorious_monster,Cactuar Jack,server_crystal,Lightning Shard,,1000007,3009,implemented_explicitly,1,0.07,Data/sql/server_battlenpc_mob_types_loot.sql (local server enrichment; not an eLeMeN field),http://elemen.sakura.ne.jp/ff14_dated_archives/monster/nm/Thanalan.html#CactuarJack
notorious_monster,Cactuar Jack,server_crystal,Lightning Crystal,,1000013,3009,implemented_explicitly,1,0.02,Data/sql/server_battlenpc_mob_types_loot.sql (local server enrichment; not an eLeMeN field),http://elemen.sakura.ne.jp/ff14_dated_archives/monster/nm/Thanalan.html#CactuarJack
notorious_monster,Capricious Cassie,elemen_item,Silver Francisca,,3910204,3011,implemented_explicitly,,,eLeMeN NM page,http://elemen.sakura.ne.jp/ff14_dated_archives/monster/nm/BlackShroud.html#CapriciousCassie
notorious_monster,Capricious Cassie,elemen_item,Buffalo Hide,,10007004,3011,implemented_explicitly,,,eLeMeN NM page,http://elemen.sakura.ne.jp/ff14_dated_archives/monster/nm/BlackShroud.html#CapriciousCassie
notorious_monster,Capricious Cassie,server_item,Unmarked Keystone,10011153,10011153,3011,implemented_explicitly,1,0.03,Data/sql/server_battlenpc_mob_types_loot.sql (local server enrichment; not an eLeMeN field),http://elemen.sakura.ne.jp/ff14_dated_archives/monster/nm/BlackShroud.html#CapriciousCassie
notorious_monster,Capricious Cassie,server_crystal,Earth Shard,,1000006,3011,implemented_crystal_policy,1,0.07,Data/sql/server_battlenpc_mob_types_loot.sql (local server enrichment; not an eLeMeN field),http://elemen.sakura.ne.jp/ff14_dated_archives/monster/nm/BlackShroud.html#CapriciousCassie
notorious_monster,Capricious Cassie,server_crystal,Earth Crystal,,1000012,3011,implemented_crystal_policy,1,0.02,Data/sql/server_battlenpc_mob_types_loot.sql (local server enrichment; not an eLeMeN field),http://elemen.sakura.ne.jp/ff14_dated_archives/monster/nm/BlackShroud.html#CapriciousCassie
notorious_monster,Daddy Longlegs,elemen_item,Elmlord's Tusk,,4040203,3013,implemented_explicitly,,,eLeMeN NM page,http://elemen.sakura.ne.jp/ff14_dated_archives/monster/nm/Thanalan.html#DaddyLonglegs
notorious_monster,Daddy Longlegs,server_item,Blue Yarzon Leg,10006105,10006105,3013,implemented_explicitly,1,0.05,Data/sql/server_battlenpc_mob_types_loot.sql (local server enrichment; not an eLeMeN field),http://elemen.sakura.ne.jp/ff14_dated_archives/monster/nm/Thanalan.html#DaddyLonglegs
notorious_monster,Daddy Longlegs,server_item,Elmlord's Tusk,4040203,4040203,3013,implemented_explicitly,1,0.01,Data/sql/server_battlenpc_mob_types_loot.sql (local server enrichment; not an eLeMeN field),http://elemen.sakura.ne.jp/ff14_dated_archives/monster/nm/Thanalan.html#DaddyLonglegs
notorious_monster,Daddy Longlegs,server_item,Rothlyt Oyster,3011213,3011213,3013,implemented_explicitly,1,0.05,Data/sql/server_battlenpc_mob_types_loot.sql (local server enrichment; not an eLeMeN field),http://elemen.sakura.ne.jp/ff14_dated_archives/monster/nm/Thanalan.html#DaddyLonglegs
notorious_monster,Daddy Longlegs,server_item,Steel Vambraces,8070220,8070220,3013,implemented_explicitly,1,0.02,Data/sql/server_battlenpc_mob_types_loot.sql (local server enrichment; not an eLeMeN field),http://elemen.sakura.ne.jp/ff14_dated_archives/monster/nm/Thanalan.html#DaddyLonglegs
notorious_monster,Daddy Longlegs,server_item,Toadskin Armguards,8070913,8070913,3013,implemented_explicitly,1,0.02,Data/sql/server_battlenpc_mob_types_loot.sql (local server enrichment; not an eLeMeN field),http://elemen.sakura.ne.jp/ff14_dated_archives/monster/nm/Thanalan.html#DaddyLonglegs
notorious_monster,Daddy Longlegs,server_item,Velveteen Sarouel,8050712,8050712,3013,implemented_explicitly,1,0.02,Data/sql/server_battlenpc_mob_types_loot.sql (local server enrichment; not an eLeMeN field),http://elemen.sakura.ne.jp/ff14_dated_archives/monster/nm/Thanalan.html#DaddyLonglegs
notorious_monster,Daddy Longlegs,server_crystal,Ice Shard,,1000004,3013,implemented_explicitly,1,0.07,Data/sql/server_battlenpc_mob_types_loot.sql (local server enrichment; not an eLeMeN field),http://elemen.sakura.ne.jp/ff14_dated_archives/monster/nm/Thanalan.html#DaddyLonglegs
notorious_monster,Daddy Longlegs,server_crystal,Ice Crystal,,1000010,3013,implemented_explicitly,1,0.02,Data/sql/server_battlenpc_mob_types_loot.sql (local server enrichment; not an eLeMeN field),http://elemen.sakura.ne.jp/ff14_dated_archives/monster/nm/Thanalan.html#DaddyLonglegs
notorious_monster,Dodore,elemen_item,Dodore Wing,,10009602,3017,implemented_explicitly,,,eLeMeN NM page,http://elemen.sakura.ne.jp/ff14_dated_archives/monster/nm/MorDhona.html#Dodore
notorious_monster,Dodore,server_item,Chocobo Feather,10005410,10005410,3017,implemented_explicitly,1,0.05,Data/sql/server_battlenpc_mob_types_loot.sql (local server enrichment; not an eLeMeN field),http://elemen.sakura.ne.jp/ff14_dated_archives/monster/nm/MorDhona.html#Dodore
notorious_monster,Dodore,server_item,Dodore Wing,10009602,10009602,3017,implemented_explicitly,1,0.03,Data/sql/server_battlenpc_mob_types_loot.sql (local server enrichment; not an eLeMeN field),http://elemen.sakura.ne.jp/ff14_dated_archives/monster/nm/MorDhona.html#Dodore
notorious_monster,Dodore,server_item,Vampire Plant,10009612,10009612,3017,implemented_explicitly,1,0.05,Data/sql/server_battlenpc_mob_types_loot.sql (local server enrichment; not an eLeMeN field),http://elemen.sakura.ne.jp/ff14_dated_archives/monster/nm/MorDhona.html#Dodore
notorious_monster,Dodore,server_item,Wyvern Obsidian,10001103,10001103,3017,implemented_explicitly,1,0.05,Data/sql/server_battlenpc_mob_types_loot.sql (local server enrichment; not an eLeMeN field),http://elemen.sakura.ne.jp/ff14_dated_archives/monster/nm/MorDhona.html#Dodore
notorious_monster,Dodore,server_crystal,Earth Shard,,1000006,3017,implemented_explicitly,1,0.07,Data/sql/server_battlenpc_mob_types_loot.sql (local server enrichment; not an eLeMeN field),http://elemen.sakura.ne.jp/ff14_dated_archives/monster/nm/MorDhona.html#Dodore
notorious_monster,Dodore,server_crystal,Earth Crystal,,1000012,3017,implemented_explicitly,1,0.02,Data/sql/server_battlenpc_mob_types_loot.sql (local server enrichment; not an eLeMeN field),http://elemen.sakura.ne.jp/ff14_dated_archives/monster/nm/MorDhona.html#Dodore
notorious_monster,Downy Dunstan,elemen_item,Loyalist's Bliaud,,8032301,3019,implemented_explicitly,,,eLeMeN NM page,http://elemen.sakura.ne.jp/ff14_dated_archives/monster/nm/Coerthas.html#DownyDunstan
notorious_monster,Downy Dunstan,elemen_item,Karakul Fleece,,10005504,3019,implemented_explicitly,,,eLeMeN NM page,http://elemen.sakura.ne.jp/ff14_dated_archives/monster/nm/Coerthas.html#DownyDunstan
notorious_monster,Downy Dunstan,elemen_item,Mutton Loin,,3011005;12000122,3019,implemented_explicitly,,,eLeMeN NM page,http://elemen.sakura.ne.jp/ff14_dated_archives/monster/nm/Coerthas.html#DownyDunstan
notorious_monster,Downy Dunstan,elemen_item,Ram Horn,,10006118,3019,implemented_explicitly,,,eLeMeN NM page,http://elemen.sakura.ne.jp/ff14_dated_archives/monster/nm/Coerthas.html#DownyDunstan
notorious_monster,Downy Dunstan,server_crystal,Wind Shard,,1000005,3019,implemented_crystal_policy,1,0.07,Data/sql/server_battlenpc_mob_types_loot.sql (local server enrichment; not an eLeMeN field),http://elemen.sakura.ne.jp/ff14_dated_archives/monster/nm/Coerthas.html#DownyDunstan
notorious_monster,Downy Dunstan,server_crystal,Wind Crystal,,1000011,3019,implemented_crystal_policy,1,0.02,Data/sql/server_battlenpc_mob_types_loot.sql (local server enrichment; not an eLeMeN field),http://elemen.sakura.ne.jp/ff14_dated_archives/monster/nm/Coerthas.html#DownyDunstan
notorious_monster,Elder Mosshorn,elemen_item,Mossy Horn,,10006119,3021,implemented_explicitly,,,eLeMeN NM page,http://elemen.sakura.ne.jp/ff14_dated_archives/monster/nm/Thanalan.html#ElderMosshorn
notorious_monster,Elder Mosshorn,server_crystal,Earth Shard,,1000006,3021,implemented_explicitly,1,0.07,Data/sql/server_battlenpc_mob_types_loot.sql (local server enrichment; not an eLeMeN field),http://elemen.sakura.ne.jp/ff14_dated_archives/monster/nm/Thanalan.html#ElderMosshorn
notorious_monster,Elder Mosshorn,server_crystal,Earth Crystal,,1000012,3021,implemented_explicitly,1,0.02,Data/sql/server_battlenpc_mob_types_loot.sql (local server enrichment; not an eLeMeN field),http://elemen.sakura.ne.jp/ff14_dated_archives/monster/nm/Thanalan.html#ElderMosshorn
notorious_monster,Flamefist Ahlygg Roh,elemen_item,Gold Zahar'ak Coffer Key,,10011139,3052,implemented_explicitly,,,eLeMeN NM page,http://elemen.sakura.ne.jp/ff14_dated_archives/monster/nm/Thanalan.html#FlamefistAhlyggRoh
notorious_monster,Flamefist Ahlygg Roh,server_item,Buffalo Sirloin,3011002,3011002,3052,implemented_explicitly,1,0.05,Data/sql/server_battlenpc_mob_types_loot.sql (local server enrichment; not an eLeMeN field),http://elemen.sakura.ne.jp/ff14_dated_archives/monster/nm/Thanalan.html#FlamefistAhlyggRoh
notorious_monster,Flamefist Ahlygg Roh,server_item,Darksteel Amalj'ok,10011115,10011115,3052,implemented_explicitly,1,0.03,Data/sql/server_battlenpc_mob_types_loot.sql (local server enrichment; not an eLeMeN field),http://elemen.sakura.ne.jp/ff14_dated_archives/monster/nm/Thanalan.html#FlamefistAhlyggRoh
notorious_monster,Flamefist Ahlygg Roh,server_item,Gold Zahar'ak Coffer Key,10011139,10011139,3052,implemented_explicitly,1,0.03,Data/sql/server_battlenpc_mob_types_loot.sql (local server enrichment; not an eLeMeN field),http://elemen.sakura.ne.jp/ff14_dated_archives/monster/nm/Thanalan.html#FlamefistAhlyggRoh
notorious_monster,Flamefist Ahlygg Roh,server_item,Inferno Lamp,11000351,11000351,3052,implemented_explicitly,1,1.0,Data/sql/server_battlenpc_mob_types_loot.sql (local server enrichment; not an eLeMeN field),http://elemen.sakura.ne.jp/ff14_dated_archives/monster/nm/Thanalan.html#FlamefistAhlyggRoh
notorious_monster,Flamefist Ahlygg Roh,server_item,Inferno Taper,10011126,10011126,3052,implemented_explicitly,1,0.05,Data/sql/server_battlenpc_mob_types_loot.sql (local server enrichment; not an eLeMeN field),http://elemen.sakura.ne.jp/ff14_dated_archives/monster/nm/Thanalan.html#FlamefistAhlyggRoh
notorious_monster,Flamefist Ahlygg Roh,server_item,Sagolii Sage,3011510,3011510,3052,implemented_explicitly,1,0.05,Data/sql/server_battlenpc_mob_types_loot.sql (local server enrichment; not an eLeMeN field),http://elemen.sakura.ne.jp/ff14_dated_archives/monster/nm/Thanalan.html#FlamefistAhlyggRoh
notorious_monster,Flamefist Ahlygg Roh,server_item,Thanalan Tea Leaves,3011521,3011521,3052,implemented_explicitly,1,0.05,Data/sql/server_battlenpc_mob_types_loot.sql (local server enrichment; not an eLeMeN field),http://elemen.sakura.ne.jp/ff14_dated_archives/monster/nm/Thanalan.html#FlamefistAhlyggRoh
notorious_monster,Flamefist Ahlygg Roh,server_crystal,Fire Shard,,1000003,3052,implemented_crystal_policy,1,0.07,Data/sql/server_battlenpc_mob_types_loot.sql (local server enrichment; not an eLeMeN field),http://elemen.sakura.ne.jp/ff14_dated_archives/monster/nm/Thanalan.html#FlamefistAhlyggRoh
notorious_monster,Flamefist Ahlygg Roh,server_crystal,Fire Crystal,,1000009,3052,implemented_crystal_policy,1,0.02,Data/sql/server_battlenpc_mob_types_loot.sql (local server enrichment; not an eLeMeN field),http://elemen.sakura.ne.jp/ff14_dated_archives/monster/nm/Thanalan.html#FlamefistAhlyggRoh
notorious_monster,Giant Remora,elemen_item,Orobon Liver,,3011010,3042,implemented_explicitly,,,eLeMeN NM page,http://elemen.sakura.ne.jp/ff14_dated_archives/monster/nm/LaNoscea.html#GiantRemora
notorious_monster,Giant Remora,server_item,Black Sole,3011207,3011207,3042,implemented_explicitly,1,0.05,Data/sql/server_battlenpc_mob_types_loot.sql (local server enrichment; not an eLeMeN field),http://elemen.sakura.ne.jp/ff14_dated_archives/monster/nm/LaNoscea.html#GiantRemora
notorious_monster,Giant Remora,server_item,Blue Coral,10006109,10006109,3042,implemented_explicitly,1,0.05,Data/sql/server_battlenpc_mob_types_loot.sql (local server enrichment; not an eLeMeN field),http://elemen.sakura.ne.jp/ff14_dated_archives/monster/nm/LaNoscea.html#GiantRemora
notorious_monster,Giant Remora,server_item,Jellyfish Umbrella,3011011,3011011,3042,implemented_explicitly,1,0.05,Data/sql/server_battlenpc_mob_types_loot.sql (local server enrichment; not an eLeMeN field),http://elemen.sakura.ne.jp/ff14_dated_archives/monster/nm/LaNoscea.html#GiantRemora
notorious_monster,Giant Remora,server_item,Marmot Pelt,10007012,10007012,3042,implemented_explicitly,1,0.05,Data/sql/server_battlenpc_mob_types_loot.sql (local server enrichment; not an eLeMeN field),http://elemen.sakura.ne.jp/ff14_dated_archives/monster/nm/LaNoscea.html#GiantRemora
notorious_monster,Giant Remora,server_item,Orobon Liver,3011010,3011010,3042,implemented_explicitly,1,0.05,Data/sql/server_battlenpc_mob_types_loot.sql (local server enrichment; not an eLeMeN field),http://elemen.sakura.ne.jp/ff14_dated_archives/monster/nm/LaNoscea.html#GiantRemora
notorious_monster,Giant Remora,server_item,Pirate's Bandana,8011019,8011019,3042,implemented_explicitly,1,0.02,Data/sql/server_battlenpc_mob_types_loot.sql (local server enrichment; not an eLeMeN field),http://elemen.sakura.ne.jp/ff14_dated_archives/monster/nm/LaNoscea.html#GiantRemora
notorious_monster,Giant Remora,server_crystal,Water Shard,,1000008,3042,implemented_crystal_policy,1,0.07,Data/sql/server_battlenpc_mob_types_loot.sql (local server enrichment; not an eLeMeN field),http://elemen.sakura.ne.jp/ff14_dated_archives/monster/nm/LaNoscea.html#GiantRemora
notorious_monster,Giant Remora,server_crystal,Water Crystal,,1000014,3042,implemented_crystal_policy,1,0.02,Data/sql/server_battlenpc_mob_types_loot.sql (local server enrichment; not an eLeMeN field),http://elemen.sakura.ne.jp/ff14_dated_archives/monster/nm/LaNoscea.html#GiantRemora
notorious_monster,Gluttonous Gertrude,elemen_item,Shield of the Savage,,4100603,3043,implemented_explicitly,,,eLeMeN NM page,http://elemen.sakura.ne.jp/ff14_dated_archives/monster/nm/LaNoscea.html#GluttonousGertrude
notorious_monster,Gluttonous Gertrude,server_item,Dodo Egg,3011017,3011017,3043,implemented_explicitly,1,0.05,Data/sql/server_battlenpc_mob_types_loot.sql (local server enrichment; not an eLeMeN field),http://elemen.sakura.ne.jp/ff14_dated_archives/monster/nm/LaNoscea.html#GluttonousGertrude
notorious_monster,Gluttonous Gertrude,server_item,Dodo Feather,10005402,10005402,3043,implemented_explicitly,1,0.05,Data/sql/server_battlenpc_mob_types_loot.sql (local server enrichment; not an eLeMeN field),http://elemen.sakura.ne.jp/ff14_dated_archives/monster/nm/LaNoscea.html#GluttonousGertrude
notorious_monster,Gluttonous Gertrude,server_item,Dodo Skin,10007003,10007003,3043,implemented_explicitly,1,0.05,Data/sql/server_battlenpc_mob_types_loot.sql (local server enrichment; not an eLeMeN field),http://elemen.sakura.ne.jp/ff14_dated_archives/monster/nm/LaNoscea.html#GluttonousGertrude
notorious_monster,Gluttonous Gertrude,server_item,Dodo Tenderloin,3011003,3011003,3043,implemented_explicitly,1,0.05,Data/sql/server_battlenpc_mob_types_loot.sql (local server enrichment; not an eLeMeN field),http://elemen.sakura.ne.jp/ff14_dated_archives/monster/nm/LaNoscea.html#GluttonousGertrude
notorious_monster,Gluttonous Gertrude,server_item,Dated Iron Barbut,8011103,8011103,3043,implemented_explicitly,1,0.02,Data/sql/server_battlenpc_mob_types_loot.sql (local server enrichment; not an eLeMeN field),http://elemen.sakura.ne.jp/ff14_dated_archives/monster/nm/LaNoscea.html#GluttonousGertrude
notorious_monster,Gluttonous Gertrude,server_item,Linen Hat,8010125,8010125,3043,implemented_explicitly,1,0.02,Data/sql/server_battlenpc_mob_types_loot.sql (local server enrichment; not an eLeMeN field),http://elemen.sakura.ne.jp/ff14_dated_archives/monster/nm/LaNoscea.html#GluttonousGertrude
notorious_monster,Gluttonous Gertrude,server_item,Salt Leek,3011304,3011304,3043,implemented_explicitly,1,0.05,Data/sql/server_battlenpc_mob_types_loot.sql (local server enrichment; not an eLeMeN field),http://elemen.sakura.ne.jp/ff14_dated_archives/monster/nm/LaNoscea.html#GluttonousGertrude
notorious_monster,Gluttonous Gertrude,server_item,Shield of the Savage,4100603,4100603,3043,implemented_explicitly,1,0.01,Data/sql/server_battlenpc_mob_types_loot.sql (local server enrichment; not an eLeMeN field),http://elemen.sakura.ne.jp/ff14_dated_archives/monster/nm/LaNoscea.html#GluttonousGertrude
notorious_monster,Gluttonous Gertrude,server_item,Steel Celata,8010005,8010005,3043,implemented_explicitly,1,0.02,Data/sql/server_battlenpc_mob_types_loot.sql (local server enrichment; not an eLeMeN field),http://elemen.sakura.ne.jp/ff14_dated_archives/monster/nm/LaNoscea.html#GluttonousGertrude
notorious_monster,Gluttonous Gertrude,server_item,Dated Velveteen Beret,8010615,8010615,3043,implemented_explicitly,1,0.02,Data/sql/server_battlenpc_mob_types_loot.sql (local server enrichment; not an eLeMeN field),http://elemen.sakura.ne.jp/ff14_dated_archives/monster/nm/LaNoscea.html#GluttonousGertrude
notorious_monster,Gluttonous Gertrude,server_item,Dated Velveteen Coif,8010515,8010515,3043,implemented_explicitly,1,0.02,Data/sql/server_battlenpc_mob_types_loot.sql (local server enrichment; not an eLeMeN field),http://elemen.sakura.ne.jp/ff14_dated_archives/monster/nm/LaNoscea.html#GluttonousGertrude
notorious_monster,Gluttonous Gertrude,server_item,Dated Velveteen Scarf,8011810,8011810,3043,implemented_explicitly,1,0.02,Data/sql/server_battlenpc_mob_types_loot.sql (local server enrichment; not an eLeMeN field),http://elemen.sakura.ne.jp/ff14_dated_archives/monster/nm/LaNoscea.html#GluttonousGertrude
notorious_monster,Gluttonous Gertrude,server_crystal,Wind Shard,,1000005,3043,implemented_explicitly,1,0.07,Data/sql/server_battlenpc_mob_types_loot.sql (local server enrichment; not an eLeMeN field),http://elemen.sakura.ne.jp/ff14_dated_archives/monster/nm/LaNoscea.html#GluttonousGertrude
notorious_monster,Gluttonous Gertrude,server_crystal,Wind Crystal,,1000011,3043,implemented_explicitly,1,0.02,Data/sql/server_battlenpc_mob_types_loot.sql (local server enrichment; not an eLeMeN field),http://elemen.sakura.ne.jp/ff14_dated_archives/monster/nm/LaNoscea.html#GluttonousGertrude
notorious_monster,Great Buffalo,elemen_item,Buffalo Horn,,10006120,3045,implemented_explicitly,,,eLeMeN NM page,http://elemen.sakura.ne.jp/ff14_dated_archives/monster/nm/LaNoscea.html#GreatBuffalo
notorious_monster,Great Buffalo,elemen_item,Bloody Bardiche Head,,10300046,3045,implemented_explicitly,,,eLeMeN NM page,http://elemen.sakura.ne.jp/ff14_dated_archives/monster/nm/LaNoscea.html#GreatBuffalo
notorious_monster,Great Buffalo,elemen_item,Bloody Lance Head,,10300045,3045,implemented_explicitly,,,eLeMeN NM page,http://elemen.sakura.ne.jp/ff14_dated_archives/monster/nm/LaNoscea.html#GreatBuffalo
notorious_monster,Great Buffalo,server_item,Bloody Bardiche Head,10300046,10300046,3045,implemented_explicitly,1,0.03,Data/sql/server_battlenpc_mob_types_loot.sql (local server enrichment; not an eLeMeN field),http://elemen.sakura.ne.jp/ff14_dated_archives/monster/nm/LaNoscea.html#GreatBuffalo
notorious_monster,Great Buffalo,server_item,Bloody Lance Head,10300045,10300045,3045,implemented_explicitly,1,0.03,Data/sql/server_battlenpc_mob_types_loot.sql (local server enrichment; not an eLeMeN field),http://elemen.sakura.ne.jp/ff14_dated_archives/monster/nm/LaNoscea.html#GreatBuffalo
notorious_monster,Great Buffalo,server_item,Buffalo Horn,10006120,10006120,3045,implemented_explicitly,1,0.05,Data/sql/server_battlenpc_mob_types_loot.sql (local server enrichment; not an eLeMeN field),http://elemen.sakura.ne.jp/ff14_dated_archives/monster/nm/LaNoscea.html#GreatBuffalo
notorious_monster,Great Buffalo,server_crystal,Earth Shard,,1000006,3045,implemented_explicitly,1,0.07,Data/sql/server_battlenpc_mob_types_loot.sql (local server enrichment; not an eLeMeN field),http://elemen.sakura.ne.jp/ff14_dated_archives/monster/nm/LaNoscea.html#GreatBuffalo
notorious_monster,Great Buffalo,server_crystal,Earth Crystal,,1000012,3045,implemented_explicitly,1,0.02,Data/sql/server_battlenpc_mob_types_loot.sql (local server enrichment; not an eLeMeN field),http://elemen.sakura.ne.jp/ff14_dated_archives/monster/nm/LaNoscea.html#GreatBuffalo
notorious_monster,Great Oak,server_item,Unmarked Keystone,10011153,10011153,3047,implemented_explicitly,1,0.03,Data/sql/server_battlenpc_mob_types_loot.sql (local server enrichment; not an eLeMeN field),http://elemen.sakura.ne.jp/ff14_dated_archives/monster/nm/BlackShroud.html#GreatOak
notorious_monster,Great Oak,server_crystal,Earth Shard,,1000006,3047,implemented_crystal_policy,1,0.07,Data/sql/server_battlenpc_mob_types_loot.sql (local server enrichment; not an eLeMeN field),http://elemen.sakura.ne.jp/ff14_dated_archives/monster/nm/BlackShroud.html#GreatOak
notorious_monster,Great Oak,server_crystal,Earth Crystal,,1000012,3047,implemented_crystal_policy,1,0.02,Data/sql/server_battlenpc_mob_types_loot.sql (local server enrichment; not an eLeMeN field),http://elemen.sakura.ne.jp/ff14_dated_archives/monster/nm/BlackShroud.html#GreatOak
notorious_monster,Haughtpox Bloatbelly,elemen_item,Broken Aeolian Scimitar,,10303305,3054,implemented_explicitly,,,eLeMeN NM page,http://elemen.sakura.ne.jp/ff14_dated_archives/monster/nm/BlackShroud.html#HaughtpoxBloatbelly
notorious_monster,Haughtpox Bloatbelly,elemen_item,Gold Gobcog,,10011124,3054,implemented_explicitly,,,eLeMeN NM page,http://elemen.sakura.ne.jp/ff14_dated_archives/monster/nm/BlackShroud.html#HaughtpoxBloatbelly
notorious_monster,Haughtpox Bloatbelly,server_item,Broken Aeolian Scimitar,10303305,10303305,3054,implemented_explicitly,1,0.03,Data/sql/server_battlenpc_mob_types_loot.sql (local server enrichment; not an eLeMeN field),http://elemen.sakura.ne.jp/ff14_dated_archives/monster/nm/BlackShroud.html#HaughtpoxBloatbelly
notorious_monster,Haughtpox Bloatbelly,server_item,Gold Gobcog,10011124,10011124,3054,implemented_explicitly,1,0.05,Data/sql/server_battlenpc_mob_types_loot.sql (local server enrichment; not an eLeMeN field),http://elemen.sakura.ne.jp/ff14_dated_archives/monster/nm/BlackShroud.html#HaughtpoxBloatbelly
notorious_monster,Haughtpox Bloatbelly,server_item,Moko Grass,10005202,10005202,3054,implemented_explicitly,1,0.05,Data/sql/server_battlenpc_mob_types_loot.sql (local server enrichment; not an eLeMeN field),http://elemen.sakura.ne.jp/ff14_dated_archives/monster/nm/BlackShroud.html#HaughtpoxBloatbelly
notorious_monster,Haughtpox Bloatbelly,server_item,Silver Gobcog,10011123,10011123,3054,implemented_explicitly,1,0.05,Data/sql/server_battlenpc_mob_types_loot.sql (local server enrichment; not an eLeMeN field),http://elemen.sakura.ne.jp/ff14_dated_archives/monster/nm/BlackShroud.html#HaughtpoxBloatbelly
notorious_monster,Haughtpox Bloatbelly,server_item,White Scorpion,10009607,10009607,3054,implemented_explicitly,1,0.05,Data/sql/server_battlenpc_mob_types_loot.sql (local server enrichment; not an eLeMeN field),http://elemen.sakura.ne.jp/ff14_dated_archives/monster/nm/BlackShroud.html#HaughtpoxBloatbelly
notorious_monster,Haughtpox Bloatbelly,server_crystal,Fire Shard,,1000003,3054,implemented_explicitly,1,0.07,Data/sql/server_battlenpc_mob_types_loot.sql (local server enrichment; not an eLeMeN field),http://elemen.sakura.ne.jp/ff14_dated_archives/monster/nm/BlackShroud.html#HaughtpoxBloatbelly
notorious_monster,Haughtpox Bloatbelly,server_crystal,Fire Crystal,,1000009,3054,implemented_explicitly,1,0.02,Data/sql/server_battlenpc_mob_types_loot.sql (local server enrichment; not an eLeMeN field),http://elemen.sakura.ne.jp/ff14_dated_archives/monster/nm/BlackShroud.html#HaughtpoxBloatbelly
notorious_monster,Jackanapes,elemen_item,Bow of Owls,,4070007,3063,implemented_explicitly,,,eLeMeN NM page,http://elemen.sakura.ne.jp/ff14_dated_archives/monster/nm/BlackShroud.html#Jackanapes
notorious_monster,Jackanapes,elemen_item,Toadskin Jacket,,8030922,3063,implemented_explicitly,,,eLeMeN NM page,http://elemen.sakura.ne.jp/ff14_dated_archives/monster/nm/BlackShroud.html#Jackanapes
notorious_monster,Jackanapes,elemen_item,Jade Peas,,3011413,3063,implemented_explicitly,,,eLeMeN NM page,http://elemen.sakura.ne.jp/ff14_dated_archives/monster/nm/BlackShroud.html#Jackanapes
notorious_monster,Jackanapes,elemen_item,Ramhorn Zucchini,,3011313,3063,implemented_explicitly,,,eLeMeN NM page,http://elemen.sakura.ne.jp/ff14_dated_archives/monster/nm/BlackShroud.html#Jackanapes
notorious_monster,Jackanapes,server_item,Alligator Pear,3011459,3011459,3063,implemented_explicitly,1,0.05,Data/sql/server_battlenpc_mob_types_loot.sql (local server enrichment; not an eLeMeN field),http://elemen.sakura.ne.jp/ff14_dated_archives/monster/nm/BlackShroud.html#Jackanapes
notorious_monster,Jackanapes,server_item,Bow of Owls,4070007,4070007,3063,implemented_explicitly,1,0.01,Data/sql/server_battlenpc_mob_types_loot.sql (local server enrichment; not an eLeMeN field),http://elemen.sakura.ne.jp/ff14_dated_archives/monster/nm/BlackShroud.html#Jackanapes
notorious_monster,Jackanapes,server_item,Chicken Breast,3011008,3011008,3063,implemented_explicitly,1,0.05,Data/sql/server_battlenpc_mob_types_loot.sql (local server enrichment; not an eLeMeN field),http://elemen.sakura.ne.jp/ff14_dated_archives/monster/nm/BlackShroud.html#Jackanapes
notorious_monster,Jackanapes,server_item,Dated Canvas Acton (Auburn),8030809,8030809,3063,implemented_explicitly,1,0.02,Data/sql/server_battlenpc_mob_types_loot.sql (local server enrichment; not an eLeMeN field),http://elemen.sakura.ne.jp/ff14_dated_archives/monster/nm/BlackShroud.html#Jackanapes
notorious_monster,Jackanapes,server_item,Dated Canvas Tabard,8031110,8031110,3063,implemented_explicitly,1,0.02,Data/sql/server_battlenpc_mob_types_loot.sql (local server enrichment; not an eLeMeN field),http://elemen.sakura.ne.jp/ff14_dated_archives/monster/nm/BlackShroud.html#Jackanapes
notorious_monster,Jackanapes,server_item,Dated Cotton Halfrobe,8031405,8031405,3063,implemented_explicitly,1,0.02,Data/sql/server_battlenpc_mob_types_loot.sql (local server enrichment; not an eLeMeN field),http://elemen.sakura.ne.jp/ff14_dated_archives/monster/nm/BlackShroud.html#Jackanapes
notorious_monster,Jackanapes,server_item,Dated Leather Jacket (Black),8030904,8030904,3063,implemented_explicitly,1,0.02,Data/sql/server_battlenpc_mob_types_loot.sql (local server enrichment; not an eLeMeN field),http://elemen.sakura.ne.jp/ff14_dated_archives/monster/nm/BlackShroud.html#Jackanapes
notorious_monster,Jackanapes,server_item,Dated Tracker's Tunic,8030610,8030610,3063,implemented_explicitly,1,0.02,Data/sql/server_battlenpc_mob_types_loot.sql (local server enrichment; not an eLeMeN field),http://elemen.sakura.ne.jp/ff14_dated_archives/monster/nm/BlackShroud.html#Jackanapes
notorious_monster,Jackanapes,server_item,Dated Velveteen Shirt,8030711,8030711,3063,implemented_explicitly,1,0.02,Data/sql/server_battlenpc_mob_types_loot.sql (local server enrichment; not an eLeMeN field),http://elemen.sakura.ne.jp/ff14_dated_archives/monster/nm/BlackShroud.html#Jackanapes
notorious_monster,Jackanapes,server_item,Faerie Apple,3011455,3011455,3063,implemented_explicitly,1,0.05,Data/sql/server_battlenpc_mob_types_loot.sql (local server enrichment; not an eLeMeN field),http://elemen.sakura.ne.jp/ff14_dated_archives/monster/nm/BlackShroud.html#Jackanapes
notorious_monster,Jackanapes,server_item,Galago Mint,3011520,3011520,3063,implemented_explicitly,1,0.05,Data/sql/server_battlenpc_mob_types_loot.sql (local server enrichment; not an eLeMeN field),http://elemen.sakura.ne.jp/ff14_dated_archives/monster/nm/BlackShroud.html#Jackanapes
notorious_monster,Jackanapes,server_item,Gridanian Chestnut,3011402,3011402,3063,implemented_explicitly,1,0.05,Data/sql/server_battlenpc_mob_types_loot.sql (local server enrichment; not an eLeMeN field),http://elemen.sakura.ne.jp/ff14_dated_archives/monster/nm/BlackShroud.html#Jackanapes
notorious_monster,Jackanapes,server_item,Jade Peas,3011413,3011413,3063,implemented_explicitly,1,0.05,Data/sql/server_battlenpc_mob_types_loot.sql (local server enrichment; not an eLeMeN field),http://elemen.sakura.ne.jp/ff14_dated_archives/monster/nm/BlackShroud.html#Jackanapes
notorious_monster,Jackanapes,server_item,Lalafellin Lentil,3011414,3011414,3063,implemented_explicitly,1,0.05,Data/sql/server_battlenpc_mob_types_loot.sql (local server enrichment; not an eLeMeN field),http://elemen.sakura.ne.jp/ff14_dated_archives/monster/nm/BlackShroud.html#Jackanapes
notorious_monster,Jackanapes,server_item,Ramhorn Zucchini,3011313,3011313,3063,implemented_explicitly,1,0.05,Data/sql/server_battlenpc_mob_types_loot.sql (local server enrichment; not an eLeMeN field),http://elemen.sakura.ne.jp/ff14_dated_archives/monster/nm/BlackShroud.html#Jackanapes
notorious_monster,Jackanapes,server_item,Toadskin Jacket,8030922,8030922,3063,implemented_explicitly,1,0.02,Data/sql/server_battlenpc_mob_types_loot.sql (local server enrichment; not an eLeMeN field),http://elemen.sakura.ne.jp/ff14_dated_archives/monster/nm/BlackShroud.html#Jackanapes
notorious_monster,Jackanapes,server_crystal,Fire Shard,,1000003,3063,implemented_explicitly,1,0.07,Data/sql/server_battlenpc_mob_types_loot.sql (local server enrichment; not an eLeMeN field),http://elemen.sakura.ne.jp/ff14_dated_archives/monster/nm/BlackShroud.html#Jackanapes
notorious_monster,Jackanapes,server_crystal,Fire Crystal,,1000009,3063,implemented_explicitly,1,0.02,Data/sql/server_battlenpc_mob_types_loot.sql (local server enrichment; not an eLeMeN field),http://elemen.sakura.ne.jp/ff14_dated_archives/monster/nm/BlackShroud.html#Jackanapes
notorious_monster,Kokoroon Quickfingers,elemen_item,Kokoroon's Nestpicker,,4070209,3065,implemented_explicitly,,,eLeMeN NM page,http://elemen.sakura.ne.jp/ff14_dated_archives/monster/nm/Thanalan.html#KokoroonQuickfingers
notorious_monster,Kokoroon Quickfingers,elemen_item,Kokoroon's Darkshell Mail,,8031607,3065,implemented_explicitly,,,eLeMeN NM page,http://elemen.sakura.ne.jp/ff14_dated_archives/monster/nm/Thanalan.html#KokoroonQuickfingers
notorious_monster,Kokoroon Quickfingers,server_item,Amethyst Earrings,9030036,9030036,3065,implemented_explicitly,1,0.02,Data/sql/server_battlenpc_mob_types_loot.sql (local server enrichment; not an eLeMeN field),http://elemen.sakura.ne.jp/ff14_dated_archives/monster/nm/Thanalan.html#KokoroonQuickfingers
notorious_monster,Kokoroon Quickfingers,server_item,Aquamarine Earrings,9030033,9030033,3065,implemented_explicitly,1,0.02,Data/sql/server_battlenpc_mob_types_loot.sql (local server enrichment; not an eLeMeN field),http://elemen.sakura.ne.jp/ff14_dated_archives/monster/nm/Thanalan.html#KokoroonQuickfingers
notorious_monster,Kokoroon Quickfingers,server_item,Cock Feather,10005401,10005401,3065,implemented_explicitly,1,0.05,Data/sql/server_battlenpc_mob_types_loot.sql (local server enrichment; not an eLeMeN field),http://elemen.sakura.ne.jp/ff14_dated_archives/monster/nm/Thanalan.html#KokoroonQuickfingers
notorious_monster,Kokoroon Quickfingers,server_item,Danburite Earring,9030031,9030031,3065,implemented_explicitly,1,0.02,Data/sql/server_battlenpc_mob_types_loot.sql (local server enrichment; not an eLeMeN field),http://elemen.sakura.ne.jp/ff14_dated_archives/monster/nm/Thanalan.html#KokoroonQuickfingers
notorious_monster,Kokoroon Quickfingers,server_item,Gagaroon Luck-die,10011117,10011117,3065,implemented_explicitly,1,0.05,Data/sql/server_battlenpc_mob_types_loot.sql (local server enrichment; not an eLeMeN field),http://elemen.sakura.ne.jp/ff14_dated_archives/monster/nm/Thanalan.html#KokoroonQuickfingers
notorious_monster,Kokoroon Quickfingers,server_item,Goshenite Earrings,9030037,9030037,3065,implemented_explicitly,1,0.02,Data/sql/server_battlenpc_mob_types_loot.sql (local server enrichment; not an eLeMeN field),http://elemen.sakura.ne.jp/ff14_dated_archives/monster/nm/Thanalan.html#KokoroonQuickfingers
notorious_monster,Kokoroon Quickfingers,server_item,Heliodor Earring,9030034,9030034,3065,implemented_explicitly,1,0.02,Data/sql/server_battlenpc_mob_types_loot.sql (local server enrichment; not an eLeMeN field),http://elemen.sakura.ne.jp/ff14_dated_archives/monster/nm/Thanalan.html#KokoroonQuickfingers
notorious_monster,Kokoroon Quickfingers,server_item,Kokoroon's Darkshell Mail,8031607,8031607,3065,implemented_explicitly,1,0.02,Data/sql/server_battlenpc_mob_types_loot.sql (local server enrichment; not an eLeMeN field),http://elemen.sakura.ne.jp/ff14_dated_archives/monster/nm/Thanalan.html#KokoroonQuickfingers
notorious_monster,Kokoroon Quickfingers,server_item,Kokoroon's Nestpicker,4070209,4070209,3065,implemented_explicitly,1,0.02,Data/sql/server_battlenpc_mob_types_loot.sql (local server enrichment; not an eLeMeN field),http://elemen.sakura.ne.jp/ff14_dated_archives/monster/nm/Thanalan.html#KokoroonQuickfingers
notorious_monster,Kokoroon Quickfingers,server_item,Malachite Earring,9030029,9030029,3065,implemented_explicitly,1,0.02,Data/sql/server_battlenpc_mob_types_loot.sql (local server enrichment; not an eLeMeN field),http://elemen.sakura.ne.jp/ff14_dated_archives/monster/nm/Thanalan.html#KokoroonQuickfingers
notorious_monster,Kokoroon Quickfingers,server_item,Peperoon Fate-die,10011118,10011118,3065,implemented_explicitly,1,0.05,Data/sql/server_battlenpc_mob_types_loot.sql (local server enrichment; not an eLeMeN field),http://elemen.sakura.ne.jp/ff14_dated_archives/monster/nm/Thanalan.html#KokoroonQuickfingers
notorious_monster,Kokoroon Quickfingers,server_item,Peridot Earrings,9030035,9030035,3065,implemented_explicitly,1,0.02,Data/sql/server_battlenpc_mob_types_loot.sql (local server enrichment; not an eLeMeN field),http://elemen.sakura.ne.jp/ff14_dated_archives/monster/nm/Thanalan.html#KokoroonQuickfingers
notorious_monster,Kokoroon Quickfingers,server_item,Ququroon Doom-die,10011116,10011116,3065,implemented_explicitly,1,0.05,Data/sql/server_battlenpc_mob_types_loot.sql (local server enrichment; not an eLeMeN field),http://elemen.sakura.ne.jp/ff14_dated_archives/monster/nm/Thanalan.html#KokoroonQuickfingers
notorious_monster,Kokoroon Quickfingers,server_crystal,Earth Shard,,1000006,3065,implemented_explicitly,1,0.07,Data/sql/server_battlenpc_mob_types_loot.sql (local server enrichment; not an eLeMeN field),http://elemen.sakura.ne.jp/ff14_dated_archives/monster/nm/Thanalan.html#KokoroonQuickfingers
notorious_monster,Kokoroon Quickfingers,server_crystal,Earth Crystal,,1000012,3065,implemented_explicitly,1,0.02,Data/sql/server_battlenpc_mob_types_loot.sql (local server enrichment; not an eLeMeN field),http://elemen.sakura.ne.jp/ff14_dated_archives/monster/nm/Thanalan.html#KokoroonQuickfingers
notorious_monster,Lone Coeurl,elemen_item,Coeurl's Eye,,8010301,3067,implemented_explicitly,,,eLeMeN NM page,http://elemen.sakura.ne.jp/ff14_dated_archives/monster/nm/LaNoscea.html#LoneCoeurl
notorious_monster,Lone Coeurl,server_item,Coeurl's Eye,8010301,8010301,3067,implemented_explicitly,1,1.0,Data/sql/server_battlenpc_mob_types_loot.sql (local server enrichment; not an eLeMeN field),http://elemen.sakura.ne.jp/ff14_dated_archives/monster/nm/LaNoscea.html#LoneCoeurl
notorious_monster,Lone Coeurl,server_crystal,Lightning Shard,,1000007,3067,implemented_crystal_policy,1,0.07,Data/sql/server_battlenpc_mob_types_loot.sql (local server enrichment; not an eLeMeN field),http://elemen.sakura.ne.jp/ff14_dated_archives/monster/nm/LaNoscea.html#LoneCoeurl
notorious_monster,Lone Coeurl,server_crystal,Lightning Crystal,,1000013,3067,implemented_crystal_policy,1,0.02,Data/sql/server_battlenpc_mob_types_loot.sql (local server enrichment; not an eLeMeN field),http://elemen.sakura.ne.jp/ff14_dated_archives/monster/nm/LaNoscea.html#LoneCoeurl
notorious_monster,Lozol Totoloq the Decapitator,elemen_item,Gold Natalan Coffer Key,,10011150,3119,implemented_explicitly,,,eLeMeN NM page,http://elemen.sakura.ne.jp/ff14_dated_archives/monster/nm/Coerthas.html#LozolTotoloqtheDecapitator
notorious_monster,Lozol Totoloq the Decapitator,archive_wiki_item,Gold Natalan Coffer Key,,10011150,3119,implemented_explicitly,,???%,Gamer Escape/Eorzeapedia 1.x capture via Internet Archive; separate from eLeMeN and local server data.,https://web.archive.org/web/20130129062310/http://ffxiv.gamerescape.com/wiki/Lozol_Totoloq_the_Decapitator
notorious_monster,Lozol Totoloq the Decapitator,archive_wiki_item,Ixali Willowknot,,10011101,3119,implemented_explicitly,,???%,Gamer Escape/Eorzeapedia 1.x capture via Internet Archive; separate from eLeMeN and local server data.,https://web.archive.org/web/20130129062310/http://ffxiv.gamerescape.com/wiki/Lozol_Totoloq_the_Decapitator
notorious_monster,Lozol Totoloq the Decapitator,archive_wiki_item,Vortex Headdress,,10011155,3119,implemented_explicitly,,???%,Gamer Escape/Eorzeapedia 1.x capture via Internet Archive; separate from eLeMeN and local server data.,https://web.archive.org/web/20130129062310/http://ffxiv.gamerescape.com/wiki/Lozol_Totoloq_the_Decapitator
notorious_monster,Lozol Totoloq the Decapitator,archive_wiki_crystal,Wind Shards,,1000005,3119,implemented_explicitly,,~6 / ~3 / ~3,Gamer Escape/Eorzeapedia 1.x capture via Internet Archive; separate from eLeMeN and local server data.,https://web.archive.org/web/20130129062310/http://ffxiv.gamerescape.com/wiki/Lozol_Totoloq_the_Decapitator
notorious_monster,Lozol Totoloq the Decapitator,archive_wiki_crystal,Wind Crystals,,1000011,3119,implemented_explicitly,,~2 / ~2 / ~2,Gamer Escape/Eorzeapedia 1.x capture via Internet Archive; separate from eLeMeN and local server data.,https://web.archive.org/web/20130129062310/http://ffxiv.gamerescape.com/wiki/Lozol_Totoloq_the_Decapitator
notorious_monster,Nest Commander,elemen_item,Nighthawk Visor,,8010474,3077,implemented_explicitly,,,eLeMeN NM page,http://elemen.sakura.ne.jp/ff14_dated_archives/monster/nm/Thanalan.html#NestCommander
notorious_monster,Nest Commander,elemen_item,Velveteen Sarouel,,8050712,3077,implemented_explicitly,,,eLeMeN NM page,http://elemen.sakura.ne.jp/ff14_dated_archives/monster/nm/Thanalan.html#NestCommander
notorious_monster,Nest Commander,elemen_item,Velveteen Tights,,8051018,3077,implemented_explicitly,,,eLeMeN NM page,http://elemen.sakura.ne.jp/ff14_dated_archives/monster/nm/Thanalan.html#NestCommander
notorious_monster,Nest Commander,elemen_item,Velveteen Tights (Black),,8051019,3077,implemented_explicitly,,,eLeMeN NM page,http://elemen.sakura.ne.jp/ff14_dated_archives/monster/nm/Thanalan.html#NestCommander
notorious_monster,Nest Commander,elemen_item,Velveteen Bottom (Red),,8051217,3077,implemented_explicitly,,,eLeMeN NM page,http://elemen.sakura.ne.jp/ff14_dated_archives/monster/nm/Thanalan.html#NestCommander
notorious_monster,Nest Commander,elemen_item,Ogre Pumpkin,,3011302,3077,implemented_explicitly,,,eLeMeN NM page,http://elemen.sakura.ne.jp/ff14_dated_archives/monster/nm/Thanalan.html#NestCommander
notorious_monster,Nest Commander,elemen_item,Formic Acid,,10009211,3077,implemented_explicitly,,,eLeMeN NM page,http://elemen.sakura.ne.jp/ff14_dated_archives/monster/nm/Thanalan.html#NestCommander
notorious_monster,Nest Commander,elemen_item,Drake Scales,,10006015,3077,implemented_explicitly,,,eLeMeN NM page,http://elemen.sakura.ne.jp/ff14_dated_archives/monster/nm/Thanalan.html#NestCommander
notorious_monster,Nest Commander,server_item,Dated Canvas Shepherd's Slops,8051110,8051110,3077,implemented_explicitly,1,0.02,Data/sql/server_battlenpc_mob_types_loot.sql (local server enrichment; not an eLeMeN field),http://elemen.sakura.ne.jp/ff14_dated_archives/monster/nm/Thanalan.html#NestCommander
notorious_monster,Nest Commander,server_item,Dated Canvas Slops,8050010,8050010,3077,implemented_explicitly,1,0.02,Data/sql/server_battlenpc_mob_types_loot.sql (local server enrichment; not an eLeMeN field),http://elemen.sakura.ne.jp/ff14_dated_archives/monster/nm/Thanalan.html#NestCommander
notorious_monster,Nest Commander,server_item,Dated Cotton Breeches,8050205,8050205,3077,implemented_explicitly,1,0.02,Data/sql/server_battlenpc_mob_types_loot.sql (local server enrichment; not an eLeMeN field),http://elemen.sakura.ne.jp/ff14_dated_archives/monster/nm/Thanalan.html#NestCommander
notorious_monster,Nest Commander,server_item,Dated Cotton Trousers,8050105,8050105,3077,implemented_explicitly,1,0.02,Data/sql/server_battlenpc_mob_types_loot.sql (local server enrichment; not an eLeMeN field),http://elemen.sakura.ne.jp/ff14_dated_archives/monster/nm/Thanalan.html#NestCommander
notorious_monster,Nest Commander,server_item,Drake Scales,10006015,10006015,3077,implemented_explicitly,1,0.05,Data/sql/server_battlenpc_mob_types_loot.sql (local server enrichment; not an eLeMeN field),http://elemen.sakura.ne.jp/ff14_dated_archives/monster/nm/Thanalan.html#NestCommander
notorious_monster,Nest Commander,server_item,Formic Acid,10009211,10009211,3077,implemented_explicitly,1,0.05,Data/sql/server_battlenpc_mob_types_loot.sql (local server enrichment; not an eLeMeN field),http://elemen.sakura.ne.jp/ff14_dated_archives/monster/nm/Thanalan.html#NestCommander
notorious_monster,Nest Commander,server_item,Nighthawk Visor,8010474,8010474,3077,implemented_explicitly,1,0.125,Data/sql/server_battlenpc_mob_types_loot.sql (local server enrichment; not an eLeMeN field),http://elemen.sakura.ne.jp/ff14_dated_archives/monster/nm/Thanalan.html#NestCommander
notorious_monster,Nest Commander,server_item,Ogre Pumpkin,3011302,3011302,3077,implemented_explicitly,1,0.05,Data/sql/server_battlenpc_mob_types_loot.sql (local server enrichment; not an eLeMeN field),http://elemen.sakura.ne.jp/ff14_dated_archives/monster/nm/Thanalan.html#NestCommander
notorious_monster,Nest Commander,server_item,Dated Velveteen Bottom (Red),8051208,8051208,3077,implemented_explicitly,1,0.02,Data/sql/server_battlenpc_mob_types_loot.sql (local server enrichment; not an eLeMeN field),http://elemen.sakura.ne.jp/ff14_dated_archives/monster/nm/Thanalan.html#NestCommander
notorious_monster,Nest Commander,server_item,Velveteen Sarouel,8050712,8050712,3077,implemented_explicitly,1,0.02,Data/sql/server_battlenpc_mob_types_loot.sql (local server enrichment; not an eLeMeN field),http://elemen.sakura.ne.jp/ff14_dated_archives/monster/nm/Thanalan.html#NestCommander
notorious_monster,Nest Commander,server_item,Dated Velveteen Tights (Black),8051011,8051011,3077,implemented_explicitly,1,0.02,Data/sql/server_battlenpc_mob_types_loot.sql (local server enrichment; not an eLeMeN field),http://elemen.sakura.ne.jp/ff14_dated_archives/monster/nm/Thanalan.html#NestCommander
notorious_monster,Nest Commander,server_crystal,Earth Shard,,1000006,3077,implemented_explicitly,1,0.07,Data/sql/server_battlenpc_mob_types_loot.sql (local server enrichment; not an eLeMeN field),http://elemen.sakura.ne.jp/ff14_dated_archives/monster/nm/Thanalan.html#NestCommander
notorious_monster,Nest Commander,server_crystal,Earth Crystal,,1000012,3077,implemented_explicitly,1,0.02,Data/sql/server_battlenpc_mob_types_loot.sql (local server enrichment; not an eLeMeN field),http://elemen.sakura.ne.jp/ff14_dated_archives/monster/nm/Thanalan.html#NestCommander
notorious_monster,Old Six-arms,elemen_item,Shellsplitter,,4080302,3078,implemented_explicitly,,,eLeMeN NM page,http://elemen.sakura.ne.jp/ff14_dated_archives/monster/nm/LaNoscea.html#OldSix-arms
notorious_monster,Old Six-arms,elemen_item,Venerer's Bracers,,8070719,3078,implemented_explicitly,,,eLeMeN NM page,http://elemen.sakura.ne.jp/ff14_dated_archives/monster/nm/LaNoscea.html#OldSix-arms
notorious_monster,Old Six-arms,server_item,Green Megalocrab Shell,10006106,10006106,3078,implemented_explicitly,1,0.05,Data/sql/server_battlenpc_mob_types_loot.sql (local server enrichment; not an eLeMeN field),http://elemen.sakura.ne.jp/ff14_dated_archives/monster/nm/LaNoscea.html#OldSix-arms
notorious_monster,Old Six-arms,server_item,Malm Kelp,3011216,3011216,3078,implemented_explicitly,1,0.05,Data/sql/server_battlenpc_mob_types_loot.sql (local server enrichment; not an eLeMeN field),http://elemen.sakura.ne.jp/ff14_dated_archives/monster/nm/LaNoscea.html#OldSix-arms
notorious_monster,Old Six-arms,server_item,Megalocrab Leg,3011009,3011009,3078,implemented_explicitly,1,0.05,Data/sql/server_battlenpc_mob_types_loot.sql (local server enrichment; not an eLeMeN field),http://elemen.sakura.ne.jp/ff14_dated_archives/monster/nm/LaNoscea.html#OldSix-arms
notorious_monster,Old Six-arms,server_item,Shellsplitter,4080302,4080302,3078,implemented_explicitly,1,0.03,Data/sql/server_battlenpc_mob_types_loot.sql (local server enrichment; not an eLeMeN field),http://elemen.sakura.ne.jp/ff14_dated_archives/monster/nm/LaNoscea.html#OldSix-arms
notorious_monster,Old Six-arms,server_item,Venerer's Bracers,8070719,8070719,3078,implemented_explicitly,1,0.02,Data/sql/server_battlenpc_mob_types_loot.sql (local server enrichment; not an eLeMeN field),http://elemen.sakura.ne.jp/ff14_dated_archives/monster/nm/LaNoscea.html#OldSix-arms
notorious_monster,Old Six-arms,server_crystal,Water Shard,,1000008,3078,implemented_explicitly,1,0.07,Data/sql/server_battlenpc_mob_types_loot.sql (local server enrichment; not an eLeMeN field),http://elemen.sakura.ne.jp/ff14_dated_archives/monster/nm/LaNoscea.html#OldSix-arms
notorious_monster,Old Six-arms,server_crystal,Water Crystal,,1000014,3078,implemented_explicitly,1,0.02,Data/sql/server_battlenpc_mob_types_loot.sql (local server enrichment; not an eLeMeN field),http://elemen.sakura.ne.jp/ff14_dated_archives/monster/nm/LaNoscea.html#OldSix-arms
notorious_monster,Phaia,elemen_item,Boar's Bane,,4040303,3080,implemented_explicitly,,,eLeMeN NM page,http://elemen.sakura.ne.jp/ff14_dated_archives/monster/nm/BlackShroud.html#Phaia
notorious_monster,Phaia,elemen_item,Penance,,8090607,3080,implemented_explicitly,,,eLeMeN NM page,http://elemen.sakura.ne.jp/ff14_dated_archives/monster/nm/BlackShroud.html#Phaia
notorious_monster,Phaia,elemen_item,Aquamarine Ring,,9050039,3080,implemented_explicitly,,,eLeMeN NM page,http://elemen.sakura.ne.jp/ff14_dated_archives/monster/nm/BlackShroud.html#Phaia
notorious_monster,Phaia,elemen_item,Button Mushroom,,3011406,3080,implemented_explicitly,,,eLeMeN NM page,http://elemen.sakura.ne.jp/ff14_dated_archives/monster/nm/BlackShroud.html#Phaia
notorious_monster,Phaia,server_item,Amethyst Ring,9050042,9050042,3080,implemented_explicitly,1,0.02,Data/sql/server_battlenpc_mob_types_loot.sql (local server enrichment; not an eLeMeN field),http://elemen.sakura.ne.jp/ff14_dated_archives/monster/nm/BlackShroud.html#Phaia
notorious_monster,Phaia,server_item,Aquamarine Ring,9050039,9050039,3080,implemented_explicitly,1,0.02,Data/sql/server_battlenpc_mob_types_loot.sql (local server enrichment; not an eLeMeN field),http://elemen.sakura.ne.jp/ff14_dated_archives/monster/nm/BlackShroud.html#Phaia
notorious_monster,Phaia,server_item,Black Truffle,3011408,3011408,3080,implemented_explicitly,1,0.05,Data/sql/server_battlenpc_mob_types_loot.sql (local server enrichment; not an eLeMeN field),http://elemen.sakura.ne.jp/ff14_dated_archives/monster/nm/BlackShroud.html#Phaia
notorious_monster,Phaia,server_item,Boar Hide,10007018,10007018,3080,implemented_explicitly,1,0.05,Data/sql/server_battlenpc_mob_types_loot.sql (local server enrichment; not an eLeMeN field),http://elemen.sakura.ne.jp/ff14_dated_archives/monster/nm/BlackShroud.html#Phaia
notorious_monster,Phaia,server_item,Boar's Bane,4040303,4040303,3080,implemented_explicitly,1,0.03,Data/sql/server_battlenpc_mob_types_loot.sql (local server enrichment; not an eLeMeN field),http://elemen.sakura.ne.jp/ff14_dated_archives/monster/nm/BlackShroud.html#Phaia
notorious_monster,Phaia,server_item,Button Mushroom,3011406,3011406,3080,implemented_explicitly,1,0.05,Data/sql/server_battlenpc_mob_types_loot.sql (local server enrichment; not an eLeMeN field),http://elemen.sakura.ne.jp/ff14_dated_archives/monster/nm/BlackShroud.html#Phaia
notorious_monster,Phaia,server_item,Coerthas Carrot,3011309,3011309,3080,implemented_explicitly,1,0.05,Data/sql/server_battlenpc_mob_types_loot.sql (local server enrichment; not an eLeMeN field),http://elemen.sakura.ne.jp/ff14_dated_archives/monster/nm/BlackShroud.html#Phaia
notorious_monster,Phaia,server_item,Crow Feather,10005403,10005403,3080,implemented_explicitly,1,0.05,Data/sql/server_battlenpc_mob_types_loot.sql (local server enrichment; not an eLeMeN field),http://elemen.sakura.ne.jp/ff14_dated_archives/monster/nm/BlackShroud.html#Phaia
notorious_monster,Phaia,server_item,Danburite Ring,9050037,9050037,3080,implemented_explicitly,1,0.02,Data/sql/server_battlenpc_mob_types_loot.sql (local server enrichment; not an eLeMeN field),http://elemen.sakura.ne.jp/ff14_dated_archives/monster/nm/BlackShroud.html#Phaia
notorious_monster,Phaia,server_item,Fluorite Ring,9050036,9050036,3080,implemented_explicitly,1,0.02,Data/sql/server_battlenpc_mob_types_loot.sql (local server enrichment; not an eLeMeN field),http://elemen.sakura.ne.jp/ff14_dated_archives/monster/nm/BlackShroud.html#Phaia
notorious_monster,Phaia,server_item,Goshenite Ring,9050043,9050043,3080,implemented_explicitly,1,0.02,Data/sql/server_battlenpc_mob_types_loot.sql (local server enrichment; not an eLeMeN field),http://elemen.sakura.ne.jp/ff14_dated_archives/monster/nm/BlackShroud.html#Phaia
notorious_monster,Phaia,server_item,Heliodor Ring,9050040,9050040,3080,implemented_explicitly,1,0.02,Data/sql/server_battlenpc_mob_types_loot.sql (local server enrichment; not an eLeMeN field),http://elemen.sakura.ne.jp/ff14_dated_archives/monster/nm/BlackShroud.html#Phaia
notorious_monster,Phaia,server_item,Lapis Lazuli Ring,9050033,9050033,3080,implemented_explicitly,1,0.02,Data/sql/server_battlenpc_mob_types_loot.sql (local server enrichment; not an eLeMeN field),http://elemen.sakura.ne.jp/ff14_dated_archives/monster/nm/BlackShroud.html#Phaia
notorious_monster,Phaia,server_item,Malachite Ring,9050035,9050035,3080,implemented_explicitly,1,0.02,Data/sql/server_battlenpc_mob_types_loot.sql (local server enrichment; not an eLeMeN field),http://elemen.sakura.ne.jp/ff14_dated_archives/monster/nm/BlackShroud.html#Phaia
notorious_monster,Phaia,server_item,Penance,8090607,8090607,3080,implemented_explicitly,1,0.02,Data/sql/server_battlenpc_mob_types_loot.sql (local server enrichment; not an eLeMeN field),http://elemen.sakura.ne.jp/ff14_dated_archives/monster/nm/BlackShroud.html#Phaia
notorious_monster,Phaia,server_item,Popoto,3011307,3011307,3080,implemented_explicitly,1,0.05,Data/sql/server_battlenpc_mob_types_loot.sql (local server enrichment; not an eLeMeN field),http://elemen.sakura.ne.jp/ff14_dated_archives/monster/nm/BlackShroud.html#Phaia
notorious_monster,Phaia,server_item,Sphene Ring,9050034,9050034,3080,implemented_explicitly,1,0.02,Data/sql/server_battlenpc_mob_types_loot.sql (local server enrichment; not an eLeMeN field),http://elemen.sakura.ne.jp/ff14_dated_archives/monster/nm/BlackShroud.html#Phaia
notorious_monster,Phaia,server_item,Sunstone Ring,9050032,9050032,3080,implemented_explicitly,1,0.02,Data/sql/server_battlenpc_mob_types_loot.sql (local server enrichment; not an eLeMeN field),http://elemen.sakura.ne.jp/ff14_dated_archives/monster/nm/BlackShroud.html#Phaia
notorious_monster,Phaia,server_crystal,Fire Shard,,1000003,3080,implemented_crystal_policy,1,0.07,Data/sql/server_battlenpc_mob_types_loot.sql (local server enrichment; not an eLeMeN field),http://elemen.sakura.ne.jp/ff14_dated_archives/monster/nm/BlackShroud.html#Phaia
notorious_monster,Phaia,server_crystal,Fire Crystal,,1000009,3080,implemented_crystal_policy,1,0.02,Data/sql/server_battlenpc_mob_types_loot.sql (local server enrichment; not an eLeMeN field),http://elemen.sakura.ne.jp/ff14_dated_archives/monster/nm/BlackShroud.html#Phaia
notorious_monster,Prince of Pestilence,elemen_item,Frostbite,,4030202,3081,implemented_explicitly,,,eLeMeN NM page,http://elemen.sakura.ne.jp/ff14_dated_archives/monster/nm/BlackShroud.html#PrinceofPestilence
notorious_monster,Prince of Pestilence,elemen_item,Seer's Cowl,,8031820,3081,implemented_explicitly,,,eLeMeN NM page,http://elemen.sakura.ne.jp/ff14_dated_archives/monster/nm/BlackShroud.html#PrinceofPestilence
notorious_monster,Prince of Pestilence,server_item,Bone Chip,10006001,10006001,3081,implemented_explicitly,1,0.05,Data/sql/server_battlenpc_mob_types_loot.sql (local server enrichment; not an eLeMeN field),http://elemen.sakura.ne.jp/ff14_dated_archives/monster/nm/BlackShroud.html#PrinceofPestilence
notorious_monster,Prince of Pestilence,server_item,Crow Feather,10005403,10005403,3081,implemented_explicitly,1,0.05,Data/sql/server_battlenpc_mob_types_loot.sql (local server enrichment; not an eLeMeN field),http://elemen.sakura.ne.jp/ff14_dated_archives/monster/nm/BlackShroud.html#PrinceofPestilence
notorious_monster,Prince of Pestilence,server_item,Frostbite,4030202,4030202,3081,implemented_explicitly,1,0.03,Data/sql/server_battlenpc_mob_types_loot.sql (local server enrichment; not an eLeMeN field),http://elemen.sakura.ne.jp/ff14_dated_archives/monster/nm/BlackShroud.html#PrinceofPestilence
notorious_monster,Prince of Pestilence,server_item,Heliodor Bracelets,9010039,9010039,3081,implemented_explicitly,1,0.02,Data/sql/server_battlenpc_mob_types_loot.sql (local server enrichment; not an eLeMeN field),http://elemen.sakura.ne.jp/ff14_dated_archives/monster/nm/BlackShroud.html#PrinceofPestilence
notorious_monster,Prince of Pestilence,server_item,Peridot Bracelets,9010040,9010040,3081,implemented_explicitly,1,0.02,Data/sql/server_battlenpc_mob_types_loot.sql (local server enrichment; not an eLeMeN field),http://elemen.sakura.ne.jp/ff14_dated_archives/monster/nm/BlackShroud.html#PrinceofPestilence
notorious_monster,Prince of Pestilence,server_item,Rat Tail,3940010,3940010,3081,implemented_explicitly,1,0.05,Data/sql/server_battlenpc_mob_types_loot.sql (local server enrichment; not an eLeMeN field),http://elemen.sakura.ne.jp/ff14_dated_archives/monster/nm/BlackShroud.html#PrinceofPestilence
notorious_monster,Prince of Pestilence,server_item,Seer's Cowl,8031820,8031820,3081,implemented_explicitly,1,0.02,Data/sql/server_battlenpc_mob_types_loot.sql (local server enrichment; not an eLeMeN field),http://elemen.sakura.ne.jp/ff14_dated_archives/monster/nm/BlackShroud.html#PrinceofPestilence
notorious_monster,Prince of Pestilence,server_crystal,Lightning Shard,,1000007,3081,implemented_crystal_policy,1,0.07,Data/sql/server_battlenpc_mob_types_loot.sql (local server enrichment; not an eLeMeN field),http://elemen.sakura.ne.jp/ff14_dated_archives/monster/nm/BlackShroud.html#PrinceofPestilence
notorious_monster,Prince of Pestilence,server_crystal,Lightning Crystal,,1000013,3081,implemented_crystal_policy,1,0.02,Data/sql/server_battlenpc_mob_types_loot.sql (local server enrichment; not an eLeMeN field),http://elemen.sakura.ne.jp/ff14_dated_archives/monster/nm/BlackShroud.html#PrinceofPestilence
notorious_monster,Pyrausta,elemen_item,Howling Talons,,4020304,3086,implemented_explicitly,,,eLeMeN NM page,http://elemen.sakura.ne.jp/ff14_dated_archives/monster/nm/Thanalan.html#Pyrausta
notorious_monster,Pyrausta,server_item,Dated Canvas Shepherd's Slops,8051110,8051110,3086,implemented_explicitly,1,0.02,Data/sql/server_battlenpc_mob_types_loot.sql (local server enrichment; not an eLeMeN field),http://elemen.sakura.ne.jp/ff14_dated_archives/monster/nm/Thanalan.html#Pyrausta
notorious_monster,Pyrausta,server_item,Dated Canvas Slops,8050010,8050010,3086,implemented_explicitly,1,0.02,Data/sql/server_battlenpc_mob_types_loot.sql (local server enrichment; not an eLeMeN field),http://elemen.sakura.ne.jp/ff14_dated_archives/monster/nm/Thanalan.html#Pyrausta
notorious_monster,Pyrausta,server_item,Cotton Boll,10005203,10005203,3086,implemented_explicitly,1,0.05,Data/sql/server_battlenpc_mob_types_loot.sql (local server enrichment; not an eLeMeN field),http://elemen.sakura.ne.jp/ff14_dated_archives/monster/nm/Thanalan.html#Pyrausta
notorious_monster,Pyrausta,server_item,Dated Cotton Trousers,8050105,8050105,3086,implemented_explicitly,1,0.02,Data/sql/server_battlenpc_mob_types_loot.sql (local server enrichment; not an eLeMeN field),http://elemen.sakura.ne.jp/ff14_dated_archives/monster/nm/Thanalan.html#Pyrausta
notorious_monster,Pyrausta,server_item,Crow Feather,10005403,10005403,3086,implemented_explicitly,1,0.05,Data/sql/server_battlenpc_mob_types_loot.sql (local server enrichment; not an eLeMeN field),http://elemen.sakura.ne.jp/ff14_dated_archives/monster/nm/Thanalan.html#Pyrausta
notorious_monster,Pyrausta,server_item,Dated Dodoskin Skirt,8050802,8050802,3086,implemented_explicitly,1,0.02,Data/sql/server_battlenpc_mob_types_loot.sql (local server enrichment; not an eLeMeN field),http://elemen.sakura.ne.jp/ff14_dated_archives/monster/nm/Thanalan.html#Pyrausta
notorious_monster,Pyrausta,server_item,Howling Talons,4020304,4020304,3086,implemented_explicitly,1,0.03,Data/sql/server_battlenpc_mob_types_loot.sql (local server enrichment; not an eLeMeN field),http://elemen.sakura.ne.jp/ff14_dated_archives/monster/nm/Thanalan.html#Pyrausta
notorious_monster,Pyrausta,server_item,Puk Wing,10009505,10009505,3086,implemented_explicitly,1,0.05,Data/sql/server_battlenpc_mob_types_loot.sql (local server enrichment; not an eLeMeN field),http://elemen.sakura.ne.jp/ff14_dated_archives/monster/nm/Thanalan.html#Pyrausta
notorious_monster,Pyrausta,server_item,Dated Velveteen Bottom,8051206,8051206,3086,implemented_explicitly,1,0.02,Data/sql/server_battlenpc_mob_types_loot.sql (local server enrichment; not an eLeMeN field),http://elemen.sakura.ne.jp/ff14_dated_archives/monster/nm/Thanalan.html#Pyrausta
notorious_monster,Pyrausta,server_item,Velveteen Sarouel,8050712,8050712,3086,implemented_explicitly,1,0.02,Data/sql/server_battlenpc_mob_types_loot.sql (local server enrichment; not an eLeMeN field),http://elemen.sakura.ne.jp/ff14_dated_archives/monster/nm/Thanalan.html#Pyrausta
notorious_monster,Pyrausta,server_item,Dated Velveteen Tights,8051010,8051010,3086,implemented_explicitly,1,0.02,Data/sql/server_battlenpc_mob_types_loot.sql (local server enrichment; not an eLeMeN field),http://elemen.sakura.ne.jp/ff14_dated_archives/monster/nm/Thanalan.html#Pyrausta
notorious_monster,Pyrausta,server_crystal,Wind Shard,,1000005,3086,implemented_explicitly,1,0.07,Data/sql/server_battlenpc_mob_types_loot.sql (local server enrichment; not an eLeMeN field),http://elemen.sakura.ne.jp/ff14_dated_archives/monster/nm/Thanalan.html#Pyrausta
notorious_monster,Pyrausta,server_crystal,Wind Crystal,,1000011,3086,implemented_explicitly,1,0.02,Data/sql/server_battlenpc_mob_types_loot.sql (local server enrichment; not an eLeMeN field),http://elemen.sakura.ne.jp/ff14_dated_archives/monster/nm/Thanalan.html#Pyrausta
notorious_monster,Queen Bolete,elemen_item,Eternal Shade,,8030917,3087,implemented_explicitly,,,eLeMeN NM page,http://elemen.sakura.ne.jp/ff14_dated_archives/monster/nm/BlackShroud.html#QueenBolete
notorious_monster,Queen Bolete,elemen_item,Cotton Halfrobe,,8031417,3087,implemented_explicitly,,,eLeMeN NM page,http://elemen.sakura.ne.jp/ff14_dated_archives/monster/nm/BlackShroud.html#QueenBolete
notorious_monster,Queen Bolete,elemen_item,Velveteen Shirt,,8030717,3087,implemented_explicitly,,,eLeMeN NM page,http://elemen.sakura.ne.jp/ff14_dated_archives/monster/nm/BlackShroud.html#QueenBolete
notorious_monster,Queen Bolete,elemen_item,Toadskin Jacket,,8030922,3087,implemented_explicitly,,,eLeMeN NM page,http://elemen.sakura.ne.jp/ff14_dated_archives/monster/nm/BlackShroud.html#QueenBolete
notorious_monster,Queen Bolete,elemen_item,Cotton Boll,,10005203,3087,implemented_explicitly,,,eLeMeN NM page,http://elemen.sakura.ne.jp/ff14_dated_archives/monster/nm/BlackShroud.html#QueenBolete
notorious_monster,Queen Bolete,elemen_item,Shriekshroom,,3011407,3087,implemented_explicitly,,,eLeMeN NM page,http://elemen.sakura.ne.jp/ff14_dated_archives/monster/nm/BlackShroud.html#QueenBolete
notorious_monster,Queen Bolete,server_item,Buffalo Beans,3011412,3011412,3087,implemented_explicitly,1,0.05,Data/sql/server_battlenpc_mob_types_loot.sql (local server enrichment; not an eLeMeN field),http://elemen.sakura.ne.jp/ff14_dated_archives/monster/nm/BlackShroud.html#QueenBolete
notorious_monster,Queen Bolete,server_item,Dated Canvas Acton (Auburn),8030809,8030809,3087,implemented_explicitly,1,0.02,Data/sql/server_battlenpc_mob_types_loot.sql (local server enrichment; not an eLeMeN field),http://elemen.sakura.ne.jp/ff14_dated_archives/monster/nm/BlackShroud.html#QueenBolete
notorious_monster,Queen Bolete,server_item,Dated Canvas Tabard,8031110,8031110,3087,implemented_explicitly,1,0.02,Data/sql/server_battlenpc_mob_types_loot.sql (local server enrichment; not an eLeMeN field),http://elemen.sakura.ne.jp/ff14_dated_archives/monster/nm/BlackShroud.html#QueenBolete
notorious_monster,Queen Bolete,server_item,Chestnut Log,10008010,10008010,3087,implemented_explicitly,1,0.05,Data/sql/server_battlenpc_mob_types_loot.sql (local server enrichment; not an eLeMeN field),http://elemen.sakura.ne.jp/ff14_dated_archives/monster/nm/BlackShroud.html#QueenBolete
notorious_monster,Queen Bolete,server_item,Cotton Boll,10005203,10005203,3087,implemented_explicitly,1,0.05,Data/sql/server_battlenpc_mob_types_loot.sql (local server enrichment; not an eLeMeN field),http://elemen.sakura.ne.jp/ff14_dated_archives/monster/nm/BlackShroud.html#QueenBolete
notorious_monster,Queen Bolete,server_item,Dated Cotton Halfrobe,8031405,8031405,3087,implemented_explicitly,1,0.02,Data/sql/server_battlenpc_mob_types_loot.sql (local server enrichment; not an eLeMeN field),http://elemen.sakura.ne.jp/ff14_dated_archives/monster/nm/BlackShroud.html#QueenBolete
notorious_monster,Queen Bolete,server_item,Eternal Shade,8030917,8030917,3087,implemented_explicitly,1,0.03,Data/sql/server_battlenpc_mob_types_loot.sql (local server enrichment; not an eLeMeN field),http://elemen.sakura.ne.jp/ff14_dated_archives/monster/nm/BlackShroud.html#QueenBolete
notorious_monster,Queen Bolete,server_item,Kukuru Bean,3011416,3011416,3087,implemented_explicitly,1,0.05,Data/sql/server_battlenpc_mob_types_loot.sql (local server enrichment; not an eLeMeN field),http://elemen.sakura.ne.jp/ff14_dated_archives/monster/nm/BlackShroud.html#QueenBolete
notorious_monster,Queen Bolete,server_item,Dated Leather Jacket (Black),8030904,8030904,3087,implemented_explicitly,1,0.02,Data/sql/server_battlenpc_mob_types_loot.sql (local server enrichment; not an eLeMeN field),http://elemen.sakura.ne.jp/ff14_dated_archives/monster/nm/BlackShroud.html#QueenBolete
notorious_monster,Queen Bolete,server_item,Shriekshroom,3011407,3011407,3087,implemented_explicitly,1,0.05,Data/sql/server_battlenpc_mob_types_loot.sql (local server enrichment; not an eLeMeN field),http://elemen.sakura.ne.jp/ff14_dated_archives/monster/nm/BlackShroud.html#QueenBolete
notorious_monster,Queen Bolete,server_item,Toadskin Jacket,8030922,8030922,3087,implemented_explicitly,1,0.02,Data/sql/server_battlenpc_mob_types_loot.sql (local server enrichment; not an eLeMeN field),http://elemen.sakura.ne.jp/ff14_dated_archives/monster/nm/BlackShroud.html#QueenBolete
notorious_monster,Queen Bolete,server_item,Velveteen Coatee,8032221,8032221,3087,implemented_explicitly,1,0.02,Data/sql/server_battlenpc_mob_types_loot.sql (local server enrichment; not an eLeMeN field),http://elemen.sakura.ne.jp/ff14_dated_archives/monster/nm/BlackShroud.html#QueenBolete
notorious_monster,Queen Bolete,server_item,Velveteen Shirt,8030717,8030717,3087,implemented_explicitly,1,0.02,Data/sql/server_battlenpc_mob_types_loot.sql (local server enrichment; not an eLeMeN field),http://elemen.sakura.ne.jp/ff14_dated_archives/monster/nm/BlackShroud.html#QueenBolete
notorious_monster,Queen Bolete,server_crystal,Ice Shard,,1000004,3087,implemented_explicitly,1,0.07,Data/sql/server_battlenpc_mob_types_loot.sql (local server enrichment; not an eLeMeN field),http://elemen.sakura.ne.jp/ff14_dated_archives/monster/nm/BlackShroud.html#QueenBolete
notorious_monster,Queen Bolete,server_crystal,Ice Crystal,,1000010,3087,implemented_explicitly,1,0.02,Data/sql/server_battlenpc_mob_types_loot.sql (local server enrichment; not an eLeMeN field),http://elemen.sakura.ne.jp/ff14_dated_archives/monster/nm/BlackShroud.html#QueenBolete
notorious_monster,Queen Gougou,elemen_item,Wizard Eggplant,,3011306,3088,implemented_explicitly,,,eLeMeN NM page,http://elemen.sakura.ne.jp/ff14_dated_archives/monster/nm/BlackShroud.html#QueenGougou
notorious_monster,Queen Gougou,elemen_item,Sun Lemon,,3011456,3088,implemented_explicitly,,,eLeMeN NM page,http://elemen.sakura.ne.jp/ff14_dated_archives/monster/nm/BlackShroud.html#QueenGougou
notorious_monster,Queen Gougou,elemen_item,Dragon Pepper,,3011512,3088,implemented_explicitly,,,eLeMeN NM page,http://elemen.sakura.ne.jp/ff14_dated_archives/monster/nm/BlackShroud.html#QueenGougou
notorious_monster,Queen Gougou,elemen_item,Lalafellin Lentil,,3011414,3088,implemented_explicitly,,,eLeMeN NM page,http://elemen.sakura.ne.jp/ff14_dated_archives/monster/nm/BlackShroud.html#QueenGougou
notorious_monster,Queen Gougou,server_item,Ramhorn Zucchini,3011313,3011313,3088,implemented_explicitly,1,0.05,Data/sql/server_battlenpc_mob_types_loot.sql (local server enrichment; not an eLeMeN field),http://elemen.sakura.ne.jp/ff14_dated_archives/monster/nm/BlackShroud.html#QueenGougou
notorious_monster,Queen Gougou,server_item,Ruby Tomato,3011310,3011310,3088,implemented_explicitly,1,0.05,Data/sql/server_battlenpc_mob_types_loot.sql (local server enrichment; not an eLeMeN field),http://elemen.sakura.ne.jp/ff14_dated_archives/monster/nm/BlackShroud.html#QueenGougou
notorious_monster,Queen Gougou,server_item,Unmarked Keystone,10011153,10011153,3088,implemented_explicitly,1,0.03,Data/sql/server_battlenpc_mob_types_loot.sql (local server enrichment; not an eLeMeN field),http://elemen.sakura.ne.jp/ff14_dated_archives/monster/nm/BlackShroud.html#QueenGougou
notorious_monster,Queen Gougou,server_crystal,Earth Shard,,1000006,3088,implemented_crystal_policy,1,0.07,Data/sql/server_battlenpc_mob_types_loot.sql (local server enrichment; not an eLeMeN field),http://elemen.sakura.ne.jp/ff14_dated_archives/monster/nm/BlackShroud.html#QueenGougou
notorious_monster,Queen Gougou,server_crystal,Earth Crystal,,1000012,3088,implemented_crystal_policy,1,0.02,Data/sql/server_battlenpc_mob_types_loot.sql (local server enrichment; not an eLeMeN field),http://elemen.sakura.ne.jp/ff14_dated_archives/monster/nm/BlackShroud.html#QueenGougou
notorious_monster,Shearing Sheridan,elemen_item,Megalocrab Leg,,3011009,3096,implemented_explicitly,,,eLeMeN NM page,http://elemen.sakura.ne.jp/ff14_dated_archives/monster/nm/LaNoscea.html#ShearingSheridan
notorious_monster,Shearing Sheridan,server_item,Megalocrab Leg,3011009,3011009,3096,implemented_explicitly,1,0.05,Data/sql/server_battlenpc_mob_types_loot.sql (local server enrichment; not an eLeMeN field),http://elemen.sakura.ne.jp/ff14_dated_archives/monster/nm/LaNoscea.html#ShearingSheridan
notorious_monster,Shearing Sheridan,server_item,Plundered Cavalier's Hat,8013005,8013005,3096,implemented_explicitly,1,0.02,Data/sql/server_battlenpc_mob_types_loot.sql (local server enrichment; not an eLeMeN field),http://elemen.sakura.ne.jp/ff14_dated_archives/monster/nm/LaNoscea.html#ShearingSheridan
notorious_monster,Shearing Sheridan,server_item,Rothlyt Oyster,3011213,3011213,3096,implemented_explicitly,1,0.05,Data/sql/server_battlenpc_mob_types_loot.sql (local server enrichment; not an eLeMeN field),http://elemen.sakura.ne.jp/ff14_dated_archives/monster/nm/LaNoscea.html#ShearingSheridan
notorious_monster,Shearing Sheridan,server_crystal,Water Shard,,1000008,3096,implemented_crystal_policy,1,0.07,Data/sql/server_battlenpc_mob_types_loot.sql (local server enrichment; not an eLeMeN field),http://elemen.sakura.ne.jp/ff14_dated_archives/monster/nm/LaNoscea.html#ShearingSheridan
notorious_monster,Shearing Sheridan,server_crystal,Water Crystal,,1000014,3096,implemented_crystal_policy,1,0.02,Data/sql/server_battlenpc_mob_types_loot.sql (local server enrichment; not an eLeMeN field),http://elemen.sakura.ne.jp/ff14_dated_archives/monster/nm/LaNoscea.html#ShearingSheridan
notorious_monster,Sirocco,elemen_item,Taurus Staff,,5020107,3097,implemented_explicitly,,,eLeMeN NM page,http://elemen.sakura.ne.jp/ff14_dated_archives/monster/nm/BlackShroud.html#Sirocco
notorious_monster,Sirocco,elemen_item,Steel-plated Jackboots,,8080821,3097,implemented_explicitly,,,eLeMeN NM page,http://elemen.sakura.ne.jp/ff14_dated_archives/monster/nm/BlackShroud.html#Sirocco
notorious_monster,Sirocco,elemen_item,Padded Sheepskin Duckbills,,8080224,3097,implemented_explicitly,,,eLeMeN NM page,http://elemen.sakura.ne.jp/ff14_dated_archives/monster/nm/BlackShroud.html#Sirocco
notorious_monster,Sirocco,server_item,Antelope Shank,3011006,3011006,3097,implemented_explicitly,1,0.05,Data/sql/server_battlenpc_mob_types_loot.sql (local server enrichment; not an eLeMeN field),http://elemen.sakura.ne.jp/ff14_dated_archives/monster/nm/BlackShroud.html#Sirocco
notorious_monster,Sirocco,server_item,Antelope Sinew,10007504,10007504,3097,implemented_explicitly,1,0.05,Data/sql/server_battlenpc_mob_types_loot.sql (local server enrichment; not an eLeMeN field),http://elemen.sakura.ne.jp/ff14_dated_archives/monster/nm/BlackShroud.html#Sirocco
notorious_monster,Sirocco,server_item,Dated Ash Pattens,8080315,8080315,3097,implemented_explicitly,1,0.02,Data/sql/server_battlenpc_mob_types_loot.sql (local server enrichment; not an eLeMeN field),http://elemen.sakura.ne.jp/ff14_dated_archives/monster/nm/BlackShroud.html#Sirocco
notorious_monster,Sirocco,server_item,Blue Antelope Hide,10007014,10007014,3097,implemented_explicitly,1,0.05,Data/sql/server_battlenpc_mob_types_loot.sql (local server enrichment; not an eLeMeN field),http://elemen.sakura.ne.jp/ff14_dated_archives/monster/nm/BlackShroud.html#Sirocco
notorious_monster,Sirocco,server_item,Boarskin Crakows,8080517,8080517,3097,implemented_explicitly,1,0.02,Data/sql/server_battlenpc_mob_types_loot.sql (local server enrichment; not an eLeMeN field),http://elemen.sakura.ne.jp/ff14_dated_archives/monster/nm/BlackShroud.html#Sirocco
notorious_monster,Sirocco,server_item,Coerthas Carrot,3011309,3011309,3097,implemented_explicitly,1,0.05,Data/sql/server_battlenpc_mob_types_loot.sql (local server enrichment; not an eLeMeN field),http://elemen.sakura.ne.jp/ff14_dated_archives/monster/nm/BlackShroud.html#Sirocco
notorious_monster,Sirocco,server_item,Flax,10005204,10005204,3097,implemented_explicitly,1,0.05,Data/sql/server_battlenpc_mob_types_loot.sql (local server enrichment; not an eLeMeN field),http://elemen.sakura.ne.jp/ff14_dated_archives/monster/nm/BlackShroud.html#Sirocco
notorious_monster,Sirocco,server_item,Dated Leather Caligae,8081006,8081006,3097,implemented_explicitly,1,0.02,Data/sql/server_battlenpc_mob_types_loot.sql (local server enrichment; not an eLeMeN field),http://elemen.sakura.ne.jp/ff14_dated_archives/monster/nm/BlackShroud.html#Sirocco
notorious_monster,Sirocco,server_item,Leather Crakows,8080513,8080513,3097,implemented_explicitly,1,0.02,Data/sql/server_battlenpc_mob_types_loot.sql (local server enrichment; not an eLeMeN field),http://elemen.sakura.ne.jp/ff14_dated_archives/monster/nm/BlackShroud.html#Sirocco
notorious_monster,Sirocco,server_item,Dated Leather Duckbills,8080210,8080210,3097,implemented_explicitly,1,0.02,Data/sql/server_battlenpc_mob_types_loot.sql (local server enrichment; not an eLeMeN field),http://elemen.sakura.ne.jp/ff14_dated_archives/monster/nm/BlackShroud.html#Sirocco
notorious_monster,Sirocco,server_item,Midland Basil,3011517,3011517,3097,implemented_explicitly,1,0.05,Data/sql/server_battlenpc_mob_types_loot.sql (local server enrichment; not an eLeMeN field),http://elemen.sakura.ne.jp/ff14_dated_archives/monster/nm/BlackShroud.html#Sirocco
notorious_monster,Sirocco,server_item,Padded Sheepskin Duckbills,8080224,8080224,3097,implemented_explicitly,1,0.02,Data/sql/server_battlenpc_mob_types_loot.sql (local server enrichment; not an eLeMeN field),http://elemen.sakura.ne.jp/ff14_dated_archives/monster/nm/BlackShroud.html#Sirocco
notorious_monster,Sirocco,server_item,Steel-plated Jackboots,8080821,8080821,3097,implemented_explicitly,1,0.02,Data/sql/server_battlenpc_mob_types_loot.sql (local server enrichment; not an eLeMeN field),http://elemen.sakura.ne.jp/ff14_dated_archives/monster/nm/BlackShroud.html#Sirocco
notorious_monster,Sirocco,server_item,Taurus Staff,5020107,5020107,3097,implemented_explicitly,1,0.03,Data/sql/server_battlenpc_mob_types_loot.sql (local server enrichment; not an eLeMeN field),http://elemen.sakura.ne.jp/ff14_dated_archives/monster/nm/BlackShroud.html#Sirocco
notorious_monster,Sirocco,server_item,Dated Toadskin Shoes,8080613,8080613,3097,implemented_explicitly,1,0.02,Data/sql/server_battlenpc_mob_types_loot.sql (local server enrichment; not an eLeMeN field),http://elemen.sakura.ne.jp/ff14_dated_archives/monster/nm/BlackShroud.html#Sirocco
notorious_monster,Sirocco,server_crystal,Earth Shard,,1000006,3097,implemented_explicitly,1,0.07,Data/sql/server_battlenpc_mob_types_loot.sql (local server enrichment; not an eLeMeN field),http://elemen.sakura.ne.jp/ff14_dated_archives/monster/nm/BlackShroud.html#Sirocco
notorious_monster,Sirocco,server_crystal,Earth Crystal,,1000012,3097,implemented_explicitly,1,0.02,Data/sql/server_battlenpc_mob_types_loot.sql (local server enrichment; not an eLeMeN field),http://elemen.sakura.ne.jp/ff14_dated_archives/monster/nm/BlackShroud.html#Sirocco
notorious_monster,Slippery Sykes,elemen_item,Thalassian Targe,,4100004,3098,implemented_explicitly,,,eLeMeN NM page,http://elemen.sakura.ne.jp/ff14_dated_archives/monster/nm/LaNoscea.html#SlipperySykes
notorious_monster,Slippery Sykes,server_item,Hawksbill Shell,10006115,10006115,3098,implemented_explicitly,1,0.05,Data/sql/server_battlenpc_mob_types_loot.sql (local server enrichment; not an eLeMeN field),http://elemen.sakura.ne.jp/ff14_dated_archives/monster/nm/LaNoscea.html#SlipperySykes
notorious_monster,Slippery Sykes,server_item,Laurel,3011513,3011513,3098,implemented_explicitly,1,0.05,Data/sql/server_battlenpc_mob_types_loot.sql (local server enrichment; not an eLeMeN field),http://elemen.sakura.ne.jp/ff14_dated_archives/monster/nm/LaNoscea.html#SlipperySykes
notorious_monster,Slippery Sykes,server_item,Steel Goggles,8010210,8010210,3098,implemented_explicitly,1,0.02,Data/sql/server_battlenpc_mob_types_loot.sql (local server enrichment; not an eLeMeN field),http://elemen.sakura.ne.jp/ff14_dated_archives/monster/nm/LaNoscea.html#SlipperySykes
notorious_monster,Slippery Sykes,server_item,Steel Sallet,8011607,8011607,3098,implemented_explicitly,1,0.02,Data/sql/server_battlenpc_mob_types_loot.sql (local server enrichment; not an eLeMeN field),http://elemen.sakura.ne.jp/ff14_dated_archives/monster/nm/LaNoscea.html#SlipperySykes
notorious_monster,Slippery Sykes,server_item,Thalassian Targe,4100004,4100004,3098,implemented_explicitly,1,0.03,Data/sql/server_battlenpc_mob_types_loot.sql (local server enrichment; not an eLeMeN field),http://elemen.sakura.ne.jp/ff14_dated_archives/monster/nm/LaNoscea.html#SlipperySykes
notorious_monster,Slippery Sykes,server_item,Velveteen Bandana,8011016,8011016,3098,implemented_explicitly,1,0.02,Data/sql/server_battlenpc_mob_types_loot.sql (local server enrichment; not an eLeMeN field),http://elemen.sakura.ne.jp/ff14_dated_archives/monster/nm/LaNoscea.html#SlipperySykes
notorious_monster,Slippery Sykes,server_item,Velveteen Wedge Cap,8012716,8012716,3098,implemented_explicitly,1,0.02,Data/sql/server_battlenpc_mob_types_loot.sql (local server enrichment; not an eLeMeN field),http://elemen.sakura.ne.jp/ff14_dated_archives/monster/nm/LaNoscea.html#SlipperySykes
notorious_monster,Slippery Sykes,server_item,White Coral,10006108,10006108,3098,implemented_explicitly,1,0.05,Data/sql/server_battlenpc_mob_types_loot.sql (local server enrichment; not an eLeMeN field),http://elemen.sakura.ne.jp/ff14_dated_archives/monster/nm/LaNoscea.html#SlipperySykes
notorious_monster,Slippery Sykes,server_crystal,Water Shard,,1000008,3098,implemented_explicitly,1,0.07,Data/sql/server_battlenpc_mob_types_loot.sql (local server enrichment; not an eLeMeN field),http://elemen.sakura.ne.jp/ff14_dated_archives/monster/nm/LaNoscea.html#SlipperySykes
notorious_monster,Slippery Sykes,server_crystal,Water Crystal,,1000014,3098,implemented_explicitly,1,0.02,Data/sql/server_battlenpc_mob_types_loot.sql (local server enrichment; not an eLeMeN field),http://elemen.sakura.ne.jp/ff14_dated_archives/monster/nm/LaNoscea.html#SlipperySykes
notorious_monster,Spindiggle,server_item,Unmarked Keystone,10011153,10011153,3118,implemented_explicitly,1,0.03,Data/sql/server_battlenpc_nm_spawn_locations.sql (local server fallback; not an eLeMeN field),http://elemen.sakura.ne.jp/ff14_dated_archives/monster/nm/BlackShroud.html#Spindiggle
notorious_monster,Spiteful,elemen_item,Silver Ore,,10001009,3100,implemented_explicitly,,,eLeMeN NM page,http://elemen.sakura.ne.jp/ff14_dated_archives/monster/nm/BlackShroud.html#Spiteful
notorious_monster,Spiteful,server_item,Unmarked Keystone,10011153,10011153,3100,implemented_explicitly,1,0.03,Data/sql/server_battlenpc_mob_types_loot.sql (local server enrichment; not an eLeMeN field),http://elemen.sakura.ne.jp/ff14_dated_archives/monster/nm/BlackShroud.html#Spiteful
notorious_monster,Spitfire,elemen_item,Bloodcry,,5030112,3101,implemented_explicitly,,,eLeMeN NM page,http://elemen.sakura.ne.jp/ff14_dated_archives/monster/nm/Coerthas.html#Spitfire
notorious_monster,Spitfire,elemen_item,Engineer's Leggings,,8081117,3101,implemented_explicitly,,,eLeMeN NM page,http://elemen.sakura.ne.jp/ff14_dated_archives/monster/nm/Coerthas.html#Spitfire
notorious_monster,Spitfire,server_item,Amethyst Choker,9040042,9040042,3101,implemented_explicitly,1,0.02,Data/sql/server_battlenpc_mob_types_loot.sql (local server enrichment; not an eLeMeN field),http://elemen.sakura.ne.jp/ff14_dated_archives/monster/nm/Coerthas.html#Spitfire
notorious_monster,Spitfire,server_item,Bloodcry,5030112,5030112,3101,implemented_explicitly,1,0.03,Data/sql/server_battlenpc_mob_types_loot.sql (local server enrichment; not an eLeMeN field),http://elemen.sakura.ne.jp/ff14_dated_archives/monster/nm/Coerthas.html#Spitfire
notorious_monster,Spitfire,server_item,Danburite Choker,9040037,9040037,3101,implemented_explicitly,1,0.02,Data/sql/server_battlenpc_mob_types_loot.sql (local server enrichment; not an eLeMeN field),http://elemen.sakura.ne.jp/ff14_dated_archives/monster/nm/Coerthas.html#Spitfire
notorious_monster,Spitfire,server_item,Engineer's Leggings,8081117,8081117,3101,implemented_explicitly,1,0.02,Data/sql/server_battlenpc_mob_types_loot.sql (local server enrichment; not an eLeMeN field),http://elemen.sakura.ne.jp/ff14_dated_archives/monster/nm/Coerthas.html#Spitfire
notorious_monster,Spitfire,server_item,Fluorite Choker,9040036,9040036,3101,implemented_explicitly,1,0.02,Data/sql/server_battlenpc_mob_types_loot.sql (local server enrichment; not an eLeMeN field),http://elemen.sakura.ne.jp/ff14_dated_archives/monster/nm/Coerthas.html#Spitfire
notorious_monster,Spitfire,server_item,Garnet Choker,9040038,9040038,3101,implemented_explicitly,1,0.02,Data/sql/server_battlenpc_mob_types_loot.sql (local server enrichment; not an eLeMeN field),http://elemen.sakura.ne.jp/ff14_dated_archives/monster/nm/Coerthas.html#Spitfire
notorious_monster,Spitfire,server_item,Goshenite Choker,9040043,9040043,3101,implemented_explicitly,1,0.02,Data/sql/server_battlenpc_mob_types_loot.sql (local server enrichment; not an eLeMeN field),http://elemen.sakura.ne.jp/ff14_dated_archives/monster/nm/Coerthas.html#Spitfire
notorious_monster,Spitfire,server_item,Heliodor Choker,9040040,9040040,3101,implemented_explicitly,1,0.02,Data/sql/server_battlenpc_mob_types_loot.sql (local server enrichment; not an eLeMeN field),http://elemen.sakura.ne.jp/ff14_dated_archives/monster/nm/Coerthas.html#Spitfire
notorious_monster,Spitfire,server_item,Iron Ore,10001004,10001004,3101,implemented_explicitly,1,0.05,Data/sql/server_battlenpc_mob_types_loot.sql (local server enrichment; not an eLeMeN field),http://elemen.sakura.ne.jp/ff14_dated_archives/monster/nm/Coerthas.html#Spitfire
notorious_monster,Spitfire,server_item,Peridot Choker,9040041,9040041,3101,implemented_explicitly,1,0.02,Data/sql/server_battlenpc_mob_types_loot.sql (local server enrichment; not an eLeMeN field),http://elemen.sakura.ne.jp/ff14_dated_archives/monster/nm/Coerthas.html#Spitfire
notorious_monster,Spitfire,server_item,Silver Ore,10001009,10001009,3101,implemented_explicitly,1,0.05,Data/sql/server_battlenpc_mob_types_loot.sql (local server enrichment; not an eLeMeN field),http://elemen.sakura.ne.jp/ff14_dated_archives/monster/nm/Coerthas.html#Spitfire
notorious_monster,Spitfire,server_item,Sunstone Choker,9040032,9040032,3101,implemented_explicitly,1,0.02,Data/sql/server_battlenpc_mob_types_loot.sql (local server enrichment; not an eLeMeN field),http://elemen.sakura.ne.jp/ff14_dated_archives/monster/nm/Coerthas.html#Spitfire
notorious_monster,Spitfire,server_item,Zinc Ore,10001008,10001008,3101,implemented_explicitly,1,0.05,Data/sql/server_battlenpc_mob_types_loot.sql (local server enrichment; not an eLeMeN field),http://elemen.sakura.ne.jp/ff14_dated_archives/monster/nm/Coerthas.html#Spitfire
notorious_monster,Spitfire,server_crystal,Lightning Shard,,1000007,3101,implemented_crystal_policy,1,0.07,Data/sql/server_battlenpc_mob_types_loot.sql (local server enrichment; not an eLeMeN field),http://elemen.sakura.ne.jp/ff14_dated_archives/monster/nm/Coerthas.html#Spitfire
notorious_monster,Spitfire,server_crystal,Lightning Crystal,,1000013,3101,implemented_crystal_policy,1,0.02,Data/sql/server_battlenpc_mob_types_loot.sql (local server enrichment; not an eLeMeN field),http://elemen.sakura.ne.jp/ff14_dated_archives/monster/nm/Coerthas.html#Spitfire
notorious_monster,Third Order Patriarch Zu Ga,elemen_item,Gold U'Ghamaro Coffer Key,,10011144,3107,implemented_explicitly,,,eLeMeN NM page,http://elemen.sakura.ne.jp/ff14_dated_archives/monster/nm/LaNoscea.html#ThirdOrderPatriarchZuGa
notorious_monster,Third Order Patriarch Zu Ga,server_crystal,Earth Shard,,1000006,3107,implemented_crystal_policy,1,0.07,Data/sql/server_battlenpc_mob_types_loot.sql (local server enrichment; not an eLeMeN field),http://elemen.sakura.ne.jp/ff14_dated_archives/monster/nm/LaNoscea.html#ThirdOrderPatriarchZuGa
notorious_monster,Third Order Patriarch Zu Ga,server_crystal,Earth Crystal,,1000012,3107,implemented_crystal_policy,1,0.02,Data/sql/server_battlenpc_mob_types_loot.sql (local server enrichment; not an eLeMeN field),http://elemen.sakura.ne.jp/ff14_dated_archives/monster/nm/LaNoscea.html#ThirdOrderPatriarchZuGa
notorious_monster,Unknown Soldier,elemen_item,Anathema,,5020208,3109,implemented_explicitly,,,eLeMeN NM page,http://elemen.sakura.ne.jp/ff14_dated_archives/monster/nm/LaNoscea.html#UnknownSoldier
notorious_monster,Unknown Soldier,elemen_item,Paladin's Trousers,,8050151,3109,implemented_explicitly,,,eLeMeN NM page,http://elemen.sakura.ne.jp/ff14_dated_archives/monster/nm/LaNoscea.html#UnknownSoldier
notorious_monster,Unknown Soldier,server_item,Amethyst Choker,9040042,9040042,3109,implemented_explicitly,1,0.025,Data/sql/server_battlenpc_mob_types_loot.sql (local server enrichment; not an eLeMeN field),http://elemen.sakura.ne.jp/ff14_dated_archives/monster/nm/LaNoscea.html#UnknownSoldier
notorious_monster,Unknown Soldier,server_item,Anathema,5020208,5020208,3109,implemented_explicitly,1,0.185,Data/sql/server_battlenpc_mob_types_loot.sql (local server enrichment; not an eLeMeN field),http://elemen.sakura.ne.jp/ff14_dated_archives/monster/nm/LaNoscea.html#UnknownSoldier
notorious_monster,Unknown Soldier,server_item,Aquamarine Choker,9040039,9040039,3109,implemented_explicitly,1,0.012,Data/sql/server_battlenpc_mob_types_loot.sql (local server enrichment; not an eLeMeN field),http://elemen.sakura.ne.jp/ff14_dated_archives/monster/nm/LaNoscea.html#UnknownSoldier
notorious_monster,Unknown Soldier,server_item,Cotton Yarn,10005302,10005302,3109,implemented_explicitly,1,0.222,Data/sql/server_battlenpc_mob_types_loot.sql (local server enrichment; not an eLeMeN field),http://elemen.sakura.ne.jp/ff14_dated_archives/monster/nm/LaNoscea.html#UnknownSoldier
notorious_monster,Unknown Soldier,server_item,Garnet Choker,9040038,9040038,3109,implemented_explicitly,1,0.049,Data/sql/server_battlenpc_mob_types_loot.sql (local server enrichment; not an eLeMeN field),http://elemen.sakura.ne.jp/ff14_dated_archives/monster/nm/LaNoscea.html#UnknownSoldier
notorious_monster,Unknown Soldier,server_item,Goshenite Choker,9040043,9040043,3109,implemented_explicitly,1,0.025,Data/sql/server_battlenpc_mob_types_loot.sql (local server enrichment; not an eLeMeN field),http://elemen.sakura.ne.jp/ff14_dated_archives/monster/nm/LaNoscea.html#UnknownSoldier
notorious_monster,Unknown Soldier,server_item,Paladin's Trousers,8050151,8050151,3109,implemented_explicitly,1,0.086,Data/sql/server_battlenpc_mob_types_loot.sql (local server enrichment; not an eLeMeN field),http://elemen.sakura.ne.jp/ff14_dated_archives/monster/nm/LaNoscea.html#UnknownSoldier
notorious_monster,Unknown Soldier,server_item,Peridot Choker,9040041,9040041,3109,implemented_explicitly,1,0.025,Data/sql/server_battlenpc_mob_types_loot.sql (local server enrichment; not an eLeMeN field),http://elemen.sakura.ne.jp/ff14_dated_archives/monster/nm/LaNoscea.html#UnknownSoldier
notorious_monster,Unknown Soldier,server_item,Undyed Velveteen,10005015,10005015,3109,implemented_explicitly,1,0.086,Data/sql/server_battlenpc_mob_types_loot.sql (local server enrichment; not an eLeMeN field),http://elemen.sakura.ne.jp/ff14_dated_archives/monster/nm/LaNoscea.html#UnknownSoldier
notorious_monster,Unknown Soldier,server_crystal,Ice Shard,,1000004,3109,implemented_crystal_policy,1,0.07,Data/sql/server_battlenpc_mob_types_loot.sql (local server enrichment; not an eLeMeN field),http://elemen.sakura.ne.jp/ff14_dated_archives/monster/nm/LaNoscea.html#UnknownSoldier
notorious_monster,Unknown Soldier,server_crystal,Ice Crystal,,1000010,3109,implemented_crystal_policy,1,0.02,Data/sql/server_battlenpc_mob_types_loot.sql (local server enrichment; not an eLeMeN field),http://elemen.sakura.ne.jp/ff14_dated_archives/monster/nm/LaNoscea.html#UnknownSoldier
notorious_monster,Uraeus,elemen_item,Uraeus Skin,,10007026,3110,implemented_explicitly,,,eLeMeN NM page,http://elemen.sakura.ne.jp/ff14_dated_archives/monster/nm/Coerthas.html#Uraeus
notorious_monster,Uraeus,elemen_item,Wyvern Obsidian,,10001103,3110,implemented_explicitly,,,eLeMeN NM page,http://elemen.sakura.ne.jp/ff14_dated_archives/monster/nm/Coerthas.html#Uraeus
notorious_monster,Uraeus,server_item,Basilisk Egg,10001229,10001229,3110,implemented_explicitly,1,0.05,Data/sql/server_battlenpc_mob_types_loot.sql (local server enrichment; not an eLeMeN field),http://elemen.sakura.ne.jp/ff14_dated_archives/monster/nm/Coerthas.html#Uraeus
notorious_monster,Uraeus,server_item,Siltstone,10001117,10001117,3110,implemented_explicitly,1,0.05,Data/sql/server_battlenpc_mob_types_loot.sql (local server enrichment; not an eLeMeN field),http://elemen.sakura.ne.jp/ff14_dated_archives/monster/nm/Coerthas.html#Uraeus
notorious_monster,Uraeus,server_item,Uraeus Skin,10007026,10007026,3110,implemented_explicitly,1,0.01,Data/sql/server_battlenpc_mob_types_loot.sql (local server enrichment; not an eLeMeN field),http://elemen.sakura.ne.jp/ff14_dated_archives/monster/nm/Coerthas.html#Uraeus
notorious_monster,Uraeus,server_crystal,Fire Shard,,1000003,3110,implemented_explicitly,1,0.07,Data/sql/server_battlenpc_mob_types_loot.sql (local server enrichment; not an eLeMeN field),http://elemen.sakura.ne.jp/ff14_dated_archives/monster/nm/Coerthas.html#Uraeus
notorious_monster,Uraeus,server_crystal,Fire Crystal,,1000009,3110,implemented_explicitly,1,0.02,Data/sql/server_battlenpc_mob_types_loot.sql (local server enrichment; not an eLeMeN field),http://elemen.sakura.ne.jp/ff14_dated_archives/monster/nm/Coerthas.html#Uraeus
notorious_monster,Voidtongue Ahzabb Chah,server_item,Inferno Flambeau,11000419,11000419,3111,implemented_explicitly,1,1.0,Data/sql/server_battlenpc_mob_types_loot.sql (local server enrichment; not an eLeMeN field),http://elemen.sakura.ne.jp/ff14_dated_archives/monster/nm/Thanalan.html#VoidtongueAhzabbChah
notorious_monster,Voidtongue Ahzabb Chah,server_crystal,Fire Shard,,1000003,3111,implemented_crystal_policy,1,0.07,Data/sql/server_battlenpc_mob_types_loot.sql (local server enrichment; not an eLeMeN field),http://elemen.sakura.ne.jp/ff14_dated_archives/monster/nm/Thanalan.html#VoidtongueAhzabbChah
notorious_monster,Voidtongue Ahzabb Chah,server_crystal,Fire Crystal,,1000009,3111,implemented_crystal_policy,1,0.02,Data/sql/server_battlenpc_mob_types_loot.sql (local server enrichment; not an eLeMeN field),http://elemen.sakura.ne.jp/ff14_dated_archives/monster/nm/Thanalan.html#VoidtongueAhzabbChah
