source,code,quest_id,quest_name,category,local_status,method,line,sequence,signal_kind,call_or_action,scene_key,widget,text_row_id,text_en,content_area,objective_actor,route_status,lifecycle_status,expected_anchor_or_state,next_fix,evidence_refs,helper_hint
actor_surface_rows,man0g0,110005,Sundered Skies,main_scenario,handwritten_event_driver,onStateChange,87,SEQ_000,,,,,,,Data\scripts\quests\man\man0g0.lua,YDA,,,,,YDA; ydaFlag; true; ydaCanPush,starter actor surface
actor_surface_rows,man0g0,110005,Sundered Skies,main_scenario,handwritten_event_driver,onStateChange,88,SEQ_000,,,,,,,Data\scripts\quests\man\man0g0.lua,PAPALYMO,,,,,PAPALYMO; papalymoFlag,starter actor surface
actor_surface_rows,man0g0,110005,Sundered Skies,main_scenario,handwritten_event_driver,onStateChange,91,SEQ_010,,,,,,,Data\scripts\quests\man\man0g0.lua,FARRIMOND,,,,,FARRIMOND,starter actor surface
actor_surface_rows,man0g0,110005,Sundered Skies,main_scenario,handwritten_event_driver,onStateChange,92,SEQ_010,,,,,,,Data\scripts\quests\man\man0g0.lua,CECILIA,,,,,CECILIA,starter actor surface
actor_surface_rows,man0g0,110005,Sundered Skies,main_scenario,handwritten_event_driver,onStateChange,93,SEQ_010,,,,,,,Data\scripts\quests\man\man0g0.lua,SWETHYNA,,,,,SWETHYNA,starter actor surface
actor_surface_rows,man0g0,110005,Sundered Skies,main_scenario,handwritten_event_driver,onStateChange,94,SEQ_010,,,,,,,Data\scripts\quests\man\man0g0.lua,TKEBBE,,,,,TKEBBE; tkebbeTalk,starter actor surface
actor_surface_rows,man0g0,110005,Sundered Skies,main_scenario,handwritten_event_driver,onStateChange,95,SEQ_010,,,,,,,Data\scripts\quests\man\man0g0.lua,LONSYGG,,,,,LONSYGG,starter actor surface
actor_surface_rows,man0g0,110005,Sundered Skies,main_scenario,handwritten_event_driver,onStateChange,96,SEQ_010,,,,,,,Data\scripts\quests\man\man0g0.lua,BLOCKER1,,,,,BLOCKER1; QFLAG_NONE; false; true,starter actor surface
actor_surface_rows,man0g0,110005,Sundered Skies,main_scenario,handwritten_event_driver,onStateChange,97,SEQ_010,,,,,,,Data\scripts\quests\man\man0g0.lua,PUSH_ADV_GUILD,,,,,PUSH_ADV_GUILD; QFLAG_PUSH; false; true,starter actor surface
client_dialogue_rows,man0g0,110005,Sundered Skies,main_scenario,handwritten_event_driver,processEvent000_1,11,,,say,,,52,...,,,,,,,"A2_6:say(A0_4, 52, 0)",starter dialogue/text row
client_dialogue_rows,man0g0,110005,Sundered Skies,main_scenario,handwritten_event_driver,processEvent000_2,14,,,say,,,54,<moan>,,,,,,,"A2_9:say(A0_7, 54, 0)",starter dialogue/text row
client_dialogue_rows,man0g0,110005,Sundered Skies,main_scenario,handwritten_event_driver,processEvent000_3,17,,,say,,,53,<groan>,,,,,,,"A2_12:say(A0_10, 53, 0)",starter dialogue/text row
client_dialogue_rows,man0g0,110005,Sundered Skies,main_scenario,handwritten_event_driver,processEvent000_4,20,,,say,,,55,The two seem to be breathing...,,,,,,,"worldMaster:say(A0_13, 55)",starter dialogue/text row
client_dialogue_rows,man0g0,110005,Sundered Skies,main_scenario,handwritten_event_driver,processEvent020_2,97,,,say,,,56,Your life is forfeit should you wander long about the deep wood.,,,,,,,"A2_30:say(A0_28, 56, 0)",starter dialogue/text row
client_dialogue_rows,man0g0,110005,Sundered Skies,main_scenario,handwritten_event_driver,processEvent020_2,97,,,say,,,57,I daresay you still have much to learn before you might justly claim the title of adventurer. Count yourself lucky we Wood Wailers came when we did.,,,,,,,"A2_30:say(A0_28, 57, 0)",starter dialogue/text row
client_dialogue_rows,man0g0,110005,Sundered Skies,main_scenario,handwritten_event_driver,processEvent020_3,104,,,say,,,58,"Is that...[@SWITCH([@SHEET(itemData,11000088,41)],[@COLOR(#fff3f3f3)],[@COLOR(#ffc0ffa0)],[@COLOR(#ff60c8ff)],[@COLOR(#ffb38cff)],[@COLOR(#ffffa666)],[@COLOR(#ffe5dd7e)])][@EDGECOLOR(#ff262626)][@SHEETEN(xtx/itemName,1,11000088,1,1)][@EDGECOLOR($EC)][@COLOR($EC)]? But that would mean... Did you come across a treant!?",,,,,,,"A2_33:say(A0_31, 58, 0)",starter dialogue/text row
client_dialogue_rows,man0g0,110005,Sundered Skies,main_scenario,handwritten_event_driver,processEvent020_3,104,,,say,,,59,"Saved by moogles? To even see a moogle in one's lifetime is rare enough, but to be [@1A(1)]saved[@1A(0)] by a [@1A(1)]pack[@1A(0)] of them? Not many can make such a boast.",,,,,,,"A2_33:say(A0_31, 59, 0)",starter dialogue/text row
client_dialogue_rows,man0g0,110005,Sundered Skies,main_scenario,handwritten_event_driver,processEvent020_4,112,,,say,,,60,Did you see the darkened skies? The streaking lights and the falling comets? I know not what to make of it all...,,,,,,,"A2_36:say(A0_34, 60, 0)",starter dialogue/text row
client_dialogue_rows,man0g0,110005,Sundered Skies,main_scenario,handwritten_event_driver,processEvent020_5,118,,,say,,,61,The two outsiders?,,,,,,,"A2_39:say(A0_37, 61, 0)",starter dialogue/text row
client_dialogue_rows,man0g0,110005,Sundered Skies,main_scenario,handwritten_event_driver,processEvent020_5,118,,,say,,,62,"If they are outsiders, I imagine they have made for the Adventurers' Guild. But that is just my guess. The Carline Canopy, it's called. To reach it, you need only take this path. You should pay a visit yourself, if you've not yet been.",,,,,,,"A2_39:say(A0_37, 62, 0)",starter dialogue/text row
client_dialogue_rows,man0g0,110005,Sundered Skies,main_scenario,handwritten_event_driver,processEvent020_6,125,,,say,,,95,Welcome to Gridania. You have undergone much to come this far. Passing through the forest when the elementals are angered is no easy thing.,,,,,,,"A2_42:say(A0_40, 95, 0)",starter dialogue/text row
client_dialogue_rows,man0g0,110005,Sundered Skies,main_scenario,handwritten_event_driver,processEvent020_6,125,,,say,,,96,"I will delay you no longer. You must be weary. I urge you to visit our Adventurers' Guild, the Carline Canopy. Perhaps you will find some respite there.",,,,,,,"A2_42:say(A0_40, 96, 0)",starter dialogue/text row
client_dialogue_rows,man0g0,110005,Sundered Skies,main_scenario,handwritten_event_driver,processTtrMini001,629,,,say,,,10,"Save your japes, or it'll be our limbs they're fetching!",,,,,,,"A2_101:say(A0_99, 10, 0)",starter dialogue/text row
client_dialogue_rows,man0g0,110005,Sundered Skies,main_scenario,handwritten_event_driver,processTtrMini001,629,,,say,,,11,Hit them harder!,,,,,,,"A2_101:say(A0_99, 11, 0)",starter dialogue/text row
client_dialogue_rows,man0g0,110005,Sundered Skies,main_scenario,handwritten_event_driver,processTtrMini003,642,,,say,,,72,Ugh...,,,,,,,"A2_107:say(A0_105, 72, 0)",starter dialogue/text row
client_method_body_extracts,man0g0,110005,Sundered Skies,main_scenario,handwritten_event_driver,initText,3,,,,,,,,tools/outputs/lpb/decomp_more_20260617/lua/quest/scenario/man/man0g0.lua,,,,,,"function Man0g0.initText(A0_0) | A0_0:_loadTextDataPermanently(391, ""man0g0"") | end",starter client method body extract
client_method_body_extracts,man0g0,110005,Sundered Skies,main_scenario,handwritten_event_driver,processEvent000_0,6,,,,MAN0G000,,,,tools/outputs/lpb/decomp_more_20260617/lua/quest/scenario/man/man0g0.lua,,,,,,"function Man0g0.processEvent000_0(A0_1, A1_2, A2_3) | A0_1:startFadeOutCutSceneDefault(A1_2) | A0_1:startHQCutScene(""MAN0G000"", 1) | A0_1:startFadeInCutSceneDefault(A1_2) | end",starter client method body extract
client_method_body_extracts,man0g0,110005,Sundered Skies,main_scenario,handwritten_event_driver,processEvent000_1,11,,,,,,,,tools/outputs/lpb/decomp_more_20260617/lua/quest/scenario/man/man0g0.lua,,,,,,"function Man0g0.processEvent000_1(A0_4, A1_5, A2_6) | A2_6:say(A0_4, 52, 0) | end",starter client method body extract
client_method_body_extracts,man0g0,110005,Sundered Skies,main_scenario,handwritten_event_driver,processEvent000_2,14,,,,,,,,tools/outputs/lpb/decomp_more_20260617/lua/quest/scenario/man/man0g0.lua,,,,,,"function Man0g0.processEvent000_2(A0_7, A1_8, A2_9) | A2_9:say(A0_7, 54, 0) | end",starter client method body extract
client_method_body_extracts,man0g0,110005,Sundered Skies,main_scenario,handwritten_event_driver,processEvent000_3,17,,,,,,,,tools/outputs/lpb/decomp_more_20260617/lua/quest/scenario/man/man0g0.lua,,,,,,"function Man0g0.processEvent000_3(A0_10, A1_11, A2_12) | A2_12:say(A0_10, 53, 0) | end",starter client method body extract
client_method_body_extracts,man0g0,110005,Sundered Skies,main_scenario,handwritten_event_driver,processEvent000_4,20,,,,,,,,tools/outputs/lpb/decomp_more_20260617/lua/quest/scenario/man/man0g0.lua,,,,,,"function Man0g0.processEvent000_4(A0_13, A1_14, A2_15) | worldMaster:say(A0_13, 55) | end",starter client method body extract
client_method_body_extracts,man0g0,110005,Sundered Skies,main_scenario,handwritten_event_driver,processEvent010_1,23,,,,,,,,tools/outputs/lpb/decomp_more_20260617/lua/quest/scenario/man/man0g0.lua,,,,,,"function Man0g0.processEvent010_1(A0_16, A1_17, A2_18) | desktopWidget:cancelDesktopWidgetMode(16) | desktopWidget:closeTutorialWidget() | desktopWidget:orderDesktopWidgetMode(16) | end",starter client method body extract
client_method_body_extracts,man0g0,110005,Sundered Skies,main_scenario,handwritten_event_driver,processEvent020_1,28,,,,,,,,tools/outputs/lpb/decomp_more_20260617/lua/quest/scenario/man/man0g0.lua,,,,,,"function Man0g0.processEvent020_1(A0_19, A1_20, A2_21) | local L3_22, L4_23, L5_24, L6_25, L7_26, L8_27 | L4_23 = A0_19 | L3_22 = A0_19.startFadeOutCutSceneDefault | L5_24 = A1_20 | L3_22(L4_23, L5_24) | L4_23 = A0_19 | L3_22 = A0_19.setMusic | L5_24 = A1_20 | L6_25 = 7 | L7_26 = 2 | L3_22(L4_23, L5_24, L6_25, L7_26) | L4_23 = A0_19 | L3_22 = A0_19.startHQCutScene | L5_24 = ""MAN0G020"" | L6_25 = 3 | L3_22(L4_23, L5_24, L6_25) | L4_23 = A0_19 | L3_22 = A0_19.startHQCutScene | L5_24 = ""MAN0G030"" | L6_25 = 7 | L3_22(L4_23, L5_24, L6_25) | L3_22 = desktopWidget | L4_23 = L3_22 | L3_22 = L3_22.openPublicInformDialogWidget | L5_24 = worldMaster | L6_25 = 25117 | L7_26 = 11000088",starter client method body extract
client_method_body_extracts,man0g0,110005,Sundered Skies,main_scenario,handwritten_event_driver,processEvent020_2,97,,,,,,,,tools/outputs/lpb/decomp_more_20260617/lua/quest/scenario/man/man0g0.lua,,,,,,"function Man0g0.processEvent020_2(A0_28, A1_29, A2_30) | A2_30:startCliantTalkTurn(2, A1_29) | A2_30:_runCharaScheduler(354082816) | A2_30:say(A0_28, 56, 0) | A2_30:say(A0_28, 57, 0) | A2_30:finishCliantTalkTurn() | end",starter client method body extract
client_method_body_extracts,man0g0,110005,Sundered Skies,main_scenario,handwritten_event_driver,processEvent020_3,104,,,,,,,,tools/outputs/lpb/decomp_more_20260617/lua/quest/scenario/man/man0g0.lua,,,,,,"function Man0g0.processEvent020_3(A0_31, A1_32, A2_33) | A2_33:startCliantTalkTurn(2, A1_32) | A2_33:_runCharaScheduler(69193728) | A2_33:say(A0_31, 58, 0) | A2_33:_runCharaScheduler(353964032) | A2_33:say(A0_31, 59, 0) | A2_33:finishCliantTalkTurn() | end",starter client method body extract
client_method_body_extracts,man0g0,110005,Sundered Skies,main_scenario,handwritten_event_driver,processEvent020_4,112,,,,,,,,tools/outputs/lpb/decomp_more_20260617/lua/quest/scenario/man/man0g0.lua,,,,,,"function Man0g0.processEvent020_4(A0_34, A1_35, A2_36) | A2_36:startCliantTalkTurn(2, A1_35) | A2_36:_runCharaScheduler(353964032) | A2_36:say(A0_34, 60, 0) | A2_36:finishCliantTalkTurn() | end",starter client method body extract
client_method_body_extracts,man0g0,110005,Sundered Skies,main_scenario,handwritten_event_driver,processEvent020_5,118,,,,,,,,tools/outputs/lpb/decomp_more_20260617/lua/quest/scenario/man/man0g0.lua,,,,,,"function Man0g0.processEvent020_5(A0_37, A1_38, A2_39) | A2_39:startCliantTalkTurn(2, A1_38) | A2_39:say(A0_37, 61, 0) | A2_39:_runCharaScheduler(353964032) | A2_39:say(A0_37, 62, 0) | A2_39:finishCliantTalkTurn() | end",starter client method body extract
client_method_body_extracts,man0g0,110005,Sundered Skies,main_scenario,handwritten_event_driver,processEvent020_6,125,,,,,,,,tools/outputs/lpb/decomp_more_20260617/lua/quest/scenario/man/man0g0.lua,,,,,,"function Man0g0.processEvent020_6(A0_40, A1_41, A2_42) | A2_42:startCliantTalkTurn(2, A1_41) | A2_42:_runCharaScheduler(353959936) | A2_42:say(A0_40, 95, 0) | A2_42:say(A0_40, 96, 0) | A2_42:finishCliantTalkTurn() | end",starter client method body extract
client_method_body_extracts,man0g0,110005,Sundered Skies,main_scenario,handwritten_event_driver,processTtrNomal001withHQ,132,,,,,,,,tools/outputs/lpb/decomp_more_20260617/lua/quest/scenario/man/man0g0.lua,,,,,,"function Man0g0.processTtrNomal001withHQ(A0_43, A1_44, A2_45) | local L3_46, L4_47, L5_48, L6_49, L7_50, L8_51, L9_52, L10_53, L11_54, L12_55, L13_56, L14_57, L15_58, L16_59, L17_60 | L5_48 = A1_44 | L4_47 = A1_44._lockCameraControl | L4_47(L5_48) | L4_47 = desktopWidget | L5_48 = L4_47 | L4_47 = L4_47.orderTutorialMode | L4_47(L5_48) | L4_47 = desktopWidget | L5_48 = L4_47 | L4_47 = L4_47.orderDesktopWidgetMode | L6_49 = 62 | L4_47(L5_48, L6_49) | L4_47 = true | L5_48 = true | L6_49 = true | L7_50 = true | L8_51 = true | L9_52 = 4 | L10_53 = desktopWidget | L11_54 = L10_53 | L10_53 = L10_53.setTutorialMask | L12_55 = L4_47 | L13_56 = L5_48 | L14_57 = L6_49 | L15_58 = L7_50 | L16_59 = L8_51",starter client method body extract
client_method_body_extracts,man0g0,110005,Sundered Skies,main_scenario,handwritten_event_driver,processTtrNomal001,329,,,,,,,,tools/outputs/lpb/decomp_more_20260617/lua/quest/scenario/man/man0g0.lua,,,,,,"function Man0g0.processTtrNomal001(A0_61, A1_62, A2_63) | local L3_64, L4_65, L5_66, L6_67, L7_68, L8_69, L9_70, L10_71, L11_72, L12_73, L13_74, L14_75, L15_76, L16_77, L17_78 | L5_66 = A1_62 | L4_65 = A1_62._lockCameraControl | L4_65(L5_66) | L4_65 = desktopWidget | L5_66 = L4_65 | L4_65 = L4_65.isTutorialMode | L4_65 = L4_65(L5_66) | if L4_65 == false then | L4_65 = desktopWidget | L5_66 = L4_65 | L4_65 = L4_65.orderTutorialMode | L4_65(L5_66) | end | L4_65 = desktopWidget | L5_66 = L4_65 | L4_65 = L4_65.orderDesktopWidgetMode | L6_67 = 62 | L4_65(L5_66, L6_67) | L4_65 = true | L5_66 = true | L6_67 = true | L7_68 = true | L8_69 = true | L9_70 = 4 | L10_71 = desktopWidget | L11_72 = L10_71",starter client method body extract
client_method_body_extracts,man0g0,110005,Sundered Skies,main_scenario,handwritten_event_driver,processTtrNomal002,527,,,,,,,,tools/outputs/lpb/decomp_more_20260617/lua/quest/scenario/man/man0g0.lua,,,,,,"function Man0g0.processTtrNomal002(A0_79, A1_80, A2_81, A3_82) | local L4_83, L5_84, L6_85, L7_86, L8_87, L9_88 | L4_83 = desktopWidget | L5_84 = L4_83 | L4_83 = L4_83.cancelDesktopWidgetMode | L6_85 = 16 | L4_83(L5_84, L6_85) | L4_83 = desktopWidget | L5_84 = L4_83 | L4_83 = L4_83.closeTutorialWidget | L4_83(L5_84) | L5_84 = A0_79 | L4_83 = A0_79._wait | L6_85 = 0.5 | L4_83(L5_84, L6_85) | L4_83 = desktopWidget | L5_84 = L4_83 | L4_83 = L4_83.openTutorialWidget | L6_85 = A3_82 | L7_86 = 3 | L4_83(L5_84, L6_85, L7_86) | L4_83 = true | L5_84 = false | L6_85 = true | L7_86 = true | L8_87 = true | L9_88 = 4 | desktopWidget:setTutorialMask(L4_83, L5_84, L6_85, L7_86, L8_87, L9_88)",starter client method body extract
client_method_body_extracts,man0g0,110005,Sundered Skies,main_scenario,handwritten_event_driver,processTtrNomal003,582,,,,,,,,tools/outputs/lpb/decomp_more_20260617/lua/quest/scenario/man/man0g0.lua,,,,,,"function Man0g0.processTtrNomal003(A0_89, A1_90, A2_91, A3_92) | local L4_93, L5_94, L6_95, L7_96, L8_97, L9_98 | L4_93 = desktopWidget | L5_94 = L4_93 | L4_93 = L4_93.closeTutorialWidget | L4_93(L5_94) | L5_94 = A0_89 | L4_93 = A0_89._wait | L6_95 = 0.5 | L4_93(L5_94, L6_95) | L5_94 = A2_91 | L4_93 = A2_91.say | L6_95 = A0_89 | L7_96 = 76 | L8_97 = 0 | L4_93(L5_94, L6_95, L7_96, L8_97) | L4_93 = desktopWidget | L5_94 = L4_93 | L4_93 = L4_93._setTargetCharacter | L6_95 = 1 | L7_96 = nil | L4_93(L5_94, L6_95, L7_96) | L4_93 = desktopWidget | L5_94 = L4_93 | L4_93 = L4_93.cancelDesktopWidgetMode | L6_95 = 16 | L4_93(L5_94, L6_95) | L4_93 = desktopWidget",starter client method body extract
client_method_body_extracts,man0g0,110005,Sundered Skies,main_scenario,handwritten_event_driver,processTtrMini001,629,,,,,,,,tools/outputs/lpb/decomp_more_20260617/lua/quest/scenario/man/man0g0.lua,,,,,,"function Man0g0.processTtrMini001(A0_99, A1_100, A2_101) | A2_101:startCliantTalkTurn(2, A1_100) | A2_101:_runCharaScheduler(353964032) | A2_101:say(A0_99, 10, 0) | A2_101:say(A0_99, 11, 0) | A2_101:finishCliantTalkTurn() | end",starter client method body extract
client_method_body_extracts,man0g0,110005,Sundered Skies,main_scenario,handwritten_event_driver,processTtrMini002,636,,,,,,,,tools/outputs/lpb/decomp_more_20260617/lua/quest/scenario/man/man0g0.lua,,,,,,"function Man0g0.processTtrMini002(A0_102, A1_103, A2_104) | A2_104:startCliantTalkTurn(2, A1_103) | A2_104:_runCharaScheduler(83992576) | A2_104:say(A0_102, 66, 0) | A2_104:finishCliantTalkTurn() | end",starter client method body extract
client_method_body_extracts,man0g0,110005,Sundered Skies,main_scenario,handwritten_event_driver,processTtrMini003,642,,,,,,,,tools/outputs/lpb/decomp_more_20260617/lua/quest/scenario/man/man0g0.lua,,,,,,"function Man0g0.processTtrMini003(A0_105, A1_106, A2_107) | A2_107:startCliantTalkTurn(2, A1_106) | A2_107:_runCharaScheduler(353959936) | A2_107:say(A0_105, 72, 0) | A2_107:say(A0_105, 73, 0) | A2_107:finishCliantTalkTurn() | end",starter client method body extract
client_method_body_extracts,man0g0,110005,Sundered Skies,main_scenario,handwritten_event_driver,processTtrAfterBtl001,649,,,,,,,,tools/outputs/lpb/decomp_more_20260617/lua/quest/scenario/man/man0g0.lua,,,,,,"function Man0g0.processTtrAfterBtl001(A0_108, A1_109, A2_110) | local L3_111, L4_112, L5_113, L6_114, L7_115, L8_116, L9_117, L10_118, L11_119 | L3_111 = desktopWidget | L4_112 = L3_111 | L3_111 = L3_111.isTutorialMode | L3_111 = L3_111(L4_112) | if L3_111 == false then | L3_111 = desktopWidget | L4_112 = L3_111 | L3_111 = L3_111.orderTutorialMode | L3_111(L4_112) | end | L4_112 = A1_109 | L3_111 = A1_109._fadeInNowLoadingForNoticeEventJustInArea | L3_111(L4_112) | L3_111 = desktopWidget | L4_112 = L3_111 | L3_111 = L3_111.cancelDesktopWidgetMode | L5_113 = 16 | L3_111(L4_112, L5_113) | L3_111 = desktopWidget | L4_112 = L3_111 | L3_111 = L3_111.closeTutorialWidget | L3_111(L4_112) | L3_111 = nil | L4_112 = false | L5_113 = worldMaster | L6_114 = L5_113",starter client method body extract
client_method_body_extracts,man0g0,110005,Sundered Skies,main_scenario,handwritten_event_driver,processTtrBtl001,714,,,,,,,,tools/outputs/lpb/decomp_more_20260617/lua/quest/scenario/man/man0g0.lua,,,,,,"function Man0g0.processTtrBtl001(A0_120, A1_121, A2_122, A3_123) | local L4_124, L5_125, L6_126, L7_127, L8_128, L9_129 | L4_124 = desktopWidget | L5_125 = L4_124 | L4_124 = L4_124.closeTutorialWidget | L4_124(L5_125) | L5_125 = A0_120 | L4_124 = A0_120.startHQCutScene | L6_126 = ""MAN0G010"" | L7_127 = 1 | L4_124(L5_125, L6_126, L7_127) | L5_125 = A0_120 | L4_124 = A0_120.startFadeInCutSceneDefault | L6_126 = A1_121 | L4_124(L5_125, L6_126) | L5_125 = A0_120 | L4_124 = A0_120.setMusic | L6_126 = A1_121 | L7_127 = 13 | L8_128 = 1 | L4_124(L5_125, L6_126, L7_127, L8_128) | L5_125 = A0_120 | L4_124 = A0_120._wait | L6_126 = 2 | L4_124(L5_125, L6_126) | L4_124 = worldMaster | L5_125 = L4_124 | L4_124 = L4_124._aimCameraTutorial",starter client method body extract
client_method_body_extracts,man0g0,110005,Sundered Skies,main_scenario,handwritten_event_driver,processTtrBtlMagic001,793,,,,,,,,tools/outputs/lpb/decomp_more_20260617/lua/quest/scenario/man/man0g0.lua,,,,,,"function Man0g0.processTtrBtlMagic001(A0_130, A1_131, A2_132, A3_133) | local L4_134, L5_135, L6_136, L7_137, L8_138, L9_139, L10_140, L11_141, L12_142, L13_143, L14_144, L15_145 | L4_134 = desktopWidget | L5_135 = L4_134 | L4_134 = L4_134.closeTutorialWidget | L4_134(L5_135) | L4_134 = true | L5_135 = true | L6_136 = true | L7_137 = false | L8_138 = true | L9_139 = 4 | L10_140 = desktopWidget | L11_141 = L10_140 | L10_140 = L10_140.setTutorialMask | L12_142 = L4_134 | L13_143 = L5_135 | L14_144 = L6_136 | L15_145 = L7_137 | L10_140(L11_141, L12_142, L13_143, L14_144, L15_145, L8_138, L9_139) | L11_141 = A0_130 | L10_140 = A0_130.startHQCutScene | L12_142 = ""MAN0G010"" | L13_143 = 1 | L10_140(L11_141, L12_142, L13_143) | L11_141 = A0_130 | L10_140 = A0_130.startFadeInCutSceneDefault | L12_142 = A1_131",starter client method body extract
client_method_body_extracts,man0g0,110005,Sundered Skies,main_scenario,handwritten_event_driver,processTtrBtl002,999,,,,,,,,tools/outputs/lpb/decomp_more_20260617/lua/quest/scenario/man/man0g0.lua,,,,,,"function Man0g0.processTtrBtl002(A0_146, A1_147, A2_148, A3_149) | local L4_150, L5_151, L6_152, L7_153, L8_154, L9_155, L10_156, L11_157, L12_158, L13_159, L14_160, L15_161, L16_162, L17_163, L18_164, L19_165, L20_166, L21_167, L22_168 | L4_150 = desktopWidget | L5_151 = L4_150 | L4_150 = L4_150.cancelDesktopWidgetMode | L6_152 = 16 | L4_150(L5_151, L6_152) | L4_150 = desktopWidget | L5_151 = L4_150 | L4_150 = L4_150.closeTutorialWidget | L4_150(L5_151) | L5_151 = A0_146 | L4_150 = A0_146._wait | L6_152 = 1 | L4_150(L5_151, L6_152) | L4_150 = desktopWidget | L5_151 = L4_150 | L4_150 = L4_150.orderDesktopWidgetMode | L6_152 = 16 | L4_150(L5_151, L6_152) | L4_150 = worldMaster | L5_151 = L4_150 | L4_150 = L4_150._aimCameraTutorial | L6_152 = 1400004 | L4_150(L5_151, L6_152) | L4_150 = worldMaster | L5_151 = L4_150 | L4_150 = L4_150._lookAtPlayerTutorial",starter client method body extract
client_method_body_extracts,man0g0,110005,Sundered Skies,main_scenario,handwritten_event_driver,processTtrBtl003,1194,,,,,,,,tools/outputs/lpb/decomp_more_20260617/lua/quest/scenario/man/man0g0.lua,,,,,,"function Man0g0.processTtrBtl003(A0_169, A1_170, A2_171) | local L3_172, L4_173, L5_174, L6_175, L7_176, L8_177, L9_178, L10_179, L11_180 | L3_172 = desktopWidget | L4_173 = L3_172 | L3_172 = L3_172.cancelDesktopWidgetMode | L5_174 = 16 | L3_172(L4_173, L5_174) | L3_172 = desktopWidget | L4_173 = L3_172 | L3_172 = L3_172.closeTutorialWidget | L3_172(L4_173) | L4_173 = A0_169 | L3_172 = A0_169._wait | L5_174 = 3 | L3_172(L4_173, L5_174) | L3_172 = 1 | L5_174 = A1_170 | L4_173 = A1_170.getStateMainSkill | L4_173 = L4_173(L5_174) | L6_175 = A1_170 | L5_174 = A1_170.getSkillCategory | L7_176 = L4_173 | L5_174 = L5_174(L6_175, L7_176) | if L5_174 == 21 then | L3_172 = 3 | elseif L5_174 == 29 or L5_174 == 39 then | L3_172 = 4 | elseif L4_173 == 7 then",starter client method body extract
client_method_body_extracts,man0g0,110005,Sundered Skies,main_scenario,handwritten_event_driver,processTtrBlkNml001,1258,,,,,,,,tools/outputs/lpb/decomp_more_20260617/lua/quest/scenario/man/man0g0.lua,,,,,,"function Man0g0.processTtrBlkNml001(A0_181, A1_182, A2_183) | local L3_184, L4_185, L5_186, L6_187, L7_188, L8_189 | L3_184 = desktopWidget | L4_185 = L3_184 | L3_184 = L3_184.isTutorialMode | L3_184 = L3_184(L4_185) | if L3_184 == false then | L3_184 = desktopWidget | L4_185 = L3_184 | L3_184 = L3_184.orderTutorialMode | L3_184(L4_185) | end | L3_184 = worldMaster | L4_185 = L3_184 | L3_184 = L3_184._aimCameraTutorial | L5_186 = 1600102 | L3_184(L4_185, L5_186) | L3_184 = worldMaster | L4_185 = L3_184 | L3_184 = L3_184._lookAtPlayerTutorial | L5_186 = 1600102 | L3_184(L4_185, L5_186) | L3_184 = worldMaster | L4_185 = L3_184 | L3_184 = L3_184._runCharaSchedulerTutorial | L5_186 = 1600102 | L6_187 = 353972224 | L3_184(L4_185, L5_186, L6_187)",starter client method body extract
client_method_body_extracts,man0g0,110005,Sundered Skies,main_scenario,handwritten_event_driver,processTtrBlkNml002,1312,,,,,,,,tools/outputs/lpb/decomp_more_20260617/lua/quest/scenario/man/man0g0.lua,,,,,,"function Man0g0.processTtrBlkNml002(A0_190, A1_191, A2_192) | end",starter client method body extract
client_method_body_extracts,man0g0,110005,Sundered Skies,main_scenario,handwritten_event_driver,processTtrBtl004,1314,,,,,,,,tools/outputs/lpb/decomp_more_20260617/lua/quest/scenario/man/man0g0.lua,,,,,,"function Man0g0.processTtrBtl004(A0_193, A1_194, A2_195) | desktopWidget:cancelDesktopWidgetMode(16) | desktopWidget:closeTutorialWidget() | desktopWidget:openTutorialSuccessWidget(4305, true) | A0_193:_wait(3) | A0_193:processInformDialogAsQuest(A0_193, 90) | desktopWidget:cancelDesktopWidgetMode(16) | desktopWidget:openTutorialWidget(2, 1) | end",starter client method body extract
client_method_body_extracts,man0g0,110005,Sundered Skies,main_scenario,handwritten_event_driver,processInformDialogAsQuest,1323,,,,,,,,tools/outputs/lpb/decomp_more_20260617/lua/quest/scenario/man/man0g0.lua,,,,,,"function Man0g0.processInformDialogAsQuest(A0_196, A1_197, A2_198) | desktopWidget:openPublicInformDialogWidget(A0_196, A1_197, A2_198) | A0_196:_wait(2) | desktopWidget:getStaticWidget(8):hide() | end",starter client method body extract
client_method_summary,man0g0,110005,Sundered Skies,main_scenario,handwritten_event_driver,initText,3,,,,,,,,,,,,,,,starter client method spine
client_method_summary,man0g0,110005,Sundered Skies,main_scenario,handwritten_event_driver,processEvent000_0,6,,,,MAN0G000,,,,,,,,,,,starter client method spine
client_method_summary,man0g0,110005,Sundered Skies,main_scenario,handwritten_event_driver,processEvent000_1,11,,,,,,,...,,,,,,,,starter client method spine
client_method_summary,man0g0,110005,Sundered Skies,main_scenario,handwritten_event_driver,processEvent000_2,14,,,,,,,<moan>,,,,,,,,starter client method spine
client_method_summary,man0g0,110005,Sundered Skies,main_scenario,handwritten_event_driver,processEvent000_3,17,,,,,,,<groan>,,,,,,,,starter client method spine
client_method_summary,man0g0,110005,Sundered Skies,main_scenario,handwritten_event_driver,processEvent000_4,20,,,,,,,The two seem to be breathing...,,,,,,,,starter client method spine
client_method_summary,man0g0,110005,Sundered Skies,main_scenario,handwritten_event_driver,processEvent010_1,23,,,,,,,,,,,,,,,starter client method spine
client_method_summary,man0g0,110005,Sundered Skies,main_scenario,handwritten_event_driver,processEvent020_1,28,,,,,,,,,,,,,,,starter client method spine
client_method_summary,man0g0,110005,Sundered Skies,main_scenario,handwritten_event_driver,processEvent020_2,97,,,,,,,Your life is forfeit should you wander long about the deep wood.,,,,,,,,starter client method spine
client_method_summary,man0g0,110005,Sundered Skies,main_scenario,handwritten_event_driver,processEvent020_3,104,,,,,,,"Is that...[@SWITCH([@SHEET(itemData,11000088,41)],[@COLOR(#fff3f3f3)],[@COLOR(#ffc0ffa0)],[@COLOR(#ff60c8ff)],[@COLOR(#ffb38cff)],[@COLOR(#ffffa666)],[@COLOR(#ffe5dd7e)])][@EDGECOLOR(#ff262626)][@SHEETEN(xtx/itemName,1,11000088,1,1)][@EDGECOLOR($EC)][@COLOR...",,,,,,,,starter client method spine
client_method_summary,man0g0,110005,Sundered Skies,main_scenario,handwritten_event_driver,processEvent020_4,112,,,,,,,Did you see the darkened skies? The streaking lights and the falling comets? I know not what to make of it all...,,,,,,,,starter client method spine
client_method_summary,man0g0,110005,Sundered Skies,main_scenario,handwritten_event_driver,processEvent020_5,118,,,,,,,The two outsiders?,,,,,,,,starter client method spine
client_method_summary,man0g0,110005,Sundered Skies,main_scenario,handwritten_event_driver,processEvent020_6,125,,,,,,,Welcome to Gridania. You have undergone much to come this far. Passing through the forest when the elementals are angered is no easy thing.,,,,,,,,starter client method spine
client_method_summary,man0g0,110005,Sundered Skies,main_scenario,handwritten_event_driver,processTtrNomal001withHQ,132,,,,,,,,,,,,,,,starter client method spine
client_method_summary,man0g0,110005,Sundered Skies,main_scenario,handwritten_event_driver,processTtrNomal001,329,,,,,,,,,,,,,,,starter client method spine
client_method_summary,man0g0,110005,Sundered Skies,main_scenario,handwritten_event_driver,processTtrNomal002,527,,,,,,,,,,,,,,,starter client method spine
client_method_summary,man0g0,110005,Sundered Skies,main_scenario,handwritten_event_driver,processTtrNomal003,582,,,,,,,,,,,,,,,starter client method spine
client_method_summary,man0g0,110005,Sundered Skies,main_scenario,handwritten_event_driver,processTtrMini001,629,,,,,,,"Save your japes, or it'll be our limbs they're fetching!",,,,,,,,starter client method spine
client_method_summary,man0g0,110005,Sundered Skies,main_scenario,handwritten_event_driver,processTtrMini002,636,,,,,,,,,,,,,,,starter client method spine
client_method_summary,man0g0,110005,Sundered Skies,main_scenario,handwritten_event_driver,processTtrMini003,642,,,,,,,Ugh...,,,,,,,,starter client method spine
client_method_summary,man0g0,110005,Sundered Skies,main_scenario,handwritten_event_driver,processTtrAfterBtl001,649,,,,,,,,,,,,,,,starter client method spine
client_method_summary,man0g0,110005,Sundered Skies,main_scenario,handwritten_event_driver,processTtrBtl001,714,,,,,,,,,,,,,,,starter client method spine
client_method_summary,man0g0,110005,Sundered Skies,main_scenario,handwritten_event_driver,processTtrBtlMagic001,793,,,,,,,,,,,,,,,starter client method spine
client_method_summary,man0g0,110005,Sundered Skies,main_scenario,handwritten_event_driver,processTtrBtl002,999,,,,,,,,,,,,,,,starter client method spine
client_method_summary,man0g0,110005,Sundered Skies,main_scenario,handwritten_event_driver,processTtrBtl003,1194,,,,,,,,,,,,,,,starter client method spine
client_method_summary,man0g0,110005,Sundered Skies,main_scenario,handwritten_event_driver,processTtrBlkNml001,1258,,,,,,,,,,,,,,,starter client method spine
client_method_summary,man0g0,110005,Sundered Skies,main_scenario,handwritten_event_driver,processTtrBlkNml002,1312,,,,,,,,,,,,,,,starter client method spine
client_method_summary,man0g0,110005,Sundered Skies,main_scenario,handwritten_event_driver,processTtrBtl004,1314,,,,,,,,,,,,,,,starter client method spine
client_method_summary,man0g0,110005,Sundered Skies,main_scenario,handwritten_event_driver,processInformDialogAsQuest,1323,,,,,,,,,,,,,,,starter client method spine
client_signal_rows,man0g0,110005,Sundered Skies,main_scenario,handwritten_event_driver,processEvent000_0,7,1,fade,startFadeOutCutSceneDefault,,,,,,,,,,,A0_1:startFadeOutCutSceneDefault(A1_2),starter client signal/cutscene step
client_signal_rows,man0g0,110005,Sundered Skies,main_scenario,handwritten_event_driver,processEvent000_0,8,2,cutscene,startHQCutScene,MAN0G000,,,,,,,,,,"A0_1:startHQCutScene(""MAN0G000"", 1)",starter client signal/cutscene step
client_signal_rows,man0g0,110005,Sundered Skies,main_scenario,handwritten_event_driver,processEvent000_0,9,3,fade,startFadeInCutSceneDefault,,,,,,,,,,,A0_1:startFadeInCutSceneDefault(A1_2),starter client signal/cutscene step
client_signal_rows,man0g0,110005,Sundered Skies,main_scenario,handwritten_event_driver,processEvent000_1,12,1,dialogue,say,,,52,...,,,,,,,"A2_6:say(A0_4, 52, 0)",starter client signal/cutscene step
client_signal_rows,man0g0,110005,Sundered Skies,main_scenario,handwritten_event_driver,processEvent000_2,15,1,dialogue,say,,,54,<moan>,,,,,,,"A2_9:say(A0_7, 54, 0)",starter client signal/cutscene step
client_signal_rows,man0g0,110005,Sundered Skies,main_scenario,handwritten_event_driver,processEvent000_3,18,1,dialogue,say,,,53,<groan>,,,,,,,"A2_12:say(A0_10, 53, 0)",starter client signal/cutscene step
client_signal_rows,man0g0,110005,Sundered Skies,main_scenario,handwritten_event_driver,processEvent000_4,21,1,dialogue,say,,,55,The two seem to be breathing...,,,,,,,"worldMaster:say(A0_13, 55)",starter client signal/cutscene step
client_signal_rows,man0g0,110005,Sundered Skies,main_scenario,handwritten_event_driver,processEvent020_1,94,1,client_call,ask,,,,,,,,,,,"desktopWidget:setTutorialMask(L3_22, L4_23, L5_24, L6_25, L7_26, L8_27)",starter client signal/cutscene step
client_signal_rows,man0g0,110005,Sundered Skies,main_scenario,handwritten_event_driver,processEvent020_1,95,2,fade,startFadeInCutSceneAfterWarp,,,,,,,,,,,A0_19:startFadeInCutSceneAfterWarp(A1_20),starter client signal/cutscene step
client_signal_rows,man0g0,110005,Sundered Skies,main_scenario,handwritten_event_driver,processEvent020_2,99,1,scheduler,_runCharaScheduler,,,,,,,,,,,A2_30:_runCharaScheduler(354082816),starter client signal/cutscene step
client_signal_rows,man0g0,110005,Sundered Skies,main_scenario,handwritten_event_driver,processEvent020_2,100,2,dialogue,say,,,56,Your life is forfeit should you wander long about the deep wood.,,,,,,,"A2_30:say(A0_28, 56, 0)",starter client signal/cutscene step
client_signal_rows,man0g0,110005,Sundered Skies,main_scenario,handwritten_event_driver,processEvent020_2,101,3,dialogue,say,,,57,I daresay you still have much to learn before you might justly claim the title of adventurer. Count yourself lucky we Wood Wailers came when we did.,,,,,,,"A2_30:say(A0_28, 57, 0)",starter client signal/cutscene step
client_signal_rows,man0g0,110005,Sundered Skies,main_scenario,handwritten_event_driver,processEvent020_3,106,1,scheduler,_runCharaScheduler,,,,,,,,,,,A2_33:_runCharaScheduler(69193728),starter client signal/cutscene step
client_signal_rows,man0g0,110005,Sundered Skies,main_scenario,handwritten_event_driver,processEvent020_3,107,2,dialogue,say,,,58,"Is that...[@SWITCH([@SHEET(itemData,11000088,41)],[@COLOR(#fff3f3f3)],[@COLOR(#ffc0ffa0)],[@COLOR(#ff60c8ff)],[@COLOR(#ffb38cff)],[@COLOR(#ffffa666)],[@COLOR(#ffe5dd7e)])][@EDGECOLOR(#ff262626)][@SHEETEN(xtx/itemName,1,11000088,1,1)][@EDGECOLOR($EC)][@COLOR($EC)]? But that would mean... Did you come across a treant!?",,,,,,,"A2_33:say(A0_31, 58, 0)",starter client signal/cutscene step
client_signal_rows,man0g0,110005,Sundered Skies,main_scenario,handwritten_event_driver,processEvent020_3,108,3,scheduler,_runCharaScheduler,,,,,,,,,,,A2_33:_runCharaScheduler(353964032),starter client signal/cutscene step
client_signal_rows,man0g0,110005,Sundered Skies,main_scenario,handwritten_event_driver,processEvent020_3,109,4,dialogue,say,,,59,"Saved by moogles? To even see a moogle in one's lifetime is rare enough, but to be [@1A(1)]saved[@1A(0)] by a [@1A(1)]pack[@1A(0)] of them? Not many can make such a boast.",,,,,,,"A2_33:say(A0_31, 59, 0)",starter client signal/cutscene step
client_signal_rows,man0g0,110005,Sundered Skies,main_scenario,handwritten_event_driver,processEvent020_4,114,1,scheduler,_runCharaScheduler,,,,,,,,,,,A2_36:_runCharaScheduler(353964032),starter client signal/cutscene step
client_signal_rows,man0g0,110005,Sundered Skies,main_scenario,handwritten_event_driver,processEvent020_4,115,2,dialogue,say,,,60,Did you see the darkened skies? The streaking lights and the falling comets? I know not what to make of it all...,,,,,,,"A2_36:say(A0_34, 60, 0)",starter client signal/cutscene step
client_signal_rows,man0g0,110005,Sundered Skies,main_scenario,handwritten_event_driver,processEvent020_5,120,1,dialogue,say,,,61,The two outsiders?,,,,,,,"A2_39:say(A0_37, 61, 0)",starter client signal/cutscene step
client_signal_rows,man0g0,110005,Sundered Skies,main_scenario,handwritten_event_driver,processEvent020_5,121,2,scheduler,_runCharaScheduler,,,,,,,,,,,A2_39:_runCharaScheduler(353964032),starter client signal/cutscene step
client_signal_rows,man0g0,110005,Sundered Skies,main_scenario,handwritten_event_driver,processEvent020_5,122,3,dialogue,say,,,62,"If they are outsiders, I imagine they have made for the Adventurers' Guild. But that is just my guess. The Carline Canopy, it's called. To reach it, you need only take this path. You should pay a visit yourself, if you've not yet been.",,,,,,,"A2_39:say(A0_37, 62, 0)",starter client signal/cutscene step
client_signal_rows,man0g0,110005,Sundered Skies,main_scenario,handwritten_event_driver,processEvent020_6,127,1,scheduler,_runCharaScheduler,,,,,,,,,,,A2_42:_runCharaScheduler(353959936),starter client signal/cutscene step
client_signal_rows,man0g0,110005,Sundered Skies,main_scenario,handwritten_event_driver,processEvent020_6,128,2,dialogue,say,,,95,Welcome to Gridania. You have undergone much to come this far. Passing through the forest when the elementals are angered is no easy thing.,,,,,,,"A2_42:say(A0_40, 95, 0)",starter client signal/cutscene step
client_signal_rows,man0g0,110005,Sundered Skies,main_scenario,handwritten_event_driver,processEvent020_6,129,3,dialogue,say,,,96,"I will delay you no longer. You must be weary. I urge you to visit our Adventurers' Guild, the Carline Canopy. Perhaps you will find some respite there.",,,,,,,"A2_42:say(A0_40, 96, 0)",starter client signal/cutscene step
client_signal_rows,man0g0,110005,Sundered Skies,main_scenario,handwritten_event_driver,processTtrNomal001withHQ,324,1,client_call,ask,,,,,,,,,,,"desktopWidget:setTutorialMask(L12_55, L13_56, L14_57, L15_58, L16_59, L17_60)",starter client signal/cutscene step
client_signal_rows,man0g0,110005,Sundered Skies,main_scenario,handwritten_event_driver,processTtrNomal001,522,1,client_call,ask,,,,,,,,,,,"desktopWidget:setTutorialMask(L12_73, L13_74, L14_75, L15_76, L16_77, L17_78)",starter client signal/cutscene step
client_signal_rows,man0g0,110005,Sundered Skies,main_scenario,handwritten_event_driver,processTtrNomal002,554,1,client_call,ask,,,,,,,,,,,"desktopWidget:setTutorialMask(L4_83, L5_84, L6_85, L7_86, L8_87, L9_88)",starter client signal/cutscene step
client_signal_rows,man0g0,110005,Sundered Skies,main_scenario,handwritten_event_driver,processTtrNomal002,565,2,client_call,ask,,,,,,,,,,,"desktopWidget:setTutorialMask(L4_83, L5_84, L6_85, L7_86, L8_87, L9_88)",starter client signal/cutscene step
client_signal_rows,man0g0,110005,Sundered Skies,main_scenario,handwritten_event_driver,processTtrNomal002,572,3,wait,_wait,,,,,,,,,,,A0_79:_wait(0.5),starter client signal/cutscene step
client_signal_rows,man0g0,110005,Sundered Skies,main_scenario,handwritten_event_driver,processTtrNomal002,580,4,client_call,ask,,,,,,,,,,,"desktopWidget:setTutorialMask(L4_83, L5_84, L6_85, L7_86, L8_87, L9_88)",starter client signal/cutscene step
client_signal_rows,man0g0,110005,Sundered Skies,main_scenario,handwritten_event_driver,processTtrNomal003,627,1,client_call,ask,,,,,,,,,,,"desktopWidget:setTutorialMask(L4_93, L5_94, L6_95, L7_96, L8_97, L9_98)",starter client signal/cutscene step
client_signal_rows,man0g0,110005,Sundered Skies,main_scenario,handwritten_event_driver,processTtrMini001,631,1,scheduler,_runCharaScheduler,,,,,,,,,,,A2_101:_runCharaScheduler(353964032),starter client signal/cutscene step
client_signal_rows,man0g0,110005,Sundered Skies,main_scenario,handwritten_event_driver,processTtrMini001,632,2,dialogue,say,,,10,"Save your japes, or it'll be our limbs they're fetching!",,,,,,,"A2_101:say(A0_99, 10, 0)",starter client signal/cutscene step
client_signal_rows,man0g0,110005,Sundered Skies,main_scenario,handwritten_event_driver,processTtrMini001,633,3,dialogue,say,,,11,Hit them harder!,,,,,,,"A2_101:say(A0_99, 11, 0)",starter client signal/cutscene step
client_signal_rows,man0g0,110005,Sundered Skies,main_scenario,handwritten_event_driver,processTtrMini002,638,1,scheduler,_runCharaScheduler,,,,,,,,,,,A2_104:_runCharaScheduler(83992576),starter client signal/cutscene step
client_signal_rows,man0g0,110005,Sundered Skies,main_scenario,handwritten_event_driver,processTtrMini002,639,2,dialogue,say,,,66,,,,,,,,"A2_104:say(A0_102, 66, 0)",starter client signal/cutscene step
client_signal_rows,man0g0,110005,Sundered Skies,main_scenario,handwritten_event_driver,processTtrMini003,644,1,scheduler,_runCharaScheduler,,,,,,,,,,,A2_107:_runCharaScheduler(353959936),starter client signal/cutscene step
client_signal_rows,man0g0,110005,Sundered Skies,main_scenario,handwritten_event_driver,processTtrMini003,645,2,dialogue,say,,,72,Ugh...,,,,,,,"A2_107:say(A0_105, 72, 0)",starter client signal/cutscene step
client_signal_rows,man0g0,110005,Sundered Skies,main_scenario,handwritten_event_driver,processTtrMini003,646,3,dialogue,say,,,73,,,,,,,,"A2_107:say(A0_105, 73, 0)",starter client signal/cutscene step
client_signal_rows,man0g0,110005,Sundered Skies,main_scenario,handwritten_event_driver,processTtrAfterBtl001,711,1,client_call,ask,,,,,,,,,,,"desktopWidget:setTutorialMask(L6_114, L7_115, L8_116, L9_117, L10_118, L11_119)",starter client signal/cutscene step
client_signal_rows,man0g0,110005,Sundered Skies,main_scenario,handwritten_event_driver,processTtrBtl001,783,1,client_call,ask,,,,,,,,,,,"desktopWidget:setTutorialMask(L4_124, L5_125, L6_126, L7_127, L8_128, L9_129)",starter client signal/cutscene step
client_signal_rows,man0g0,110005,Sundered Skies,main_scenario,handwritten_event_driver,processTtrBtl001,791,2,client_call,ask,,,,,,,,,,,"desktopWidget:setTutorialMask(L4_124, L5_125, L6_126, L7_127, L8_128, L9_129)",starter client signal/cutscene step
client_signal_rows,man0g0,110005,Sundered Skies,main_scenario,handwritten_event_driver,processTtrBtlMagic001,980,1,client_call,ask,,,,,,,,,,,"desktopWidget:setTutorialMask(L4_134, L5_135, L6_136, L7_137, L8_138, L9_139)",starter client signal/cutscene step
client_signal_rows,man0g0,110005,Sundered Skies,main_scenario,handwritten_event_driver,processTtrBtlMagic001,997,2,client_call,ask,,,,,,,,,,,"desktopWidget:setTutorialMask(L4_134, L5_135, L6_136, L7_137, L8_138, L9_139)",starter client signal/cutscene step
client_signal_rows,man0g0,110005,Sundered Skies,main_scenario,handwritten_event_driver,processTtrBtl002,1192,1,client_call,ask,,,,,,,,,,,"desktopWidget:setTutorialMask(L17_163, L18_164, L19_165, L20_166, L21_167, L22_168)",starter client signal/cutscene step
client_signal_rows,man0g0,110005,Sundered Skies,main_scenario,handwritten_event_driver,processTtrBtl003,1255,1,client_call,ask,,,,,,,,,,,"desktopWidget:setTutorialMask(L6_175, L7_176, L8_177, L9_178, L10_179, L11_180)",starter client signal/cutscene step
client_signal_rows,man0g0,110005,Sundered Skies,main_scenario,handwritten_event_driver,processTtrBlkNml001,1309,1,client_call,ask,,,,,,,,,,,"desktopWidget:setTutorialMask(L3_184, L4_185, L5_186, L6_187, L7_188, L8_189)",starter client signal/cutscene step
client_signal_rows,man0g0,110005,Sundered Skies,main_scenario,handwritten_event_driver,processTtrBtl004,1318,1,wait,_wait,,,,,,,,,,,A0_193:_wait(3),starter client signal/cutscene step
client_signal_rows,man0g0,110005,Sundered Skies,main_scenario,handwritten_event_driver,processInformDialogAsQuest,1325,1,wait,_wait,,,,,,,,,,,A0_196:_wait(2),starter client signal/cutscene step
content_spawn_atlas_rows,man0g0,110005,Sundered Skies,main_scenario,handwritten_event_driver,onCreate,36,,enemy,,,,,,Data/scripts/content/SimpleContent30010.lua,2201407,,,,,"2201407; ""wolf1""; 374.4; 4.4; -698.7; -1.9",starter content spawn atlas
content_spawn_atlas_rows,man0g0,110005,Sundered Skies,main_scenario,handwritten_event_driver,onCreate,44,,enemy,,,,,,Data/scripts/content/SimpleContent30010.lua,2201407,,,,,"2201407; ""wolf2""; 375.4; 4.4; -700.24; -2",starter content spawn atlas
content_spawn_atlas_rows,man0g0,110005,Sundered Skies,main_scenario,handwritten_event_driver,onCreate,52,,enemy,,,,,,Data/scripts/content/SimpleContent30010.lua,2201407,,,,,"2201407; ""wolf3""; 375.1; 4.4; -703.6; -1.54",starter content spawn atlas
content_spawn_atlas_rows,man0g0,110005,Sundered Skies,main_scenario,handwritten_event_driver,onCreate,60,,actor,,,,,,Data/scripts/content/SimpleContent30010.lua,1090384,,,,,"1090384; ""openingstoper""; 356.1; 3.7; -701.6; -1.4",starter content spawn atlas
content_spawn_rows,man0g0,110005,Sundered Skies,main_scenario,handwritten_event_driver,,25,,ally,"papalymo = contentArea:SpawnAlly(2290005, ""papalymo"", 365.9, 4.1, -706.7, -0.7);",,,,,Data/scripts/content/SimpleContent30010.lua,2290005,,,,,"papalymo = contentArea:SpawnAlly(2290005, ""papalymo"", 365.9, 4.1, -706.7, -0.7);",starter content spawn row
content_spawn_rows,man0g0,110005,Sundered Skies,main_scenario,handwritten_event_driver,,33,,ally,"yda = contentArea:SpawnAlly(2290006, ""yda"", 365.26, 4.1, -700.73, 1.56, 2);",,,,,Data/scripts/content/SimpleContent30010.lua,2290006,,,,,"yda = contentArea:SpawnAlly(2290006, ""yda"", 365.26, 4.1, -700.73, 1.56, 2);",starter content spawn row
content_spawn_rows,man0g0,110005,Sundered Skies,main_scenario,handwritten_event_driver,,43,,enemy,"wolf1 = contentArea:SpawnEnemy(2201407, ""wolf1"", 374.4, 4.4, -698.7, -1.9);",,,,,Data/scripts/content/SimpleContent30010.lua,2201407,,,,,"wolf1 = contentArea:SpawnEnemy(2201407, ""wolf1"", 374.4, 4.4, -698.7, -1.9);",starter content spawn row
content_spawn_rows,man0g0,110005,Sundered Skies,main_scenario,handwritten_event_driver,,51,,enemy,"wolf2 = contentArea:SpawnEnemy(2201407, ""wolf2"", 375.4, 4.4, -700.24, -2);",,,,,Data/scripts/content/SimpleContent30010.lua,2201407,,,,,"wolf2 = contentArea:SpawnEnemy(2201407, ""wolf2"", 375.4, 4.4, -700.24, -2);",starter content spawn row
content_spawn_rows,man0g0,110005,Sundered Skies,main_scenario,handwritten_event_driver,,59,,enemy,"wolf3 = contentArea:SpawnEnemy(2201407, ""wolf3"", 375.1, 4.4, -703.6, -1.54);",,,,,Data/scripts/content/SimpleContent30010.lua,2201407,,,,,"wolf3 = contentArea:SpawnEnemy(2201407, ""wolf3"", 375.1, 4.4, -703.6, -1.54);",starter content spawn row
content_spawn_rows,man0g0,110005,Sundered Skies,main_scenario,handwritten_event_driver,,67,,actor,"openingStoper = contentArea:SpawnActor(1090384, ""openingstoper"", 356.1, 3.7, -701.6, -1.4);",,,,,Data/scripts/content/SimpleContent30010.lua,1090384,,,,,"openingStoper = contentArea:SpawnActor(1090384, ""openingstoper"", 356.1, 3.7, -701.6, -1.4);",starter content spawn row
counter_usage_rows,man0g0,110005,Sundered Skies,main_scenario,handwritten_event_driver,onEventStarted,49,,SetCounter,SetCounter,,,,,Data/scripts/directors/Quest/QuestDirectorMan0g001.lua,,,,,,"quest:GetData():SetCounter(COUNTER_QUESTKILL, 0); -- clears kill counter as a precaution. Mostly to prevent crashes during debugging.",starter counter usage
dat_marker_rows,man0g0,110005,Sundered Skies,main_scenario,handwritten_event_driver,,,1,,,,,,,,11000501,high,,,,,starter DAT marker row
dat_marker_rows,man0g0,110005,Sundered Skies,main_scenario,handwritten_event_driver,,,2,,,,,,,,11000502,high,,,,,starter DAT marker row
dat_marker_rows,man0g0,110005,Sundered Skies,main_scenario,handwritten_event_driver,,,3,,,,,,,,11000503,high,,,,,starter DAT marker row
dat_marker_rows,man0g0,110005,Sundered Skies,main_scenario,handwritten_event_driver,,,4,,,,,,,,11000504,high,,,,,starter DAT marker row
dat_marker_rows,man0g0,110005,Sundered Skies,main_scenario,handwritten_event_driver,,,5,,,,,,,,11000505,high,,,,,starter DAT marker row
dat_marker_rows,man0g0,110005,Sundered Skies,main_scenario,handwritten_event_driver,,,6,,,,,,,,11000506,high,,,,,starter DAT marker row
dat_marker_rows,man0g0,110005,Sundered Skies,main_scenario,handwritten_event_driver,,,7,,,,,,,,11000507,high,,,,,starter DAT marker row
dat_marker_rows,man0g0,110005,Sundered Skies,main_scenario,handwritten_event_driver,,,8,,,,,,,,11000508,high,,,,,starter DAT marker row
dat_marker_rows,man0g0,110005,Sundered Skies,main_scenario,handwritten_event_driver,,,9,,,,,,,,11000509,high,,,,,starter DAT marker row
dat_marker_rows,man0g0,110005,Sundered Skies,main_scenario,handwritten_event_driver,,,10,,,,,,,,11000510,high,,,,,starter DAT marker row
dat_marker_rows,man0g0,110005,Sundered Skies,main_scenario,handwritten_event_driver,,,11,,,,,,,,11000511,high,,,,,starter DAT marker row
dat_marker_rows,man0g0,110005,Sundered Skies,main_scenario,handwritten_event_driver,,,12,,,,,,,,11000512,high,,,,,starter DAT marker row
dat_marker_rows,man0g0,110005,Sundered Skies,main_scenario,handwritten_event_driver,,,13,,,,,,,,11000513,high,,,,,starter DAT marker row
dat_marker_rows,man0g0,110005,Sundered Skies,main_scenario,handwritten_event_driver,,,14,,,,,,,,11000514,high,,,,,starter DAT marker row
dat_marker_rows,man0g0,110005,Sundered Skies,main_scenario,handwritten_event_driver,,,15,,,,,,,,11000515,high,,,,,starter DAT marker row
dat_marker_rows,man0g0,110005,Sundered Skies,main_scenario,handwritten_event_driver,,,16,,,,,,,,11000516,high,,,,,starter DAT marker row
dat_marker_rows,man0g0,110005,Sundered Skies,main_scenario,handwritten_event_driver,,,17,,,,,,,,11000517,high,,,,,starter DAT marker row
dat_marker_rows,man0g0,110005,Sundered Skies,main_scenario,handwritten_event_driver,,,18,,,,,,,,11000518,high,,,,,starter DAT marker row
dat_marker_rows,man0g0,110005,Sundered Skies,main_scenario,handwritten_event_driver,,,19,,,,,,,,11000519,high,,,,,starter DAT marker row
dat_marker_rows,man0g0,110005,Sundered Skies,main_scenario,handwritten_event_driver,,,20,,,,,,,,11000520,high,,,,,starter DAT marker row
delegate_push_call_rows,man0g0,110005,Sundered Skies,main_scenario,handwritten_event_driver,onPush,121,SEQ_000,callClientFunction,processTtrNomal002,,,,,Data\scripts\quests\man\man0g0.lua,,event_method,natural_onEventStarted,,,"callClientFunction(player, ""delegateEvent"", player, quest, ""processTtrNomal002"")",starter push call contract
delegate_push_call_rows,man0g0,110005,Sundered Skies,main_scenario,handwritten_event_driver,onPush,128,SEQ_010,callClientFunction,processTtrBlkNml001,,,,,Data\scripts\quests\man\man0g0.lua,,event_method,natural_onEventStarted,,,"callClientFunction(player, ""delegateEvent"", player, quest, ""processTtrBlkNml001"")",starter push call contract
delegate_push_call_rows,man0g0,110005,Sundered Skies,main_scenario,handwritten_event_driver,onNotice,141,SEQ_010,callClientFunction,processTtrNomal001withHQ,,,,,Data\scripts\quests\man\man0g0.lua,,event_method,natural_onEventStarted,,,"callClientFunction(player, ""delegateEvent"", player, quest, ""processTtrNomal001withHQ"")",starter push call contract
delegate_push_call_rows,man0g0,110005,Sundered Skies,main_scenario,handwritten_event_driver,seq000_onTalk,156,SEQ_010,callClientFunction,processTtrNomal003,,,,,Data\scripts\quests\man\man0g0.lua,,event_method,natural_onEventStarted,,,"callClientFunction(player, ""delegateEvent"", player, quest, ""processTtrNomal003"")",starter push call contract
delegate_push_call_rows,man0g0,110005,Sundered Skies,main_scenario,handwritten_event_driver,seq000_onTalk,161,SEQ_010,callClientFunction,processEvent000_3,,,,,Data\scripts\quests\man\man0g0.lua,,,natural_onEventStarted,,,"callClientFunction(player, ""delegateEvent"", player, quest, ""processEvent000_3"")",starter push call contract
delegate_push_call_rows,man0g0,110005,Sundered Skies,main_scenario,handwritten_event_driver,seq000_onTalk,165,SEQ_010,callClientFunction,processEvent000_2,,,,,Data\scripts\quests\man\man0g0.lua,,,natural_onEventStarted,,,"callClientFunction(player, ""delegateEvent"", player, quest, ""processEvent000_2"")",starter push call contract
delegate_push_call_rows,man0g0,110005,Sundered Skies,main_scenario,handwritten_event_driver,seq000_onTalk,168,SEQ_010,callClientFunction,processEvent000_2,,,,,Data\scripts\quests\man\man0g0.lua,,,natural_onEventStarted,,,"callClientFunction(player, ""delegateEvent"", player, quest, ""processEvent000_2"")",starter push call contract
delegate_push_call_rows,man0g0,110005,Sundered Skies,main_scenario,handwritten_event_driver,seq010_onTalk,178,SEQ_010,callClientFunction,processEvent020_2,,,,,Data\scripts\quests\man\man0g0.lua,,,natural_onEventStarted,,,"callClientFunction(player, ""delegateEvent"", player, quest, ""processEvent020_2"")",starter push call contract
delegate_push_call_rows,man0g0,110005,Sundered Skies,main_scenario,handwritten_event_driver,seq010_onTalk,180,SEQ_010,callClientFunction,processEvent020_3,,,,,Data\scripts\quests\man\man0g0.lua,,,natural_onEventStarted,,,"callClientFunction(player, ""delegateEvent"", player, quest, ""processEvent020_3"")",starter push call contract
delegate_push_call_rows,man0g0,110005,Sundered Skies,main_scenario,handwritten_event_driver,seq010_onTalk,182,SEQ_010,callClientFunction,processEvent020_4,,,,,Data\scripts\quests\man\man0g0.lua,,,natural_onEventStarted,,,"callClientFunction(player, ""delegateEvent"", player, quest, ""processEvent020_4"")",starter push call contract
delegate_push_call_rows,man0g0,110005,Sundered Skies,main_scenario,handwritten_event_driver,seq010_onTalk,184,SEQ_010,callClientFunction,processEvent020_5,,,,,Data\scripts\quests\man\man0g0.lua,,,natural_onEventStarted,,,"callClientFunction(player, ""delegateEvent"", player, quest, ""processEvent020_5"")",starter push call contract
delegate_push_call_rows,man0g0,110005,Sundered Skies,main_scenario,handwritten_event_driver,seq010_onTalk,187,SEQ_010,callClientFunction,processEvent020_6,,,,,Data\scripts\quests\man\man0g0.lua,,,natural_onEventStarted,,,"callClientFunction(player, ""delegateEvent"", player, quest, ""processEvent020_6"")",starter push call contract
fight_route_matrix,man0g0,110005,Sundered Skies,main_scenario,handwritten_event_driver,,,,,Push 1099046 -> Man0g1,,,,,man0g01,2201407,strict_kill_route_reachable,private_content_lifecycle_ready_probe_rewards,3,probe reward/return lock and then enable the narrow quest row,Data\scripts\quests\man\man0g0.lua; Data\scripts\quests\man\man0g0.lua:217; Data\scripts\content\SimpleContent30010.lua; Data\scripts\directors\Quest\QuestDirectorMan0g001.lua,starter fight route/materialization
flag_usage_rows,man0g0,110005,Sundered Skies,main_scenario,handwritten_event_driver,onStateChange,76,,GetFlag,GetFlag,,,,,Data/scripts/quests/man/man0g0.lua,,,,,,local ydaCanPush = not data:GetFlag(FLAG_SEQ000_MINITUT0);,starter flag/counter usage
flag_usage_rows,man0g0,110005,Sundered Skies,main_scenario,handwritten_event_driver,onStateChange,78,,GetFlag,GetFlag,,,,,Data/scripts/quests/man/man0g0.lua,,,,,,local papalymoFlag = (not data:GetFlag(FLAG_SEQ000_MINITUT1) and data:GetFlag(FLAG_SEQ000_MINITUT0) and QFLAG_TALK or QFLAG_NONE);,starter flag/counter usage
flag_usage_rows,man0g0,110005,Sundered Skies,main_scenario,handwritten_event_driver,onStateChange,78,,GetFlag,GetFlag,,,,,Data/scripts/quests/man/man0g0.lua,,,,,,local papalymoFlag = (not data:GetFlag(FLAG_SEQ000_MINITUT1) and data:GetFlag(FLAG_SEQ000_MINITUT0) and QFLAG_TALK or QFLAG_NONE);,starter flag/counter usage
flag_usage_rows,man0g0,110005,Sundered Skies,main_scenario,handwritten_event_driver,onStateChange,80,,GetFlag,GetFlag,,,,,Data/scripts/quests/man/man0g0.lua,,,,,,if (not data:GetFlag(FLAG_SEQ000_MINITUT0)) or (data:GetFlag(FLAG_SEQ000_MINITUT1)) then,starter flag/counter usage
flag_usage_rows,man0g0,110005,Sundered Skies,main_scenario,handwritten_event_driver,onStateChange,80,,GetFlag,GetFlag,,,,,Data/scripts/quests/man/man0g0.lua,,,,,,if (not data:GetFlag(FLAG_SEQ000_MINITUT0)) or (data:GetFlag(FLAG_SEQ000_MINITUT1)) then,starter flag/counter usage
flag_usage_rows,man0g0,110005,Sundered Skies,main_scenario,handwritten_event_driver,onStateChange,90,,GetFlag,GetFlag,,,,,Data/scripts/quests/man/man0g0.lua,,,,,,local tkebbeTalk = (not data:GetFlag(FLAG_SEQ010_TKEBBE) and QFLAG_TALK or QFLAG_NONE);,starter flag/counter usage
flag_usage_rows,man0g0,110005,Sundered Skies,main_scenario,handwritten_event_driver,onPush,120,,GetFlag,GetFlag,,,,,Data/scripts/quests/man/man0g0.lua,,,,,,if (not data:GetFlag(FLAG_SEQ000_TARGET_STARTED)) then,starter flag/counter usage
flag_usage_rows,man0g0,110005,Sundered Skies,main_scenario,handwritten_event_driver,onPush,122,,SetFlag,SetFlag,,,,,Data/scripts/quests/man/man0g0.lua,,,,,,data:SetFlag(FLAG_SEQ000_TARGET_STARTED);,starter flag/counter usage
flag_usage_rows,man0g0,110005,Sundered Skies,main_scenario,handwritten_event_driver,seq000_onTalk,151,,GetFlag,GetFlag,,,,,Data/scripts/quests/man/man0g0.lua,,,,,,if (not data:GetFlag(FLAG_SEQ000_TARGET_STARTED)) then,starter flag/counter usage
flag_usage_rows,man0g0,110005,Sundered Skies,main_scenario,handwritten_event_driver,seq000_onTalk,155,,GetFlag,GetFlag,,,,,Data/scripts/quests/man/man0g0.lua,,,,,,if (not data:GetFlag(FLAG_SEQ000_MINITUT0)) then -- If Talk tutorial,starter flag/counter usage
flag_usage_rows,man0g0,110005,Sundered Skies,main_scenario,handwritten_event_driver,seq000_onTalk,157,,SetFlag,SetFlag,,,,,Data/scripts/quests/man/man0g0.lua,,,,,,data:SetFlag(FLAG_SEQ000_MINITUT0); -- Disable Yda's PushEvent and set up Papalymo,starter flag/counter usage
flag_usage_rows,man0g0,110005,Sundered Skies,main_scenario,handwritten_event_driver,seq000_onTalk,158,,GetFlag,GetFlag,,,,,Data/scripts/quests/man/man0g0.lua,,,,,,elseif (data:GetFlag(FLAG_SEQ000_MINITUT1)) then -- If Talked to after Papaylmo,starter flag/counter usage
flag_usage_rows,man0g0,110005,Sundered Skies,main_scenario,handwritten_event_driver,seq000_onTalk,164,,GetFlag,GetFlag,,,,,Data/scripts/quests/man/man0g0.lua,,,,,,if (data:GetFlag(FLAG_SEQ000_MINITUT0)) then,starter flag/counter usage
flag_usage_rows,man0g0,110005,Sundered Skies,main_scenario,handwritten_event_driver,seq000_onTalk,166,,SetFlag,SetFlag,,,,,Data/scripts/quests/man/man0g0.lua,,,,,,data:SetFlag(FLAG_SEQ000_MINITUT1);,starter flag/counter usage
flag_usage_rows,man0g0,110005,Sundered Skies,main_scenario,handwritten_event_driver,seq010_onTalk,185,,SetFlag,SetFlag,,,,,Data/scripts/quests/man/man0g0.lua,,,,,,data:SetFlag(FLAG_SEQ010_TKEBBE);,starter flag/counter usage
flag_usage_rows,man0g0,110005,Sundered Skies,main_scenario,handwritten_event_driver,getJournalMapMarkerList,199,,GetFlag,GetFlag,,,,,Data/scripts/quests/man/man0g0.lua,,,,,,if (not data:GetFlag(FLAG_SEQ000_MINITUT0)) or (data:GetFlag(FLAG_SEQ000_MINITUT1)) then,starter flag/counter usage
flag_usage_rows,man0g0,110005,Sundered Skies,main_scenario,handwritten_event_driver,getJournalMapMarkerList,199,,GetFlag,GetFlag,,,,,Data/scripts/quests/man/man0g0.lua,,,,,,if (not data:GetFlag(FLAG_SEQ000_MINITUT0)) or (data:GetFlag(FLAG_SEQ000_MINITUT1)) then,starter flag/counter usage
flag_usage_rows,man0g0,110005,Sundered Skies,main_scenario,handwritten_event_driver,getJournalMapMarkerList,203,,GetFlag,GetFlag,,,,,Data/scripts/quests/man/man0g0.lua,,,,,,if (data:GetFlag(FLAG_SEQ000_MINITUT0)) and (not data:GetFlag(FLAG_SEQ000_MINITUT1)) then,starter flag/counter usage
flag_usage_rows,man0g0,110005,Sundered Skies,main_scenario,handwritten_event_driver,getJournalMapMarkerList,203,,GetFlag,GetFlag,,,,,Data/scripts/quests/man/man0g0.lua,,,,,,if (data:GetFlag(FLAG_SEQ000_MINITUT0)) and (not data:GetFlag(FLAG_SEQ000_MINITUT1)) then,starter flag/counter usage
function_skeleton_rows,man0g0,110005,Sundered Skies,main_scenario,handwritten_event_driver,init,5,,,,,,,,Data/scripts/directors/Quest/QuestDirectorMan0g001.lua,,,,,,,starter function skeleton
function_skeleton_rows,man0g0,110005,Sundered Skies,main_scenario,handwritten_event_driver,onKillBNpc,13,,,,,,,,Data/scripts/directors/Quest/QuestDirectorMan0g001.lua,,,,,,34:event:processEvent020_1 -> 29:action:StartSequence -> 30:action:kickEventContinue -> 37:action:ContentFinished -> 38:action:DoZoneChange -> 39:action:StartSequence,starter function skeleton
function_skeleton_rows,man0g0,110005,Sundered Skies,main_scenario,handwritten_event_driver,onEventStarted,46,,,,,,,,Data/scripts/directors/Quest/QuestDirectorMan0g001.lua,,,,,,54:event:processTtrBtl001 -> 61:event:processTtrBtl002 -> 91:event:processTtrBtlMagic001 -> 49:SetCounter:COUNTER_QUESTKILL -> 55:action:EndEvent -> 58:action:kickEventContinue -> 62:action:EndEvent -> 70:action:kickEventContinue -> 81:action:EndEvent -> 84:action:kickEventContinue -> 95:action:kickEventContinue -> 103:action:EndEvent,starter function skeleton
function_skeleton_rows,man0g0,110005,Sundered Skies,main_scenario,handwritten_event_driver,onStart,65,,,,,,,,Data/scripts/quests/man/man0g0.lua,,,,,,66:action:StartSequence,starter function skeleton
function_skeleton_rows,man0g0,110005,Sundered Skies,main_scenario,handwritten_event_driver,onFinish,69,,,,,,,,Data/scripts/quests/man/man0g0.lua,,,,,,,starter function skeleton
function_skeleton_rows,man0g0,110005,Sundered Skies,main_scenario,handwritten_event_driver,onStateChange,72,,,,,,,,Data/scripts/quests/man/man0g0.lua,,,,,,76:GetFlag:FLAG_SEQ000_MINITUT0 -> 78:GetFlag:FLAG_SEQ000_MINITUT1 -> 78:GetFlag:FLAG_SEQ000_MINITUT0 -> 80:GetFlag:FLAG_SEQ000_MINITUT0 -> 80:GetFlag:FLAG_SEQ000_MINITUT1 -> 90:GetFlag:FLAG_SEQ010_TKEBBE,starter function skeleton
function_skeleton_rows,man0g0,110005,Sundered Skies,main_scenario,handwritten_event_driver,onTalk,101,,,,,,,,Data/scripts/quests/man/man0g0.lua,,,,,,,starter function skeleton
function_skeleton_rows,man0g0,110005,Sundered Skies,main_scenario,handwritten_event_driver,onPush,113,,,,,,,,Data/scripts/quests/man/man0g0.lua,,,,,,121:event:processTtrNomal002 -> 128:event:processTtrBlkNml001 -> 120:GetFlag:FLAG_SEQ000_TARGET_STARTED -> 122:SetFlag:FLAG_SEQ000_TARGET_STARTED -> 123:action:EndEvent -> 130:action:EndEvent -> 132:action:ReplaceQuest -> 137:action:EndEvent,starter function skeleton
function_skeleton_rows,man0g0,110005,Sundered Skies,main_scenario,handwritten_event_driver,onNotice,140,,,,,,,,Data/scripts/quests/man/man0g0.lua,,,,,,141:event:processTtrNomal001withHQ -> 143:action:EndEvent,starter function skeleton
function_skeleton_rows,man0g0,110005,Sundered Skies,main_scenario,handwritten_event_driver,seq000_onTalk,147,,,,,,,,Data/scripts/quests/man/man0g0.lua,,,,,,156:event:processTtrNomal003 -> 161:event:processEvent000_3 -> 165:event:processEvent000_2 -> 168:event:processEvent000_2 -> 151:GetFlag:FLAG_SEQ000_TARGET_STARTED -> 155:GetFlag:FLAG_SEQ000_MINITUT0 -> 157:SetFlag:FLAG_SEQ000_MINITUT0 -> 158:GetFlag:FLAG_SEQ000_MINITUT1 -> 164:GetFlag:FLAG_SEQ000_MINITUT0 -> 166:SetFlag:FLAG_SEQ000_MINITUT1 -> 152:action:EndEvent -> 171:action:EndEvent,starter function skeleton
function_skeleton_rows,man0g0,110005,Sundered Skies,main_scenario,handwritten_event_driver,seq010_onTalk,174,,,,,,,,Data/scripts/quests/man/man0g0.lua,,,,,,178:event:processEvent020_2 -> 180:event:processEvent020_3 -> 182:event:processEvent020_4 -> 184:event:processEvent020_5 -> 187:event:processEvent020_6 -> 185:SetFlag:FLAG_SEQ010_TKEBBE -> 189:action:EndEvent,starter function skeleton
function_skeleton_rows,man0g0,110005,Sundered Skies,main_scenario,handwritten_event_driver,getJournalMapMarkerList,192,,,,,,,,Data/scripts/quests/man/man0g0.lua,,,,,,199:GetFlag:FLAG_SEQ000_MINITUT0 -> 199:GetFlag:FLAG_SEQ000_MINITUT1 -> 203:GetFlag:FLAG_SEQ000_MINITUT0 -> 203:GetFlag:FLAG_SEQ000_MINITUT1,starter function skeleton
function_skeleton_rows,man0g0,110005,Sundered Skies,main_scenario,handwritten_event_driver,doContentArea,214,,,,,,,,Data/scripts/quests/man/man0g0.lua,,,,,,223:action:AddDirector -> 224:action:StartDirector -> 226:action:SetLoginDirector -> 228:action:DoZoneChangeContent -> 230:action:StartContentGroup -> 231:action:StartSequence -> 232:action:KickEvent,starter function skeleton
lifecycle_action_rows,man0g0,110005,Sundered Skies,main_scenario,handwritten_event_driver,onStart,66,,StartSequence,StartSequence,,,,,Data\scripts\quests\man\man0g0.lua,,,,,,StartSequence(SEQ_000),starter local lifecycle action
lifecycle_action_rows,man0g0,110005,Sundered Skies,main_scenario,handwritten_event_driver,onPush,123,SEQ_000,EndEvent,EndEvent,,,,,Data\scripts\quests\man\man0g0.lua,,,,,,EndEvent(),starter local lifecycle action
lifecycle_action_rows,man0g0,110005,Sundered Skies,main_scenario,handwritten_event_driver,onPush,130,SEQ_010,EndEvent,EndEvent,,,,,Data\scripts\quests\man\man0g0.lua,,,,,,EndEvent(),starter local lifecycle action
lifecycle_action_rows,man0g0,110005,Sundered Skies,main_scenario,handwritten_event_driver,onPush,137,SEQ_010,EndEvent,EndEvent,,,,,Data\scripts\quests\man\man0g0.lua,,,,,,EndEvent(),starter local lifecycle action
lifecycle_action_rows,man0g0,110005,Sundered Skies,main_scenario,handwritten_event_driver,onNotice,143,SEQ_010,EndEvent,EndEvent,,,,,Data\scripts\quests\man\man0g0.lua,,,,,,EndEvent(),starter local lifecycle action
lifecycle_action_rows,man0g0,110005,Sundered Skies,main_scenario,handwritten_event_driver,seq000_onTalk,152,SEQ_010,EndEvent,EndEvent,,,,,Data\scripts\quests\man\man0g0.lua,,,,,,EndEvent(),starter local lifecycle action
lifecycle_action_rows,man0g0,110005,Sundered Skies,main_scenario,handwritten_event_driver,seq000_onTalk,171,SEQ_010,EndEvent,EndEvent,,,,,Data\scripts\quests\man\man0g0.lua,,,,,,EndEvent(),starter local lifecycle action
lifecycle_action_rows,man0g0,110005,Sundered Skies,main_scenario,handwritten_event_driver,seq010_onTalk,189,SEQ_010,EndEvent,EndEvent,,,,,Data\scripts\quests\man\man0g0.lua,,,,,,EndEvent(),starter local lifecycle action
lifecycle_action_rows,man0g0,110005,Sundered Skies,main_scenario,handwritten_event_driver,doContentArea,216,SEQ_010,StartSequence,StartSequence,,,,,Data\scripts\quests\man\man0g0.lua,,,,,,StartSequence(SEQ_005),starter local lifecycle action
lifecycle_action_rows,man0g0,110005,Sundered Skies,main_scenario,handwritten_event_driver,doContentArea,224,SEQ_010,AddDirector,AddDirector,,,,,Data\scripts\quests\man\man0g0.lua,,,,,,AddDirector(director),starter local lifecycle action
lifecycle_action_rows,man0g0,110005,Sundered Skies,main_scenario,handwritten_event_driver,doContentArea,225,SEQ_010,StartDirector,StartDirector,,,,,Data\scripts\quests\man\man0g0.lua,,,,,,StartDirector(false),starter local lifecycle action
lifecycle_action_rows,man0g0,110005,Sundered Skies,main_scenario,handwritten_event_driver,doContentArea,227,SEQ_010,KickEvent,KickEvent,,,,,Data\scripts\quests\man\man0g0.lua,,,,,,"KickEvent(director, ""noticeEvent"", true)",starter local lifecycle action
lifecycle_action_rows,man0g0,110005,Sundered Skies,main_scenario,handwritten_event_driver,doContentArea,228,SEQ_010,SetLoginDirector,SetLoginDirector,,,,,Data\scripts\quests\man\man0g0.lua,,,,,,SetLoginDirector(director),starter local lifecycle action
lifecycle_action_rows,man0g0,110005,Sundered Skies,main_scenario,handwritten_event_driver,doContentArea,230,SEQ_010,DoZoneChangeContent,DoZoneChangeContent,,,,,Data\scripts\quests\man\man0g0.lua,,,,,,"DoZoneChangeContent(player, contentArea, 362.4087, 4, -703.8168, 1.5419, 16)",starter local lifecycle action
local_constant_rows,man0g0,110005,Sundered Skies,main_scenario,handwritten_event_driver,,,,actor_or_other,BLOCKER1,,,,,Data\scripts\quests\man\man0g0.lua,,,,,,,starter local constant/actor mapping
local_constant_rows,man0g0,110005,Sundered Skies,main_scenario,handwritten_event_driver,,,,actor_or_other,CECILIA,,,,,Data\scripts\quests\man\man0g0.lua,,,,,,,starter local constant/actor mapping
local_constant_rows,man0g0,110005,Sundered Skies,main_scenario,handwritten_event_driver,,,,actor_or_other,FARRIMOND,,,,,Data\scripts\quests\man\man0g0.lua,,,,,,,starter local constant/actor mapping
local_constant_rows,man0g0,110005,Sundered Skies,main_scenario,handwritten_event_driver,,,,flag,FLAG_SEQ000_MINITUT0,,,,,Data\scripts\quests\man\man0g0.lua,,,,,,,starter local constant/actor mapping
local_constant_rows,man0g0,110005,Sundered Skies,main_scenario,handwritten_event_driver,,,,flag,FLAG_SEQ000_MINITUT1,,,,,Data\scripts\quests\man\man0g0.lua,,,,,,,starter local constant/actor mapping
local_constant_rows,man0g0,110005,Sundered Skies,main_scenario,handwritten_event_driver,,,,flag,FLAG_SEQ000_MINITUT2,,,,,Data\scripts\quests\man\man0g0.lua,,,,,,,starter local constant/actor mapping
local_constant_rows,man0g0,110005,Sundered Skies,main_scenario,handwritten_event_driver,,,,flag,FLAG_SEQ000_TARGET_STARTED,,,,,Data\scripts\quests\man\man0g0.lua,,,,,,,starter local constant/actor mapping
local_constant_rows,man0g0,110005,Sundered Skies,main_scenario,handwritten_event_driver,,,,flag,FLAG_SEQ010_TKEBBE,,,,,Data\scripts\quests\man\man0g0.lua,,,,,,,starter local constant/actor mapping
local_constant_rows,man0g0,110005,Sundered Skies,main_scenario,handwritten_event_driver,,,,actor_or_other,GUILD_ANENE,,,,,Data\scripts\quests\man\man0g0.lua,,,,,,,starter local constant/actor mapping
local_constant_rows,man0g0,110005,Sundered Skies,main_scenario,handwritten_event_driver,,,,actor_or_other,GUILD_BASEWIN,,,,,Data\scripts\quests\man\man0g0.lua,,,,,,,starter local constant/actor mapping
local_constant_rows,man0g0,110005,Sundered Skies,main_scenario,handwritten_event_driver,,,,actor_or_other,GUILD_EDASSHYM,,,,,Data\scripts\quests\man\man0g0.lua,,,,,,,starter local constant/actor mapping
local_constant_rows,man0g0,110005,Sundered Skies,main_scenario,handwritten_event_driver,,,,actor_or_other,GUILD_EMONI,,,,,Data\scripts\quests\man\man0g0.lua,,,,,,,starter local constant/actor mapping
local_constant_rows,man0g0,110005,Sundered Skies,main_scenario,handwritten_event_driver,,,,actor_or_other,GUILD_GONTRANT,,,,,Data\scripts\quests\man\man0g0.lua,,,,,,,starter local constant/actor mapping
local_constant_rows,man0g0,110005,Sundered Skies,main_scenario,handwritten_event_driver,,,,actor_or_other,GUILD_GYLES,,,,,Data\scripts\quests\man\man0g0.lua,,,,,,,starter local constant/actor mapping
local_constant_rows,man0g0,110005,Sundered Skies,main_scenario,handwritten_event_driver,,,,actor_or_other,GUILD_HONGA_VUNGA,,,,,Data\scripts\quests\man\man0g0.lua,,,,,,,starter local constant/actor mapping
local_constant_rows,man0g0,110005,Sundered Skies,main_scenario,handwritten_event_driver,,,,actor_or_other,GUILD_LTANDHAA,,,,,Data\scripts\quests\man\man0g0.lua,,,,,,,starter local constant/actor mapping
local_constant_rows,man0g0,110005,Sundered Skies,main_scenario,handwritten_event_driver,,,,actor_or_other,GUILD_NONCO_MENANCO,,,,,Data\scripts\quests\man\man0g0.lua,,,,,,,starter local constant/actor mapping
local_constant_rows,man0g0,110005,Sundered Skies,main_scenario,handwritten_event_driver,,,,actor_or_other,GUILD_ODILIE,,,,,Data\scripts\quests\man\man0g0.lua,,,,,,,starter local constant/actor mapping
local_constant_rows,man0g0,110005,Sundered Skies,main_scenario,handwritten_event_driver,,,,actor_or_other,GUILD_PENELOPE,,,,,Data\scripts\quests\man\man0g0.lua,,,,,,,starter local constant/actor mapping
local_constant_rows,man0g0,110005,Sundered Skies,main_scenario,handwritten_event_driver,,,,actor_or_other,GUILD_POFUFU,,,,,Data\scripts\quests\man\man0g0.lua,,,,,,,starter local constant/actor mapping
local_constant_rows,man0g0,110005,Sundered Skies,main_scenario,handwritten_event_driver,,,,actor_or_other,GUILD_SEIKFRAE,,,,,Data\scripts\quests\man\man0g0.lua,,,,,,,starter local constant/actor mapping
local_constant_rows,man0g0,110005,Sundered Skies,main_scenario,handwritten_event_driver,,,,actor_or_other,GUILD_SYLBERT,,,,,Data\scripts\quests\man\man0g0.lua,,,,,,,starter local constant/actor mapping
local_constant_rows,man0g0,110005,Sundered Skies,main_scenario,handwritten_event_driver,,,,actor_or_other,GUILD_TIERNEY,,,,,Data\scripts\quests\man\man0g0.lua,,,,,,,starter local constant/actor mapping
local_constant_rows,man0g0,110005,Sundered Skies,main_scenario,handwritten_event_driver,,,,actor_or_other,GUILD_VKOROLON,,,,,Data\scripts\quests\man\man0g0.lua,,,,,,,starter local constant/actor mapping
local_constant_rows,man0g0,110005,Sundered Skies,main_scenario,handwritten_event_driver,,,,actor_or_other,LONSYGG,,,,,Data\scripts\quests\man\man0g0.lua,,,,,,,starter local constant/actor mapping
local_constant_rows,man0g0,110005,Sundered Skies,main_scenario,handwritten_event_driver,,,,marker,MRKR_GUILD,,,,,Data\scripts\quests\man\man0g0.lua,,,,,,,starter local constant/actor mapping
local_constant_rows,man0g0,110005,Sundered Skies,main_scenario,handwritten_event_driver,,,,marker,MRKR_LONSYGG,,,,,Data\scripts\quests\man\man0g0.lua,,,,,,,starter local constant/actor mapping
local_constant_rows,man0g0,110005,Sundered Skies,main_scenario,handwritten_event_driver,,,,marker,MRKR_PAPALYMO,,,,,Data\scripts\quests\man\man0g0.lua,,,,,,,starter local constant/actor mapping
local_constant_rows,man0g0,110005,Sundered Skies,main_scenario,handwritten_event_driver,,,,marker,MRKR_YDA,,,,,Data\scripts\quests\man\man0g0.lua,,,,,,,starter local constant/actor mapping
local_constant_rows,man0g0,110005,Sundered Skies,main_scenario,handwritten_event_driver,,,,actor_or_other,PAPALYMO,,,,,Data\scripts\quests\man\man0g0.lua,,,,,,,starter local constant/actor mapping
local_constant_rows,man0g0,110005,Sundered Skies,main_scenario,handwritten_event_driver,,,,actor_or_other,PAPALYMO_COMBAT,,,,,Data\scripts\quests\man\man0g0.lua,,,,,,,starter local constant/actor mapping
local_constant_rows,man0g0,110005,Sundered Skies,main_scenario,handwritten_event_driver,,,,actor_or_other,PUSH_ADV_GUILD,,,,,Data\scripts\quests\man\man0g0.lua,,,,,,,starter local constant/actor mapping
local_constant_rows,man0g0,110005,Sundered Skies,main_scenario,handwritten_event_driver,,,,sequence,SEQ_000,,,,,Data\scripts\quests\man\man0g0.lua,,,,,,,starter local constant/actor mapping
local_constant_rows,man0g0,110005,Sundered Skies,main_scenario,handwritten_event_driver,,,,sequence,SEQ_005,,,,,Data\scripts\quests\man\man0g0.lua,,,,,,,starter local constant/actor mapping
local_constant_rows,man0g0,110005,Sundered Skies,main_scenario,handwritten_event_driver,,,,sequence,SEQ_010,,,,,Data\scripts\quests\man\man0g0.lua,,,,,,,starter local constant/actor mapping
local_constant_rows,man0g0,110005,Sundered Skies,main_scenario,handwritten_event_driver,,,,actor_or_other,SWETHYNA,,,,,Data\scripts\quests\man\man0g0.lua,,,,,,,starter local constant/actor mapping
local_constant_rows,man0g0,110005,Sundered Skies,main_scenario,handwritten_event_driver,,,,actor_or_other,TKEBBE,,,,,Data\scripts\quests\man\man0g0.lua,,,,,,,starter local constant/actor mapping
local_constant_rows,man0g0,110005,Sundered Skies,main_scenario,handwritten_event_driver,,,,actor_or_other,YDA,,,,,Data\scripts\quests\man\man0g0.lua,,,,,,,starter local constant/actor mapping
local_constant_rows,man0g0,110005,Sundered Skies,main_scenario,handwritten_event_driver,,,,actor_or_other,YDA_COMBAT,,,,,Data\scripts\quests\man\man0g0.lua,,,,,,,starter local constant/actor mapping
local_marker_constants,man0g0,110005,Sundered Skies,main_scenario,handwritten_event_driver,,51,,,MRKR_LONSYGG = 11000501; -- Obsolete. Pre-1.19 location for this npc,,,,,Data/scripts/quests/man/man0g0.lua,11000501,,,,Obsolete. Pre-1.19 location for this npc,MRKR_LONSYGG = 11000501; -- Obsolete. Pre-1.19 location for this npc,starter local marker constant
local_marker_constants,man0g0,110005,Sundered Skies,main_scenario,handwritten_event_driver,,52,,,MRKR_YDA = 11000502;,,,,,Data/scripts/quests/man/man0g0.lua,11000502,,,,,MRKR_YDA = 11000502;,starter local marker constant
local_marker_constants,man0g0,110005,Sundered Skies,main_scenario,handwritten_event_driver,,53,,,MRKR_PAPALYMO = 11000503;,,,,,Data/scripts/quests/man/man0g0.lua,11000503,,,,,MRKR_PAPALYMO = 11000503;,starter local marker constant
local_marker_constants,man0g0,110005,Sundered Skies,main_scenario,handwritten_event_driver,,54,,,MRKR_GUILD = 11000504;,,,,,Data/scripts/quests/man/man0g0.lua,11000504,,,,,MRKR_GUILD = 11000504;,starter local marker constant
marker_condition_rows,man0g0,110005,Sundered Skies,main_scenario,handwritten_event_driver,,200,2,,"table.insert(possibleMarkers, MRKR_YDA);",,,,,Data/scripts/quests/man/man0g0.lua,11000502,,,"local possibleMarkers = {}; | local data = quest:GetData(); | if (sequence == SEQ_000) then | if (not data:GetFlag(FLAG_SEQ000_MINITUT0)) or (data:GetFlag(FLAG_SEQ000_MINITUT1)) then | table.insert(possibleMarkers, MRKR_YDA);",,"table.insert(possibleMarkers, MRKR_YDA);",starter marker condition
marker_condition_rows,man0g0,110005,Sundered Skies,main_scenario,handwritten_event_driver,,204,3,,"table.insert(possibleMarkers, MRKR_PAPALYMO);",,,,,Data/scripts/quests/man/man0g0.lua,11000503,,,"if (not data:GetFlag(FLAG_SEQ000_MINITUT0)) or (data:GetFlag(FLAG_SEQ000_MINITUT1)) then | table.insert(possibleMarkers, MRKR_YDA); | end | if (data:GetFlag(FLAG_SEQ000_MINITUT0)) and (not data:GetFlag(FLAG_SEQ000_MINITUT1)) then | table.insert(possibleMarkers, MRKR_PAPALYMO);",,"table.insert(possibleMarkers, MRKR_PAPALYMO);",starter marker condition
marker_condition_rows,man0g0,110005,Sundered Skies,main_scenario,handwritten_event_driver,,208,4,,"table.insert(possibleMarkers, MRKR_GUILD);",,,,,Data/scripts/quests/man/man0g0.lua,11000504,,,"if (data:GetFlag(FLAG_SEQ000_MINITUT0)) and (not data:GetFlag(FLAG_SEQ000_MINITUT1)) then | table.insert(possibleMarkers, MRKR_PAPALYMO); | end | elseif (sequence == SEQ_010) then | table.insert(possibleMarkers, MRKR_GUILD);",,"table.insert(possibleMarkers, MRKR_GUILD);",starter marker condition
objective_crosscheck_rows,man0g0,110005,Sundered Skies,main_scenario,handwritten_event_driver,,,,,,,,,,,2201407,,,3,,,starter objective crosscheck
probe_commands,man0g0,110005,Sundered Skies,main_scenario,handwritten_event_driver,,1,,,accept,,,,,,,,,journal contains quest,ensure the opening quest is in the player journal,,starter probe command
probe_commands,man0g0,110005,Sundered Skies,main_scenario,handwritten_event_driver,,2,,,direct content checkpoint,,,,,,,,,man0g01 starts with Quest/QuestDirectorMan0g001,enter the private content fight checkpoint,,starter probe command
probe_commands,man0g0,110005,Sundered Skies,main_scenario,handwritten_event_driver,,3,,,inspect in content,,,,,,,,,SEQ_005 is active,confirm sequence and counters after content entry,,starter probe command
probe_commands,man0g0,110005,Sundered Skies,main_scenario,handwritten_event_driver,,4,,,complete objective,,,,,,,,,3x 2201407 reaches completion,simulate objective kill credit,,starter probe command
probe_commands,man0g0,110005,Sundered Skies,main_scenario,handwritten_event_driver,,5,,,inspect after return,,,,,,,,,SEQ_010 in zone 155,confirm return handoff state,,starter probe command
quest_summary,man0g0,110005,Sundered Skies,main_scenario,handwritten_event_driver,,,,,,,,,,Data/scripts/content/SimpleContent30010.lua,,,,,,,starter quest summary
replay_scene_rows,man0g0,110005,Sundered Skies,main_scenario,handwritten_event_driver,,,,,,man0g000,,,,,,,,-200=literal zero/default placeholder,,,starter replay scene row
reward_rows,man0g0,110005,Sundered Skies,main_scenario,handwritten_event_driver,,,,Gil,1000001,,,,,,1000001,high,,,CompleteQuest auto-grants rows where auto_grant=1; do not duplicate with Lua Add* calls,,starter reward crosscheck
runtime_probe_checklist,man0g0,110005,Sundered Skies,main_scenario,handwritten_event_driver,,1,,,content entry fires noticeEvent once,,,,,,,,,Quest/QuestDirectorMan0g001,,,starter runtime probe checklist
runtime_probe_checklist,man0g0,110005,Sundered Skies,main_scenario,handwritten_event_driver,,2,,,battle tutorial reaches objective-kill widget,,,,,,,,,,,,starter runtime probe checklist
runtime_probe_checklist,man0g0,110005,Sundered Skies,main_scenario,handwritten_event_driver,,3,,,objective kill counter reaches threshold,,,,,,,,,3x 2201407,,,starter runtime probe checklist
runtime_probe_checklist,man0g0,110005,Sundered Skies,main_scenario,handwritten_event_driver,,4,,,attention packet is sent before post-fight story handoff,,,,,,,,,51073:2,,,starter runtime probe checklist
runtime_probe_checklist,man0g0,110005,Sundered Skies,main_scenario,handwritten_event_driver,,5,,,kickEventContinue resumes the event lane,,,,,,,,,,,,starter runtime probe checklist
runtime_probe_checklist,man0g0,110005,Sundered Skies,main_scenario,handwritten_event_driver,,6,,,post-fight story method runs,,,,,,,,,processEvent020_1,,,starter runtime probe checklist
runtime_probe_checklist,man0g0,110005,Sundered Skies,main_scenario,handwritten_event_driver,,7,,,ContentFinished fires before return zone change,,,,,,,,,"155 PrivateAreaMasterPast type 1 175.38,-1.21,-1156.51,-2.1",,,starter runtime probe checklist
runtime_probe_checklist,man0g0,110005,Sundered Skies,main_scenario,handwritten_event_driver,,8,,,quest starts SEQ_010 after return handoff,,,,,,,,,"155 PrivateAreaMasterPast type 1 175.38,-1.21,-1156.51,-2.1",,,starter runtime probe checklist
runtime_probe_checklist,man0g0,110005,Sundered Skies,main_scenario,handwritten_event_driver,,9,,,temporary party and combat mods are cleared,,,,,,,,,,,,starter runtime probe checklist
runtime_probe_checklist,man0g0,110005,Sundered Skies,main_scenario,handwritten_event_driver,,10,,,next quest replacement only happens through the explicit city handoff,,,,,,,,,Push 1099046 -> Man0g1,,,starter runtime probe checklist
sequence_flow_rows,man0g0,110005,Sundered Skies,main_scenario,handwritten_event_driver,,,000,,city tutorial setup,,,,,,,,,required opening talks and tutorial pushes unlock the content entry,,,starter sequence flow anchor
sequence_flow_rows,man0g0,110005,Sundered Skies,main_scenario,handwritten_event_driver,,,005,,private content fight,,,,,,,,,kill 3x 2201407 then send attention 51073:2,,,starter sequence flow anchor
sequence_flow_rows,man0g0,110005,Sundered Skies,main_scenario,handwritten_event_driver,,,005 -> 010,,post-fight return,,,,,,,,,"finish content, warp to zone 155 type 1, start SEQ_010",,,starter sequence flow anchor
sequence_flow_rows,man0g0,110005,Sundered Skies,main_scenario,handwritten_event_driver,,,010,,city handoff,,,,,,,,,next city quest replacement only occurs through the explicit handoff actor,,,starter sequence flow anchor
server_delegate_surface,man0g0,110005,Sundered Skies,main_scenario,handwritten_event_driver,onPush,121,,callClientFunction,processTtrNomal002,,,,,Data\scripts\quests\man\man0g0.lua,,yes,,,,"callClientFunction(player, ""delegateEvent"", player, quest, ""processTtrNomal002"");",starter server delegate surface
server_delegate_surface,man0g0,110005,Sundered Skies,main_scenario,handwritten_event_driver,onPush,128,,callClientFunction,processTtrBlkNml001,,,,,Data\scripts\quests\man\man0g0.lua,,yes,,,,"callClientFunction(player, ""delegateEvent"", player, quest, ""processTtrBlkNml001"");",starter server delegate surface
server_delegate_surface,man0g0,110005,Sundered Skies,main_scenario,handwritten_event_driver,onNotice,141,,callClientFunction,processTtrNomal001withHQ,,,,,Data\scripts\quests\man\man0g0.lua,,yes,,,,"callClientFunction(player, ""delegateEvent"", player, quest, ""processTtrNomal001withHQ"");",starter server delegate surface
server_delegate_surface,man0g0,110005,Sundered Skies,main_scenario,handwritten_event_driver,seq000_onTalk,156,,callClientFunction,processTtrNomal003,,,,,Data\scripts\quests\man\man0g0.lua,,yes,,,,"callClientFunction(player, ""delegateEvent"", player, quest, ""processTtrNomal003"");",starter server delegate surface
server_delegate_surface,man0g0,110005,Sundered Skies,main_scenario,handwritten_event_driver,seq000_onTalk,161,,callClientFunction,processEvent000_3,,,,,Data\scripts\quests\man\man0g0.lua,,yes,,,,"callClientFunction(player, ""delegateEvent"", player, quest, ""processEvent000_3"");",starter server delegate surface
server_delegate_surface,man0g0,110005,Sundered Skies,main_scenario,handwritten_event_driver,seq000_onTalk,165,,callClientFunction,processEvent000_2,,,,,Data\scripts\quests\man\man0g0.lua,,yes,,,,"callClientFunction(player, ""delegateEvent"", player, quest, ""processEvent000_2"");",starter server delegate surface
server_delegate_surface,man0g0,110005,Sundered Skies,main_scenario,handwritten_event_driver,seq000_onTalk,168,,callClientFunction,processEvent000_2,,,,,Data\scripts\quests\man\man0g0.lua,,yes,,,,"callClientFunction(player, ""delegateEvent"", player, quest, ""processEvent000_2"");",starter server delegate surface
server_delegate_surface,man0g0,110005,Sundered Skies,main_scenario,handwritten_event_driver,seq010_onTalk,178,,callClientFunction,processEvent020_2,,,,,Data\scripts\quests\man\man0g0.lua,,yes,,,,"callClientFunction(player, ""delegateEvent"", player, quest, ""processEvent020_2"");",starter server delegate surface
server_delegate_surface,man0g0,110005,Sundered Skies,main_scenario,handwritten_event_driver,seq010_onTalk,180,,callClientFunction,processEvent020_3,,,,,Data\scripts\quests\man\man0g0.lua,,yes,,,,"callClientFunction(player, ""delegateEvent"", player, quest, ""processEvent020_3"");",starter server delegate surface
server_delegate_surface,man0g0,110005,Sundered Skies,main_scenario,handwritten_event_driver,seq010_onTalk,182,,callClientFunction,processEvent020_4,,,,,Data\scripts\quests\man\man0g0.lua,,yes,,,,"callClientFunction(player, ""delegateEvent"", player, quest, ""processEvent020_4"");",starter server delegate surface
server_delegate_surface,man0g0,110005,Sundered Skies,main_scenario,handwritten_event_driver,seq010_onTalk,184,,callClientFunction,processEvent020_5,,,,,Data\scripts\quests\man\man0g0.lua,,yes,,,,"callClientFunction(player, ""delegateEvent"", player, quest, ""processEvent020_5"");",starter server delegate surface
server_delegate_surface,man0g0,110005,Sundered Skies,main_scenario,handwritten_event_driver,seq010_onTalk,187,,callClientFunction,processEvent020_6,,,,,Data\scripts\quests\man\man0g0.lua,,yes,,,,"callClientFunction(player, ""delegateEvent"", player, quest, ""processEvent020_6"");",starter server delegate surface
source_delegate_call_rows,man0g0,110005,Sundered Skies,main_scenario,handwritten_event_driver,onKillBNpc,34,,,processEvent020_1,,,,,Data/scripts/directors/Quest/QuestDirectorMan0g001.lua,,,,,,"callClientFunction(player, ""delegateEvent"", player, quest, ""processEvent020_1"", nil, nil, nil);",starter delegate callsite
source_delegate_call_rows,man0g0,110005,Sundered Skies,main_scenario,handwritten_event_driver,onEventStarted,54,,,processTtrBtl001,,,,,Data/scripts/directors/Quest/QuestDirectorMan0g001.lua,,,,,,"callClientFunction(player, ""delegateEvent"", player, quest, ""processTtrBtl001"", nil, nil, nil);",starter delegate callsite
source_delegate_call_rows,man0g0,110005,Sundered Skies,main_scenario,handwritten_event_driver,onEventStarted,61,,,processTtrBtl002,,,,,Data/scripts/directors/Quest/QuestDirectorMan0g001.lua,,,,,,"callClientFunction(player, ""delegateEvent"", player, quest, ""processTtrBtl002"", nil, nil, nil);",starter delegate callsite
source_delegate_call_rows,man0g0,110005,Sundered Skies,main_scenario,handwritten_event_driver,onEventStarted,91,,,processTtrBtlMagic001,,,,,Data/scripts/directors/Quest/QuestDirectorMan0g001.lua,,,,,,"callClientFunction(player, ""delegateEvent"", player, quest, ""processTtrBtlMagic001"");",starter delegate callsite
source_delegate_call_rows,man0g0,110005,Sundered Skies,main_scenario,handwritten_event_driver,onPush,121,,,processTtrNomal002,,,,,Data/scripts/quests/man/man0g0.lua,,,,,,"callClientFunction(player, ""delegateEvent"", player, quest, ""processTtrNomal002"");",starter delegate callsite
source_delegate_call_rows,man0g0,110005,Sundered Skies,main_scenario,handwritten_event_driver,onPush,128,,,processTtrBlkNml001,,,,,Data/scripts/quests/man/man0g0.lua,,,,,,"callClientFunction(player, ""delegateEvent"", player, quest, ""processTtrBlkNml001"");",starter delegate callsite
source_delegate_call_rows,man0g0,110005,Sundered Skies,main_scenario,handwritten_event_driver,onNotice,141,,,processTtrNomal001withHQ,,,,,Data/scripts/quests/man/man0g0.lua,,,,,,"callClientFunction(player, ""delegateEvent"", player, quest, ""processTtrNomal001withHQ"");",starter delegate callsite
source_delegate_call_rows,man0g0,110005,Sundered Skies,main_scenario,handwritten_event_driver,seq000_onTalk,156,,,processTtrNomal003,,,,,Data/scripts/quests/man/man0g0.lua,,,,,,"callClientFunction(player, ""delegateEvent"", player, quest, ""processTtrNomal003"");",starter delegate callsite
source_delegate_call_rows,man0g0,110005,Sundered Skies,main_scenario,handwritten_event_driver,seq000_onTalk,161,,,processEvent000_3,,,,,Data/scripts/quests/man/man0g0.lua,,,,,,"callClientFunction(player, ""delegateEvent"", player, quest, ""processEvent000_3"");",starter delegate callsite
source_delegate_call_rows,man0g0,110005,Sundered Skies,main_scenario,handwritten_event_driver,seq000_onTalk,165,,,processEvent000_2,,,,,Data/scripts/quests/man/man0g0.lua,,,,,,"callClientFunction(player, ""delegateEvent"", player, quest, ""processEvent000_2"");",starter delegate callsite
source_delegate_call_rows,man0g0,110005,Sundered Skies,main_scenario,handwritten_event_driver,seq000_onTalk,168,,,processEvent000_2,,,,,Data/scripts/quests/man/man0g0.lua,,,,,,"callClientFunction(player, ""delegateEvent"", player, quest, ""processEvent000_2"");",starter delegate callsite
source_delegate_call_rows,man0g0,110005,Sundered Skies,main_scenario,handwritten_event_driver,seq010_onTalk,178,,,processEvent020_2,,,,,Data/scripts/quests/man/man0g0.lua,,,,,,"callClientFunction(player, ""delegateEvent"", player, quest, ""processEvent020_2"");",starter delegate callsite
source_delegate_call_rows,man0g0,110005,Sundered Skies,main_scenario,handwritten_event_driver,seq010_onTalk,180,,,processEvent020_3,,,,,Data/scripts/quests/man/man0g0.lua,,,,,,"callClientFunction(player, ""delegateEvent"", player, quest, ""processEvent020_3"");",starter delegate callsite
source_delegate_call_rows,man0g0,110005,Sundered Skies,main_scenario,handwritten_event_driver,seq010_onTalk,182,,,processEvent020_4,,,,,Data/scripts/quests/man/man0g0.lua,,,,,,"callClientFunction(player, ""delegateEvent"", player, quest, ""processEvent020_4"");",starter delegate callsite
source_delegate_call_rows,man0g0,110005,Sundered Skies,main_scenario,handwritten_event_driver,seq010_onTalk,184,,,processEvent020_5,,,,,Data/scripts/quests/man/man0g0.lua,,,,,,"callClientFunction(player, ""delegateEvent"", player, quest, ""processEvent020_5"");",starter delegate callsite
source_delegate_call_rows,man0g0,110005,Sundered Skies,main_scenario,handwritten_event_driver,seq010_onTalk,187,,,processEvent020_6,,,,,Data/scripts/quests/man/man0g0.lua,,,,,,"callClientFunction(player, ""delegateEvent"", player, quest, ""processEvent020_6"");",starter delegate callsite
source_to_client_method_rows,man0g0,110005,Sundered Skies,main_scenario,handwritten_event_driver,onKillBNpc,34,,,processEvent020_1,,,,,Data/scripts/directors/Quest/QuestDirectorMan0g001.lua,,,,,,"function Man0g0.processEvent020_1(A0_19, A1_20, A2_21) | local L3_22, L4_23, L5_24, L6_25, L7_26, L8_27 | L4_23 = A0_19 | L3_22 = A0_19.startFadeOutCutSceneDefault | L5_24 = A1_20 | L3_22(L4_23, L5_24) | L4_23 = A0_19 | L3_22 = A0_19.setMusic | L5_24 = A1_20 | L6_25 = 7 | L7_26 = 2 | L3_22(L4_23, L5_24, L6_25, L7_26) | L4_23 = A0_19 | L3_22 = A0_19.startHQCutScene | L5_24 = ""MAN0G020"" | L6_25 = 3 | L3_22(L4_23, L5_24, L6_25) | L4_23 = A0_19 | L3_22 = A0_19.startHQCutScene | L5_24 = ""MAN0G030"" | L6_25 = 7 | L3_22(L4_23, L5_24, L6_25) | L3_22 = desktopWidget | L4_23 = L3_22 | L3_22 = L3_22.openPublicInformDialogWidget | L5_24 = worldMaster | L6_25 = 25117 | L7_26 = 11000088",starter source-to-client method bridge
source_to_client_method_rows,man0g0,110005,Sundered Skies,main_scenario,handwritten_event_driver,onEventStarted,54,,,processTtrBtl001,,,,,Data/scripts/directors/Quest/QuestDirectorMan0g001.lua,,,,,,"function Man0g0.processTtrBtl001(A0_120, A1_121, A2_122, A3_123) | local L4_124, L5_125, L6_126, L7_127, L8_128, L9_129 | L4_124 = desktopWidget | L5_125 = L4_124 | L4_124 = L4_124.closeTutorialWidget | L4_124(L5_125) | L5_125 = A0_120 | L4_124 = A0_120.startHQCutScene | L6_126 = ""MAN0G010"" | L7_127 = 1 | L4_124(L5_125, L6_126, L7_127) | L5_125 = A0_120 | L4_124 = A0_120.startFadeInCutSceneDefault | L6_126 = A1_121 | L4_124(L5_125, L6_126) | L5_125 = A0_120 | L4_124 = A0_120.setMusic | L6_126 = A1_121 | L7_127 = 13 | L8_128 = 1 | L4_124(L5_125, L6_126, L7_127, L8_128) | L5_125 = A0_120 | L4_124 = A0_120._wait | L6_126 = 2 | L4_124(L5_125, L6_126) | L4_124 = worldMaster | L5_125 = L4_124 | L4_124 = L4_124._aimCameraTutorial",starter source-to-client method bridge
source_to_client_method_rows,man0g0,110005,Sundered Skies,main_scenario,handwritten_event_driver,onEventStarted,61,,,processTtrBtl002,,,,,Data/scripts/directors/Quest/QuestDirectorMan0g001.lua,,,,,,"function Man0g0.processTtrBtl002(A0_146, A1_147, A2_148, A3_149) | local L4_150, L5_151, L6_152, L7_153, L8_154, L9_155, L10_156, L11_157, L12_158, L13_159, L14_160, L15_161, L16_162, L17_163, L18_164, L19_165, L20_166, L21_167, L22_168 | L4_150 = desktopWidget | L5_151 = L4_150 | L4_150 = L4_150.cancelDesktopWidgetMode | L6_152 = 16 | L4_150(L5_151, L6_152) | L4_150 = desktopWidget | L5_151 = L4_150 | L4_150 = L4_150.closeTutorialWidget | L4_150(L5_151) | L5_151 = A0_146 | L4_150 = A0_146._wait | L6_152 = 1 | L4_150(L5_151, L6_152) | L4_150 = desktopWidget | L5_151 = L4_150 | L4_150 = L4_150.orderDesktopWidgetMode | L6_152 = 16 | L4_150(L5_151, L6_152) | L4_150 = worldMaster | L5_151 = L4_150 | L4_150 = L4_150._aimCameraTutorial | L6_152 = 1400004 | L4_150(L5_151, L6_152) | L4_150 = worldMaster | L5_151 = L4_150 | L4_150 = L4_150._lookAtPlayerTutorial",starter source-to-client method bridge
source_to_client_method_rows,man0g0,110005,Sundered Skies,main_scenario,handwritten_event_driver,onEventStarted,91,,,processTtrBtlMagic001,,,,,Data/scripts/directors/Quest/QuestDirectorMan0g001.lua,,,,,,"function Man0g0.processTtrBtlMagic001(A0_130, A1_131, A2_132, A3_133) | local L4_134, L5_135, L6_136, L7_137, L8_138, L9_139, L10_140, L11_141, L12_142, L13_143, L14_144, L15_145 | L4_134 = desktopWidget | L5_135 = L4_134 | L4_134 = L4_134.closeTutorialWidget | L4_134(L5_135) | L4_134 = true | L5_135 = true | L6_136 = true | L7_137 = false | L8_138 = true | L9_139 = 4 | L10_140 = desktopWidget | L11_141 = L10_140 | L10_140 = L10_140.setTutorialMask | L12_142 = L4_134 | L13_143 = L5_135 | L14_144 = L6_136 | L15_145 = L7_137 | L10_140(L11_141, L12_142, L13_143, L14_144, L15_145, L8_138, L9_139) | L11_141 = A0_130 | L10_140 = A0_130.startHQCutScene | L12_142 = ""MAN0G010"" | L13_143 = 1 | L10_140(L11_141, L12_142, L13_143) | L11_141 = A0_130 | L10_140 = A0_130.startFadeInCutSceneDefault | L12_142 = A1_131",starter source-to-client method bridge
source_to_client_method_rows,man0g0,110005,Sundered Skies,main_scenario,handwritten_event_driver,onPush,121,,,processTtrNomal002,,,,,Data/scripts/quests/man/man0g0.lua,,,,,,"function Man0g0.processTtrNomal002(A0_79, A1_80, A2_81, A3_82) | local L4_83, L5_84, L6_85, L7_86, L8_87, L9_88 | L4_83 = desktopWidget | L5_84 = L4_83 | L4_83 = L4_83.cancelDesktopWidgetMode | L6_85 = 16 | L4_83(L5_84, L6_85) | L4_83 = desktopWidget | L5_84 = L4_83 | L4_83 = L4_83.closeTutorialWidget | L4_83(L5_84) | L5_84 = A0_79 | L4_83 = A0_79._wait | L6_85 = 0.5 | L4_83(L5_84, L6_85) | L4_83 = desktopWidget | L5_84 = L4_83 | L4_83 = L4_83.openTutorialWidget | L6_85 = A3_82 | L7_86 = 3 | L4_83(L5_84, L6_85, L7_86) | L4_83 = true | L5_84 = false | L6_85 = true | L7_86 = true | L8_87 = true | L9_88 = 4 | desktopWidget:setTutorialMask(L4_83, L5_84, L6_85, L7_86, L8_87, L9_88)",starter source-to-client method bridge
source_to_client_method_rows,man0g0,110005,Sundered Skies,main_scenario,handwritten_event_driver,onPush,128,,,processTtrBlkNml001,,,,,Data/scripts/quests/man/man0g0.lua,,,,,,"function Man0g0.processTtrBlkNml001(A0_181, A1_182, A2_183) | local L3_184, L4_185, L5_186, L6_187, L7_188, L8_189 | L3_184 = desktopWidget | L4_185 = L3_184 | L3_184 = L3_184.isTutorialMode | L3_184 = L3_184(L4_185) | if L3_184 == false then | L3_184 = desktopWidget | L4_185 = L3_184 | L3_184 = L3_184.orderTutorialMode | L3_184(L4_185) | end | L3_184 = worldMaster | L4_185 = L3_184 | L3_184 = L3_184._aimCameraTutorial | L5_186 = 1600102 | L3_184(L4_185, L5_186) | L3_184 = worldMaster | L4_185 = L3_184 | L3_184 = L3_184._lookAtPlayerTutorial | L5_186 = 1600102 | L3_184(L4_185, L5_186) | L3_184 = worldMaster | L4_185 = L3_184 | L3_184 = L3_184._runCharaSchedulerTutorial | L5_186 = 1600102 | L6_187 = 353972224 | L3_184(L4_185, L5_186, L6_187)",starter source-to-client method bridge
source_to_client_method_rows,man0g0,110005,Sundered Skies,main_scenario,handwritten_event_driver,onNotice,141,,,processTtrNomal001withHQ,,,,,Data/scripts/quests/man/man0g0.lua,,,,,,"function Man0g0.processTtrNomal001withHQ(A0_43, A1_44, A2_45) | local L3_46, L4_47, L5_48, L6_49, L7_50, L8_51, L9_52, L10_53, L11_54, L12_55, L13_56, L14_57, L15_58, L16_59, L17_60 | L5_48 = A1_44 | L4_47 = A1_44._lockCameraControl | L4_47(L5_48) | L4_47 = desktopWidget | L5_48 = L4_47 | L4_47 = L4_47.orderTutorialMode | L4_47(L5_48) | L4_47 = desktopWidget | L5_48 = L4_47 | L4_47 = L4_47.orderDesktopWidgetMode | L6_49 = 62 | L4_47(L5_48, L6_49) | L4_47 = true | L5_48 = true | L6_49 = true | L7_50 = true | L8_51 = true | L9_52 = 4 | L10_53 = desktopWidget | L11_54 = L10_53 | L10_53 = L10_53.setTutorialMask | L12_55 = L4_47 | L13_56 = L5_48 | L14_57 = L6_49 | L15_58 = L7_50 | L16_59 = L8_51",starter source-to-client method bridge
source_to_client_method_rows,man0g0,110005,Sundered Skies,main_scenario,handwritten_event_driver,seq000_onTalk,156,,,processTtrNomal003,,,,,Data/scripts/quests/man/man0g0.lua,,,,,,"function Man0g0.processTtrNomal003(A0_89, A1_90, A2_91, A3_92) | local L4_93, L5_94, L6_95, L7_96, L8_97, L9_98 | L4_93 = desktopWidget | L5_94 = L4_93 | L4_93 = L4_93.closeTutorialWidget | L4_93(L5_94) | L5_94 = A0_89 | L4_93 = A0_89._wait | L6_95 = 0.5 | L4_93(L5_94, L6_95) | L5_94 = A2_91 | L4_93 = A2_91.say | L6_95 = A0_89 | L7_96 = 76 | L8_97 = 0 | L4_93(L5_94, L6_95, L7_96, L8_97) | L4_93 = desktopWidget | L5_94 = L4_93 | L4_93 = L4_93._setTargetCharacter | L6_95 = 1 | L7_96 = nil | L4_93(L5_94, L6_95, L7_96) | L4_93 = desktopWidget | L5_94 = L4_93 | L4_93 = L4_93.cancelDesktopWidgetMode | L6_95 = 16 | L4_93(L5_94, L6_95) | L4_93 = desktopWidget",starter source-to-client method bridge
source_to_client_method_rows,man0g0,110005,Sundered Skies,main_scenario,handwritten_event_driver,seq000_onTalk,161,,,processEvent000_3,,,,<groan>,Data/scripts/quests/man/man0g0.lua,,,,,,"function Man0g0.processEvent000_3(A0_10, A1_11, A2_12) | A2_12:say(A0_10, 53, 0) | end",starter source-to-client method bridge
source_to_client_method_rows,man0g0,110005,Sundered Skies,main_scenario,handwritten_event_driver,seq000_onTalk,165,,,processEvent000_2,,,,<moan>,Data/scripts/quests/man/man0g0.lua,,,,,,"function Man0g0.processEvent000_2(A0_7, A1_8, A2_9) | A2_9:say(A0_7, 54, 0) | end",starter source-to-client method bridge
source_to_client_method_rows,man0g0,110005,Sundered Skies,main_scenario,handwritten_event_driver,seq000_onTalk,168,,,processEvent000_2,,,,<moan>,Data/scripts/quests/man/man0g0.lua,,,,,,"function Man0g0.processEvent000_2(A0_7, A1_8, A2_9) | A2_9:say(A0_7, 54, 0) | end",starter source-to-client method bridge
source_to_client_method_rows,man0g0,110005,Sundered Skies,main_scenario,handwritten_event_driver,seq010_onTalk,178,,,processEvent020_2,,,,Your life is forfeit should you wander long about the deep wood.,Data/scripts/quests/man/man0g0.lua,,,,,,"function Man0g0.processEvent020_2(A0_28, A1_29, A2_30) | A2_30:startCliantTalkTurn(2, A1_29) | A2_30:_runCharaScheduler(354082816) | A2_30:say(A0_28, 56, 0) | A2_30:say(A0_28, 57, 0) | A2_30:finishCliantTalkTurn() | end",starter source-to-client method bridge
source_to_client_method_rows,man0g0,110005,Sundered Skies,main_scenario,handwritten_event_driver,seq010_onTalk,180,,,processEvent020_3,,,,"Is that...[@SWITCH([@SHEET(itemData,11000088,41)],[@COLOR(#fff3f3f3)],[@COLOR(#ffc0ffa0)],[@COLOR(#ff60c8ff)],[@COLOR(#ffb38cff)],[@COLOR(#ffffa666)],[@COLOR(#ffe5dd7e)])][@EDGECOLOR(#ff262626)][@SHEETEN(xtx/itemName,1,11000088,1,1)][@EDGECOLOR($EC)][@COLOR...",Data/scripts/quests/man/man0g0.lua,,,,,,"function Man0g0.processEvent020_3(A0_31, A1_32, A2_33) | A2_33:startCliantTalkTurn(2, A1_32) | A2_33:_runCharaScheduler(69193728) | A2_33:say(A0_31, 58, 0) | A2_33:_runCharaScheduler(353964032) | A2_33:say(A0_31, 59, 0) | A2_33:finishCliantTalkTurn() | end",starter source-to-client method bridge
source_to_client_method_rows,man0g0,110005,Sundered Skies,main_scenario,handwritten_event_driver,seq010_onTalk,182,,,processEvent020_4,,,,Did you see the darkened skies? The streaking lights and the falling comets? I know not what to make of it all...,Data/scripts/quests/man/man0g0.lua,,,,,,"function Man0g0.processEvent020_4(A0_34, A1_35, A2_36) | A2_36:startCliantTalkTurn(2, A1_35) | A2_36:_runCharaScheduler(353964032) | A2_36:say(A0_34, 60, 0) | A2_36:finishCliantTalkTurn() | end",starter source-to-client method bridge
source_to_client_method_rows,man0g0,110005,Sundered Skies,main_scenario,handwritten_event_driver,seq010_onTalk,184,,,processEvent020_5,,,,The two outsiders?,Data/scripts/quests/man/man0g0.lua,,,,,,"function Man0g0.processEvent020_5(A0_37, A1_38, A2_39) | A2_39:startCliantTalkTurn(2, A1_38) | A2_39:say(A0_37, 61, 0) | A2_39:_runCharaScheduler(353964032) | A2_39:say(A0_37, 62, 0) | A2_39:finishCliantTalkTurn() | end",starter source-to-client method bridge
source_to_client_method_rows,man0g0,110005,Sundered Skies,main_scenario,handwritten_event_driver,seq010_onTalk,187,,,processEvent020_6,,,,Welcome to Gridania. You have undergone much to come this far. Passing through the forest when the elementals are angered is no easy thing.,Data/scripts/quests/man/man0g0.lua,,,,,,"function Man0g0.processEvent020_6(A0_40, A1_41, A2_42) | A2_42:startCliantTalkTurn(2, A1_41) | A2_42:_runCharaScheduler(353959936) | A2_42:say(A0_40, 95, 0) | A2_42:say(A0_40, 96, 0) | A2_42:finishCliantTalkTurn() | end",starter source-to-client method bridge
transition_action_rows,man0g0,110005,Sundered Skies,main_scenario,handwritten_event_driver,onKillBNpc,29,,StartSequence,StartSequence,,,,,Data/scripts/directors/Quest/QuestDirectorMan0g001.lua,,,,,,"quest:StartSequence(0, true); -- silent, without journal update message.",starter lifecycle transition action
transition_action_rows,man0g0,110005,Sundered Skies,main_scenario,handwritten_event_driver,onKillBNpc,30,,kickEventContinue,kickEventContinue,,,,,Data/scripts/directors/Quest/QuestDirectorMan0g001.lua,,,,,,"kickEventContinue(player, director, ""noticeEvent"", ""noticeEvent"");",starter lifecycle transition action
transition_action_rows,man0g0,110005,Sundered Skies,main_scenario,handwritten_event_driver,onKillBNpc,37,,ContentFinished,ContentFinished,,,,,Data/scripts/directors/Quest/QuestDirectorMan0g001.lua,,,,,,player.CurrentArea:ContentFinished();,starter lifecycle transition action
transition_action_rows,man0g0,110005,Sundered Skies,main_scenario,handwritten_event_driver,onKillBNpc,38,,DoZoneChange,DoZoneChange,,,,,Data/scripts/directors/Quest/QuestDirectorMan0g001.lua,,,,,,"GetWorldManager():DoZoneChange(player, 155, ""PrivateAreaMasterPast"", 1, 15, 175.38, -1.21, -1156.51, -2.1);",starter lifecycle transition action
transition_action_rows,man0g0,110005,Sundered Skies,main_scenario,handwritten_event_driver,onKillBNpc,39,,StartSequence,StartSequence,,,,,Data/scripts/directors/Quest/QuestDirectorMan0g001.lua,,,,,,quest:StartSequence(10); -- To display Journal update message after the event/warp handoff.,starter lifecycle transition action
transition_action_rows,man0g0,110005,Sundered Skies,main_scenario,handwritten_event_driver,onEventStarted,55,,EndEvent,EndEvent,,,,,Data/scripts/directors/Quest/QuestDirectorMan0g001.lua,,,,,,player:EndEvent();,starter lifecycle transition action
transition_action_rows,man0g0,110005,Sundered Skies,main_scenario,handwritten_event_driver,onEventStarted,58,,kickEventContinue,kickEventContinue,,,,,Data/scripts/directors/Quest/QuestDirectorMan0g001.lua,,,,,,"kickEventContinue(player, director, ""noticeEvent"", ""noticeEvent"");",starter lifecycle transition action
transition_action_rows,man0g0,110005,Sundered Skies,main_scenario,handwritten_event_driver,onEventStarted,62,,EndEvent,EndEvent,,,,,Data/scripts/directors/Quest/QuestDirectorMan0g001.lua,,,,,,player:EndEvent();,starter lifecycle transition action
transition_action_rows,man0g0,110005,Sundered Skies,main_scenario,handwritten_event_driver,onStart,66,,StartSequence,StartSequence,,,,,Data/scripts/quests/man/man0g0.lua,,,,,,quest:StartSequence(SEQ_000);,starter lifecycle transition action
transition_action_rows,man0g0,110005,Sundered Skies,main_scenario,handwritten_event_driver,onEventStarted,70,,kickEventContinue,kickEventContinue,,,,,Data/scripts/directors/Quest/QuestDirectorMan0g001.lua,,,,,,"kickEventContinue(player, director, ""noticeEvent"", ""noticeEvent"");",starter lifecycle transition action
transition_action_rows,man0g0,110005,Sundered Skies,main_scenario,handwritten_event_driver,onEventStarted,81,,EndEvent,EndEvent,,,,,Data/scripts/directors/Quest/QuestDirectorMan0g001.lua,,,,,,player:EndEvent();,starter lifecycle transition action
transition_action_rows,man0g0,110005,Sundered Skies,main_scenario,handwritten_event_driver,onEventStarted,84,,kickEventContinue,kickEventContinue,,,,,Data/scripts/directors/Quest/QuestDirectorMan0g001.lua,,,,,,"kickEventContinue(player, director, ""noticeEvent"", ""noticeEvent"");",starter lifecycle transition action
transition_action_rows,man0g0,110005,Sundered Skies,main_scenario,handwritten_event_driver,onEventStarted,95,,kickEventContinue,kickEventContinue,,,,,Data/scripts/directors/Quest/QuestDirectorMan0g001.lua,,,,,,"kickEventContinue(player, director, ""noticeEvent"", ""noticeEvent"");",starter lifecycle transition action
transition_action_rows,man0g0,110005,Sundered Skies,main_scenario,handwritten_event_driver,onEventStarted,103,,EndEvent,EndEvent,,,,,Data/scripts/directors/Quest/QuestDirectorMan0g001.lua,,,,,,player:EndEvent();,starter lifecycle transition action
transition_action_rows,man0g0,110005,Sundered Skies,main_scenario,handwritten_event_driver,onPush,123,,EndEvent,EndEvent,,,,,Data/scripts/quests/man/man0g0.lua,,,,,,player:EndEvent();,starter lifecycle transition action
transition_action_rows,man0g0,110005,Sundered Skies,main_scenario,handwritten_event_driver,onPush,130,,EndEvent,EndEvent,,,,,Data/scripts/quests/man/man0g0.lua,,,,,,player:EndEvent();,starter lifecycle transition action
transition_action_rows,man0g0,110005,Sundered Skies,main_scenario,handwritten_event_driver,onPush,132,,ReplaceQuest,ReplaceQuest,,,,,Data/scripts/quests/man/man0g0.lua,,,,,,"player:ReplaceQuest(quest, ""Man0g1"");",starter lifecycle transition action
transition_action_rows,man0g0,110005,Sundered Skies,main_scenario,handwritten_event_driver,onPush,137,,EndEvent,EndEvent,,,,,Data/scripts/quests/man/man0g0.lua,,,,,,player:EndEvent();,starter lifecycle transition action
transition_action_rows,man0g0,110005,Sundered Skies,main_scenario,handwritten_event_driver,onNotice,143,,EndEvent,EndEvent,,,,,Data/scripts/quests/man/man0g0.lua,,,,,,player:EndEvent();,starter lifecycle transition action
transition_action_rows,man0g0,110005,Sundered Skies,main_scenario,handwritten_event_driver,seq000_onTalk,152,,EndEvent,EndEvent,,,,,Data/scripts/quests/man/man0g0.lua,,,,,,player:EndEvent();,starter lifecycle transition action
transition_action_rows,man0g0,110005,Sundered Skies,main_scenario,handwritten_event_driver,seq000_onTalk,171,,EndEvent,EndEvent,,,,,Data/scripts/quests/man/man0g0.lua,,,,,,player:EndEvent();,starter lifecycle transition action
transition_action_rows,man0g0,110005,Sundered Skies,main_scenario,handwritten_event_driver,seq010_onTalk,189,,EndEvent,EndEvent,,,,,Data/scripts/quests/man/man0g0.lua,,,,,,player:EndEvent();,starter lifecycle transition action
transition_action_rows,man0g0,110005,Sundered Skies,main_scenario,handwritten_event_driver,doContentArea,223,,AddDirector,AddDirector,,,,,Data/scripts/quests/man/man0g0.lua,,,,,,player:AddDirectorWithoutContentGroup(director);,starter lifecycle transition action
transition_action_rows,man0g0,110005,Sundered Skies,main_scenario,handwritten_event_driver,doContentArea,224,,StartDirector,StartDirector,,,,,Data/scripts/quests/man/man0g0.lua,,,,,,director:StartDirector(false);,starter lifecycle transition action
transition_action_rows,man0g0,110005,Sundered Skies,main_scenario,handwritten_event_driver,doContentArea,226,,SetLoginDirector,SetLoginDirector,,,,,Data/scripts/quests/man/man0g0.lua,,,,,,player:SetLoginDirector(director);,starter lifecycle transition action
transition_action_rows,man0g0,110005,Sundered Skies,main_scenario,handwritten_event_driver,doContentArea,228,,DoZoneChangeContent,DoZoneChangeContent,,,,,Data/scripts/quests/man/man0g0.lua,,,,,,"GetWorldManager():DoZoneChangeContent(player, contentArea, 362.4087, 4, -703.8168, 1.5419, 16);",starter lifecycle transition action
transition_action_rows,man0g0,110005,Sundered Skies,main_scenario,handwritten_event_driver,doContentArea,230,,StartContentGroup,StartContentGroup,,,,,Data/scripts/quests/man/man0g0.lua,,,,,,director:StartContentGroup();,starter lifecycle transition action
transition_action_rows,man0g0,110005,Sundered Skies,main_scenario,handwritten_event_driver,doContentArea,231,,StartSequence,StartSequence,,,,,Data/scripts/quests/man/man0g0.lua,,,,,,quest:StartSequence(SEQ_005);,starter lifecycle transition action
transition_action_rows,man0g0,110005,Sundered Skies,main_scenario,handwritten_event_driver,doContentArea,232,,KickEvent,KickEvent,,,,,Data/scripts/quests/man/man0g0.lua,,,,,,"player:KickEvent(director, ""noticeEvent"", true);",starter lifecycle transition action
actor_surface_rows,man0l0,110001,Shapeless Melody,main_scenario,handwritten_event_driver,onStateChange,88,SEQ_000,,,,,,,Data\scripts\quests\man\man0l0.lua,WELLTRAVELED_MERCHANT,,,,,WELLTRAVELED_MERCHANT,starter actor surface
actor_surface_rows,man0l0,110001,Shapeless Melody,main_scenario,handwritten_event_driver,onStateChange,89,SEQ_000,,,,,,,Data\scripts\quests\man\man0l0.lua,TIPSY_ADVENTURER,,,,,TIPSY_ADVENTURER,starter actor surface
actor_surface_rows,man0l0,110001,Shapeless Melody,main_scenario,handwritten_event_driver,onStateChange,90,SEQ_000,,,,,,,Data\scripts\quests\man\man0l0.lua,CULTIVATED_TENDER,,,,,CULTIVATED_TENDER,starter actor surface
actor_surface_rows,man0l0,110001,Shapeless Melody,main_scenario,handwritten_event_driver,onStateChange,91,SEQ_000,,,,,,,Data\scripts\quests\man\man0l0.lua,ANXIOUS_ADVENTURER,,,,,ANXIOUS_ADVENTURER,starter actor surface
actor_surface_rows,man0l0,110001,Shapeless Melody,main_scenario,handwritten_event_driver,onStateChange,92,SEQ_000,,,,,,,Data\scripts\quests\man\man0l0.lua,BABYFACED_ADVENTURER,,,,,BABYFACED_ADVENTURER; babyfaceFlag,starter actor surface
actor_surface_rows,man0l0,110001,Shapeless Melody,main_scenario,handwritten_event_driver,onStateChange,93,SEQ_000,,,,,,,Data\scripts\quests\man\man0l0.lua,AUSTERE_ADVENTURER,,,,,AUSTERE_ADVENTURER,starter actor surface
actor_surface_rows,man0l0,110001,Shapeless Melody,main_scenario,handwritten_event_driver,onStateChange,94,SEQ_000,,,,,,,Data\scripts\quests\man\man0l0.lua,UNDIGNIFIED_ADVENTURER,,,,,UNDIGNIFIED_ADVENTURER,starter actor surface
actor_surface_rows,man0l0,110001,Shapeless Melody,main_scenario,handwritten_event_driver,onStateChange,95,SEQ_000,,,,,,,Data\scripts\quests\man\man0l0.lua,SHADOWY_TRAVELER,,,,,SHADOWY_TRAVELER,starter actor surface
actor_surface_rows,man0l0,110001,Shapeless Melody,main_scenario,handwritten_event_driver,onStateChange,96,SEQ_000,,,,,,,Data\scripts\quests\man\man0l0.lua,ASTUTE_MERCHANT,,,,,ASTUTE_MERCHANT,starter actor surface
actor_surface_rows,man0l0,110001,Shapeless Melody,main_scenario,handwritten_event_driver,onStateChange,97,SEQ_000,,,,,,,Data\scripts\quests\man\man0l0.lua,VOLUPTUOUS_VIXEN,,,,,VOLUPTUOUS_VIXEN; vixenFlag,starter actor surface
actor_surface_rows,man0l0,110001,Shapeless Melody,main_scenario,handwritten_event_driver,onStateChange,98,SEQ_000,,,,,,,Data\scripts\quests\man\man0l0.lua,INDIFFERENT_PASSERBY,,,,,INDIFFERENT_PASSERBY,starter actor surface
actor_surface_rows,man0l0,110001,Shapeless Melody,main_scenario,handwritten_event_driver,onStateChange,99,SEQ_000,,,,,,,Data\scripts\quests\man\man0l0.lua,PRATTLING_ADVENTURER,,,,,PRATTLING_ADVENTURER,starter actor surface
actor_surface_rows,man0l0,110001,Shapeless Melody,main_scenario,handwritten_event_driver,onStateChange,100,SEQ_000,,,,,,,Data\scripts\quests\man\man0l0.lua,LANKY_TRAVELER,,,,,LANKY_TRAVELER,starter actor surface
actor_surface_rows,man0l0,110001,Shapeless Melody,main_scenario,handwritten_event_driver,onStateChange,101,SEQ_000,,,,,,,Data\scripts\quests\man\man0l0.lua,GRINNING_ADVENTURER,,,,,GRINNING_ADVENTURER,starter actor surface
actor_surface_rows,man0l0,110001,Shapeless Melody,main_scenario,handwritten_event_driver,onStateChange,102,SEQ_000,,,,,,,Data\scripts\quests\man\man0l0.lua,ROSTNSTHAL,,,,,ROSTNSTHAL; rostnsthalFlag; rostnsthalCanTalk; rostnsthalCanPush,starter actor surface
actor_surface_rows,man0l0,110001,Shapeless Melody,main_scenario,handwritten_event_driver,onStateChange,103,SEQ_000,,,,,,,Data\scripts\quests\man\man0l0.lua,EXIT_TRIGGER,,,,,EXIT_TRIGGER; exitFlag; false; exitCanPush,starter actor surface
actor_surface_rows,man0l0,110001,Shapeless Melody,main_scenario,handwritten_event_driver,onStateChange,105,SEQ_010,,,,,,,Data\scripts\quests\man\man0l0.lua,HOB,,,,,HOB; QFLAG_TALK,starter actor surface
actor_surface_rows,man0l0,110001,Shapeless Melody,main_scenario,handwritten_event_driver,onStateChange,106,SEQ_010,,,,,,,Data\scripts\quests\man\man0l0.lua,GERT,,,,,GERT,starter actor surface
actor_surface_rows,man0l0,110001,Shapeless Melody,main_scenario,handwritten_event_driver,onStateChange,107,SEQ_010,,,,,,,Data\scripts\quests\man\man0l0.lua,LORHZANT,,,,,LORHZANT,starter actor surface
actor_surface_rows,man0l0,110001,Shapeless Melody,main_scenario,handwritten_event_driver,onStateChange,108,SEQ_010,,,,,,,Data\scripts\quests\man\man0l0.lua,MUSCLEBOUND_DECKHAND,,,,,MUSCLEBOUND_DECKHAND,starter actor surface
actor_surface_rows,man0l0,110001,Shapeless Melody,main_scenario,handwritten_event_driver,onStateChange,109,SEQ_010,,,,,,,Data\scripts\quests\man\man0l0.lua,PEARLYTOOTHED_PORTER,,,,,PEARLYTOOTHED_PORTER,starter actor surface
actor_surface_rows,man0l0,110001,Shapeless Melody,main_scenario,handwritten_event_driver,onStateChange,110,SEQ_010,,,,,,,Data\scripts\quests\man\man0l0.lua,UNDIGNIFIED_ADVENTURER,,,,,UNDIGNIFIED_ADVENTURER,starter actor surface
actor_surface_rows,man0l0,110001,Shapeless Melody,main_scenario,handwritten_event_driver,onStateChange,111,SEQ_010,,,,,,,Data\scripts\quests\man\man0l0.lua,WELLTRAVELED_MERCHANT,,,,,WELLTRAVELED_MERCHANT,starter actor surface
actor_surface_rows,man0l0,110001,Shapeless Melody,main_scenario,handwritten_event_driver,onStateChange,112,SEQ_010,,,,,,,Data\scripts\quests\man\man0l0.lua,VOLUPTUOUS_VIXEN,,,,,VOLUPTUOUS_VIXEN,starter actor surface
actor_surface_rows,man0l0,110001,Shapeless Melody,main_scenario,handwritten_event_driver,onStateChange,113,SEQ_010,,,,,,,Data\scripts\quests\man\man0l0.lua,LANKY_TRAVELER,,,,,LANKY_TRAVELER,starter actor surface
actor_surface_rows,man0l0,110001,Shapeless Melody,main_scenario,handwritten_event_driver,onStateChange,114,SEQ_010,,,,,,,Data\scripts\quests\man\man0l0.lua,PRIVAREA_PAST_EXIT,,,,,PRIVAREA_PAST_EXIT; QFLAG_NONE; false; true,starter actor surface
actor_surface_rows,man0l0,110001,Shapeless Melody,main_scenario,handwritten_event_driver,onStateChange,115,SEQ_010,,,,,,,Data\scripts\quests\man\man0l0.lua,EXIT_TRIGGER,,,,,EXIT_TRIGGER; QFLAG_PUSH,starter actor surface
choice_gate_rows,man0l0,110001,Shapeless Melody,main_scenario,handwritten_event_driver,seq010_onTalk,254,,choice,processEvent020_9,,,,,Data/scripts/quests/man/man0l0.lua,,,,,,"local choice = callClientFunction(player, ""delegateEvent"", player, quest, ""processEvent020_9"");",starter choice gate
choice_gate_rows,man0l0,110001,Shapeless Melody,main_scenario,handwritten_event_driver,seq010_onTalk,255,,choice,processEvent020_9,,,,,Data/scripts/quests/man/man0l0.lua,,,,1,,if (choice == 1) then,starter choice gate
choice_gate_rows,man0l0,110001,Shapeless Melody,main_scenario,handwritten_event_driver,doExitDoor,298,,choice,processEventNewRectAsk,,,,,Data/scripts/quests/man/man0l0.lua,,,,,,"local choice = callClientFunction(player, ""delegateEvent"", player, quest, ""processEventNewRectAsk"", nil);",starter choice gate
choice_gate_rows,man0l0,110001,Shapeless Melody,main_scenario,handwritten_event_driver,doExitDoor,299,,choice,processEventNewRectAsk,,,,,Data/scripts/quests/man/man0l0.lua,,,,1,,if (choice == 1) then,starter choice gate
client_dialogue_rows,man0l0,110001,Shapeless Melody,main_scenario,handwritten_event_driver,processEvent000_4,84,,,say,,,22,"You say you heard a voice singing sweet somethings in your ear now, did you?",,,,,,,"A2_18:say(A0_16, 22, 0)",starter dialogue/text row
client_dialogue_rows,man0l0,110001,Shapeless Melody,main_scenario,handwritten_event_driver,processEvent000_4,84,,,say,,,36,"Well, I've heard nothing of the sort. Perhaps all this brine has started to pickle your brain.",,,,,,,"A2_18:say(A0_16, 36, 0)",starter dialogue/text row
client_dialogue_rows,man0l0,110001,Shapeless Melody,main_scenario,handwritten_event_driver,processEvent000_5,90,,,say,,,23,"Rhotano Sea's known for bein' rough with the men who tread on her back. Why, every trip, it seems we lose a few casks to her relentless wrigglin' and writhin'. But worry ye not; I won't be lettin' her make off with our best rum.",,,,,,,"A2_21:say(A0_19, 23, 0)",starter dialogue/text row
client_dialogue_rows,man0l0,110001,Shapeless Melody,main_scenario,handwritten_event_driver,processEvent000_5,90,,,say,,,37,A barrel's bounty can't be borne away if it be in me belly!,,,,,,,"A2_21:say(A0_19, 37, 0)",starter dialogue/text row
client_dialogue_rows,man0l0,110001,Shapeless Melody,main_scenario,handwritten_event_driver,processEvent000_6,94,,,say,,,24,These seemingly endless sea voyages can truly drain a man's soul of its vim and vigor. Might I offer you a drink to enliven your spirits?,,,,,,,"A2_24:say(A0_22, 24, 0)",starter dialogue/text row
client_dialogue_rows,man0l0,110001,Shapeless Melody,main_scenario,handwritten_event_driver,processEvent000_7,99,,,say,,,25,You hear somethin'? 'Cause I hear somethin'. Somethin's goin' on up top. An' that somethin' ain't quite right...,,,,,,,"A2_27:say(A0_25, 25, 0)",starter dialogue/text row
client_dialogue_rows,man0l0,110001,Shapeless Melody,main_scenario,handwritten_event_driver,processEvent000_7,99,,,say,,,38,"I'd go up an' see myself, but I don't want my adventurin' days endin' before they start! Why don't you see what's afoot?",,,,,,,"A2_27:say(A0_25, 38, 0)",starter dialogue/text row
client_dialogue_rows,man0l0,110001,Shapeless Melody,main_scenario,handwritten_event_driver,processEvent000_8,106,,,say,,,26,"Pardon me, [@IF($E9(4),milady,sir)], but have you seen that filthy Qiqirn? The one that was shuffling about hither and thither, sniffing everyone's baggage. I have an inkling he might be off getting that oversized nose of his into trouble...",,,,,,,"A2_30:say(A0_28, 26, 0)",starter dialogue/text row
client_dialogue_rows,man0l0,110001,Shapeless Melody,main_scenario,handwritten_event_driver,processEvent000_9,109,,,say,,,27,"They say the seas around Limsa Lominsa are guarded over by a goddess called the Navigator. If her temper's as bad as this accursed storm, I'd say we're all doomed.",,,,,,,"A2_33:say(A0_31, 27, 0)",starter dialogue/text row
client_dialogue_rows,man0l0,110001,Shapeless Melody,main_scenario,handwritten_event_driver,processEvent000_10,114,,,say,,,28,"Hmph. From that blank look in your eyes, I would guess you are not too well-traveled. Best scuttle over to that corner you were cowering in and go back to sleep.",,,,,,,"A2_36:say(A0_34, 28, 0)",starter dialogue/text row
client_dialogue_rows,man0l0,110001,Shapeless Melody,main_scenario,handwritten_event_driver,processEvent000_11,120,,,say,,,29,"You speak to me as if I have something to say. Well, I don't, so begone.",,,,,,,"A2_39:say(A0_37, 29, 0)",starter dialogue/text row
client_dialogue_rows,man0l0,110001,Shapeless Melody,main_scenario,handwritten_event_driver,processEvent000_12,125,,,say,,,30,"You say you heard singing? Well, maybe it was ol' Llymlaen laughin' at us mortals seeking to trespass in her fair demesne. Or maybe it were them silky-voiced sirens the people back in Limsa are a-fearin'. <sigh> Guess some places just ain't meant for an honest man.",,,,,,,"A2_42:say(A0_40, 30, 0)",starter dialogue/text row
client_dialogue_rows,man0l0,110001,Shapeless Melody,main_scenario,handwritten_event_driver,processEvent000_13,131,,,say,,,31,"Unable to sleep, friend? How about a drink to calm your nerves?",,,,,,,"A2_45:say(A0_43, 31, 0)",starter dialogue/text row
client_dialogue_rows,man0l0,110001,Shapeless Melody,main_scenario,handwritten_event_driver,processEvent000_14,137,,,say,,,32,"I knew I should have taken an inn room... One more bell amongst this rabble, and the smell alone will do for me.",,,,,,,"A2_48:say(A0_46, 32, 0)",starter dialogue/text row
client_dialogue_rows,man0l0,110001,Shapeless Melody,main_scenario,handwritten_event_driver,processEvent000_14,137,,,say,,,39,<sniff> It's heartening to know at least one of you practices proper hygiene.,,,,,,,"A2_48:say(A0_46, 39, 0)",starter dialogue/text row
client_dialogue_rows,man0l0,110001,Shapeless Melody,main_scenario,handwritten_event_driver,processEvent000_15,143,,,say,,,33,"Then it is set! Once we arrive in Limsa, we shall make our way to the Adventurers' Guild and find us a noble quest! (One that will make us rich, of course! Ahahahah!)",,,,,,,"A2_51:say(A0_49, 33, 0)",starter dialogue/text row
client_dialogue_rows,man0l0,110001,Shapeless Melody,main_scenario,handwritten_event_driver,processEvent000_15,143,,,say,,,40,Hm? You say you'd like to join us? I don't know... You don't look like the adventuring type...,,,,,,,"A2_51:say(A0_49, 40, 0)",starter dialogue/text row
client_dialogue_rows,man0l0,110001,Shapeless Melody,main_scenario,handwritten_event_driver,processEvent000_16,149,,,say,,,34,"Have you decided what endeavors you will undertake once you've arrived in Limsa Lominsa? That is, unless you're on a sort of spiritual journey to become one with your inner self...in which case, I assume you won't be doing much of anything.",,,,,,,"A2_54:say(A0_52, 34, 0)",starter dialogue/text row
client_dialogue_rows,man0l0,110001,Shapeless Melody,main_scenario,handwritten_event_driver,processEvent000_16,149,,,say,,,41,"Remember, only you can give your life any meaning.",,,,,,,"A2_54:say(A0_52, 41, 0)",starter dialogue/text row
client_dialogue_rows,man0l0,110001,Shapeless Melody,main_scenario,handwritten_event_driver,processEvent000_17,156,,,say,,,35,"I heard Limsa Lominsa's a filthy cesspool overridden with pirates and pillagers, wenches and wastrels... Heh heh, sounds like my kind of town!",,,,,,,"A2_57:say(A0_55, 35, 0)",starter dialogue/text row
client_dialogue_rows,man0l0,110001,Shapeless Melody,main_scenario,handwritten_event_driver,processEvent020_2,162,,,say,,,13,"Ye say ye saw a powerful sorceress weavin' her magicks 'round the ship, and that it's her what saved us from the serpent's minions? I ain't believin' what I ain't seen with me own two eyes, and I ain't seen no magickal wench, nor no serpent's minions.",,,,,,,"A2_60:say(A0_58, 13, 0)",starter dialogue/text row
client_dialogue_rows,man0l0,110001,Shapeless Melody,main_scenario,handwritten_event_driver,processEvent020_2,162,,,say,,,14,"But that storm we had─[@1A(1)]that[@1A(0)] be true enough. 'Tweren't fer our fearless Cap'n Hob, we'd all be rottin' at th' bottom o' Rhotano's belly! Don't ye go forgettin' that now, eh?",,,,,,,"A2_60:say(A0_58, 14, 0)",starter dialogue/text row
client_dialogue_rows,man0l0,110001,Shapeless Melody,main_scenario,handwritten_event_driver,processEvent020_3,168,,,say,,,15,"We're sailors. A little wind or rain won't keep us from findin' our way to port. Bloodthirsty aurelias, on the other hand...well, those we could do without.",,,,,,,"A2_63:say(A0_61, 15, 0)",starter dialogue/text row
client_dialogue_rows,man0l0,110001,Shapeless Melody,main_scenario,handwritten_event_driver,processEvent020_4,171,,,say,,,16,"Did you see that light? I hope it wasn't what I thought it was...because if it was what I thought it was, we wouldn't be here. Ah, but here is where we are, and all is well, is it not? Heh heh!",,,,,,,"A2_66:say(A0_64, 16, 0)",starter dialogue/text row
client_dialogue_rows,man0l0,110001,Shapeless Melody,main_scenario,handwritten_event_driver,processEvent020_4,171,,,say,,,42,"Now, my companion, on the other hand...is not here, and that is definitely [@1A(1)]not[@1A(0)] good. Might you have seen her?",,,,,,,"A2_66:say(A0_64, 42, 0)",starter dialogue/text row
client_dialogue_rows,man0l0,110001,Shapeless Melody,main_scenario,handwritten_event_driver,processEvent020_5,175,,,say,,,17,"Hah hah! My arrival in Limsa Lominsa marks the beginning of a new legend! Call forth the bards, for my adventures will inspire epic tales that shall be sung in the halls of kings and queens across the realm. You, my good [@IF($E9(4),lady,lad)], are a witness to history!",,,,,,,"A2_69:say(A0_67, 17, 0)",starter dialogue/text row
client_dialogue_rows,man0l0,110001,Shapeless Melody,main_scenario,handwritten_event_driver,processEvent020_6,179,,,say,,,18,Is there anyone more reliable than a man of the sea? Perhaps I should have stayed on the ship rather than disembarking into this den of wolves.,,,,,,,"A2_72:say(A0_70, 18, 0)",starter dialogue/text row
client_dialogue_rows,man0l0,110001,Shapeless Melody,main_scenario,handwritten_event_driver,processEvent020_7,184,,,say,,,43,"Last night...I believe we were witness to something well beyond our comprehension, and I believe it is best to leave it at that.",,,,,,,"A2_75:say(A0_73, 43, 0)",starter dialogue/text row
client_dialogue_rows,man0l0,110001,Shapeless Melody,main_scenario,handwritten_event_driver,processEvent020_7,184,,,say,,,44,"As a merchant, it is never wise to ponder over that which can not earn one a profit...such as that [@SWITCH([@SHEET(itemData,11000001,41)],[@COLOR(#fff3f3f3)],[@COLOR(#ffc0ffa0)],[@COLOR(#ff60c8ff)],[@COLOR(#ffb38cff)],[@COLOR(#ffffa666)],[@COLOR(#ffe5dd7e)])][@EDGECOLOR(#ff262626)][@SHEETEN(xtx/itemName,3,11000001,1,1)][@EDGECOLOR($EC)][@COLOR($EC)] you carry. A fine specimen, albeit a tad ripe.",,,,,,,"A2_75:say(A0_73, 44, 0)",starter dialogue/text row
client_dialogue_rows,man0l0,110001,Shapeless Melody,main_scenario,handwritten_event_driver,processEvent020_8,190,,,say,,,45,"Ah, and our adventure on the seas comes to a close, only to make way for a new one upon the shores of this quaint island.",,,,,,,"A2_78:say(A0_76, 45, 0)",starter dialogue/text row
client_dialogue_rows,man0l0,110001,Shapeless Melody,main_scenario,handwritten_event_driver,processEvent020_8,190,,,say,,,46,"Perhaps our paths will cross again...and if you are planning on a visit to the Adventurers' Guild, then perhaps they will cross sooner than we think. I hear the good Captain Hob is heading there himself.",,,,,,,"A2_78:say(A0_76, 46, 0)",starter dialogue/text row
client_dialogue_rows,man0l0,110001,Shapeless Melody,main_scenario,handwritten_event_driver,processEvent020_9,196,,,say,,,19,"Welcome t' Limsa, younglin'. If ye're lookin' for an apology for the rough ride, ye won't find one from me or any o' me crew. Ye're here in one piece, and that's more than ye were guaranteed when ye boarded me ship.",,,,,,,"A2_81:say(A0_79, 19, 0)",starter dialogue/text row
client_dialogue_rows,man0l0,110001,Shapeless Melody,main_scenario,handwritten_event_driver,processEvent020_9,196,,,say,,,20,"I lost more'n a few good lads to that infernal storm, yet here ye be without so much as a scratch. I'd say ye've someone watchin' over ye...and that ain't no bad thing, 'specially if ye're thinkin' o' seekin' adventure out in the wilds.",,,,,,,"A2_81:say(A0_79, 20, 0)",starter dialogue/text row
client_dialogue_rows,man0l0,110001,Shapeless Melody,main_scenario,handwritten_event_driver,processEvent020_9,196,,,say,,,21,"I'm bound for the Mizzenmast, where me fill of ale and a soft bed await. Ye can follow me so far if ye please.",,,,,,,"A2_81:say(A0_79, 21, 0)",starter dialogue/text row
client_dialogue_rows,man0l0,110001,Shapeless Melody,main_scenario,handwritten_event_driver,processEvent020_9,196,,,ask,,,84,Accompany Hob to the Mizzenmast Inn?,,,,,,,"if A2_81:ask(A0_79, 84, 2) == 1 then",starter dialogue/text row
client_dialogue_rows,man0l0,110001,Shapeless Melody,main_scenario,handwritten_event_driver,processEvent020_9,196,,,say,,,88,Then away we go!,,,,,,,"A2_81:say(A0_79, 88, 0)",starter dialogue/text row
client_dialogue_rows,man0l0,110001,Shapeless Melody,main_scenario,handwritten_event_driver,processEvent020_9,196,,,say,,,87,"Ain't no need t' be timid, now. I ain't schemin' t' swindle ye none.",,,,,,,"A2_81:say(A0_79, 87, 0)",starter dialogue/text row
client_dialogue_rows,man0l0,110001,Shapeless Melody,main_scenario,handwritten_event_driver,processEvent020_9,196,,,ask,,,84,Accompany Hob to the Mizzenmast Inn?,,,,,,,"return (A2_81:ask(A0_79, 84, 2))",starter dialogue/text row
client_dialogue_rows,man0l0,110001,Shapeless Melody,main_scenario,handwritten_event_driver,processEvent020_10,214,,,say,,,58,First time in Limsa? Then take this bit of counsel―keep your head down and your blade handy. Talk with Captain Hob if you're looking for a decent place to spend the night.,,,,,,,"A2_84:say(A0_82, 58, 0)",starter dialogue/text row
client_dialogue_rows,man0l0,110001,Shapeless Melody,main_scenario,handwritten_event_driver,processEvent020_11,219,,,say,,,59,"Step back, [@IF($E9(4),madam,sir)]. All passengers must be inspected prior to being granted entry into the city. Quietly wait your turn or I will be forced to call the Yellowjackets.",,,,,,,"A2_87:say(A0_85, 59, 0)",starter dialogue/text row
client_dialogue_rows,man0l0,110001,Shapeless Melody,main_scenario,handwritten_event_driver,processEventNewRectAsk,224,,,ask,,,115,Venture above deck?,,,,,,,"return (A2_90:ask(A0_88, 115, 2))",starter dialogue/text row
client_dialogue_rows,man0l0,110001,Shapeless Melody,main_scenario,handwritten_event_driver,processTtrMini001,686,,,say,,,94,"A strange voice, ye say? Sure it weren't [@1A(1)]sirens[@1A(0)]?",,,,,,,"A2_143:say(A0_141, 94, 0)",starter dialogue/text row
client_dialogue_rows,man0l0,110001,Shapeless Melody,main_scenario,handwritten_event_driver,processTtrMini001,686,,,say,,,95,"Their song'll tug an' tear at yer very soul, leavin' ye drained of all life, but beggin' fer more. An' them sultry devilets ain't even th' worst o' what's lurkin' in Limsa's waters...",,,,,,,"A2_143:say(A0_141, 95, 0)",starter dialogue/text row
client_dialogue_rows,man0l0,110001,Shapeless Melody,main_scenario,handwritten_event_driver,processTtrMini002,693,,,say,,,119,You appear troubled. Might anything be amiss?,,,,,,,"A2_146:say(A0_144, 119, 0)",starter dialogue/text row
client_dialogue_rows,man0l0,110001,Shapeless Melody,main_scenario,handwritten_event_driver,processTtrMini003,699,,,say,,,118,Voices? I've heard naught but the infernal squeakings of that damned Qiqirn porter since stepping foot on this vessel.,,,,,,,"A2_149:say(A0_147, 118, 0)",starter dialogue/text row
client_method_body_extracts,man0l0,110001,Shapeless Melody,main_scenario,handwritten_event_driver,initText,3,,,,,,,,tools/outputs/lpb/decomp_more_20260617/lua/quest/scenario/man/man0l0.lua,,,,,,"function Man0l0.initText(A0_0) | A0_0:_loadTextDataPermanently(21, ""man0l0"") | end",starter client method body extract
client_method_body_extracts,man0l0,110001,Shapeless Melody,main_scenario,handwritten_event_driver,processEvent000_1,6,,,,MAN0L000,,,,tools/outputs/lpb/decomp_more_20260617/lua/quest/scenario/man/man0l0.lua,,,,,,"function Man0l0.processEvent000_1(A0_1, A1_2, A2_3) | A0_1:startFadeOutCutSceneDefault(A1_2) | A0_1:startHQCutScene(""MAN0L000"", 1) | A0_1:startFadeInCutSceneDefault(A1_2) | end",starter client method body extract
client_method_body_extracts,man0l0,110001,Shapeless Melody,main_scenario,handwritten_event_driver,processEvent000_2,11,,,,,,,,tools/outputs/lpb/decomp_more_20260617/lua/quest/scenario/man/man0l0.lua,,,,,,"function Man0l0.processEvent000_2(A0_4, A1_5, A2_6) | desktopWidget:cancelDesktopWidgetMode(16) | desktopWidget:closeTutorialWidget() | desktopWidget:orderDesktopWidgetMode(16) | end",starter client method body extract
client_method_body_extracts,man0l0,110001,Shapeless Melody,main_scenario,handwritten_event_driver,processEvent000_3,16,,,,,,,,tools/outputs/lpb/decomp_more_20260617/lua/quest/scenario/man/man0l0.lua,,,,,,"function Man0l0.processEvent000_3(A0_7, A1_8, A2_9) | local L3_10, L4_11, L5_12, L6_13, L7_14, L8_15 | L4_11 = A0_7 | L3_10 = A0_7.startFadeOutCutSceneDefault | L5_12 = A1_8 | L3_10(L4_11, L5_12) | L4_11 = A0_7 | L3_10 = A0_7.startHQCutScene | L5_12 = ""MAN0L020"" | L6_13 = 3 | L3_10(L4_11, L5_12, L6_13) | L4_11 = A0_7 | L3_10 = A0_7.startHQCutScene | L5_12 = ""MAN0L030"" | L6_13 = 5 | L3_10(L4_11, L5_12, L6_13) | L4_11 = A0_7 | L3_10 = A0_7.startHQCutScene | L5_12 = ""MAN0L040"" | L6_13 = 7 | L3_10(L4_11, L5_12, L6_13) | L3_10 = desktopWidget | L4_11 = L3_10 | L3_10 = L3_10.openPublicInformDialogWidget | L5_12 = worldMaster | L6_13 = 25117 | L7_14 = 11000001 | L8_15 = 1",starter client method body extract
client_method_body_extracts,man0l0,110001,Shapeless Melody,main_scenario,handwritten_event_driver,processEvent000_4,84,,,,,,,,tools/outputs/lpb/decomp_more_20260617/lua/quest/scenario/man/man0l0.lua,,,,,,"function Man0l0.processEvent000_4(A0_16, A1_17, A2_18) | A2_18:startCliantTalkTurn(2, A1_17) | A2_18:say(A0_16, 22, 0) | A2_18:say(A0_16, 36, 0) | A2_18:finishCliantTalkTurn() | end",starter client method body extract
client_method_body_extracts,man0l0,110001,Shapeless Melody,main_scenario,handwritten_event_driver,processEvent000_5,90,,,,,,,,tools/outputs/lpb/decomp_more_20260617/lua/quest/scenario/man/man0l0.lua,,,,,,"function Man0l0.processEvent000_5(A0_19, A1_20, A2_21) | A2_21:say(A0_19, 23, 0) | A2_21:say(A0_19, 37, 0) | end",starter client method body extract
client_method_body_extracts,man0l0,110001,Shapeless Melody,main_scenario,handwritten_event_driver,processEvent000_6,94,,,,,,,,tools/outputs/lpb/decomp_more_20260617/lua/quest/scenario/man/man0l0.lua,,,,,,"function Man0l0.processEvent000_6(A0_22, A1_23, A2_24) | A2_24:startCliantTalkTurn(2, A1_23) | A2_24:say(A0_22, 24, 0) | A2_24:finishCliantTalkTurn() | end",starter client method body extract
client_method_body_extracts,man0l0,110001,Shapeless Melody,main_scenario,handwritten_event_driver,processEvent000_7,99,,,,,,,,tools/outputs/lpb/decomp_more_20260617/lua/quest/scenario/man/man0l0.lua,,,,,,"function Man0l0.processEvent000_7(A0_25, A1_26, A2_27) | A2_27:startCliantTalkTurn(2, A1_26) | A2_27:_runCharaScheduler(354168832) | A2_27:say(A0_25, 25, 0) | A2_27:say(A0_25, 38, 0) | A2_27:finishCliantTalkTurn() | end",starter client method body extract
client_method_body_extracts,man0l0,110001,Shapeless Melody,main_scenario,handwritten_event_driver,processEvent000_8,106,,,,,,,,tools/outputs/lpb/decomp_more_20260617/lua/quest/scenario/man/man0l0.lua,,,,,,"function Man0l0.processEvent000_8(A0_28, A1_29, A2_30) | A2_30:say(A0_28, 26, 0) | end",starter client method body extract
client_method_body_extracts,man0l0,110001,Shapeless Melody,main_scenario,handwritten_event_driver,processEvent000_9,109,,,,,,,,tools/outputs/lpb/decomp_more_20260617/lua/quest/scenario/man/man0l0.lua,,,,,,"function Man0l0.processEvent000_9(A0_31, A1_32, A2_33) | A2_33:startCliantTalkTurn(2, A1_32) | A2_33:say(A0_31, 27, 0) | A2_33:finishCliantTalkTurn() | end",starter client method body extract
client_method_body_extracts,man0l0,110001,Shapeless Melody,main_scenario,handwritten_event_driver,processEvent000_10,114,,,,,,,,tools/outputs/lpb/decomp_more_20260617/lua/quest/scenario/man/man0l0.lua,,,,,,"function Man0l0.processEvent000_10(A0_34, A1_35, A2_36) | A2_36:startCliantTalkTurn(2, A1_35) | A2_36:_runCharaScheduler(353959936) | A2_36:say(A0_34, 28, 0) | A2_36:finishCliantTalkTurn() | end",starter client method body extract
client_method_body_extracts,man0l0,110001,Shapeless Melody,main_scenario,handwritten_event_driver,processEvent000_11,120,,,,,,,,tools/outputs/lpb/decomp_more_20260617/lua/quest/scenario/man/man0l0.lua,,,,,,"function Man0l0.processEvent000_11(A0_37, A1_38, A2_39) | A2_39:startCliantTalkTurn(2, A1_38) | A2_39:say(A0_37, 29, 0) | A2_39:finishCliantTalkTurn() | end",starter client method body extract
client_method_body_extracts,man0l0,110001,Shapeless Melody,main_scenario,handwritten_event_driver,processEvent000_12,125,,,,,,,,tools/outputs/lpb/decomp_more_20260617/lua/quest/scenario/man/man0l0.lua,,,,,,"function Man0l0.processEvent000_12(A0_40, A1_41, A2_42) | A2_42:startCliantTalkTurn(2, A1_41) | A2_42:_runCharaScheduler(353959936) | A2_42:say(A0_40, 30, 0) | A2_42:finishCliantTalkTurn() | end",starter client method body extract
client_method_body_extracts,man0l0,110001,Shapeless Melody,main_scenario,handwritten_event_driver,processEvent000_13,131,,,,,,,,tools/outputs/lpb/decomp_more_20260617/lua/quest/scenario/man/man0l0.lua,,,,,,"function Man0l0.processEvent000_13(A0_43, A1_44, A2_45) | A2_45:startCliantTalkTurn(2, A1_44) | A2_45:_runCharaScheduler(354172928) | A2_45:say(A0_43, 31, 0) | A2_45:finishCliantTalkTurn() | end",starter client method body extract
client_method_body_extracts,man0l0,110001,Shapeless Melody,main_scenario,handwritten_event_driver,processEvent000_14,137,,,,,,,,tools/outputs/lpb/decomp_more_20260617/lua/quest/scenario/man/man0l0.lua,,,,,,"function Man0l0.processEvent000_14(A0_46, A1_47, A2_48) | A2_48:startCliantTalkTurn(2, A1_47) | A2_48:say(A0_46, 32, 0) | A2_48:say(A0_46, 39, 0) | A2_48:finishCliantTalkTurn() | end",starter client method body extract
client_method_body_extracts,man0l0,110001,Shapeless Melody,main_scenario,handwritten_event_driver,processEvent000_15,143,,,,,,,,tools/outputs/lpb/decomp_more_20260617/lua/quest/scenario/man/man0l0.lua,,,,,,"function Man0l0.processEvent000_15(A0_49, A1_50, A2_51) | A2_51:say(A0_49, 33, 0) | A2_51:startCliantTalkTurn(2, A1_50) | A2_51:say(A0_49, 40, 0) | A2_51:finishCliantTalkTurn() | end",starter client method body extract
client_method_body_extracts,man0l0,110001,Shapeless Melody,main_scenario,handwritten_event_driver,processEvent000_16,149,,,,,,,,tools/outputs/lpb/decomp_more_20260617/lua/quest/scenario/man/man0l0.lua,,,,,,"function Man0l0.processEvent000_16(A0_52, A1_53, A2_54) | A2_54:startCliantTalkTurn(2, A1_53) | A2_54:_runCharaScheduler(354168832) | A2_54:say(A0_52, 34, 0) | A2_54:say(A0_52, 41, 0) | A2_54:finishCliantTalkTurn() | end",starter client method body extract
client_method_body_extracts,man0l0,110001,Shapeless Melody,main_scenario,handwritten_event_driver,processEvent000_17,156,,,,,,,,tools/outputs/lpb/decomp_more_20260617/lua/quest/scenario/man/man0l0.lua,,,,,,"function Man0l0.processEvent000_17(A0_55, A1_56, A2_57) | A2_57:startCliantTalkTurn(2, A1_56) | A2_57:_runCharaScheduler(354234368) | A2_57:say(A0_55, 35, 0) | A2_57:finishCliantTalkTurn() | end",starter client method body extract
client_method_body_extracts,man0l0,110001,Shapeless Melody,main_scenario,handwritten_event_driver,processEvent020_2,162,,,,,,,,tools/outputs/lpb/decomp_more_20260617/lua/quest/scenario/man/man0l0.lua,,,,,,"function Man0l0.processEvent020_2(A0_58, A1_59, A2_60) | A2_60:startCliantTalkTurn(2, A1_59) | A2_60:say(A0_58, 13, 0) | A2_60:say(A0_58, 14, 0) | A2_60:finishCliantTalkTurn() | end",starter client method body extract
client_method_body_extracts,man0l0,110001,Shapeless Melody,main_scenario,handwritten_event_driver,processEvent020_3,168,,,,,,,,tools/outputs/lpb/decomp_more_20260617/lua/quest/scenario/man/man0l0.lua,,,,,,"function Man0l0.processEvent020_3(A0_61, A1_62, A2_63) | A2_63:say(A0_61, 15, 0) | end",starter client method body extract
client_method_body_extracts,man0l0,110001,Shapeless Melody,main_scenario,handwritten_event_driver,processEvent020_4,171,,,,,,,,tools/outputs/lpb/decomp_more_20260617/lua/quest/scenario/man/man0l0.lua,,,,,,"function Man0l0.processEvent020_4(A0_64, A1_65, A2_66) | A2_66:say(A0_64, 16, 0) | A2_66:say(A0_64, 42, 0) | end",starter client method body extract
client_method_body_extracts,man0l0,110001,Shapeless Melody,main_scenario,handwritten_event_driver,processEvent020_5,175,,,,,,,,tools/outputs/lpb/decomp_more_20260617/lua/quest/scenario/man/man0l0.lua,,,,,,"function Man0l0.processEvent020_5(A0_67, A1_68, A2_69) | A2_69:_runCharaScheduler(83910656) | A2_69:say(A0_67, 17, 0) | end",starter client method body extract
client_method_body_extracts,man0l0,110001,Shapeless Melody,main_scenario,handwritten_event_driver,processEvent020_6,179,,,,,,,,tools/outputs/lpb/decomp_more_20260617/lua/quest/scenario/man/man0l0.lua,,,,,,"function Man0l0.processEvent020_6(A0_70, A1_71, A2_72) | A2_72:startCliantTalkTurn(2, A1_71) | A2_72:say(A0_70, 18, 0) | A2_72:finishCliantTalkTurn() | end",starter client method body extract
client_method_body_extracts,man0l0,110001,Shapeless Melody,main_scenario,handwritten_event_driver,processEvent020_7,184,,,,,,,,tools/outputs/lpb/decomp_more_20260617/lua/quest/scenario/man/man0l0.lua,,,,,,"function Man0l0.processEvent020_7(A0_73, A1_74, A2_75) | A2_75:startCliantTalkTurn(2, A1_74) | A2_75:say(A0_73, 43, 0) | A2_75:say(A0_73, 44, 0) | A2_75:finishCliantTalkTurn() | end",starter client method body extract
client_method_body_extracts,man0l0,110001,Shapeless Melody,main_scenario,handwritten_event_driver,processEvent020_8,190,,,,,,,,tools/outputs/lpb/decomp_more_20260617/lua/quest/scenario/man/man0l0.lua,,,,,,"function Man0l0.processEvent020_8(A0_76, A1_77, A2_78) | A2_78:startCliantTalkTurn(2, A1_77) | A2_78:say(A0_76, 45, 0) | A2_78:say(A0_76, 46, 0) | A2_78:finishCliantTalkTurn() | end",starter client method body extract
client_method_body_extracts,man0l0,110001,Shapeless Melody,main_scenario,handwritten_event_driver,processEvent020_9,196,,,,,,,,tools/outputs/lpb/decomp_more_20260617/lua/quest/scenario/man/man0l0.lua,,,,,,"function Man0l0.processEvent020_9(A0_79, A1_80, A2_81) | A2_81:startCliantTalkTurn(2, A1_80) | A2_81:_runCharaScheduler(353964032) | A2_81:say(A0_79, 19, 0) | A2_81:say(A0_79, 20, 0) | A2_81:_runCharaScheduler(353972224) | A2_81:say(A0_79, 21, 0) | A2_81:finishCliantTalkTurn() | if A2_81:ask(A0_79, 84, 2) == 1 then | A2_81:_runCharaScheduler(354000896) | A2_81:say(A0_79, 88, 0) | A0_79:startFadeOutCutSceneDefault(A1_80) | else | A2_81:_runCharaScheduler(354082816) | A2_81:say(A0_79, 87, 0) | end | return (A2_81:ask(A0_79, 84, 2)) | end",starter client method body extract
client_method_body_extracts,man0l0,110001,Shapeless Melody,main_scenario,handwritten_event_driver,processEvent020_10,214,,,,,,,,tools/outputs/lpb/decomp_more_20260617/lua/quest/scenario/man/man0l0.lua,,,,,,"function Man0l0.processEvent020_10(A0_82, A1_83, A2_84) | A2_84:startCliantTalkTurn(2, A1_83) | A2_84:say(A0_82, 58, 0) | A2_84:finishCliantTalkTurn() | end",starter client method body extract
client_method_body_extracts,man0l0,110001,Shapeless Melody,main_scenario,handwritten_event_driver,processEvent020_11,219,,,,,,,,tools/outputs/lpb/decomp_more_20260617/lua/quest/scenario/man/man0l0.lua,,,,,,"function Man0l0.processEvent020_11(A0_85, A1_86, A2_87) | A2_87:startCliantTalkTurn(2, A1_86) | A2_87:say(A0_85, 59, 0) | A2_87:finishCliantTalkTurn() | end",starter client method body extract
client_method_body_extracts,man0l0,110001,Shapeless Melody,main_scenario,handwritten_event_driver,processEventNewRectAsk,224,,,,,,,,tools/outputs/lpb/decomp_more_20260617/lua/quest/scenario/man/man0l0.lua,,,,,,"function Man0l0.processEventNewRectAsk(A0_88, A1_89, A2_90) | return (A2_90:ask(A0_88, 115, 2)) | end",starter client method body extract
client_method_body_extracts,man0l0,110001,Shapeless Melody,main_scenario,handwritten_event_driver,processEventTalkMenuManCutPreview,227,,,,man0l000;man0l010;man0l020;man0l030,,,,tools/outputs/lpb/decomp_more_20260617/lua/quest/scenario/man/man0l0.lua,,,,,,"function Man0l0.processEventTalkMenuManCutPreview(A0_91, A1_92, A2_93, A3_94) | if A3_94 == 102 then | A0_91:startFadeOutCutSceneDefault(A1_92) | A0_91:startHQCutScene(""man0l000"", 2) | A0_91:startFadeInCutSceneDefault(A1_92) | elseif A3_94 == 103 then | A0_91:startFadeOutCutSceneDefault(A1_92) | A0_91:startHQCutScene(""man0l010"", 2) | A0_91:startFadeInCutSceneDefault(A1_92) | elseif A3_94 == 105 then | A0_91:startFadeOutCutSceneDefault(A1_92) | A0_91:startHQCutScene(""man0l020"", 2) | A0_91:startFadeInCutSceneDefault(A1_92) | elseif A3_94 == 104 then | A0_91:startFadeOutCutSceneDefault(A1_92) | A0_91:startHQCutScene(""man0l030"", 2) | A0_91:startFadeInCutSceneDefault(A1_92) | elseif A3_94 ~= 10001 or nil == 1 then | elseif nil == 2 then | A0_91:startFadeOutCutSceneDefault(A1_92) | A0_91:startHQCutScene(""man0l000"", 2) | A0_91:startFadeInCutSceneDefault(A1_92) | elseif nil == 3 then | A0_91:startFadeOutCutSceneDefault(A1_92) | A0_91:startHQCutScene(""man0l010"", 2) | A0_91:startFadeInCutSceneDefault(A1_92) | elseif nil == 4 then | A0_91:startFadeOutCutSceneDefault(A1_92)",starter client method body extract
client_method_body_extracts,man0l0,110001,Shapeless Melody,main_scenario,handwritten_event_driver,processTtrNomal001withHQ,263,,,,,,,,tools/outputs/lpb/decomp_more_20260617/lua/quest/scenario/man/man0l0.lua,,,,,,"function Man0l0.processTtrNomal001withHQ(A0_95, A1_96, A2_97) | local L3_98, L4_99, L5_100, L6_101, L7_102, L8_103, L9_104, L10_105, L11_106, L12_107 | L5_100 = A1_96 | L4_99 = A1_96._lockCameraControl | L4_99(L5_100) | L4_99 = desktopWidget | L5_100 = L4_99 | L4_99 = L4_99.orderTutorialMode | L4_99(L5_100) | L4_99 = desktopWidget | L5_100 = L4_99 | L4_99 = L4_99.orderDesktopWidgetMode | L6_101 = 62 | L4_99(L5_100, L6_101) | L4_99 = true | L5_100 = true | L6_101 = true | L7_102 = true | L8_103 = true | L9_104 = 4 | L10_105 = desktopWidget | L11_106 = L10_105 | L10_105 = L10_105.setTutorialMask | L12_107 = L4_99 | L10_105(L11_106, L12_107, L5_100, L6_101, L7_102, L8_103, L9_104) | L11_106 = A1_96 | L10_105 = A1_96._fadeInNowLoadingForNoticeEventJustInArea | L10_105(L11_106)",starter client method body extract
client_method_body_extracts,man0l0,110001,Shapeless Melody,main_scenario,handwritten_event_driver,processTtrNomal001,419,,,,,,,,tools/outputs/lpb/decomp_more_20260617/lua/quest/scenario/man/man0l0.lua,,,,,,"function Man0l0.processTtrNomal001(A0_108, A1_109, A2_110) | local L3_111, L4_112, L5_113, L6_114, L7_115, L8_116, L9_117, L10_118, L11_119, L12_120 | L5_113 = A1_109 | L4_112 = A1_109._lockCameraControl | L4_112(L5_113) | L4_112 = desktopWidget | L5_113 = L4_112 | L4_112 = L4_112.isTutorialMode | L4_112 = L4_112(L5_113) | if L4_112 == false then | L4_112 = desktopWidget | L5_113 = L4_112 | L4_112 = L4_112.orderTutorialMode | L4_112(L5_113) | end | L4_112 = desktopWidget | L5_113 = L4_112 | L4_112 = L4_112.orderDesktopWidgetMode | L6_114 = 62 | L4_112(L5_113, L6_114) | L4_112 = true | L5_113 = true | L6_114 = true | L7_115 = true | L8_116 = true | L9_117 = 4 | L10_118 = desktopWidget | L11_119 = L10_118",starter client method body extract
client_method_body_extracts,man0l0,110001,Shapeless Melody,main_scenario,handwritten_event_driver,processTtrNomal002,579,,,,,,,,tools/outputs/lpb/decomp_more_20260617/lua/quest/scenario/man/man0l0.lua,,,,,,"function Man0l0.processTtrNomal002(A0_121, A1_122, A2_123, A3_124) | local L4_125, L5_126, L6_127, L7_128, L8_129, L9_130 | L4_125 = desktopWidget | L5_126 = L4_125 | L4_125 = L4_125.cancelDesktopWidgetMode | L6_127 = 16 | L4_125(L5_126, L6_127) | L4_125 = desktopWidget | L5_126 = L4_125 | L4_125 = L4_125.closeTutorialWidget | L4_125(L5_126) | L5_126 = A0_121 | L4_125 = A0_121._wait | L6_127 = 0.5 | L4_125(L5_126, L6_127) | L4_125 = desktopWidget | L5_126 = L4_125 | L4_125 = L4_125.openTutorialWidget | L6_127 = A3_124 | L7_128 = 3 | L4_125(L5_126, L6_127, L7_128) | L4_125 = true | L5_126 = false | L6_127 = true | L7_128 = true | L8_129 = true | L9_130 = 4 | desktopWidget:setTutorialMask(L4_125, L5_126, L6_127, L7_128, L8_129, L9_130)",starter client method body extract
client_method_body_extracts,man0l0,110001,Shapeless Melody,main_scenario,handwritten_event_driver,processTtrNomal003,634,,,,,,,,tools/outputs/lpb/decomp_more_20260617/lua/quest/scenario/man/man0l0.lua,,,,,,"function Man0l0.processTtrNomal003(A0_131, A1_132, A2_133, A3_134) | local L4_135, L5_136, L6_137, L7_138, L8_139, L9_140 | L4_135 = desktopWidget | L5_136 = L4_135 | L4_135 = L4_135.closeTutorialWidget | L4_135(L5_136) | L5_136 = A0_131 | L4_135 = A0_131._wait | L6_137 = 0.5 | L4_135(L5_136, L6_137) | L5_136 = A2_133 | L4_135 = A2_133._runCharaScheduler | L6_137 = 353964032 | L4_135(L5_136, L6_137) | L5_136 = A2_133 | L4_135 = A2_133.say | L6_137 = A0_131 | L7_138 = 93 | L8_139 = 0 | L4_135(L5_136, L6_137, L7_138, L8_139) | L4_135 = desktopWidget | L5_136 = L4_135 | L4_135 = L4_135._setTargetCharacter | L6_137 = 1 | L7_138 = nil | L4_135(L5_136, L6_137, L7_138) | L4_135 = desktopWidget | L5_136 = L4_135",starter client method body extract
client_method_body_extracts,man0l0,110001,Shapeless Melody,main_scenario,handwritten_event_driver,processTtrMini001,686,,,,,,,,tools/outputs/lpb/decomp_more_20260617/lua/quest/scenario/man/man0l0.lua,,,,,,"function Man0l0.processTtrMini001(A0_141, A1_142, A2_143) | A2_143:startCliantTalkTurn(2, A1_142) | A2_143:_runCharaScheduler(353964032) | A2_143:say(A0_141, 94, 0) | A2_143:say(A0_141, 95, 0) | A2_143:finishCliantTalkTurn() | end",starter client method body extract
client_method_body_extracts,man0l0,110001,Shapeless Melody,main_scenario,handwritten_event_driver,processTtrMini002,693,,,,,,,,tools/outputs/lpb/decomp_more_20260617/lua/quest/scenario/man/man0l0.lua,,,,,,"function Man0l0.processTtrMini002(A0_144, A1_145, A2_146) | A2_146:startCliantTalkTurn(2, A1_145) | A2_146:_runCharaScheduler(353964032) | A2_146:say(A0_144, 119, 0) | A2_146:finishCliantTalkTurn() | end",starter client method body extract
client_method_body_extracts,man0l0,110001,Shapeless Melody,main_scenario,handwritten_event_driver,processTtrMini003,699,,,,,,,,tools/outputs/lpb/decomp_more_20260617/lua/quest/scenario/man/man0l0.lua,,,,,,"function Man0l0.processTtrMini003(A0_147, A1_148, A2_149) | A2_149:startCliantTalkTurn(2, A1_148) | A2_149:_runCharaScheduler(353964032) | A2_149:say(A0_147, 118, 0) | A2_149:finishCliantTalkTurn() | end",starter client method body extract
client_method_body_extracts,man0l0,110001,Shapeless Melody,main_scenario,handwritten_event_driver,processTtrAfterBtl001,705,,,,,,,,tools/outputs/lpb/decomp_more_20260617/lua/quest/scenario/man/man0l0.lua,,,,,,"function Man0l0.processTtrAfterBtl001(A0_150, A1_151, A2_152) | local L3_153, L4_154, L5_155, L6_156, L7_157, L8_158, L9_159, L10_160, L11_161 | L3_153 = desktopWidget | L4_154 = L3_153 | L3_153 = L3_153.isTutorialMode | L3_153 = L3_153(L4_154) | if L3_153 == false then | L3_153 = desktopWidget | L4_154 = L3_153 | L3_153 = L3_153.orderTutorialMode | L3_153(L4_154) | end | L4_154 = A1_151 | L3_153 = A1_151._fadeInNowLoadingForNoticeEventJustInArea | L3_153(L4_154) | L3_153 = desktopWidget | L4_154 = L3_153 | L3_153 = L3_153.cancelDesktopWidgetMode | L5_155 = 16 | L3_153(L4_154, L5_155) | L3_153 = desktopWidget | L4_154 = L3_153 | L3_153 = L3_153.closeTutorialWidget | L3_153(L4_154) | L3_153 = nil | L4_154 = false | L5_155 = worldMaster | L6_156 = L5_155",starter client method body extract
client_method_body_extracts,man0l0,110001,Shapeless Melody,main_scenario,handwritten_event_driver,processTtrBtl001,770,,,,MAN0L010,,,,tools/outputs/lpb/decomp_more_20260617/lua/quest/scenario/man/man0l0.lua,,,,,,"function Man0l0.processTtrBtl001(A0_162, A1_163, A2_164, A3_165) | local L4_166, L5_167, L6_168, L7_169, L8_170, L9_171 | L4_166 = desktopWidget | L5_167 = L4_166 | L4_166 = L4_166.closeTutorialWidget | L4_166(L5_167) | L4_166 = true | L5_167 = true | L6_168 = true | L7_169 = false | L8_170 = true | L9_171 = 4 | A0_162:startHQCutScene(""MAN0L010"", 1) | A0_162:startFadeInCutSceneDefault(A1_163) | A0_162:setMusic(A1_163, 21, 1) | A0_162:_wait(2) | worldMaster:_aimCameraTutorial(1900006) | worldMaster:_lookAtPlayerTutorial(1900006) | worldMaster:_runCharaSchedulerTutorial(1900006, 403087360) | A0_162:sayFreeDisplayName(1900006, A0_162, 97) | worldMaster:_cancelAimCameraTutorial(1900006) | desktopWidget:cancelDesktopWidgetMode(16) | L4_166 = true | L5_167 = true | L6_168 = true | L7_169 = false | L8_170 = true | L9_171 = 4",starter client method body extract
client_method_body_extracts,man0l0,110001,Shapeless Melody,main_scenario,handwritten_event_driver,processTtrBtlMagic001,808,,,,,,,,tools/outputs/lpb/decomp_more_20260617/lua/quest/scenario/man/man0l0.lua,,,,,,"function Man0l0.processTtrBtlMagic001(A0_172, A1_173, A2_174, A3_175) | local L4_176, L5_177, L6_178, L7_179, L8_180, L9_181, L10_182, L11_183, L12_184, L13_185, L14_186, L15_187, L16_188, L17_189, L18_190, L19_191, L20_192, L21_193 | L4_176 = desktopWidget | L5_177 = L4_176 | L4_176 = L4_176.closeTutorialWidget | L4_176(L5_177) | L4_176 = true | L5_177 = true | L6_178 = true | L7_179 = false | L8_180 = true | L9_181 = 4 | L10_182 = desktopWidget | L11_183 = L10_182 | L10_182 = L10_182.setTutorialMask | L12_184 = L4_176 | L13_185 = L5_177 | L14_186 = L6_178 | L15_187 = L7_179 | L16_188 = L8_180 | L17_189 = L9_181 | L10_182(L11_183, L12_184, L13_185, L14_186, L15_187, L16_188, L17_189) | L11_183 = A0_172 | L10_182 = A0_172.startHQCutScene | L12_184 = ""MAN0L010"" | L13_185 = 1 | L10_182(L11_183, L12_184, L13_185) | L11_183 = A0_172",starter client method body extract
client_method_body_extracts,man0l0,110001,Shapeless Melody,main_scenario,handwritten_event_driver,processTtrBtl002,1016,,,,,,,,tools/outputs/lpb/decomp_more_20260617/lua/quest/scenario/man/man0l0.lua,,,,,,"function Man0l0.processTtrBtl002(A0_194, A1_195, A2_196, A3_197) | local L4_198, L5_199, L6_200, L7_201, L8_202, L9_203, L10_204, L11_205, L12_206, L13_207, L14_208, L15_209, L16_210, L17_211, L18_212, L19_213, L20_214, L21_215, L22_216 | L4_198 = desktopWidget | L5_199 = L4_198 | L4_198 = L4_198.cancelDesktopWidgetMode | L6_200 = 16 | L4_198(L5_199, L6_200) | L4_198 = desktopWidget | L5_199 = L4_198 | L4_198 = L4_198.closeTutorialWidget | L4_198(L5_199) | L5_199 = A0_194 | L4_198 = A0_194._wait | L6_200 = 1 | L4_198(L5_199, L6_200) | L4_198 = desktopWidget | L5_199 = L4_198 | L4_198 = L4_198.orderDesktopWidgetMode | L6_200 = 16 | L4_198(L5_199, L6_200) | L4_198 = worldMaster | L5_199 = L4_198 | L4_198 = L4_198._aimCameraTutorial | L6_200 = 1600179 | L4_198(L5_199, L6_200) | L4_198 = worldMaster | L5_199 = L4_198 | L4_198 = L4_198._lookAtPlayerTutorial",starter client method body extract
client_method_body_extracts,man0l0,110001,Shapeless Melody,main_scenario,handwritten_event_driver,processTtrBtl003,1237,,,,,,,,tools/outputs/lpb/decomp_more_20260617/lua/quest/scenario/man/man0l0.lua,,,,,,"function Man0l0.processTtrBtl003(A0_217, A1_218, A2_219) | local L3_220, L4_221, L5_222, L6_223, L7_224, L8_225, L9_226, L10_227, L11_228 | L3_220 = desktopWidget | L4_221 = L3_220 | L3_220 = L3_220.cancelDesktopWidgetMode | L5_222 = 16 | L3_220(L4_221, L5_222) | L3_220 = desktopWidget | L4_221 = L3_220 | L3_220 = L3_220.closeTutorialWidget | L3_220(L4_221) | L3_220 = desktopWidget | L4_221 = L3_220 | L3_220 = L3_220.openTutorialSuccessWidget | L5_222 = 4305 | L6_223 = true | L3_220(L4_221, L5_222, L6_223) | L4_221 = A0_217 | L3_220 = A0_217._wait | L5_222 = 3 | L3_220(L4_221, L5_222) | L3_220 = 1 | L5_222 = A1_218 | L4_221 = A1_218.getStateMainSkill | L4_221 = L4_221(L5_222) | L6_223 = A1_218 | L5_222 = A1_218.getSkillCategory | L7_224 = L4_221",starter client method body extract
client_method_body_extracts,man0l0,110001,Shapeless Melody,main_scenario,handwritten_event_driver,processTtrBtl004,1307,,,,,,,,tools/outputs/lpb/decomp_more_20260617/lua/quest/scenario/man/man0l0.lua,,,,,,"function Man0l0.processTtrBtl004(A0_229, A1_230, A2_231) | desktopWidget:cancelDesktopWidgetMode(16) | desktopWidget:closeTutorialWidget() | desktopWidget:openTutorialSuccessWidget(4305, true) | A0_229:_wait(3) | A0_229:processInformDialogAsQuest(A0_229, 110) | desktopWidget:cancelDesktopWidgetMode(16) | desktopWidget:openTutorialWidget(2, 1) | end",starter client method body extract
client_method_body_extracts,man0l0,110001,Shapeless Melody,main_scenario,handwritten_event_driver,processInformDialogAsQuest,1316,,,,,,,,tools/outputs/lpb/decomp_more_20260617/lua/quest/scenario/man/man0l0.lua,,,,,,"function Man0l0.processInformDialogAsQuest(A0_232, A1_233, A2_234) | desktopWidget:openPublicInformDialogWidget(A0_232, A1_233, A2_234) | A0_232:_wait(2) | desktopWidget:getStaticWidget(8):hide() | end",starter client method body extract
client_method_summary,man0l0,110001,Shapeless Melody,main_scenario,handwritten_event_driver,initText,3,,,,,,,,,,,,,,,starter client method spine
client_method_summary,man0l0,110001,Shapeless Melody,main_scenario,handwritten_event_driver,processEvent000_1,6,,,,MAN0L000,,,,,,,,,,,starter client method spine
client_method_summary,man0l0,110001,Shapeless Melody,main_scenario,handwritten_event_driver,processEvent000_2,11,,,,,,,,,,,,,,,starter client method spine
client_method_summary,man0l0,110001,Shapeless Melody,main_scenario,handwritten_event_driver,processEvent000_3,16,,,,,,,,,,,,,,,starter client method spine
client_method_summary,man0l0,110001,Shapeless Melody,main_scenario,handwritten_event_driver,processEvent000_4,84,,,,,,,"You say you heard a voice singing sweet somethings in your ear now, did you?",,,,,,,,starter client method spine
client_method_summary,man0l0,110001,Shapeless Melody,main_scenario,handwritten_event_driver,processEvent000_5,90,,,,,,,"Rhotano Sea's known for bein' rough with the men who tread on her back. Why, every trip, it seems we lose a few casks to her relentless wrigglin' and writhin'. But worry ye not; I won't be lettin' her make off with our best rum.",,,,,,,,starter client method spine
client_method_summary,man0l0,110001,Shapeless Melody,main_scenario,handwritten_event_driver,processEvent000_6,94,,,,,,,These seemingly endless sea voyages can truly drain a man's soul of its vim and vigor. Might I offer you a drink to enliven your spirits?,,,,,,,,starter client method spine
client_method_summary,man0l0,110001,Shapeless Melody,main_scenario,handwritten_event_driver,processEvent000_7,99,,,,,,,You hear somethin'? 'Cause I hear somethin'. Somethin's goin' on up top. An' that somethin' ain't quite right...,,,,,,,,starter client method spine
client_method_summary,man0l0,110001,Shapeless Melody,main_scenario,handwritten_event_driver,processEvent000_8,106,,,,,,,"Pardon me, [@IF($E9(4),milady,sir)], but have you seen that filthy Qiqirn? The one that was shuffling about hither and thither, sniffing everyone's baggage. I have an inkling he might be off getting that oversized nose of his into trouble...",,,,,,,,starter client method spine
client_method_summary,man0l0,110001,Shapeless Melody,main_scenario,handwritten_event_driver,processEvent000_9,109,,,,,,,"They say the seas around Limsa Lominsa are guarded over by a goddess called the Navigator. If her temper's as bad as this accursed storm, I'd say we're all doomed.",,,,,,,,starter client method spine
client_method_summary,man0l0,110001,Shapeless Melody,main_scenario,handwritten_event_driver,processEvent000_10,114,,,,,,,"Hmph. From that blank look in your eyes, I would guess you are not too well-traveled. Best scuttle over to that corner you were cowering in and go back to sleep.",,,,,,,,starter client method spine
client_method_summary,man0l0,110001,Shapeless Melody,main_scenario,handwritten_event_driver,processEvent000_11,120,,,,,,,"You speak to me as if I have something to say. Well, I don't, so begone.",,,,,,,,starter client method spine
client_method_summary,man0l0,110001,Shapeless Melody,main_scenario,handwritten_event_driver,processEvent000_12,125,,,,,,,"You say you heard singing? Well, maybe it was ol' Llymlaen laughin' at us mortals seeking to trespass in her fair demesne. Or maybe it were them silky-voiced sirens the people back in Limsa are a-fearin'. <sigh> Guess some places just ain't meant for an hon...",,,,,,,,starter client method spine
client_method_summary,man0l0,110001,Shapeless Melody,main_scenario,handwritten_event_driver,processEvent000_13,131,,,,,,,"Unable to sleep, friend? How about a drink to calm your nerves?",,,,,,,,starter client method spine
client_method_summary,man0l0,110001,Shapeless Melody,main_scenario,handwritten_event_driver,processEvent000_14,137,,,,,,,"I knew I should have taken an inn room... One more bell amongst this rabble, and the smell alone will do for me.",,,,,,,,starter client method spine
client_method_summary,man0l0,110001,Shapeless Melody,main_scenario,handwritten_event_driver,processEvent000_15,143,,,,,,,"Then it is set! Once we arrive in Limsa, we shall make our way to the Adventurers' Guild and find us a noble quest! (One that will make us rich, of course! Ahahahah!)",,,,,,,,starter client method spine
client_method_summary,man0l0,110001,Shapeless Melody,main_scenario,handwritten_event_driver,processEvent000_16,149,,,,,,,"Have you decided what endeavors you will undertake once you've arrived in Limsa Lominsa? That is, unless you're on a sort of spiritual journey to become one with your inner self...in which case, I assume you won't be doing much of anything.",,,,,,,,starter client method spine
client_method_summary,man0l0,110001,Shapeless Melody,main_scenario,handwritten_event_driver,processEvent000_17,156,,,,,,,"I heard Limsa Lominsa's a filthy cesspool overridden with pirates and pillagers, wenches and wastrels... Heh heh, sounds like my kind of town!",,,,,,,,starter client method spine
client_method_summary,man0l0,110001,Shapeless Melody,main_scenario,handwritten_event_driver,processEvent020_2,162,,,,,,,"Ye say ye saw a powerful sorceress weavin' her magicks 'round the ship, and that it's her what saved us from the serpent's minions? I ain't believin' what I ain't seen with me own two eyes, and I ain't seen no magickal wench, nor no serpent's minions.",,,,,,,,starter client method spine
client_method_summary,man0l0,110001,Shapeless Melody,main_scenario,handwritten_event_driver,processEvent020_3,168,,,,,,,"We're sailors. A little wind or rain won't keep us from findin' our way to port. Bloodthirsty aurelias, on the other hand...well, those we could do without.",,,,,,,,starter client method spine
client_method_summary,man0l0,110001,Shapeless Melody,main_scenario,handwritten_event_driver,processEvent020_4,171,,,,,,,"Did you see that light? I hope it wasn't what I thought it was...because if it was what I thought it was, we wouldn't be here. Ah, but here is where we are, and all is well, is it not? Heh heh!",,,,,,,,starter client method spine
client_method_summary,man0l0,110001,Shapeless Melody,main_scenario,handwritten_event_driver,processEvent020_5,175,,,,,,,"Hah hah! My arrival in Limsa Lominsa marks the beginning of a new legend! Call forth the bards, for my adventures will inspire epic tales that shall be sung in the halls of kings and queens across the realm. You, my good [@IF($E9(4),lady,lad)], are a witnes...",,,,,,,,starter client method spine
client_method_summary,man0l0,110001,Shapeless Melody,main_scenario,handwritten_event_driver,processEvent020_6,179,,,,,,,Is there anyone more reliable than a man of the sea? Perhaps I should have stayed on the ship rather than disembarking into this den of wolves.,,,,,,,,starter client method spine
client_method_summary,man0l0,110001,Shapeless Melody,main_scenario,handwritten_event_driver,processEvent020_7,184,,,,,,,"Last night...I believe we were witness to something well beyond our comprehension, and I believe it is best to leave it at that.",,,,,,,,starter client method spine
client_method_summary,man0l0,110001,Shapeless Melody,main_scenario,handwritten_event_driver,processEvent020_8,190,,,,,,,"Ah, and our adventure on the seas comes to a close, only to make way for a new one upon the shores of this quaint island.",,,,,,,,starter client method spine
client_method_summary,man0l0,110001,Shapeless Melody,main_scenario,handwritten_event_driver,processEvent020_9,196,,,,,,,"Welcome t' Limsa, younglin'. If ye're lookin' for an apology for the rough ride, ye won't find one from me or any o' me crew. Ye're here in one piece, and that's more than ye were guaranteed when ye boarded me ship.",,,,,,,,starter client method spine
client_method_summary,man0l0,110001,Shapeless Melody,main_scenario,handwritten_event_driver,processEvent020_10,214,,,,,,,First time in Limsa? Then take this bit of counsel―keep your head down and your blade handy. Talk with Captain Hob if you're looking for a decent place to spend the night.,,,,,,,,starter client method spine
client_method_summary,man0l0,110001,Shapeless Melody,main_scenario,handwritten_event_driver,processEvent020_11,219,,,,,,,"Step back, [@IF($E9(4),madam,sir)]. All passengers must be inspected prior to being granted entry into the city. Quietly wait your turn or I will be forced to call the Yellowjackets.",,,,,,,,starter client method spine
client_method_summary,man0l0,110001,Shapeless Melody,main_scenario,handwritten_event_driver,processEventNewRectAsk,224,,,,,,,Venture above deck?,,,,,,,,starter client method spine
client_method_summary,man0l0,110001,Shapeless Melody,main_scenario,handwritten_event_driver,processEventTalkMenuManCutPreview,227,,,,man0l000;man0l010;man0l020;man0l030,,,,,,,,,,,starter client method spine
client_method_summary,man0l0,110001,Shapeless Melody,main_scenario,handwritten_event_driver,processTtrNomal001withHQ,263,,,,,,,,,,,,,,,starter client method spine
client_method_summary,man0l0,110001,Shapeless Melody,main_scenario,handwritten_event_driver,processTtrNomal001,419,,,,,,,,,,,,,,,starter client method spine
client_method_summary,man0l0,110001,Shapeless Melody,main_scenario,handwritten_event_driver,processTtrNomal002,579,,,,,,,,,,,,,,,starter client method spine
client_method_summary,man0l0,110001,Shapeless Melody,main_scenario,handwritten_event_driver,processTtrNomal003,634,,,,,,,,,,,,,,,starter client method spine
client_method_summary,man0l0,110001,Shapeless Melody,main_scenario,handwritten_event_driver,processTtrMini001,686,,,,,,,"A strange voice, ye say? Sure it weren't [@1A(1)]sirens[@1A(0)]?",,,,,,,,starter client method spine
client_method_summary,man0l0,110001,Shapeless Melody,main_scenario,handwritten_event_driver,processTtrMini002,693,,,,,,,You appear troubled. Might anything be amiss?,,,,,,,,starter client method spine
client_method_summary,man0l0,110001,Shapeless Melody,main_scenario,handwritten_event_driver,processTtrMini003,699,,,,,,,Voices? I've heard naught but the infernal squeakings of that damned Qiqirn porter since stepping foot on this vessel.,,,,,,,,starter client method spine
client_method_summary,man0l0,110001,Shapeless Melody,main_scenario,handwritten_event_driver,processTtrAfterBtl001,705,,,,,,,,,,,,,,,starter client method spine
client_method_summary,man0l0,110001,Shapeless Melody,main_scenario,handwritten_event_driver,processTtrBtl001,770,,,,MAN0L010,,,,,,,,,,,starter client method spine
client_method_summary,man0l0,110001,Shapeless Melody,main_scenario,handwritten_event_driver,processTtrBtlMagic001,808,,,,,,,,,,,,,,,starter client method spine
client_method_summary,man0l0,110001,Shapeless Melody,main_scenario,handwritten_event_driver,processTtrBtl002,1016,,,,,,,,,,,,,,,starter client method spine
client_method_summary,man0l0,110001,Shapeless Melody,main_scenario,handwritten_event_driver,processTtrBtl003,1237,,,,,,,,,,,,,,,starter client method spine
client_method_summary,man0l0,110001,Shapeless Melody,main_scenario,handwritten_event_driver,processTtrBtl004,1307,,,,,,,,,,,,,,,starter client method spine
client_method_summary,man0l0,110001,Shapeless Melody,main_scenario,handwritten_event_driver,processInformDialogAsQuest,1316,,,,,,,,,,,,,,,starter client method spine
client_signal_rows,man0l0,110001,Shapeless Melody,main_scenario,handwritten_event_driver,processEvent000_1,7,1,fade,startFadeOutCutSceneDefault,,,,,,,,,,,A0_1:startFadeOutCutSceneDefault(A1_2),starter client signal/cutscene step
client_signal_rows,man0l0,110001,Shapeless Melody,main_scenario,handwritten_event_driver,processEvent000_1,8,2,cutscene,startHQCutScene,MAN0L000,,,,,,,,,,"A0_1:startHQCutScene(""MAN0L000"", 1)",starter client signal/cutscene step
client_signal_rows,man0l0,110001,Shapeless Melody,main_scenario,handwritten_event_driver,processEvent000_1,9,3,fade,startFadeInCutSceneDefault,,,,,,,,,,,A0_1:startFadeInCutSceneDefault(A1_2),starter client signal/cutscene step
client_signal_rows,man0l0,110001,Shapeless Melody,main_scenario,handwritten_event_driver,processEvent000_3,81,1,client_call,ask,,,,,,,,,,,"desktopWidget:setTutorialMask(L3_10, L4_11, L5_12, L6_13, L7_14, L8_15)",starter client signal/cutscene step
client_signal_rows,man0l0,110001,Shapeless Melody,main_scenario,handwritten_event_driver,processEvent000_3,82,2,fade,startFadeInCutSceneAfterWarp,,,,,,,,,,,A0_7:startFadeInCutSceneAfterWarp(A1_8),starter client signal/cutscene step
client_signal_rows,man0l0,110001,Shapeless Melody,main_scenario,handwritten_event_driver,processEvent000_4,86,1,dialogue,say,,,22,"You say you heard a voice singing sweet somethings in your ear now, did you?",,,,,,,"A2_18:say(A0_16, 22, 0)",starter client signal/cutscene step
client_signal_rows,man0l0,110001,Shapeless Melody,main_scenario,handwritten_event_driver,processEvent000_4,87,2,dialogue,say,,,36,"Well, I've heard nothing of the sort. Perhaps all this brine has started to pickle your brain.",,,,,,,"A2_18:say(A0_16, 36, 0)",starter client signal/cutscene step
client_signal_rows,man0l0,110001,Shapeless Melody,main_scenario,handwritten_event_driver,processEvent000_5,91,1,dialogue,say,,,23,"Rhotano Sea's known for bein' rough with the men who tread on her back. Why, every trip, it seems we lose a few casks to her relentless wrigglin' and writhin'. But worry ye not; I won't be lettin' her make off with our best rum.",,,,,,,"A2_21:say(A0_19, 23, 0)",starter client signal/cutscene step
client_signal_rows,man0l0,110001,Shapeless Melody,main_scenario,handwritten_event_driver,processEvent000_5,92,2,dialogue,say,,,37,A barrel's bounty can't be borne away if it be in me belly!,,,,,,,"A2_21:say(A0_19, 37, 0)",starter client signal/cutscene step
client_signal_rows,man0l0,110001,Shapeless Melody,main_scenario,handwritten_event_driver,processEvent000_6,96,1,dialogue,say,,,24,These seemingly endless sea voyages can truly drain a man's soul of its vim and vigor. Might I offer you a drink to enliven your spirits?,,,,,,,"A2_24:say(A0_22, 24, 0)",starter client signal/cutscene step
client_signal_rows,man0l0,110001,Shapeless Melody,main_scenario,handwritten_event_driver,processEvent000_7,101,1,scheduler,_runCharaScheduler,,,,,,,,,,,A2_27:_runCharaScheduler(354168832),starter client signal/cutscene step
client_signal_rows,man0l0,110001,Shapeless Melody,main_scenario,handwritten_event_driver,processEvent000_7,102,2,dialogue,say,,,25,You hear somethin'? 'Cause I hear somethin'. Somethin's goin' on up top. An' that somethin' ain't quite right...,,,,,,,"A2_27:say(A0_25, 25, 0)",starter client signal/cutscene step
client_signal_rows,man0l0,110001,Shapeless Melody,main_scenario,handwritten_event_driver,processEvent000_7,103,3,dialogue,say,,,38,"I'd go up an' see myself, but I don't want my adventurin' days endin' before they start! Why don't you see what's afoot?",,,,,,,"A2_27:say(A0_25, 38, 0)",starter client signal/cutscene step
client_signal_rows,man0l0,110001,Shapeless Melody,main_scenario,handwritten_event_driver,processEvent000_8,107,1,dialogue,say,,,26,"Pardon me, [@IF($E9(4),milady,sir)], but have you seen that filthy Qiqirn? The one that was shuffling about hither and thither, sniffing everyone's baggage. I have an inkling he might be off getting that oversized nose of his into trouble...",,,,,,,"A2_30:say(A0_28, 26, 0)",starter client signal/cutscene step
client_signal_rows,man0l0,110001,Shapeless Melody,main_scenario,handwritten_event_driver,processEvent000_9,111,1,dialogue,say,,,27,"They say the seas around Limsa Lominsa are guarded over by a goddess called the Navigator. If her temper's as bad as this accursed storm, I'd say we're all doomed.",,,,,,,"A2_33:say(A0_31, 27, 0)",starter client signal/cutscene step
client_signal_rows,man0l0,110001,Shapeless Melody,main_scenario,handwritten_event_driver,processEvent000_10,116,1,scheduler,_runCharaScheduler,,,,,,,,,,,A2_36:_runCharaScheduler(353959936),starter client signal/cutscene step
client_signal_rows,man0l0,110001,Shapeless Melody,main_scenario,handwritten_event_driver,processEvent000_10,117,2,dialogue,say,,,28,"Hmph. From that blank look in your eyes, I would guess you are not too well-traveled. Best scuttle over to that corner you were cowering in and go back to sleep.",,,,,,,"A2_36:say(A0_34, 28, 0)",starter client signal/cutscene step
client_signal_rows,man0l0,110001,Shapeless Melody,main_scenario,handwritten_event_driver,processEvent000_11,122,1,dialogue,say,,,29,"You speak to me as if I have something to say. Well, I don't, so begone.",,,,,,,"A2_39:say(A0_37, 29, 0)",starter client signal/cutscene step
client_signal_rows,man0l0,110001,Shapeless Melody,main_scenario,handwritten_event_driver,processEvent000_12,127,1,scheduler,_runCharaScheduler,,,,,,,,,,,A2_42:_runCharaScheduler(353959936),starter client signal/cutscene step
client_signal_rows,man0l0,110001,Shapeless Melody,main_scenario,handwritten_event_driver,processEvent000_12,128,2,dialogue,say,,,30,"You say you heard singing? Well, maybe it was ol' Llymlaen laughin' at us mortals seeking to trespass in her fair demesne. Or maybe it were them silky-voiced sirens the people back in Limsa are a-fearin'. <sigh> Guess some places just ain't meant for an honest man.",,,,,,,"A2_42:say(A0_40, 30, 0)",starter client signal/cutscene step
client_signal_rows,man0l0,110001,Shapeless Melody,main_scenario,handwritten_event_driver,processEvent000_13,133,1,scheduler,_runCharaScheduler,,,,,,,,,,,A2_45:_runCharaScheduler(354172928),starter client signal/cutscene step
client_signal_rows,man0l0,110001,Shapeless Melody,main_scenario,handwritten_event_driver,processEvent000_13,134,2,dialogue,say,,,31,"Unable to sleep, friend? How about a drink to calm your nerves?",,,,,,,"A2_45:say(A0_43, 31, 0)",starter client signal/cutscene step
client_signal_rows,man0l0,110001,Shapeless Melody,main_scenario,handwritten_event_driver,processEvent000_14,139,1,dialogue,say,,,32,"I knew I should have taken an inn room... One more bell amongst this rabble, and the smell alone will do for me.",,,,,,,"A2_48:say(A0_46, 32, 0)",starter client signal/cutscene step
client_signal_rows,man0l0,110001,Shapeless Melody,main_scenario,handwritten_event_driver,processEvent000_14,140,2,dialogue,say,,,39,<sniff> It's heartening to know at least one of you practices proper hygiene.,,,,,,,"A2_48:say(A0_46, 39, 0)",starter client signal/cutscene step
client_signal_rows,man0l0,110001,Shapeless Melody,main_scenario,handwritten_event_driver,processEvent000_15,144,1,dialogue,say,,,33,"Then it is set! Once we arrive in Limsa, we shall make our way to the Adventurers' Guild and find us a noble quest! (One that will make us rich, of course! Ahahahah!)",,,,,,,"A2_51:say(A0_49, 33, 0)",starter client signal/cutscene step
client_signal_rows,man0l0,110001,Shapeless Melody,main_scenario,handwritten_event_driver,processEvent000_15,146,2,dialogue,say,,,40,Hm? You say you'd like to join us? I don't know... You don't look like the adventuring type...,,,,,,,"A2_51:say(A0_49, 40, 0)",starter client signal/cutscene step
client_signal_rows,man0l0,110001,Shapeless Melody,main_scenario,handwritten_event_driver,processEvent000_16,151,1,scheduler,_runCharaScheduler,,,,,,,,,,,A2_54:_runCharaScheduler(354168832),starter client signal/cutscene step
client_signal_rows,man0l0,110001,Shapeless Melody,main_scenario,handwritten_event_driver,processEvent000_16,152,2,dialogue,say,,,34,"Have you decided what endeavors you will undertake once you've arrived in Limsa Lominsa? That is, unless you're on a sort of spiritual journey to become one with your inner self...in which case, I assume you won't be doing much of anything.",,,,,,,"A2_54:say(A0_52, 34, 0)",starter client signal/cutscene step
client_signal_rows,man0l0,110001,Shapeless Melody,main_scenario,handwritten_event_driver,processEvent000_16,153,3,dialogue,say,,,41,"Remember, only you can give your life any meaning.",,,,,,,"A2_54:say(A0_52, 41, 0)",starter client signal/cutscene step
client_signal_rows,man0l0,110001,Shapeless Melody,main_scenario,handwritten_event_driver,processEvent000_17,158,1,scheduler,_runCharaScheduler,,,,,,,,,,,A2_57:_runCharaScheduler(354234368),starter client signal/cutscene step
client_signal_rows,man0l0,110001,Shapeless Melody,main_scenario,handwritten_event_driver,processEvent000_17,159,2,dialogue,say,,,35,"I heard Limsa Lominsa's a filthy cesspool overridden with pirates and pillagers, wenches and wastrels... Heh heh, sounds like my kind of town!",,,,,,,"A2_57:say(A0_55, 35, 0)",starter client signal/cutscene step
client_signal_rows,man0l0,110001,Shapeless Melody,main_scenario,handwritten_event_driver,processEvent020_2,164,1,dialogue,say,,,13,"Ye say ye saw a powerful sorceress weavin' her magicks 'round the ship, and that it's her what saved us from the serpent's minions? I ain't believin' what I ain't seen with me own two eyes, and I ain't seen no magickal wench, nor no serpent's minions.",,,,,,,"A2_60:say(A0_58, 13, 0)",starter client signal/cutscene step
client_signal_rows,man0l0,110001,Shapeless Melody,main_scenario,handwritten_event_driver,processEvent020_2,165,2,dialogue,say,,,14,"But that storm we had─[@1A(1)]that[@1A(0)] be true enough. 'Tweren't fer our fearless Cap'n Hob, we'd all be rottin' at th' bottom o' Rhotano's belly! Don't ye go forgettin' that now, eh?",,,,,,,"A2_60:say(A0_58, 14, 0)",starter client signal/cutscene step
client_signal_rows,man0l0,110001,Shapeless Melody,main_scenario,handwritten_event_driver,processEvent020_3,169,1,dialogue,say,,,15,"We're sailors. A little wind or rain won't keep us from findin' our way to port. Bloodthirsty aurelias, on the other hand...well, those we could do without.",,,,,,,"A2_63:say(A0_61, 15, 0)",starter client signal/cutscene step
client_signal_rows,man0l0,110001,Shapeless Melody,main_scenario,handwritten_event_driver,processEvent020_4,172,1,dialogue,say,,,16,"Did you see that light? I hope it wasn't what I thought it was...because if it was what I thought it was, we wouldn't be here. Ah, but here is where we are, and all is well, is it not? Heh heh!",,,,,,,"A2_66:say(A0_64, 16, 0)",starter client signal/cutscene step
client_signal_rows,man0l0,110001,Shapeless Melody,main_scenario,handwritten_event_driver,processEvent020_4,173,2,dialogue,say,,,42,"Now, my companion, on the other hand...is not here, and that is definitely [@1A(1)]not[@1A(0)] good. Might you have seen her?",,,,,,,"A2_66:say(A0_64, 42, 0)",starter client signal/cutscene step
client_signal_rows,man0l0,110001,Shapeless Melody,main_scenario,handwritten_event_driver,processEvent020_5,176,1,scheduler,_runCharaScheduler,,,,,,,,,,,A2_69:_runCharaScheduler(83910656),starter client signal/cutscene step
client_signal_rows,man0l0,110001,Shapeless Melody,main_scenario,handwritten_event_driver,processEvent020_5,177,2,dialogue,say,,,17,"Hah hah! My arrival in Limsa Lominsa marks the beginning of a new legend! Call forth the bards, for my adventures will inspire epic tales that shall be sung in the halls of kings and queens across the realm. You, my good [@IF($E9(4),lady,lad)], are a witness to history!",,,,,,,"A2_69:say(A0_67, 17, 0)",starter client signal/cutscene step
client_signal_rows,man0l0,110001,Shapeless Melody,main_scenario,handwritten_event_driver,processEvent020_6,181,1,dialogue,say,,,18,Is there anyone more reliable than a man of the sea? Perhaps I should have stayed on the ship rather than disembarking into this den of wolves.,,,,,,,"A2_72:say(A0_70, 18, 0)",starter client signal/cutscene step
client_signal_rows,man0l0,110001,Shapeless Melody,main_scenario,handwritten_event_driver,processEvent020_7,186,1,dialogue,say,,,43,"Last night...I believe we were witness to something well beyond our comprehension, and I believe it is best to leave it at that.",,,,,,,"A2_75:say(A0_73, 43, 0)",starter client signal/cutscene step
client_signal_rows,man0l0,110001,Shapeless Melody,main_scenario,handwritten_event_driver,processEvent020_7,187,2,dialogue,say,,,44,"As a merchant, it is never wise to ponder over that which can not earn one a profit...such as that [@SWITCH([@SHEET(itemData,11000001,41)],[@COLOR(#fff3f3f3)],[@COLOR(#ffc0ffa0)],[@COLOR(#ff60c8ff)],[@COLOR(#ffb38cff)],[@COLOR(#ffffa666)],[@COLOR(#ffe5dd7e)])][@EDGECOLOR(#ff262626)][@SHEETEN(xtx/itemName,3,11000001,1,1)][@EDGECOLOR($EC)][@COLOR($EC)] you ...",,,,,,,"A2_75:say(A0_73, 44, 0)",starter client signal/cutscene step
client_signal_rows,man0l0,110001,Shapeless Melody,main_scenario,handwritten_event_driver,processEvent020_8,192,1,dialogue,say,,,45,"Ah, and our adventure on the seas comes to a close, only to make way for a new one upon the shores of this quaint island.",,,,,,,"A2_78:say(A0_76, 45, 0)",starter client signal/cutscene step
client_signal_rows,man0l0,110001,Shapeless Melody,main_scenario,handwritten_event_driver,processEvent020_8,193,2,dialogue,say,,,46,"Perhaps our paths will cross again...and if you are planning on a visit to the Adventurers' Guild, then perhaps they will cross sooner than we think. I hear the good Captain Hob is heading there himself.",,,,,,,"A2_78:say(A0_76, 46, 0)",starter client signal/cutscene step
client_signal_rows,man0l0,110001,Shapeless Melody,main_scenario,handwritten_event_driver,processEvent020_9,198,1,scheduler,_runCharaScheduler,,,,,,,,,,,A2_81:_runCharaScheduler(353964032),starter client signal/cutscene step
client_signal_rows,man0l0,110001,Shapeless Melody,main_scenario,handwritten_event_driver,processEvent020_9,199,2,dialogue,say,,,19,"Welcome t' Limsa, younglin'. If ye're lookin' for an apology for the rough ride, ye won't find one from me or any o' me crew. Ye're here in one piece, and that's more than ye were guaranteed when ye boarded me ship.",,,,,,,"A2_81:say(A0_79, 19, 0)",starter client signal/cutscene step
client_signal_rows,man0l0,110001,Shapeless Melody,main_scenario,handwritten_event_driver,processEvent020_9,200,3,dialogue,say,,,20,"I lost more'n a few good lads to that infernal storm, yet here ye be without so much as a scratch. I'd say ye've someone watchin' over ye...and that ain't no bad thing, 'specially if ye're thinkin' o' seekin' adventure out in the wilds.",,,,,,,"A2_81:say(A0_79, 20, 0)",starter client signal/cutscene step
client_signal_rows,man0l0,110001,Shapeless Melody,main_scenario,handwritten_event_driver,processEvent020_9,201,4,scheduler,_runCharaScheduler,,,,,,,,,,,A2_81:_runCharaScheduler(353972224),starter client signal/cutscene step
client_signal_rows,man0l0,110001,Shapeless Melody,main_scenario,handwritten_event_driver,processEvent020_9,202,5,dialogue,say,,,21,"I'm bound for the Mizzenmast, where me fill of ale and a soft bed await. Ye can follow me so far if ye please.",,,,,,,"A2_81:say(A0_79, 21, 0)",starter client signal/cutscene step
client_signal_rows,man0l0,110001,Shapeless Melody,main_scenario,handwritten_event_driver,processEvent020_9,204,6,dialogue,ask,,,84,Accompany Hob to the Mizzenmast Inn?,,,,,,,"if A2_81:ask(A0_79, 84, 2) == 1 then",starter client signal/cutscene step
client_signal_rows,man0l0,110001,Shapeless Melody,main_scenario,handwritten_event_driver,processEvent020_9,205,7,scheduler,_runCharaScheduler,,,,,,,,,,,A2_81:_runCharaScheduler(354000896),starter client signal/cutscene step
client_signal_rows,man0l0,110001,Shapeless Melody,main_scenario,handwritten_event_driver,processEvent020_9,206,8,dialogue,say,,,88,Then away we go!,,,,,,,"A2_81:say(A0_79, 88, 0)",starter client signal/cutscene step
client_signal_rows,man0l0,110001,Shapeless Melody,main_scenario,handwritten_event_driver,processEvent020_9,207,9,fade,startFadeOutCutSceneDefault,,,,,,,,,,,A0_79:startFadeOutCutSceneDefault(A1_80),starter client signal/cutscene step
client_signal_rows,man0l0,110001,Shapeless Melody,main_scenario,handwritten_event_driver,processEvent020_9,209,10,scheduler,_runCharaScheduler,,,,,,,,,,,A2_81:_runCharaScheduler(354082816),starter client signal/cutscene step
client_signal_rows,man0l0,110001,Shapeless Melody,main_scenario,handwritten_event_driver,processEvent020_9,210,11,dialogue,say,,,87,"Ain't no need t' be timid, now. I ain't schemin' t' swindle ye none.",,,,,,,"A2_81:say(A0_79, 87, 0)",starter client signal/cutscene step
client_signal_rows,man0l0,110001,Shapeless Melody,main_scenario,handwritten_event_driver,processEvent020_9,212,12,dialogue,ask,,,84,Accompany Hob to the Mizzenmast Inn?,,,,,,,"return (A2_81:ask(A0_79, 84, 2))",starter client signal/cutscene step
client_signal_rows,man0l0,110001,Shapeless Melody,main_scenario,handwritten_event_driver,processEvent020_10,216,1,dialogue,say,,,58,First time in Limsa? Then take this bit of counsel―keep your head down and your blade handy. Talk with Captain Hob if you're looking for a decent place to spend the night.,,,,,,,"A2_84:say(A0_82, 58, 0)",starter client signal/cutscene step
client_signal_rows,man0l0,110001,Shapeless Melody,main_scenario,handwritten_event_driver,processEvent020_11,221,1,dialogue,say,,,59,"Step back, [@IF($E9(4),madam,sir)]. All passengers must be inspected prior to being granted entry into the city. Quietly wait your turn or I will be forced to call the Yellowjackets.",,,,,,,"A2_87:say(A0_85, 59, 0)",starter client signal/cutscene step
client_signal_rows,man0l0,110001,Shapeless Melody,main_scenario,handwritten_event_driver,processEventNewRectAsk,225,1,dialogue,ask,,,115,Venture above deck?,,,,,,,"return (A2_90:ask(A0_88, 115, 2))",starter client signal/cutscene step
client_signal_rows,man0l0,110001,Shapeless Melody,main_scenario,handwritten_event_driver,processEventTalkMenuManCutPreview,229,1,fade,startFadeOutCutSceneDefault,,,,,,,,,,,A0_91:startFadeOutCutSceneDefault(A1_92),starter client signal/cutscene step
client_signal_rows,man0l0,110001,Shapeless Melody,main_scenario,handwritten_event_driver,processEventTalkMenuManCutPreview,230,2,cutscene,startHQCutScene,man0l000,,,,,,,,,,"A0_91:startHQCutScene(""man0l000"", 2)",starter client signal/cutscene step
client_signal_rows,man0l0,110001,Shapeless Melody,main_scenario,handwritten_event_driver,processEventTalkMenuManCutPreview,231,3,fade,startFadeInCutSceneDefault,,,,,,,,,,,A0_91:startFadeInCutSceneDefault(A1_92),starter client signal/cutscene step
client_signal_rows,man0l0,110001,Shapeless Melody,main_scenario,handwritten_event_driver,processEventTalkMenuManCutPreview,233,4,fade,startFadeOutCutSceneDefault,,,,,,,,,,,A0_91:startFadeOutCutSceneDefault(A1_92),starter client signal/cutscene step
client_signal_rows,man0l0,110001,Shapeless Melody,main_scenario,handwritten_event_driver,processEventTalkMenuManCutPreview,234,5,cutscene,startHQCutScene,man0l010,,,,,,,,,,"A0_91:startHQCutScene(""man0l010"", 2)",starter client signal/cutscene step
client_signal_rows,man0l0,110001,Shapeless Melody,main_scenario,handwritten_event_driver,processEventTalkMenuManCutPreview,235,6,fade,startFadeInCutSceneDefault,,,,,,,,,,,A0_91:startFadeInCutSceneDefault(A1_92),starter client signal/cutscene step
client_signal_rows,man0l0,110001,Shapeless Melody,main_scenario,handwritten_event_driver,processEventTalkMenuManCutPreview,237,7,fade,startFadeOutCutSceneDefault,,,,,,,,,,,A0_91:startFadeOutCutSceneDefault(A1_92),starter client signal/cutscene step
client_signal_rows,man0l0,110001,Shapeless Melody,main_scenario,handwritten_event_driver,processEventTalkMenuManCutPreview,238,8,cutscene,startHQCutScene,man0l020,,,,,,,,,,"A0_91:startHQCutScene(""man0l020"", 2)",starter client signal/cutscene step
client_signal_rows,man0l0,110001,Shapeless Melody,main_scenario,handwritten_event_driver,processEventTalkMenuManCutPreview,239,9,fade,startFadeInCutSceneDefault,,,,,,,,,,,A0_91:startFadeInCutSceneDefault(A1_92),starter client signal/cutscene step
client_signal_rows,man0l0,110001,Shapeless Melody,main_scenario,handwritten_event_driver,processEventTalkMenuManCutPreview,241,10,fade,startFadeOutCutSceneDefault,,,,,,,,,,,A0_91:startFadeOutCutSceneDefault(A1_92),starter client signal/cutscene step
client_signal_rows,man0l0,110001,Shapeless Melody,main_scenario,handwritten_event_driver,processEventTalkMenuManCutPreview,242,11,cutscene,startHQCutScene,man0l030,,,,,,,,,,"A0_91:startHQCutScene(""man0l030"", 2)",starter client signal/cutscene step
client_signal_rows,man0l0,110001,Shapeless Melody,main_scenario,handwritten_event_driver,processEventTalkMenuManCutPreview,243,12,fade,startFadeInCutSceneDefault,,,,,,,,,,,A0_91:startFadeInCutSceneDefault(A1_92),starter client signal/cutscene step
client_signal_rows,man0l0,110001,Shapeless Melody,main_scenario,handwritten_event_driver,processEventTalkMenuManCutPreview,246,13,fade,startFadeOutCutSceneDefault,,,,,,,,,,,A0_91:startFadeOutCutSceneDefault(A1_92),starter client signal/cutscene step
client_signal_rows,man0l0,110001,Shapeless Melody,main_scenario,handwritten_event_driver,processEventTalkMenuManCutPreview,247,14,cutscene,startHQCutScene,man0l000,,,,,,,,,,"A0_91:startHQCutScene(""man0l000"", 2)",starter client signal/cutscene step
client_signal_rows,man0l0,110001,Shapeless Melody,main_scenario,handwritten_event_driver,processEventTalkMenuManCutPreview,248,15,fade,startFadeInCutSceneDefault,,,,,,,,,,,A0_91:startFadeInCutSceneDefault(A1_92),starter client signal/cutscene step
client_signal_rows,man0l0,110001,Shapeless Melody,main_scenario,handwritten_event_driver,processEventTalkMenuManCutPreview,250,16,fade,startFadeOutCutSceneDefault,,,,,,,,,,,A0_91:startFadeOutCutSceneDefault(A1_92),starter client signal/cutscene step
client_signal_rows,man0l0,110001,Shapeless Melody,main_scenario,handwritten_event_driver,processEventTalkMenuManCutPreview,251,17,cutscene,startHQCutScene,man0l010,,,,,,,,,,"A0_91:startHQCutScene(""man0l010"", 2)",starter client signal/cutscene step
client_signal_rows,man0l0,110001,Shapeless Melody,main_scenario,handwritten_event_driver,processEventTalkMenuManCutPreview,252,18,fade,startFadeInCutSceneDefault,,,,,,,,,,,A0_91:startFadeInCutSceneDefault(A1_92),starter client signal/cutscene step
client_signal_rows,man0l0,110001,Shapeless Melody,main_scenario,handwritten_event_driver,processEventTalkMenuManCutPreview,254,19,fade,startFadeOutCutSceneDefault,,,,,,,,,,,A0_91:startFadeOutCutSceneDefault(A1_92),starter client signal/cutscene step
client_signal_rows,man0l0,110001,Shapeless Melody,main_scenario,handwritten_event_driver,processEventTalkMenuManCutPreview,255,20,cutscene,startHQCutScene,man0l020,,,,,,,,,,"A0_91:startHQCutScene(""man0l020"", 2)",starter client signal/cutscene step
client_signal_rows,man0l0,110001,Shapeless Melody,main_scenario,handwritten_event_driver,processEventTalkMenuManCutPreview,256,21,fade,startFadeInCutSceneDefault,,,,,,,,,,,A0_91:startFadeInCutSceneDefault(A1_92),starter client signal/cutscene step
client_signal_rows,man0l0,110001,Shapeless Melody,main_scenario,handwritten_event_driver,processEventTalkMenuManCutPreview,258,22,fade,startFadeOutCutSceneDefault,,,,,,,,,,,A0_91:startFadeOutCutSceneDefault(A1_92),starter client signal/cutscene step
client_signal_rows,man0l0,110001,Shapeless Melody,main_scenario,handwritten_event_driver,processEventTalkMenuManCutPreview,259,23,cutscene,startHQCutScene,man0l030,,,,,,,,,,"A0_91:startHQCutScene(""man0l030"", 2)",starter client signal/cutscene step
client_signal_rows,man0l0,110001,Shapeless Melody,main_scenario,handwritten_event_driver,processEventTalkMenuManCutPreview,260,24,fade,startFadeInCutSceneDefault,,,,,,,,,,,A0_91:startFadeInCutSceneDefault(A1_92),starter client signal/cutscene step
client_signal_rows,man0l0,110001,Shapeless Melody,main_scenario,handwritten_event_driver,processTtrNomal001withHQ,403,1,client_call,sayFreeDisplayName,,,,,,,,,,,"A0_95:sayFreeDisplayName(1600150, A0_95, 91, L12_107)",starter client signal/cutscene step
client_signal_rows,man0l0,110001,Shapeless Melody,main_scenario,handwritten_event_driver,processTtrNomal001withHQ,414,2,client_call,ask,,,,,,,,,,,"desktopWidget:setTutorialMask(L4_99, L5_100, L6_101, L7_102, L8_103, L9_104)",starter client signal/cutscene step
client_signal_rows,man0l0,110001,Shapeless Melody,main_scenario,handwritten_event_driver,processTtrNomal001,563,1,client_call,sayFreeDisplayName,,,,,,,,,,,"A0_108:sayFreeDisplayName(1600150, A0_108, 91, L12_120)",starter client signal/cutscene step
client_signal_rows,man0l0,110001,Shapeless Melody,main_scenario,handwritten_event_driver,processTtrNomal001,574,2,client_call,ask,,,,,,,,,,,"desktopWidget:setTutorialMask(L4_112, L5_113, L6_114, L7_115, L8_116, L9_117)",starter client signal/cutscene step
client_signal_rows,man0l0,110001,Shapeless Melody,main_scenario,handwritten_event_driver,processTtrNomal002,606,1,client_call,ask,,,,,,,,,,,"desktopWidget:setTutorialMask(L4_125, L5_126, L6_127, L7_128, L8_129, L9_130)",starter client signal/cutscene step
client_signal_rows,man0l0,110001,Shapeless Melody,main_scenario,handwritten_event_driver,processTtrNomal002,617,2,client_call,ask,,,,,,,,,,,"desktopWidget:setTutorialMask(L4_125, L5_126, L6_127, L7_128, L8_129, L9_130)",starter client signal/cutscene step
client_signal_rows,man0l0,110001,Shapeless Melody,main_scenario,handwritten_event_driver,processTtrNomal002,624,3,wait,_wait,,,,,,,,,,,A0_121:_wait(1),starter client signal/cutscene step
client_signal_rows,man0l0,110001,Shapeless Melody,main_scenario,handwritten_event_driver,processTtrNomal002,632,4,client_call,ask,,,,,,,,,,,"desktopWidget:setTutorialMask(L4_125, L5_126, L6_127, L7_128, L8_129, L9_130)",starter client signal/cutscene step
client_signal_rows,man0l0,110001,Shapeless Melody,main_scenario,handwritten_event_driver,processTtrNomal003,684,1,client_call,ask,,,,,,,,,,,"desktopWidget:setTutorialMask(L4_135, L5_136, L6_137, L7_138, L8_139, L9_140)",starter client signal/cutscene step
client_signal_rows,man0l0,110001,Shapeless Melody,main_scenario,handwritten_event_driver,processTtrMini001,688,1,scheduler,_runCharaScheduler,,,,,,,,,,,A2_143:_runCharaScheduler(353964032),starter client signal/cutscene step
client_signal_rows,man0l0,110001,Shapeless Melody,main_scenario,handwritten_event_driver,processTtrMini001,689,2,dialogue,say,,,94,"A strange voice, ye say? Sure it weren't [@1A(1)]sirens[@1A(0)]?",,,,,,,"A2_143:say(A0_141, 94, 0)",starter client signal/cutscene step
client_signal_rows,man0l0,110001,Shapeless Melody,main_scenario,handwritten_event_driver,processTtrMini001,690,3,dialogue,say,,,95,"Their song'll tug an' tear at yer very soul, leavin' ye drained of all life, but beggin' fer more. An' them sultry devilets ain't even th' worst o' what's lurkin' in Limsa's waters...",,,,,,,"A2_143:say(A0_141, 95, 0)",starter client signal/cutscene step
client_signal_rows,man0l0,110001,Shapeless Melody,main_scenario,handwritten_event_driver,processTtrMini002,695,1,scheduler,_runCharaScheduler,,,,,,,,,,,A2_146:_runCharaScheduler(353964032),starter client signal/cutscene step
client_signal_rows,man0l0,110001,Shapeless Melody,main_scenario,handwritten_event_driver,processTtrMini002,696,2,dialogue,say,,,119,You appear troubled. Might anything be amiss?,,,,,,,"A2_146:say(A0_144, 119, 0)",starter client signal/cutscene step
client_signal_rows,man0l0,110001,Shapeless Melody,main_scenario,handwritten_event_driver,processTtrMini003,701,1,scheduler,_runCharaScheduler,,,,,,,,,,,A2_149:_runCharaScheduler(353964032),starter client signal/cutscene step
client_signal_rows,man0l0,110001,Shapeless Melody,main_scenario,handwritten_event_driver,processTtrMini003,702,2,dialogue,say,,,118,Voices? I've heard naught but the infernal squeakings of that damned Qiqirn porter since stepping foot on this vessel.,,,,,,,"A2_149:say(A0_147, 118, 0)",starter client signal/cutscene step
client_signal_rows,man0l0,110001,Shapeless Melody,main_scenario,handwritten_event_driver,processTtrAfterBtl001,767,1,client_call,ask,,,,,,,,,,,"desktopWidget:setTutorialMask(L6_156, L7_157, L8_158, L9_159, L10_160, L11_161)",starter client signal/cutscene step
client_signal_rows,man0l0,110001,Shapeless Melody,main_scenario,handwritten_event_driver,processTtrBtl001,782,1,cutscene,startHQCutScene,MAN0L010,,,,,,,,,,"A0_162:startHQCutScene(""MAN0L010"", 1)",starter client signal/cutscene step
client_signal_rows,man0l0,110001,Shapeless Melody,main_scenario,handwritten_event_driver,processTtrBtl001,783,2,fade,startFadeInCutSceneDefault,,,,,,,,,,,A0_162:startFadeInCutSceneDefault(A1_163),starter client signal/cutscene step
client_signal_rows,man0l0,110001,Shapeless Melody,main_scenario,handwritten_event_driver,processTtrBtl001,784,3,music,setMusic,,,,,,,,,,,"A0_162:setMusic(A1_163, 21, 1)",starter client signal/cutscene step
client_signal_rows,man0l0,110001,Shapeless Melody,main_scenario,handwritten_event_driver,processTtrBtl001,785,4,wait,_wait,,,,,,,,,,,A0_162:_wait(2),starter client signal/cutscene step
client_signal_rows,man0l0,110001,Shapeless Melody,main_scenario,handwritten_event_driver,processTtrBtl001,789,5,client_call,sayFreeDisplayName,,,,,,,,,,,"A0_162:sayFreeDisplayName(1900006, A0_162, 97)",starter client signal/cutscene step
client_signal_rows,man0l0,110001,Shapeless Melody,main_scenario,handwritten_event_driver,processTtrBtl001,798,6,client_call,ask,,,,,,,,,,,"desktopWidget:setTutorialMask(L4_166, L5_167, L6_168, L7_169, L8_170, L9_171)",starter client signal/cutscene step
client_signal_rows,man0l0,110001,Shapeless Melody,main_scenario,handwritten_event_driver,processTtrBtl001,806,7,client_call,ask,,,,,,,,,,,"desktopWidget:setTutorialMask(L4_166, L5_167, L6_168, L7_169, L8_170, L9_171)",starter client signal/cutscene step
client_signal_rows,man0l0,110001,Shapeless Melody,main_scenario,handwritten_event_driver,processTtrBtlMagic001,997,1,client_call,ask,,,,,,,,,,,"desktopWidget:setTutorialMask(L10_182, L11_183, L12_184, L13_185, L14_186, L15_187)",starter client signal/cutscene step
client_signal_rows,man0l0,110001,Shapeless Melody,main_scenario,handwritten_event_driver,processTtrBtlMagic001,1014,2,client_call,ask,,,,,,,,,,,"desktopWidget:setTutorialMask(L10_182, L11_183, L12_184, L13_185, L14_186, L15_187)",starter client signal/cutscene step
client_signal_rows,man0l0,110001,Shapeless Melody,main_scenario,handwritten_event_driver,processTtrBtl002,1235,1,client_call,ask,,,,,,,,,,,"desktopWidget:setTutorialMask(L17_211, L18_212, L19_213, L20_214, L21_215, L22_216)",starter client signal/cutscene step
client_signal_rows,man0l0,110001,Shapeless Melody,main_scenario,handwritten_event_driver,processTtrBtl003,1304,1,client_call,ask,,,,,,,,,,,"desktopWidget:setTutorialMask(L6_223, L7_224, L8_225, L9_226, L10_227, L11_228)",starter client signal/cutscene step
client_signal_rows,man0l0,110001,Shapeless Melody,main_scenario,handwritten_event_driver,processTtrBtl004,1311,1,wait,_wait,,,,,,,,,,,A0_229:_wait(3),starter client signal/cutscene step
client_signal_rows,man0l0,110001,Shapeless Melody,main_scenario,handwritten_event_driver,processInformDialogAsQuest,1318,1,wait,_wait,,,,,,,,,,,A0_232:_wait(2),starter client signal/cutscene step
content_spawn_atlas_rows,man0l0,110001,Shapeless Melody,main_scenario,handwritten_event_driver,onCreate,29,,enemy,,,,,,Data/scripts/content/SimpleContent30002.lua,2205403,,,,,"2205403; ""jellyfish1""; -4.75; 16.35; 16.86; -3.1",starter content spawn atlas
content_spawn_atlas_rows,man0l0,110001,Shapeless Melody,main_scenario,handwritten_event_driver,onCreate,37,,enemy,,,,,,Data/scripts/content/SimpleContent30002.lua,2205403,,,,,"2205403; ""jellyfish2""; -2.25; 16.35; 15.55; -2.6",starter content spawn atlas
content_spawn_atlas_rows,man0l0,110001,Shapeless Melody,main_scenario,handwritten_event_driver,onCreate,45,,enemy,,,,,,Data/scripts/content/SimpleContent30002.lua,2205403,,,,,"2205403; ""jellyfish3""; -0.8; 16.35; 13.8; -2.5",starter content spawn atlas
content_spawn_rows,man0l0,110001,Shapeless Melody,main_scenario,handwritten_event_driver,,20,,ally,"yshtola = contentArea:SpawnAlly(2290001, ""yshtola"", -6, 16.35, 11.58, 2.9);",,,,,Data/scripts/content/SimpleContent30002.lua,2290001,,,,,"yshtola = contentArea:SpawnAlly(2290001, ""yshtola"", -6, 16.35, 11.58, 2.9);",starter content spawn row
content_spawn_rows,man0l0,110001,Shapeless Melody,main_scenario,handwritten_event_driver,,27,,ally,"sthalmann = contentArea:SpawnAlly(2290002, ""stahlmann"", 1.1, 16.35, 17.44, -3.1, 2);",,,,,Data/scripts/content/SimpleContent30002.lua,2290002,,,,,"sthalmann = contentArea:SpawnAlly(2290002, ""stahlmann"", 1.1, 16.35, 17.44, -3.1, 2);",starter content spawn row
content_spawn_rows,man0l0,110001,Shapeless Melody,main_scenario,handwritten_event_driver,,36,,enemy,"jellyfish1 = contentArea:SpawnEnemy(2205403, ""jellyfish1"", -4.75, 16.35, 16.86, -3.1);",,,,,Data/scripts/content/SimpleContent30002.lua,2205403,,,,,"jellyfish1 = contentArea:SpawnEnemy(2205403, ""jellyfish1"", -4.75, 16.35, 16.86, -3.1);",starter content spawn row
content_spawn_rows,man0l0,110001,Shapeless Melody,main_scenario,handwritten_event_driver,,44,,enemy,"jellyfish2 = contentArea:SpawnEnemy(2205403, ""jellyfish2"", -2.25, 16.35, 15.55, -2.6);",,,,,Data/scripts/content/SimpleContent30002.lua,2205403,,,,,"jellyfish2 = contentArea:SpawnEnemy(2205403, ""jellyfish2"", -2.25, 16.35, 15.55, -2.6);",starter content spawn row
content_spawn_rows,man0l0,110001,Shapeless Melody,main_scenario,handwritten_event_driver,,52,,enemy,"jellyfish3 = contentArea:SpawnEnemy(2205403, ""jellyfish3"", -0.8, 16.35, 13.8, -2.5);",,,,,Data/scripts/content/SimpleContent30002.lua,2205403,,,,,"jellyfish3 = contentArea:SpawnEnemy(2205403, ""jellyfish3"", -0.8, 16.35, 13.8, -2.5);",starter content spawn row
counter_usage_rows,man0l0,110001,Shapeless Melody,main_scenario,handwritten_event_driver,onEventStarted,49,,SetCounter,SetCounter,,,,,Data/scripts/directors/Quest/QuestDirectorMan0l001.lua,,,,,,"quest:GetData():SetCounter(COUNTER_QUESTKILL, 0); -- clears kill counter as a precaution. Mostly to prevent crashes during debugging.",starter counter usage
dat_marker_rows,man0l0,110001,Shapeless Melody,main_scenario,handwritten_event_driver,,,1,,,,,,,,11000101,high,,,,,starter DAT marker row
dat_marker_rows,man0l0,110001,Shapeless Melody,main_scenario,handwritten_event_driver,,,2,,,,,,,,11000102,high,,,,,starter DAT marker row
dat_marker_rows,man0l0,110001,Shapeless Melody,main_scenario,handwritten_event_driver,,,3,,,,,,,,11000103,high,,,,,starter DAT marker row
dat_marker_rows,man0l0,110001,Shapeless Melody,main_scenario,handwritten_event_driver,,,4,,,,,,,,11000104,high,,,,,starter DAT marker row
dat_marker_rows,man0l0,110001,Shapeless Melody,main_scenario,handwritten_event_driver,,,5,,,,,,,,11000105,high,,,,,starter DAT marker row
dat_marker_rows,man0l0,110001,Shapeless Melody,main_scenario,handwritten_event_driver,,,6,,,,,,,,11000106,high,,,,,starter DAT marker row
dat_marker_rows,man0l0,110001,Shapeless Melody,main_scenario,handwritten_event_driver,,,7,,,,,,,,11000107,high,,,,,starter DAT marker row
dat_marker_rows,man0l0,110001,Shapeless Melody,main_scenario,handwritten_event_driver,,,8,,,,,,,,11000108,high,,,,,starter DAT marker row
dat_marker_rows,man0l0,110001,Shapeless Melody,main_scenario,handwritten_event_driver,,,9,,,,,,,,11000109,high,,,,,starter DAT marker row
dat_marker_rows,man0l0,110001,Shapeless Melody,main_scenario,handwritten_event_driver,,,10,,,,,,,,11000110,high,,,,,starter DAT marker row
dat_marker_rows,man0l0,110001,Shapeless Melody,main_scenario,handwritten_event_driver,,,11,,,,,,,,11000111,high,,,,,starter DAT marker row
dat_marker_rows,man0l0,110001,Shapeless Melody,main_scenario,handwritten_event_driver,,,12,,,,,,,,11000112,high,,,,,starter DAT marker row
dat_marker_rows,man0l0,110001,Shapeless Melody,main_scenario,handwritten_event_driver,,,13,,,,,,,,11000113,high,,,,,starter DAT marker row
dat_marker_rows,man0l0,110001,Shapeless Melody,main_scenario,handwritten_event_driver,,,14,,,,,,,,11000114,high,,,,,starter DAT marker row
dat_marker_rows,man0l0,110001,Shapeless Melody,main_scenario,handwritten_event_driver,,,15,,,,,,,,11000115,high,,,,,starter DAT marker row
dat_marker_rows,man0l0,110001,Shapeless Melody,main_scenario,handwritten_event_driver,,,16,,,,,,,,11000116,high,,,,,starter DAT marker row
dat_marker_rows,man0l0,110001,Shapeless Melody,main_scenario,handwritten_event_driver,,,17,,,,,,,,11000117,high,,,,,starter DAT marker row
dat_marker_rows,man0l0,110001,Shapeless Melody,main_scenario,handwritten_event_driver,,,18,,,,,,,,11000118,high,,,,,starter DAT marker row
dat_marker_rows,man0l0,110001,Shapeless Melody,main_scenario,handwritten_event_driver,,,19,,,,,,,,11000119,high,,,,,starter DAT marker row
dat_marker_rows,man0l0,110001,Shapeless Melody,main_scenario,handwritten_event_driver,,,20,,,,,,,,11000120,high,,,,,starter DAT marker row
delegate_push_call_rows,man0l0,110001,Shapeless Melody,main_scenario,handwritten_event_driver,onPush,140,SEQ_000,callClientFunction,processTtrNomal002,,,,,Data\scripts\quests\man\man0l0.lua,,event_method,natural_onEventStarted,,,"callClientFunction(player, ""delegateEvent"", player, quest, ""processTtrNomal002"")",starter push call contract
delegate_push_call_rows,man0l0,110001,Shapeless Melody,main_scenario,handwritten_event_driver,onNotice,170,SEQ_000,callClientFunction,processTtrNomal001withHQ,,,,,Data\scripts\quests\man\man0l0.lua,,event_method,natural_onEventStarted,,,"callClientFunction(player, ""delegateEvent"", player, quest, ""processTtrNomal001withHQ"")",starter push call contract
delegate_push_call_rows,man0l0,110001,Shapeless Melody,main_scenario,handwritten_event_driver,seq000_onTalk,188,SEQ_000,callClientFunction,processTtrNomal003,,,,,Data\scripts\quests\man\man0l0.lua,,event_method,natural_onEventStarted,,,"callClientFunction(player, ""delegateEvent"", player, quest, ""processTtrNomal003"")",starter push call contract
delegate_push_call_rows,man0l0,110001,Shapeless Melody,main_scenario,handwritten_event_driver,seq000_onTalk,191,SEQ_000,callClientFunction,processTtrMini001,,,,,Data\scripts\quests\man\man0l0.lua,,,natural_onEventStarted,,,"callClientFunction(player, ""delegateEvent"", player, quest, ""processTtrMini001"")",starter push call contract
delegate_push_call_rows,man0l0,110001,Shapeless Melody,main_scenario,handwritten_event_driver,seq000_onTalk,197,SEQ_000,callClientFunction,processEvent000_4,,,,,Data\scripts\quests\man\man0l0.lua,,,natural_onEventStarted,,,"callClientFunction(player, ""delegateEvent"", player, quest, ""processEvent000_4"")",starter push call contract
delegate_push_call_rows,man0l0,110001,Shapeless Melody,main_scenario,handwritten_event_driver,seq000_onTalk,199,SEQ_000,callClientFunction,processEvent000_5,,,,,Data\scripts\quests\man\man0l0.lua,,,natural_onEventStarted,,,"callClientFunction(player, ""delegateEvent"", player, quest, ""processEvent000_5"")",starter push call contract
delegate_push_call_rows,man0l0,110001,Shapeless Melody,main_scenario,handwritten_event_driver,seq000_onTalk,201,SEQ_000,callClientFunction,processEvent000_6,,,,,Data\scripts\quests\man\man0l0.lua,,,natural_onEventStarted,,,"callClientFunction(player, ""delegateEvent"", player, quest, ""processEvent000_6"")",starter push call contract
delegate_push_call_rows,man0l0,110001,Shapeless Melody,main_scenario,handwritten_event_driver,seq000_onTalk,203,SEQ_000,callClientFunction,processEvent000_7,,,,,Data\scripts\quests\man\man0l0.lua,,,natural_onEventStarted,,,"callClientFunction(player, ""delegateEvent"", player, quest, ""processEvent000_7"")",starter push call contract
delegate_push_call_rows,man0l0,110001,Shapeless Melody,main_scenario,handwritten_event_driver,seq000_onTalk,206,SEQ_000,callClientFunction,processTtrMini003,,,,,Data\scripts\quests\man\man0l0.lua,,,natural_onEventStarted,,,"callClientFunction(player, ""delegateEvent"", player, quest, ""processTtrMini003"")",starter push call contract
delegate_push_call_rows,man0l0,110001,Shapeless Melody,main_scenario,handwritten_event_driver,seq000_onTalk,209,SEQ_000,callClientFunction,processEvent000_8,,,,,Data\scripts\quests\man\man0l0.lua,,,natural_onEventStarted,,,"callClientFunction(player, ""delegateEvent"", player, quest, ""processEvent000_8"")",starter push call contract
delegate_push_call_rows,man0l0,110001,Shapeless Melody,main_scenario,handwritten_event_driver,seq000_onTalk,212,SEQ_000,callClientFunction,processEvent000_9,,,,,Data\scripts\quests\man\man0l0.lua,,,natural_onEventStarted,,,"callClientFunction(player, ""delegateEvent"", player, quest, ""processEvent000_9"")",starter push call contract
delegate_push_call_rows,man0l0,110001,Shapeless Melody,main_scenario,handwritten_event_driver,seq000_onTalk,214,SEQ_000,callClientFunction,processEvent000_10,,,,,Data\scripts\quests\man\man0l0.lua,,,natural_onEventStarted,,,"callClientFunction(player, ""delegateEvent"", player, quest, ""processEvent000_10"")",starter push call contract
delegate_push_call_rows,man0l0,110001,Shapeless Melody,main_scenario,handwritten_event_driver,seq000_onTalk,216,SEQ_000,callClientFunction,processEvent000_11,,,,,Data\scripts\quests\man\man0l0.lua,,,natural_onEventStarted,,,"callClientFunction(player, ""delegateEvent"", player, quest, ""processEvent000_11"")",starter push call contract
delegate_push_call_rows,man0l0,110001,Shapeless Melody,main_scenario,handwritten_event_driver,seq000_onTalk,218,SEQ_000,callClientFunction,processEvent000_12,,,,,Data\scripts\quests\man\man0l0.lua,,,natural_onEventStarted,,,"callClientFunction(player, ""delegateEvent"", player, quest, ""processEvent000_12"")",starter push call contract
delegate_push_call_rows,man0l0,110001,Shapeless Melody,main_scenario,handwritten_event_driver,seq000_onTalk,221,SEQ_000,callClientFunction,processTtrMini002,,,,,Data\scripts\quests\man\man0l0.lua,,,natural_onEventStarted,,,"callClientFunction(player, ""delegateEvent"", player, quest, ""processTtrMini002"")",starter push call contract
delegate_push_call_rows,man0l0,110001,Shapeless Melody,main_scenario,handwritten_event_driver,seq000_onTalk,224,SEQ_000,callClientFunction,processEvent000_13,,,,,Data\scripts\quests\man\man0l0.lua,,,natural_onEventStarted,,,"callClientFunction(player, ""delegateEvent"", player, quest, ""processEvent000_13"")",starter push call contract
delegate_push_call_rows,man0l0,110001,Shapeless Melody,main_scenario,handwritten_event_driver,seq000_onTalk,227,SEQ_000,callClientFunction,processEvent000_14,,,,,Data\scripts\quests\man\man0l0.lua,,,natural_onEventStarted,,,"callClientFunction(player, ""delegateEvent"", player, quest, ""processEvent000_14"")",starter push call contract
delegate_push_call_rows,man0l0,110001,Shapeless Melody,main_scenario,handwritten_event_driver,seq000_onTalk,229,SEQ_000,callClientFunction,processEvent000_15,,,,,Data\scripts\quests\man\man0l0.lua,,,natural_onEventStarted,,,"callClientFunction(player, ""delegateEvent"", player, quest, ""processEvent000_15"")",starter push call contract
delegate_push_call_rows,man0l0,110001,Shapeless Melody,main_scenario,handwritten_event_driver,seq000_onTalk,231,SEQ_000,callClientFunction,processEvent000_16,,,,,Data\scripts\quests\man\man0l0.lua,,,natural_onEventStarted,,,"callClientFunction(player, ""delegateEvent"", player, quest, ""processEvent000_16"")",starter push call contract
delegate_push_call_rows,man0l0,110001,Shapeless Melody,main_scenario,handwritten_event_driver,seq000_onTalk,233,,callClientFunction,processEvent000_17,,,,,Data\scripts\quests\man\man0l0.lua,,,natural_onEventStarted,,,"callClientFunction(player, ""delegateEvent"", player, quest, ""processEvent000_17"")",starter push call contract
delegate_push_call_rows,man0l0,110001,Shapeless Melody,main_scenario,handwritten_event_driver,seq010_onTalk,242,,callClientFunction,processEvent020_2,,,,,Data\scripts\quests\man\man0l0.lua,,,natural_onEventStarted,,,"callClientFunction(player, ""delegateEvent"", player, quest, ""processEvent020_2"")",starter push call contract
delegate_push_call_rows,man0l0,110001,Shapeless Melody,main_scenario,handwritten_event_driver,seq010_onTalk,244,,callClientFunction,processEvent020_3,,,,,Data\scripts\quests\man\man0l0.lua,,,natural_onEventStarted,,,"callClientFunction(player, ""delegateEvent"", player, quest, ""processEvent020_3"")",starter push call contract
delegate_push_call_rows,man0l0,110001,Shapeless Melody,main_scenario,handwritten_event_driver,seq010_onTalk,246,,callClientFunction,processEvent020_5,,,,,Data\scripts\quests\man\man0l0.lua,,,natural_onEventStarted,,,"callClientFunction(player, ""delegateEvent"", player, quest, ""processEvent020_5"")",starter push call contract
delegate_push_call_rows,man0l0,110001,Shapeless Melody,main_scenario,handwritten_event_driver,seq010_onTalk,248,,callClientFunction,processEvent020_6,,,,,Data\scripts\quests\man\man0l0.lua,,,natural_onEventStarted,,,"callClientFunction(player, ""delegateEvent"", player, quest, ""processEvent020_6"")",starter push call contract
delegate_push_call_rows,man0l0,110001,Shapeless Melody,main_scenario,handwritten_event_driver,seq010_onTalk,250,,callClientFunction,processEvent020_7,,,,,Data\scripts\quests\man\man0l0.lua,,,natural_onEventStarted,,,"callClientFunction(player, ""delegateEvent"", player, quest, ""processEvent020_7"")",starter push call contract
delegate_push_call_rows,man0l0,110001,Shapeless Melody,main_scenario,handwritten_event_driver,seq010_onTalk,252,,callClientFunction,processEvent020_8,,,,,Data\scripts\quests\man\man0l0.lua,,,natural_onEventStarted,,,"callClientFunction(player, ""delegateEvent"", player, quest, ""processEvent020_8"")",starter push call contract
delegate_push_call_rows,man0l0,110001,Shapeless Melody,main_scenario,handwritten_event_driver,seq010_onTalk,254,,callClientFunction,processEvent020_9,,,,,Data\scripts\quests\man\man0l0.lua,,event_method,natural_onEventStarted,,,"callClientFunction(player, ""delegateEvent"", player, quest, ""processEvent020_9"")",starter push call contract
delegate_push_call_rows,man0l0,110001,Shapeless Melody,main_scenario,handwritten_event_driver,seq010_onTalk,260,,callClientFunction,processEvent020_10,,,,,Data\scripts\quests\man\man0l0.lua,,,natural_onEventStarted,,,"callClientFunction(player, ""delegateEvent"", player, quest, ""processEvent020_10"")",starter push call contract
delegate_push_call_rows,man0l0,110001,Shapeless Melody,main_scenario,handwritten_event_driver,seq010_onTalk,262,,callClientFunction,processEvent020_11,,,,,Data\scripts\quests\man\man0l0.lua,,,natural_onEventStarted,,,"callClientFunction(player, ""delegateEvent"", player, quest, ""processEvent020_11"")",starter push call contract
delegate_push_call_rows,man0l0,110001,Shapeless Melody,main_scenario,handwritten_event_driver,doExitDoor,298,SEQ_010,callClientFunction,processEventNewRectAsk,,,,,Data\scripts\quests\man\man0l0.lua,,event_method,natural_onEventStarted,,,"callClientFunction(player, ""delegateEvent"", player, quest, ""processEventNewRectAsk"", nil)",starter push call contract
delegate_push_call_rows,man0l0,110001,Shapeless Melody,main_scenario,handwritten_event_driver,doExitDoor,300,SEQ_010,callClientFunction,processEvent000_2,,,,,Data\scripts\quests\man\man0l0.lua,,,natural_onEventStarted,,,"callClientFunction(player, ""delegateEvent"", player, quest, ""processEvent000_2"", nil)",starter push call contract
fight_route_matrix,man0l0,110001,Shapeless Melody,main_scenario,handwritten_event_driver,,,,,Hob choice 1 -> Man0l1,,,,,man0l01,2205403,strict_kill_route_reachable,private_content_lifecycle_ready_probe_rewards,3,probe reward/return lock and then enable the narrow quest row,Data\scripts\quests\man\man0l0.lua; Data\scripts\quests\man\man0l0.lua:305; Data\scripts\content\SimpleContent30002.lua; Data\scripts\directors\Quest\QuestDirectorMan0l001.lua,starter fight route/materialization
flag_usage_rows,man0l0,110001,Shapeless Melody,main_scenario,handwritten_event_driver,onStateChange,70,,GetFlag,GetFlag,,,,,Data/scripts/quests/man/man0l0.lua,,,,,,local rostnsthalCanPush = not data:GetFlag(FLAG_SEQ000_MINITUT0);,starter flag/counter usage
flag_usage_rows,man0l0,110001,Shapeless Melody,main_scenario,handwritten_event_driver,onStateChange,71,,GetFlag,GetFlag,,,,,Data/scripts/quests/man/man0l0.lua,,,,,,local rostnsthalCanTalk = data:GetFlag(FLAG_SEQ000_TARGET_STARTED);,starter flag/counter usage
flag_usage_rows,man0l0,110001,Shapeless Melody,main_scenario,handwritten_event_driver,onStateChange,72,,GetFlag,GetFlag,,,,,Data/scripts/quests/man/man0l0.lua,,,,,,local rostnsthalFlag = (rostnsthalCanTalk and not data:GetFlag(FLAG_SEQ000_MINITUT1) and QFLAG_TALK or QFLAG_NONE);,starter flag/counter usage
flag_usage_rows,man0l0,110001,Shapeless Melody,main_scenario,handwritten_event_driver,onStateChange,73,,GetFlag,GetFlag,,,,,Data/scripts/quests/man/man0l0.lua,,,,,,local vixenFlag = (not data:GetFlag(FLAG_SEQ000_MINITUT2) and QFLAG_TALK or QFLAG_NONE);,starter flag/counter usage
flag_usage_rows,man0l0,110001,Shapeless Melody,main_scenario,handwritten_event_driver,onStateChange,74,,GetFlag,GetFlag,,,,,Data/scripts/quests/man/man0l0.lua,,,,,,local babyfaceFlag = (not data:GetFlag(FLAG_SEQ000_MINITUT3) and QFLAG_TALK or QFLAG_NONE);,starter flag/counter usage
flag_usage_rows,man0l0,110001,Shapeless Melody,main_scenario,handwritten_event_driver,onStateChange,77,,GetFlag,GetFlag,,,,,Data/scripts/quests/man/man0l0.lua,,,,,,(data:GetFlag(FLAG_SEQ000_MINITUT1) and data:GetFlag(FLAG_SEQ000_MINITUT2) and data:GetFlag(FLAG_SEQ000_MINITUT3)) and QFLAG_PUSH or QFLAG_NONE;,starter flag/counter usage
flag_usage_rows,man0l0,110001,Shapeless Melody,main_scenario,handwritten_event_driver,onStateChange,77,,GetFlag,GetFlag,,,,,Data/scripts/quests/man/man0l0.lua,,,,,,(data:GetFlag(FLAG_SEQ000_MINITUT1) and data:GetFlag(FLAG_SEQ000_MINITUT2) and data:GetFlag(FLAG_SEQ000_MINITUT3)) and QFLAG_PUSH or QFLAG_NONE;,starter flag/counter usage
flag_usage_rows,man0l0,110001,Shapeless Melody,main_scenario,handwritten_event_driver,onStateChange,77,,GetFlag,GetFlag,,,,,Data/scripts/quests/man/man0l0.lua,,,,,,(data:GetFlag(FLAG_SEQ000_MINITUT1) and data:GetFlag(FLAG_SEQ000_MINITUT2) and data:GetFlag(FLAG_SEQ000_MINITUT3)) and QFLAG_PUSH or QFLAG_NONE;,starter flag/counter usage
flag_usage_rows,man0l0,110001,Shapeless Melody,main_scenario,handwritten_event_driver,onStateChange,80,,GetFlag,GetFlag,,,,,Data/scripts/quests/man/man0l0.lua,,,,,,(data:GetFlag(FLAG_SEQ000_MINITUT1) and data:GetFlag(FLAG_SEQ000_MINITUT2) and data:GetFlag(FLAG_SEQ000_MINITUT3));,starter flag/counter usage
flag_usage_rows,man0l0,110001,Shapeless Melody,main_scenario,handwritten_event_driver,onStateChange,80,,GetFlag,GetFlag,,,,,Data/scripts/quests/man/man0l0.lua,,,,,,(data:GetFlag(FLAG_SEQ000_MINITUT1) and data:GetFlag(FLAG_SEQ000_MINITUT2) and data:GetFlag(FLAG_SEQ000_MINITUT3));,starter flag/counter usage
flag_usage_rows,man0l0,110001,Shapeless Melody,main_scenario,handwritten_event_driver,onStateChange,80,,GetFlag,GetFlag,,,,,Data/scripts/quests/man/man0l0.lua,,,,,,(data:GetFlag(FLAG_SEQ000_MINITUT1) and data:GetFlag(FLAG_SEQ000_MINITUT2) and data:GetFlag(FLAG_SEQ000_MINITUT3));,starter flag/counter usage
flag_usage_rows,man0l0,110001,Shapeless Melody,main_scenario,handwritten_event_driver,onPush,139,,GetFlag,GetFlag,,,,,Data/scripts/quests/man/man0l0.lua,,,,,,if (not data:GetFlag(FLAG_SEQ000_TARGET_STARTED)) then,starter flag/counter usage
flag_usage_rows,man0l0,110001,Shapeless Melody,main_scenario,handwritten_event_driver,onPush,141,,SetFlag,SetFlag,,,,,Data/scripts/quests/man/man0l0.lua,,,,,,data:SetFlag(FLAG_SEQ000_TARGET_STARTED);,starter flag/counter usage
flag_usage_rows,man0l0,110001,Shapeless Melody,main_scenario,handwritten_event_driver,seq000_onTalk,182,,GetFlag,GetFlag,,,,,Data/scripts/quests/man/man0l0.lua,,,,,,if (not data:GetFlag(FLAG_SEQ000_TARGET_STARTED)) then,starter flag/counter usage
flag_usage_rows,man0l0,110001,Shapeless Melody,main_scenario,handwritten_event_driver,seq000_onTalk,187,,GetFlag,GetFlag,,,,,Data/scripts/quests/man/man0l0.lua,,,,,,if (not data:GetFlag(FLAG_SEQ000_MINITUT0)) then,starter flag/counter usage
flag_usage_rows,man0l0,110001,Shapeless Melody,main_scenario,handwritten_event_driver,seq000_onTalk,189,,SetFlag,SetFlag,,,,,Data/scripts/quests/man/man0l0.lua,,,,,,data:SetFlag(FLAG_SEQ000_MINITUT0);,starter flag/counter usage
flag_usage_rows,man0l0,110001,Shapeless Melody,main_scenario,handwritten_event_driver,seq000_onTalk,192,,GetFlag,GetFlag,,,,,Data/scripts/quests/man/man0l0.lua,,,,,,if (not data:GetFlag(FLAG_SEQ000_MINITUT1)) then,starter flag/counter usage
flag_usage_rows,man0l0,110001,Shapeless Melody,main_scenario,handwritten_event_driver,seq000_onTalk,193,,SetFlag,SetFlag,,,,,Data/scripts/quests/man/man0l0.lua,,,,,,data:SetFlag(FLAG_SEQ000_MINITUT1);,starter flag/counter usage
flag_usage_rows,man0l0,110001,Shapeless Melody,main_scenario,handwritten_event_driver,seq000_onTalk,205,,GetFlag,GetFlag,,,,,Data/scripts/quests/man/man0l0.lua,,,,,,if (not data:GetFlag(FLAG_SEQ000_MINITUT3)) then,starter flag/counter usage
flag_usage_rows,man0l0,110001,Shapeless Melody,main_scenario,handwritten_event_driver,seq000_onTalk,207,,SetFlag,SetFlag,,,,,Data/scripts/quests/man/man0l0.lua,,,,,,data:SetFlag(FLAG_SEQ000_MINITUT3);,starter flag/counter usage
flag_usage_rows,man0l0,110001,Shapeless Melody,main_scenario,handwritten_event_driver,seq000_onTalk,220,,GetFlag,GetFlag,,,,,Data/scripts/quests/man/man0l0.lua,,,,,,if (not data:GetFlag(FLAG_SEQ000_MINITUT2)) then,starter flag/counter usage
flag_usage_rows,man0l0,110001,Shapeless Melody,main_scenario,handwritten_event_driver,seq000_onTalk,222,,SetFlag,SetFlag,,,,,Data/scripts/quests/man/man0l0.lua,,,,,,data:SetFlag(FLAG_SEQ000_MINITUT2);,starter flag/counter usage
flag_usage_rows,man0l0,110001,Shapeless Melody,main_scenario,handwritten_event_driver,getJournalMapMarkerList,274,,GetFlag,GetFlag,,,,,Data/scripts/quests/man/man0l0.lua,,,,,,if ((not data:GetFlag(FLAG_SEQ000_MINITUT1)) or (not data:GetFlag(FLAG_SEQ000_MINITUT0))) then,starter flag/counter usage
flag_usage_rows,man0l0,110001,Shapeless Melody,main_scenario,handwritten_event_driver,getJournalMapMarkerList,274,,GetFlag,GetFlag,,,,,Data/scripts/quests/man/man0l0.lua,,,,,,if ((not data:GetFlag(FLAG_SEQ000_MINITUT1)) or (not data:GetFlag(FLAG_SEQ000_MINITUT0))) then,starter flag/counter usage
flag_usage_rows,man0l0,110001,Shapeless Melody,main_scenario,handwritten_event_driver,getJournalMapMarkerList,278,,GetFlag,GetFlag,,,,,Data/scripts/quests/man/man0l0.lua,,,,,,if ((data:GetFlag(FLAG_SEQ000_MINITUT0)) and (not data:GetFlag(FLAG_SEQ000_MINITUT2))) then,starter flag/counter usage
flag_usage_rows,man0l0,110001,Shapeless Melody,main_scenario,handwritten_event_driver,getJournalMapMarkerList,278,,GetFlag,GetFlag,,,,,Data/scripts/quests/man/man0l0.lua,,,,,,if ((data:GetFlag(FLAG_SEQ000_MINITUT0)) and (not data:GetFlag(FLAG_SEQ000_MINITUT2))) then,starter flag/counter usage
flag_usage_rows,man0l0,110001,Shapeless Melody,main_scenario,handwritten_event_driver,getJournalMapMarkerList,282,,GetFlag,GetFlag,,,,,Data/scripts/quests/man/man0l0.lua,,,,,,if ((data:GetFlag(FLAG_SEQ000_MINITUT0)) and (not data:GetFlag(FLAG_SEQ000_MINITUT3))) then,starter flag/counter usage
flag_usage_rows,man0l0,110001,Shapeless Melody,main_scenario,handwritten_event_driver,getJournalMapMarkerList,282,,GetFlag,GetFlag,,,,,Data/scripts/quests/man/man0l0.lua,,,,,,if ((data:GetFlag(FLAG_SEQ000_MINITUT0)) and (not data:GetFlag(FLAG_SEQ000_MINITUT3))) then,starter flag/counter usage
flag_usage_rows,man0l0,110001,Shapeless Melody,main_scenario,handwritten_event_driver,getJournalMapMarkerList,286,,GetFlag,GetFlag,,,,,Data/scripts/quests/man/man0l0.lua,,,,,,if ((data:GetFlag(FLAG_SEQ000_MINITUT1)) and (data:GetFlag(FLAG_SEQ000_MINITUT2)) and (data:GetFlag(FLAG_SEQ000_MINITUT3))) then,starter flag/counter usage
flag_usage_rows,man0l0,110001,Shapeless Melody,main_scenario,handwritten_event_driver,getJournalMapMarkerList,286,,GetFlag,GetFlag,,,,,Data/scripts/quests/man/man0l0.lua,,,,,,if ((data:GetFlag(FLAG_SEQ000_MINITUT1)) and (data:GetFlag(FLAG_SEQ000_MINITUT2)) and (data:GetFlag(FLAG_SEQ000_MINITUT3))) then,starter flag/counter usage
flag_usage_rows,man0l0,110001,Shapeless Melody,main_scenario,handwritten_event_driver,getJournalMapMarkerList,286,,GetFlag,GetFlag,,,,,Data/scripts/quests/man/man0l0.lua,,,,,,if ((data:GetFlag(FLAG_SEQ000_MINITUT1)) and (data:GetFlag(FLAG_SEQ000_MINITUT2)) and (data:GetFlag(FLAG_SEQ000_MINITUT3))) then,starter flag/counter usage
function_skeleton_rows,man0l0,110001,Shapeless Melody,main_scenario,handwritten_event_driver,init,5,,,,,,,,Data/scripts/directors/Quest/QuestDirectorMan0l001.lua,,,,,,,starter function skeleton
function_skeleton_rows,man0l0,110001,Shapeless Melody,main_scenario,handwritten_event_driver,onKillBNpc,13,,,,,,,,Data/scripts/directors/Quest/QuestDirectorMan0l001.lua,,,,,,35:event:processEvent000_3 -> 29:action:StartSequence -> 30:action:kickEventContinue -> 37:action:ContentFinished -> 38:action:DoZoneChange -> 39:action:StartSequence,starter function skeleton
function_skeleton_rows,man0l0,110001,Shapeless Melody,main_scenario,handwritten_event_driver,onEventStarted,46,,,,,,,,Data/scripts/directors/Quest/QuestDirectorMan0l001.lua,,,,,,54:event:processTtrBtl001 -> 61:event:processTtrBtl002 -> 92:event:processTtrBtlMagic001 -> 49:SetCounter:COUNTER_QUESTKILL -> 55:action:EndEvent -> 58:action:kickEventContinue -> 62:action:EndEvent -> 70:action:kickEventContinue -> 81:action:EndEvent -> 85:action:kickEventContinue -> 96:action:kickEventContinue -> 104:action:EndEvent,starter function skeleton
function_skeleton_rows,man0l0,110001,Shapeless Melody,main_scenario,handwritten_event_driver,onStart,58,,,,,,,,Data/scripts/quests/man/man0l0.lua,,,,,,59:action:StartSequence,starter function skeleton
function_skeleton_rows,man0l0,110001,Shapeless Melody,main_scenario,handwritten_event_driver,onFinish,62,,,,,,,,Data/scripts/quests/man/man0l0.lua,,,,,,,starter function skeleton
function_skeleton_rows,man0l0,110001,Shapeless Melody,main_scenario,handwritten_event_driver,onStateChange,65,,,,,,,,Data/scripts/quests/man/man0l0.lua,,,,,,70:GetFlag:FLAG_SEQ000_MINITUT0 -> 71:GetFlag:FLAG_SEQ000_TARGET_STARTED -> 72:GetFlag:FLAG_SEQ000_MINITUT1 -> 73:GetFlag:FLAG_SEQ000_MINITUT2 -> 74:GetFlag:FLAG_SEQ000_MINITUT3 -> 77:GetFlag:FLAG_SEQ000_MINITUT1 -> 77:GetFlag:FLAG_SEQ000_MINITUT2 -> 77:GetFlag:FLAG_SEQ000_MINITUT3 -> 80:GetFlag:FLAG_SEQ000_MINITUT1 -> 80:GetFlag:FLAG_SEQ000_MINITUT2 -> 80:GetFlag:FLAG_SEQ000_MINITUT3,starter function skeleton
function_skeleton_rows,man0l0,110001,Shapeless Melody,main_scenario,handwritten_event_driver,onTalk,119,,,,,,,,Data/scripts/quests/man/man0l0.lua,,,,,,,starter function skeleton
function_skeleton_rows,man0l0,110001,Shapeless Melody,main_scenario,handwritten_event_driver,onPush,132,,,,,,,,Data/scripts/quests/man/man0l0.lua,,,,,,140:event:processTtrNomal002 -> 139:GetFlag:FLAG_SEQ000_TARGET_STARTED -> 141:SetFlag:FLAG_SEQ000_TARGET_STARTED -> 143:action:EndEvent,starter function skeleton
function_skeleton_rows,man0l0,110001,Shapeless Melody,main_scenario,handwritten_event_driver,onNotice,166,,,,,,,,Data/scripts/quests/man/man0l0.lua,,,,,,170:event:processTtrNomal001withHQ -> 173:action:EndEvent,starter function skeleton
function_skeleton_rows,man0l0,110001,Shapeless Melody,main_scenario,handwritten_event_driver,seq000_onTalk,177,,,,,,,,Data/scripts/quests/man/man0l0.lua,,,,,,188:event:processTtrNomal003 -> 191:event:processTtrMini001 -> 197:event:processEvent000_4 -> 199:event:processEvent000_5 -> 201:event:processEvent000_6 -> 203:event:processEvent000_7 -> 206:event:processTtrMini003 -> 209:event:processEvent000_8 -> 212:event:processEvent000_9 -> 214:event:processEvent000_10 -> 216:event:processEvent000_11 -> 218:event:processEvent000_12 -> 221:event:processTtrMini002 -> 224:event:processEvent000_13,starter function skeleton
function_skeleton_rows,man0l0,110001,Shapeless Melody,main_scenario,handwritten_event_driver,seq010_onTalk,238,,,,,,,,Data/scripts/quests/man/man0l0.lua,,,,,,242:event:processEvent020_2 -> 244:event:processEvent020_3 -> 246:event:processEvent020_5 -> 248:event:processEvent020_6 -> 250:event:processEvent020_7 -> 252:event:processEvent020_8 -> 254:event:processEvent020_9 -> 260:event:processEvent020_10 -> 262:event:processEvent020_11 -> 256:action:ReplaceQuest -> 265:action:EndEvent,starter function skeleton
function_skeleton_rows,man0l0,110001,Shapeless Melody,main_scenario,handwritten_event_driver,getJournalMapMarkerList,268,,,,,,,,Data/scripts/quests/man/man0l0.lua,,,,,,274:GetFlag:FLAG_SEQ000_MINITUT1 -> 274:GetFlag:FLAG_SEQ000_MINITUT0 -> 278:GetFlag:FLAG_SEQ000_MINITUT0 -> 278:GetFlag:FLAG_SEQ000_MINITUT2 -> 282:GetFlag:FLAG_SEQ000_MINITUT0 -> 282:GetFlag:FLAG_SEQ000_MINITUT3 -> 286:GetFlag:FLAG_SEQ000_MINITUT1 -> 286:GetFlag:FLAG_SEQ000_MINITUT2 -> 286:GetFlag:FLAG_SEQ000_MINITUT3,starter function skeleton
function_skeleton_rows,man0l0,110001,Shapeless Melody,main_scenario,handwritten_event_driver,doExitDoor,297,,,,,,,,Data/scripts/quests/man/man0l0.lua,,,,,,298:event:processEventNewRectAsk -> 300:event:processEvent000_2 -> 301:action:EndEvent -> 311:action:AddDirector -> 312:action:StartDirector -> 314:action:SetLoginDirector -> 316:action:DoZoneChangeContent -> 318:action:StartContentGroup -> 319:action:StartSequence -> 320:action:KickEvent -> 323:action:EndEvent,starter function skeleton
lifecycle_action_rows,man0l0,110001,Shapeless Melody,main_scenario,handwritten_event_driver,onStart,59,,StartSequence,StartSequence,,,,,Data\scripts\quests\man\man0l0.lua,,,,,,StartSequence(SEQ_000),starter local lifecycle action
lifecycle_action_rows,man0l0,110001,Shapeless Melody,main_scenario,handwritten_event_driver,onPush,143,SEQ_000,EndEvent,EndEvent,,,,,Data\scripts\quests\man\man0l0.lua,,,,,,EndEvent(),starter local lifecycle action
lifecycle_action_rows,man0l0,110001,Shapeless Melody,main_scenario,handwritten_event_driver,onNotice,173,SEQ_000,EndEvent,EndEvent,,,,,Data\scripts\quests\man\man0l0.lua,,,,,,EndEvent(),starter local lifecycle action
lifecycle_action_rows,man0l0,110001,Shapeless Melody,main_scenario,handwritten_event_driver,seq000_onTalk,183,SEQ_000,EndEvent,EndEvent,,,,,Data\scripts\quests\man\man0l0.lua,,,,,,EndEvent(),starter local lifecycle action
lifecycle_action_rows,man0l0,110001,Shapeless Melody,main_scenario,handwritten_event_driver,seq000_onTalk,235,,EndEvent,EndEvent,,,,,Data\scripts\quests\man\man0l0.lua,,,,,,EndEvent(),starter local lifecycle action
lifecycle_action_rows,man0l0,110001,Shapeless Melody,main_scenario,handwritten_event_driver,seq010_onTalk,265,,EndEvent,EndEvent,,,,,Data\scripts\quests\man\man0l0.lua,,,,,,EndEvent(),starter local lifecycle action
lifecycle_action_rows,man0l0,110001,Shapeless Melody,main_scenario,handwritten_event_driver,doExitDoor,301,SEQ_010,EndEvent,EndEvent,,,,,Data\scripts\quests\man\man0l0.lua,,,,,,EndEvent(),starter local lifecycle action
lifecycle_action_rows,man0l0,110001,Shapeless Melody,main_scenario,handwritten_event_driver,doExitDoor,304,SEQ_010,StartSequence,StartSequence,,,,,Data\scripts\quests\man\man0l0.lua,,,,,,StartSequence(SEQ_005),starter local lifecycle action
lifecycle_action_rows,man0l0,110001,Shapeless Melody,main_scenario,handwritten_event_driver,doExitDoor,312,SEQ_010,AddDirector,AddDirector,,,,,Data\scripts\quests\man\man0l0.lua,,,,,,AddDirector(director),starter local lifecycle action
lifecycle_action_rows,man0l0,110001,Shapeless Melody,main_scenario,handwritten_event_driver,doExitDoor,313,SEQ_010,StartDirector,StartDirector,,,,,Data\scripts\quests\man\man0l0.lua,,,,,,StartDirector(false),starter local lifecycle action
lifecycle_action_rows,man0l0,110001,Shapeless Melody,main_scenario,handwritten_event_driver,doExitDoor,315,SEQ_010,KickEvent,KickEvent,,,,,Data\scripts\quests\man\man0l0.lua,,,,,,"KickEvent(director, ""noticeEvent"", true)",starter local lifecycle action
lifecycle_action_rows,man0l0,110001,Shapeless Melody,main_scenario,handwritten_event_driver,doExitDoor,316,SEQ_010,SetLoginDirector,SetLoginDirector,,,,,Data\scripts\quests\man\man0l0.lua,,,,,,SetLoginDirector(director),starter local lifecycle action
lifecycle_action_rows,man0l0,110001,Shapeless Melody,main_scenario,handwritten_event_driver,doExitDoor,318,SEQ_010,DoZoneChangeContent,DoZoneChangeContent,,,,,Data\scripts\quests\man\man0l0.lua,,,,,,"DoZoneChangeContent(player, contentArea, -4.8, 16.35, 8.1, 0.2, 16)",starter local lifecycle action
lifecycle_action_rows,man0l0,110001,Shapeless Melody,main_scenario,handwritten_event_driver,doExitDoor,321,SEQ_010,EndEvent,EndEvent,,,,,Data\scripts\quests\man\man0l0.lua,,,,,,EndEvent(),starter local lifecycle action
local_constant_rows,man0l0,110001,Shapeless Melody,main_scenario,handwritten_event_driver,,,,actor_or_other,ANXIOUS_ADVENTURER,,,,,Data\scripts\quests\man\man0l0.lua,,,,,,,starter local constant/actor mapping
local_constant_rows,man0l0,110001,Shapeless Melody,main_scenario,handwritten_event_driver,,,,actor_or_other,ASTUTE_MERCHANT,,,,,Data\scripts\quests\man\man0l0.lua,,,,,,,starter local constant/actor mapping
local_constant_rows,man0l0,110001,Shapeless Melody,main_scenario,handwritten_event_driver,,,,actor_or_other,AUSTERE_ADVENTURER,,,,,Data\scripts\quests\man\man0l0.lua,,,,,,,starter local constant/actor mapping
local_constant_rows,man0l0,110001,Shapeless Melody,main_scenario,handwritten_event_driver,,,,actor_or_other,BABYFACED_ADVENTURER,,,,,Data\scripts\quests\man\man0l0.lua,,,,,,,starter local constant/actor mapping
local_constant_rows,man0l0,110001,Shapeless Melody,main_scenario,handwritten_event_driver,,,,actor_or_other,CULTIVATED_TENDER,,,,,Data\scripts\quests\man\man0l0.lua,,,,,,,starter local constant/actor mapping
local_constant_rows,man0l0,110001,Shapeless Melody,main_scenario,handwritten_event_driver,,,,actor_or_other,EXIT_TRIGGER,,,,,Data\scripts\quests\man\man0l0.lua,,,,,,,starter local constant/actor mapping
local_constant_rows,man0l0,110001,Shapeless Melody,main_scenario,handwritten_event_driver,,,,flag,FLAG_SEQ000_MINITUT0,,,,,Data\scripts\quests\man\man0l0.lua,,,,,,,starter local constant/actor mapping
local_constant_rows,man0l0,110001,Shapeless Melody,main_scenario,handwritten_event_driver,,,,flag,FLAG_SEQ000_MINITUT1,,,,,Data\scripts\quests\man\man0l0.lua,,,,,,,starter local constant/actor mapping
local_constant_rows,man0l0,110001,Shapeless Melody,main_scenario,handwritten_event_driver,,,,flag,FLAG_SEQ000_MINITUT2,,,,,Data\scripts\quests\man\man0l0.lua,,,,,,,starter local constant/actor mapping
local_constant_rows,man0l0,110001,Shapeless Melody,main_scenario,handwritten_event_driver,,,,flag,FLAG_SEQ000_MINITUT3,,,,,Data\scripts\quests\man\man0l0.lua,,,,,,,starter local constant/actor mapping
local_constant_rows,man0l0,110001,Shapeless Melody,main_scenario,handwritten_event_driver,,,,flag,FLAG_SEQ000_TARGET_STARTED,,,,,Data\scripts\quests\man\man0l0.lua,,,,,,,starter local constant/actor mapping
local_constant_rows,man0l0,110001,Shapeless Melody,main_scenario,handwritten_event_driver,,,,actor_or_other,GERT,,,,,Data\scripts\quests\man\man0l0.lua,,,,,,,starter local constant/actor mapping
local_constant_rows,man0l0,110001,Shapeless Melody,main_scenario,handwritten_event_driver,,,,actor_or_other,GRINNING_ADVENTURER,,,,,Data\scripts\quests\man\man0l0.lua,,,,,,,starter local constant/actor mapping
local_constant_rows,man0l0,110001,Shapeless Melody,main_scenario,handwritten_event_driver,,,,actor_or_other,HOB,,,,,Data\scripts\quests\man\man0l0.lua,,,,,,,starter local constant/actor mapping
local_constant_rows,man0l0,110001,Shapeless Melody,main_scenario,handwritten_event_driver,,,,actor_or_other,INDIFFERENT_PASSERBY,,,,,Data\scripts\quests\man\man0l0.lua,,,,,,,starter local constant/actor mapping
local_constant_rows,man0l0,110001,Shapeless Melody,main_scenario,handwritten_event_driver,,,,actor_or_other,LANKY_TRAVELER,,,,,Data\scripts\quests\man\man0l0.lua,,,,,,,starter local constant/actor mapping
local_constant_rows,man0l0,110001,Shapeless Melody,main_scenario,handwritten_event_driver,,,,actor_or_other,LORHZANT,,,,,Data\scripts\quests\man\man0l0.lua,,,,,,,starter local constant/actor mapping
local_constant_rows,man0l0,110001,Shapeless Melody,main_scenario,handwritten_event_driver,,,,marker,MRKR_BABYFACED_ADVENTURER,,,,,Data\scripts\quests\man\man0l0.lua,,,,,,,starter local constant/actor mapping
local_constant_rows,man0l0,110001,Shapeless Melody,main_scenario,handwritten_event_driver,,,,marker,MRKR_HOB,,,,,Data\scripts\quests\man\man0l0.lua,,,,,,,starter local constant/actor mapping
local_constant_rows,man0l0,110001,Shapeless Melody,main_scenario,handwritten_event_driver,,,,marker,MRKR_ROSTNSTHAL,,,,,Data\scripts\quests\man\man0l0.lua,,,,,,,starter local constant/actor mapping
local_constant_rows,man0l0,110001,Shapeless Melody,main_scenario,handwritten_event_driver,,,,marker,MRKR_TRIGGER_DOOR,,,,,Data\scripts\quests\man\man0l0.lua,,,,,,,starter local constant/actor mapping
local_constant_rows,man0l0,110001,Shapeless Melody,main_scenario,handwritten_event_driver,,,,marker,MRKR_VOLUPTUOUS_VIXEN,,,,,Data\scripts\quests\man\man0l0.lua,,,,,,,starter local constant/actor mapping
local_constant_rows,man0l0,110001,Shapeless Melody,main_scenario,handwritten_event_driver,,,,actor_or_other,MUSCLEBOUND_DECKHAND,,,,,Data\scripts\quests\man\man0l0.lua,,,,,,,starter local constant/actor mapping
local_constant_rows,man0l0,110001,Shapeless Melody,main_scenario,handwritten_event_driver,,,,actor_or_other,PEARLYTOOTHED_PORTER,,,,,Data\scripts\quests\man\man0l0.lua,,,,,,,starter local constant/actor mapping
local_constant_rows,man0l0,110001,Shapeless Melody,main_scenario,handwritten_event_driver,,,,actor_or_other,PRATTLING_ADVENTURER,,,,,Data\scripts\quests\man\man0l0.lua,,,,,,,starter local constant/actor mapping
local_constant_rows,man0l0,110001,Shapeless Melody,main_scenario,handwritten_event_driver,,,,actor_or_other,PRIVAREA_PAST_EXIT,,,,,Data\scripts\quests\man\man0l0.lua,,,,,,,starter local constant/actor mapping
local_constant_rows,man0l0,110001,Shapeless Melody,main_scenario,handwritten_event_driver,,,,actor_or_other,ROSTNSTHAL,,,,,Data\scripts\quests\man\man0l0.lua,,,,,,,starter local constant/actor mapping
local_constant_rows,man0l0,110001,Shapeless Melody,main_scenario,handwritten_event_driver,,,,sequence,SEQ_000,,,,,Data\scripts\quests\man\man0l0.lua,,,,,,,starter local constant/actor mapping
local_constant_rows,man0l0,110001,Shapeless Melody,main_scenario,handwritten_event_driver,,,,sequence,SEQ_005,,,,,Data\scripts\quests\man\man0l0.lua,,,,,,,starter local constant/actor mapping
local_constant_rows,man0l0,110001,Shapeless Melody,main_scenario,handwritten_event_driver,,,,sequence,SEQ_010,,,,,Data\scripts\quests\man\man0l0.lua,,,,,,,starter local constant/actor mapping
local_constant_rows,man0l0,110001,Shapeless Melody,main_scenario,handwritten_event_driver,,,,actor_or_other,SHADOWY_TRAVELER,,,,,Data\scripts\quests\man\man0l0.lua,,,,,,,starter local constant/actor mapping
local_constant_rows,man0l0,110001,Shapeless Melody,main_scenario,handwritten_event_driver,,,,actor_or_other,TIPSY_ADVENTURER,,,,,Data\scripts\quests\man\man0l0.lua,,,,,,,starter local constant/actor mapping
local_constant_rows,man0l0,110001,Shapeless Melody,main_scenario,handwritten_event_driver,,,,actor_or_other,UNDIGNIFIED_ADVENTURER,,,,,Data\scripts\quests\man\man0l0.lua,,,,,,,starter local constant/actor mapping
local_constant_rows,man0l0,110001,Shapeless Melody,main_scenario,handwritten_event_driver,,,,actor_or_other,VOLUPTUOUS_VIXEN,,,,,Data\scripts\quests\man\man0l0.lua,,,,,,,starter local constant/actor mapping
local_constant_rows,man0l0,110001,Shapeless Melody,main_scenario,handwritten_event_driver,,,,actor_or_other,WELLTRAVELED_MERCHANT,,,,,Data\scripts\quests\man\man0l0.lua,,,,,,,starter local constant/actor mapping
local_marker_constants,man0l0,110001,Shapeless Melody,main_scenario,handwritten_event_driver,,45,,,MRKR_HOB = 11000202;,,,,,Data/scripts/quests/man/man0l0.lua,11000202,,,,,MRKR_HOB = 11000202;,starter local marker constant
local_marker_constants,man0l0,110001,Shapeless Melody,main_scenario,handwritten_event_driver,,46,,,MRKR_ROSTNSTHAL = 11000203;,,,,,Data/scripts/quests/man/man0l0.lua,11000203,,,,,MRKR_ROSTNSTHAL = 11000203;,starter local marker constant
local_marker_constants,man0l0,110001,Shapeless Melody,main_scenario,handwritten_event_driver,,47,,,MRKR_VOLUPTUOUS_VIXEN = 11000204;,,,,,Data/scripts/quests/man/man0l0.lua,11000204,,,,,MRKR_VOLUPTUOUS_VIXEN = 11000204;,starter local marker constant
local_marker_constants,man0l0,110001,Shapeless Melody,main_scenario,handwritten_event_driver,,48,,,MRKR_BABYFACED_ADVENTURER = 11000205;,,,,,Data/scripts/quests/man/man0l0.lua,11000205,,,,,MRKR_BABYFACED_ADVENTURER = 11000205;,starter local marker constant
local_marker_constants,man0l0,110001,Shapeless Melody,main_scenario,handwritten_event_driver,,49,,,MRKR_TRIGGER_DOOR = 11000206;,,,,,Data/scripts/quests/man/man0l0.lua,11000206,,,,,MRKR_TRIGGER_DOOR = 11000206;,starter local marker constant
marker_condition_rows,man0l0,110001,Shapeless Melody,main_scenario,handwritten_event_driver,,275,,,"table.insert(possibleMarkers, MRKR_ROSTNSTHAL);",,,,,Data/scripts/quests/man/man0l0.lua,11000203,,,"local possibleMarkers = {}; | local data = quest:GetData(); | if (sequence == SEQ_000) then | if ((not data:GetFlag(FLAG_SEQ000_MINITUT1)) or (not data:GetFlag(FLAG_SEQ000_MINITUT0))) then | table.insert(possibleMarkers, MRKR_ROSTNSTHAL);",,"table.insert(possibleMarkers, MRKR_ROSTNSTHAL);",starter marker condition
marker_condition_rows,man0l0,110001,Shapeless Melody,main_scenario,handwritten_event_driver,,279,,,"table.insert(possibleMarkers, MRKR_VOLUPTUOUS_VIXEN);",,,,,Data/scripts/quests/man/man0l0.lua,11000204,,,"if ((not data:GetFlag(FLAG_SEQ000_MINITUT1)) or (not data:GetFlag(FLAG_SEQ000_MINITUT0))) then | table.insert(possibleMarkers, MRKR_ROSTNSTHAL); | end | if ((data:GetFlag(FLAG_SEQ000_MINITUT0)) and (not data:GetFlag(FLAG_SEQ000_MINITUT2))) then | table.insert(possibleMarkers, MRKR_VOLUPTUOUS_VIXEN);",,"table.insert(possibleMarkers, MRKR_VOLUPTUOUS_VIXEN);",starter marker condition
marker_condition_rows,man0l0,110001,Shapeless Melody,main_scenario,handwritten_event_driver,,283,,,"table.insert(possibleMarkers, MRKR_BABYFACED_ADVENTURER);",,,,,Data/scripts/quests/man/man0l0.lua,11000205,,,"if ((data:GetFlag(FLAG_SEQ000_MINITUT0)) and (not data:GetFlag(FLAG_SEQ000_MINITUT2))) then | table.insert(possibleMarkers, MRKR_VOLUPTUOUS_VIXEN); | end | if ((data:GetFlag(FLAG_SEQ000_MINITUT0)) and (not data:GetFlag(FLAG_SEQ000_MINITUT3))) then | table.insert(possibleMarkers, MRKR_BABYFACED_ADVENTURER);",,"table.insert(possibleMarkers, MRKR_BABYFACED_ADVENTURER);",starter marker condition
marker_condition_rows,man0l0,110001,Shapeless Melody,main_scenario,handwritten_event_driver,,287,,,"table.insert(possibleMarkers, MRKR_TRIGGER_DOOR);",,,,,Data/scripts/quests/man/man0l0.lua,11000206,,,"if ((data:GetFlag(FLAG_SEQ000_MINITUT0)) and (not data:GetFlag(FLAG_SEQ000_MINITUT3))) then | table.insert(possibleMarkers, MRKR_BABYFACED_ADVENTURER); | end | if ((data:GetFlag(FLAG_SEQ000_MINITUT1)) and (data:GetFlag(FLAG_SEQ000_MINITUT2)) and (data:GetFlag(FLAG_SEQ000_MINITUT3))) then | table.insert(possibleMarkers, MRKR_TRIGGER_DOOR);",,"table.insert(possibleMarkers, MRKR_TRIGGER_DOOR);",starter marker condition
objective_crosscheck_rows,man0l0,110001,Shapeless Melody,main_scenario,handwritten_event_driver,,,,,,,,,,,2205403,,,3,,,starter objective crosscheck
probe_commands,man0l0,110001,Shapeless Melody,main_scenario,handwritten_event_driver,,1,,,accept,,,,,,,,,journal contains quest,ensure the opening quest is in the player journal,,starter probe command
probe_commands,man0l0,110001,Shapeless Melody,main_scenario,handwritten_event_driver,,2,,,direct content checkpoint,,,,,,,,,man0l01 starts with Quest/QuestDirectorMan0l001,enter the private content fight checkpoint,,starter probe command
probe_commands,man0l0,110001,Shapeless Melody,main_scenario,handwritten_event_driver,,3,,,inspect in content,,,,,,,,,SEQ_005 is active,confirm sequence and counters after content entry,,starter probe command
probe_commands,man0l0,110001,Shapeless Melody,main_scenario,handwritten_event_driver,,4,,,complete objective,,,,,,,,,3x 2205403 reaches completion,simulate objective kill credit,,starter probe command
probe_commands,man0l0,110001,Shapeless Melody,main_scenario,handwritten_event_driver,,5,,,inspect after return,,,,,,,,,SEQ_010 in zone 230,confirm return handoff state,,starter probe command
quest_summary,man0l0,110001,Shapeless Melody,main_scenario,handwritten_event_driver,,,,,,,,,,Data/scripts/content/SimpleContent30002.lua,,,,,,,starter quest summary
replay_scene_rows,man0l0,110001,Shapeless Melody,main_scenario,handwritten_event_driver,,,,,,man0l000,,,,,,,,-200=literal zero/default placeholder,,,starter replay scene row
replay_scene_rows,man0l0,110001,Shapeless Melody,main_scenario,handwritten_event_driver,,,,,,man0l010,,,,,,,,-200=literal zero/default placeholder,,,starter replay scene row
replay_scene_rows,man0l0,110001,Shapeless Melody,main_scenario,handwritten_event_driver,,,,,,man0l020,,,,,,,,-200=literal zero/default placeholder,,,starter replay scene row
replay_scene_rows,man0l0,110001,Shapeless Melody,main_scenario,handwritten_event_driver,,,,,,man0l030,,,,,,,,-200=literal zero/default placeholder,,,starter replay scene row
reward_rows,man0l0,110001,Shapeless Melody,main_scenario,handwritten_event_driver,,,,Gil,1000001,,,,,,1000001,high,,,CompleteQuest auto-grants rows where auto_grant=1; do not duplicate with Lua Add* calls,,starter reward crosscheck
reward_rows,man0l0,110001,Shapeless Melody,main_scenario,handwritten_event_driver,,,,Currency,1000013,,,,,,1000013,high,,,CompleteQuest auto-grants rows where auto_grant=1; do not duplicate with Lua Add* calls,,starter reward crosscheck
reward_rows,man0l0,110001,Shapeless Melody,main_scenario,handwritten_event_driver,,,,Item,8050110,,,,,,8050110,high,,,CompleteQuest auto-grants rows where auto_grant=1; do not duplicate with Lua Add* calls,,starter reward crosscheck
runtime_probe_checklist,man0l0,110001,Shapeless Melody,main_scenario,handwritten_event_driver,,1,,,content entry fires noticeEvent once,,,,,,,,,Quest/QuestDirectorMan0l001,,,starter runtime probe checklist
runtime_probe_checklist,man0l0,110001,Shapeless Melody,main_scenario,handwritten_event_driver,,2,,,battle tutorial reaches objective-kill widget,,,,,,,,,,,,starter runtime probe checklist
runtime_probe_checklist,man0l0,110001,Shapeless Melody,main_scenario,handwritten_event_driver,,3,,,objective kill counter reaches threshold,,,,,,,,,3x 2205403,,,starter runtime probe checklist
runtime_probe_checklist,man0l0,110001,Shapeless Melody,main_scenario,handwritten_event_driver,,4,,,attention packet is sent before post-fight story handoff,,,,,,,,,51073:1,,,starter runtime probe checklist
runtime_probe_checklist,man0l0,110001,Shapeless Melody,main_scenario,handwritten_event_driver,,5,,,kickEventContinue resumes the event lane,,,,,,,,,,,,starter runtime probe checklist
runtime_probe_checklist,man0l0,110001,Shapeless Melody,main_scenario,handwritten_event_driver,,6,,,post-fight story method runs,,,,,,,,,processEvent000_3,,,starter runtime probe checklist
runtime_probe_checklist,man0l0,110001,Shapeless Melody,main_scenario,handwritten_event_driver,,7,,,ContentFinished fires before return zone change,,,,,,,,,"230 PrivateAreaMasterPast type 1 -826.868469,6,193.745865,-0.008368492",,,starter runtime probe checklist
runtime_probe_checklist,man0l0,110001,Shapeless Melody,main_scenario,handwritten_event_driver,,8,,,quest starts SEQ_010 after return handoff,,,,,,,,,"230 PrivateAreaMasterPast type 1 -826.868469,6,193.745865,-0.008368492",,,starter runtime probe checklist
runtime_probe_checklist,man0l0,110001,Shapeless Melody,main_scenario,handwritten_event_driver,,9,,,temporary party and combat mods are cleared,,,,,,,,,,,,starter runtime probe checklist
runtime_probe_checklist,man0l0,110001,Shapeless Melody,main_scenario,handwritten_event_driver,,10,,,next quest replacement only happens through the explicit city handoff,,,,,,,,,Hob choice 1 -> Man0l1,,,starter runtime probe checklist
sequence_flow_rows,man0l0,110001,Shapeless Melody,main_scenario,handwritten_event_driver,,,000,,city tutorial setup,,,,,,,,,required opening talks and tutorial pushes unlock the content entry,,,starter sequence flow anchor
sequence_flow_rows,man0l0,110001,Shapeless Melody,main_scenario,handwritten_event_driver,,,005,,private content fight,,,,,,,,,kill 3x 2205403 then send attention 51073:1,,,starter sequence flow anchor
sequence_flow_rows,man0l0,110001,Shapeless Melody,main_scenario,handwritten_event_driver,,,005 -> 010,,post-fight return,,,,,,,,,"finish content, warp to zone 230 type 1, start SEQ_010",,,starter sequence flow anchor
sequence_flow_rows,man0l0,110001,Shapeless Melody,main_scenario,handwritten_event_driver,,,010,,city handoff,,,,,,,,,next city quest replacement only occurs through the explicit handoff actor,,,starter sequence flow anchor
server_delegate_surface,man0l0,110001,Shapeless Melody,main_scenario,handwritten_event_driver,onPush,140,,callClientFunction,processTtrNomal002,,,,,Data\scripts\quests\man\man0l0.lua,,yes,,,,"callClientFunction(player, ""delegateEvent"", player, quest, ""processTtrNomal002"");",starter server delegate surface
server_delegate_surface,man0l0,110001,Shapeless Melody,main_scenario,handwritten_event_driver,onNotice,170,,callClientFunction,processTtrNomal001withHQ,,,,,Data\scripts\quests\man\man0l0.lua,,yes,,,,"callClientFunction(player, ""delegateEvent"", player, quest, ""processTtrNomal001withHQ"");",starter server delegate surface
server_delegate_surface,man0l0,110001,Shapeless Melody,main_scenario,handwritten_event_driver,seq000_onTalk,188,,callClientFunction,processTtrNomal003,,,,,Data\scripts\quests\man\man0l0.lua,,yes,,,,"callClientFunction(player, ""delegateEvent"", player, quest, ""processTtrNomal003"");",starter server delegate surface
server_delegate_surface,man0l0,110001,Shapeless Melody,main_scenario,handwritten_event_driver,seq000_onTalk,191,,callClientFunction,processTtrMini001,,,,,Data\scripts\quests\man\man0l0.lua,,yes,,,,"callClientFunction(player, ""delegateEvent"", player, quest, ""processTtrMini001"");",starter server delegate surface
server_delegate_surface,man0l0,110001,Shapeless Melody,main_scenario,handwritten_event_driver,seq000_onTalk,197,,callClientFunction,processEvent000_4,,,,,Data\scripts\quests\man\man0l0.lua,,yes,,,,"callClientFunction(player, ""delegateEvent"", player, quest, ""processEvent000_4"");",starter server delegate surface
server_delegate_surface,man0l0,110001,Shapeless Melody,main_scenario,handwritten_event_driver,seq000_onTalk,199,,callClientFunction,processEvent000_5,,,,,Data\scripts\quests\man\man0l0.lua,,yes,,,,"callClientFunction(player, ""delegateEvent"", player, quest, ""processEvent000_5"");",starter server delegate surface
server_delegate_surface,man0l0,110001,Shapeless Melody,main_scenario,handwritten_event_driver,seq000_onTalk,201,,callClientFunction,processEvent000_6,,,,,Data\scripts\quests\man\man0l0.lua,,yes,,,,"callClientFunction(player, ""delegateEvent"", player, quest, ""processEvent000_6"");",starter server delegate surface
server_delegate_surface,man0l0,110001,Shapeless Melody,main_scenario,handwritten_event_driver,seq000_onTalk,203,,callClientFunction,processEvent000_7,,,,,Data\scripts\quests\man\man0l0.lua,,yes,,,,"callClientFunction(player, ""delegateEvent"", player, quest, ""processEvent000_7"");",starter server delegate surface
server_delegate_surface,man0l0,110001,Shapeless Melody,main_scenario,handwritten_event_driver,seq000_onTalk,206,,callClientFunction,processTtrMini003,,,,,Data\scripts\quests\man\man0l0.lua,,yes,,,,"callClientFunction(player, ""delegateEvent"", player, quest, ""processTtrMini003"");",starter server delegate surface
server_delegate_surface,man0l0,110001,Shapeless Melody,main_scenario,handwritten_event_driver,seq000_onTalk,209,,callClientFunction,processEvent000_8,,,,,Data\scripts\quests\man\man0l0.lua,,yes,,,,"callClientFunction(player, ""delegateEvent"", player, quest, ""processEvent000_8"");",starter server delegate surface
server_delegate_surface,man0l0,110001,Shapeless Melody,main_scenario,handwritten_event_driver,seq000_onTalk,212,,callClientFunction,processEvent000_9,,,,,Data\scripts\quests\man\man0l0.lua,,yes,,,,"callClientFunction(player, ""delegateEvent"", player, quest, ""processEvent000_9"");",starter server delegate surface
server_delegate_surface,man0l0,110001,Shapeless Melody,main_scenario,handwritten_event_driver,seq000_onTalk,214,,callClientFunction,processEvent000_10,,,,,Data\scripts\quests\man\man0l0.lua,,yes,,,,"callClientFunction(player, ""delegateEvent"", player, quest, ""processEvent000_10"");",starter server delegate surface
server_delegate_surface,man0l0,110001,Shapeless Melody,main_scenario,handwritten_event_driver,seq000_onTalk,216,,callClientFunction,processEvent000_11,,,,,Data\scripts\quests\man\man0l0.lua,,yes,,,,"callClientFunction(player, ""delegateEvent"", player, quest, ""processEvent000_11"");",starter server delegate surface
server_delegate_surface,man0l0,110001,Shapeless Melody,main_scenario,handwritten_event_driver,seq000_onTalk,218,,callClientFunction,processEvent000_12,,,,,Data\scripts\quests\man\man0l0.lua,,yes,,,,"callClientFunction(player, ""delegateEvent"", player, quest, ""processEvent000_12"");",starter server delegate surface
server_delegate_surface,man0l0,110001,Shapeless Melody,main_scenario,handwritten_event_driver,seq000_onTalk,221,,callClientFunction,processTtrMini002,,,,,Data\scripts\quests\man\man0l0.lua,,yes,,,,"callClientFunction(player, ""delegateEvent"", player, quest, ""processTtrMini002"");",starter server delegate surface
server_delegate_surface,man0l0,110001,Shapeless Melody,main_scenario,handwritten_event_driver,seq000_onTalk,224,,callClientFunction,processEvent000_13,,,,,Data\scripts\quests\man\man0l0.lua,,yes,,,,"callClientFunction(player, ""delegateEvent"", player, quest, ""processEvent000_13"");",starter server delegate surface
server_delegate_surface,man0l0,110001,Shapeless Melody,main_scenario,handwritten_event_driver,seq000_onTalk,227,,callClientFunction,processEvent000_14,,,,,Data\scripts\quests\man\man0l0.lua,,yes,,,,"callClientFunction(player, ""delegateEvent"", player, quest, ""processEvent000_14"");",starter server delegate surface
server_delegate_surface,man0l0,110001,Shapeless Melody,main_scenario,handwritten_event_driver,seq000_onTalk,229,,callClientFunction,processEvent000_15,,,,,Data\scripts\quests\man\man0l0.lua,,yes,,,,"callClientFunction(player, ""delegateEvent"", player, quest, ""processEvent000_15"");",starter server delegate surface
server_delegate_surface,man0l0,110001,Shapeless Melody,main_scenario,handwritten_event_driver,seq000_onTalk,231,,callClientFunction,processEvent000_16,,,,,Data\scripts\quests\man\man0l0.lua,,yes,,,,"callClientFunction(player, ""delegateEvent"", player, quest, ""processEvent000_16"");",starter server delegate surface
server_delegate_surface,man0l0,110001,Shapeless Melody,main_scenario,handwritten_event_driver,seq000_onTalk,233,,callClientFunction,processEvent000_17,,,,,Data\scripts\quests\man\man0l0.lua,,yes,,,,"callClientFunction(player, ""delegateEvent"", player, quest, ""processEvent000_17"");",starter server delegate surface
server_delegate_surface,man0l0,110001,Shapeless Melody,main_scenario,handwritten_event_driver,seq010_onTalk,242,,callClientFunction,processEvent020_2,,,,,Data\scripts\quests\man\man0l0.lua,,yes,,,,"callClientFunction(player, ""delegateEvent"", player, quest, ""processEvent020_2"");",starter server delegate surface
server_delegate_surface,man0l0,110001,Shapeless Melody,main_scenario,handwritten_event_driver,seq010_onTalk,244,,callClientFunction,processEvent020_3,,,,,Data\scripts\quests\man\man0l0.lua,,yes,,,,"callClientFunction(player, ""delegateEvent"", player, quest, ""processEvent020_3"");",starter server delegate surface
server_delegate_surface,man0l0,110001,Shapeless Melody,main_scenario,handwritten_event_driver,seq010_onTalk,246,,callClientFunction,processEvent020_5,,,,,Data\scripts\quests\man\man0l0.lua,,yes,,,,"callClientFunction(player, ""delegateEvent"", player, quest, ""processEvent020_5"");",starter server delegate surface
server_delegate_surface,man0l0,110001,Shapeless Melody,main_scenario,handwritten_event_driver,seq010_onTalk,248,,callClientFunction,processEvent020_6,,,,,Data\scripts\quests\man\man0l0.lua,,yes,,,,"callClientFunction(player, ""delegateEvent"", player, quest, ""processEvent020_6"");",starter server delegate surface
server_delegate_surface,man0l0,110001,Shapeless Melody,main_scenario,handwritten_event_driver,seq010_onTalk,250,,callClientFunction,processEvent020_7,,,,,Data\scripts\quests\man\man0l0.lua,,yes,,,,"callClientFunction(player, ""delegateEvent"", player, quest, ""processEvent020_7"");",starter server delegate surface
server_delegate_surface,man0l0,110001,Shapeless Melody,main_scenario,handwritten_event_driver,seq010_onTalk,252,,callClientFunction,processEvent020_8,,,,,Data\scripts\quests\man\man0l0.lua,,yes,,,,"callClientFunction(player, ""delegateEvent"", player, quest, ""processEvent020_8"");",starter server delegate surface
server_delegate_surface,man0l0,110001,Shapeless Melody,main_scenario,handwritten_event_driver,seq010_onTalk,254,,callClientFunction,processEvent020_9,,,,,Data\scripts\quests\man\man0l0.lua,,yes,,,,"callClientFunction(player, ""delegateEvent"", player, quest, ""processEvent020_9"");",starter server delegate surface
server_delegate_surface,man0l0,110001,Shapeless Melody,main_scenario,handwritten_event_driver,seq010_onTalk,260,,callClientFunction,processEvent020_10,,,,,Data\scripts\quests\man\man0l0.lua,,yes,,,,"callClientFunction(player, ""delegateEvent"", player, quest, ""processEvent020_10"");",starter server delegate surface
server_delegate_surface,man0l0,110001,Shapeless Melody,main_scenario,handwritten_event_driver,seq010_onTalk,262,,callClientFunction,processEvent020_11,,,,,Data\scripts\quests\man\man0l0.lua,,yes,,,,"callClientFunction(player, ""delegateEvent"", player, quest, ""processEvent020_11"");",starter server delegate surface
server_delegate_surface,man0l0,110001,Shapeless Melody,main_scenario,handwritten_event_driver,doExitDoor,298,,callClientFunction,processEventNewRectAsk,,,,,Data\scripts\quests\man\man0l0.lua,,yes,,,,"callClientFunction(player, ""delegateEvent"", player, quest, ""processEventNewRectAsk"", nil);",starter server delegate surface
server_delegate_surface,man0l0,110001,Shapeless Melody,main_scenario,handwritten_event_driver,doExitDoor,300,,callClientFunction,processEvent000_2,,,,,Data\scripts\quests\man\man0l0.lua,,yes,,,,"callClientFunction(player, ""delegateEvent"", player, quest, ""processEvent000_2"", nil);",starter server delegate surface
source_delegate_call_rows,man0l0,110001,Shapeless Melody,main_scenario,handwritten_event_driver,onKillBNpc,35,,,processEvent000_3,,,,,Data/scripts/directors/Quest/QuestDirectorMan0l001.lua,,,,,,"callClientFunction(player, ""delegateEvent"", player, quest, ""processEvent000_3"", nil, nil, nil);",starter delegate callsite
source_delegate_call_rows,man0l0,110001,Shapeless Melody,main_scenario,handwritten_event_driver,onEventStarted,54,,,processTtrBtl001,,,,,Data/scripts/directors/Quest/QuestDirectorMan0l001.lua,,,,,,"callClientFunction(player, ""delegateEvent"", player, quest, ""processTtrBtl001"", nil, nil, nil);",starter delegate callsite
source_delegate_call_rows,man0l0,110001,Shapeless Melody,main_scenario,handwritten_event_driver,onEventStarted,61,,,processTtrBtl002,,,,,Data/scripts/directors/Quest/QuestDirectorMan0l001.lua,,,,,,"callClientFunction(player, ""delegateEvent"", player, quest, ""processTtrBtl002"", nil, nil, nil);",starter delegate callsite
source_delegate_call_rows,man0l0,110001,Shapeless Melody,main_scenario,handwritten_event_driver,onEventStarted,92,,,processTtrBtlMagic001,,,,,Data/scripts/directors/Quest/QuestDirectorMan0l001.lua,,,,,,"callClientFunction(player, ""delegateEvent"", player, quest, ""processTtrBtlMagic001"");",starter delegate callsite
source_delegate_call_rows,man0l0,110001,Shapeless Melody,main_scenario,handwritten_event_driver,onPush,140,,,processTtrNomal002,,,,,Data/scripts/quests/man/man0l0.lua,,,,,,"callClientFunction(player, ""delegateEvent"", player, quest, ""processTtrNomal002"");",starter delegate callsite
source_delegate_call_rows,man0l0,110001,Shapeless Melody,main_scenario,handwritten_event_driver,onNotice,170,,,processTtrNomal001withHQ,,,,,Data/scripts/quests/man/man0l0.lua,,,,,,"callClientFunction(player, ""delegateEvent"", player, quest, ""processTtrNomal001withHQ"");",starter delegate callsite
source_delegate_call_rows,man0l0,110001,Shapeless Melody,main_scenario,handwritten_event_driver,seq000_onTalk,188,,,processTtrNomal003,,,,,Data/scripts/quests/man/man0l0.lua,,,,,,"callClientFunction(player, ""delegateEvent"", player, quest, ""processTtrNomal003"");",starter delegate callsite
source_delegate_call_rows,man0l0,110001,Shapeless Melody,main_scenario,handwritten_event_driver,seq000_onTalk,191,,,processTtrMini001,,,,,Data/scripts/quests/man/man0l0.lua,,,,,,"callClientFunction(player, ""delegateEvent"", player, quest, ""processTtrMini001"");",starter delegate callsite
source_delegate_call_rows,man0l0,110001,Shapeless Melody,main_scenario,handwritten_event_driver,seq000_onTalk,197,,,processEvent000_4,,,,,Data/scripts/quests/man/man0l0.lua,,,,,,"callClientFunction(player, ""delegateEvent"", player, quest, ""processEvent000_4"");",starter delegate callsite
source_delegate_call_rows,man0l0,110001,Shapeless Melody,main_scenario,handwritten_event_driver,seq000_onTalk,199,,,processEvent000_5,,,,,Data/scripts/quests/man/man0l0.lua,,,,,,"callClientFunction(player, ""delegateEvent"", player, quest, ""processEvent000_5"");",starter delegate callsite
source_delegate_call_rows,man0l0,110001,Shapeless Melody,main_scenario,handwritten_event_driver,seq000_onTalk,201,,,processEvent000_6,,,,,Data/scripts/quests/man/man0l0.lua,,,,,,"callClientFunction(player, ""delegateEvent"", player, quest, ""processEvent000_6"");",starter delegate callsite
source_delegate_call_rows,man0l0,110001,Shapeless Melody,main_scenario,handwritten_event_driver,seq000_onTalk,203,,,processEvent000_7,,,,,Data/scripts/quests/man/man0l0.lua,,,,,,"callClientFunction(player, ""delegateEvent"", player, quest, ""processEvent000_7"");",starter delegate callsite
source_delegate_call_rows,man0l0,110001,Shapeless Melody,main_scenario,handwritten_event_driver,seq000_onTalk,206,,,processTtrMini003,,,,,Data/scripts/quests/man/man0l0.lua,,,,,,"callClientFunction(player, ""delegateEvent"", player, quest, ""processTtrMini003"");",starter delegate callsite
source_delegate_call_rows,man0l0,110001,Shapeless Melody,main_scenario,handwritten_event_driver,seq000_onTalk,209,,,processEvent000_8,,,,,Data/scripts/quests/man/man0l0.lua,,,,,,"callClientFunction(player, ""delegateEvent"", player, quest, ""processEvent000_8"");",starter delegate callsite
source_delegate_call_rows,man0l0,110001,Shapeless Melody,main_scenario,handwritten_event_driver,seq000_onTalk,212,,,processEvent000_9,,,,,Data/scripts/quests/man/man0l0.lua,,,,,,"callClientFunction(player, ""delegateEvent"", player, quest, ""processEvent000_9"");",starter delegate callsite
source_delegate_call_rows,man0l0,110001,Shapeless Melody,main_scenario,handwritten_event_driver,seq000_onTalk,214,,,processEvent000_10,,,,,Data/scripts/quests/man/man0l0.lua,,,,,,"callClientFunction(player, ""delegateEvent"", player, quest, ""processEvent000_10"");",starter delegate callsite
source_delegate_call_rows,man0l0,110001,Shapeless Melody,main_scenario,handwritten_event_driver,seq000_onTalk,216,,,processEvent000_11,,,,,Data/scripts/quests/man/man0l0.lua,,,,,,"callClientFunction(player, ""delegateEvent"", player, quest, ""processEvent000_11"");",starter delegate callsite
source_delegate_call_rows,man0l0,110001,Shapeless Melody,main_scenario,handwritten_event_driver,seq000_onTalk,218,,,processEvent000_12,,,,,Data/scripts/quests/man/man0l0.lua,,,,,,"callClientFunction(player, ""delegateEvent"", player, quest, ""processEvent000_12"");",starter delegate callsite
source_delegate_call_rows,man0l0,110001,Shapeless Melody,main_scenario,handwritten_event_driver,seq000_onTalk,221,,,processTtrMini002,,,,,Data/scripts/quests/man/man0l0.lua,,,,,,"callClientFunction(player, ""delegateEvent"", player, quest, ""processTtrMini002"");",starter delegate callsite
source_delegate_call_rows,man0l0,110001,Shapeless Melody,main_scenario,handwritten_event_driver,seq000_onTalk,224,,,processEvent000_13,,,,,Data/scripts/quests/man/man0l0.lua,,,,,,"callClientFunction(player, ""delegateEvent"", player, quest, ""processEvent000_13"");",starter delegate callsite
source_delegate_call_rows,man0l0,110001,Shapeless Melody,main_scenario,handwritten_event_driver,seq000_onTalk,227,,,processEvent000_14,,,,,Data/scripts/quests/man/man0l0.lua,,,,,,"callClientFunction(player, ""delegateEvent"", player, quest, ""processEvent000_14"");",starter delegate callsite
source_delegate_call_rows,man0l0,110001,Shapeless Melody,main_scenario,handwritten_event_driver,seq000_onTalk,229,,,processEvent000_15,,,,,Data/scripts/quests/man/man0l0.lua,,,,,,"callClientFunction(player, ""delegateEvent"", player, quest, ""processEvent000_15"");",starter delegate callsite
source_delegate_call_rows,man0l0,110001,Shapeless Melody,main_scenario,handwritten_event_driver,seq000_onTalk,231,,,processEvent000_16,,,,,Data/scripts/quests/man/man0l0.lua,,,,,,"callClientFunction(player, ""delegateEvent"", player, quest, ""processEvent000_16"");",starter delegate callsite
source_delegate_call_rows,man0l0,110001,Shapeless Melody,main_scenario,handwritten_event_driver,seq000_onTalk,233,,,processEvent000_17,,,,,Data/scripts/quests/man/man0l0.lua,,,,,,"callClientFunction(player, ""delegateEvent"", player, quest, ""processEvent000_17"");",starter delegate callsite
source_delegate_call_rows,man0l0,110001,Shapeless Melody,main_scenario,handwritten_event_driver,seq010_onTalk,242,,,processEvent020_2,,,,,Data/scripts/quests/man/man0l0.lua,,,,,,"callClientFunction(player, ""delegateEvent"", player, quest, ""processEvent020_2"");",starter delegate callsite
source_delegate_call_rows,man0l0,110001,Shapeless Melody,main_scenario,handwritten_event_driver,seq010_onTalk,244,,,processEvent020_3,,,,,Data/scripts/quests/man/man0l0.lua,,,,,,"callClientFunction(player, ""delegateEvent"", player, quest, ""processEvent020_3"");",starter delegate callsite
source_delegate_call_rows,man0l0,110001,Shapeless Melody,main_scenario,handwritten_event_driver,seq010_onTalk,246,,,processEvent020_5,,,,,Data/scripts/quests/man/man0l0.lua,,,,,,"callClientFunction(player, ""delegateEvent"", player, quest, ""processEvent020_5"");",starter delegate callsite
source_delegate_call_rows,man0l0,110001,Shapeless Melody,main_scenario,handwritten_event_driver,seq010_onTalk,248,,,processEvent020_6,,,,,Data/scripts/quests/man/man0l0.lua,,,,,,"callClientFunction(player, ""delegateEvent"", player, quest, ""processEvent020_6"");",starter delegate callsite
source_delegate_call_rows,man0l0,110001,Shapeless Melody,main_scenario,handwritten_event_driver,seq010_onTalk,250,,,processEvent020_7,,,,,Data/scripts/quests/man/man0l0.lua,,,,,,"callClientFunction(player, ""delegateEvent"", player, quest, ""processEvent020_7"");",starter delegate callsite
source_delegate_call_rows,man0l0,110001,Shapeless Melody,main_scenario,handwritten_event_driver,seq010_onTalk,252,,,processEvent020_8,,,,,Data/scripts/quests/man/man0l0.lua,,,,,,"callClientFunction(player, ""delegateEvent"", player, quest, ""processEvent020_8"");",starter delegate callsite
source_delegate_call_rows,man0l0,110001,Shapeless Melody,main_scenario,handwritten_event_driver,seq010_onTalk,254,,,processEvent020_9,,,,,Data/scripts/quests/man/man0l0.lua,,,,,,"local choice = callClientFunction(player, ""delegateEvent"", player, quest, ""processEvent020_9"");",starter delegate callsite
source_delegate_call_rows,man0l0,110001,Shapeless Melody,main_scenario,handwritten_event_driver,seq010_onTalk,260,,,processEvent020_10,,,,,Data/scripts/quests/man/man0l0.lua,,,,,,"callClientFunction(player, ""delegateEvent"", player, quest, ""processEvent020_10"");",starter delegate callsite
source_delegate_call_rows,man0l0,110001,Shapeless Melody,main_scenario,handwritten_event_driver,seq010_onTalk,262,,,processEvent020_11,,,,,Data/scripts/quests/man/man0l0.lua,,,,,,"callClientFunction(player, ""delegateEvent"", player, quest, ""processEvent020_11"");",starter delegate callsite
source_delegate_call_rows,man0l0,110001,Shapeless Melody,main_scenario,handwritten_event_driver,doExitDoor,298,,,processEventNewRectAsk,,,,,Data/scripts/quests/man/man0l0.lua,,,,,,"local choice = callClientFunction(player, ""delegateEvent"", player, quest, ""processEventNewRectAsk"", nil);",starter delegate callsite
source_delegate_call_rows,man0l0,110001,Shapeless Melody,main_scenario,handwritten_event_driver,doExitDoor,300,,,processEvent000_2,,,,,Data/scripts/quests/man/man0l0.lua,,,,,,"callClientFunction(player, ""delegateEvent"", player, quest, ""processEvent000_2"", nil);",starter delegate callsite
source_to_client_method_rows,man0l0,110001,Shapeless Melody,main_scenario,handwritten_event_driver,onKillBNpc,35,,,processEvent000_3,,,,,Data/scripts/directors/Quest/QuestDirectorMan0l001.lua,,,,,,"function Man0l0.processEvent000_3(A0_7, A1_8, A2_9) | local L3_10, L4_11, L5_12, L6_13, L7_14, L8_15 | L4_11 = A0_7 | L3_10 = A0_7.startFadeOutCutSceneDefault | L5_12 = A1_8 | L3_10(L4_11, L5_12) | L4_11 = A0_7 | L3_10 = A0_7.startHQCutScene | L5_12 = ""MAN0L020"" | L6_13 = 3 | L3_10(L4_11, L5_12, L6_13) | L4_11 = A0_7 | L3_10 = A0_7.startHQCutScene | L5_12 = ""MAN0L030"" | L6_13 = 5 | L3_10(L4_11, L5_12, L6_13) | L4_11 = A0_7 | L3_10 = A0_7.startHQCutScene | L5_12 = ""MAN0L040"" | L6_13 = 7 | L3_10(L4_11, L5_12, L6_13) | L3_10 = desktopWidget | L4_11 = L3_10 | L3_10 = L3_10.openPublicInformDialogWidget | L5_12 = worldMaster | L6_13 = 25117 | L7_14 = 11000001 | L8_15 = 1",starter source-to-client method bridge
source_to_client_method_rows,man0l0,110001,Shapeless Melody,main_scenario,handwritten_event_driver,onEventStarted,54,,,processTtrBtl001,MAN0L010,,,,Data/scripts/directors/Quest/QuestDirectorMan0l001.lua,,,,,,"function Man0l0.processTtrBtl001(A0_162, A1_163, A2_164, A3_165) | local L4_166, L5_167, L6_168, L7_169, L8_170, L9_171 | L4_166 = desktopWidget | L5_167 = L4_166 | L4_166 = L4_166.closeTutorialWidget | L4_166(L5_167) | L4_166 = true | L5_167 = true | L6_168 = true | L7_169 = false | L8_170 = true | L9_171 = 4 | A0_162:startHQCutScene(""MAN0L010"", 1) | A0_162:startFadeInCutSceneDefault(A1_163) | A0_162:setMusic(A1_163, 21, 1) | A0_162:_wait(2) | worldMaster:_aimCameraTutorial(1900006) | worldMaster:_lookAtPlayerTutorial(1900006) | worldMaster:_runCharaSchedulerTutorial(1900006, 403087360) | A0_162:sayFreeDisplayName(1900006, A0_162, 97) | worldMaster:_cancelAimCameraTutorial(1900006) | desktopWidget:cancelDesktopWidgetMode(16) | L4_166 = true | L5_167 = true | L6_168 = true | L7_169 = false | L8_170 = true | L9_171 = 4",starter source-to-client method bridge
source_to_client_method_rows,man0l0,110001,Shapeless Melody,main_scenario,handwritten_event_driver,onEventStarted,61,,,processTtrBtl002,,,,,Data/scripts/directors/Quest/QuestDirectorMan0l001.lua,,,,,,"function Man0l0.processTtrBtl002(A0_194, A1_195, A2_196, A3_197) | local L4_198, L5_199, L6_200, L7_201, L8_202, L9_203, L10_204, L11_205, L12_206, L13_207, L14_208, L15_209, L16_210, L17_211, L18_212, L19_213, L20_214, L21_215, L22_216 | L4_198 = desktopWidget | L5_199 = L4_198 | L4_198 = L4_198.cancelDesktopWidgetMode | L6_200 = 16 | L4_198(L5_199, L6_200) | L4_198 = desktopWidget | L5_199 = L4_198 | L4_198 = L4_198.closeTutorialWidget | L4_198(L5_199) | L5_199 = A0_194 | L4_198 = A0_194._wait | L6_200 = 1 | L4_198(L5_199, L6_200) | L4_198 = desktopWidget | L5_199 = L4_198 | L4_198 = L4_198.orderDesktopWidgetMode | L6_200 = 16 | L4_198(L5_199, L6_200) | L4_198 = worldMaster | L5_199 = L4_198 | L4_198 = L4_198._aimCameraTutorial | L6_200 = 1600179 | L4_198(L5_199, L6_200) | L4_198 = worldMaster | L5_199 = L4_198 | L4_198 = L4_198._lookAtPlayerTutorial",starter source-to-client method bridge
source_to_client_method_rows,man0l0,110001,Shapeless Melody,main_scenario,handwritten_event_driver,onEventStarted,92,,,processTtrBtlMagic001,,,,,Data/scripts/directors/Quest/QuestDirectorMan0l001.lua,,,,,,"function Man0l0.processTtrBtlMagic001(A0_172, A1_173, A2_174, A3_175) | local L4_176, L5_177, L6_178, L7_179, L8_180, L9_181, L10_182, L11_183, L12_184, L13_185, L14_186, L15_187, L16_188, L17_189, L18_190, L19_191, L20_192, L21_193 | L4_176 = desktopWidget | L5_177 = L4_176 | L4_176 = L4_176.closeTutorialWidget | L4_176(L5_177) | L4_176 = true | L5_177 = true | L6_178 = true | L7_179 = false | L8_180 = true | L9_181 = 4 | L10_182 = desktopWidget | L11_183 = L10_182 | L10_182 = L10_182.setTutorialMask | L12_184 = L4_176 | L13_185 = L5_177 | L14_186 = L6_178 | L15_187 = L7_179 | L16_188 = L8_180 | L17_189 = L9_181 | L10_182(L11_183, L12_184, L13_185, L14_186, L15_187, L16_188, L17_189) | L11_183 = A0_172 | L10_182 = A0_172.startHQCutScene | L12_184 = ""MAN0L010"" | L13_185 = 1 | L10_182(L11_183, L12_184, L13_185) | L11_183 = A0_172",starter source-to-client method bridge
source_to_client_method_rows,man0l0,110001,Shapeless Melody,main_scenario,handwritten_event_driver,onPush,140,,,processTtrNomal002,,,,,Data/scripts/quests/man/man0l0.lua,,,,,,"function Man0l0.processTtrNomal002(A0_121, A1_122, A2_123, A3_124) | local L4_125, L5_126, L6_127, L7_128, L8_129, L9_130 | L4_125 = desktopWidget | L5_126 = L4_125 | L4_125 = L4_125.cancelDesktopWidgetMode | L6_127 = 16 | L4_125(L5_126, L6_127) | L4_125 = desktopWidget | L5_126 = L4_125 | L4_125 = L4_125.closeTutorialWidget | L4_125(L5_126) | L5_126 = A0_121 | L4_125 = A0_121._wait | L6_127 = 0.5 | L4_125(L5_126, L6_127) | L4_125 = desktopWidget | L5_126 = L4_125 | L4_125 = L4_125.openTutorialWidget | L6_127 = A3_124 | L7_128 = 3 | L4_125(L5_126, L6_127, L7_128) | L4_125 = true | L5_126 = false | L6_127 = true | L7_128 = true | L8_129 = true | L9_130 = 4 | desktopWidget:setTutorialMask(L4_125, L5_126, L6_127, L7_128, L8_129, L9_130)",starter source-to-client method bridge
source_to_client_method_rows,man0l0,110001,Shapeless Melody,main_scenario,handwritten_event_driver,onNotice,170,,,processTtrNomal001withHQ,,,,,Data/scripts/quests/man/man0l0.lua,,,,,,"function Man0l0.processTtrNomal001withHQ(A0_95, A1_96, A2_97) | local L3_98, L4_99, L5_100, L6_101, L7_102, L8_103, L9_104, L10_105, L11_106, L12_107 | L5_100 = A1_96 | L4_99 = A1_96._lockCameraControl | L4_99(L5_100) | L4_99 = desktopWidget | L5_100 = L4_99 | L4_99 = L4_99.orderTutorialMode | L4_99(L5_100) | L4_99 = desktopWidget | L5_100 = L4_99 | L4_99 = L4_99.orderDesktopWidgetMode | L6_101 = 62 | L4_99(L5_100, L6_101) | L4_99 = true | L5_100 = true | L6_101 = true | L7_102 = true | L8_103 = true | L9_104 = 4 | L10_105 = desktopWidget | L11_106 = L10_105 | L10_105 = L10_105.setTutorialMask | L12_107 = L4_99 | L10_105(L11_106, L12_107, L5_100, L6_101, L7_102, L8_103, L9_104) | L11_106 = A1_96 | L10_105 = A1_96._fadeInNowLoadingForNoticeEventJustInArea | L10_105(L11_106)",starter source-to-client method bridge
source_to_client_method_rows,man0l0,110001,Shapeless Melody,main_scenario,handwritten_event_driver,seq000_onTalk,188,,,processTtrNomal003,,,,,Data/scripts/quests/man/man0l0.lua,,,,,,"function Man0l0.processTtrNomal003(A0_131, A1_132, A2_133, A3_134) | local L4_135, L5_136, L6_137, L7_138, L8_139, L9_140 | L4_135 = desktopWidget | L5_136 = L4_135 | L4_135 = L4_135.closeTutorialWidget | L4_135(L5_136) | L5_136 = A0_131 | L4_135 = A0_131._wait | L6_137 = 0.5 | L4_135(L5_136, L6_137) | L5_136 = A2_133 | L4_135 = A2_133._runCharaScheduler | L6_137 = 353964032 | L4_135(L5_136, L6_137) | L5_136 = A2_133 | L4_135 = A2_133.say | L6_137 = A0_131 | L7_138 = 93 | L8_139 = 0 | L4_135(L5_136, L6_137, L7_138, L8_139) | L4_135 = desktopWidget | L5_136 = L4_135 | L4_135 = L4_135._setTargetCharacter | L6_137 = 1 | L7_138 = nil | L4_135(L5_136, L6_137, L7_138) | L4_135 = desktopWidget | L5_136 = L4_135",starter source-to-client method bridge
source_to_client_method_rows,man0l0,110001,Shapeless Melody,main_scenario,handwritten_event_driver,seq000_onTalk,191,,,processTtrMini001,,,,"A strange voice, ye say? Sure it weren't [@1A(1)]sirens[@1A(0)]?",Data/scripts/quests/man/man0l0.lua,,,,,,"function Man0l0.processTtrMini001(A0_141, A1_142, A2_143) | A2_143:startCliantTalkTurn(2, A1_142) | A2_143:_runCharaScheduler(353964032) | A2_143:say(A0_141, 94, 0) | A2_143:say(A0_141, 95, 0) | A2_143:finishCliantTalkTurn() | end",starter source-to-client method bridge
source_to_client_method_rows,man0l0,110001,Shapeless Melody,main_scenario,handwritten_event_driver,seq000_onTalk,197,,,processEvent000_4,,,,"You say you heard a voice singing sweet somethings in your ear now, did you?",Data/scripts/quests/man/man0l0.lua,,,,,,"function Man0l0.processEvent000_4(A0_16, A1_17, A2_18) | A2_18:startCliantTalkTurn(2, A1_17) | A2_18:say(A0_16, 22, 0) | A2_18:say(A0_16, 36, 0) | A2_18:finishCliantTalkTurn() | end",starter source-to-client method bridge
source_to_client_method_rows,man0l0,110001,Shapeless Melody,main_scenario,handwritten_event_driver,seq000_onTalk,199,,,processEvent000_5,,,,"Rhotano Sea's known for bein' rough with the men who tread on her back. Why, every trip, it seems we lose a few casks to her relentless wrigglin' and writhin'. But worry ye not; I won't be lettin' her make off with our best rum.",Data/scripts/quests/man/man0l0.lua,,,,,,"function Man0l0.processEvent000_5(A0_19, A1_20, A2_21) | A2_21:say(A0_19, 23, 0) | A2_21:say(A0_19, 37, 0) | end",starter source-to-client method bridge
source_to_client_method_rows,man0l0,110001,Shapeless Melody,main_scenario,handwritten_event_driver,seq000_onTalk,201,,,processEvent000_6,,,,These seemingly endless sea voyages can truly drain a man's soul of its vim and vigor. Might I offer you a drink to enliven your spirits?,Data/scripts/quests/man/man0l0.lua,,,,,,"function Man0l0.processEvent000_6(A0_22, A1_23, A2_24) | A2_24:startCliantTalkTurn(2, A1_23) | A2_24:say(A0_22, 24, 0) | A2_24:finishCliantTalkTurn() | end",starter source-to-client method bridge
source_to_client_method_rows,man0l0,110001,Shapeless Melody,main_scenario,handwritten_event_driver,seq000_onTalk,203,,,processEvent000_7,,,,You hear somethin'? 'Cause I hear somethin'. Somethin's goin' on up top. An' that somethin' ain't quite right...,Data/scripts/quests/man/man0l0.lua,,,,,,"function Man0l0.processEvent000_7(A0_25, A1_26, A2_27) | A2_27:startCliantTalkTurn(2, A1_26) | A2_27:_runCharaScheduler(354168832) | A2_27:say(A0_25, 25, 0) | A2_27:say(A0_25, 38, 0) | A2_27:finishCliantTalkTurn() | end",starter source-to-client method bridge
source_to_client_method_rows,man0l0,110001,Shapeless Melody,main_scenario,handwritten_event_driver,seq000_onTalk,206,,,processTtrMini003,,,,Voices? I've heard naught but the infernal squeakings of that damned Qiqirn porter since stepping foot on this vessel.,Data/scripts/quests/man/man0l0.lua,,,,,,"function Man0l0.processTtrMini003(A0_147, A1_148, A2_149) | A2_149:startCliantTalkTurn(2, A1_148) | A2_149:_runCharaScheduler(353964032) | A2_149:say(A0_147, 118, 0) | A2_149:finishCliantTalkTurn() | end",starter source-to-client method bridge
source_to_client_method_rows,man0l0,110001,Shapeless Melody,main_scenario,handwritten_event_driver,seq000_onTalk,209,,,processEvent000_8,,,,"Pardon me, [@IF($E9(4),milady,sir)], but have you seen that filthy Qiqirn? The one that was shuffling about hither and thither, sniffing everyone's baggage. I have an inkling he might be off getting that oversized nose of his into trouble...",Data/scripts/quests/man/man0l0.lua,,,,,,"function Man0l0.processEvent000_8(A0_28, A1_29, A2_30) | A2_30:say(A0_28, 26, 0) | end",starter source-to-client method bridge
source_to_client_method_rows,man0l0,110001,Shapeless Melody,main_scenario,handwritten_event_driver,seq000_onTalk,212,,,processEvent000_9,,,,"They say the seas around Limsa Lominsa are guarded over by a goddess called the Navigator. If her temper's as bad as this accursed storm, I'd say we're all doomed.",Data/scripts/quests/man/man0l0.lua,,,,,,"function Man0l0.processEvent000_9(A0_31, A1_32, A2_33) | A2_33:startCliantTalkTurn(2, A1_32) | A2_33:say(A0_31, 27, 0) | A2_33:finishCliantTalkTurn() | end",starter source-to-client method bridge
source_to_client_method_rows,man0l0,110001,Shapeless Melody,main_scenario,handwritten_event_driver,seq000_onTalk,214,,,processEvent000_10,,,,"Hmph. From that blank look in your eyes, I would guess you are not too well-traveled. Best scuttle over to that corner you were cowering in and go back to sleep.",Data/scripts/quests/man/man0l0.lua,,,,,,"function Man0l0.processEvent000_10(A0_34, A1_35, A2_36) | A2_36:startCliantTalkTurn(2, A1_35) | A2_36:_runCharaScheduler(353959936) | A2_36:say(A0_34, 28, 0) | A2_36:finishCliantTalkTurn() | end",starter source-to-client method bridge
source_to_client_method_rows,man0l0,110001,Shapeless Melody,main_scenario,handwritten_event_driver,seq000_onTalk,216,,,processEvent000_11,,,,"You speak to me as if I have something to say. Well, I don't, so begone.",Data/scripts/quests/man/man0l0.lua,,,,,,"function Man0l0.processEvent000_11(A0_37, A1_38, A2_39) | A2_39:startCliantTalkTurn(2, A1_38) | A2_39:say(A0_37, 29, 0) | A2_39:finishCliantTalkTurn() | end",starter source-to-client method bridge
source_to_client_method_rows,man0l0,110001,Shapeless Melody,main_scenario,handwritten_event_driver,seq000_onTalk,218,,,processEvent000_12,,,,"You say you heard singing? Well, maybe it was ol' Llymlaen laughin' at us mortals seeking to trespass in her fair demesne. Or maybe it were them silky-voiced sirens the people back in Limsa are a-fearin'. <sigh> Guess some places just ain't meant for an hon...",Data/scripts/quests/man/man0l0.lua,,,,,,"function Man0l0.processEvent000_12(A0_40, A1_41, A2_42) | A2_42:startCliantTalkTurn(2, A1_41) | A2_42:_runCharaScheduler(353959936) | A2_42:say(A0_40, 30, 0) | A2_42:finishCliantTalkTurn() | end",starter source-to-client method bridge
source_to_client_method_rows,man0l0,110001,Shapeless Melody,main_scenario,handwritten_event_driver,seq000_onTalk,221,,,processTtrMini002,,,,You appear troubled. Might anything be amiss?,Data/scripts/quests/man/man0l0.lua,,,,,,"function Man0l0.processTtrMini002(A0_144, A1_145, A2_146) | A2_146:startCliantTalkTurn(2, A1_145) | A2_146:_runCharaScheduler(353964032) | A2_146:say(A0_144, 119, 0) | A2_146:finishCliantTalkTurn() | end",starter source-to-client method bridge
source_to_client_method_rows,man0l0,110001,Shapeless Melody,main_scenario,handwritten_event_driver,seq000_onTalk,224,,,processEvent000_13,,,,"Unable to sleep, friend? How about a drink to calm your nerves?",Data/scripts/quests/man/man0l0.lua,,,,,,"function Man0l0.processEvent000_13(A0_43, A1_44, A2_45) | A2_45:startCliantTalkTurn(2, A1_44) | A2_45:_runCharaScheduler(354172928) | A2_45:say(A0_43, 31, 0) | A2_45:finishCliantTalkTurn() | end",starter source-to-client method bridge
source_to_client_method_rows,man0l0,110001,Shapeless Melody,main_scenario,handwritten_event_driver,seq000_onTalk,227,,,processEvent000_14,,,,"I knew I should have taken an inn room... One more bell amongst this rabble, and the smell alone will do for me.",Data/scripts/quests/man/man0l0.lua,,,,,,"function Man0l0.processEvent000_14(A0_46, A1_47, A2_48) | A2_48:startCliantTalkTurn(2, A1_47) | A2_48:say(A0_46, 32, 0) | A2_48:say(A0_46, 39, 0) | A2_48:finishCliantTalkTurn() | end",starter source-to-client method bridge
source_to_client_method_rows,man0l0,110001,Shapeless Melody,main_scenario,handwritten_event_driver,seq000_onTalk,229,,,processEvent000_15,,,,"Then it is set! Once we arrive in Limsa, we shall make our way to the Adventurers' Guild and find us a noble quest! (One that will make us rich, of course! Ahahahah!)",Data/scripts/quests/man/man0l0.lua,,,,,,"function Man0l0.processEvent000_15(A0_49, A1_50, A2_51) | A2_51:say(A0_49, 33, 0) | A2_51:startCliantTalkTurn(2, A1_50) | A2_51:say(A0_49, 40, 0) | A2_51:finishCliantTalkTurn() | end",starter source-to-client method bridge
source_to_client_method_rows,man0l0,110001,Shapeless Melody,main_scenario,handwritten_event_driver,seq000_onTalk,231,,,processEvent000_16,,,,"Have you decided what endeavors you will undertake once you've arrived in Limsa Lominsa? That is, unless you're on a sort of spiritual journey to become one with your inner self...in which case, I assume you won't be doing much of anything.",Data/scripts/quests/man/man0l0.lua,,,,,,"function Man0l0.processEvent000_16(A0_52, A1_53, A2_54) | A2_54:startCliantTalkTurn(2, A1_53) | A2_54:_runCharaScheduler(354168832) | A2_54:say(A0_52, 34, 0) | A2_54:say(A0_52, 41, 0) | A2_54:finishCliantTalkTurn() | end",starter source-to-client method bridge
source_to_client_method_rows,man0l0,110001,Shapeless Melody,main_scenario,handwritten_event_driver,seq000_onTalk,233,,,processEvent000_17,,,,"I heard Limsa Lominsa's a filthy cesspool overridden with pirates and pillagers, wenches and wastrels... Heh heh, sounds like my kind of town!",Data/scripts/quests/man/man0l0.lua,,,,,,"function Man0l0.processEvent000_17(A0_55, A1_56, A2_57) | A2_57:startCliantTalkTurn(2, A1_56) | A2_57:_runCharaScheduler(354234368) | A2_57:say(A0_55, 35, 0) | A2_57:finishCliantTalkTurn() | end",starter source-to-client method bridge
source_to_client_method_rows,man0l0,110001,Shapeless Melody,main_scenario,handwritten_event_driver,seq010_onTalk,242,,,processEvent020_2,,,,"Ye say ye saw a powerful sorceress weavin' her magicks 'round the ship, and that it's her what saved us from the serpent's minions? I ain't believin' what I ain't seen with me own two eyes, and I ain't seen no magickal wench, nor no serpent's minions.",Data/scripts/quests/man/man0l0.lua,,,,,,"function Man0l0.processEvent020_2(A0_58, A1_59, A2_60) | A2_60:startCliantTalkTurn(2, A1_59) | A2_60:say(A0_58, 13, 0) | A2_60:say(A0_58, 14, 0) | A2_60:finishCliantTalkTurn() | end",starter source-to-client method bridge
source_to_client_method_rows,man0l0,110001,Shapeless Melody,main_scenario,handwritten_event_driver,seq010_onTalk,244,,,processEvent020_3,,,,"We're sailors. A little wind or rain won't keep us from findin' our way to port. Bloodthirsty aurelias, on the other hand...well, those we could do without.",Data/scripts/quests/man/man0l0.lua,,,,,,"function Man0l0.processEvent020_3(A0_61, A1_62, A2_63) | A2_63:say(A0_61, 15, 0) | end",starter source-to-client method bridge
source_to_client_method_rows,man0l0,110001,Shapeless Melody,main_scenario,handwritten_event_driver,seq010_onTalk,246,,,processEvent020_5,,,,"Hah hah! My arrival in Limsa Lominsa marks the beginning of a new legend! Call forth the bards, for my adventures will inspire epic tales that shall be sung in the halls of kings and queens across the realm. You, my good [@IF($E9(4),lady,lad)], are a witnes...",Data/scripts/quests/man/man0l0.lua,,,,,,"function Man0l0.processEvent020_5(A0_67, A1_68, A2_69) | A2_69:_runCharaScheduler(83910656) | A2_69:say(A0_67, 17, 0) | end",starter source-to-client method bridge
source_to_client_method_rows,man0l0,110001,Shapeless Melody,main_scenario,handwritten_event_driver,seq010_onTalk,248,,,processEvent020_6,,,,Is there anyone more reliable than a man of the sea? Perhaps I should have stayed on the ship rather than disembarking into this den of wolves.,Data/scripts/quests/man/man0l0.lua,,,,,,"function Man0l0.processEvent020_6(A0_70, A1_71, A2_72) | A2_72:startCliantTalkTurn(2, A1_71) | A2_72:say(A0_70, 18, 0) | A2_72:finishCliantTalkTurn() | end",starter source-to-client method bridge
source_to_client_method_rows,man0l0,110001,Shapeless Melody,main_scenario,handwritten_event_driver,seq010_onTalk,250,,,processEvent020_7,,,,"Last night...I believe we were witness to something well beyond our comprehension, and I believe it is best to leave it at that.",Data/scripts/quests/man/man0l0.lua,,,,,,"function Man0l0.processEvent020_7(A0_73, A1_74, A2_75) | A2_75:startCliantTalkTurn(2, A1_74) | A2_75:say(A0_73, 43, 0) | A2_75:say(A0_73, 44, 0) | A2_75:finishCliantTalkTurn() | end",starter source-to-client method bridge
source_to_client_method_rows,man0l0,110001,Shapeless Melody,main_scenario,handwritten_event_driver,seq010_onTalk,252,,,processEvent020_8,,,,"Ah, and our adventure on the seas comes to a close, only to make way for a new one upon the shores of this quaint island.",Data/scripts/quests/man/man0l0.lua,,,,,,"function Man0l0.processEvent020_8(A0_76, A1_77, A2_78) | A2_78:startCliantTalkTurn(2, A1_77) | A2_78:say(A0_76, 45, 0) | A2_78:say(A0_76, 46, 0) | A2_78:finishCliantTalkTurn() | end",starter source-to-client method bridge
source_to_client_method_rows,man0l0,110001,Shapeless Melody,main_scenario,handwritten_event_driver,seq010_onTalk,254,,,processEvent020_9,,,,"Welcome t' Limsa, younglin'. If ye're lookin' for an apology for the rough ride, ye won't find one from me or any o' me crew. Ye're here in one piece, and that's more than ye were guaranteed when ye boarded me ship.",Data/scripts/quests/man/man0l0.lua,,,,,,"function Man0l0.processEvent020_9(A0_79, A1_80, A2_81) | A2_81:startCliantTalkTurn(2, A1_80) | A2_81:_runCharaScheduler(353964032) | A2_81:say(A0_79, 19, 0) | A2_81:say(A0_79, 20, 0) | A2_81:_runCharaScheduler(353972224) | A2_81:say(A0_79, 21, 0) | A2_81:finishCliantTalkTurn() | if A2_81:ask(A0_79, 84, 2) == 1 then | A2_81:_runCharaScheduler(354000896) | A2_81:say(A0_79, 88, 0) | A0_79:startFadeOutCutSceneDefault(A1_80) | else | A2_81:_runCharaScheduler(354082816) | A2_81:say(A0_79, 87, 0) | end | return (A2_81:ask(A0_79, 84, 2)) | end",starter source-to-client method bridge
source_to_client_method_rows,man0l0,110001,Shapeless Melody,main_scenario,handwritten_event_driver,seq010_onTalk,260,,,processEvent020_10,,,,First time in Limsa? Then take this bit of counsel―keep your head down and your blade handy. Talk with Captain Hob if you're looking for a decent place to spend the night.,Data/scripts/quests/man/man0l0.lua,,,,,,"function Man0l0.processEvent020_10(A0_82, A1_83, A2_84) | A2_84:startCliantTalkTurn(2, A1_83) | A2_84:say(A0_82, 58, 0) | A2_84:finishCliantTalkTurn() | end",starter source-to-client method bridge
source_to_client_method_rows,man0l0,110001,Shapeless Melody,main_scenario,handwritten_event_driver,seq010_onTalk,262,,,processEvent020_11,,,,"Step back, [@IF($E9(4),madam,sir)]. All passengers must be inspected prior to being granted entry into the city. Quietly wait your turn or I will be forced to call the Yellowjackets.",Data/scripts/quests/man/man0l0.lua,,,,,,"function Man0l0.processEvent020_11(A0_85, A1_86, A2_87) | A2_87:startCliantTalkTurn(2, A1_86) | A2_87:say(A0_85, 59, 0) | A2_87:finishCliantTalkTurn() | end",starter source-to-client method bridge
source_to_client_method_rows,man0l0,110001,Shapeless Melody,main_scenario,handwritten_event_driver,doExitDoor,298,,,processEventNewRectAsk,,,,Venture above deck?,Data/scripts/quests/man/man0l0.lua,,,,,,"function Man0l0.processEventNewRectAsk(A0_88, A1_89, A2_90) | return (A2_90:ask(A0_88, 115, 2)) | end",starter source-to-client method bridge
source_to_client_method_rows,man0l0,110001,Shapeless Melody,main_scenario,handwritten_event_driver,doExitDoor,300,,,processEvent000_2,,,,,Data/scripts/quests/man/man0l0.lua,,,,,,"function Man0l0.processEvent000_2(A0_4, A1_5, A2_6) | desktopWidget:cancelDesktopWidgetMode(16) | desktopWidget:closeTutorialWidget() | desktopWidget:orderDesktopWidgetMode(16) | end",starter source-to-client method bridge
transition_action_rows,man0l0,110001,Shapeless Melody,main_scenario,handwritten_event_driver,onKillBNpc,29,,StartSequence,StartSequence,,,,,Data/scripts/directors/Quest/QuestDirectorMan0l001.lua,,,,,,"quest:StartSequence(0, true); -- silent, without journal update message.",starter lifecycle transition action
transition_action_rows,man0l0,110001,Shapeless Melody,main_scenario,handwritten_event_driver,onKillBNpc,30,,kickEventContinue,kickEventContinue,,,,,Data/scripts/directors/Quest/QuestDirectorMan0l001.lua,,,,,,"kickEventContinue(player, director, ""noticeEvent"", ""noticeEvent"");",starter lifecycle transition action
transition_action_rows,man0l0,110001,Shapeless Melody,main_scenario,handwritten_event_driver,onKillBNpc,37,,ContentFinished,ContentFinished,,,,,Data/scripts/directors/Quest/QuestDirectorMan0l001.lua,,,,,,player.CurrentArea:ContentFinished();,starter lifecycle transition action
transition_action_rows,man0l0,110001,Shapeless Melody,main_scenario,handwritten_event_driver,onKillBNpc,38,,DoZoneChange,DoZoneChange,,,,,Data/scripts/directors/Quest/QuestDirectorMan0l001.lua,,,,,,"GetWorldManager():DoZoneChange(player, 230, ""PrivateAreaMasterPast"", 1, 15, -826.868469, 6, 193.745865, -0.008368492);",starter lifecycle transition action
transition_action_rows,man0l0,110001,Shapeless Melody,main_scenario,handwritten_event_driver,onKillBNpc,39,,StartSequence,StartSequence,,,,,Data/scripts/directors/Quest/QuestDirectorMan0l001.lua,,,,,,quest:StartSequence(10); -- To display Journal update message after the event/warp handoff.,starter lifecycle transition action
transition_action_rows,man0l0,110001,Shapeless Melody,main_scenario,handwritten_event_driver,onEventStarted,55,,EndEvent,EndEvent,,,,,Data/scripts/directors/Quest/QuestDirectorMan0l001.lua,,,,,,player:EndEvent();,starter lifecycle transition action
transition_action_rows,man0l0,110001,Shapeless Melody,main_scenario,handwritten_event_driver,onEventStarted,58,,kickEventContinue,kickEventContinue,,,,,Data/scripts/directors/Quest/QuestDirectorMan0l001.lua,,,,,,"kickEventContinue(player, director, ""noticeEvent"", ""noticeEvent"");",starter lifecycle transition action
transition_action_rows,man0l0,110001,Shapeless Melody,main_scenario,handwritten_event_driver,onStart,59,,StartSequence,StartSequence,,,,,Data/scripts/quests/man/man0l0.lua,,,,,,quest:StartSequence(SEQ_000);,starter lifecycle transition action
transition_action_rows,man0l0,110001,Shapeless Melody,main_scenario,handwritten_event_driver,onEventStarted,62,,EndEvent,EndEvent,,,,,Data/scripts/directors/Quest/QuestDirectorMan0l001.lua,,,,,,player:EndEvent();,starter lifecycle transition action
transition_action_rows,man0l0,110001,Shapeless Melody,main_scenario,handwritten_event_driver,onEventStarted,70,,kickEventContinue,kickEventContinue,,,,,Data/scripts/directors/Quest/QuestDirectorMan0l001.lua,,,,,,"kickEventContinue(player, director, ""noticeEvent"", ""noticeEvent"");",starter lifecycle transition action
transition_action_rows,man0l0,110001,Shapeless Melody,main_scenario,handwritten_event_driver,onEventStarted,81,,EndEvent,EndEvent,,,,,Data/scripts/directors/Quest/QuestDirectorMan0l001.lua,,,,,,player:EndEvent();,starter lifecycle transition action
transition_action_rows,man0l0,110001,Shapeless Melody,main_scenario,handwritten_event_driver,onEventStarted,85,,kickEventContinue,kickEventContinue,,,,,Data/scripts/directors/Quest/QuestDirectorMan0l001.lua,,,,,,"kickEventContinue(player, director, ""noticeEvent"", ""noticeEvent"");",starter lifecycle transition action
transition_action_rows,man0l0,110001,Shapeless Melody,main_scenario,handwritten_event_driver,onEventStarted,96,,kickEventContinue,kickEventContinue,,,,,Data/scripts/directors/Quest/QuestDirectorMan0l001.lua,,,,,,"kickEventContinue(player, director, ""noticeEvent"", ""noticeEvent"");",starter lifecycle transition action
transition_action_rows,man0l0,110001,Shapeless Melody,main_scenario,handwritten_event_driver,onEventStarted,104,,EndEvent,EndEvent,,,,,Data/scripts/directors/Quest/QuestDirectorMan0l001.lua,,,,,,player:EndEvent();,starter lifecycle transition action
transition_action_rows,man0l0,110001,Shapeless Melody,main_scenario,handwritten_event_driver,onPush,143,,EndEvent,EndEvent,,,,,Data/scripts/quests/man/man0l0.lua,,,,,,player:EndEvent();,starter lifecycle transition action
transition_action_rows,man0l0,110001,Shapeless Melody,main_scenario,handwritten_event_driver,onNotice,173,,EndEvent,EndEvent,,,,,Data/scripts/quests/man/man0l0.lua,,,,,,player:EndEvent();,starter lifecycle transition action
transition_action_rows,man0l0,110001,Shapeless Melody,main_scenario,handwritten_event_driver,seq000_onTalk,183,,EndEvent,EndEvent,,,,,Data/scripts/quests/man/man0l0.lua,,,,,,player:EndEvent();,starter lifecycle transition action
transition_action_rows,man0l0,110001,Shapeless Melody,main_scenario,handwritten_event_driver,seq000_onTalk,235,,EndEvent,EndEvent,,,,,Data/scripts/quests/man/man0l0.lua,,,,,,player:EndEvent();,starter lifecycle transition action
transition_action_rows,man0l0,110001,Shapeless Melody,main_scenario,handwritten_event_driver,seq010_onTalk,256,,ReplaceQuest,ReplaceQuest,,,,,Data/scripts/quests/man/man0l0.lua,,,,,,"player:ReplaceQuest(quest, ""Man0l1"");",starter lifecycle transition action
transition_action_rows,man0l0,110001,Shapeless Melody,main_scenario,handwritten_event_driver,seq010_onTalk,265,,EndEvent,EndEvent,,,,,Data/scripts/quests/man/man0l0.lua,,,,,,player:EndEvent();,starter lifecycle transition action
transition_action_rows,man0l0,110001,Shapeless Melody,main_scenario,handwritten_event_driver,doExitDoor,301,,EndEvent,EndEvent,,,,,Data/scripts/quests/man/man0l0.lua,,,,,,player:EndEvent();,starter lifecycle transition action
transition_action_rows,man0l0,110001,Shapeless Melody,main_scenario,handwritten_event_driver,doExitDoor,311,,AddDirector,AddDirector,,,,,Data/scripts/quests/man/man0l0.lua,,,,,,player:AddDirectorWithoutContentGroup(director);,starter lifecycle transition action
transition_action_rows,man0l0,110001,Shapeless Melody,main_scenario,handwritten_event_driver,doExitDoor,312,,StartDirector,StartDirector,,,,,Data/scripts/quests/man/man0l0.lua,,,,,,director:StartDirector(false);,starter lifecycle transition action
transition_action_rows,man0l0,110001,Shapeless Melody,main_scenario,handwritten_event_driver,doExitDoor,314,,SetLoginDirector,SetLoginDirector,,,,,Data/scripts/quests/man/man0l0.lua,,,,,,player:SetLoginDirector(director);,starter lifecycle transition action
transition_action_rows,man0l0,110001,Shapeless Melody,main_scenario,handwritten_event_driver,doExitDoor,316,,DoZoneChangeContent,DoZoneChangeContent,,,,,Data/scripts/quests/man/man0l0.lua,,,,,,"GetWorldManager():DoZoneChangeContent(player, contentArea, -4.8, 16.35, 8.1, 0.2, 16);",starter lifecycle transition action
transition_action_rows,man0l0,110001,Shapeless Melody,main_scenario,handwritten_event_driver,doExitDoor,318,,StartContentGroup,StartContentGroup,,,,,Data/scripts/quests/man/man0l0.lua,,,,,,director:StartContentGroup();,starter lifecycle transition action
transition_action_rows,man0l0,110001,Shapeless Melody,main_scenario,handwritten_event_driver,doExitDoor,319,,StartSequence,StartSequence,,,,,Data/scripts/quests/man/man0l0.lua,,,,,,quest:StartSequence(SEQ_005);,starter lifecycle transition action
transition_action_rows,man0l0,110001,Shapeless Melody,main_scenario,handwritten_event_driver,doExitDoor,320,,KickEvent,KickEvent,,,,,Data/scripts/quests/man/man0l0.lua,,,,,,"player:KickEvent(director, ""noticeEvent"", true);",starter lifecycle transition action
transition_action_rows,man0l0,110001,Shapeless Melody,main_scenario,handwritten_event_driver,doExitDoor,323,,EndEvent,EndEvent,,,,,Data/scripts/quests/man/man0l0.lua,,,,,,player:EndEvent();,starter lifecycle transition action
actor_surface_rows,man0u0,110009,Flowers for All,main_scenario,handwritten_event_driver,onStateChange,132,SEQ_000,,,,,,,Data\scripts\quests\man\man0u0.lua,ASCILIA,,,,,ASCILIA; asciliaFlag; true; asciliaCanPush,starter actor surface
actor_surface_rows,man0u0,110009,Flowers for All,main_scenario,handwritten_event_driver,onStateChange,133,SEQ_000,,,,,,,Data\scripts\quests\man\man0u0.lua,WARBURTON,,,,,WARBURTON,starter actor surface
actor_surface_rows,man0u0,110009,Flowers for All,main_scenario,handwritten_event_driver,onStateChange,134,SEQ_000,,,,,,,Data\scripts\quests\man\man0u0.lua,RURURAJI,,,,,RURURAJI,starter actor surface
actor_surface_rows,man0u0,110009,Flowers for All,main_scenario,handwritten_event_driver,onStateChange,135,SEQ_000,,,,,,,Data\scripts\quests\man\man0u0.lua,BIG_BELLIED_BARKER,,,,,BIG_BELLIED_BARKER,starter actor surface
actor_surface_rows,man0u0,110009,Flowers for All,main_scenario,handwritten_event_driver,onStateChange,136,SEQ_000,,,,,,,Data\scripts\quests\man\man0u0.lua,FRETFUL_FARMHAND,,,,,FRETFUL_FARMHAND; fretfulfarmhandFlag,starter actor surface
actor_surface_rows,man0u0,110009,Flowers for All,main_scenario,handwritten_event_driver,onStateChange,137,SEQ_000,,,,,,,Data\scripts\quests\man\man0u0.lua,DEBAUCHED_DEMONESS,,,,,DEBAUCHED_DEMONESS,starter actor surface
actor_surface_rows,man0u0,110009,Flowers for All,main_scenario,handwritten_event_driver,onStateChange,138,SEQ_000,,,,,,,Data\scripts\quests\man\man0u0.lua,DAPPER_DAN,,,,,DAPPER_DAN,starter actor surface
actor_surface_rows,man0u0,110009,Flowers for All,main_scenario,handwritten_event_driver,onStateChange,139,SEQ_000,,,,,,,Data\scripts\quests\man\man0u0.lua,LOUTISH_LAD,,,,,LOUTISH_LAD,starter actor surface
actor_surface_rows,man0u0,110009,Flowers for All,main_scenario,handwritten_event_driver,onStateChange,140,SEQ_000,,,,,,,Data\scripts\quests\man\man0u0.lua,GIL_DIGGING_MISTRESS,,,,,GIL_DIGGING_MISTRESS; gildiggingmistressFlag,starter actor surface
actor_surface_rows,man0u0,110009,Flowers for All,main_scenario,handwritten_event_driver,onStateChange,141,SEQ_000,,,,,,,Data\scripts\quests\man\man0u0.lua,TWITTERING_TOMBOY,,,,,TWITTERING_TOMBOY,starter actor surface
actor_surface_rows,man0u0,110009,Flowers for All,main_scenario,handwritten_event_driver,onStateChange,142,SEQ_000,,,,,,,Data\scripts\quests\man\man0u0.lua,STOCKY_STRANGER,,,,,STOCKY_STRANGER,starter actor surface
actor_surface_rows,man0u0,110009,Flowers for All,main_scenario,handwritten_event_driver,onStateChange,143,SEQ_000,,,,,,,Data\scripts\quests\man\man0u0.lua,EXIT_TRIGGER,,,,,EXIT_TRIGGER; exitFlag; false; true,starter actor surface
actor_surface_rows,man0u0,110009,Flowers for All,main_scenario,handwritten_event_driver,onStateChange,144,SEQ_000,,,,,,,Data\scripts\quests\man\man0u0.lua,OPENING_STOPER_ULDAH,,,,,OPENING_STOPER_ULDAH; QFLAG_NONE; false; false; true,starter actor surface
actor_surface_rows,man0u0,110009,Flowers for All,main_scenario,handwritten_event_driver,onStateChange,149,SEQ_010,,,,,,,Data\scripts\quests\man\man0u0.lua,KEEN_EYED_MERCHANT,,,,,KEEN_EYED_MERCHANT,starter actor surface
actor_surface_rows,man0u0,110009,Flowers for All,main_scenario,handwritten_event_driver,onStateChange,150,SEQ_010,,,,,,,Data\scripts\quests\man\man0u0.lua,HIGH_SPIRITED_FELLOW,,,,,HIGH_SPIRITED_FELLOW,starter actor surface
actor_surface_rows,man0u0,110009,Flowers for All,main_scenario,handwritten_event_driver,onStateChange,151,SEQ_010,,,,,,,Data\scripts\quests\man\man0u0.lua,DISREPUTABLE_MIDLANDER,,,,,DISREPUTABLE_MIDLANDER,starter actor surface
actor_surface_rows,man0u0,110009,Flowers for All,main_scenario,handwritten_event_driver,onStateChange,152,SEQ_010,,,,,,,Data\scripts\quests\man\man0u0.lua,LONG_LEGGED_LADY,,,,,LONG_LEGGED_LADY,starter actor surface
actor_surface_rows,man0u0,110009,Flowers for All,main_scenario,handwritten_event_driver,onStateChange,153,SEQ_010,,,,,,,Data\scripts\quests\man\man0u0.lua,LARGE_LUNGED_LABORER,,,,,LARGE_LUNGED_LABORER,starter actor surface
actor_surface_rows,man0u0,110009,Flowers for All,main_scenario,handwritten_event_driver,onStateChange,154,SEQ_010,,,,,,,Data\scripts\quests\man\man0u0.lua,TOOTH_GRINDING_TRAVELER,,,,,TOOTH_GRINDING_TRAVELER,starter actor surface
actor_surface_rows,man0u0,110009,Flowers for All,main_scenario,handwritten_event_driver,onStateChange,155,SEQ_010,,,,,,,Data\scripts\quests\man\man0u0.lua,FULL_LIPPED_FILLE,,,,,FULL_LIPPED_FILLE,starter actor surface
actor_surface_rows,man0u0,110009,Flowers for All,main_scenario,handwritten_event_driver,onStateChange,156,SEQ_010,,,,,,,Data\scripts\quests\man\man0u0.lua,YAYATOKI,,,,,YAYATOKI; yayatokiFlag,starter actor surface
actor_surface_rows,man0u0,110009,Flowers for All,main_scenario,handwritten_event_driver,onStateChange,157,SEQ_010,,,,,,,Data\scripts\quests\man\man0u0.lua,BLOCKER,,,,,BLOCKER; QFLAG_NONE; false; true,starter actor surface
actor_surface_rows,man0u0,110009,Flowers for All,main_scenario,handwritten_event_driver,onStateChange,158,SEQ_010,,,,,,,Data\scripts\quests\man\man0u0.lua,ULDAH_OPENING_EXIT,,,,,ULDAH_OPENING_EXIT; uldahopeningexitFlag; false; true,starter actor surface
client_dialogue_rows,man0u0,110009,Flowers for All,main_scenario,handwritten_event_driver,processEvent000_2,11,,,say,,,3,"You'll have to excuse me, but I am not taking requests for the nonce.",,,,,,,"A2_6:say(A0_4, 3, 0)",starter dialogue/text row
client_dialogue_rows,man0u0,110009,Flowers for All,main_scenario,handwritten_event_driver,processEvent000_2,11,,,say,,,4,"I happen to be thoroughly enjoying the company of these ravishing young ladies and, gods willing, will still be doing so come sunrise.",,,,,,,"A2_6:say(A0_4, 4, 0)",starter dialogue/text row
client_dialogue_rows,man0u0,110009,Flowers for All,main_scenario,handwritten_event_driver,processEvent000_4,20,,,say,,,6,Did you see the pretty lights in the sky? They're called fireworks.,,,,,,,"A2_12:say(A0_10, 6, 0)",starter dialogue/text row
client_dialogue_rows,man0u0,110009,Flowers for All,main_scenario,handwritten_event_driver,processEvent000_4,20,,,say,,,7,"I'd never seen them before. They mark the start of festival. Oh, isn't is all so [@1A(1)]wonderful[@1A(0)]!?",,,,,,,"A2_12:say(A0_10, 7, 0)",starter dialogue/text row
client_dialogue_rows,man0u0,110009,Flowers for All,main_scenario,handwritten_event_driver,processEvent000_5,26,,,say,,,10,Have you ever been to Ul'dah before? No? Neither have I.,,,,,,,"A2_15:say(A0_13, 10, 0)",starter dialogue/text row
client_dialogue_rows,man0u0,110009,Flowers for All,main_scenario,handwritten_event_driver,processEvent000_5,26,,,say,,,11,"A voice? No, I didn't hear anything. All I heard was fireworks. They're pretty, but loud.",,,,,,,"A2_15:say(A0_13, 11, 0)",starter dialogue/text row
client_dialogue_rows,man0u0,110009,Flowers for All,main_scenario,handwritten_event_driver,processEvent000_6,32,,,say,,,64,"You've come just in time for the festivities, friend.",,,,,,,"A2_18:say(A0_16, 64, 0)",starter dialogue/text row
client_dialogue_rows,man0u0,110009,Flowers for All,main_scenario,handwritten_event_driver,processEvent000_6,32,,,say,,,65,"The parade's set to begin shortly. Were I you, I'd go and find myself a decent spot to watch from.",,,,,,,"A2_18:say(A0_16, 65, 0)",starter dialogue/text row
client_dialogue_rows,man0u0,110009,Flowers for All,main_scenario,handwritten_event_driver,processEvent000_6_2,38,,,say,,,120,"Sorry, friend, off limits. They're still making ready for the parade. Wait just a bit longer.",,,,,,,"A2_21:say(A0_19, 120, 0)",starter dialogue/text row
client_dialogue_rows,man0u0,110009,Flowers for All,main_scenario,handwritten_event_driver,processEvent000_7,43,,,say,,,66,I heard the parade goes straight down the main road. But where the hells is that? Straight ahead? Back the other way? Bugger me...,,,,,,,"A2_24:say(A0_22, 66, 0)",starter dialogue/text row
client_dialogue_rows,man0u0,110009,Flowers for All,main_scenario,handwritten_event_driver,processEvent000_8,48,,,say,,,67,"Surely you didn't come all this way to watch the festivities alone, love. Perhaps we could enjoy some festivities of our own?",,,,,,,"A2_27:say(A0_25, 67, 0)",starter dialogue/text row
client_dialogue_rows,man0u0,110009,Flowers for All,main_scenario,handwritten_event_driver,processEvent000_8,48,,,say,,,68,"I'd be happy to take your arm, and more, for a time. You deserve a [@1A(1)]proper[@1A(0)] welcome to Ul'dah, [@IF($E9(4),fair lady that you are. I can please you as well as any man,handsome lad that you are)]. Though, from the looks of it, you don't have the coin. A shame, that.",,,,,,,"A2_27:say(A0_25, 68, 0)",starter dialogue/text row
client_dialogue_rows,man0u0,110009,Flowers for All,main_scenario,handwritten_event_driver,processEvent000_9,54,,,say,,,69,"Your timing is near perfect, whether you intended it or not. The parade will begin in mere moments.",,,,,,,"A2_30:say(A0_28, 69, 0)",starter dialogue/text row
client_dialogue_rows,man0u0,110009,Flowers for All,main_scenario,handwritten_event_driver,processEvent000_9,54,,,say,,,70,They say the main attraction is the giant beast they've brought to fight on the bloodsands of the Coliseum. To hells with that! I've only got eyes for those young lovelies dancing about up top.,,,,,,,"A2_30:say(A0_28, 70, 0)",starter dialogue/text row
client_dialogue_rows,man0u0,110009,Flowers for All,main_scenario,handwritten_event_driver,processEvent000_10,60,,,say,,,71,"I've come to the big city to live the Ul'dahn dream, I have. Got a mind to send me ma back home a small fortune.",,,,,,,"A2_33:say(A0_31, 71, 0)",starter dialogue/text row
client_dialogue_rows,man0u0,110009,Flowers for All,main_scenario,handwritten_event_driver,processEvent000_11,65,,,say,,,72,"A piece of advice, dear, as I can see you are not from around here.",,,,,,,"A2_36:say(A0_34, 72, 0)",starter dialogue/text row
client_dialogue_rows,man0u0,110009,Flowers for All,main_scenario,handwritten_event_driver,processEvent000_11,65,,,say,,,73,Do try not to appear so easy a target. Keep your nose buried in that map of yours too long and the sharks of Ul'dah will have stripped you naked as your nameday before you know it.,,,,,,,"A2_36:say(A0_34, 73, 0)",starter dialogue/text row
client_dialogue_rows,man0u0,110009,Flowers for All,main_scenario,handwritten_event_driver,processEvent000_12,71,,,say,,,74,"Look here, I purchased a platinum ticket. I'm finally going to see Greinfarr the Great on the bloodsands!",,,,,,,"A2_39:say(A0_37, 74, 0)",starter dialogue/text row
client_dialogue_rows,man0u0,110009,Flowers for All,main_scenario,handwritten_event_driver,processEvent000_13,76,,,say,,,75,"Best put any thought of leaving aside for now, friend. Parade's just about underway. That coach of yours was the day's last, in or out.",,,,,,,"A2_42:say(A0_40, 75, 0)",starter dialogue/text row
client_dialogue_rows,man0u0,110009,Flowers for All,main_scenario,handwritten_event_driver,processEvent000_14,81,,,say,,,121,"Sorry, but this area is off limits until the parade is over. They must be planning something [@1A(1)]amazing[@1A(0)]. I'm so excited, I can hardly keep from wetting myself!",,,,,,,"A2_45:say(A0_43, 121, 0)",starter dialogue/text row
client_dialogue_rows,man0u0,110009,Flowers for All,main_scenario,handwritten_event_driver,processEvent000_14,81,,,say,,,122,But I'm forbidden to leave my post until all is over. Gods grant me the strength of bladder to last that long!,,,,,,,"A2_45:say(A0_43, 122, 0)",starter dialogue/text row
client_dialogue_rows,man0u0,110009,Flowers for All,main_scenario,handwritten_event_driver,processEvent020_2,157,,,say,,,76,"That's [@SWITCH([@SHEET(itemData,11000089,41)],[@COLOR(#fff3f3f3)],[@COLOR(#ffc0ffa0)],[@COLOR(#ff60c8ff)],[@COLOR(#ffb38cff)],[@COLOR(#ffffa666)],[@COLOR(#ffe5dd7e)])][@EDGECOLOR(#ff262626)][@SHEETEN(xtx/itemName,1,11000089,1,1)][@EDGECOLOR($EC)][@COLOR($EC)] you've got there. Bloody expensive thing. How'd you come by it? Rifled it from a corpse, you say? Hehehe, you're going to be just fine here in Ul'dah, I think.",,,,,,,"A2_60:say(A0_58, 76, 0)",starter dialogue/text row
client_dialogue_rows,man0u0,110009,Flowers for All,main_scenario,handwritten_event_driver,processEvent020_3,163,,,say,,,77,Now that was quite the sight to behold!,,,,,,,"A2_63:say(A0_61, 77, 0)",starter dialogue/text row
client_dialogue_rows,man0u0,110009,Flowers for All,main_scenario,handwritten_event_driver,processEvent020_3,163,,,say,,,78,"The dancers, [@IF($E9(4),woman,man)], the [@1A(1)]dancers[@1A(0)]! Mine own daughter was among them─and a deal more beautiful than the rest. I'll have the tongue of any who says otherwise.",,,,,,,"A2_63:say(A0_61, 78, 0)",starter dialogue/text row
client_dialogue_rows,man0u0,110009,Flowers for All,main_scenario,handwritten_event_driver,processEvent020_4,169,,,say,,,79,"Ain't no sayin' what'll come to pass in Ul'dah. Aye, any who tells you different is playin' you false.",,,,,,,"A2_66:say(A0_64, 79, 0)",starter dialogue/text row
client_dialogue_rows,man0u0,110009,Flowers for All,main_scenario,handwritten_event_driver,processEvent020_4,169,,,say,,,80,"An' festivals ain't no different. I seen more fistfights an' floggin's than I can count. Hells, even saw an entire family trampled underfoot once.",,,,,,,"A2_66:say(A0_64, 80, 0)",starter dialogue/text row
client_dialogue_rows,man0u0,110009,Flowers for All,main_scenario,handwritten_event_driver,processEvent020_5,176,,,say,,,81,I've never seen such a fearsome creature! And all those teeth! To think the gladiators of the Coliseum would willingly fight [@1A(1)]that[@1A(0)].,,,,,,,"A2_69:say(A0_67, 81, 0)",starter dialogue/text row
client_dialogue_rows,man0u0,110009,Flowers for All,main_scenario,handwritten_event_driver,processEvent020_5,176,,,say,,,82,"Oh, wipe that blank expression off your face. You really must try to look like less of a bumpkin. I daresay it's not the last rampant beast you'll see in the big city. These things [@1A(1)]do[@1A(0)] happen.",,,,,,,"A2_69:say(A0_67, 82, 0)",starter dialogue/text row
client_dialogue_rows,man0u0,110009,Flowers for All,main_scenario,handwritten_event_driver,processEvent020_6,183,,,say,,,83,I thought the fireworks explosions at first. I am sure I was not alone─an Ul'dahn festival simply isn't a festival without [@1A(1)]some[@1A(0)] sort of tragedy.,,,,,,,"A2_72:say(A0_70, 83, 0)",starter dialogue/text row
client_dialogue_rows,man0u0,110009,Flowers for All,main_scenario,handwritten_event_driver,processEvent020_7,189,,,say,,,84,"Hahaha, quite a bit of excitement, no? Not like to be a kerfuffle such as that without some fools losing their lives.",,,,,,,"A2_75:say(A0_73, 84, 0)",starter dialogue/text row
client_dialogue_rows,man0u0,110009,Flowers for All,main_scenario,handwritten_event_driver,processEvent020_7,189,,,say,,,85,"They've no need for grief, though. Those who die at festivals are greeted by Nald'thal as friends.",,,,,,,"A2_75:say(A0_73, 85, 0)",starter dialogue/text row
client_dialogue_rows,man0u0,110009,Flowers for All,main_scenario,handwritten_event_driver,processTtrMini001,566,,,say,,,10,Have you ever been to Ul'dah before? No? Neither have I.,,,,,,,"A2_137:say(A0_135, 10, 0)",starter dialogue/text row
client_dialogue_rows,man0u0,110009,Flowers for All,main_scenario,handwritten_event_driver,processTtrMini001,566,,,say,,,11,"A voice? No, I didn't hear anything. All I heard was fireworks. They're pretty, but loud.",,,,,,,"A2_137:say(A0_135, 11, 0)",starter dialogue/text row
client_dialogue_rows,man0u0,110009,Flowers for All,main_scenario,handwritten_event_driver,processTtrMini002,573,,,say,,,66,I heard the parade goes straight down the main road. But where the hells is that? Straight ahead? Back the other way? Bugger me...,,,,,,,"A2_140:say(A0_138, 66, 0)",starter dialogue/text row
client_dialogue_rows,man0u0,110009,Flowers for All,main_scenario,handwritten_event_driver,processTtrMini002_first,579,,,say,,,131,"You heard a voice, eh? Hells, I hear lots of voices. It's called [@1A(1)]people talking[@1A(0)]. Bloody fool...",,,,,,,"A2_143:say(A0_141, 131, 0)",starter dialogue/text row
client_dialogue_rows,man0u0,110009,Flowers for All,main_scenario,handwritten_event_driver,processTtrMini003,585,,,say,,,72,"A piece of advice, dear, as I can see you are not from around here.",,,,,,,"A2_146:say(A0_144, 72, 0)",starter dialogue/text row
client_dialogue_rows,man0u0,110009,Flowers for All,main_scenario,handwritten_event_driver,processTtrMini003,585,,,say,,,73,Do try not to appear so easy a target. Keep your nose buried in that map of yours too long and the sharks of Ul'dah will have stripped you naked as your nameday before you know it.,,,,,,,"A2_146:say(A0_144, 73, 0)",starter dialogue/text row
client_dialogue_rows,man0u0,110009,Flowers for All,main_scenario,handwritten_event_driver,processTtrMini003_first,592,,,say,,,132,"A strange voice? Maybe I heard it, and maybe I didn't. Who's asking and what are you offering?",,,,,,,"A2_149:say(A0_147, 132, 0)",starter dialogue/text row
client_dialogue_rows,man0u0,110009,Flowers for All,main_scenario,handwritten_event_driver,processTtrMini003_first,592,,,say,,,133,"Well, excuse my language then, dear, but bugger off. If there's no gil in it, then there's no [@1A(1)]me[@1A(0)] in it.",,,,,,,"A2_149:say(A0_147, 133, 0)",starter dialogue/text row
client_dialogue_rows,man0u0,110009,Flowers for All,main_scenario,handwritten_event_driver,processEtc001,1287,,,say,,,124,Count yourself lucky. This is him in a [@1A(1)]good[@1A(0)] mood. Best move along before he turns foul.,,,,,,,"A2_237:say(A0_235, 124, 0)",starter dialogue/text row
client_dialogue_rows,man0u0,110009,Flowers for All,main_scenario,handwritten_event_driver,processEtc002,1293,,,say,,,125,"Sorry, friend, you're not quite ready for what lies beyond here. Go and show yourself to Momodi at the Quicksand. She'll set you on your way.",,,,,,,"A2_240:say(A0_238, 125, 0)",starter dialogue/text row
client_dialogue_rows,man0u0,110009,Flowers for All,main_scenario,handwritten_event_driver,processEtc003,1299,,,say,,,123,"An adventurer, is it? Beggar of the realm, more like. Sod off. Only them as have coin can pass.",,,,,,,"A2_243:say(A0_241, 123, 0)",starter dialogue/text row
client_method_body_extracts,man0u0,110009,Flowers for All,main_scenario,handwritten_event_driver,initText,3,,,,,,,,tools/outputs/lpb/decomp_more_20260617/lua/quest/scenario/man/man0u0.lua,,,,,,"function Man0u0.initText(A0_0) | A0_0:_loadTextDataPermanently(1351, ""man0u0"") | end",starter client method body extract
client_method_body_extracts,man0u0,110009,Flowers for All,main_scenario,handwritten_event_driver,processEvent000,6,,,,MAN0U000,,,,tools/outputs/lpb/decomp_more_20260617/lua/quest/scenario/man/man0u0.lua,,,,,,"function Man0u0.processEvent000(A0_1, A1_2, A2_3) | A0_1:startFadeOutCutSceneDefault(A1_2) | A0_1:startHQCutScene(""MAN0U000"", 1) | A0_1:startFadeInCutSceneDefault(A1_2) | end",starter client method body extract
client_method_body_extracts,man0u0,110009,Flowers for All,main_scenario,handwritten_event_driver,processEvent000_2,11,,,,,,,,tools/outputs/lpb/decomp_more_20260617/lua/quest/scenario/man/man0u0.lua,,,,,,"function Man0u0.processEvent000_2(A0_4, A1_5, A2_6) | A2_6:startCliantTalkTurn(2, A1_5) | A2_6:say(A0_4, 3, 0) | A2_6:say(A0_4, 4, 0) | A2_6:finishCliantTalkTurn() | end",starter client method body extract
client_method_body_extracts,man0u0,110009,Flowers for All,main_scenario,handwritten_event_driver,processEvent000_3,17,,,,,,,,tools/outputs/lpb/decomp_more_20260617/lua/quest/scenario/man/man0u0.lua,,,,,,"function Man0u0.processEvent000_3(A0_7, A1_8, A2_9) | _getTutorialJudge():man0u0processEvent000_3(A0_7, A1_8, A2_9) | end",starter client method body extract
client_method_body_extracts,man0u0,110009,Flowers for All,main_scenario,handwritten_event_driver,processEvent000_4,20,,,,,,,,tools/outputs/lpb/decomp_more_20260617/lua/quest/scenario/man/man0u0.lua,,,,,,"function Man0u0.processEvent000_4(A0_10, A1_11, A2_12) | A2_12:startCliantTalkTurn(2, A1_11) | A2_12:say(A0_10, 6, 0) | A2_12:say(A0_10, 7, 0) | A2_12:finishCliantTalkTurn() | end",starter client method body extract
client_method_body_extracts,man0u0,110009,Flowers for All,main_scenario,handwritten_event_driver,processEvent000_5,26,,,,,,,,tools/outputs/lpb/decomp_more_20260617/lua/quest/scenario/man/man0u0.lua,,,,,,"function Man0u0.processEvent000_5(A0_13, A1_14, A2_15) | A2_15:startCliantTalkTurn(2, A1_14) | A2_15:say(A0_13, 10, 0) | A2_15:say(A0_13, 11, 0) | A2_15:finishCliantTalkTurn() | end",starter client method body extract
client_method_body_extracts,man0u0,110009,Flowers for All,main_scenario,handwritten_event_driver,processEvent000_6,32,,,,,,,,tools/outputs/lpb/decomp_more_20260617/lua/quest/scenario/man/man0u0.lua,,,,,,"function Man0u0.processEvent000_6(A0_16, A1_17, A2_18) | A2_18:startCliantTalkTurn(2, A1_17) | A2_18:say(A0_16, 64, 0) | A2_18:say(A0_16, 65, 0) | A2_18:finishCliantTalkTurn() | end",starter client method body extract
client_method_body_extracts,man0u0,110009,Flowers for All,main_scenario,handwritten_event_driver,processEvent000_6_2,38,,,,,,,,tools/outputs/lpb/decomp_more_20260617/lua/quest/scenario/man/man0u0.lua,,,,,,"function Man0u0.processEvent000_6_2(A0_19, A1_20, A2_21) | A2_21:startCliantTalkTurn(2, A1_20) | A2_21:say(A0_19, 120, 0) | A2_21:finishCliantTalkTurn() | end",starter client method body extract
client_method_body_extracts,man0u0,110009,Flowers for All,main_scenario,handwritten_event_driver,processEvent000_7,43,,,,,,,,tools/outputs/lpb/decomp_more_20260617/lua/quest/scenario/man/man0u0.lua,,,,,,"function Man0u0.processEvent000_7(A0_22, A1_23, A2_24) | A2_24:startCliantTalkTurn(2, A1_23) | A2_24:say(A0_22, 66, 0) | A2_24:finishCliantTalkTurn() | end",starter client method body extract
client_method_body_extracts,man0u0,110009,Flowers for All,main_scenario,handwritten_event_driver,processEvent000_8,48,,,,,,,,tools/outputs/lpb/decomp_more_20260617/lua/quest/scenario/man/man0u0.lua,,,,,,"function Man0u0.processEvent000_8(A0_25, A1_26, A2_27) | A2_27:startCliantTalkTurn(2, A1_26) | A2_27:say(A0_25, 67, 0) | A2_27:say(A0_25, 68, 0) | A2_27:finishCliantTalkTurn() | end",starter client method body extract
client_method_body_extracts,man0u0,110009,Flowers for All,main_scenario,handwritten_event_driver,processEvent000_9,54,,,,,,,,tools/outputs/lpb/decomp_more_20260617/lua/quest/scenario/man/man0u0.lua,,,,,,"function Man0u0.processEvent000_9(A0_28, A1_29, A2_30) | A2_30:startCliantTalkTurn(2, A1_29) | A2_30:say(A0_28, 69, 0) | A2_30:say(A0_28, 70, 0) | A2_30:finishCliantTalkTurn() | end",starter client method body extract
client_method_body_extracts,man0u0,110009,Flowers for All,main_scenario,handwritten_event_driver,processEvent000_10,60,,,,,,,,tools/outputs/lpb/decomp_more_20260617/lua/quest/scenario/man/man0u0.lua,,,,,,"function Man0u0.processEvent000_10(A0_31, A1_32, A2_33) | A2_33:startCliantTalkTurn(2, A1_32) | A2_33:say(A0_31, 71, 0) | A2_33:finishCliantTalkTurn() | end",starter client method body extract
client_method_body_extracts,man0u0,110009,Flowers for All,main_scenario,handwritten_event_driver,processEvent000_11,65,,,,,,,,tools/outputs/lpb/decomp_more_20260617/lua/quest/scenario/man/man0u0.lua,,,,,,"function Man0u0.processEvent000_11(A0_34, A1_35, A2_36) | A2_36:startCliantTalkTurn(2, A1_35) | A2_36:say(A0_34, 72, 0) | A2_36:say(A0_34, 73, 0) | A2_36:finishCliantTalkTurn() | end",starter client method body extract
client_method_body_extracts,man0u0,110009,Flowers for All,main_scenario,handwritten_event_driver,processEvent000_12,71,,,,,,,,tools/outputs/lpb/decomp_more_20260617/lua/quest/scenario/man/man0u0.lua,,,,,,"function Man0u0.processEvent000_12(A0_37, A1_38, A2_39) | A2_39:startCliantTalkTurn(2, A1_38) | A2_39:say(A0_37, 74, 0) | A2_39:finishCliantTalkTurn() | end",starter client method body extract
client_method_body_extracts,man0u0,110009,Flowers for All,main_scenario,handwritten_event_driver,processEvent000_13,76,,,,,,,,tools/outputs/lpb/decomp_more_20260617/lua/quest/scenario/man/man0u0.lua,,,,,,"function Man0u0.processEvent000_13(A0_40, A1_41, A2_42) | A2_42:startCliantTalkTurn(2, A1_41) | A2_42:say(A0_40, 75, 0) | A2_42:finishCliantTalkTurn() | end",starter client method body extract
client_method_body_extracts,man0u0,110009,Flowers for All,main_scenario,handwritten_event_driver,processEvent000_14,81,,,,,,,,tools/outputs/lpb/decomp_more_20260617/lua/quest/scenario/man/man0u0.lua,,,,,,"function Man0u0.processEvent000_14(A0_43, A1_44, A2_45) | A2_45:startCliantTalkTurn(2, A1_44) | A2_45:say(A0_43, 121, 0) | A2_45:_runCharaScheduler(354086912) | A2_45:say(A0_43, 122, 0) | A2_45:finishCliantTalkTurn() | end",starter client method body extract
client_method_body_extracts,man0u0,110009,Flowers for All,main_scenario,handwritten_event_driver,processEvent010,88,,,,,,,,tools/outputs/lpb/decomp_more_20260617/lua/quest/scenario/man/man0u0.lua,,,,,,"function Man0u0.processEvent010(A0_46, A1_47, A2_48) | desktopWidget:cancelDesktopWidgetMode(16) | desktopWidget:closeTutorialWidget() | desktopWidget:orderDesktopWidgetMode(16) | end",starter client method body extract
client_method_body_extracts,man0u0,110009,Flowers for All,main_scenario,handwritten_event_driver,processEvent020,93,,,,,,,,tools/outputs/lpb/decomp_more_20260617/lua/quest/scenario/man/man0u0.lua,,,,,,"function Man0u0.processEvent020(A0_49, A1_50, A2_51) | local L3_52, L4_53, L5_54, L6_55, L7_56, L8_57 | L4_53 = A0_49 | L3_52 = A0_49.setMusic | L5_54 = A1_50 | L6_55 = 7 | L7_56 = 2 | L3_52(L4_53, L5_54, L6_55, L7_56) | L4_53 = A0_49 | L3_52 = A0_49.startFadeOutCutSceneDefault | L5_54 = A1_50 | L3_52(L4_53, L5_54) | L4_53 = A0_49 | L3_52 = A0_49.startHQCutScene | L5_54 = ""MAN0U020"" | L6_55 = 1 | L3_52(L4_53, L5_54, L6_55) | L3_52 = desktopWidget | L4_53 = L3_52 | L3_52 = L3_52.openPublicInformDialogWidget | L5_54 = worldMaster | L6_55 = 25117 | L7_56 = 11000089 | L8_57 = 1 | L3_52(L4_53, L5_54, L6_55, L7_56, L8_57) | L3_52 = worldMaster | L4_53 = L3_52 | L3_52 = L3_52.notify",starter client method body extract
client_method_body_extracts,man0u0,110009,Flowers for All,main_scenario,handwritten_event_driver,processEvent020_2,157,,,,,,,,tools/outputs/lpb/decomp_more_20260617/lua/quest/scenario/man/man0u0.lua,,,,,,"function Man0u0.processEvent020_2(A0_58, A1_59, A2_60) | A2_60:startCliantTalkTurn(2, A1_59) | A2_60:_runCharaScheduler(67727360) | A2_60:say(A0_58, 76, 0) | A2_60:finishCliantTalkTurn() | end",starter client method body extract
client_method_body_extracts,man0u0,110009,Flowers for All,main_scenario,handwritten_event_driver,processEvent020_3,163,,,,,,,,tools/outputs/lpb/decomp_more_20260617/lua/quest/scenario/man/man0u0.lua,,,,,,"function Man0u0.processEvent020_3(A0_61, A1_62, A2_63) | A2_63:startCliantTalkTurn(2, A1_62) | A2_63:say(A0_61, 77, 0) | A2_63:say(A0_61, 78, 0) | A2_63:finishCliantTalkTurn() | end",starter client method body extract
client_method_body_extracts,man0u0,110009,Flowers for All,main_scenario,handwritten_event_driver,processEvent020_4,169,,,,,,,,tools/outputs/lpb/decomp_more_20260617/lua/quest/scenario/man/man0u0.lua,,,,,,"function Man0u0.processEvent020_4(A0_64, A1_65, A2_66) | A2_66:startCliantTalkTurn(2, A1_65) | A2_66:say(A0_64, 79, 0) | A2_66:_runCharaScheduler(354082816) | A2_66:say(A0_64, 80, 0) | A2_66:finishCliantTalkTurn() | end",starter client method body extract
client_method_body_extracts,man0u0,110009,Flowers for All,main_scenario,handwritten_event_driver,processEvent020_5,176,,,,,,,,tools/outputs/lpb/decomp_more_20260617/lua/quest/scenario/man/man0u0.lua,,,,,,"function Man0u0.processEvent020_5(A0_67, A1_68, A2_69) | A2_69:startCliantTalkTurn(2, A1_68) | A2_69:_runCharaScheduler(353968128) | A2_69:say(A0_67, 81, 0) | A2_69:say(A0_67, 82, 0) | A2_69:finishCliantTalkTurn() | end",starter client method body extract
client_method_body_extracts,man0u0,110009,Flowers for All,main_scenario,handwritten_event_driver,processEvent020_6,183,,,,,,,,tools/outputs/lpb/decomp_more_20260617/lua/quest/scenario/man/man0u0.lua,,,,,,"function Man0u0.processEvent020_6(A0_70, A1_71, A2_72) | A2_72:startCliantTalkTurn(2, A1_71) | A2_72:_runCharaScheduler(67887104) | A2_72:say(A0_70, 83, 0) | A2_72:finishCliantTalkTurn() | end",starter client method body extract
client_method_body_extracts,man0u0,110009,Flowers for All,main_scenario,handwritten_event_driver,processEvent020_7,189,,,,,,,,tools/outputs/lpb/decomp_more_20260617/lua/quest/scenario/man/man0u0.lua,,,,,,"function Man0u0.processEvent020_7(A0_73, A1_74, A2_75) | A2_75:startCliantTalkTurn(2, A1_74) | A2_75:say(A0_73, 84, 0) | A2_75:say(A0_73, 85, 0) | A2_75:finishCliantTalkTurn() | end",starter client method body extract
client_method_body_extracts,man0u0,110009,Flowers for All,main_scenario,handwritten_event_driver,processEvent020_8,195,,,,,,,,tools/outputs/lpb/decomp_more_20260617/lua/quest/scenario/man/man0u0.lua,,,,,,"function Man0u0.processEvent020_8(A0_76, A1_77, A2_78) | return (_getTutorialJudge():man0u0processEvent020_8(A0_76, A1_77, A2_78)) | end",starter client method body extract
client_method_body_extracts,man0u0,110009,Flowers for All,main_scenario,handwritten_event_driver,processTtrNomal001withHQ,198,,,,MAN0U000,,,,tools/outputs/lpb/decomp_more_20260617/lua/quest/scenario/man/man0u0.lua,,,,,,"function Man0u0.processTtrNomal001withHQ(A0_79, A1_80, A2_81) | local L3_82, L4_83, L5_84, L6_85, L7_86, L8_87, L9_88, L10_89, L11_90 | L5_84 = A1_80 | L4_83 = A1_80._lockCameraControl | L4_83(L5_84) | L4_83 = desktopWidget | L5_84 = L4_83 | L4_83 = L4_83.orderTutorialMode | L4_83(L5_84) | L4_83 = desktopWidget | L5_84 = L4_83 | L4_83 = L4_83.orderDesktopWidgetMode | L6_85 = 62 | L4_83(L5_84, L6_85) | L4_83 = true | L5_84 = true | L6_85 = true | L7_86 = true | L8_87 = true | L9_88 = 4 | L10_89 = desktopWidget | L11_90 = L10_89 | L10_89 = L10_89.setTutorialMask | L10_89(L11_90, L4_83, L5_84, L6_85, L7_86, L8_87, L9_88) | L11_90 = A1_80 | L10_89 = A1_80._fadeInNowLoadingForNoticeEventJustInArea | L10_89(L11_90) | L11_90 = A0_79",starter client method body extract
client_method_body_extracts,man0u0,110009,Flowers for All,main_scenario,handwritten_event_driver,processTtrNomal001,290,,,,,,,,tools/outputs/lpb/decomp_more_20260617/lua/quest/scenario/man/man0u0.lua,,,,,,"function Man0u0.processTtrNomal001(A0_91, A1_92, A2_93) | local L3_94, L4_95, L5_96, L6_97, L7_98, L8_99, L9_100, L10_101, L11_102 | L5_96 = A1_92 | L4_95 = A1_92._lockCameraControl | L4_95(L5_96) | L4_95 = desktopWidget | L5_96 = L4_95 | L4_95 = L4_95.isTutorialMode | L4_95 = L4_95(L5_96) | if L4_95 == false then | L4_95 = desktopWidget | L5_96 = L4_95 | L4_95 = L4_95.orderTutorialMode | L4_95(L5_96) | end | L4_95 = desktopWidget | L5_96 = L4_95 | L4_95 = L4_95.orderDesktopWidgetMode | L6_97 = 62 | L4_95(L5_96, L6_97) | L4_95 = true | L5_96 = true | L6_97 = true | L7_98 = true | L8_99 = true | L9_100 = 4 | L10_101 = desktopWidget | L11_102 = L10_101",starter client method body extract
client_method_body_extracts,man0u0,110009,Flowers for All,main_scenario,handwritten_event_driver,processTtrNomal002,387,,,,,,,,tools/outputs/lpb/decomp_more_20260617/lua/quest/scenario/man/man0u0.lua,,,,,,"function Man0u0.processTtrNomal002(A0_103, A1_104, A2_105, A3_106) | local L4_107, L5_108, L6_109, L7_110, L8_111, L9_112 | L4_107 = desktopWidget | L5_108 = L4_107 | L4_107 = L4_107.cancelDesktopWidgetMode | L6_109 = 16 | L4_107(L5_108, L6_109) | L4_107 = desktopWidget | L5_108 = L4_107 | L4_107 = L4_107.closeTutorialWidget | L4_107(L5_108) | L5_108 = A0_103 | L4_107 = A0_103._wait | L6_109 = 0.5 | L4_107(L5_108, L6_109) | L4_107 = desktopWidget | L5_108 = L4_107 | L4_107 = L4_107.openTutorialWidget | L6_109 = A3_106 | L7_110 = 3 | L4_107(L5_108, L6_109, L7_110) | L4_107 = true | L5_108 = false | L6_109 = true | L7_110 = true | L8_111 = true | L9_112 = 4 | desktopWidget:setTutorialMask(L4_107, L5_108, L6_109, L7_110, L8_111, L9_112)",starter client method body extract
client_method_body_extracts,man0u0,110009,Flowers for All,main_scenario,handwritten_event_driver,processTtrNomal003,442,,,,,,,,tools/outputs/lpb/decomp_more_20260617/lua/quest/scenario/man/man0u0.lua,,,,,,"function Man0u0.processTtrNomal003(A0_113, A1_114, A2_115, A3_116) | local L4_117, L5_118, L6_119, L7_120, L8_121, L9_122 | L4_117 = desktopWidget | L5_118 = L4_117 | L4_117 = L4_117.closeTutorialWidget | L4_117(L5_118) | L5_118 = A0_113 | L4_117 = A0_113._wait | L6_119 = 0.5 | L4_117(L5_118, L6_119) | L5_118 = A2_115 | L4_117 = A2_115._runCharaScheduler | L6_119 = 353964032 | L4_117(L5_118, L6_119) | L5_118 = A2_115 | L4_117 = A2_115.say | L6_119 = A0_113 | L7_120 = 100 | L8_121 = 0 | L4_117(L5_118, L6_119, L7_120, L8_121) | L5_118 = A2_115 | L4_117 = A2_115.say | L6_119 = A0_113 | L7_120 = 101 | L8_121 = 0 | L4_117(L5_118, L6_119, L7_120, L8_121) | L4_117 = desktopWidget | L5_118 = L4_117",starter client method body extract
client_method_body_extracts,man0u0,110009,Flowers for All,main_scenario,handwritten_event_driver,processTtrAfterBtl001,501,,,,,,,,tools/outputs/lpb/decomp_more_20260617/lua/quest/scenario/man/man0u0.lua,,,,,,"function Man0u0.processTtrAfterBtl001(A0_123, A1_124, A2_125) | local L3_126, L4_127, L5_128, L6_129, L7_130, L8_131, L9_132, L10_133, L11_134 | L3_126 = desktopWidget | L4_127 = L3_126 | L3_126 = L3_126.isTutorialMode | L3_126 = L3_126(L4_127) | if L3_126 == false then | L3_126 = desktopWidget | L4_127 = L3_126 | L3_126 = L3_126.orderTutorialMode | L3_126(L4_127) | end | L4_127 = A1_124 | L3_126 = A1_124._fadeInNowLoadingForNoticeEventJustInArea | L3_126(L4_127) | L3_126 = desktopWidget | L4_127 = L3_126 | L3_126 = L3_126.cancelDesktopWidgetMode | L5_128 = 16 | L3_126(L4_127, L5_128) | L3_126 = desktopWidget | L4_127 = L3_126 | L3_126 = L3_126.closeTutorialWidget | L3_126(L4_127) | L3_126 = nil | L4_127 = false | L5_128 = worldMaster | L6_129 = L5_128",starter client method body extract
client_method_body_extracts,man0u0,110009,Flowers for All,main_scenario,handwritten_event_driver,processTtrMini001,566,,,,,,,,tools/outputs/lpb/decomp_more_20260617/lua/quest/scenario/man/man0u0.lua,,,,,,"function Man0u0.processTtrMini001(A0_135, A1_136, A2_137) | A2_137:startCliantTalkTurn(2, A1_136) | A2_137:_runCharaScheduler(353964032) | A2_137:say(A0_135, 10, 0) | A2_137:say(A0_135, 11, 0) | A2_137:finishCliantTalkTurn() | end",starter client method body extract
client_method_body_extracts,man0u0,110009,Flowers for All,main_scenario,handwritten_event_driver,processTtrMini002,573,,,,,,,,tools/outputs/lpb/decomp_more_20260617/lua/quest/scenario/man/man0u0.lua,,,,,,"function Man0u0.processTtrMini002(A0_138, A1_139, A2_140) | A2_140:startCliantTalkTurn(2, A1_139) | A2_140:_runCharaScheduler(83992576) | A2_140:say(A0_138, 66, 0) | A2_140:finishCliantTalkTurn() | end",starter client method body extract
client_method_body_extracts,man0u0,110009,Flowers for All,main_scenario,handwritten_event_driver,processTtrMini002_first,579,,,,,,,,tools/outputs/lpb/decomp_more_20260617/lua/quest/scenario/man/man0u0.lua,,,,,,"function Man0u0.processTtrMini002_first(A0_141, A1_142, A2_143) | A2_143:startCliantTalkTurn(2, A1_142) | A2_143:_runCharaScheduler(83992576) | A2_143:say(A0_141, 131, 0) | A2_143:finishCliantTalkTurn() | end",starter client method body extract
client_method_body_extracts,man0u0,110009,Flowers for All,main_scenario,handwritten_event_driver,processTtrMini003,585,,,,,,,,tools/outputs/lpb/decomp_more_20260617/lua/quest/scenario/man/man0u0.lua,,,,,,"function Man0u0.processTtrMini003(A0_144, A1_145, A2_146) | A2_146:startCliantTalkTurn(2, A1_145) | A2_146:_runCharaScheduler(353959936) | A2_146:say(A0_144, 72, 0) | A2_146:say(A0_144, 73, 0) | A2_146:finishCliantTalkTurn() | end",starter client method body extract
client_method_body_extracts,man0u0,110009,Flowers for All,main_scenario,handwritten_event_driver,processTtrMini003_first,592,,,,,,,,tools/outputs/lpb/decomp_more_20260617/lua/quest/scenario/man/man0u0.lua,,,,,,"function Man0u0.processTtrMini003_first(A0_147, A1_148, A2_149) | A2_149:startCliantTalkTurn(2, A1_148) | A2_149:_runCharaScheduler(353959936) | A2_149:say(A0_147, 132, 0) | A2_149:say(A0_147, 133, 0) | A2_149:finishCliantTalkTurn() | end",starter client method body extract
client_method_body_extracts,man0u0,110009,Flowers for All,main_scenario,handwritten_event_driver,processTtrBlkNml001,599,,,,,,,,tools/outputs/lpb/decomp_more_20260617/lua/quest/scenario/man/man0u0.lua,,,,,,"function Man0u0.processTtrBlkNml001(A0_150, A1_151, A2_152) | if desktopWidget:isTutorialMode() == false then | desktopWidget:orderTutorialMode() | end | worldMaster:_aimCameraTutorial(4000542) | worldMaster:_lookAtPlayerTutorial(4000542) | worldMaster:_runCharaSchedulerTutorial(4000542, 353972224) | worldMaster:_runCharaSchedulerTutorial(4000542, 403087360) | A0_150:sayFreeDisplayName(4000542, A0_150, 120) | worldMaster:_cancelLookAtPlayerTutorial(4000542) | worldMaster:_cancelAimCameraTutorial(4000542) | end",starter client method body extract
client_method_body_extracts,man0u0,110009,Flowers for All,main_scenario,handwritten_event_driver,processTtrBtl001,611,,,,,,,,tools/outputs/lpb/decomp_more_20260617/lua/quest/scenario/man/man0u0.lua,,,,,,"function Man0u0.processTtrBtl001(A0_153, A1_154, A2_155, A3_156) | local L4_157, L5_158, L6_159, L7_160, L8_161, L9_162 | L4_157 = desktopWidget | L5_158 = L4_157 | L4_157 = L4_157.closeTutorialWidget | L4_157(L5_158) | L5_158 = A0_153 | L4_157 = A0_153.startHQCutScene | L6_159 = ""MAN0U010"" | L7_160 = 1 | L4_157(L5_158, L6_159, L7_160) | L5_158 = A0_153 | L4_157 = A0_153.startFadeInCutSceneDefault | L6_159 = A1_154 | L4_157(L5_158, L6_159) | L5_158 = A0_153 | L4_157 = A0_153.setMusic | L6_159 = A1_154 | L7_160 = 25 | L8_161 = 1 | L4_157(L5_158, L6_159, L7_160, L8_161) | L5_158 = A0_153 | L4_157 = A0_153._wait | L6_159 = 2 | L4_157(L5_158, L6_159) | L4_157 = worldMaster | L5_158 = L4_157 | L4_157 = L4_157._aimCameraTutorial",starter client method body extract
client_method_body_extracts,man0u0,110009,Flowers for All,main_scenario,handwritten_event_driver,processTtrBtlMagic001,690,,,,,,,,tools/outputs/lpb/decomp_more_20260617/lua/quest/scenario/man/man0u0.lua,,,,,,"function Man0u0.processTtrBtlMagic001(A0_163, A1_164, A2_165, A3_166) | local L4_167, L5_168, L6_169, L7_170, L8_171, L9_172, L10_173, L11_174, L12_175, L13_176, L14_177, L15_178 | L4_167 = desktopWidget | L5_168 = L4_167 | L4_167 = L4_167.closeTutorialWidget | L4_167(L5_168) | L4_167 = true | L5_168 = true | L6_169 = true | L7_170 = false | L8_171 = true | L9_172 = 4 | L10_173 = desktopWidget | L11_174 = L10_173 | L10_173 = L10_173.setTutorialMask | L12_175 = L4_167 | L13_176 = L5_168 | L14_177 = L6_169 | L15_178 = L7_170 | L10_173(L11_174, L12_175, L13_176, L14_177, L15_178, L8_171, L9_172) | L11_174 = A0_163 | L10_173 = A0_163.startHQCutScene | L12_175 = ""MAN0U010"" | L13_176 = 1 | L10_173(L11_174, L12_175, L13_176) | L11_174 = A0_163 | L10_173 = A0_163.startFadeInCutSceneDefault | L12_175 = A1_164",starter client method body extract
client_method_body_extracts,man0u0,110009,Flowers for All,main_scenario,handwritten_event_driver,processTtrBtl002,895,,,,,,,,tools/outputs/lpb/decomp_more_20260617/lua/quest/scenario/man/man0u0.lua,,,,,,"function Man0u0.processTtrBtl002(A0_179, A1_180, A2_181, A3_182) | local L4_183, L5_184, L6_185, L7_186, L8_187, L9_188, L10_189, L11_190, L12_191, L13_192, L14_193, L15_194, L16_195, L17_196, L18_197, L19_198, L20_199, L21_200, L22_201 | L4_183 = desktopWidget | L5_184 = L4_183 | L4_183 = L4_183.cancelDesktopWidgetMode | L6_185 = 16 | L4_183(L5_184, L6_185) | L4_183 = desktopWidget | L5_184 = L4_183 | L4_183 = L4_183.closeTutorialWidget | L4_183(L5_184) | L5_184 = A0_179 | L4_183 = A0_179._wait | L6_185 = 1 | L4_183(L5_184, L6_185) | L4_183 = desktopWidget | L5_184 = L4_183 | L4_183 = L4_183.orderDesktopWidgetMode | L6_185 = 16 | L4_183(L5_184, L6_185) | L4_183 = worldMaster | L5_184 = L4_183 | L4_183 = L4_183._aimCameraTutorial | L6_185 = 1200024 | L4_183(L5_184, L6_185) | L4_183 = worldMaster | L5_184 = L4_183 | L4_183 = L4_183._lookAtPlayerTutorial",starter client method body extract
client_method_body_extracts,man0u0,110009,Flowers for All,main_scenario,handwritten_event_driver,processTtrBtl003,1084,,,,,,,,tools/outputs/lpb/decomp_more_20260617/lua/quest/scenario/man/man0u0.lua,,,,,,"function Man0u0.processTtrBtl003(A0_202, A1_203, A2_204) | local L3_205, L4_206, L5_207, L6_208, L7_209, L8_210, L9_211, L10_212, L11_213 | L3_205 = desktopWidget | L4_206 = L3_205 | L3_205 = L3_205.cancelDesktopWidgetMode | L5_207 = 16 | L3_205(L4_206, L5_207) | L3_205 = desktopWidget | L4_206 = L3_205 | L3_205 = L3_205.closeTutorialWidget | L3_205(L4_206) | L4_206 = A0_202 | L3_205 = A0_202._wait | L5_207 = 3 | L3_205(L4_206, L5_207) | L3_205 = 1 | L5_207 = A1_203 | L4_206 = A1_203.getStateMainSkill | L4_206 = L4_206(L5_207) | L6_208 = A1_203 | L5_207 = A1_203.getSkillCategory | L7_209 = L4_206 | L5_207 = L5_207(L6_208, L7_209) | if L5_207 == 21 then | L3_205 = 3 | elseif L5_207 == 29 or L5_207 == 39 then | L3_205 = 4 | elseif L4_206 == 7 then",starter client method body extract
client_method_body_extracts,man0u0,110009,Flowers for All,main_scenario,handwritten_event_driver,processTtrBtl004,1148,,,,,,,,tools/outputs/lpb/decomp_more_20260617/lua/quest/scenario/man/man0u0.lua,,,,,,"function Man0u0.processTtrBtl004(A0_214, A1_215, A2_216) | desktopWidget:cancelDesktopWidgetMode(16) | desktopWidget:closeTutorialWidget() | desktopWidget:openTutorialSuccessWidget(4305, true) | A0_214:_wait(3) | A0_214:processInformDialogAsQuest(A0_214, 117) | desktopWidget:cancelDesktopWidgetMode(16) | desktopWidget:openTutorialWidget(2, 13) | end",starter client method body extract
client_method_body_extracts,man0u0,110009,Flowers for All,main_scenario,handwritten_event_driver,processTtrBlkNml002,1157,,,,,,,,tools/outputs/lpb/decomp_more_20260617/lua/quest/scenario/man/man0u0.lua,,,,,,"function Man0u0.processTtrBlkNml002(A0_217, A1_218, A2_219) | local L3_220, L4_221, L5_222, L6_223, L7_224, L8_225 | L3_220 = desktopWidget | L4_221 = L3_220 | L3_220 = L3_220.isTutorialMode | L3_220 = L3_220(L4_221) | if L3_220 == false then | L3_220 = desktopWidget | L4_221 = L3_220 | L3_220 = L3_220.orderTutorialMode | L3_220(L4_221) | end | L3_220 = worldMaster | L4_221 = L3_220 | L3_220 = L3_220._aimCameraTutorial | L5_222 = 4000608 | L3_220(L4_221, L5_222) | L3_220 = worldMaster | L4_221 = L3_220 | L3_220 = L3_220._lookAtPlayerTutorial | L5_222 = 4000608 | L3_220(L4_221, L5_222) | L3_220 = worldMaster | L4_221 = L3_220 | L3_220 = L3_220._lookAtPlayerTutorial | L5_222 = 4000609 | L3_220(L4_221, L5_222) | L3_220 = worldMaster",starter client method body extract
client_method_body_extracts,man0u0,110009,Flowers for All,main_scenario,handwritten_event_driver,processTtrBlkNml003,1233,,,,,,,,tools/outputs/lpb/decomp_more_20260617/lua/quest/scenario/man/man0u0.lua,,,,,,"function Man0u0.processTtrBlkNml003(A0_226, A1_227, A2_228) | local L3_229, L4_230, L5_231, L6_232, L7_233, L8_234 | L3_229 = desktopWidget | L4_230 = L3_229 | L3_229 = L3_229.isTutorialMode | L3_229 = L3_229(L4_230) | if L3_229 == false then | L3_229 = desktopWidget | L4_230 = L3_229 | L3_229 = L3_229.orderTutorialMode | L3_229(L4_230) | end | L3_229 = worldMaster | L4_230 = L3_229 | L3_229 = L3_229._aimCameraTutorial | L5_231 = 4000610 | L3_229(L4_230, L5_231) | L3_229 = worldMaster | L4_230 = L3_229 | L3_229 = L3_229._lookAtPlayerTutorial | L5_231 = 4000610 | L3_229(L4_230, L5_231) | L3_229 = worldMaster | L4_230 = L3_229 | L3_229 = L3_229._runCharaSchedulerTutorial | L5_231 = 4000610 | L6_232 = 353972224 | L3_229(L4_230, L5_231, L6_232)",starter client method body extract
client_method_body_extracts,man0u0,110009,Flowers for All,main_scenario,handwritten_event_driver,processEtc001,1287,,,,,,,,tools/outputs/lpb/decomp_more_20260617/lua/quest/scenario/man/man0u0.lua,,,,,,"function Man0u0.processEtc001(A0_235, A1_236, A2_237) | A2_237:startCliantTalkTurn(2, A1_236) | A2_237:_runCharaScheduler(353959936) | A2_237:say(A0_235, 124, 0) | A2_237:finishCliantTalkTurn() | end",starter client method body extract
client_method_body_extracts,man0u0,110009,Flowers for All,main_scenario,handwritten_event_driver,processEtc002,1293,,,,,,,,tools/outputs/lpb/decomp_more_20260617/lua/quest/scenario/man/man0u0.lua,,,,,,"function Man0u0.processEtc002(A0_238, A1_239, A2_240) | A2_240:startCliantTalkTurn(2, A1_239) | A2_240:_runCharaScheduler(353959936) | A2_240:say(A0_238, 125, 0) | A2_240:finishCliantTalkTurn() | end",starter client method body extract
client_method_body_extracts,man0u0,110009,Flowers for All,main_scenario,handwritten_event_driver,processEtc003,1299,,,,,,,,tools/outputs/lpb/decomp_more_20260617/lua/quest/scenario/man/man0u0.lua,,,,,,"function Man0u0.processEtc003(A0_241, A1_242, A2_243) | A2_243:startCliantTalkTurn(2, A1_242) | A2_243:_runCharaScheduler(353959936) | A2_243:say(A0_241, 123, 0) | A2_243:finishCliantTalkTurn() | end",starter client method body extract
client_method_body_extracts,man0u0,110009,Flowers for All,main_scenario,handwritten_event_driver,processInformDialogAsQuest,1305,,,,,,,,tools/outputs/lpb/decomp_more_20260617/lua/quest/scenario/man/man0u0.lua,,,,,,"function Man0u0.processInformDialogAsQuest(A0_244, A1_245, A2_246) | desktopWidget:openPublicInformDialogWidget(A0_244, A1_245, A2_246) | A0_244:_wait(2) | desktopWidget:getStaticWidget(8):hide() | end",starter client method body extract
client_method_summary,man0u0,110009,Flowers for All,main_scenario,handwritten_event_driver,initText,3,,,,,,,,,,,,,,,starter client method spine
client_method_summary,man0u0,110009,Flowers for All,main_scenario,handwritten_event_driver,processEvent000,6,,,,MAN0U000,,,,,,,,,,,starter client method spine
client_method_summary,man0u0,110009,Flowers for All,main_scenario,handwritten_event_driver,processEvent000_2,11,,,,,,,"You'll have to excuse me, but I am not taking requests for the nonce.",,,,,,,,starter client method spine
client_method_summary,man0u0,110009,Flowers for All,main_scenario,handwritten_event_driver,processEvent000_3,17,,,,,,,,,,,,,,,starter client method spine
client_method_summary,man0u0,110009,Flowers for All,main_scenario,handwritten_event_driver,processEvent000_4,20,,,,,,,Did you see the pretty lights in the sky? They're called fireworks.,,,,,,,,starter client method spine
client_method_summary,man0u0,110009,Flowers for All,main_scenario,handwritten_event_driver,processEvent000_5,26,,,,,,,Have you ever been to Ul'dah before? No? Neither have I.,,,,,,,,starter client method spine
client_method_summary,man0u0,110009,Flowers for All,main_scenario,handwritten_event_driver,processEvent000_6,32,,,,,,,"You've come just in time for the festivities, friend.",,,,,,,,starter client method spine
client_method_summary,man0u0,110009,Flowers for All,main_scenario,handwritten_event_driver,processEvent000_6_2,38,,,,,,,"Sorry, friend, off limits. They're still making ready for the parade. Wait just a bit longer.",,,,,,,,starter client method spine
client_method_summary,man0u0,110009,Flowers for All,main_scenario,handwritten_event_driver,processEvent000_7,43,,,,,,,I heard the parade goes straight down the main road. But where the hells is that? Straight ahead? Back the other way? Bugger me...,,,,,,,,starter client method spine
client_method_summary,man0u0,110009,Flowers for All,main_scenario,handwritten_event_driver,processEvent000_8,48,,,,,,,"Surely you didn't come all this way to watch the festivities alone, love. Perhaps we could enjoy some festivities of our own?",,,,,,,,starter client method spine
client_method_summary,man0u0,110009,Flowers for All,main_scenario,handwritten_event_driver,processEvent000_9,54,,,,,,,"Your timing is near perfect, whether you intended it or not. The parade will begin in mere moments.",,,,,,,,starter client method spine
client_method_summary,man0u0,110009,Flowers for All,main_scenario,handwritten_event_driver,processEvent000_10,60,,,,,,,"I've come to the big city to live the Ul'dahn dream, I have. Got a mind to send me ma back home a small fortune.",,,,,,,,starter client method spine
client_method_summary,man0u0,110009,Flowers for All,main_scenario,handwritten_event_driver,processEvent000_11,65,,,,,,,"A piece of advice, dear, as I can see you are not from around here.",,,,,,,,starter client method spine
client_method_summary,man0u0,110009,Flowers for All,main_scenario,handwritten_event_driver,processEvent000_12,71,,,,,,,"Look here, I purchased a platinum ticket. I'm finally going to see Greinfarr the Great on the bloodsands!",,,,,,,,starter client method spine
client_method_summary,man0u0,110009,Flowers for All,main_scenario,handwritten_event_driver,processEvent000_13,76,,,,,,,"Best put any thought of leaving aside for now, friend. Parade's just about underway. That coach of yours was the day's last, in or out.",,,,,,,,starter client method spine
client_method_summary,man0u0,110009,Flowers for All,main_scenario,handwritten_event_driver,processEvent000_14,81,,,,,,,"Sorry, but this area is off limits until the parade is over. They must be planning something [@1A(1)]amazing[@1A(0)]. I'm so excited, I can hardly keep from wetting myself!",,,,,,,,starter client method spine
client_method_summary,man0u0,110009,Flowers for All,main_scenario,handwritten_event_driver,processEvent010,88,,,,,,,,,,,,,,,starter client method spine
client_method_summary,man0u0,110009,Flowers for All,main_scenario,handwritten_event_driver,processEvent020,93,,,,,,,,,,,,,,,starter client method spine
client_method_summary,man0u0,110009,Flowers for All,main_scenario,handwritten_event_driver,processEvent020_2,157,,,,,,,"That's [@SWITCH([@SHEET(itemData,11000089,41)],[@COLOR(#fff3f3f3)],[@COLOR(#ffc0ffa0)],[@COLOR(#ff60c8ff)],[@COLOR(#ffb38cff)],[@COLOR(#ffffa666)],[@COLOR(#ffe5dd7e)])][@EDGECOLOR(#ff262626)][@SHEETEN(xtx/itemName,1,11000089,1,1)][@EDGECOLOR($EC)][@COLOR($E...",,,,,,,,starter client method spine
client_method_summary,man0u0,110009,Flowers for All,main_scenario,handwritten_event_driver,processEvent020_3,163,,,,,,,Now that was quite the sight to behold!,,,,,,,,starter client method spine
client_method_summary,man0u0,110009,Flowers for All,main_scenario,handwritten_event_driver,processEvent020_4,169,,,,,,,"Ain't no sayin' what'll come to pass in Ul'dah. Aye, any who tells you different is playin' you false.",,,,,,,,starter client method spine
client_method_summary,man0u0,110009,Flowers for All,main_scenario,handwritten_event_driver,processEvent020_5,176,,,,,,,I've never seen such a fearsome creature! And all those teeth! To think the gladiators of the Coliseum would willingly fight [@1A(1)]that[@1A(0)].,,,,,,,,starter client method spine
client_method_summary,man0u0,110009,Flowers for All,main_scenario,handwritten_event_driver,processEvent020_6,183,,,,,,,I thought the fireworks explosions at first. I am sure I was not alone─an Ul'dahn festival simply isn't a festival without [@1A(1)]some[@1A(0)] sort of tragedy.,,,,,,,,starter client method spine
client_method_summary,man0u0,110009,Flowers for All,main_scenario,handwritten_event_driver,processEvent020_7,189,,,,,,,"Hahaha, quite a bit of excitement, no? Not like to be a kerfuffle such as that without some fools losing their lives.",,,,,,,,starter client method spine
client_method_summary,man0u0,110009,Flowers for All,main_scenario,handwritten_event_driver,processEvent020_8,195,,,,,,,,,,,,,,,starter client method spine
client_method_summary,man0u0,110009,Flowers for All,main_scenario,handwritten_event_driver,processTtrNomal001withHQ,198,,,,MAN0U000;man0u005,,,,,,,,,,,starter client method spine
client_method_summary,man0u0,110009,Flowers for All,main_scenario,handwritten_event_driver,processTtrNomal001,290,,,,man0u005,,,,,,,,,,,starter client method spine
client_method_summary,man0u0,110009,Flowers for All,main_scenario,handwritten_event_driver,processTtrNomal002,387,,,,,,,,,,,,,,,starter client method spine
client_method_summary,man0u0,110009,Flowers for All,main_scenario,handwritten_event_driver,processTtrNomal003,442,,,,,,,,,,,,,,,starter client method spine
client_method_summary,man0u0,110009,Flowers for All,main_scenario,handwritten_event_driver,processTtrAfterBtl001,501,,,,,,,,,,,,,,,starter client method spine
client_method_summary,man0u0,110009,Flowers for All,main_scenario,handwritten_event_driver,processTtrMini001,566,,,,,,,Have you ever been to Ul'dah before? No? Neither have I.,,,,,,,,starter client method spine
client_method_summary,man0u0,110009,Flowers for All,main_scenario,handwritten_event_driver,processTtrMini002,573,,,,,,,I heard the parade goes straight down the main road. But where the hells is that? Straight ahead? Back the other way? Bugger me...,,,,,,,,starter client method spine
client_method_summary,man0u0,110009,Flowers for All,main_scenario,handwritten_event_driver,processTtrMini002_first,579,,,,,,,"You heard a voice, eh? Hells, I hear lots of voices. It's called [@1A(1)]people talking[@1A(0)]. Bloody fool...",,,,,,,,starter client method spine
client_method_summary,man0u0,110009,Flowers for All,main_scenario,handwritten_event_driver,processTtrMini003,585,,,,,,,"A piece of advice, dear, as I can see you are not from around here.",,,,,,,,starter client method spine
client_method_summary,man0u0,110009,Flowers for All,main_scenario,handwritten_event_driver,processTtrMini003_first,592,,,,,,,"A strange voice? Maybe I heard it, and maybe I didn't. Who's asking and what are you offering?",,,,,,,,starter client method spine
client_method_summary,man0u0,110009,Flowers for All,main_scenario,handwritten_event_driver,processTtrBlkNml001,599,,,,,,,,,,,,,,,starter client method spine
client_method_summary,man0u0,110009,Flowers for All,main_scenario,handwritten_event_driver,processTtrBtl001,611,,,,,,,,,,,,,,,starter client method spine
client_method_summary,man0u0,110009,Flowers for All,main_scenario,handwritten_event_driver,processTtrBtlMagic001,690,,,,,,,,,,,,,,,starter client method spine
client_method_summary,man0u0,110009,Flowers for All,main_scenario,handwritten_event_driver,processTtrBtl002,895,,,,,,,,,,,,,,,starter client method spine
client_method_summary,man0u0,110009,Flowers for All,main_scenario,handwritten_event_driver,processTtrBtl003,1084,,,,,,,,,,,,,,,starter client method spine
client_method_summary,man0u0,110009,Flowers for All,main_scenario,handwritten_event_driver,processTtrBtl004,1148,,,,,,,,,,,,,,,starter client method spine
client_method_summary,man0u0,110009,Flowers for All,main_scenario,handwritten_event_driver,processTtrBlkNml002,1157,,,,,,,,,,,,,,,starter client method spine
client_method_summary,man0u0,110009,Flowers for All,main_scenario,handwritten_event_driver,processTtrBlkNml003,1233,,,,,,,,,,,,,,,starter client method spine
client_method_summary,man0u0,110009,Flowers for All,main_scenario,handwritten_event_driver,processEtc001,1287,,,,,,,Count yourself lucky. This is him in a [@1A(1)]good[@1A(0)] mood. Best move along before he turns foul.,,,,,,,,starter client method spine
client_method_summary,man0u0,110009,Flowers for All,main_scenario,handwritten_event_driver,processEtc002,1293,,,,,,,"Sorry, friend, you're not quite ready for what lies beyond here. Go and show yourself to Momodi at the Quicksand. She'll set you on your way.",,,,,,,,starter client method spine
client_method_summary,man0u0,110009,Flowers for All,main_scenario,handwritten_event_driver,processEtc003,1299,,,,,,,"An adventurer, is it? Beggar of the realm, more like. Sod off. Only them as have coin can pass.",,,,,,,,starter client method spine
client_method_summary,man0u0,110009,Flowers for All,main_scenario,handwritten_event_driver,processInformDialogAsQuest,1305,,,,,,,,,,,,,,,starter client method spine
client_signal_rows,man0u0,110009,Flowers for All,main_scenario,handwritten_event_driver,processEvent000,7,1,fade,startFadeOutCutSceneDefault,,,,,,,,,,,A0_1:startFadeOutCutSceneDefault(A1_2),starter client signal/cutscene step
client_signal_rows,man0u0,110009,Flowers for All,main_scenario,handwritten_event_driver,processEvent000,8,2,cutscene,startHQCutScene,MAN0U000,,,,,,,,,,"A0_1:startHQCutScene(""MAN0U000"", 1)",starter client signal/cutscene step
client_signal_rows,man0u0,110009,Flowers for All,main_scenario,handwritten_event_driver,processEvent000,9,3,fade,startFadeInCutSceneDefault,,,,,,,,,,,A0_1:startFadeInCutSceneDefault(A1_2),starter client signal/cutscene step
client_signal_rows,man0u0,110009,Flowers for All,main_scenario,handwritten_event_driver,processEvent000_2,13,1,dialogue,say,,,3,"You'll have to excuse me, but I am not taking requests for the nonce.",,,,,,,"A2_6:say(A0_4, 3, 0)",starter client signal/cutscene step
client_signal_rows,man0u0,110009,Flowers for All,main_scenario,handwritten_event_driver,processEvent000_2,14,2,dialogue,say,,,4,"I happen to be thoroughly enjoying the company of these ravishing young ladies and, gods willing, will still be doing so come sunrise.",,,,,,,"A2_6:say(A0_4, 4, 0)",starter client signal/cutscene step
client_signal_rows,man0u0,110009,Flowers for All,main_scenario,handwritten_event_driver,processEvent000_4,22,1,dialogue,say,,,6,Did you see the pretty lights in the sky? They're called fireworks.,,,,,,,"A2_12:say(A0_10, 6, 0)",starter client signal/cutscene step
client_signal_rows,man0u0,110009,Flowers for All,main_scenario,handwritten_event_driver,processEvent000_4,23,2,dialogue,say,,,7,"I'd never seen them before. They mark the start of festival. Oh, isn't is all so [@1A(1)]wonderful[@1A(0)]!?",,,,,,,"A2_12:say(A0_10, 7, 0)",starter client signal/cutscene step
client_signal_rows,man0u0,110009,Flowers for All,main_scenario,handwritten_event_driver,processEvent000_5,28,1,dialogue,say,,,10,Have you ever been to Ul'dah before? No? Neither have I.,,,,,,,"A2_15:say(A0_13, 10, 0)",starter client signal/cutscene step
client_signal_rows,man0u0,110009,Flowers for All,main_scenario,handwritten_event_driver,processEvent000_5,29,2,dialogue,say,,,11,"A voice? No, I didn't hear anything. All I heard was fireworks. They're pretty, but loud.",,,,,,,"A2_15:say(A0_13, 11, 0)",starter client signal/cutscene step
client_signal_rows,man0u0,110009,Flowers for All,main_scenario,handwritten_event_driver,processEvent000_6,34,1,dialogue,say,,,64,"You've come just in time for the festivities, friend.",,,,,,,"A2_18:say(A0_16, 64, 0)",starter client signal/cutscene step
client_signal_rows,man0u0,110009,Flowers for All,main_scenario,handwritten_event_driver,processEvent000_6,35,2,dialogue,say,,,65,"The parade's set to begin shortly. Were I you, I'd go and find myself a decent spot to watch from.",,,,,,,"A2_18:say(A0_16, 65, 0)",starter client signal/cutscene step
client_signal_rows,man0u0,110009,Flowers for All,main_scenario,handwritten_event_driver,processEvent000_6_2,40,1,dialogue,say,,,120,"Sorry, friend, off limits. They're still making ready for the parade. Wait just a bit longer.",,,,,,,"A2_21:say(A0_19, 120, 0)",starter client signal/cutscene step
client_signal_rows,man0u0,110009,Flowers for All,main_scenario,handwritten_event_driver,processEvent000_7,45,1,dialogue,say,,,66,I heard the parade goes straight down the main road. But where the hells is that? Straight ahead? Back the other way? Bugger me...,,,,,,,"A2_24:say(A0_22, 66, 0)",starter client signal/cutscene step
client_signal_rows,man0u0,110009,Flowers for All,main_scenario,handwritten_event_driver,processEvent000_8,50,1,dialogue,say,,,67,"Surely you didn't come all this way to watch the festivities alone, love. Perhaps we could enjoy some festivities of our own?",,,,,,,"A2_27:say(A0_25, 67, 0)",starter client signal/cutscene step
client_signal_rows,man0u0,110009,Flowers for All,main_scenario,handwritten_event_driver,processEvent000_8,51,2,dialogue,say,,,68,"I'd be happy to take your arm, and more, for a time. You deserve a [@1A(1)]proper[@1A(0)] welcome to Ul'dah, [@IF($E9(4),fair lady that you are. I can please you as well as any man,handsome lad that you are)]. Though, from the looks of it, you don't have the coin. A shame, that.",,,,,,,"A2_27:say(A0_25, 68, 0)",starter client signal/cutscene step
client_signal_rows,man0u0,110009,Flowers for All,main_scenario,handwritten_event_driver,processEvent000_9,56,1,dialogue,say,,,69,"Your timing is near perfect, whether you intended it or not. The parade will begin in mere moments.",,,,,,,"A2_30:say(A0_28, 69, 0)",starter client signal/cutscene step
client_signal_rows,man0u0,110009,Flowers for All,main_scenario,handwritten_event_driver,processEvent000_9,57,2,dialogue,say,,,70,They say the main attraction is the giant beast they've brought to fight on the bloodsands of the Coliseum. To hells with that! I've only got eyes for those young lovelies dancing about up top.,,,,,,,"A2_30:say(A0_28, 70, 0)",starter client signal/cutscene step
client_signal_rows,man0u0,110009,Flowers for All,main_scenario,handwritten_event_driver,processEvent000_10,62,1,dialogue,say,,,71,"I've come to the big city to live the Ul'dahn dream, I have. Got a mind to send me ma back home a small fortune.",,,,,,,"A2_33:say(A0_31, 71, 0)",starter client signal/cutscene step
client_signal_rows,man0u0,110009,Flowers for All,main_scenario,handwritten_event_driver,processEvent000_11,67,1,dialogue,say,,,72,"A piece of advice, dear, as I can see you are not from around here.",,,,,,,"A2_36:say(A0_34, 72, 0)",starter client signal/cutscene step
client_signal_rows,man0u0,110009,Flowers for All,main_scenario,handwritten_event_driver,processEvent000_11,68,2,dialogue,say,,,73,Do try not to appear so easy a target. Keep your nose buried in that map of yours too long and the sharks of Ul'dah will have stripped you naked as your nameday before you know it.,,,,,,,"A2_36:say(A0_34, 73, 0)",starter client signal/cutscene step
client_signal_rows,man0u0,110009,Flowers for All,main_scenario,handwritten_event_driver,processEvent000_12,73,1,dialogue,say,,,74,"Look here, I purchased a platinum ticket. I'm finally going to see Greinfarr the Great on the bloodsands!",,,,,,,"A2_39:say(A0_37, 74, 0)",starter client signal/cutscene step
client_signal_rows,man0u0,110009,Flowers for All,main_scenario,handwritten_event_driver,processEvent000_13,78,1,dialogue,say,,,75,"Best put any thought of leaving aside for now, friend. Parade's just about underway. That coach of yours was the day's last, in or out.",,,,,,,"A2_42:say(A0_40, 75, 0)",starter client signal/cutscene step
client_signal_rows,man0u0,110009,Flowers for All,main_scenario,handwritten_event_driver,processEvent000_14,83,1,dialogue,say,,,121,"Sorry, but this area is off limits until the parade is over. They must be planning something [@1A(1)]amazing[@1A(0)]. I'm so excited, I can hardly keep from wetting myself!",,,,,,,"A2_45:say(A0_43, 121, 0)",starter client signal/cutscene step
client_signal_rows,man0u0,110009,Flowers for All,main_scenario,handwritten_event_driver,processEvent000_14,84,2,scheduler,_runCharaScheduler,,,,,,,,,,,A2_45:_runCharaScheduler(354086912),starter client signal/cutscene step
client_signal_rows,man0u0,110009,Flowers for All,main_scenario,handwritten_event_driver,processEvent000_14,85,3,dialogue,say,,,122,But I'm forbidden to leave my post until all is over. Gods grant me the strength of bladder to last that long!,,,,,,,"A2_45:say(A0_43, 122, 0)",starter client signal/cutscene step
client_signal_rows,man0u0,110009,Flowers for All,main_scenario,handwritten_event_driver,processEvent020,154,1,client_call,ask,,,,,,,,,,,"desktopWidget:setTutorialMask(L3_52, L4_53, L5_54, L6_55, L7_56, L8_57)",starter client signal/cutscene step
client_signal_rows,man0u0,110009,Flowers for All,main_scenario,handwritten_event_driver,processEvent020,155,2,fade,startFadeInCutSceneAfterWarp,,,,,,,,,,,A0_49:startFadeInCutSceneAfterWarp(A1_50),starter client signal/cutscene step
client_signal_rows,man0u0,110009,Flowers for All,main_scenario,handwritten_event_driver,processEvent020_2,159,1,scheduler,_runCharaScheduler,,,,,,,,,,,A2_60:_runCharaScheduler(67727360),starter client signal/cutscene step
client_signal_rows,man0u0,110009,Flowers for All,main_scenario,handwritten_event_driver,processEvent020_2,160,2,dialogue,say,,,76,"That's [@SWITCH([@SHEET(itemData,11000089,41)],[@COLOR(#fff3f3f3)],[@COLOR(#ffc0ffa0)],[@COLOR(#ff60c8ff)],[@COLOR(#ffb38cff)],[@COLOR(#ffffa666)],[@COLOR(#ffe5dd7e)])][@EDGECOLOR(#ff262626)][@SHEETEN(xtx/itemName,1,11000089,1,1)][@EDGECOLOR($EC)][@COLOR($EC)] you've got there. Bloody expensive thing. How'd you come by it? Rifled it from a corpse, you say...",,,,,,,"A2_60:say(A0_58, 76, 0)",starter client signal/cutscene step
client_signal_rows,man0u0,110009,Flowers for All,main_scenario,handwritten_event_driver,processEvent020_3,165,1,dialogue,say,,,77,Now that was quite the sight to behold!,,,,,,,"A2_63:say(A0_61, 77, 0)",starter client signal/cutscene step
client_signal_rows,man0u0,110009,Flowers for All,main_scenario,handwritten_event_driver,processEvent020_3,166,2,dialogue,say,,,78,"The dancers, [@IF($E9(4),woman,man)], the [@1A(1)]dancers[@1A(0)]! Mine own daughter was among them─and a deal more beautiful than the rest. I'll have the tongue of any who says otherwise.",,,,,,,"A2_63:say(A0_61, 78, 0)",starter client signal/cutscene step
client_signal_rows,man0u0,110009,Flowers for All,main_scenario,handwritten_event_driver,processEvent020_4,171,1,dialogue,say,,,79,"Ain't no sayin' what'll come to pass in Ul'dah. Aye, any who tells you different is playin' you false.",,,,,,,"A2_66:say(A0_64, 79, 0)",starter client signal/cutscene step
client_signal_rows,man0u0,110009,Flowers for All,main_scenario,handwritten_event_driver,processEvent020_4,172,2,scheduler,_runCharaScheduler,,,,,,,,,,,A2_66:_runCharaScheduler(354082816),starter client signal/cutscene step
client_signal_rows,man0u0,110009,Flowers for All,main_scenario,handwritten_event_driver,processEvent020_4,173,3,dialogue,say,,,80,"An' festivals ain't no different. I seen more fistfights an' floggin's than I can count. Hells, even saw an entire family trampled underfoot once.",,,,,,,"A2_66:say(A0_64, 80, 0)",starter client signal/cutscene step
client_signal_rows,man0u0,110009,Flowers for All,main_scenario,handwritten_event_driver,processEvent020_5,178,1,scheduler,_runCharaScheduler,,,,,,,,,,,A2_69:_runCharaScheduler(353968128),starter client signal/cutscene step
client_signal_rows,man0u0,110009,Flowers for All,main_scenario,handwritten_event_driver,processEvent020_5,179,2,dialogue,say,,,81,I've never seen such a fearsome creature! And all those teeth! To think the gladiators of the Coliseum would willingly fight [@1A(1)]that[@1A(0)].,,,,,,,"A2_69:say(A0_67, 81, 0)",starter client signal/cutscene step
client_signal_rows,man0u0,110009,Flowers for All,main_scenario,handwritten_event_driver,processEvent020_5,180,3,dialogue,say,,,82,"Oh, wipe that blank expression off your face. You really must try to look like less of a bumpkin. I daresay it's not the last rampant beast you'll see in the big city. These things [@1A(1)]do[@1A(0)] happen.",,,,,,,"A2_69:say(A0_67, 82, 0)",starter client signal/cutscene step
client_signal_rows,man0u0,110009,Flowers for All,main_scenario,handwritten_event_driver,processEvent020_6,185,1,scheduler,_runCharaScheduler,,,,,,,,,,,A2_72:_runCharaScheduler(67887104),starter client signal/cutscene step
client_signal_rows,man0u0,110009,Flowers for All,main_scenario,handwritten_event_driver,processEvent020_6,186,2,dialogue,say,,,83,I thought the fireworks explosions at first. I am sure I was not alone─an Ul'dahn festival simply isn't a festival without [@1A(1)]some[@1A(0)] sort of tragedy.,,,,,,,"A2_72:say(A0_70, 83, 0)",starter client signal/cutscene step
client_signal_rows,man0u0,110009,Flowers for All,main_scenario,handwritten_event_driver,processEvent020_7,191,1,dialogue,say,,,84,"Hahaha, quite a bit of excitement, no? Not like to be a kerfuffle such as that without some fools losing their lives.",,,,,,,"A2_75:say(A0_73, 84, 0)",starter client signal/cutscene step
client_signal_rows,man0u0,110009,Flowers for All,main_scenario,handwritten_event_driver,processEvent020_7,192,2,dialogue,say,,,85,"They've no need for grief, though. Those who die at festivals are greeted by Nald'thal as friends.",,,,,,,"A2_75:say(A0_73, 85, 0)",starter client signal/cutscene step
client_signal_rows,man0u0,110009,Flowers for All,main_scenario,handwritten_event_driver,processTtrNomal001withHQ,237,1,wait,_wait,,,,,,,,,,,A0_79:_wait(3),starter client signal/cutscene step
client_signal_rows,man0u0,110009,Flowers for All,main_scenario,handwritten_event_driver,processTtrNomal001withHQ,245,2,cutscene,startHQCutScene,MAN0U000,,,,,,,,,,"A0_79:startHQCutScene(""MAN0U000"", 3)",starter client signal/cutscene step
client_signal_rows,man0u0,110009,Flowers for All,main_scenario,handwritten_event_driver,processTtrNomal001withHQ,246,3,cutscene,startNQCutScene,man0u005,,,,,,,,,,"A0_79:startNQCutScene(""man0u005"", 3)",starter client signal/cutscene step
client_signal_rows,man0u0,110009,Flowers for All,main_scenario,handwritten_event_driver,processTtrNomal001withHQ,247,4,client_call,_waitForMapLoaded,,,,,,,,,,,A1_80:_waitForMapLoaded(nil),starter client signal/cutscene step
client_signal_rows,man0u0,110009,Flowers for All,main_scenario,handwritten_event_driver,processTtrNomal001withHQ,249,5,wait,_wait,,,,,,,,,,,A0_79:_wait(4),starter client signal/cutscene step
client_signal_rows,man0u0,110009,Flowers for All,main_scenario,handwritten_event_driver,processTtrNomal001withHQ,253,6,wait,_wait,,,,,,,,,,,A0_79:_wait(2),starter client signal/cutscene step
client_signal_rows,man0u0,110009,Flowers for All,main_scenario,handwritten_event_driver,processTtrNomal001withHQ,257,7,client_call,sayFreeDisplayName,,,,,,,,,,,"A0_79:sayFreeDisplayName(1100003, A0_79, 96)",starter client signal/cutscene step
client_signal_rows,man0u0,110009,Flowers for All,main_scenario,handwritten_event_driver,processTtrNomal001withHQ,259,8,wait,_wait,,,,,,,,,,,A0_79:_wait(0.5),starter client signal/cutscene step
client_signal_rows,man0u0,110009,Flowers for All,main_scenario,handwritten_event_driver,processTtrNomal001withHQ,266,9,wait,_wait,,,,,,,,,,,A0_79:_wait(3),starter client signal/cutscene step
client_signal_rows,man0u0,110009,Flowers for All,main_scenario,handwritten_event_driver,processTtrNomal001withHQ,274,10,client_call,sayFreeDisplayName,,,,,,,,,,,"A0_79:sayFreeDisplayName(1100003, A0_79, 98)",starter client signal/cutscene step
client_signal_rows,man0u0,110009,Flowers for All,main_scenario,handwritten_event_driver,processTtrNomal001withHQ,285,11,client_call,ask,,,,,,,,,,,"desktopWidget:setTutorialMask(L4_83, L5_84, L6_85, L7_86, L8_87, L9_88)",starter client signal/cutscene step
client_signal_rows,man0u0,110009,Flowers for All,main_scenario,handwritten_event_driver,processTtrNomal001,335,1,wait,_wait,,,,,,,,,,,A0_91:_wait(3),starter client signal/cutscene step
client_signal_rows,man0u0,110009,Flowers for All,main_scenario,handwritten_event_driver,processTtrNomal001,343,2,cutscene,startNQCutScene,man0u005,,,,,,,,,,"A0_91:startNQCutScene(""man0u005"", 3)",starter client signal/cutscene step
client_signal_rows,man0u0,110009,Flowers for All,main_scenario,handwritten_event_driver,processTtrNomal001,344,3,client_call,_waitForMapLoaded,,,,,,,,,,,A1_92:_waitForMapLoaded(nil),starter client signal/cutscene step
client_signal_rows,man0u0,110009,Flowers for All,main_scenario,handwritten_event_driver,processTtrNomal001,346,4,wait,_wait,,,,,,,,,,,A0_91:_wait(4),starter client signal/cutscene step
client_signal_rows,man0u0,110009,Flowers for All,main_scenario,handwritten_event_driver,processTtrNomal001,350,5,wait,_wait,,,,,,,,,,,A0_91:_wait(2),starter client signal/cutscene step
client_signal_rows,man0u0,110009,Flowers for All,main_scenario,handwritten_event_driver,processTtrNomal001,354,6,client_call,sayFreeDisplayName,,,,,,,,,,,"A0_91:sayFreeDisplayName(1100003, A0_91, 96)",starter client signal/cutscene step
client_signal_rows,man0u0,110009,Flowers for All,main_scenario,handwritten_event_driver,processTtrNomal001,356,7,wait,_wait,,,,,,,,,,,A0_91:_wait(0.5),starter client signal/cutscene step
client_signal_rows,man0u0,110009,Flowers for All,main_scenario,handwritten_event_driver,processTtrNomal001,363,8,wait,_wait,,,,,,,,,,,A0_91:_wait(3),starter client signal/cutscene step
client_signal_rows,man0u0,110009,Flowers for All,main_scenario,handwritten_event_driver,processTtrNomal001,371,9,client_call,sayFreeDisplayName,,,,,,,,,,,"A0_91:sayFreeDisplayName(1100003, A0_91, 98)",starter client signal/cutscene step
client_signal_rows,man0u0,110009,Flowers for All,main_scenario,handwritten_event_driver,processTtrNomal001,382,10,client_call,ask,,,,,,,,,,,"desktopWidget:setTutorialMask(L4_95, L5_96, L6_97, L7_98, L8_99, L9_100)",starter client signal/cutscene step
client_signal_rows,man0u0,110009,Flowers for All,main_scenario,handwritten_event_driver,processTtrNomal002,414,1,client_call,ask,,,,,,,,,,,"desktopWidget:setTutorialMask(L4_107, L5_108, L6_109, L7_110, L8_111, L9_112)",starter client signal/cutscene step
client_signal_rows,man0u0,110009,Flowers for All,main_scenario,handwritten_event_driver,processTtrNomal002,425,2,client_call,ask,,,,,,,,,,,"desktopWidget:setTutorialMask(L4_107, L5_108, L6_109, L7_110, L8_111, L9_112)",starter client signal/cutscene step
client_signal_rows,man0u0,110009,Flowers for All,main_scenario,handwritten_event_driver,processTtrNomal002,428,3,wait,_wait,,,,,,,,,,,A0_103:_wait(0.5),starter client signal/cutscene step
client_signal_rows,man0u0,110009,Flowers for All,main_scenario,handwritten_event_driver,processTtrNomal002,440,4,client_call,ask,,,,,,,,,,,"desktopWidget:setTutorialMask(L4_107, L5_108, L6_109, L7_110, L8_111, L9_112)",starter client signal/cutscene step
client_signal_rows,man0u0,110009,Flowers for All,main_scenario,handwritten_event_driver,processTtrNomal003,499,1,client_call,ask,,,,,,,,,,,"desktopWidget:setTutorialMask(L4_117, L5_118, L6_119, L7_120, L8_121, L9_122)",starter client signal/cutscene step
client_signal_rows,man0u0,110009,Flowers for All,main_scenario,handwritten_event_driver,processTtrAfterBtl001,563,1,client_call,ask,,,,,,,,,,,"desktopWidget:setTutorialMask(L6_129, L7_130, L8_131, L9_132, L10_133, L11_134)",starter client signal/cutscene step
client_signal_rows,man0u0,110009,Flowers for All,main_scenario,handwritten_event_driver,processTtrMini001,568,1,scheduler,_runCharaScheduler,,,,,,,,,,,A2_137:_runCharaScheduler(353964032),starter client signal/cutscene step
client_signal_rows,man0u0,110009,Flowers for All,main_scenario,handwritten_event_driver,processTtrMini001,569,2,dialogue,say,,,10,Have you ever been to Ul'dah before? No? Neither have I.,,,,,,,"A2_137:say(A0_135, 10, 0)",starter client signal/cutscene step
client_signal_rows,man0u0,110009,Flowers for All,main_scenario,handwritten_event_driver,processTtrMini001,570,3,dialogue,say,,,11,"A voice? No, I didn't hear anything. All I heard was fireworks. They're pretty, but loud.",,,,,,,"A2_137:say(A0_135, 11, 0)",starter client signal/cutscene step
client_signal_rows,man0u0,110009,Flowers for All,main_scenario,handwritten_event_driver,processTtrMini002,575,1,scheduler,_runCharaScheduler,,,,,,,,,,,A2_140:_runCharaScheduler(83992576),starter client signal/cutscene step
client_signal_rows,man0u0,110009,Flowers for All,main_scenario,handwritten_event_driver,processTtrMini002,576,2,dialogue,say,,,66,I heard the parade goes straight down the main road. But where the hells is that? Straight ahead? Back the other way? Bugger me...,,,,,,,"A2_140:say(A0_138, 66, 0)",starter client signal/cutscene step
client_signal_rows,man0u0,110009,Flowers for All,main_scenario,handwritten_event_driver,processTtrMini002_first,581,1,scheduler,_runCharaScheduler,,,,,,,,,,,A2_143:_runCharaScheduler(83992576),starter client signal/cutscene step
client_signal_rows,man0u0,110009,Flowers for All,main_scenario,handwritten_event_driver,processTtrMini002_first,582,2,dialogue,say,,,131,"You heard a voice, eh? Hells, I hear lots of voices. It's called [@1A(1)]people talking[@1A(0)]. Bloody fool...",,,,,,,"A2_143:say(A0_141, 131, 0)",starter client signal/cutscene step
client_signal_rows,man0u0,110009,Flowers for All,main_scenario,handwritten_event_driver,processTtrMini003,587,1,scheduler,_runCharaScheduler,,,,,,,,,,,A2_146:_runCharaScheduler(353959936),starter client signal/cutscene step
client_signal_rows,man0u0,110009,Flowers for All,main_scenario,handwritten_event_driver,processTtrMini003,588,2,dialogue,say,,,72,"A piece of advice, dear, as I can see you are not from around here.",,,,,,,"A2_146:say(A0_144, 72, 0)",starter client signal/cutscene step
client_signal_rows,man0u0,110009,Flowers for All,main_scenario,handwritten_event_driver,processTtrMini003,589,3,dialogue,say,,,73,Do try not to appear so easy a target. Keep your nose buried in that map of yours too long and the sharks of Ul'dah will have stripped you naked as your nameday before you know it.,,,,,,,"A2_146:say(A0_144, 73, 0)",starter client signal/cutscene step
client_signal_rows,man0u0,110009,Flowers for All,main_scenario,handwritten_event_driver,processTtrMini003_first,594,1,scheduler,_runCharaScheduler,,,,,,,,,,,A2_149:_runCharaScheduler(353959936),starter client signal/cutscene step
client_signal_rows,man0u0,110009,Flowers for All,main_scenario,handwritten_event_driver,processTtrMini003_first,595,2,dialogue,say,,,132,"A strange voice? Maybe I heard it, and maybe I didn't. Who's asking and what are you offering?",,,,,,,"A2_149:say(A0_147, 132, 0)",starter client signal/cutscene step
client_signal_rows,man0u0,110009,Flowers for All,main_scenario,handwritten_event_driver,processTtrMini003_first,596,3,dialogue,say,,,133,"Well, excuse my language then, dear, but bugger off. If there's no gil in it, then there's no [@1A(1)]me[@1A(0)] in it.",,,,,,,"A2_149:say(A0_147, 133, 0)",starter client signal/cutscene step
client_signal_rows,man0u0,110009,Flowers for All,main_scenario,handwritten_event_driver,processTtrBlkNml001,607,1,client_call,sayFreeDisplayName,,,,,,,,,,,"A0_150:sayFreeDisplayName(4000542, A0_150, 120)",starter client signal/cutscene step
client_signal_rows,man0u0,110009,Flowers for All,main_scenario,handwritten_event_driver,processTtrBtl001,680,1,client_call,ask,,,,,,,,,,,"desktopWidget:setTutorialMask(L4_157, L5_158, L6_159, L7_160, L8_161, L9_162)",starter client signal/cutscene step
client_signal_rows,man0u0,110009,Flowers for All,main_scenario,handwritten_event_driver,processTtrBtl001,688,2,client_call,ask,,,,,,,,,,,"desktopWidget:setTutorialMask(L4_157, L5_158, L6_159, L7_160, L8_161, L9_162)",starter client signal/cutscene step
client_signal_rows,man0u0,110009,Flowers for All,main_scenario,handwritten_event_driver,processTtrBtlMagic001,893,1,client_call,ask,,,,,,,,,,,"desktopWidget:setTutorialMask(L4_167, L5_168, L6_169, L7_170, L8_171, L9_172)",starter client signal/cutscene step
client_signal_rows,man0u0,110009,Flowers for All,main_scenario,handwritten_event_driver,processTtrBtl002,1082,1,client_call,ask,,,,,,,,,,,"desktopWidget:setTutorialMask(L17_196, L18_197, L19_198, L20_199, L21_200, L22_201)",starter client signal/cutscene step
client_signal_rows,man0u0,110009,Flowers for All,main_scenario,handwritten_event_driver,processTtrBtl003,1145,1,client_call,ask,,,,,,,,,,,"desktopWidget:setTutorialMask(L6_208, L7_209, L8_210, L9_211, L10_212, L11_213)",starter client signal/cutscene step
client_signal_rows,man0u0,110009,Flowers for All,main_scenario,handwritten_event_driver,processTtrBtl004,1152,1,wait,_wait,,,,,,,,,,,A0_214:_wait(3),starter client signal/cutscene step
client_signal_rows,man0u0,110009,Flowers for All,main_scenario,handwritten_event_driver,processTtrBlkNml002,1230,1,client_call,ask,,,,,,,,,,,"desktopWidget:setTutorialMask(L3_220, L4_221, L5_222, L6_223, L7_224, L8_225)",starter client signal/cutscene step
client_signal_rows,man0u0,110009,Flowers for All,main_scenario,handwritten_event_driver,processTtrBlkNml003,1284,1,client_call,ask,,,,,,,,,,,"desktopWidget:setTutorialMask(L3_229, L4_230, L5_231, L6_232, L7_233, L8_234)",starter client signal/cutscene step
client_signal_rows,man0u0,110009,Flowers for All,main_scenario,handwritten_event_driver,processEtc001,1289,1,scheduler,_runCharaScheduler,,,,,,,,,,,A2_237:_runCharaScheduler(353959936),starter client signal/cutscene step
client_signal_rows,man0u0,110009,Flowers for All,main_scenario,handwritten_event_driver,processEtc001,1290,2,dialogue,say,,,124,Count yourself lucky. This is him in a [@1A(1)]good[@1A(0)] mood. Best move along before he turns foul.,,,,,,,"A2_237:say(A0_235, 124, 0)",starter client signal/cutscene step
client_signal_rows,man0u0,110009,Flowers for All,main_scenario,handwritten_event_driver,processEtc002,1295,1,scheduler,_runCharaScheduler,,,,,,,,,,,A2_240:_runCharaScheduler(353959936),starter client signal/cutscene step
client_signal_rows,man0u0,110009,Flowers for All,main_scenario,handwritten_event_driver,processEtc002,1296,2,dialogue,say,,,125,"Sorry, friend, you're not quite ready for what lies beyond here. Go and show yourself to Momodi at the Quicksand. She'll set you on your way.",,,,,,,"A2_240:say(A0_238, 125, 0)",starter client signal/cutscene step
client_signal_rows,man0u0,110009,Flowers for All,main_scenario,handwritten_event_driver,processEtc003,1301,1,scheduler,_runCharaScheduler,,,,,,,,,,,A2_243:_runCharaScheduler(353959936),starter client signal/cutscene step
client_signal_rows,man0u0,110009,Flowers for All,main_scenario,handwritten_event_driver,processEtc003,1302,2,dialogue,say,,,123,"An adventurer, is it? Beggar of the realm, more like. Sod off. Only them as have coin can pass.",,,,,,,"A2_243:say(A0_241, 123, 0)",starter client signal/cutscene step
client_signal_rows,man0u0,110009,Flowers for All,main_scenario,handwritten_event_driver,processInformDialogAsQuest,1307,1,wait,_wait,,,,,,,,,,,A0_244:_wait(2),starter client signal/cutscene step
content_spawn_atlas_rows,man0u0,110009,Flowers for All,main_scenario,handwritten_event_driver,onCreate,29,,enemy,,,,,,Data/scripts/content/SimpleContent30079.lua,2203301,,,,,"2203301; ""goobbue""; -12.1; 192; 42.96; -2.3",starter content spawn atlas
content_spawn_atlas_rows,man0u0,110009,Flowers for All,main_scenario,handwritten_event_driver,onCreate,36,,actor,,,,,,Data/scripts/content/SimpleContent30079.lua,1090385,,,,,"1090385; ""openingstoper""; -24.34; 192; 34.22; 0",starter content spawn atlas
content_spawn_rows,man0u0,110009,Flowers for All,main_scenario,handwritten_event_driver,,20,,ally,"niellefresne = contentArea:SpawnAlly(2290003, ""niellefresne"", -14.37, 192, 37, -0.6);",,,,,Data/scripts/content/SimpleContent30079.lua,2290003,,,,,"niellefresne = contentArea:SpawnAlly(2290003, ""niellefresne"", -14.37, 192, 37, -0.6);",starter content spawn row
content_spawn_rows,man0u0,110009,Flowers for All,main_scenario,handwritten_event_driver,,27,,ally,"thancred = contentArea:SpawnAlly(2290004, ""thancred"", -17.3, 192, 42.3, 1.1, 2);",,,,,Data/scripts/content/SimpleContent30079.lua,2290004,,,,,"thancred = contentArea:SpawnAlly(2290004, ""thancred"", -17.3, 192, 42.3, 1.1, 2);",starter content spawn row
content_spawn_rows,man0u0,110009,Flowers for All,main_scenario,handwritten_event_driver,,36,,enemy,"goobbue = contentArea:SpawnEnemy(2203301, ""goobbue"", -12.1, 192, 42.96, -2.3);",,,,,Data/scripts/content/SimpleContent30079.lua,2203301,,,,,"goobbue = contentArea:SpawnEnemy(2203301, ""goobbue"", -12.1, 192, 42.96, -2.3);",starter content spawn row
content_spawn_rows,man0u0,110009,Flowers for All,main_scenario,handwritten_event_driver,,43,,actor,"openingStoper = contentArea:SpawnActor(1090385, ""openingstoper"", -24.34, 192, 34.22, 0);",,,,,Data/scripts/content/SimpleContent30079.lua,1090385,,,,,"openingStoper = contentArea:SpawnActor(1090385, ""openingstoper"", -24.34, 192, 34.22, 0);",starter content spawn row
counter_usage_rows,man0u0,110009,Flowers for All,main_scenario,handwritten_event_driver,onEventStarted,49,,SetCounter,SetCounter,,,,,Data/scripts/directors/Quest/QuestDirectorMan0u001.lua,,,,,,"quest:GetData():SetCounter(COUNTER_QUESTKILL, 0); -- clears kill counter as a precaution. Mostly to prevent crashes during debugging.",starter counter usage
dat_marker_rows,man0u0,110009,Flowers for All,main_scenario,handwritten_event_driver,,,1,,,,,,,,11000901,high,,,,,starter DAT marker row
dat_marker_rows,man0u0,110009,Flowers for All,main_scenario,handwritten_event_driver,,,2,,,,,,,,11000902,high,,,,,starter DAT marker row
dat_marker_rows,man0u0,110009,Flowers for All,main_scenario,handwritten_event_driver,,,3,,,,,,,,11000903,high,,,,,starter DAT marker row
dat_marker_rows,man0u0,110009,Flowers for All,main_scenario,handwritten_event_driver,,,4,,,,,,,,11000904,high,,,,,starter DAT marker row
dat_marker_rows,man0u0,110009,Flowers for All,main_scenario,handwritten_event_driver,,,5,,,,,,,,11000905,high,,,,,starter DAT marker row
dat_marker_rows,man0u0,110009,Flowers for All,main_scenario,handwritten_event_driver,,,6,,,,,,,,11000906,high,,,,,starter DAT marker row
dat_marker_rows,man0u0,110009,Flowers for All,main_scenario,handwritten_event_driver,,,7,,,,,,,,11000907,high,,,,,starter DAT marker row
dat_marker_rows,man0u0,110009,Flowers for All,main_scenario,handwritten_event_driver,,,8,,,,,,,,11000908,high,,,,,starter DAT marker row
dat_marker_rows,man0u0,110009,Flowers for All,main_scenario,handwritten_event_driver,,,9,,,,,,,,11000909,high,,,,,starter DAT marker row
dat_marker_rows,man0u0,110009,Flowers for All,main_scenario,handwritten_event_driver,,,10,,,,,,,,11000910,high,,,,,starter DAT marker row
dat_marker_rows,man0u0,110009,Flowers for All,main_scenario,handwritten_event_driver,,,11,,,,,,,,11000911,high,,,,,starter DAT marker row
dat_marker_rows,man0u0,110009,Flowers for All,main_scenario,handwritten_event_driver,,,12,,,,,,,,11000912,high,,,,,starter DAT marker row
dat_marker_rows,man0u0,110009,Flowers for All,main_scenario,handwritten_event_driver,,,13,,,,,,,,11000913,high,,,,,starter DAT marker row
dat_marker_rows,man0u0,110009,Flowers for All,main_scenario,handwritten_event_driver,,,14,,,,,,,,11000914,high,,,,,starter DAT marker row
dat_marker_rows,man0u0,110009,Flowers for All,main_scenario,handwritten_event_driver,,,15,,,,,,,,11000915,high,,,,,starter DAT marker row
dat_marker_rows,man0u0,110009,Flowers for All,main_scenario,handwritten_event_driver,,,16,,,,,,,,11000916,high,,,,,starter DAT marker row
dat_marker_rows,man0u0,110009,Flowers for All,main_scenario,handwritten_event_driver,,,17,,,,,,,,11000917,high,,,,,starter DAT marker row
dat_marker_rows,man0u0,110009,Flowers for All,main_scenario,handwritten_event_driver,,,18,,,,,,,,11000918,high,,,,,starter DAT marker row
dat_marker_rows,man0u0,110009,Flowers for All,main_scenario,handwritten_event_driver,,,19,,,,,,,,11000919,high,,,,,starter DAT marker row
dat_marker_rows,man0u0,110009,Flowers for All,main_scenario,handwritten_event_driver,,,20,,,,,,,,11000920,high,,,,,starter DAT marker row
delegate_push_call_rows,man0u0,110009,Flowers for All,main_scenario,handwritten_event_driver,onNotice,107,,callClientFunction,processTtrNomal001withHQ,MAN0U000; man0u005,,,,Data\scripts\quests\man\man0u0.lua,,event_method,natural_onEventStarted,,,"callClientFunction(player, ""delegateEvent"", player, quest, ""processTtrNomal001withHQ"")",starter push call contract
delegate_push_call_rows,man0u0,110009,Flowers for All,main_scenario,handwritten_event_driver,onPush,182,SEQ_000,callClientFunction,processTtrNomal002,,,,,Data\scripts\quests\man\man0u0.lua,,event_method,natural_onEventStarted,,,"callClientFunction(player, ""delegateEvent"", player, quest, ""processTtrNomal002"")",starter push call contract
delegate_push_call_rows,man0u0,110009,Flowers for All,main_scenario,handwritten_event_driver,onPush,194,SEQ_000,callClientFunction,processTtrBlkNml001,,,,,Data\scripts\quests\man\man0u0.lua,,,natural_onEventStarted,,,"callClientFunction(player, ""delegateEvent"", player, quest, ""processTtrBlkNml001"")",starter push call contract
delegate_push_call_rows,man0u0,110009,Flowers for All,main_scenario,handwritten_event_driver,onPush,205,SEQ_010,callClientFunction,processTtrBlkNml002,,,,,Data\scripts\quests\man\man0u0.lua,,event_method,natural_onEventStarted,,,"callClientFunction(player, ""delegateEvent"", player, quest, ""processTtrBlkNml002"")",starter push call contract
delegate_push_call_rows,man0u0,110009,Flowers for All,main_scenario,handwritten_event_driver,onPush,208,SEQ_010,callClientFunction,processTtrBlkNml003,,,,,Data\scripts\quests\man\man0u0.lua,,event_method,natural_onEventStarted,,,"callClientFunction(player, ""delegateEvent"", player, quest, ""processTtrBlkNml003"")",starter push call contract
delegate_push_call_rows,man0u0,110009,Flowers for All,main_scenario,handwritten_event_driver,seq000_onTalk,229,SEQ_010,callClientFunction,processTtrNomal003,,,,,Data\scripts\quests\man\man0u0.lua,,event_method,natural_onEventStarted,,,"callClientFunction(player, ""delegateEvent"", player, quest, ""processTtrNomal003"")",starter push call contract
delegate_push_call_rows,man0u0,110009,Flowers for All,main_scenario,handwritten_event_driver,seq000_onTalk,232,SEQ_010,callClientFunction,processTtrMini001,,,,,Data\scripts\quests\man\man0u0.lua,,,natural_onEventStarted,,,"callClientFunction(player, ""delegateEvent"", player, quest, ""processTtrMini001"")",starter push call contract
delegate_push_call_rows,man0u0,110009,Flowers for All,main_scenario,handwritten_event_driver,seq000_onTalk,237,SEQ_010,callClientFunction,processTtrMini002_first,,,,,Data\scripts\quests\man\man0u0.lua,,,natural_onEventStarted,,,"callClientFunction(player, ""delegateEvent"", player, quest, ""processTtrMini002_first"")",starter push call contract
delegate_push_call_rows,man0u0,110009,Flowers for All,main_scenario,handwritten_event_driver,seq000_onTalk,240,SEQ_010,callClientFunction,processTtrMini002,,,,,Data\scripts\quests\man\man0u0.lua,,,natural_onEventStarted,,,"callClientFunction(player, ""delegateEvent"", player, quest, ""processTtrMini002"")",starter push call contract
delegate_push_call_rows,man0u0,110009,Flowers for All,main_scenario,handwritten_event_driver,seq000_onTalk,244,SEQ_010,callClientFunction,processTtrMini003_first,,,,,Data\scripts\quests\man\man0u0.lua,,,natural_onEventStarted,,,"callClientFunction(player, ""delegateEvent"", player, quest, ""processTtrMini003_first"")",starter push call contract
delegate_push_call_rows,man0u0,110009,Flowers for All,main_scenario,handwritten_event_driver,seq000_onTalk,247,SEQ_010,callClientFunction,processTtrMini003,,,,,Data\scripts\quests\man\man0u0.lua,,,natural_onEventStarted,,,"callClientFunction(player, ""delegateEvent"", player, quest, ""processTtrMini003"")",starter push call contract
delegate_push_call_rows,man0u0,110009,Flowers for All,main_scenario,handwritten_event_driver,seq000_onTalk,250,SEQ_010,callClientFunction,processEvent000_3,,,,,Data\scripts\quests\man\man0u0.lua,,,natural_onEventStarted,,,"callClientFunction(player, ""delegateEvent"", player, quest, ""processEvent000_3"")",starter push call contract
delegate_push_call_rows,man0u0,110009,Flowers for All,main_scenario,handwritten_event_driver,seq000_onTalk,252,SEQ_010,callClientFunction,processEvent000_13,,,,,Data\scripts\quests\man\man0u0.lua,,,natural_onEventStarted,,,"callClientFunction(player, ""delegateEvent"", player, quest, ""processEvent000_13"")",starter push call contract
delegate_push_call_rows,man0u0,110009,Flowers for All,main_scenario,handwritten_event_driver,seq000_onTalk,254,SEQ_010,callClientFunction,processEvent000_6,,,,,Data\scripts\quests\man\man0u0.lua,,,natural_onEventStarted,,,"callClientFunction(player, ""delegateEvent"", player, quest, ""processEvent000_6"")",starter push call contract
delegate_push_call_rows,man0u0,110009,Flowers for All,main_scenario,handwritten_event_driver,seq000_onTalk,256,SEQ_010,callClientFunction,processEvent000_8,,,,,Data\scripts\quests\man\man0u0.lua,,,natural_onEventStarted,,,"callClientFunction(player, ""delegateEvent"", player, quest, ""processEvent000_8"")",starter push call contract
delegate_push_call_rows,man0u0,110009,Flowers for All,main_scenario,handwritten_event_driver,seq000_onTalk,258,SEQ_010,callClientFunction,processEvent000_9,,,,,Data\scripts\quests\man\man0u0.lua,,,natural_onEventStarted,,,"callClientFunction(player, ""delegateEvent"", player, quest, ""processEvent000_9"")",starter push call contract
delegate_push_call_rows,man0u0,110009,Flowers for All,main_scenario,handwritten_event_driver,seq000_onTalk,260,,callClientFunction,processEvent000_10,,,,,Data\scripts\quests\man\man0u0.lua,,,natural_onEventStarted,,,"callClientFunction(player, ""delegateEvent"", player, quest, ""processEvent000_10"")",starter push call contract
delegate_push_call_rows,man0u0,110009,Flowers for All,main_scenario,handwritten_event_driver,seq000_onTalk,262,,callClientFunction,processEvent000_12,,,,,Data\scripts\quests\man\man0u0.lua,,,natural_onEventStarted,,,"callClientFunction(player, ""delegateEvent"", player, quest, ""processEvent000_12"")",starter push call contract
delegate_push_call_rows,man0u0,110009,Flowers for All,main_scenario,handwritten_event_driver,seq000_onTalk,264,,callClientFunction,processEvent000_6_2,,,,,Data\scripts\quests\man\man0u0.lua,,,natural_onEventStarted,,,"callClientFunction(player, ""delegateEvent"", player, quest, ""processEvent000_6_2"")",starter push call contract
delegate_push_call_rows,man0u0,110009,Flowers for All,main_scenario,handwritten_event_driver,seq010_onTalk,274,,callClientFunction,processEvent020_2,,,,,Data\scripts\quests\man\man0u0.lua,,,natural_onEventStarted,,,"callClientFunction(player, ""delegateEvent"", player, quest, ""processEvent020_2"")",starter push call contract
delegate_push_call_rows,man0u0,110009,Flowers for All,main_scenario,handwritten_event_driver,seq010_onTalk,276,,callClientFunction,processEvent020_3,,,,,Data\scripts\quests\man\man0u0.lua,,,natural_onEventStarted,,,"callClientFunction(player, ""delegateEvent"", player, quest, ""processEvent020_3"")",starter push call contract
delegate_push_call_rows,man0u0,110009,Flowers for All,main_scenario,handwritten_event_driver,seq010_onTalk,278,,callClientFunction,processEvent020_4,,,,,Data\scripts\quests\man\man0u0.lua,,,natural_onEventStarted,,,"callClientFunction(player, ""delegateEvent"", player, quest, ""processEvent020_4"")",starter push call contract
delegate_push_call_rows,man0u0,110009,Flowers for All,main_scenario,handwritten_event_driver,seq010_onTalk,280,,callClientFunction,processEvent000_14,,,,,Data\scripts\quests\man\man0u0.lua,,,natural_onEventStarted,,,"callClientFunction(player, ""delegateEvent"", player, quest, ""processEvent000_14"")",starter push call contract
delegate_push_call_rows,man0u0,110009,Flowers for All,main_scenario,handwritten_event_driver,seq010_onTalk,282,,callClientFunction,processEtc003,,,,,Data\scripts\quests\man\man0u0.lua,,,natural_onEventStarted,,,"callClientFunction(player, ""delegateEvent"", player, quest, ""processEtc003"")",starter push call contract
delegate_push_call_rows,man0u0,110009,Flowers for All,main_scenario,handwritten_event_driver,seq010_onTalk,284,,callClientFunction,processEtc001,,,,,Data\scripts\quests\man\man0u0.lua,,,natural_onEventStarted,,,"callClientFunction(player, ""delegateEvent"", player, quest, ""processEtc001"")",starter push call contract
delegate_push_call_rows,man0u0,110009,Flowers for All,main_scenario,handwritten_event_driver,seq010_onTalk,286,,callClientFunction,processEtc002,,,,,Data\scripts\quests\man\man0u0.lua,,,natural_onEventStarted,,,"callClientFunction(player, ""delegateEvent"", player, quest, ""processEtc002"")",starter push call contract
delegate_push_call_rows,man0u0,110009,Flowers for All,main_scenario,handwritten_event_driver,seq010_onTalk,289,,callClientFunction,processEvent020_8,,,,,Data\scripts\quests\man\man0u0.lua,,,natural_onEventStarted,,,"callClientFunction(player, ""delegateEvent"", player, quest, ""processEvent020_8"")",starter push call contract
delegate_push_call_rows,man0u0,110009,Flowers for All,main_scenario,handwritten_event_driver,seq010_onTalk,292,,callClientFunction,processEvent020_8,,,,,Data\scripts\quests\man\man0u0.lua,,,natural_onEventStarted,,,"callClientFunction(player, ""delegateEvent"", player, quest, ""processEvent020_8"")",starter push call contract
fight_route_matrix,man0u0,110009,Flowers for All,main_scenario,handwritten_event_driver,,,,,Push 1099046 -> Man0u1,,,,,man0u01,2203301,strict_kill_route_reachable,private_content_lifecycle_ready_probe_rewards,1,probe reward/return lock and then enable the narrow quest row,Data\scripts\quests\man\man0u0.lua; Data\scripts\quests\man\man0u0.lua:327; Data\scripts\content\SimpleContent30079.lua; Data\scripts\directors\Quest\QuestDirectorMan0u001.lua,starter fight route/materialization
flag_usage_rows,man0u0,110009,Flowers for All,main_scenario,handwritten_event_driver,onStateChange,117,,GetFlag,GetFlag,,,,,Data/scripts/quests/man/man0u0.lua,,,,,,local asciliaCanPush = not data:GetFlag(FLAG_SEQ000_MINITUT0);,starter flag/counter usage
flag_usage_rows,man0u0,110009,Flowers for All,main_scenario,handwritten_event_driver,onStateChange,118,,GetFlag,GetFlag,,,,,Data/scripts/quests/man/man0u0.lua,,,,,,local asciliaFlag = (not data:GetFlag(FLAG_SEQ000_MINITUT1)) and QFLAG_TALK or QFLAG_NONE;,starter flag/counter usage
flag_usage_rows,man0u0,110009,Flowers for All,main_scenario,handwritten_event_driver,onStateChange,119,,GetFlag,GetFlag,,,,,Data/scripts/quests/man/man0u0.lua,,,,,,local fretfulfarmhandFlag = (not data:GetFlag(FLAG_SEQ000_MINITUT2) and QFLAG_TALK or QFLAG_OFF);,starter flag/counter usage
flag_usage_rows,man0u0,110009,Flowers for All,main_scenario,handwritten_event_driver,onStateChange,120,,GetFlag,GetFlag,,,,,Data/scripts/quests/man/man0u0.lua,,,,,,local gildiggingmistressFlag = (not data:GetFlag(FLAG_SEQ000_MINITUT3) and QFLAG_TALK or QFLAG_OFF);,starter flag/counter usage
flag_usage_rows,man0u0,110009,Flowers for All,main_scenario,handwritten_event_driver,onStateChange,124,,GetFlag,GetFlag,,,,,Data/scripts/quests/man/man0u0.lua,,,,,,(data:GetFlag(FLAG_SEQ000_MINITUT1) and data:GetFlag(FLAG_SEQ000_MINITUT2) and data:GetFlag(FLAG_SEQ000_MINITUT3)) and QFLAG_PUSH or QFLAG_NONE;,starter flag/counter usage
flag_usage_rows,man0u0,110009,Flowers for All,main_scenario,handwritten_event_driver,onStateChange,124,,GetFlag,GetFlag,,,,,Data/scripts/quests/man/man0u0.lua,,,,,,(data:GetFlag(FLAG_SEQ000_MINITUT1) and data:GetFlag(FLAG_SEQ000_MINITUT2) and data:GetFlag(FLAG_SEQ000_MINITUT3)) and QFLAG_PUSH or QFLAG_NONE;,starter flag/counter usage
flag_usage_rows,man0u0,110009,Flowers for All,main_scenario,handwritten_event_driver,onStateChange,124,,GetFlag,GetFlag,,,,,Data/scripts/quests/man/man0u0.lua,,,,,,(data:GetFlag(FLAG_SEQ000_MINITUT1) and data:GetFlag(FLAG_SEQ000_MINITUT2) and data:GetFlag(FLAG_SEQ000_MINITUT3)) and QFLAG_PUSH or QFLAG_NONE;,starter flag/counter usage
flag_usage_rows,man0u0,110009,Flowers for All,main_scenario,handwritten_event_driver,onStateChange,147,,GetFlag,GetFlag,,,,,Data/scripts/quests/man/man0u0.lua,,,,,,local yayatokiFlag = (not data:GetFlag(FLAG_SEQ010_TALK0) and QFLAG_TALK or QFLAG_OFF);,starter flag/counter usage
flag_usage_rows,man0u0,110009,Flowers for All,main_scenario,handwritten_event_driver,onPush,181,,GetFlag,GetFlag,,,,,Data/scripts/quests/man/man0u0.lua,,,,,,if (not data:GetFlag(FLAG_SEQ000_TARGET_STARTED)) then,starter flag/counter usage
flag_usage_rows,man0u0,110009,Flowers for All,main_scenario,handwritten_event_driver,onPush,183,,SetFlag,SetFlag,,,,,Data/scripts/quests/man/man0u0.lua,,,,,,data:SetFlag(FLAG_SEQ000_TARGET_STARTED);,starter flag/counter usage
flag_usage_rows,man0u0,110009,Flowers for All,main_scenario,handwritten_event_driver,onPush,188,,GetFlag,GetFlag,,,,,Data/scripts/quests/man/man0u0.lua,,,,,,if (data:GetFlag(FLAG_SEQ000_MINITUT1) and,starter flag/counter usage
flag_usage_rows,man0u0,110009,Flowers for All,main_scenario,handwritten_event_driver,onPush,189,,GetFlag,GetFlag,,,,,Data/scripts/quests/man/man0u0.lua,,,,,,data:GetFlag(FLAG_SEQ000_MINITUT2) and,starter flag/counter usage
flag_usage_rows,man0u0,110009,Flowers for All,main_scenario,handwritten_event_driver,onPush,190,,GetFlag,GetFlag,,,,,Data/scripts/quests/man/man0u0.lua,,,,,,data:GetFlag(FLAG_SEQ000_MINITUT3)) then,starter flag/counter usage
flag_usage_rows,man0u0,110009,Flowers for All,main_scenario,handwritten_event_driver,seq000_onTalk,224,,GetFlag,GetFlag,,,,,Data/scripts/quests/man/man0u0.lua,,,,,,if (not data:GetFlag(FLAG_SEQ000_TARGET_STARTED)) then,starter flag/counter usage
flag_usage_rows,man0u0,110009,Flowers for All,main_scenario,handwritten_event_driver,seq000_onTalk,228,,GetFlag,GetFlag,,,,,Data/scripts/quests/man/man0u0.lua,,,,,,if (not data:GetFlag(FLAG_SEQ000_MINITUT0)) then -- If Talk tutorial,starter flag/counter usage
flag_usage_rows,man0u0,110009,Flowers for All,main_scenario,handwritten_event_driver,seq000_onTalk,230,,SetFlag,SetFlag,,,,,Data/scripts/quests/man/man0u0.lua,,,,,,data:SetFlag(FLAG_SEQ000_MINITUT0); -- Used to disable her PushEvent / Allow for her next TalkEvent,starter flag/counter usage
flag_usage_rows,man0u0,110009,Flowers for All,main_scenario,handwritten_event_driver,seq000_onTalk,233,,SetFlag,SetFlag,,,,,Data/scripts/quests/man/man0u0.lua,,,,,,data:SetFlag(FLAG_SEQ000_MINITUT1); -- Ascilia has now been talked to.,starter flag/counter usage
flag_usage_rows,man0u0,110009,Flowers for All,main_scenario,handwritten_event_driver,seq000_onTalk,236,,GetFlag,GetFlag,,,,,Data/scripts/quests/man/man0u0.lua,,,,,,if (not data:GetFlag(FLAG_SEQ000_MINITUT2)) then,starter flag/counter usage
flag_usage_rows,man0u0,110009,Flowers for All,main_scenario,handwritten_event_driver,seq000_onTalk,238,,SetFlag,SetFlag,,,,,Data/scripts/quests/man/man0u0.lua,,,,,,data:SetFlag(FLAG_SEQ000_MINITUT2);,starter flag/counter usage
flag_usage_rows,man0u0,110009,Flowers for All,main_scenario,handwritten_event_driver,seq000_onTalk,243,,GetFlag,GetFlag,,,,,Data/scripts/quests/man/man0u0.lua,,,,,,if (not data:GetFlag(FLAG_SEQ000_MINITUT3)) then,starter flag/counter usage
flag_usage_rows,man0u0,110009,Flowers for All,main_scenario,handwritten_event_driver,seq000_onTalk,245,,SetFlag,SetFlag,,,,,Data/scripts/quests/man/man0u0.lua,,,,,,data:SetFlag(FLAG_SEQ000_MINITUT3);,starter flag/counter usage
flag_usage_rows,man0u0,110009,Flowers for All,main_scenario,handwritten_event_driver,seq010_onTalk,288,,GetFlag,GetFlag,,,,,Data/scripts/quests/man/man0u0.lua,,,,,,if (not data:GetFlag(FLAG_SEQ010_TALK0)) then,starter flag/counter usage
flag_usage_rows,man0u0,110009,Flowers for All,main_scenario,handwritten_event_driver,seq010_onTalk,290,,SetFlag,SetFlag,,,,,Data/scripts/quests/man/man0u0.lua,,,,,,data:SetFlag(FLAG_SEQ010_TALK0);,starter flag/counter usage
flag_usage_rows,man0u0,110009,Flowers for All,main_scenario,handwritten_event_driver,seq010_onTalk,291,,GetFlag,GetFlag,,,,,Data/scripts/quests/man/man0u0.lua,,,,,,elseif (data:GetFlag(FLAG_SEQ010_TALK0)) then,starter flag/counter usage
flag_usage_rows,man0u0,110009,Flowers for All,main_scenario,handwritten_event_driver,getJournalMapMarkerList,305,,GetFlag,GetFlag,,,,,Data/scripts/quests/man/man0u0.lua,,,,,,if (data:GetFlag(FLAG_SEQ000_MINITUT0)) then,starter flag/counter usage
flag_usage_rows,man0u0,110009,Flowers for All,main_scenario,handwritten_event_driver,getJournalMapMarkerList,306,,GetFlag,GetFlag,,,,,Data/scripts/quests/man/man0u0.lua,,,,,,"if (not data:GetFlag(FLAG_SEQ000_MINITUT1)) then table.insert(possibleMarkers, MRKR_ASCILIA); end",starter flag/counter usage
flag_usage_rows,man0u0,110009,Flowers for All,main_scenario,handwritten_event_driver,getJournalMapMarkerList,307,,GetFlag,GetFlag,,,,,Data/scripts/quests/man/man0u0.lua,,,,,,"if (not data:GetFlag(FLAG_SEQ000_MINITUT2)) then table.insert(possibleMarkers, MRKR_FRETFUL_FARMHAND); end",starter flag/counter usage
flag_usage_rows,man0u0,110009,Flowers for All,main_scenario,handwritten_event_driver,getJournalMapMarkerList,308,,GetFlag,GetFlag,,,,,Data/scripts/quests/man/man0u0.lua,,,,,,"if (not data:GetFlag(FLAG_SEQ000_MINITUT3)) then table.insert(possibleMarkers, MRKR_GIL_DIGGING_MISTRESS); end",starter flag/counter usage
flag_usage_rows,man0u0,110009,Flowers for All,main_scenario,handwritten_event_driver,getJournalMapMarkerList,311,,GetFlag,GetFlag,,,,,Data/scripts/quests/man/man0u0.lua,,,,,,if ((data:GetFlag(FLAG_SEQ000_MINITUT1)) and (data:GetFlag(FLAG_SEQ000_MINITUT2)) and (data:GetFlag(FLAG_SEQ000_MINITUT3))) then,starter flag/counter usage
flag_usage_rows,man0u0,110009,Flowers for All,main_scenario,handwritten_event_driver,getJournalMapMarkerList,311,,GetFlag,GetFlag,,,,,Data/scripts/quests/man/man0u0.lua,,,,,,if ((data:GetFlag(FLAG_SEQ000_MINITUT1)) and (data:GetFlag(FLAG_SEQ000_MINITUT2)) and (data:GetFlag(FLAG_SEQ000_MINITUT3))) then,starter flag/counter usage
flag_usage_rows,man0u0,110009,Flowers for All,main_scenario,handwritten_event_driver,getJournalMapMarkerList,311,,GetFlag,GetFlag,,,,,Data/scripts/quests/man/man0u0.lua,,,,,,if ((data:GetFlag(FLAG_SEQ000_MINITUT1)) and (data:GetFlag(FLAG_SEQ000_MINITUT2)) and (data:GetFlag(FLAG_SEQ000_MINITUT3))) then,starter flag/counter usage
flag_usage_rows,man0u0,110009,Flowers for All,main_scenario,handwritten_event_driver,getJournalMapMarkerList,315,,GetFlag,GetFlag,,,,,Data/scripts/quests/man/man0u0.lua,,,,,,if (not data:GetFlag(FLAG_SEQ010_TALK0)) then,starter flag/counter usage
function_skeleton_rows,man0u0,110009,Flowers for All,main_scenario,handwritten_event_driver,init,5,,,,,,,,Data/scripts/directors/Quest/QuestDirectorMan0u001.lua,,,,,,,starter function skeleton
function_skeleton_rows,man0u0,110009,Flowers for All,main_scenario,handwritten_event_driver,onKillBNpc,13,,,,,,,,Data/scripts/directors/Quest/QuestDirectorMan0u001.lua,,,,,,34:event:processEvent020 -> 29:action:StartSequence -> 30:action:kickEventContinue -> 37:action:ContentFinished -> 38:action:DoZoneChange -> 39:action:StartSequence,starter function skeleton
function_skeleton_rows,man0u0,110009,Flowers for All,main_scenario,handwritten_event_driver,onEventStarted,46,,,,,,,,Data/scripts/directors/Quest/QuestDirectorMan0u001.lua,,,,,,54:event:processTtrBtl001 -> 61:event:processTtrBtl002 -> 92:event:processTtrBtlMagic001 -> 49:SetCounter:COUNTER_QUESTKILL -> 55:action:EndEvent -> 58:action:kickEventContinue -> 62:action:EndEvent -> 70:action:kickEventContinue -> 81:action:EndEvent -> 85:action:kickEventContinue -> 95:action:kickEventContinue -> 103:action:EndEvent,starter function skeleton
function_skeleton_rows,man0u0,110009,Flowers for All,main_scenario,handwritten_event_driver,onStart,99,,,,,,,,Data/scripts/quests/man/man0u0.lua,,,,,,100:action:StartSequence,starter function skeleton
function_skeleton_rows,man0u0,110009,Flowers for All,main_scenario,handwritten_event_driver,onFinish,103,,,,,,,,Data/scripts/quests/man/man0u0.lua,,,,,,,starter function skeleton
function_skeleton_rows,man0u0,110009,Flowers for All,main_scenario,handwritten_event_driver,onNotice,106,,,,,,,,Data/scripts/quests/man/man0u0.lua,,,,,,107:event:processTtrNomal001withHQ -> 108:action:EndEvent,starter function skeleton
function_skeleton_rows,man0u0,110009,Flowers for All,main_scenario,handwritten_event_driver,onStateChange,112,,,,,,,,Data/scripts/quests/man/man0u0.lua,,,,,,117:GetFlag:FLAG_SEQ000_MINITUT0 -> 118:GetFlag:FLAG_SEQ000_MINITUT1 -> 119:GetFlag:FLAG_SEQ000_MINITUT2 -> 120:GetFlag:FLAG_SEQ000_MINITUT3 -> 124:GetFlag:FLAG_SEQ000_MINITUT1 -> 124:GetFlag:FLAG_SEQ000_MINITUT2 -> 124:GetFlag:FLAG_SEQ000_MINITUT3 -> 147:GetFlag:FLAG_SEQ010_TALK0,starter function skeleton
function_skeleton_rows,man0u0,110009,Flowers for All,main_scenario,handwritten_event_driver,onTalk,162,,,,,,,,Data/scripts/quests/man/man0u0.lua,,,,,,,starter function skeleton
function_skeleton_rows,man0u0,110009,Flowers for All,main_scenario,handwritten_event_driver,onPush,174,,,,,,,,Data/scripts/quests/man/man0u0.lua,,,,,,182:event:processTtrNomal002 -> 194:event:processTtrBlkNml001 -> 205:event:processTtrBlkNml002 -> 208:event:processTtrBlkNml003 -> 181:GetFlag:FLAG_SEQ000_TARGET_STARTED -> 183:SetFlag:FLAG_SEQ000_TARGET_STARTED -> 188:GetFlag:FLAG_SEQ000_MINITUT1 -> 189:GetFlag:FLAG_SEQ000_MINITUT2 -> 190:GetFlag:FLAG_SEQ000_MINITUT3 -> 184:action:EndEvent -> 196:action:EndEvent -> 212:action:ReplaceQuest,starter function skeleton
function_skeleton_rows,man0u0,110009,Flowers for All,main_scenario,handwritten_event_driver,seq000_onTalk,219,,,,,,,,Data/scripts/quests/man/man0u0.lua,,,,,,229:event:processTtrNomal003 -> 232:event:processTtrMini001 -> 237:event:processTtrMini002_first -> 240:event:processTtrMini002 -> 244:event:processTtrMini003_first -> 247:event:processTtrMini003 -> 250:event:processEvent000_3 -> 252:event:processEvent000_13 -> 254:event:processEvent000_6 -> 256:event:processEvent000_8 -> 258:event:processEvent000_9 -> 260:event:processEvent000_10 -> 262:event:processEvent000_12 -> 264:event:processEvent000_6_2,starter function skeleton
function_skeleton_rows,man0u0,110009,Flowers for All,main_scenario,handwritten_event_driver,seq010_onTalk,270,,,,,,,,Data/scripts/quests/man/man0u0.lua,,,,,,274:event:processEvent020_2 -> 276:event:processEvent020_3 -> 278:event:processEvent020_4 -> 280:event:processEvent000_14 -> 282:event:processEtc003 -> 284:event:processEtc001 -> 286:event:processEtc002 -> 289:event:processEvent020_8 -> 292:event:processEvent020_8 -> 288:GetFlag:FLAG_SEQ010_TALK0 -> 290:SetFlag:FLAG_SEQ010_TALK0 -> 291:GetFlag:FLAG_SEQ010_TALK0 -> 296:action:EndEvent,starter function skeleton
function_skeleton_rows,man0u0,110009,Flowers for All,main_scenario,handwritten_event_driver,getJournalMapMarkerList,299,,,,,,,,Data/scripts/quests/man/man0u0.lua,,,,,,305:GetFlag:FLAG_SEQ000_MINITUT0 -> 306:GetFlag:FLAG_SEQ000_MINITUT1 -> 307:GetFlag:FLAG_SEQ000_MINITUT2 -> 308:GetFlag:FLAG_SEQ000_MINITUT3 -> 311:GetFlag:FLAG_SEQ000_MINITUT1 -> 311:GetFlag:FLAG_SEQ000_MINITUT2 -> 311:GetFlag:FLAG_SEQ000_MINITUT3 -> 315:GetFlag:FLAG_SEQ010_TALK0,starter function skeleton
function_skeleton_rows,man0u0,110009,Flowers for All,main_scenario,handwritten_event_driver,doExitTrigger,324,,,,,,,,Data/scripts/quests/man/man0u0.lua,,,,,,333:action:AddDirector -> 334:action:StartDirector -> 336:action:SetLoginDirector -> 338:action:DoZoneChangeContent -> 340:action:StartContentGroup -> 341:action:StartSequence -> 342:action:KickEvent,starter function skeleton
lifecycle_action_rows,man0u0,110009,Flowers for All,main_scenario,handwritten_event_driver,onStart,100,,StartSequence,StartSequence,,,,,Data\scripts\quests\man\man0u0.lua,,,,,,StartSequence(SEQ_000),starter local lifecycle action
lifecycle_action_rows,man0u0,110009,Flowers for All,main_scenario,handwritten_event_driver,onNotice,108,,EndEvent,EndEvent,,,,,Data\scripts\quests\man\man0u0.lua,,,,,,EndEvent(),starter local lifecycle action
lifecycle_action_rows,man0u0,110009,Flowers for All,main_scenario,handwritten_event_driver,onPush,184,SEQ_000,EndEvent,EndEvent,,,,,Data\scripts\quests\man\man0u0.lua,,,,,,EndEvent(),starter local lifecycle action
lifecycle_action_rows,man0u0,110009,Flowers for All,main_scenario,handwritten_event_driver,onPush,196,SEQ_000,EndEvent,EndEvent,,,,,Data\scripts\quests\man\man0u0.lua,,,,,,EndEvent(),starter local lifecycle action
lifecycle_action_rows,man0u0,110009,Flowers for All,main_scenario,handwritten_event_driver,seq000_onTalk,225,SEQ_010,EndEvent,EndEvent,,,,,Data\scripts\quests\man\man0u0.lua,,,,,,EndEvent(),starter local lifecycle action
lifecycle_action_rows,man0u0,110009,Flowers for All,main_scenario,handwritten_event_driver,seq000_onTalk,267,,EndEvent,EndEvent,,,,,Data\scripts\quests\man\man0u0.lua,,,,,,EndEvent(),starter local lifecycle action
lifecycle_action_rows,man0u0,110009,Flowers for All,main_scenario,handwritten_event_driver,seq010_onTalk,296,,EndEvent,EndEvent,,,,,Data\scripts\quests\man\man0u0.lua,,,,,,EndEvent(),starter local lifecycle action
lifecycle_action_rows,man0u0,110009,Flowers for All,main_scenario,handwritten_event_driver,doExitTrigger,326,SEQ_010,StartSequence,StartSequence,,,,,Data\scripts\quests\man\man0u0.lua,,,,,,StartSequence(SEQ_005),starter local lifecycle action
lifecycle_action_rows,man0u0,110009,Flowers for All,main_scenario,handwritten_event_driver,doExitTrigger,334,SEQ_010,AddDirector,AddDirector,,,,,Data\scripts\quests\man\man0u0.lua,,,,,,AddDirector(director),starter local lifecycle action
lifecycle_action_rows,man0u0,110009,Flowers for All,main_scenario,handwritten_event_driver,doExitTrigger,335,SEQ_010,StartDirector,StartDirector,,,,,Data\scripts\quests\man\man0u0.lua,,,,,,StartDirector(false),starter local lifecycle action
lifecycle_action_rows,man0u0,110009,Flowers for All,main_scenario,handwritten_event_driver,doExitTrigger,337,SEQ_010,KickEvent,KickEvent,,,,,Data\scripts\quests\man\man0u0.lua,,,,,,"KickEvent(director, ""noticeEvent"", true)",starter local lifecycle action
lifecycle_action_rows,man0u0,110009,Flowers for All,main_scenario,handwritten_event_driver,doExitTrigger,338,SEQ_010,SetLoginDirector,SetLoginDirector,,,,,Data\scripts\quests\man\man0u0.lua,,,,,,SetLoginDirector(director),starter local lifecycle action
lifecycle_action_rows,man0u0,110009,Flowers for All,main_scenario,handwritten_event_driver,doExitTrigger,340,SEQ_010,DoZoneChangeContent,DoZoneChangeContent,,,,,Data\scripts\quests\man\man0u0.lua,,,,,,"DoZoneChangeContent(player, contentArea, -17.7, 192, 37.7, 0.93, 16)",starter local lifecycle action
local_constant_rows,man0u0,110009,Flowers for All,main_scenario,handwritten_event_driver,,,,actor_or_other,ASCILIA,,,,,Data\scripts\quests\man\man0u0.lua,,,,,,,starter local constant/actor mapping
local_constant_rows,man0u0,110009,Flowers for All,main_scenario,handwritten_event_driver,,,,actor_or_other,BIG_BELLIED_BARKER,,,,,Data\scripts\quests\man\man0u0.lua,,,,,,,starter local constant/actor mapping
local_constant_rows,man0u0,110009,Flowers for All,main_scenario,handwritten_event_driver,,,,actor_or_other,BLOCKER,,,,,Data\scripts\quests\man\man0u0.lua,,,,,,,starter local constant/actor mapping
local_constant_rows,man0u0,110009,Flowers for All,main_scenario,handwritten_event_driver,,,,actor_or_other,CROWD_ELEZEN_F,,,,,Data\scripts\quests\man\man0u0.lua,,,,,,,starter local constant/actor mapping
local_constant_rows,man0u0,110009,Flowers for All,main_scenario,handwritten_event_driver,,,,actor_or_other,CROWD_ELEZEN_M,,,,,Data\scripts\quests\man\man0u0.lua,,,,,,,starter local constant/actor mapping
local_constant_rows,man0u0,110009,Flowers for All,main_scenario,handwritten_event_driver,,,,actor_or_other,CROWD_HYUR_F,,,,,Data\scripts\quests\man\man0u0.lua,,,,,,,starter local constant/actor mapping
local_constant_rows,man0u0,110009,Flowers for All,main_scenario,handwritten_event_driver,,,,actor_or_other,CROWD_HYUR_M,,,,,Data\scripts\quests\man\man0u0.lua,,,,,,,starter local constant/actor mapping
local_constant_rows,man0u0,110009,Flowers for All,main_scenario,handwritten_event_driver,,,,actor_or_other,CROWD_LALAFELL_F,,,,,Data\scripts\quests\man\man0u0.lua,,,,,,,starter local constant/actor mapping
local_constant_rows,man0u0,110009,Flowers for All,main_scenario,handwritten_event_driver,,,,actor_or_other,CROWD_LALAFELL_M,,,,,Data\scripts\quests\man\man0u0.lua,,,,,,,starter local constant/actor mapping
local_constant_rows,man0u0,110009,Flowers for All,main_scenario,handwritten_event_driver,,,,actor_or_other,CROWD_MIQOTE,,,,,Data\scripts\quests\man\man0u0.lua,,,,,,,starter local constant/actor mapping
local_constant_rows,man0u0,110009,Flowers for All,main_scenario,handwritten_event_driver,,,,actor_or_other,CROWD_ROEGADYN,,,,,Data\scripts\quests\man\man0u0.lua,,,,,,,starter local constant/actor mapping
local_constant_rows,man0u0,110009,Flowers for All,main_scenario,handwritten_event_driver,,,,actor_or_other,DAPPER_DAN,,,,,Data\scripts\quests\man\man0u0.lua,,,,,,,starter local constant/actor mapping
local_constant_rows,man0u0,110009,Flowers for All,main_scenario,handwritten_event_driver,,,,actor_or_other,DEBAUCHED_DEMONESS,,,,,Data\scripts\quests\man\man0u0.lua,,,,,,,starter local constant/actor mapping
local_constant_rows,man0u0,110009,Flowers for All,main_scenario,handwritten_event_driver,,,,actor_or_other,DISREPUTABLE_MIDLANDER,,,,,Data\scripts\quests\man\man0u0.lua,,,,,,,starter local constant/actor mapping
local_constant_rows,man0u0,110009,Flowers for All,main_scenario,handwritten_event_driver,,,,actor_or_other,EXIT_TRIGGER,,,,,Data\scripts\quests\man\man0u0.lua,,,,,,,starter local constant/actor mapping
local_constant_rows,man0u0,110009,Flowers for All,main_scenario,handwritten_event_driver,,,,flag,FLAG_SEQ000_MINITUT0,,,,,Data\scripts\quests\man\man0u0.lua,,,,,,,starter local constant/actor mapping
local_constant_rows,man0u0,110009,Flowers for All,main_scenario,handwritten_event_driver,,,,flag,FLAG_SEQ000_MINITUT1,,,,,Data\scripts\quests\man\man0u0.lua,,,,,,,starter local constant/actor mapping
local_constant_rows,man0u0,110009,Flowers for All,main_scenario,handwritten_event_driver,,,,flag,FLAG_SEQ000_MINITUT2,,,,,Data\scripts\quests\man\man0u0.lua,,,,,,,starter local constant/actor mapping
local_constant_rows,man0u0,110009,Flowers for All,main_scenario,handwritten_event_driver,,,,flag,FLAG_SEQ000_MINITUT3,,,,,Data\scripts\quests\man\man0u0.lua,,,,,,,starter local constant/actor mapping
local_constant_rows,man0u0,110009,Flowers for All,main_scenario,handwritten_event_driver,,,,flag,FLAG_SEQ000_TARGET_STARTED,,,,,Data\scripts\quests\man\man0u0.lua,,,,,,,starter local constant/actor mapping
local_constant_rows,man0u0,110009,Flowers for All,main_scenario,handwritten_event_driver,,,,flag,FLAG_SEQ010_TALK0,,,,,Data\scripts\quests\man\man0u0.lua,,,,,,,starter local constant/actor mapping
local_constant_rows,man0u0,110009,Flowers for All,main_scenario,handwritten_event_driver,,,,actor_or_other,FRETFUL_FARMHAND,,,,,Data\scripts\quests\man\man0u0.lua,,,,,,,starter local constant/actor mapping
local_constant_rows,man0u0,110009,Flowers for All,main_scenario,handwritten_event_driver,,,,actor_or_other,FULL_LIPPED_FILLE,,,,,Data\scripts\quests\man\man0u0.lua,,,,,,,starter local constant/actor mapping
local_constant_rows,man0u0,110009,Flowers for All,main_scenario,handwritten_event_driver,,,,actor_or_other,GIL_DIGGING_MISTRESS,,,,,Data\scripts\quests\man\man0u0.lua,,,,,,,starter local constant/actor mapping
local_constant_rows,man0u0,110009,Flowers for All,main_scenario,handwritten_event_driver,,,,actor_or_other,GUILD_BERTRAM,,,,,Data\scripts\quests\man\man0u0.lua,,,,,,,starter local constant/actor mapping
local_constant_rows,man0u0,110009,Flowers for All,main_scenario,handwritten_event_driver,,,,actor_or_other,GUILD_EUSTACE,,,,,Data\scripts\quests\man\man0u0.lua,,,,,,,starter local constant/actor mapping
local_constant_rows,man0u0,110009,Flowers for All,main_scenario,handwritten_event_driver,,,,actor_or_other,GUILD_HILDIE,,,,,Data\scripts\quests\man\man0u0.lua,,,,,,,starter local constant/actor mapping
local_constant_rows,man0u0,110009,Flowers for All,main_scenario,handwritten_event_driver,,,,actor_or_other,GUILD_KIORA,,,,,Data\scripts\quests\man\man0u0.lua,,,,,,,starter local constant/actor mapping
local_constant_rows,man0u0,110009,Flowers for All,main_scenario,handwritten_event_driver,,,,actor_or_other,GUILD_LETTICE,,,,,Data\scripts\quests\man\man0u0.lua,,,,,,,starter local constant/actor mapping
local_constant_rows,man0u0,110009,Flowers for All,main_scenario,handwritten_event_driver,,,,actor_or_other,GUILD_MINERVA,,,,,Data\scripts\quests\man\man0u0.lua,,,,,,,starter local constant/actor mapping
local_constant_rows,man0u0,110009,Flowers for All,main_scenario,handwritten_event_driver,,,,actor_or_other,GUILD_OPONDHAO,,,,,Data\scripts\quests\man\man0u0.lua,,,,,,,starter local constant/actor mapping
local_constant_rows,man0u0,110009,Flowers for All,main_scenario,handwritten_event_driver,,,,actor_or_other,GUILD_OTOPA_POTTOPA,,,,,Data\scripts\quests\man\man0u0.lua,,,,,,,starter local constant/actor mapping
local_constant_rows,man0u0,110009,Flowers for All,main_scenario,handwritten_event_driver,,,,actor_or_other,GUILD_SESEBARU,,,,,Data\scripts\quests\man\man0u0.lua,,,,,,,starter local constant/actor mapping
local_constant_rows,man0u0,110009,Flowers for All,main_scenario,handwritten_event_driver,,,,actor_or_other,GUILD_STYRMOEYA,,,,,Data\scripts\quests\man\man0u0.lua,,,,,,,starter local constant/actor mapping
local_constant_rows,man0u0,110009,Flowers for All,main_scenario,handwritten_event_driver,,,,actor_or_other,GUILD_THAISIE,,,,,Data\scripts\quests\man\man0u0.lua,,,,,,,starter local constant/actor mapping
local_constant_rows,man0u0,110009,Flowers for All,main_scenario,handwritten_event_driver,,,,actor_or_other,GUILD_TOTONAWA,,,,,Data\scripts\quests\man\man0u0.lua,,,,,,,starter local constant/actor mapping
local_constant_rows,man0u0,110009,Flowers for All,main_scenario,handwritten_event_driver,,,,actor_or_other,GUILD_TYON,,,,,Data\scripts\quests\man\man0u0.lua,,,,,,,starter local constant/actor mapping
local_constant_rows,man0u0,110009,Flowers for All,main_scenario,handwritten_event_driver,,,,actor_or_other,GUILD_YHAH_AMARIYO,,,,,Data\scripts\quests\man\man0u0.lua,,,,,,,starter local constant/actor mapping
local_constant_rows,man0u0,110009,Flowers for All,main_scenario,handwritten_event_driver,,,,actor_or_other,GUILD_ZOENGTERBIN,,,,,Data\scripts\quests\man\man0u0.lua,,,,,,,starter local constant/actor mapping
local_constant_rows,man0u0,110009,Flowers for All,main_scenario,handwritten_event_driver,,,,actor_or_other,HIGH_SPIRITED_FELLOW,,,,,Data\scripts\quests\man\man0u0.lua,,,,,,,starter local constant/actor mapping
local_constant_rows,man0u0,110009,Flowers for All,main_scenario,handwritten_event_driver,,,,actor_or_other,KEEN_EYED_MERCHANT,,,,,Data\scripts\quests\man\man0u0.lua,,,,,,,starter local constant/actor mapping
local_constant_rows,man0u0,110009,Flowers for All,main_scenario,handwritten_event_driver,,,,actor_or_other,LARGE_LUNGED_LABORER,,,,,Data\scripts\quests\man\man0u0.lua,,,,,,,starter local constant/actor mapping
local_constant_rows,man0u0,110009,Flowers for All,main_scenario,handwritten_event_driver,,,,actor_or_other,LONG_LEGGED_LADY,,,,,Data\scripts\quests\man\man0u0.lua,,,,,,,starter local constant/actor mapping
local_constant_rows,man0u0,110009,Flowers for All,main_scenario,handwritten_event_driver,,,,actor_or_other,LOUTISH_LAD,,,,,Data\scripts\quests\man\man0u0.lua,,,,,,,starter local constant/actor mapping
local_constant_rows,man0u0,110009,Flowers for All,main_scenario,handwritten_event_driver,,,,marker,MRKR_ADV_GUILD,,,,,Data\scripts\quests\man\man0u0.lua,,,,,,,starter local constant/actor mapping
local_constant_rows,man0u0,110009,Flowers for All,main_scenario,handwritten_event_driver,,,,marker,MRKR_ASCILIA,,,,,Data\scripts\quests\man\man0u0.lua,,,,,,,starter local constant/actor mapping
local_constant_rows,man0u0,110009,Flowers for All,main_scenario,handwritten_event_driver,,,,marker,MRKR_COMBAT_TUTORIAL,,,,,Data\scripts\quests\man\man0u0.lua,,,,,,,starter local constant/actor mapping
local_constant_rows,man0u0,110009,Flowers for All,main_scenario,handwritten_event_driver,,,,marker,MRKR_FRETFUL_FARMHAND,,,,,Data\scripts\quests\man\man0u0.lua,,,,,,,starter local constant/actor mapping
local_constant_rows,man0u0,110009,Flowers for All,main_scenario,handwritten_event_driver,,,,marker,MRKR_GIL_DIGGING_MISTRESS,,,,,Data\scripts\quests\man\man0u0.lua,,,,,,,starter local constant/actor mapping
local_constant_rows,man0u0,110009,Flowers for All,main_scenario,handwritten_event_driver,,,,marker,MRKR_YAYATOKI,,,,,Data\scripts\quests\man\man0u0.lua,,,,,,,starter local constant/actor mapping
local_constant_rows,man0u0,110009,Flowers for All,main_scenario,handwritten_event_driver,,,,actor_or_other,OPENING_STOPER_ULDAH,,,,,Data\scripts\quests\man\man0u0.lua,,,,,,,starter local constant/actor mapping
local_constant_rows,man0u0,110009,Flowers for All,main_scenario,handwritten_event_driver,,,,actor_or_other,RURURAJI,,,,,Data\scripts\quests\man\man0u0.lua,,,,,,,starter local constant/actor mapping
local_constant_rows,man0u0,110009,Flowers for All,main_scenario,handwritten_event_driver,,,,sequence,SEQ_000,,,,,Data\scripts\quests\man\man0u0.lua,,,,,,,starter local constant/actor mapping
local_constant_rows,man0u0,110009,Flowers for All,main_scenario,handwritten_event_driver,,,,sequence,SEQ_005,,,,,Data\scripts\quests\man\man0u0.lua,,,,,,,starter local constant/actor mapping
local_constant_rows,man0u0,110009,Flowers for All,main_scenario,handwritten_event_driver,,,,sequence,SEQ_010,,,,,Data\scripts\quests\man\man0u0.lua,,,,,,,starter local constant/actor mapping
local_constant_rows,man0u0,110009,Flowers for All,main_scenario,handwritten_event_driver,,,,actor_or_other,STOCKY_STRANGER,,,,,Data\scripts\quests\man\man0u0.lua,,,,,,,starter local constant/actor mapping
local_constant_rows,man0u0,110009,Flowers for All,main_scenario,handwritten_event_driver,,,,actor_or_other,TOOTH_GRINDING_TRAVELER,,,,,Data\scripts\quests\man\man0u0.lua,,,,,,,starter local constant/actor mapping
local_constant_rows,man0u0,110009,Flowers for All,main_scenario,handwritten_event_driver,,,,actor_or_other,TWITTERING_TOMBOY,,,,,Data\scripts\quests\man\man0u0.lua,,,,,,,starter local constant/actor mapping
local_constant_rows,man0u0,110009,Flowers for All,main_scenario,handwritten_event_driver,,,,actor_or_other,ULDAH_OPENING_EXIT,,,,,Data\scripts\quests\man\man0u0.lua,,,,,,,starter local constant/actor mapping
local_constant_rows,man0u0,110009,Flowers for All,main_scenario,handwritten_event_driver,,,,actor_or_other,WARBURTON,,,,,Data\scripts\quests\man\man0u0.lua,,,,,,,starter local constant/actor mapping
local_constant_rows,man0u0,110009,Flowers for All,main_scenario,handwritten_event_driver,,,,actor_or_other,YAYATOKI,,,,,Data\scripts\quests\man\man0u0.lua,,,,,,,starter local constant/actor mapping
local_marker_constants,man0u0,110009,Flowers for All,main_scenario,handwritten_event_driver,,82,,,MRKR_YAYATOKI = 11000901;,,,,,Data/scripts/quests/man/man0u0.lua,11000901,,,,,MRKR_YAYATOKI = 11000901;,starter local marker constant
local_marker_constants,man0u0,110009,Flowers for All,main_scenario,handwritten_event_driver,,83,,,MRKR_ASCILIA = 11000902;,,,,,Data/scripts/quests/man/man0u0.lua,11000902,,,,,MRKR_ASCILIA = 11000902;,starter local marker constant
local_marker_constants,man0u0,110009,Flowers for All,main_scenario,handwritten_event_driver,,84,,,MRKR_FRETFUL_FARMHAND = 11000903;,,,,,Data/scripts/quests/man/man0u0.lua,11000903,,,,,MRKR_FRETFUL_FARMHAND = 11000903;,starter local marker constant
local_marker_constants,man0u0,110009,Flowers for All,main_scenario,handwritten_event_driver,,85,,,MRKR_GIL_DIGGING_MISTRESS = 11000904;,,,,,Data/scripts/quests/man/man0u0.lua,11000904,,,,,MRKR_GIL_DIGGING_MISTRESS = 11000904;,starter local marker constant
local_marker_constants,man0u0,110009,Flowers for All,main_scenario,handwritten_event_driver,,86,,,MRKR_COMBAT_TUTORIAL = 11000905;,,,,,Data/scripts/quests/man/man0u0.lua,11000905,,,,,MRKR_COMBAT_TUTORIAL = 11000905;,starter local marker constant
local_marker_constants,man0u0,110009,Flowers for All,main_scenario,handwritten_event_driver,,87,,,MRKR_ADV_GUILD = 11000906;,,,,,Data/scripts/quests/man/man0u0.lua,11000906,,,,,MRKR_ADV_GUILD = 11000906;,starter local marker constant
marker_condition_rows,man0u0,110009,Flowers for All,main_scenario,handwritten_event_driver,,306,2,,"if (not data:GetFlag(FLAG_SEQ000_MINITUT1)) then table.insert(possibleMarkers, MRKR_ASCILIA); end",,,,,Data/scripts/quests/man/man0u0.lua,11000902,,,"local data = quest:GetData(); | local possibleMarkers = {}; | if (sequence == SEQ_000) then | if (data:GetFlag(FLAG_SEQ000_MINITUT0)) then | if (not data:GetFlag(FLAG_SEQ000_MINITUT1)) then table.insert(possibleMarkers, MRKR_ASCILIA); end",,"if (not data:GetFlag(FLAG_SEQ000_MINITUT1)) then table.insert(possibleMarkers, MRKR_ASCILIA); end",starter marker condition
marker_condition_rows,man0u0,110009,Flowers for All,main_scenario,handwritten_event_driver,,307,3,,"if (not data:GetFlag(FLAG_SEQ000_MINITUT2)) then table.insert(possibleMarkers, MRKR_FRETFUL_FARMHAND); end",,,,,Data/scripts/quests/man/man0u0.lua,11000903,,,"local possibleMarkers = {}; | if (sequence == SEQ_000) then | if (data:GetFlag(FLAG_SEQ000_MINITUT0)) then | if (not data:GetFlag(FLAG_SEQ000_MINITUT1)) then table.insert(possibleMarkers, MRKR_ASCILIA); end | if (not data:GetFlag(FLAG_SEQ000_MINITUT2)) then table.insert(possibleMarkers, MRKR_FRETFUL_FARMHAND); end",,"if (not data:GetFlag(FLAG_SEQ000_MINITUT2)) then table.insert(possibleMarkers, MRKR_FRETFUL_FARMHAND); end",starter marker condition
marker_condition_rows,man0u0,110009,Flowers for All,main_scenario,handwritten_event_driver,,308,4,,"if (not data:GetFlag(FLAG_SEQ000_MINITUT3)) then table.insert(possibleMarkers, MRKR_GIL_DIGGING_MISTRESS); end",,,,,Data/scripts/quests/man/man0u0.lua,11000904,,,"if (sequence == SEQ_000) then | if (data:GetFlag(FLAG_SEQ000_MINITUT0)) then | if (not data:GetFlag(FLAG_SEQ000_MINITUT1)) then table.insert(possibleMarkers, MRKR_ASCILIA); end | if (not data:GetFlag(FLAG_SEQ000_MINITUT2)) then table.insert(possibleMarkers, MRKR_FRETFUL_FARMHAND); end | if (not data:GetFlag(FLAG_SEQ000_MINITUT3)) then table.insert(possibleMarkers, MRKR_GIL_DIGGING_MISTRESS); end",,"if (not data:GetFlag(FLAG_SEQ000_MINITUT3)) then table.insert(possibleMarkers, MRKR_GIL_DIGGING_MISTRESS); end",starter marker condition
marker_condition_rows,man0u0,110009,Flowers for All,main_scenario,handwritten_event_driver,,312,5,,"table.insert(possibleMarkers, MRKR_COMBAT_TUTORIAL);",,,,,Data/scripts/quests/man/man0u0.lua,11000905,,,"if (not data:GetFlag(FLAG_SEQ000_MINITUT2)) then table.insert(possibleMarkers, MRKR_FRETFUL_FARMHAND); end | if (not data:GetFlag(FLAG_SEQ000_MINITUT3)) then table.insert(possibleMarkers, MRKR_GIL_DIGGING_MISTRESS); end | end | if ((data:GetFlag(FLAG_SEQ000_MINITUT1)) and (data:GetFlag(FLAG_SEQ000_MINITUT2)) and (data:GetFlag(FLAG_SEQ000_MINITUT3))) then | table.insert(possibleMarkers, MRKR_COMBAT_TUTORIAL);",,"table.insert(possibleMarkers, MRKR_COMBAT_TUTORIAL);",starter marker condition
marker_condition_rows,man0u0,110009,Flowers for All,main_scenario,handwritten_event_driver,,316,1,,"table.insert(possibleMarkers, MRKR_YAYATOKI)",,,,,Data/scripts/quests/man/man0u0.lua,11000901,,,"table.insert(possibleMarkers, MRKR_COMBAT_TUTORIAL); | end | elseif (sequence == SEQ_010) then | if (not data:GetFlag(FLAG_SEQ010_TALK0)) then | table.insert(possibleMarkers, MRKR_YAYATOKI)",,"table.insert(possibleMarkers, MRKR_YAYATOKI)",starter marker condition
marker_condition_rows,man0u0,110009,Flowers for All,main_scenario,handwritten_event_driver,,318,6,,"table.insert(possibleMarkers, MRKR_ADV_GUILD);",,,,,Data/scripts/quests/man/man0u0.lua,11000906,,,"elseif (sequence == SEQ_010) then | if (not data:GetFlag(FLAG_SEQ010_TALK0)) then | table.insert(possibleMarkers, MRKR_YAYATOKI) | end | table.insert(possibleMarkers, MRKR_ADV_GUILD);",,"table.insert(possibleMarkers, MRKR_ADV_GUILD);",starter marker condition
objective_crosscheck_rows,man0u0,110009,Flowers for All,main_scenario,handwritten_event_driver,,,,,,,,,,,2203301,,,1,,,starter objective crosscheck
probe_commands,man0u0,110009,Flowers for All,main_scenario,handwritten_event_driver,,1,,,accept,,,,,,,,,journal contains quest,ensure the opening quest is in the player journal,,starter probe command
probe_commands,man0u0,110009,Flowers for All,main_scenario,handwritten_event_driver,,2,,,direct content checkpoint,,,,,,,,,man0u01 starts with Quest/QuestDirectorMan0u001,enter the private content fight checkpoint,,starter probe command
probe_commands,man0u0,110009,Flowers for All,main_scenario,handwritten_event_driver,,3,,,inspect in content,,,,,,,,,SEQ_005 is active,confirm sequence and counters after content entry,,starter probe command
probe_commands,man0u0,110009,Flowers for All,main_scenario,handwritten_event_driver,,4,,,complete objective,,,,,,,,,1x 2203301 reaches completion,simulate objective kill credit,,starter probe command
probe_commands,man0u0,110009,Flowers for All,main_scenario,handwritten_event_driver,,5,,,inspect after return,,,,,,,,,SEQ_010 in zone 175,confirm return handoff state,,starter probe command
quest_summary,man0u0,110009,Flowers for All,main_scenario,handwritten_event_driver,,,,,,,,,,Data/scripts/content/SimpleContent30079.lua,,,,,,,starter quest summary
replay_scene_rows,man0u0,110009,Flowers for All,main_scenario,handwritten_event_driver,,,,,,man0u000,,,,,,,,-200=literal zero/default placeholder,,,starter replay scene row
replay_scene_rows,man0u0,110009,Flowers for All,main_scenario,handwritten_event_driver,,,,,,man0u005,,,,,,,,-200=literal zero/default placeholder,,,starter replay scene row
reward_rows,man0u0,110009,Flowers for All,main_scenario,handwritten_event_driver,,,,Gil,1000001,,,,,,1000001,high,,,CompleteQuest auto-grants rows where auto_grant=1; do not duplicate with Lua Add* calls,,starter reward crosscheck
runtime_probe_checklist,man0u0,110009,Flowers for All,main_scenario,handwritten_event_driver,,1,,,content entry fires noticeEvent once,,,,,,,,,Quest/QuestDirectorMan0u001,,,starter runtime probe checklist
runtime_probe_checklist,man0u0,110009,Flowers for All,main_scenario,handwritten_event_driver,,2,,,battle tutorial reaches objective-kill widget,,,,,,,,,,,,starter runtime probe checklist
runtime_probe_checklist,man0u0,110009,Flowers for All,main_scenario,handwritten_event_driver,,3,,,objective kill counter reaches threshold,,,,,,,,,1x 2203301,,,starter runtime probe checklist
runtime_probe_checklist,man0u0,110009,Flowers for All,main_scenario,handwritten_event_driver,,4,,,attention packet is sent before post-fight story handoff,,,,,,,,,51073:3,,,starter runtime probe checklist
runtime_probe_checklist,man0u0,110009,Flowers for All,main_scenario,handwritten_event_driver,,5,,,kickEventContinue resumes the event lane,,,,,,,,,,,,starter runtime probe checklist
runtime_probe_checklist,man0u0,110009,Flowers for All,main_scenario,handwritten_event_driver,,6,,,post-fight story method runs,,,,,,,,,processEvent020,,,starter runtime probe checklist
runtime_probe_checklist,man0u0,110009,Flowers for All,main_scenario,handwritten_event_driver,,7,,,ContentFinished fires before return zone change,,,,,,,,,"175 PrivateAreaMasterPast type 3 -22.81,196,87.82,2.98",,,starter runtime probe checklist
runtime_probe_checklist,man0u0,110009,Flowers for All,main_scenario,handwritten_event_driver,,8,,,quest starts SEQ_010 after return handoff,,,,,,,,,"175 PrivateAreaMasterPast type 3 -22.81,196,87.82,2.98",,,starter runtime probe checklist
runtime_probe_checklist,man0u0,110009,Flowers for All,main_scenario,handwritten_event_driver,,9,,,temporary party and combat mods are cleared,,,,,,,,,,,,starter runtime probe checklist
runtime_probe_checklist,man0u0,110009,Flowers for All,main_scenario,handwritten_event_driver,,10,,,next quest replacement only happens through the explicit city handoff,,,,,,,,,Push 1099046 -> Man0u1,,,starter runtime probe checklist
sequence_flow_rows,man0u0,110009,Flowers for All,main_scenario,handwritten_event_driver,,,000,,city tutorial setup,,,,,,,,,required opening talks and tutorial pushes unlock the content entry,,,starter sequence flow anchor
sequence_flow_rows,man0u0,110009,Flowers for All,main_scenario,handwritten_event_driver,,,005,,private content fight,,,,,,,,,kill 1x 2203301 then send attention 51073:3,,,starter sequence flow anchor
sequence_flow_rows,man0u0,110009,Flowers for All,main_scenario,handwritten_event_driver,,,005 -> 010,,post-fight return,,,,,,,,,"finish content, warp to zone 175 type 3, start SEQ_010",,,starter sequence flow anchor
sequence_flow_rows,man0u0,110009,Flowers for All,main_scenario,handwritten_event_driver,,,010,,city handoff,,,,,,,,,next city quest replacement only occurs through the explicit handoff actor,,,starter sequence flow anchor
server_delegate_surface,man0u0,110009,Flowers for All,main_scenario,handwritten_event_driver,onNotice,107,,callClientFunction,processTtrNomal001withHQ,,,,,Data\scripts\quests\man\man0u0.lua,,yes,,,,"callClientFunction(player, ""delegateEvent"", player, quest, ""processTtrNomal001withHQ"");",starter server delegate surface
server_delegate_surface,man0u0,110009,Flowers for All,main_scenario,handwritten_event_driver,onPush,182,,callClientFunction,processTtrNomal002,,,,,Data\scripts\quests\man\man0u0.lua,,yes,,,,"callClientFunction(player, ""delegateEvent"", player, quest, ""processTtrNomal002"");",starter server delegate surface
server_delegate_surface,man0u0,110009,Flowers for All,main_scenario,handwritten_event_driver,onPush,194,,callClientFunction,processTtrBlkNml001,,,,,Data\scripts\quests\man\man0u0.lua,,yes,,,,"callClientFunction(player, ""delegateEvent"", player, quest, ""processTtrBlkNml001"");",starter server delegate surface
server_delegate_surface,man0u0,110009,Flowers for All,main_scenario,handwritten_event_driver,onPush,205,,callClientFunction,processTtrBlkNml002,,,,,Data\scripts\quests\man\man0u0.lua,,yes,,,,"callClientFunction(player, ""delegateEvent"", player, quest, ""processTtrBlkNml002"");",starter server delegate surface
server_delegate_surface,man0u0,110009,Flowers for All,main_scenario,handwritten_event_driver,onPush,208,,callClientFunction,processTtrBlkNml003,,,,,Data\scripts\quests\man\man0u0.lua,,yes,,,,"callClientFunction(player, ""delegateEvent"", player, quest, ""processTtrBlkNml003"");",starter server delegate surface
server_delegate_surface,man0u0,110009,Flowers for All,main_scenario,handwritten_event_driver,seq000_onTalk,229,,callClientFunction,processTtrNomal003,,,,,Data\scripts\quests\man\man0u0.lua,,yes,,,,"callClientFunction(player, ""delegateEvent"", player, quest, ""processTtrNomal003"");",starter server delegate surface
server_delegate_surface,man0u0,110009,Flowers for All,main_scenario,handwritten_event_driver,seq000_onTalk,232,,callClientFunction,processTtrMini001,,,,,Data\scripts\quests\man\man0u0.lua,,yes,,,,"callClientFunction(player, ""delegateEvent"", player, quest, ""processTtrMini001"");",starter server delegate surface
server_delegate_surface,man0u0,110009,Flowers for All,main_scenario,handwritten_event_driver,seq000_onTalk,237,,callClientFunction,processTtrMini002_first,,,,,Data\scripts\quests\man\man0u0.lua,,yes,,,,"callClientFunction(player, ""delegateEvent"", player, quest, ""processTtrMini002_first"");",starter server delegate surface
server_delegate_surface,man0u0,110009,Flowers for All,main_scenario,handwritten_event_driver,seq000_onTalk,240,,callClientFunction,processTtrMini002,,,,,Data\scripts\quests\man\man0u0.lua,,yes,,,,"callClientFunction(player, ""delegateEvent"", player, quest, ""processTtrMini002"");",starter server delegate surface
server_delegate_surface,man0u0,110009,Flowers for All,main_scenario,handwritten_event_driver,seq000_onTalk,244,,callClientFunction,processTtrMini003_first,,,,,Data\scripts\quests\man\man0u0.lua,,yes,,,,"callClientFunction(player, ""delegateEvent"", player, quest, ""processTtrMini003_first"");",starter server delegate surface
server_delegate_surface,man0u0,110009,Flowers for All,main_scenario,handwritten_event_driver,seq000_onTalk,247,,callClientFunction,processTtrMini003,,,,,Data\scripts\quests\man\man0u0.lua,,yes,,,,"callClientFunction(player, ""delegateEvent"", player, quest, ""processTtrMini003"");",starter server delegate surface
server_delegate_surface,man0u0,110009,Flowers for All,main_scenario,handwritten_event_driver,seq000_onTalk,250,,callClientFunction,processEvent000_3,,,,,Data\scripts\quests\man\man0u0.lua,,yes,,,,"callClientFunction(player, ""delegateEvent"", player, quest, ""processEvent000_3"");",starter server delegate surface
server_delegate_surface,man0u0,110009,Flowers for All,main_scenario,handwritten_event_driver,seq000_onTalk,252,,callClientFunction,processEvent000_13,,,,,Data\scripts\quests\man\man0u0.lua,,yes,,,,"callClientFunction(player, ""delegateEvent"", player, quest, ""processEvent000_13"");",starter server delegate surface
server_delegate_surface,man0u0,110009,Flowers for All,main_scenario,handwritten_event_driver,seq000_onTalk,254,,callClientFunction,processEvent000_6,,,,,Data\scripts\quests\man\man0u0.lua,,yes,,,,"callClientFunction(player, ""delegateEvent"", player, quest, ""processEvent000_6"");",starter server delegate surface
server_delegate_surface,man0u0,110009,Flowers for All,main_scenario,handwritten_event_driver,seq000_onTalk,256,,callClientFunction,processEvent000_8,,,,,Data\scripts\quests\man\man0u0.lua,,yes,,,,"callClientFunction(player, ""delegateEvent"", player, quest, ""processEvent000_8"");",starter server delegate surface
server_delegate_surface,man0u0,110009,Flowers for All,main_scenario,handwritten_event_driver,seq000_onTalk,258,,callClientFunction,processEvent000_9,,,,,Data\scripts\quests\man\man0u0.lua,,yes,,,,"callClientFunction(player, ""delegateEvent"", player, quest, ""processEvent000_9"");",starter server delegate surface
server_delegate_surface,man0u0,110009,Flowers for All,main_scenario,handwritten_event_driver,seq000_onTalk,260,,callClientFunction,processEvent000_10,,,,,Data\scripts\quests\man\man0u0.lua,,yes,,,,"callClientFunction(player, ""delegateEvent"", player, quest, ""processEvent000_10"");",starter server delegate surface
server_delegate_surface,man0u0,110009,Flowers for All,main_scenario,handwritten_event_driver,seq000_onTalk,262,,callClientFunction,processEvent000_12,,,,,Data\scripts\quests\man\man0u0.lua,,yes,,,,"callClientFunction(player, ""delegateEvent"", player, quest, ""processEvent000_12"");",starter server delegate surface
server_delegate_surface,man0u0,110009,Flowers for All,main_scenario,handwritten_event_driver,seq000_onTalk,264,,callClientFunction,processEvent000_6_2,,,,,Data\scripts\quests\man\man0u0.lua,,yes,,,,"callClientFunction(player, ""delegateEvent"", player, quest, ""processEvent000_6_2"");",starter server delegate surface
server_delegate_surface,man0u0,110009,Flowers for All,main_scenario,handwritten_event_driver,seq010_onTalk,274,,callClientFunction,processEvent020_2,,,,,Data\scripts\quests\man\man0u0.lua,,yes,,,,"callClientFunction(player, ""delegateEvent"", player, quest, ""processEvent020_2"");",starter server delegate surface
server_delegate_surface,man0u0,110009,Flowers for All,main_scenario,handwritten_event_driver,seq010_onTalk,276,,callClientFunction,processEvent020_3,,,,,Data\scripts\quests\man\man0u0.lua,,yes,,,,"callClientFunction(player, ""delegateEvent"", player, quest, ""processEvent020_3"");",starter server delegate surface
server_delegate_surface,man0u0,110009,Flowers for All,main_scenario,handwritten_event_driver,seq010_onTalk,278,,callClientFunction,processEvent020_4,,,,,Data\scripts\quests\man\man0u0.lua,,yes,,,,"callClientFunction(player, ""delegateEvent"", player, quest, ""processEvent020_4"");",starter server delegate surface
server_delegate_surface,man0u0,110009,Flowers for All,main_scenario,handwritten_event_driver,seq010_onTalk,280,,callClientFunction,processEvent000_14,,,,,Data\scripts\quests\man\man0u0.lua,,yes,,,,"callClientFunction(player, ""delegateEvent"", player, quest, ""processEvent000_14"");",starter server delegate surface
server_delegate_surface,man0u0,110009,Flowers for All,main_scenario,handwritten_event_driver,seq010_onTalk,282,,callClientFunction,processEtc003,,,,,Data\scripts\quests\man\man0u0.lua,,yes,,,,"callClientFunction(player, ""delegateEvent"", player, quest, ""processEtc003"");",starter server delegate surface
server_delegate_surface,man0u0,110009,Flowers for All,main_scenario,handwritten_event_driver,seq010_onTalk,284,,callClientFunction,processEtc001,,,,,Data\scripts\quests\man\man0u0.lua,,yes,,,,"callClientFunction(player, ""delegateEvent"", player, quest, ""processEtc001"");",starter server delegate surface
server_delegate_surface,man0u0,110009,Flowers for All,main_scenario,handwritten_event_driver,seq010_onTalk,286,,callClientFunction,processEtc002,,,,,Data\scripts\quests\man\man0u0.lua,,yes,,,,"callClientFunction(player, ""delegateEvent"", player, quest, ""processEtc002"");",starter server delegate surface
server_delegate_surface,man0u0,110009,Flowers for All,main_scenario,handwritten_event_driver,seq010_onTalk,289,,callClientFunction,processEvent020_8,,,,,Data\scripts\quests\man\man0u0.lua,,yes,,,,"callClientFunction(player, ""delegateEvent"", player, quest, ""processEvent020_8"");",starter server delegate surface
server_delegate_surface,man0u0,110009,Flowers for All,main_scenario,handwritten_event_driver,seq010_onTalk,292,,callClientFunction,processEvent020_8,,,,,Data\scripts\quests\man\man0u0.lua,,yes,,,,"callClientFunction(player, ""delegateEvent"", player, quest, ""processEvent020_8"");",starter server delegate surface
source_delegate_call_rows,man0u0,110009,Flowers for All,main_scenario,handwritten_event_driver,onKillBNpc,34,,,processEvent020,,,,,Data/scripts/directors/Quest/QuestDirectorMan0u001.lua,,,,,,"callClientFunction(player, ""delegateEvent"", player, quest, ""processEvent020"", nil, nil, nil);",starter delegate callsite
source_delegate_call_rows,man0u0,110009,Flowers for All,main_scenario,handwritten_event_driver,onEventStarted,54,,,processTtrBtl001,,,,,Data/scripts/directors/Quest/QuestDirectorMan0u001.lua,,,,,,"callClientFunction(player, ""delegateEvent"", player, quest, ""processTtrBtl001"", nil, nil, nil);",starter delegate callsite
source_delegate_call_rows,man0u0,110009,Flowers for All,main_scenario,handwritten_event_driver,onEventStarted,61,,,processTtrBtl002,,,,,Data/scripts/directors/Quest/QuestDirectorMan0u001.lua,,,,,,"callClientFunction(player, ""delegateEvent"", player, quest, ""processTtrBtl002"", nil, nil, nil);",starter delegate callsite
source_delegate_call_rows,man0u0,110009,Flowers for All,main_scenario,handwritten_event_driver,onEventStarted,92,,,processTtrBtlMagic001,,,,,Data/scripts/directors/Quest/QuestDirectorMan0u001.lua,,,,,,"callClientFunction(player, ""delegateEvent"", player, quest, ""processTtrBtlMagic001"");",starter delegate callsite
source_delegate_call_rows,man0u0,110009,Flowers for All,main_scenario,handwritten_event_driver,onNotice,107,,,processTtrNomal001withHQ,,,,,Data/scripts/quests/man/man0u0.lua,,,,,,"callClientFunction(player, ""delegateEvent"", player, quest, ""processTtrNomal001withHQ"");",starter delegate callsite
source_delegate_call_rows,man0u0,110009,Flowers for All,main_scenario,handwritten_event_driver,onPush,182,,,processTtrNomal002,,,,,Data/scripts/quests/man/man0u0.lua,,,,,,"callClientFunction(player, ""delegateEvent"", player, quest, ""processTtrNomal002"");",starter delegate callsite
source_delegate_call_rows,man0u0,110009,Flowers for All,main_scenario,handwritten_event_driver,onPush,194,,,processTtrBlkNml001,,,,,Data/scripts/quests/man/man0u0.lua,,,,,,"callClientFunction(player, ""delegateEvent"", player, quest, ""processTtrBlkNml001"");",starter delegate callsite
source_delegate_call_rows,man0u0,110009,Flowers for All,main_scenario,handwritten_event_driver,onPush,205,,,processTtrBlkNml002,,,,,Data/scripts/quests/man/man0u0.lua,,,,,,"callClientFunction(player, ""delegateEvent"", player, quest, ""processTtrBlkNml002"");",starter delegate callsite
source_delegate_call_rows,man0u0,110009,Flowers for All,main_scenario,handwritten_event_driver,onPush,208,,,processTtrBlkNml003,,,,,Data/scripts/quests/man/man0u0.lua,,,,,,"callClientFunction(player, ""delegateEvent"", player, quest, ""processTtrBlkNml003"");",starter delegate callsite
source_delegate_call_rows,man0u0,110009,Flowers for All,main_scenario,handwritten_event_driver,seq000_onTalk,229,,,processTtrNomal003,,,,,Data/scripts/quests/man/man0u0.lua,,,,,,"callClientFunction(player, ""delegateEvent"", player, quest, ""processTtrNomal003"");",starter delegate callsite
source_delegate_call_rows,man0u0,110009,Flowers for All,main_scenario,handwritten_event_driver,seq000_onTalk,232,,,processTtrMini001,,,,,Data/scripts/quests/man/man0u0.lua,,,,,,"callClientFunction(player, ""delegateEvent"", player, quest, ""processTtrMini001"");",starter delegate callsite
source_delegate_call_rows,man0u0,110009,Flowers for All,main_scenario,handwritten_event_driver,seq000_onTalk,237,,,processTtrMini002_first,,,,,Data/scripts/quests/man/man0u0.lua,,,,,,"callClientFunction(player, ""delegateEvent"", player, quest, ""processTtrMini002_first"");",starter delegate callsite
source_delegate_call_rows,man0u0,110009,Flowers for All,main_scenario,handwritten_event_driver,seq000_onTalk,240,,,processTtrMini002,,,,,Data/scripts/quests/man/man0u0.lua,,,,,,"callClientFunction(player, ""delegateEvent"", player, quest, ""processTtrMini002"");",starter delegate callsite
source_delegate_call_rows,man0u0,110009,Flowers for All,main_scenario,handwritten_event_driver,seq000_onTalk,244,,,processTtrMini003_first,,,,,Data/scripts/quests/man/man0u0.lua,,,,,,"callClientFunction(player, ""delegateEvent"", player, quest, ""processTtrMini003_first"");",starter delegate callsite
source_delegate_call_rows,man0u0,110009,Flowers for All,main_scenario,handwritten_event_driver,seq000_onTalk,247,,,processTtrMini003,,,,,Data/scripts/quests/man/man0u0.lua,,,,,,"callClientFunction(player, ""delegateEvent"", player, quest, ""processTtrMini003"");",starter delegate callsite
source_delegate_call_rows,man0u0,110009,Flowers for All,main_scenario,handwritten_event_driver,seq000_onTalk,250,,,processEvent000_3,,,,,Data/scripts/quests/man/man0u0.lua,,,,,,"callClientFunction(player, ""delegateEvent"", player, quest, ""processEvent000_3"");",starter delegate callsite
source_delegate_call_rows,man0u0,110009,Flowers for All,main_scenario,handwritten_event_driver,seq000_onTalk,252,,,processEvent000_13,,,,,Data/scripts/quests/man/man0u0.lua,,,,,,"callClientFunction(player, ""delegateEvent"", player, quest, ""processEvent000_13"");",starter delegate callsite
source_delegate_call_rows,man0u0,110009,Flowers for All,main_scenario,handwritten_event_driver,seq000_onTalk,254,,,processEvent000_6,,,,,Data/scripts/quests/man/man0u0.lua,,,,,,"callClientFunction(player, ""delegateEvent"", player, quest, ""processEvent000_6"");",starter delegate callsite
source_delegate_call_rows,man0u0,110009,Flowers for All,main_scenario,handwritten_event_driver,seq000_onTalk,256,,,processEvent000_8,,,,,Data/scripts/quests/man/man0u0.lua,,,,,,"callClientFunction(player, ""delegateEvent"", player, quest, ""processEvent000_8"");",starter delegate callsite
source_delegate_call_rows,man0u0,110009,Flowers for All,main_scenario,handwritten_event_driver,seq000_onTalk,258,,,processEvent000_9,,,,,Data/scripts/quests/man/man0u0.lua,,,,,,"callClientFunction(player, ""delegateEvent"", player, quest, ""processEvent000_9"");",starter delegate callsite
source_delegate_call_rows,man0u0,110009,Flowers for All,main_scenario,handwritten_event_driver,seq000_onTalk,260,,,processEvent000_10,,,,,Data/scripts/quests/man/man0u0.lua,,,,,,"callClientFunction(player, ""delegateEvent"", player, quest, ""processEvent000_10"");",starter delegate callsite
source_delegate_call_rows,man0u0,110009,Flowers for All,main_scenario,handwritten_event_driver,seq000_onTalk,262,,,processEvent000_12,,,,,Data/scripts/quests/man/man0u0.lua,,,,,,"callClientFunction(player, ""delegateEvent"", player, quest, ""processEvent000_12"");",starter delegate callsite
source_delegate_call_rows,man0u0,110009,Flowers for All,main_scenario,handwritten_event_driver,seq000_onTalk,264,,,processEvent000_6_2,,,,,Data/scripts/quests/man/man0u0.lua,,,,,,"callClientFunction(player, ""delegateEvent"", player, quest, ""processEvent000_6_2"");",starter delegate callsite
source_delegate_call_rows,man0u0,110009,Flowers for All,main_scenario,handwritten_event_driver,seq010_onTalk,274,,,processEvent020_2,,,,,Data/scripts/quests/man/man0u0.lua,,,,,,"callClientFunction(player, ""delegateEvent"", player, quest, ""processEvent020_2"");",starter delegate callsite
source_delegate_call_rows,man0u0,110009,Flowers for All,main_scenario,handwritten_event_driver,seq010_onTalk,276,,,processEvent020_3,,,,,Data/scripts/quests/man/man0u0.lua,,,,,,"callClientFunction(player, ""delegateEvent"", player, quest, ""processEvent020_3"");",starter delegate callsite
source_delegate_call_rows,man0u0,110009,Flowers for All,main_scenario,handwritten_event_driver,seq010_onTalk,278,,,processEvent020_4,,,,,Data/scripts/quests/man/man0u0.lua,,,,,,"callClientFunction(player, ""delegateEvent"", player, quest, ""processEvent020_4"");",starter delegate callsite
source_delegate_call_rows,man0u0,110009,Flowers for All,main_scenario,handwritten_event_driver,seq010_onTalk,280,,,processEvent000_14,,,,,Data/scripts/quests/man/man0u0.lua,,,,,,"callClientFunction(player, ""delegateEvent"", player, quest, ""processEvent000_14"");",starter delegate callsite
source_delegate_call_rows,man0u0,110009,Flowers for All,main_scenario,handwritten_event_driver,seq010_onTalk,282,,,processEtc003,,,,,Data/scripts/quests/man/man0u0.lua,,,,,,"callClientFunction(player, ""delegateEvent"", player, quest, ""processEtc003"");",starter delegate callsite
source_delegate_call_rows,man0u0,110009,Flowers for All,main_scenario,handwritten_event_driver,seq010_onTalk,284,,,processEtc001,,,,,Data/scripts/quests/man/man0u0.lua,,,,,,"callClientFunction(player, ""delegateEvent"", player, quest, ""processEtc001"");",starter delegate callsite
source_delegate_call_rows,man0u0,110009,Flowers for All,main_scenario,handwritten_event_driver,seq010_onTalk,286,,,processEtc002,,,,,Data/scripts/quests/man/man0u0.lua,,,,,,"callClientFunction(player, ""delegateEvent"", player, quest, ""processEtc002"");",starter delegate callsite
source_delegate_call_rows,man0u0,110009,Flowers for All,main_scenario,handwritten_event_driver,seq010_onTalk,289,,,processEvent020_8,,,,,Data/scripts/quests/man/man0u0.lua,,,,,,"callClientFunction(player, ""delegateEvent"", player, quest, ""processEvent020_8"");",starter delegate callsite
source_delegate_call_rows,man0u0,110009,Flowers for All,main_scenario,handwritten_event_driver,seq010_onTalk,292,,,processEvent020_8,,,,,Data/scripts/quests/man/man0u0.lua,,,,,,"callClientFunction(player, ""delegateEvent"", player, quest, ""processEvent020_8"");",starter delegate callsite
source_to_client_method_rows,man0u0,110009,Flowers for All,main_scenario,handwritten_event_driver,onKillBNpc,34,,,processEvent020,,,,,Data/scripts/directors/Quest/QuestDirectorMan0u001.lua,,,,,,"function Man0u0.processEvent020(A0_49, A1_50, A2_51) | local L3_52, L4_53, L5_54, L6_55, L7_56, L8_57 | L4_53 = A0_49 | L3_52 = A0_49.setMusic | L5_54 = A1_50 | L6_55 = 7 | L7_56 = 2 | L3_52(L4_53, L5_54, L6_55, L7_56) | L4_53 = A0_49 | L3_52 = A0_49.startFadeOutCutSceneDefault | L5_54 = A1_50 | L3_52(L4_53, L5_54) | L4_53 = A0_49 | L3_52 = A0_49.startHQCutScene | L5_54 = ""MAN0U020"" | L6_55 = 1 | L3_52(L4_53, L5_54, L6_55) | L3_52 = desktopWidget | L4_53 = L3_52 | L3_52 = L3_52.openPublicInformDialogWidget | L5_54 = worldMaster | L6_55 = 25117 | L7_56 = 11000089 | L8_57 = 1 | L3_52(L4_53, L5_54, L6_55, L7_56, L8_57) | L3_52 = worldMaster | L4_53 = L3_52 | L3_52 = L3_52.notify",starter source-to-client method bridge
source_to_client_method_rows,man0u0,110009,Flowers for All,main_scenario,handwritten_event_driver,onEventStarted,54,,,processTtrBtl001,,,,,Data/scripts/directors/Quest/QuestDirectorMan0u001.lua,,,,,,"function Man0u0.processTtrBtl001(A0_153, A1_154, A2_155, A3_156) | local L4_157, L5_158, L6_159, L7_160, L8_161, L9_162 | L4_157 = desktopWidget | L5_158 = L4_157 | L4_157 = L4_157.closeTutorialWidget | L4_157(L5_158) | L5_158 = A0_153 | L4_157 = A0_153.startHQCutScene | L6_159 = ""MAN0U010"" | L7_160 = 1 | L4_157(L5_158, L6_159, L7_160) | L5_158 = A0_153 | L4_157 = A0_153.startFadeInCutSceneDefault | L6_159 = A1_154 | L4_157(L5_158, L6_159) | L5_158 = A0_153 | L4_157 = A0_153.setMusic | L6_159 = A1_154 | L7_160 = 25 | L8_161 = 1 | L4_157(L5_158, L6_159, L7_160, L8_161) | L5_158 = A0_153 | L4_157 = A0_153._wait | L6_159 = 2 | L4_157(L5_158, L6_159) | L4_157 = worldMaster | L5_158 = L4_157 | L4_157 = L4_157._aimCameraTutorial",starter source-to-client method bridge
source_to_client_method_rows,man0u0,110009,Flowers for All,main_scenario,handwritten_event_driver,onEventStarted,61,,,processTtrBtl002,,,,,Data/scripts/directors/Quest/QuestDirectorMan0u001.lua,,,,,,"function Man0u0.processTtrBtl002(A0_179, A1_180, A2_181, A3_182) | local L4_183, L5_184, L6_185, L7_186, L8_187, L9_188, L10_189, L11_190, L12_191, L13_192, L14_193, L15_194, L16_195, L17_196, L18_197, L19_198, L20_199, L21_200, L22_201 | L4_183 = desktopWidget | L5_184 = L4_183 | L4_183 = L4_183.cancelDesktopWidgetMode | L6_185 = 16 | L4_183(L5_184, L6_185) | L4_183 = desktopWidget | L5_184 = L4_183 | L4_183 = L4_183.closeTutorialWidget | L4_183(L5_184) | L5_184 = A0_179 | L4_183 = A0_179._wait | L6_185 = 1 | L4_183(L5_184, L6_185) | L4_183 = desktopWidget | L5_184 = L4_183 | L4_183 = L4_183.orderDesktopWidgetMode | L6_185 = 16 | L4_183(L5_184, L6_185) | L4_183 = worldMaster | L5_184 = L4_183 | L4_183 = L4_183._aimCameraTutorial | L6_185 = 1200024 | L4_183(L5_184, L6_185) | L4_183 = worldMaster | L5_184 = L4_183 | L4_183 = L4_183._lookAtPlayerTutorial",starter source-to-client method bridge
source_to_client_method_rows,man0u0,110009,Flowers for All,main_scenario,handwritten_event_driver,onEventStarted,92,,,processTtrBtlMagic001,,,,,Data/scripts/directors/Quest/QuestDirectorMan0u001.lua,,,,,,"function Man0u0.processTtrBtlMagic001(A0_163, A1_164, A2_165, A3_166) | local L4_167, L5_168, L6_169, L7_170, L8_171, L9_172, L10_173, L11_174, L12_175, L13_176, L14_177, L15_178 | L4_167 = desktopWidget | L5_168 = L4_167 | L4_167 = L4_167.closeTutorialWidget | L4_167(L5_168) | L4_167 = true | L5_168 = true | L6_169 = true | L7_170 = false | L8_171 = true | L9_172 = 4 | L10_173 = desktopWidget | L11_174 = L10_173 | L10_173 = L10_173.setTutorialMask | L12_175 = L4_167 | L13_176 = L5_168 | L14_177 = L6_169 | L15_178 = L7_170 | L10_173(L11_174, L12_175, L13_176, L14_177, L15_178, L8_171, L9_172) | L11_174 = A0_163 | L10_173 = A0_163.startHQCutScene | L12_175 = ""MAN0U010"" | L13_176 = 1 | L10_173(L11_174, L12_175, L13_176) | L11_174 = A0_163 | L10_173 = A0_163.startFadeInCutSceneDefault | L12_175 = A1_164",starter source-to-client method bridge
source_to_client_method_rows,man0u0,110009,Flowers for All,main_scenario,handwritten_event_driver,onNotice,107,,,processTtrNomal001withHQ,MAN0U000;man0u005,,,,Data/scripts/quests/man/man0u0.lua,,,,,,"function Man0u0.processTtrNomal001withHQ(A0_79, A1_80, A2_81) | local L3_82, L4_83, L5_84, L6_85, L7_86, L8_87, L9_88, L10_89, L11_90 | L5_84 = A1_80 | L4_83 = A1_80._lockCameraControl | L4_83(L5_84) | L4_83 = desktopWidget | L5_84 = L4_83 | L4_83 = L4_83.orderTutorialMode | L4_83(L5_84) | L4_83 = desktopWidget | L5_84 = L4_83 | L4_83 = L4_83.orderDesktopWidgetMode | L6_85 = 62 | L4_83(L5_84, L6_85) | L4_83 = true | L5_84 = true | L6_85 = true | L7_86 = true | L8_87 = true | L9_88 = 4 | L10_89 = desktopWidget | L11_90 = L10_89 | L10_89 = L10_89.setTutorialMask | L10_89(L11_90, L4_83, L5_84, L6_85, L7_86, L8_87, L9_88) | L11_90 = A1_80 | L10_89 = A1_80._fadeInNowLoadingForNoticeEventJustInArea | L10_89(L11_90) | L11_90 = A0_79",starter source-to-client method bridge
source_to_client_method_rows,man0u0,110009,Flowers for All,main_scenario,handwritten_event_driver,onPush,182,,,processTtrNomal002,,,,,Data/scripts/quests/man/man0u0.lua,,,,,,"function Man0u0.processTtrNomal002(A0_103, A1_104, A2_105, A3_106) | local L4_107, L5_108, L6_109, L7_110, L8_111, L9_112 | L4_107 = desktopWidget | L5_108 = L4_107 | L4_107 = L4_107.cancelDesktopWidgetMode | L6_109 = 16 | L4_107(L5_108, L6_109) | L4_107 = desktopWidget | L5_108 = L4_107 | L4_107 = L4_107.closeTutorialWidget | L4_107(L5_108) | L5_108 = A0_103 | L4_107 = A0_103._wait | L6_109 = 0.5 | L4_107(L5_108, L6_109) | L4_107 = desktopWidget | L5_108 = L4_107 | L4_107 = L4_107.openTutorialWidget | L6_109 = A3_106 | L7_110 = 3 | L4_107(L5_108, L6_109, L7_110) | L4_107 = true | L5_108 = false | L6_109 = true | L7_110 = true | L8_111 = true | L9_112 = 4 | desktopWidget:setTutorialMask(L4_107, L5_108, L6_109, L7_110, L8_111, L9_112)",starter source-to-client method bridge
source_to_client_method_rows,man0u0,110009,Flowers for All,main_scenario,handwritten_event_driver,onPush,194,,,processTtrBlkNml001,,,,,Data/scripts/quests/man/man0u0.lua,,,,,,"function Man0u0.processTtrBlkNml001(A0_150, A1_151, A2_152) | if desktopWidget:isTutorialMode() == false then | desktopWidget:orderTutorialMode() | end | worldMaster:_aimCameraTutorial(4000542) | worldMaster:_lookAtPlayerTutorial(4000542) | worldMaster:_runCharaSchedulerTutorial(4000542, 353972224) | worldMaster:_runCharaSchedulerTutorial(4000542, 403087360) | A0_150:sayFreeDisplayName(4000542, A0_150, 120) | worldMaster:_cancelLookAtPlayerTutorial(4000542) | worldMaster:_cancelAimCameraTutorial(4000542) | end",starter source-to-client method bridge
source_to_client_method_rows,man0u0,110009,Flowers for All,main_scenario,handwritten_event_driver,onPush,205,,,processTtrBlkNml002,,,,,Data/scripts/quests/man/man0u0.lua,,,,,,"function Man0u0.processTtrBlkNml002(A0_217, A1_218, A2_219) | local L3_220, L4_221, L5_222, L6_223, L7_224, L8_225 | L3_220 = desktopWidget | L4_221 = L3_220 | L3_220 = L3_220.isTutorialMode | L3_220 = L3_220(L4_221) | if L3_220 == false then | L3_220 = desktopWidget | L4_221 = L3_220 | L3_220 = L3_220.orderTutorialMode | L3_220(L4_221) | end | L3_220 = worldMaster | L4_221 = L3_220 | L3_220 = L3_220._aimCameraTutorial | L5_222 = 4000608 | L3_220(L4_221, L5_222) | L3_220 = worldMaster | L4_221 = L3_220 | L3_220 = L3_220._lookAtPlayerTutorial | L5_222 = 4000608 | L3_220(L4_221, L5_222) | L3_220 = worldMaster | L4_221 = L3_220 | L3_220 = L3_220._lookAtPlayerTutorial | L5_222 = 4000609 | L3_220(L4_221, L5_222) | L3_220 = worldMaster",starter source-to-client method bridge
source_to_client_method_rows,man0u0,110009,Flowers for All,main_scenario,handwritten_event_driver,onPush,208,,,processTtrBlkNml003,,,,,Data/scripts/quests/man/man0u0.lua,,,,,,"function Man0u0.processTtrBlkNml003(A0_226, A1_227, A2_228) | local L3_229, L4_230, L5_231, L6_232, L7_233, L8_234 | L3_229 = desktopWidget | L4_230 = L3_229 | L3_229 = L3_229.isTutorialMode | L3_229 = L3_229(L4_230) | if L3_229 == false then | L3_229 = desktopWidget | L4_230 = L3_229 | L3_229 = L3_229.orderTutorialMode | L3_229(L4_230) | end | L3_229 = worldMaster | L4_230 = L3_229 | L3_229 = L3_229._aimCameraTutorial | L5_231 = 4000610 | L3_229(L4_230, L5_231) | L3_229 = worldMaster | L4_230 = L3_229 | L3_229 = L3_229._lookAtPlayerTutorial | L5_231 = 4000610 | L3_229(L4_230, L5_231) | L3_229 = worldMaster | L4_230 = L3_229 | L3_229 = L3_229._runCharaSchedulerTutorial | L5_231 = 4000610 | L6_232 = 353972224 | L3_229(L4_230, L5_231, L6_232)",starter source-to-client method bridge
source_to_client_method_rows,man0u0,110009,Flowers for All,main_scenario,handwritten_event_driver,seq000_onTalk,229,,,processTtrNomal003,,,,,Data/scripts/quests/man/man0u0.lua,,,,,,"function Man0u0.processTtrNomal003(A0_113, A1_114, A2_115, A3_116) | local L4_117, L5_118, L6_119, L7_120, L8_121, L9_122 | L4_117 = desktopWidget | L5_118 = L4_117 | L4_117 = L4_117.closeTutorialWidget | L4_117(L5_118) | L5_118 = A0_113 | L4_117 = A0_113._wait | L6_119 = 0.5 | L4_117(L5_118, L6_119) | L5_118 = A2_115 | L4_117 = A2_115._runCharaScheduler | L6_119 = 353964032 | L4_117(L5_118, L6_119) | L5_118 = A2_115 | L4_117 = A2_115.say | L6_119 = A0_113 | L7_120 = 100 | L8_121 = 0 | L4_117(L5_118, L6_119, L7_120, L8_121) | L5_118 = A2_115 | L4_117 = A2_115.say | L6_119 = A0_113 | L7_120 = 101 | L8_121 = 0 | L4_117(L5_118, L6_119, L7_120, L8_121) | L4_117 = desktopWidget | L5_118 = L4_117",starter source-to-client method bridge
source_to_client_method_rows,man0u0,110009,Flowers for All,main_scenario,handwritten_event_driver,seq000_onTalk,232,,,processTtrMini001,,,,Have you ever been to Ul'dah before? No? Neither have I.,Data/scripts/quests/man/man0u0.lua,,,,,,"function Man0u0.processTtrMini001(A0_135, A1_136, A2_137) | A2_137:startCliantTalkTurn(2, A1_136) | A2_137:_runCharaScheduler(353964032) | A2_137:say(A0_135, 10, 0) | A2_137:say(A0_135, 11, 0) | A2_137:finishCliantTalkTurn() | end",starter source-to-client method bridge
source_to_client_method_rows,man0u0,110009,Flowers for All,main_scenario,handwritten_event_driver,seq000_onTalk,237,,,processTtrMini002_first,,,,"You heard a voice, eh? Hells, I hear lots of voices. It's called [@1A(1)]people talking[@1A(0)]. Bloody fool...",Data/scripts/quests/man/man0u0.lua,,,,,,"function Man0u0.processTtrMini002_first(A0_141, A1_142, A2_143) | A2_143:startCliantTalkTurn(2, A1_142) | A2_143:_runCharaScheduler(83992576) | A2_143:say(A0_141, 131, 0) | A2_143:finishCliantTalkTurn() | end",starter source-to-client method bridge
source_to_client_method_rows,man0u0,110009,Flowers for All,main_scenario,handwritten_event_driver,seq000_onTalk,240,,,processTtrMini002,,,,I heard the parade goes straight down the main road. But where the hells is that? Straight ahead? Back the other way? Bugger me...,Data/scripts/quests/man/man0u0.lua,,,,,,"function Man0u0.processTtrMini002(A0_138, A1_139, A2_140) | A2_140:startCliantTalkTurn(2, A1_139) | A2_140:_runCharaScheduler(83992576) | A2_140:say(A0_138, 66, 0) | A2_140:finishCliantTalkTurn() | end",starter source-to-client method bridge
source_to_client_method_rows,man0u0,110009,Flowers for All,main_scenario,handwritten_event_driver,seq000_onTalk,244,,,processTtrMini003_first,,,,"A strange voice? Maybe I heard it, and maybe I didn't. Who's asking and what are you offering?",Data/scripts/quests/man/man0u0.lua,,,,,,"function Man0u0.processTtrMini003_first(A0_147, A1_148, A2_149) | A2_149:startCliantTalkTurn(2, A1_148) | A2_149:_runCharaScheduler(353959936) | A2_149:say(A0_147, 132, 0) | A2_149:say(A0_147, 133, 0) | A2_149:finishCliantTalkTurn() | end",starter source-to-client method bridge
source_to_client_method_rows,man0u0,110009,Flowers for All,main_scenario,handwritten_event_driver,seq000_onTalk,247,,,processTtrMini003,,,,"A piece of advice, dear, as I can see you are not from around here.",Data/scripts/quests/man/man0u0.lua,,,,,,"function Man0u0.processTtrMini003(A0_144, A1_145, A2_146) | A2_146:startCliantTalkTurn(2, A1_145) | A2_146:_runCharaScheduler(353959936) | A2_146:say(A0_144, 72, 0) | A2_146:say(A0_144, 73, 0) | A2_146:finishCliantTalkTurn() | end",starter source-to-client method bridge
source_to_client_method_rows,man0u0,110009,Flowers for All,main_scenario,handwritten_event_driver,seq000_onTalk,250,,,processEvent000_3,,,,,Data/scripts/quests/man/man0u0.lua,,,,,,"function Man0u0.processEvent000_3(A0_7, A1_8, A2_9) | _getTutorialJudge():man0u0processEvent000_3(A0_7, A1_8, A2_9) | end",starter source-to-client method bridge
source_to_client_method_rows,man0u0,110009,Flowers for All,main_scenario,handwritten_event_driver,seq000_onTalk,252,,,processEvent000_13,,,,"Best put any thought of leaving aside for now, friend. Parade's just about underway. That coach of yours was the day's last, in or out.",Data/scripts/quests/man/man0u0.lua,,,,,,"function Man0u0.processEvent000_13(A0_40, A1_41, A2_42) | A2_42:startCliantTalkTurn(2, A1_41) | A2_42:say(A0_40, 75, 0) | A2_42:finishCliantTalkTurn() | end",starter source-to-client method bridge
source_to_client_method_rows,man0u0,110009,Flowers for All,main_scenario,handwritten_event_driver,seq000_onTalk,254,,,processEvent000_6,,,,"You've come just in time for the festivities, friend.",Data/scripts/quests/man/man0u0.lua,,,,,,"function Man0u0.processEvent000_6(A0_16, A1_17, A2_18) | A2_18:startCliantTalkTurn(2, A1_17) | A2_18:say(A0_16, 64, 0) | A2_18:say(A0_16, 65, 0) | A2_18:finishCliantTalkTurn() | end",starter source-to-client method bridge
source_to_client_method_rows,man0u0,110009,Flowers for All,main_scenario,handwritten_event_driver,seq000_onTalk,256,,,processEvent000_8,,,,"Surely you didn't come all this way to watch the festivities alone, love. Perhaps we could enjoy some festivities of our own?",Data/scripts/quests/man/man0u0.lua,,,,,,"function Man0u0.processEvent000_8(A0_25, A1_26, A2_27) | A2_27:startCliantTalkTurn(2, A1_26) | A2_27:say(A0_25, 67, 0) | A2_27:say(A0_25, 68, 0) | A2_27:finishCliantTalkTurn() | end",starter source-to-client method bridge
source_to_client_method_rows,man0u0,110009,Flowers for All,main_scenario,handwritten_event_driver,seq000_onTalk,258,,,processEvent000_9,,,,"Your timing is near perfect, whether you intended it or not. The parade will begin in mere moments.",Data/scripts/quests/man/man0u0.lua,,,,,,"function Man0u0.processEvent000_9(A0_28, A1_29, A2_30) | A2_30:startCliantTalkTurn(2, A1_29) | A2_30:say(A0_28, 69, 0) | A2_30:say(A0_28, 70, 0) | A2_30:finishCliantTalkTurn() | end",starter source-to-client method bridge
source_to_client_method_rows,man0u0,110009,Flowers for All,main_scenario,handwritten_event_driver,seq000_onTalk,260,,,processEvent000_10,,,,"I've come to the big city to live the Ul'dahn dream, I have. Got a mind to send me ma back home a small fortune.",Data/scripts/quests/man/man0u0.lua,,,,,,"function Man0u0.processEvent000_10(A0_31, A1_32, A2_33) | A2_33:startCliantTalkTurn(2, A1_32) | A2_33:say(A0_31, 71, 0) | A2_33:finishCliantTalkTurn() | end",starter source-to-client method bridge
source_to_client_method_rows,man0u0,110009,Flowers for All,main_scenario,handwritten_event_driver,seq000_onTalk,262,,,processEvent000_12,,,,"Look here, I purchased a platinum ticket. I'm finally going to see Greinfarr the Great on the bloodsands!",Data/scripts/quests/man/man0u0.lua,,,,,,"function Man0u0.processEvent000_12(A0_37, A1_38, A2_39) | A2_39:startCliantTalkTurn(2, A1_38) | A2_39:say(A0_37, 74, 0) | A2_39:finishCliantTalkTurn() | end",starter source-to-client method bridge
source_to_client_method_rows,man0u0,110009,Flowers for All,main_scenario,handwritten_event_driver,seq000_onTalk,264,,,processEvent000_6_2,,,,"Sorry, friend, off limits. They're still making ready for the parade. Wait just a bit longer.",Data/scripts/quests/man/man0u0.lua,,,,,,"function Man0u0.processEvent000_6_2(A0_19, A1_20, A2_21) | A2_21:startCliantTalkTurn(2, A1_20) | A2_21:say(A0_19, 120, 0) | A2_21:finishCliantTalkTurn() | end",starter source-to-client method bridge
source_to_client_method_rows,man0u0,110009,Flowers for All,main_scenario,handwritten_event_driver,seq010_onTalk,274,,,processEvent020_2,,,,"That's [@SWITCH([@SHEET(itemData,11000089,41)],[@COLOR(#fff3f3f3)],[@COLOR(#ffc0ffa0)],[@COLOR(#ff60c8ff)],[@COLOR(#ffb38cff)],[@COLOR(#ffffa666)],[@COLOR(#ffe5dd7e)])][@EDGECOLOR(#ff262626)][@SHEETEN(xtx/itemName,1,11000089,1,1)][@EDGECOLOR($EC)][@COLOR($E...",Data/scripts/quests/man/man0u0.lua,,,,,,"function Man0u0.processEvent020_2(A0_58, A1_59, A2_60) | A2_60:startCliantTalkTurn(2, A1_59) | A2_60:_runCharaScheduler(67727360) | A2_60:say(A0_58, 76, 0) | A2_60:finishCliantTalkTurn() | end",starter source-to-client method bridge
source_to_client_method_rows,man0u0,110009,Flowers for All,main_scenario,handwritten_event_driver,seq010_onTalk,276,,,processEvent020_3,,,,Now that was quite the sight to behold!,Data/scripts/quests/man/man0u0.lua,,,,,,"function Man0u0.processEvent020_3(A0_61, A1_62, A2_63) | A2_63:startCliantTalkTurn(2, A1_62) | A2_63:say(A0_61, 77, 0) | A2_63:say(A0_61, 78, 0) | A2_63:finishCliantTalkTurn() | end",starter source-to-client method bridge
source_to_client_method_rows,man0u0,110009,Flowers for All,main_scenario,handwritten_event_driver,seq010_onTalk,278,,,processEvent020_4,,,,"Ain't no sayin' what'll come to pass in Ul'dah. Aye, any who tells you different is playin' you false.",Data/scripts/quests/man/man0u0.lua,,,,,,"function Man0u0.processEvent020_4(A0_64, A1_65, A2_66) | A2_66:startCliantTalkTurn(2, A1_65) | A2_66:say(A0_64, 79, 0) | A2_66:_runCharaScheduler(354082816) | A2_66:say(A0_64, 80, 0) | A2_66:finishCliantTalkTurn() | end",starter source-to-client method bridge
source_to_client_method_rows,man0u0,110009,Flowers for All,main_scenario,handwritten_event_driver,seq010_onTalk,280,,,processEvent000_14,,,,"Sorry, but this area is off limits until the parade is over. They must be planning something [@1A(1)]amazing[@1A(0)]. I'm so excited, I can hardly keep from wetting myself!",Data/scripts/quests/man/man0u0.lua,,,,,,"function Man0u0.processEvent000_14(A0_43, A1_44, A2_45) | A2_45:startCliantTalkTurn(2, A1_44) | A2_45:say(A0_43, 121, 0) | A2_45:_runCharaScheduler(354086912) | A2_45:say(A0_43, 122, 0) | A2_45:finishCliantTalkTurn() | end",starter source-to-client method bridge
source_to_client_method_rows,man0u0,110009,Flowers for All,main_scenario,handwritten_event_driver,seq010_onTalk,282,,,processEtc003,,,,"An adventurer, is it? Beggar of the realm, more like. Sod off. Only them as have coin can pass.",Data/scripts/quests/man/man0u0.lua,,,,,,"function Man0u0.processEtc003(A0_241, A1_242, A2_243) | A2_243:startCliantTalkTurn(2, A1_242) | A2_243:_runCharaScheduler(353959936) | A2_243:say(A0_241, 123, 0) | A2_243:finishCliantTalkTurn() | end",starter source-to-client method bridge
source_to_client_method_rows,man0u0,110009,Flowers for All,main_scenario,handwritten_event_driver,seq010_onTalk,284,,,processEtc001,,,,Count yourself lucky. This is him in a [@1A(1)]good[@1A(0)] mood. Best move along before he turns foul.,Data/scripts/quests/man/man0u0.lua,,,,,,"function Man0u0.processEtc001(A0_235, A1_236, A2_237) | A2_237:startCliantTalkTurn(2, A1_236) | A2_237:_runCharaScheduler(353959936) | A2_237:say(A0_235, 124, 0) | A2_237:finishCliantTalkTurn() | end",starter source-to-client method bridge
source_to_client_method_rows,man0u0,110009,Flowers for All,main_scenario,handwritten_event_driver,seq010_onTalk,286,,,processEtc002,,,,"Sorry, friend, you're not quite ready for what lies beyond here. Go and show yourself to Momodi at the Quicksand. She'll set you on your way.",Data/scripts/quests/man/man0u0.lua,,,,,,"function Man0u0.processEtc002(A0_238, A1_239, A2_240) | A2_240:startCliantTalkTurn(2, A1_239) | A2_240:_runCharaScheduler(353959936) | A2_240:say(A0_238, 125, 0) | A2_240:finishCliantTalkTurn() | end",starter source-to-client method bridge
source_to_client_method_rows,man0u0,110009,Flowers for All,main_scenario,handwritten_event_driver,seq010_onTalk,289,,,processEvent020_8,,,,,Data/scripts/quests/man/man0u0.lua,,,,,,"function Man0u0.processEvent020_8(A0_76, A1_77, A2_78) | return (_getTutorialJudge():man0u0processEvent020_8(A0_76, A1_77, A2_78)) | end",starter source-to-client method bridge
source_to_client_method_rows,man0u0,110009,Flowers for All,main_scenario,handwritten_event_driver,seq010_onTalk,292,,,processEvent020_8,,,,,Data/scripts/quests/man/man0u0.lua,,,,,,"function Man0u0.processEvent020_8(A0_76, A1_77, A2_78) | return (_getTutorialJudge():man0u0processEvent020_8(A0_76, A1_77, A2_78)) | end",starter source-to-client method bridge
transition_action_rows,man0u0,110009,Flowers for All,main_scenario,handwritten_event_driver,onKillBNpc,29,,StartSequence,StartSequence,,,,,Data/scripts/directors/Quest/QuestDirectorMan0u001.lua,,,,,,"quest:StartSequence(0, true); -- silent, without journal update message.",starter lifecycle transition action
transition_action_rows,man0u0,110009,Flowers for All,main_scenario,handwritten_event_driver,onKillBNpc,30,,kickEventContinue,kickEventContinue,,,,,Data/scripts/directors/Quest/QuestDirectorMan0u001.lua,,,,,,"kickEventContinue(player, director, ""noticeEvent"", ""noticeEvent"");",starter lifecycle transition action
transition_action_rows,man0u0,110009,Flowers for All,main_scenario,handwritten_event_driver,onKillBNpc,37,,ContentFinished,ContentFinished,,,,,Data/scripts/directors/Quest/QuestDirectorMan0u001.lua,,,,,,player.CurrentArea:ContentFinished();,starter lifecycle transition action
transition_action_rows,man0u0,110009,Flowers for All,main_scenario,handwritten_event_driver,onKillBNpc,38,,DoZoneChange,DoZoneChange,,,,,Data/scripts/directors/Quest/QuestDirectorMan0u001.lua,,,,,,"GetWorldManager():DoZoneChange(player, 175, ""PrivateAreaMasterPast"", 3, 15, -22.81, 196, 87.82, 2.98);",starter lifecycle transition action
transition_action_rows,man0u0,110009,Flowers for All,main_scenario,handwritten_event_driver,onKillBNpc,39,,StartSequence,StartSequence,,,,,Data/scripts/directors/Quest/QuestDirectorMan0u001.lua,,,,,,quest:StartSequence(10); -- To display Journal update message after the event/warp handoff.,starter lifecycle transition action
transition_action_rows,man0u0,110009,Flowers for All,main_scenario,handwritten_event_driver,onEventStarted,55,,EndEvent,EndEvent,,,,,Data/scripts/directors/Quest/QuestDirectorMan0u001.lua,,,,,,player:EndEvent();,starter lifecycle transition action
transition_action_rows,man0u0,110009,Flowers for All,main_scenario,handwritten_event_driver,onEventStarted,58,,kickEventContinue,kickEventContinue,,,,,Data/scripts/directors/Quest/QuestDirectorMan0u001.lua,,,,,,"kickEventContinue(player, director, ""noticeEvent"", ""noticeEvent"");",starter lifecycle transition action
transition_action_rows,man0u0,110009,Flowers for All,main_scenario,handwritten_event_driver,onEventStarted,62,,EndEvent,EndEvent,,,,,Data/scripts/directors/Quest/QuestDirectorMan0u001.lua,,,,,,player:EndEvent();,starter lifecycle transition action
transition_action_rows,man0u0,110009,Flowers for All,main_scenario,handwritten_event_driver,onEventStarted,70,,kickEventContinue,kickEventContinue,,,,,Data/scripts/directors/Quest/QuestDirectorMan0u001.lua,,,,,,"kickEventContinue(player, director, ""noticeEvent"", ""noticeEvent"");",starter lifecycle transition action
transition_action_rows,man0u0,110009,Flowers for All,main_scenario,handwritten_event_driver,onEventStarted,81,,EndEvent,EndEvent,,,,,Data/scripts/directors/Quest/QuestDirectorMan0u001.lua,,,,,,player:EndEvent();,starter lifecycle transition action
transition_action_rows,man0u0,110009,Flowers for All,main_scenario,handwritten_event_driver,onEventStarted,85,,kickEventContinue,kickEventContinue,,,,,Data/scripts/directors/Quest/QuestDirectorMan0u001.lua,,,,,,"kickEventContinue(player, director, ""noticeEvent"", ""noticeEvent"");",starter lifecycle transition action
transition_action_rows,man0u0,110009,Flowers for All,main_scenario,handwritten_event_driver,onEventStarted,95,,kickEventContinue,kickEventContinue,,,,,Data/scripts/directors/Quest/QuestDirectorMan0u001.lua,,,,,,"kickEventContinue(player, director, ""noticeEvent"", ""noticeEvent"");",starter lifecycle transition action
transition_action_rows,man0u0,110009,Flowers for All,main_scenario,handwritten_event_driver,onStart,100,,StartSequence,StartSequence,,,,,Data/scripts/quests/man/man0u0.lua,,,,,,quest:StartSequence(SEQ_000);,starter lifecycle transition action
transition_action_rows,man0u0,110009,Flowers for All,main_scenario,handwritten_event_driver,onEventStarted,103,,EndEvent,EndEvent,,,,,Data/scripts/directors/Quest/QuestDirectorMan0u001.lua,,,,,,player:EndEvent();,starter lifecycle transition action
transition_action_rows,man0u0,110009,Flowers for All,main_scenario,handwritten_event_driver,onNotice,108,,EndEvent,EndEvent,,,,,Data/scripts/quests/man/man0u0.lua,,,,,,player:EndEvent();,starter lifecycle transition action
transition_action_rows,man0u0,110009,Flowers for All,main_scenario,handwritten_event_driver,onPush,184,,EndEvent,EndEvent,,,,,Data/scripts/quests/man/man0u0.lua,,,,,,player:EndEvent();,starter lifecycle transition action
transition_action_rows,man0u0,110009,Flowers for All,main_scenario,handwritten_event_driver,onPush,196,,EndEvent,EndEvent,,,,,Data/scripts/quests/man/man0u0.lua,,,,,,player:EndEvent();,starter lifecycle transition action
transition_action_rows,man0u0,110009,Flowers for All,main_scenario,handwritten_event_driver,onPush,212,,ReplaceQuest,ReplaceQuest,,,,,Data/scripts/quests/man/man0u0.lua,,,,,,"player:ReplaceQuest(quest, ""Man0u1"")",starter lifecycle transition action
transition_action_rows,man0u0,110009,Flowers for All,main_scenario,handwritten_event_driver,seq000_onTalk,225,,EndEvent,EndEvent,,,,,Data/scripts/quests/man/man0u0.lua,,,,,,player:EndEvent();,starter lifecycle transition action
transition_action_rows,man0u0,110009,Flowers for All,main_scenario,handwritten_event_driver,seq000_onTalk,267,,EndEvent,EndEvent,,,,,Data/scripts/quests/man/man0u0.lua,,,,,,player:EndEvent();,starter lifecycle transition action
transition_action_rows,man0u0,110009,Flowers for All,main_scenario,handwritten_event_driver,seq010_onTalk,296,,EndEvent,EndEvent,,,,,Data/scripts/quests/man/man0u0.lua,,,,,,player:EndEvent();,starter lifecycle transition action
transition_action_rows,man0u0,110009,Flowers for All,main_scenario,handwritten_event_driver,doExitTrigger,333,,AddDirector,AddDirector,,,,,Data/scripts/quests/man/man0u0.lua,,,,,,player:AddDirectorWithoutContentGroup(director);,starter lifecycle transition action
transition_action_rows,man0u0,110009,Flowers for All,main_scenario,handwritten_event_driver,doExitTrigger,334,,StartDirector,StartDirector,,,,,Data/scripts/quests/man/man0u0.lua,,,,,,director:StartDirector(false);,starter lifecycle transition action
transition_action_rows,man0u0,110009,Flowers for All,main_scenario,handwritten_event_driver,doExitTrigger,336,,SetLoginDirector,SetLoginDirector,,,,,Data/scripts/quests/man/man0u0.lua,,,,,,player:SetLoginDirector(director);,starter lifecycle transition action
transition_action_rows,man0u0,110009,Flowers for All,main_scenario,handwritten_event_driver,doExitTrigger,338,,DoZoneChangeContent,DoZoneChangeContent,,,,,Data/scripts/quests/man/man0u0.lua,,,,,,"GetWorldManager():DoZoneChangeContent(player, contentArea, -17.7, 192, 37.7, 0.93, 16);",starter lifecycle transition action
transition_action_rows,man0u0,110009,Flowers for All,main_scenario,handwritten_event_driver,doExitTrigger,340,,StartContentGroup,StartContentGroup,,,,,Data/scripts/quests/man/man0u0.lua,,,,,,director:StartContentGroup();,starter lifecycle transition action
transition_action_rows,man0u0,110009,Flowers for All,main_scenario,handwritten_event_driver,doExitTrigger,341,,StartSequence,StartSequence,,,,,Data/scripts/quests/man/man0u0.lua,,,,,,quest:StartSequence(SEQ_005);,starter lifecycle transition action
transition_action_rows,man0u0,110009,Flowers for All,main_scenario,handwritten_event_driver,doExitTrigger,342,,KickEvent,KickEvent,,,,,Data/scripts/quests/man/man0u0.lua,,,,,,"player:KickEvent(director, ""noticeEvent"", true);",starter lifecycle transition action
