code,quest_id,quest_name,category,local_status,local_script_exists,recovered_script_exists,local_function_count,recovered_function_count,local_file_flags,recovered_file_flags,local_scene_keys,recovered_scene_keys,local_call_signal,recovered_call_signal,missing_local_functions,local_only_functions,delta_classification,recommended_helper,risk_notes
alc200,110420,"Sleep, Cousin of Death",class,data_or_stub,true,true,0,19,template,cutscene,,alc20010; alc20020; alc20030,0,38,Alc200.initText; Alc200.processEventNogeloixStart; Alc200.processEvent010; Alc200.processEvent015; Alc200.processEvent020; Alc200.processEvent030; Alc200.processEvent005_2; Alc200.processEvent005_3; Alc200.processEvent005_4; Alc200.processEvent005_5; Alc200.processEvent010_2; Alc200.processEvent015_2; Alc200.processEvent015_3; Alc200.processEvent015_4; Alc200.processEvent015_5; Alc200.processEvent015_6; Alc200.processEvent020_2; Alc200.processEvent020_3; Alc200.processEvent020_4,,local_template_recovered_route,template replacement helper,after-warp lifetime/order
alc300,110421,The Boy and the Dragon Gay,class,data_or_stub,true,true,0,37,template,cutscene,,alc30010; alc30020,0,82,Alc300.initText; Alc300.processEventNogeloixStart; Alc300.processEvent003; Alc300.processEvent005; Alc300.processEvent007; Alc300.processEvent008; Alc300.processEvent010; Alc300.processEvent015; Alc300.processEvent020; Alc300.processEvent002_2; Alc300.processEvent002_3; Alc300.processEvent002_4; Alc300.processEvent002_5; Alc300.processEvent002_6; Alc300.processEvent002_7; Alc300.processEvent002_8; Alc300.processEvent002_9; Alc300.processEvent002_10; Alc300.processEvent005_2; Alc300.processEvent005_3; Alc300.processEvent007_2; Alc300.processEvent007_3; Alc300.processEvent007_4; Alc300.processEvent007_5; Alc300.processEvent007_6; Alc300.processEvent007_7; Alc300.processEvent008_2; Alc300.processEvent008_3; Alc300.processEvent008_4; Alc300.processEvent008_5; Alc300.processEvent008_6; Alc300.processEvent010_2; Alc300.processEvent010_3; Alc300.processEvent010_4; Alc300.processEvent010_5; Alc300.processEvent015_2; Alc300.processEvent015_3,,local_template_recovered_route,template replacement helper,after-warp lifetime/order
alc306,110422,"Dream On, Dream Away",class,data_or_stub,true,true,0,29,template,cutscene,,alc30610; alc30620; alc30630,0,45,Alc306.initText; Alc306.processEventSlyhhiaStart; Alc306.processEvent000; Alc306.processEvent005; Alc306.processEvent008; Alc306.processEvent009; Alc306.processEvent009_2; Alc306.processEvent010; Alc306.processEvent030; Alc306.processEvent002_2; Alc306.processEvent002_3; Alc306.processEvent002_4; Alc306.processEvent002_5; Alc306.processEvent002_6; Alc306.processEvent002_7; Alc306.processEvent002_8; Alc306.processEvent002_9; Alc306.processEvent002_10; Alc306.processEvent002_11; Alc306.processEvent002_12; Alc306.processEvent020_2; Alc306.processEvent020_3; Alc306.processEvent020_4; Alc306.processEvent020_5; Alc306.processEvent020_6; Alc306.processEvent020_7; Alc306.processEvent020_8; Alc306.processEvent020_9; Alc306.processEvent020_10,,local_template_recovered_route,template replacement helper,after-warp lifetime/order
arc200,110160,Filling the Quiver,class,data_or_stub,true,true,0,24,template,cutscene,,arc20010; arc20020; arc20030; arc20040,0,48,Arc200.initText; Arc200.processEventNonolatoStart; Arc200.processEvent010; Arc200.processEvent020; Arc200.processEvent030; Arc200.processEvent040; Arc200.processEvent050; Arc200.processEvent005_2; Arc200.processEvent005_3; Arc200.processEvent005_4; Arc200.processEvent005_5; Arc200.processEvent005_6; Arc200.processEvent005_7; Arc200.processEvent005_8; Arc200.processEvent010_2; Arc200.processEvent010_3; Arc200.processEvent010_4; Arc200.processEvent010_5; Arc200.processEvent030_2; Arc200.processEvent030_3; Arc200.processEvent030_4; Arc200.processEvent040_2; Arc200.processEvent040_3; Arc200.processEvent040_4,,local_template_recovered_route,template replacement helper,after-warp lifetime/order
arc300,110161,The Foreboding Forest,class,data_or_stub,true,true,0,35,template,cutscene,,arc30010; arc30015; arc30020; arc30025; arc30030; arc30040; arc30050,0,62,Arc300.initText; Arc300.processEventNonolatoStart; Arc300.processEvent007; Arc300.processEvent010; Arc300.processEvent015; Arc300.processEvent020; Arc300.processEvent025; Arc300.processEvent025_2; Arc300.processEvent027; Arc300.processEvent030; Arc300.processEvent040; Arc300.processEvent050; Arc300.processEvent003_2; Arc300.processEvent003_3; Arc300.processEvent003_4; Arc300.processEvent003_5; Arc300.processEvent003_6; Arc300.processEvent003_7; Arc300.processEvent003_8; Arc300.processEvent010_2; Arc300.processEvent010_3; Arc300.processEvent010_4; Arc300.processEvent010_5; Arc300.processEvent010_6; Arc300.processEvent010_7; Arc300.processEvent015_2; Arc300.processEvent015_3; Arc300.processEvent015_4; Arc300.processEvent015_5; Arc300.processEvent015_6; Arc300.processEvent015_7; Arc300.processEvent040_2; Arc300.processEvent040_3; Arc300.processEvent040_4; Arc300.processEvent040_5,,local_template_recovered_route,template replacement helper,after-warp lifetime/order
arc306,110162,There Can Be Only One,class,data_or_stub,true,true,0,22,template,cutscene,,arc30610; arc30620; arc30630; arc30640; arc30650,0,38,Arc306.initText; Arc306.processEventNonolatoStart; Arc306.processEvent010; Arc306.processEvent020; Arc306.processEvent030; Arc306.processEvent040; Arc306.processEvent050; Arc306.processEvent005_2; Arc306.processEvent005_3; Arc306.processEvent005_4; Arc306.processEvent005_5; Arc306.processEvent005_6; Arc306.processEvent005_7; Arc306.processEvent005_8; Arc306.processEvent010_2; Arc306.processEvent040_2; Arc306.processEvent040_3; Arc306.processEvent040_4; Arc306.processEvent040_5; Arc306.processEvent040_6; Arc306.processEvent040_7; Arc306.processEvent040_8,,local_template_recovered_route,template replacement helper,after-warp lifetime/order
bsm200,110320,An Ear for Quality,class,data_or_stub,true,true,0,42,template,cutscene,,bsm20010; bsm20020,0,80,Bsm200.initText; Bsm200.processEventBodenolfStart; Bsm200.processEvent005; Bsm200.processEvent010; Bsm200.processEvent020; Bsm200.processEvent005_2; Bsm200.processEvent005_3; Bsm200.processEvent005_4; Bsm200.processEvent005_5; Bsm200.processEvent005_6; Bsm200.processEvent005_7; Bsm200.processEvent005_8; Bsm200.processEvent005_9; Bsm200.processEvent005_10; Bsm200.processEvent005_11; Bsm200.processEvent007_2; Bsm200.processEvent010_2; Bsm200.processEvent010_3; Bsm200.processEvent010_4; Bsm200.processEvent010_5; Bsm200.processEvent010_6; Bsm200.processEvent010_7; Bsm200.processEventS010_1; Bsm200.processEventS010_2; Bsm200.processEventS010_3; Bsm200.processEventS010_4; Bsm200.processEventS010_5; Bsm200.processEventS010_6; Bsm200.processEventS010_7; Bsm200.processEventS013_2; Bsm200.processEventS015_1; Bsm200.processEventS015_2; Bsm200.processEventS015_3; Bsm200.processEventS015_4; Bsm200.processEventS015_5; Bsm200.processEventS015_6; Bsm200.processEvent018_1; Bsm200.processEvent018_2; Bsm200.processEvent018_3; Bsm200.processEvent018_4,,local_template_recovered_route,template replacement helper,after-warp lifetime/order
bsm300,110321,Song of the Sirens,class,data_or_stub,true,true,0,82,template,cutscene,,bsm30010; bsm30020; bsm30030,0,147,Bsm300.initText; Bsm300.processEventBodenolfStart; Bsm300.processEvent003; Bsm300.processEvent004; Bsm300.processEvent004_1; Bsm300.processEvent006; Bsm300.processEvent007; Bsm300.processEvent009; Bsm300.processEvent010; Bsm300.processEvent015; Bsm300.processEvent020; Bsm300.processEvent030; Bsm300.processEvent040; Bsm300.processEvent001_2; Bsm300.processEvent001_3; Bsm300.processEvent001_4; Bsm300.processEvent001_5; Bsm300.processEvent001_6; Bsm300.processEvent001_7_1; Bsm300.processEvent001_7_2; Bsm300.processEvent001_8; Bsm300.processEvent001_9; Bsm300.processEvent001_10; Bsm300.processEvent001_11; Bsm300.processEvent003_2; Bsm300.processEvent003_3; Bsm300.processEvent003_4; Bsm300.processEvent003_5; Bsm300.processEvent003_6; Bsm300.processEvent003_7; Bsm300.processEvent003_8; Bsm300.processEvent003_9; Bsm300.processEvent003_10; Bsm300.processEvent004_2; Bsm300.processEvent010_2; Bsm300.processEvent010_3; Bsm300.processEvent010_4; Bsm300.processEvent010_5; Bsm300.processEvent015_2; Bsm300.processEvent015_3,,local_template_recovered_route,template replacement helper,after-warp lifetime/order
bsm306,110322,The Sound of Silence,class,data_or_stub,true,true,0,54,template,cutscene,,bsm30610; bsm30620; bsm30630; bsm30640,0,116,Bsm306.initText; Bsm306.processEventBodenolfStart; Bsm306.processEvent005; Bsm306.processEvent005_2; Bsm306.processEvent005_3; Bsm306.processEvent005_4; Bsm306.processEvent005_5; Bsm306.processEvent005_6; Bsm306.processEvent010; Bsm306.processEvent020; Bsm306.processEvent030; Bsm306.processEvent040; Bsm306.processEvent003_2; Bsm306.processEvent003_3; Bsm306.processEvent003_4; Bsm306.processEvent003_5_1; Bsm306.processEvent003_5_2; Bsm306.processEvent003_6; Bsm306.processEvent003_7_1; Bsm306.processEvent003_7_2; Bsm306.processEvent003_8; Bsm306.processEvent003_9; Bsm306.processEvent003_10; Bsm306.processEvent003_11; Bsm306.processEvent030_2; Bsm306.processEvent030_3; Bsm306.processEvent030_4; Bsm306.processEvent030_5; Bsm306.processEvent030_6; Bsm306.processEvent030_7; Bsm306.processEvent030_8; Bsm306.processEvent030_9; Bsm306.processEvent030_10; Bsm306.processEvent030_11; Bsm306.danceIsland_problem01; Bsm306.danceIsland_problem02; Bsm306.danceIsland_problem03; Bsm306.danceIsland_problem04; Bsm306.danceIsland_problem05; Bsm306.danceIsland_problem06,,local_template_recovered_route,template replacement helper,after-warp lifetime/order; cutscene without obvious fade-out wrapper
cnj200,110260,Dendrological Duties,class,data_or_stub,true,true,0,33,template,cutscene,,cnj20010; cnj20020; cnj20030,0,75,Cnj200.initText; Cnj200.processEventSoileineStart; Cnj200.processEvent010_2; Cnj200.processEvent010_3; Cnj200.processEvent010_4; Cnj200.processEvent010_5; Cnj200.processEvent010_6; Cnj200.processEvent010_7; Cnj200.processEvent010_8; Cnj200.processEvent010_9; Cnj200.processEvent010_10; Cnj200.processEvent010_11; Cnj200.processEvent015; Cnj200.processEvent015_2; Cnj200.processEvent015_3; Cnj200.processEvent015_4; Cnj200.processEvent015_5; Cnj200.processEvent015_6; Cnj200.processEvent015_7; Cnj200.processEvent015_8; Cnj200.processEvent015_9; Cnj200.processEvent015_10; Cnj200.processEvent015_11; Cnj200.processEvent020; Cnj200.processEvent020_2; Cnj200.processEvent020_3; Cnj200.processEvent020_4; Cnj200.processEvent020_5; Cnj200.processEvent020_6; Cnj200.processEvent020_7; Cnj200.processEvent030; Cnj200.processEvent030_2; Cnj200.processEvent040,,local_template_recovered_route,template replacement helper,after-warp lifetime/order
cnj300,110261,"Good Knight, Sweet Dreams",class,data_or_stub,true,true,0,45,template,cutscene,,cnj30010; cnj30020; cnj30030; cnj30040; cnj30050; cnj30060; cnj30070,0,85,Cnj300.initText; Cnj300.processEventSoileineStart; Cnj300.processEvent005_2; Cnj300.processEvent005_3; Cnj300.processEvent005_4; Cnj300.processEvent005_5; Cnj300.processEvent005_6; Cnj300.processEvent005_7; Cnj300.processEvent005_8; Cnj300.processEvent005_9; Cnj300.processEvent005_10; Cnj300.processEvent005_11; Cnj300.processEvent010; Cnj300.processEvent010_2; Cnj300.processEvent015_1; Cnj300.processEvent020; Cnj300.processEvent020_2; Cnj300.processEvent020_3; Cnj300.processEvent020_4; Cnj300.processEvent020_5; Cnj300.processEvent020_6; Cnj300.processEvent030; Cnj300.processEvent030_2; Cnj300.processEvent030_3; Cnj300.processEvent030_4; Cnj300.processEvent030_5; Cnj300.processEvent030_6; Cnj300.processEvent030_7; Cnj300.processEvent030_8; Cnj300.processEvent040; Cnj300.processEvent040_1; Cnj300.processEvent040_2; Cnj300.processEvent040_3; Cnj300.processEvent040_4; Cnj300.processEvent040_5; Cnj300.processEvent040_6; Cnj300.processEvent050; Cnj300.processEvent050_1; Cnj300.processEvent050_2; Cnj300.processEvent050_3,,local_template_recovered_route,template replacement helper,after-warp lifetime/order
cnj306,110262,The Call of Nature,class,data_or_stub,true,true,0,39,template,cutscene,,cnj30610; cnj30620; cnj30630; cnj30640; cnj30650; cnj30660; cnj30670; cnj30680; cnj30690,0,73,Cnj306.initText; Cnj306.processEventSoileineStart; Cnj306.processEvent005_2; Cnj306.processEvent005_3; Cnj306.processEvent005_4; Cnj306.processEvent005_5; Cnj306.processEvent005_6; Cnj306.processEvent005_7; Cnj306.processEvent005_8; Cnj306.processEvent005_9; Cnj306.processEvent005_10; Cnj306.processEvent005_11; Cnj306.processEvent005_12; Cnj306.processEvent010; Cnj306.processEvent010_2; Cnj306.processEvent010_3; Cnj306.processEvent010_4; Cnj306.processEvent020; Cnj306.processEvent025; Cnj306.processEvent030; Cnj306.processEvent030_2; Cnj306.processEvent030_3; Cnj306.processEvent040; Cnj306.processEvent045; Cnj306.processEvent050; Cnj306.processEvent060; Cnj306.processEvent070; Cnj306.processEvent070_2; Cnj306.processEvent070_3; Cnj306.processEvent070_4; Cnj306.processEvent070_5; Cnj306.processEvent070_6; Cnj306.processEvent070_7; Cnj306.processEvent070_8; Cnj306.processEvent070_9; Cnj306.processEvent070_10; Cnj306.processEvent080; Cnj306.processEvent090; Cnj306.processEvent095,,local_template_recovered_route,template replacement helper,after-warp lifetime/order
cul200,110440,Showdown,class,data_or_stub,true,true,0,32,template,cutscene,,cul20010; cul20020; cul20030,0,55,Cul200.initText; Cul200.processEventCharlysStart; Cul200.processEvent005_2; Cul200.processEvent005_3; Cul200.processEvent005_4; Cul200.processEvent005_5; Cul200.processEvent005_6; Cul200.processEvent005_7; Cul200.processEvent010; Cul200.processEvent010_2; Cul200.processEvent015; Cul200.processEvent015_2; Cul200.processEvent015_3; Cul200.processEvent015_4; Cul200.processEvent015_5; Cul200.processEvent017; Cul200.processEvent020; Cul200.processEvent020_2; Cul200.processEvent020_3; Cul200.processEvent020_4; Cul200.processEvent020_5; Cul200.processEvent020_6; Cul200.processEvent030; Cul200.processEvent030_2; Cul200.processEvent030_3; Cul200.processEvent030_4; Cul200.processEvent030_5; Cul200.processEvent030_6; Cul200.processEvent030_7; Cul200.processEvent030_8; Cul200.processEvent030_9; Cul200.processEvent1000_1,,local_template_recovered_route,template replacement helper,after-warp lifetime/order
cul300,110441,Mystery of the Gastronome Gone Home,class,data_or_stub,true,true,0,41,template,cutscene,,cul30010; cul30020; cul30030,0,70,Cul300.initText; Cul300.processEventCharlysStart; Cul300.processEvent005_2; Cul300.processEvent005_3; Cul300.processEvent005_4; Cul300.processEvent005_5; Cul300.processEvent005_6; Cul300.processEvent005_7; Cul300.processEvent005_8; Cul300.processEvent005_9; Cul300.processEvent010; Cul300.processEvent010_2; Cul300.processEvent012; Cul300.processEvent012_2; Cul300.processEvent014; Cul300.processEvent014_1; Cul300.processEvent014_2; Cul300.processEvent016; Cul300.processEvent016_1; Cul300.processEvent016_2; Cul300.processEvent020; Cul300.processEvent020_2; Cul300.processEvent025; Cul300.processEvent025_2; Cul300.processEvent025_3; Cul300.processEvent025_4; Cul300.processEvent025_5; Cul300.processEvent025_6; Cul300.processEvent025_7; Cul300.processEvent025_8; Cul300.processEvent025_9; Cul300.processEvent030; Cul300.processEvent030_2; Cul300.processEvent030_3; Cul300.processEvent030_4; Cul300.processEvent030_5; Cul300.processEvent030_6; Cul300.processEvent030_7; Cul300.processEvent030_8; Cul300.processEvent030_9,,local_template_recovered_route,template replacement helper,after-warp lifetime/order
cul306,110442,Something in the Soup,class,data_or_stub,true,true,0,39,template,cutscene,,cul30610; cul30620; cul30630; cul30640; cul30650; cul30660; cul30665; cul30670,0,55,Cul306.initText; Cul306.processEvent000_2; Cul306.processEventPrudentiaStart; Cul306.processEvent010_2; Cul306.processEvent010_3; Cul306.processEvent010_4; Cul306.processEvent010_5; Cul306.processEvent010_6; Cul306.processEvent010_7; Cul306.processEvent020; Cul306.processEvent030; Cul306.processEvent030_2; Cul306.processEvent030_3; Cul306.processEvent030_4; Cul306.processEvent030_5; Cul306.processEvent030_6; Cul306.processEvent030_7; Cul306.processEvent030_8; Cul306.processEvent040; Cul306.processEvent040_2; Cul306.processEvent050; Cul306.processEvent050_2; Cul306.processEvent050_3; Cul306.processEvent050_4; Cul306.processEvent050_5; Cul306.processEvent050_6; Cul306.processEvent050_7; Cul306.processEvent050_8; Cul306.processEvent060; Cul306.processEvent065; Cul306.processEvent065_2; Cul306.processEvent065_3; Cul306.processEvent065_4; Cul306.processEvent065_5; Cul306.processEvent065_6; Cul306.processEvent065_7; Cul306.processEvent065_8; Cul306.processEvent065_9; Cul306.processEvent070,,local_template_recovered_route,template replacement helper,after-warp lifetime/order; cutscene without obvious fade-out wrapper
exc200,110100,Bloody Baptism,class,data_or_stub,true,true,0,29,template,cutscene,,exc20010; exc20020; exc20030; exc20040; exc20050,0,58,Exc200.initText; Exc200.processEventWaekbyrtStart; Exc200.processEvent015; Exc200.processEvent020; Exc200.processEvent030; Exc200.processEvent040; Exc200.processEvent050; Exc200.processEvent010_2; Exc200.processEvent010_3; Exc200.processEvent010_4; Exc200.processEvent010_5; Exc200.processEvent010_6; Exc200.processEvent010_7; Exc200.processEvent010_8; Exc200.processEvent010_9; Exc200.processEvent010_10; Exc200.processEvent010_11; Exc200.processEvent010_12; Exc200.processEvent010_13; Exc200.processEvent010_14; Exc200.processEvent010_15; Exc200.processEvent010_16; Exc200.processEvent010_17; Exc200.processEvent010_18; Exc200.processEvent015_2; Exc200.processEvent015_3; Exc200.processEvent040_2; Exc200.processEvent040_3; Exc200.processEventQuestMan,,local_template_recovered_route,template replacement helper,after-warp lifetime/order
exc300,110101,Two-man Crew,class,data_or_stub,true,true,0,42,template,cutscene,,exc30010; exc30020; exc30030,0,82,Exc300.initText; Exc300.processEventWaekbyrtStart; Exc300.processEvent020; Exc300.processEvent022; Exc300.processEvent025; Exc300.processEvent030; Exc300.processEvent010_2; Exc300.processEvent010_3; Exc300.processEvent010_4; Exc300.processEvent010_5; Exc300.processEvent010_6; Exc300.processEvent010_7; Exc300.processEvent010_8; Exc300.processEvent010_9; Exc300.processEvent010_10; Exc300.processEvent010_11; Exc300.processEvent010_12; Exc300.processEvent010_13; Exc300.processEvent010_14; Exc300.processEvent020_2; Exc300.processEvent020_3; Exc300.processEvent020_4; Exc300.processEvent020_5; Exc300.processEvent020_6; Exc300.processEvent020_7; Exc300.processEvent022_2; Exc300.processEvent022_3; Exc300.processEvent023_2; Exc300.processEvent023_3; Exc300.processEvent023_4; Exc300.processEvent023_5; Exc300.processEvent023_6; Exc300.processEvent023_7; Exc300.processEvent025_2; Exc300.processEvent025_3; Exc300.processEvent025_4; Exc300.processEvent025_5; Exc300.processEvent025_6; Exc300.processEvent025_7; Exc300.processEvent025_8,,local_template_recovered_route,template replacement helper,after-warp lifetime/order
exc306,110102,Captain's Orders,class,data_or_stub,true,true,0,55,template,cutscene,,exc30610; exc30620; exc30630; exc30640; exc30650; exc30660; exc30670,0,100,Exc306.initText; Exc306.processEventWaekbyrtStart; Exc306.processEvent010; Exc306.processEvent020; Exc306.processEvent030; Exc306.processEvent033; Exc306.processEvent035; Exc306.processEvent040; Exc306.processEvent050; Exc306.processEvent060; Exc306.processEvent070; Exc306.processEvent080; Exc306.processEvent000; Exc306.processEvent111; Exc306.processEvent112; Exc306.processEvent001_2; Exc306.processEvent001_3; Exc306.processEvent001_4; Exc306.processEvent001_5; Exc306.processEvent001_6; Exc306.processEvent001_7; Exc306.processEvent001_8; Exc306.processEvent001_9; Exc306.processEvent001_10; Exc306.processEvent001_11; Exc306.processEvent001_12; Exc306.processEvent001_13; Exc306.processEvent001_14; Exc306.processEvent001_15; Exc306.processEvent001_16; Exc306.processEvent001_17; Exc306.processEvent001_18; Exc306.processEvent020_2; Exc306.processEvent030_2; Exc306.processEvent030_3; Exc306.processEvent030_4; Exc306.processEvent030_5; Exc306.processEvent030_6; Exc306.processEvent030_7; Exc306.processEvent030_8,,local_template_recovered_route,template replacement helper,after-warp lifetime/order
fsh200,110500,To Fight a Fishback,class,data_or_stub,true,true,0,16,template,cutscene,,fsh20010; fsh20020,0,34,Fsh200.initText; Fsh200.processEventNnmulikaStart; Fsh200.processEvent010; Fsh200.processEvent020; Fsh200.processEvent005_2; Fsh200.processEvent010_2; Fsh200.processEvent010_3; Fsh200.processEvent010_4; Fsh200.processEvent010_5; Fsh200.processEvent010_6; Fsh200.processEvent010_7; Fsh200.processEvent010_8; Fsh200.processEvent010_9; Fsh200.processEvent010_10; Fsh200.processEvent010_11; Fsh200.processEvent010_12,,local_template_recovered_route,template replacement helper,
fsh300,110501,The Beast of the Barrel,class,data_or_stub,true,true,0,51,template,cutscene,,fsh30010; fsh30020; fsh30025; fsh30030; fsh30040; fsh30050; fsh30060; fsh30070,0,85,Fsh300.initText; Fsh300.processEventNnmulikaStart; Fsh300.processEvent005; Fsh300.processEvent010; Fsh300.processEvent010_2; Fsh300.processEvent10_3; Fsh300.processEvent10_4; Fsh300.processEvent10_5; Fsh300.processEvent10_6; Fsh300.processEvent10_7; Fsh300.processEvent10_8; Fsh300.processEvent10_9; Fsh300.processEvent10_10; Fsh300.processEvent020; Fsh300.processEvent020_2; Fsh300.processEvent025; Fsh300.processEvent025_2; Fsh300.processEvent025_3; Fsh300.processEvent025_4; Fsh300.processEvent025_5; Fsh300.processEvent025_6; Fsh300.processEvent025_7; Fsh300.processEvent028; Fsh300.processEvent028_3; Fsh300.processEvent028_4; Fsh300.processEvent028_5; Fsh300.processEvent028_6; Fsh300.processEvent028_7; Fsh300.processEvent028_8; Fsh300.processEvent028_9; Fsh300.processEvent029; Fsh300.processEvent029_2; Fsh300.processEvent030; Fsh300.processEvent030_2; Fsh300.processEvent040; Fsh300.processEvent050; Fsh300.processEvent050_2; Fsh300.processEvent050_3; Fsh300.processEvent050_4; Fsh300.processEvent050_5,,local_template_recovered_route,template replacement helper,after-warp lifetime/order; cutscene without obvious fade-out wrapper
fsh306,110502,Polishing the Mast,class,data_or_stub,true,true,0,38,template,cutscene,,fsh30610; fsh30620; fsh30630; fsh30640; fsh30650; fsh30660,0,67,Fsh306.initText; Fsh306.processEventNnmulikaStart; Fsh306.processEvent005_2; Fsh306.processEvent005_3; Fsh306.processEvent005_4; Fsh306.processEvent005_5; Fsh306.processEvent005_6; Fsh306.processEvent010; Fsh306.processEvent010_2; Fsh306.processEvent010_3; Fsh306.processEvent010_4; Fsh306.processEvent010_5; Fsh306.processEvent010_6; Fsh306.processEvent010_7; Fsh306.processEvent010_8; Fsh306.processEvent010_9; Fsh306.processEvent010_10; Fsh306.processEvent015; Fsh306.processEvent015_2; Fsh306.processEvent015_3; Fsh306.processEvent016; Fsh306.processEvent020; Fsh306.processEvent020_2; Fsh306.processEvent020_3; Fsh306.processEvent020_4; Fsh306.processEvent020_5; Fsh306.processEvent020_6; Fsh306.processEvent020_7; Fsh306.processEvent020_8; Fsh306.processEvent020_9; Fsh306.processEvent020_10; Fsh306.processEvent030; Fsh306.processEvent040; Fsh306.processEvent050; Fsh306.processEvent050_2; Fsh306.processEvent060; Fsh306.processEvent060_2; Fsh306.processEvent070,,local_template_recovered_route,template replacement helper,after-warp lifetime/order
gla200,110080,All Bark and No Bite,class,data_or_stub,true,true,0,23,template,cutscene,,gla20010; gla20020; gla20030,0,49,Gla200.initText; Gla200.processEventLulutsuStart; Gla200.processEvent010; Gla200.processEvent020; Gla200.processEvent030; Gla200.processEvent005_2; Gla200.processEvent005_3; Gla200.processEvent005_4; Gla200.processEvent005_5; Gla200.processEvent005_6; Gla200.processEvent005_7; Gla200.processEvent005_8; Gla200.processEvent005_9; Gla200.processEvent005_10; Gla200.processEvent020_2; Gla200.processEvent020_3; Gla200.processEvent020_4; Gla200.processEvent020_5; Gla200.processEvent020_6; Gla200.processEvent020_7; Gla200.processEvent020_8; Gla200.processEvent020_9; Gla200.processEvent020_10,,local_template_recovered_route,template replacement helper,after-warp lifetime/order
gla300,110081,Unalienable Rights,class,data_or_stub,true,true,0,51,template,cutscene,,gla30010; gla30020; gla30030; gla30040; gla30050; gla30060; gla30070; gla30080,0,94,Gla300.initText; Gla300.processEventLulutsuStart; Gla300.processEvent020; Gla300.processEvent025; Gla300.processEvent030; Gla300.processEvent040; Gla300.processEvent050; Gla300.processEvent055; Gla300.processEvent060; Gla300.processEvent065; Gla300.processEvent070; Gla300.processEvent080; Gla300.processEvent090; Gla300.processEvent010_2; Gla300.processEvent010_3; Gla300.processEvent010_4; Gla300.processEvent010_5; Gla300.processEvent010_6; Gla300.processEvent010_7; Gla300.processEvent010_8; Gla300.processEvent010_9; Gla300.processEvent010_10; Gla300.processEvent020_2; Gla300.processEvent020_3; Gla300.processEvent020_4; Gla300.processEvent020_5; Gla300.processEvent020_6; Gla300.processEvent040_2; Gla300.processEvent040_3; Gla300.processEvent040_4; Gla300.processEvent040_5; Gla300.processEvent040_6; Gla300.processEvent040_7; Gla300.processEvent040_8; Gla300.processEvent060_2; Gla300.processEvent070_2; Gla300.processEvent070_3; Gla300.processEvent070_4; Gla300.processEvent070_5; Gla300.processEvent070_6,,local_template_recovered_route,template replacement helper,after-warp lifetime/order; cutscene without obvious fade-out wrapper
gla306,110082,Thrill of the Fight,class,data_or_stub,true,true,0,45,template,cutscene,,gla30610; gla30620; gla30615; gla30630; gla30640; gla30650,0,85,Gla306.initText; Gla306.processEventLulutsuStart; Gla306.processEvent003; Gla306.processEvent005; Gla306.processEvent010; Gla306.processEvent020; Gla306.processEvent020_999; Gla306.processEvent023; Gla306.processEvent024; Gla306.processEvent025; Gla306.processEvent030; Gla306.processEvent040; Gla306.processEvent045; Gla306.processEvent050; Gla306.processEvent055; Gla306.processEvent000_1; Gla306.processEvent003_2; Gla306.processEvent003_3; Gla306.processEvent003_4; Gla306.processEvent003_5; Gla306.processEvent003_6; Gla306.processEvent003_7; Gla306.processEvent003_8; Gla306.processEvent003_9; Gla306.processEvent003_10; Gla306.processEvent003_11; Gla306.processEvent003_12; Gla306.processEvent020_2; Gla306.processEvent020_3; Gla306.processEvent020_4; Gla306.processEvent023_2; Gla306.processEvent040_2; Gla306.processEvent045_2; Gla306.processEvent045_3; Gla306.processEvent045_4; Gla306.processEvent045_5; Gla306.processEvent045_6; Gla306.processEvent050_3; Gla306.processEvent050_4; Gla306.processEvent050_5,,local_template_recovered_route,template replacement helper,after-warp lifetime/order
gld200,110360,She Walks in Beauty,class,data_or_stub,true,true,0,34,template,cutscene,,gld20020; gld20030; gld20040; gld20050,0,71,Gld200.initText; Gld200.processEventElecotteStart; Gld200.processEvent013; Gld200.processEvent020; Gld200.processEvent030; Gld200.processEvent040; Gld200.processEvent045; Gld200.processEvent050; Gld200.processEvent060; Gld200.processEvent007_2; Gld200.processEvent007_3; Gld200.processEvent007_4; Gld200.processEvent007_5; Gld200.processEvent007_6; Gld200.processEvent007_7; Gld200.processEvent013_2; Gld200.processEvent020_2; Gld200.processEvent030_2; Gld200.processEvent030_3; Gld200.processEvent030_4; Gld200.processEvent030_5; Gld200.processEvent030_6; Gld200.processEvent030_7; Gld200.processEvent030_8; Gld200.processEvent030_9; Gld200.processEvent030_10; Gld200.processEvent030_11; Gld200.processEvent032_2; Gld200.processEvent032_3; Gld200.processEvent032_4; Gld200.processEvent040_2; Gld200.processEvent040_3; Gld200.processEvent040_4; Gld200.processEvent050_2,,local_template_recovered_route,template replacement helper,after-warp lifetime/order
gld300,110361,F'lhaminn's Flower,class,data_or_stub,true,true,0,33,template,cutscene,,gld30020; gld30030; gld30040; gld30050; gld30060; gld30080,0,72,Gld300.initText; Gld300.processEventElecotteStart; Gld300.processEvent020; Gld300.processEvent030; Gld300.processEvent040; Gld300.processEvent050; Gld300.processEvent055; Gld300.processEvent058; Gld300.processEvent060; Gld300.processEvent067; Gld300.processEvent075; Gld300.processEvent078; Gld300.processEvent080; Gld300.processEvent090; Gld300.processEvent010_2; Gld300.processEvent010_3; Gld300.processEvent010_4; Gld300.processEvent010_5; Gld300.processEvent010_6; Gld300.processEvent010_7; Gld300.processEvent020_2; Gld300.processEvent030_2; Gld300.processEvent040_2; Gld300.processEvent055_2; Gld300.processEvent058_2; Gld300.processEvent058_3; Gld300.processEvent058_4; Gld300.processEvent058_5; Gld300.processEvent058_6; Gld300.processEvent058_7; Gld300.processEvent058_8; Gld300.processEvent060_2; Gld300.processEvent067_2,,local_template_recovered_route,template replacement helper,after-warp lifetime/order
gld306,110362,Struck Through the Heart,class,data_or_stub,true,true,0,31,template,cutscene,,gld30610; gld30615; gld30620; gld30630,0,54,Gld306.initText; Gld306.processEventElecotteStart; Gld306.processEvent011; Gld306.processEvent012; Gld306.processEvent015; Gld306.processEvent020; Gld306.processEvent025; Gld306.processEvent030; Gld306.processEvent040; Gld306.processEvent010_2; Gld306.processEvent010_3; Gld306.processEvent010_4; Gld306.processEvent010_5; Gld306.processEvent010_6; Gld306.processEvent010_7; Gld306.processEvent011_2; Gld306.processEvent012_2; Gld306.processEvent012_3; Gld306.processEvent012_4; Gld306.processEvent012_5; Gld306.processEvent013_2; Gld306.processEvent015_2; Gld306.processEvent015_2_2; Gld306.processEvent030_2; Gld306.processEvent030_3; Gld306.processEvent030_4; Gld306.processEvent030_5; Gld306.processEvent030_6; Gld306.processEvent000_1; Gld306.processEvent000_2; Gld306.processEvent000_3,,local_template_recovered_route,template replacement helper,after-warp lifetime/order
hrv200,110480,Gridanian Roots,class,data_or_stub,true,true,0,15,template,cutscene,,hrv20010; hrv20020; hrv20030,0,31,Hrv200.initText; Hrv200.processEventOpyltylStart; Hrv200.processEvent010; Hrv200.processEvent020; Hrv200.processEvent020_1; Hrv200.processEvent030; Hrv200.processEvent005_2; Hrv200.processEvent005_3; Hrv200.processEvent005_4; Hrv200.processEvent005_5; Hrv200.processEvent010_2; Hrv200.processEvent010_3; Hrv200.processEvent020_2; Hrv200.processEvent020_3; Hrv200.processEvent020_4,,local_template_recovered_route,template replacement helper,after-warp lifetime/order
hrv300,110481,The Grass is Always Greener,class,data_or_stub,true,true,0,32,template,cutscene,,hrv30010; hrv30020; hrv30030; hrv30040,0,70,Hrv300.initText; Hrv300.processEventOpyltylStart; Hrv300.processEvent010; Hrv300.processEvent013; Hrv300.processEvent013_2; Hrv300.processEvent014; Hrv300.processEvent014_2; Hrv300.processEvent015; Hrv300.processEvent015_2; Hrv300.processEvent017; Hrv300.processEvent018; Hrv300.processEvent020; Hrv300.processEvent020_6; Hrv300.processEvent025; Hrv300.processEvent025_2; Hrv300.processEvent030; Hrv300.processEvent030_2; Hrv300.processEvent040; Hrv300.processEvent005_2; Hrv300.processEvent005_3; Hrv300.processEvent005_4; Hrv300.processEvent005_5; Hrv300.processEvent010_2; Hrv300.processEvent010_3; Hrv300.processEvent017_2; Hrv300.processEvent020_2; Hrv300.processEvent020_3; Hrv300.processEvent020_4; Hrv300.processEvent020_5; Hrv300.processEvent030_3; Hrv300.processEvent030_4; Hrv300.processEvent030_5,,local_template_recovered_route,template replacement helper,after-warp lifetime/order
hrv306,110482,A Moogle Bouquet,class,data_or_stub,true,true,0,35,template,cutscene,,hrv30610; hrv30620; hrv30630; hrv30640; hrv30650; hrv30660; hrv30670,0,73,Hrv306.initText; Hrv306.processEventOpyltylStart; Hrv306.processEvent010; Hrv306.processEvent020; Hrv306.processEvent030; Hrv306.processEvent032; Hrv306.processEvent034; Hrv306.processEvent036; Hrv306.processEvent038; Hrv306.processEvent040; Hrv306.processEvent045; Hrv306.processEvent050; Hrv306.processEvent060; Hrv306.processEvent070; Hrv306.processEvent005_2; Hrv306.processEvent005_3; Hrv306.processEvent005_4; Hrv306.processEvent005_5; Hrv306.processEvent005_6; Hrv306.processEvent010_2; Hrv306.processEvent010_3; Hrv306.processEvent020_2; Hrv306.processEvent030_2; Hrv306.processEvent032_2; Hrv306.processEvent032_3; Hrv306.processEvent032_4; Hrv306.processEvent032_5; Hrv306.processEvent034_2; Hrv306.processEvent034_3; Hrv306.processEvent034_4; Hrv306.processEvent034_5; Hrv306.processEvent038_2; Hrv306.processEvent040_2; Hrv306.processEvent050_2; Hrv306.processEvent050_3,,local_template_recovered_route,template replacement helper,after-warp lifetime/order
lnc200,110180,A Wailing Welcome,class,data_or_stub,true,true,0,24,template,cutscene,,lnc20010; lnc20020; lnc20030,0,48,Lnc200.initText; Lnc200.processEventWilleldaStart; Lnc200.processEvent010; Lnc200.processEvent020; Lnc200.processEvent030; Lnc200.processEvent040; Lnc200.processEvent005_2; Lnc200.processEvent005_3; Lnc200.processEvent005_4; Lnc200.processEvent005_5; Lnc200.processEvent005_6; Lnc200.processEvent005_7; Lnc200.processEvent005_8; Lnc200.processEvent010_2; Lnc200.processEvent010_6; Lnc200.processEvent010_7; Lnc200.processEvent010_8; Lnc200.processEvent020_2; Lnc200.processEvent020_3; Lnc200.processEvent020_4; Lnc200.processEvent020_5; Lnc200.processEvent020_6; Lnc200.processEvent020_7; Lnc200.processEvent030_3,,local_template_recovered_route,template replacement helper,after-warp lifetime/order
lnc300,110181,Culture Shock,class,data_or_stub,true,true,0,59,template,cutscene,,lnc30010; lnc30020; lnc30030; lnc30040; lnc30050; lnc30060; lnc30065; lnc30070,0,97,Lnc300.initText; Lnc300.processEventJMoldvaStart; Lnc300.processEvent005; Lnc300.processEvent020; Lnc300.processEvent030; Lnc300.processEvent040; Lnc300.processEvent050; Lnc300.processEvent060; Lnc300.processEvent065; Lnc300.processEvent068; Lnc300.processEvent070; Lnc300.processEvent075; Lnc300.processEvent010_2; Lnc300.processEvent010_3; Lnc300.processEvent010_4; Lnc300.processEvent010_5; Lnc300.processEvent010_6; Lnc300.processEvent010_7; Lnc300.processEvent010_8; Lnc300.processEvent010_9; Lnc300.processEvent010_10; Lnc300.processEvent020_2; Lnc300.processEvent020_3; Lnc300.processEvent020_4; Lnc300.processEvent020_5; Lnc300.processEvent020_6; Lnc300.processEvent020_7; Lnc300.processEvent020_8; Lnc300.processEvent020_10; Lnc300.processEvent020_11; Lnc300.processEvent020_12; Lnc300.processEvent030_2; Lnc300.processEvent030_3; Lnc300.processEvent030_4; Lnc300.processEvent030_5; Lnc300.processEvent030_6; Lnc300.processEvent030_7; Lnc300.processEvent030_8; Lnc300.processEvent040_2; Lnc300.processEvent040_3,,local_template_recovered_route,template replacement helper,after-warp lifetime/order
lnc306,110182,Necessary Evils,class,data_or_stub,true,true,0,34,template,cutscene,,lnc30610; lnc30620; lnc30630; lnc30640; lnc30650,0,52,Lnc306.initText; Lnc306.processEventWilleldaStart; Lnc306.processEvent010; Lnc306.processEvent020; Lnc306.processEvent030; Lnc306.processEvent035; Lnc306.processEvent040; Lnc306.processEvent050; Lnc306.processEvent060; Lnc306.processEvent005_2; Lnc306.processEvent005_3; Lnc306.processEvent005_4; Lnc306.processEvent005_5; Lnc306.processEvent005_6; Lnc306.processEvent005_7; Lnc306.processEvent005_8; Lnc306.processEvent010_2; Lnc306.processEvent010_3; Lnc306.processEvent030_2; Lnc306.processEvent030_3; Lnc306.processEvent030_4; Lnc306.processEvent030_5; Lnc306.processEvent030_6; Lnc306.processEvent030_7; Lnc306.processEvent040_2; Lnc306.processEvent040_3; Lnc306.processEvent040_4; Lnc306.processEvent040_5; Lnc306.processEvent040_6; Lnc306.processEvent040_7; Lnc306.processEvent040_8; Lnc306.processEvent040_9; Lnc306.processEvent040_10; Lnc306.processEvent050_2,,local_template_recovered_route,template replacement helper,after-warp lifetime/order
min200,110460,A Piece of History,class,data_or_stub,true,true,0,28,template,cutscene,,min20010; min20020; min20030; min20035,0,57,Min200.initText; Min200.processEventLinetteStart; Min200.processEvent010; Min200.processEvent015_1; Min200.processEvent015_2; Min200.processEvent017_A; Min200.processEvent017_B; Min200.processEvent017_C; Min200.processEvent020; Min200.processEvent030; Min200.processEvent035_1; Min200.processEvent035_2; Min200.processEvent035_3; Min200.processEvent040; Min200.processEvent050; Min200.processEvent000_2; Min200.processEvent000_3; Min200.processEvent000_4; Min200.processEvent000_5; Min200.processEvent000_6; Min200.processEvent000_7; Min200.processEvent000_8; Min200.processEvent040_2; Min200.processEvent040_3; Min200.processEvent040_4; Min200.processEvent040_5; Min200.processEvent040_6; Min200.processEvent040_7,,local_template_recovered_route,template replacement helper,after-warp lifetime/order
min300,110461,Little Saboteurs,class,data_or_stub,true,true,0,41,template,cutscene,,min30010; min30020; min30030; min30040; min30050; min30060; min30070,0,69,Min300.initText; Min300.processEventLinetteStart; Min300.processEvent010; Min300.processEvent013; Min300.processEvent017; Min300.processEvent020; Min300.processEvent025; Min300.processEvent030; Min300.processEvent040; Min300.processEvent050; Min300.processEvent060; Min300.processEvent070; Min300.processEvent005_2; Min300.processEvent005_3; Min300.processEvent005_4; Min300.processEvent005_5; Min300.processEvent005_6; Min300.processEvent005_7; Min300.processEvent005_8; Min300.processEvent010_2; Min300.processEvent010_3; Min300.processEvent010_4; Min300.processEvent010_5; Min300.processEvent010_6; Min300.processEvent010_7; Min300.processEvent010_8; Min300.processEvent013_2; Min300.processEvent017_2; Min300.processEvent017_3; Min300.processEvent020_2; Min300.processEvent020_3; Min300.processEvent025_2; Min300.processEvent040_2; Min300.processEvent040_3; Min300.processEvent040_4; Min300.processEvent040_5; Min300.processEvent040_6; Min300.processEvent040_7; Min300.processEvent050_2; Min300.processEvent050_3,,local_template_recovered_route,template replacement helper,after-warp lifetime/order
min306,110462,Runaway Little Girl,class,data_or_stub,true,true,0,28,template,cutscene,,min30610; min30630; min30640,0,57,Min306.initText; Min306.processEventLinetteStart; Min306.processEvent013; Min306.processEvent020; Min306.processEvent030; Min306.processEvent035; Min306.processEvent040; Min306.processEvent007_2; Min306.processEvent007_3; Min306.processEvent007_4; Min306.processEvent007_5; Min306.processEvent007_6; Min306.processEvent007_7; Min306.processEvent007_8; Min306.processEvent013_2; Min306.processEvent013_3; Min306.processEvent013_4; Min306.processEvent013_5; Min306.processEvent013_6; Min306.processEvent013_7; Min306.processEvent030_2; Min306.processEvent035_2; Min306.processEvent035_3; Min306.processEvent035_4; Min306.processEvent035_5; Min306.processEvent035_6; Min306.processEvent035_7; Min306.processEvent035_8,,local_template_recovered_route,template replacement helper,after-warp lifetime/order
pgl200,110060,The House Always Wins,class,handwritten_event_driver,true,true,9,40,client_event; state,cutscene,,pgl20010; pgl20020; pgl20030; pgl20040; pgl20050; pgl20060; pgl20070,8,74,Pgl200.initText; Pgl200.processEventGagarunaStart; Pgl200.processEvent010; Pgl200.processEvent013; Pgl200.processEvent017; Pgl200.processEvent020; Pgl200.processEvent030; Pgl200.processEvent035; Pgl200.processEvent040; Pgl200.processEvent050; Pgl200.processEvent060; Pgl200.processEvent070; Pgl200.processEvent005_2; Pgl200.processEvent005_3; Pgl200.processEvent005_4; Pgl200.processEvent005_5; Pgl200.processEvent005_6; Pgl200.processEvent005_7; Pgl200.processEvent005_8; Pgl200.processEvent010_2; Pgl200.processEvent010_3; Pgl200.processEvent010_4; Pgl200.processEvent010_5; Pgl200.processEvent020_2; Pgl200.processEvent020_3; Pgl200.processEvent020_4; Pgl200.processEvent030_2; Pgl200.processEvent030_3; Pgl200.processEvent040_2; Pgl200.processEvent040_3; Pgl200.processEvent050_2; Pgl200.processEvent050_3; Pgl200.processEvent050_4; Pgl200.processEvent060_2; Pgl200.processEvent060_3; Pgl200.processEvent060_4; Pgl200.processEvent060_5; Pgl200.processEvent060_6; Pgl200.processEvent060_7; Pgl200.processEvent060_8,isOnRequiredClass; areClassQuestsEnabled; onStart; onFinish; onStateChange; onTalk; onPush; getJournalInformation; getJournalMapMarkerList,local_under_recovered_call_surface,route parity helper,after-warp lifetime/order
pgl300,110061,Here There Be Pirates,class,data_or_stub,true,true,0,36,template,cutscene,,pgl30010; pgl30020; pgl30030; pgl30040; pgl30050; pgl30060; pgl30070; pgl30080,0,62,Pgl300.initText; Pgl300.processEventGagarunaStart; Pgl300.processEvent020; Pgl300.processEvent025; Pgl300.processEvent030; Pgl300.processEvent040; Pgl300.processEvent050; Pgl300.processEvent060; Pgl300.processEvent070; Pgl300.processEvent080; Pgl300.processEvent090; Pgl300.processEvent010_2; Pgl300.processEvent010_3; Pgl300.processEvent010_4; Pgl300.processEvent010_5; Pgl300.processEvent010_6; Pgl300.processEvent010_7; Pgl300.processEvent010_8; Pgl300.processEvent010_9; Pgl300.processEvent020_2; Pgl300.processEvent020_3; Pgl300.processEvent020_4; Pgl300.processEvent020_5; Pgl300.processEvent020_6; Pgl300.processEvent050_2; Pgl300.processEvent050_3; Pgl300.processEvent050_4; Pgl300.processEvent050_5; Pgl300.processEvent050_6; Pgl300.processEvent050_7; Pgl300.processEvent050_8; Pgl300.processEvent050_9; Pgl300.processEvent050_10; Pgl300.processEvent060_2; Pgl300.processEvent070_2; Pgl300.processEvent080_2,,local_template_recovered_route,template replacement helper,after-warp lifetime/order
pgl306,110062,Two Sides to Every Chip,class,data_or_stub,true,true,0,29,template,cutscene,,pgl30610; pgl30620; pgl30630; pgl30640; pgl30650; pgl30660; pgl30670; pgl30680,0,54,Pgl306.initText; Pgl306.processEventGagarunaStart; Pgl306.processEvent020; Pgl306.processEvent030; Pgl306.processEvent030_2; Pgl306.processEvent040; Pgl306.processEvent040_2; Pgl306.processEvent050; Pgl306.processEvent060; Pgl306.processEvent070; Pgl306.processEvent080; Pgl306.processEvent090; Pgl306.processEvent010_2; Pgl306.processEvent010_3; Pgl306.processEvent010_4; Pgl306.processEvent010_5; Pgl306.processEvent010_6; Pgl306.processEvent010_7; Pgl306.processEvent010_8; Pgl306.processEvent010_9; Pgl306.processEvent020_2; Pgl306.processEvent020_3; Pgl306.processEvent070_2; Pgl306.processEvent070_3; Pgl306.processEvent070_4; Pgl306.processEvent070_5; Pgl306.processEvent070_6; Pgl306.processEvent070_7; Pgl306.processEvent070_8,,local_template_recovered_route,template replacement helper,after-warp lifetime/order
tan200,110380,The Silent Partners,class,data_or_stub,true,true,0,41,template,cutscene,,tan20010; tan20020; tan20030; tan20040; tan20050,0,86,Tan200.initText; Tan200.processEventHerewardStart; Tan200.processEvent005_2; Tan200.processEvent005_3; Tan200.processEvent005_4; Tan200.processEvent005_5; Tan200.processEvent005_6; Tan200.processEvent005_7; Tan200.processEvent005_8; Tan200.processEvent010; Tan200.processEvent010_2; Tan200.processEvent020; Tan200.processEvent020_2; Tan200.processEvent020_3; Tan200.processEvent020_4; Tan200.processEvent020_5; Tan200.processEvent020_6; Tan200.processEvent020_7; Tan200.processEvent020_8; Tan200.processEvent020_9; Tan200.processEvent020_10; Tan200.processEvent030; Tan200.processEvent030_2; Tan200.processEvent030_3; Tan200.processEvent033; Tan200.processEvent033_2; Tan200.processEvent033_3; Tan200.processEvent033_4; Tan200.processEvent033_5; Tan200.processEvent033_6; Tan200.processEvent033_7; Tan200.processEvent033_8; Tan200.processEvent033_9; Tan200.processEvent033_10; Tan200.processEvent033_11; Tan200.processEvent033_12; Tan200.processEvent037; Tan200.processEvent037_2; Tan200.processEvent040; Tan200.processEvent040_2,,local_template_recovered_route,template replacement helper,after-warp lifetime/order
tan300,110381,Design Imposters,class,data_or_stub,true,true,0,37,template,cutscene,,tan30010; tan30020; tan30030; tan30040; tan30050,0,63,Tan300.initText; Tan300.processEventHerewardStart; Tan300.processEvent010; Tan300.processEvent020; Tan300.processEvent025; Tan300.processEvent030; Tan300.processEvent040; Tan300.processEvent050; Tan300.processEvent005_2; Tan300.processEvent005_3; Tan300.processEvent005_4; Tan300.processEvent005_5; Tan300.processEvent005_6; Tan300.processEvent005_7; Tan300.processEvent005_8; Tan300.processEvent020_2; Tan300.processEvent025_2; Tan300.processEvent025_3; Tan300.processEvent025_4; Tan300.processEvent025_5; Tan300.processEvent025_6; Tan300.processEvent025_7; Tan300.processEvent025_8; Tan300.processEvent030_2; Tan300.processEvent030_3; Tan300.processEvent030_4; Tan300.processEvent030_5; Tan300.processEvent030_6; Tan300.processEvent030_7; Tan300.processEvent030_8; Tan300.processEvent030_9; Tan300.processEvent040_2; Tan300.processEvent040_3; Tan300.processEvent040_4; Tan300.processEvent040_5; Tan300.processEvent040_6; Tan300.processEvent040_7,,local_template_recovered_route,template replacement helper,after-warp lifetime/order
tan306,110382,Head of the Class,class,data_or_stub,true,true,0,52,template,cutscene,,tan30610; tan30620; tan30630; tan30640,0,83,Tan306.initText; Tan306.processEventHerewardStart; Tan306.processEvent010; Tan306.processEvent020; Tan306.processEvent023; Tan306.processEvent025; Tan306.processEvent027; Tan306.processEvent030; Tan306.processEvent040; Tan306.processEvent050; Tan306.processEvent005_2; Tan306.processEvent005_3; Tan306.processEvent005_4; Tan306.processEvent005_5; Tan306.processEvent005_6; Tan306.processEvent005_7; Tan306.processEvent005_8; Tan306.processEvent005_9; Tan306.processEvent010_2; Tan306.processEvent010_3; Tan306.processEvent010_4; Tan306.processEvent010_5; Tan306.processEvent010_6; Tan306.processEvent010_7; Tan306.processEvent010_8; Tan306.processEvent020_2; Tan306.processEvent020_3; Tan306.processEvent020_4; Tan306.processEvent020_5; Tan306.processEvent020_6; Tan306.processEvent020_7; Tan306.processEvent020_8; Tan306.processEvent027_2; Tan306.processEvent027_3; Tan306.processEvent027_4; Tan306.processEvent027_5; Tan306.processEvent027_6; Tan306.processEvent027_7; Tan306.processEvent027_8; Tan306.processEvent027_9,,local_template_recovered_route,template replacement helper,after-warp lifetime/order
thm200,110240,The Big Payback,class,data_or_stub,true,true,0,17,template,cutscene,,thm20010; thm20020; thm20030,0,35,Thm200.initText; Thm200.processEventYayakeStart; Thm200.processEvent020; Thm200.processEvent030; Thm200.processEvent010_2; Thm200.processEvent010_3; Thm200.processEvent010_4; Thm200.processEvent010_5; Thm200.processEvent010_6; Thm200.processEvent010_7; Thm200.processEvent020_2; Thm200.processEvent020_3; Thm200.processEvent020_4; Thm200.processEvent020_5; Thm200.processEvent020_6; Thm200.processEvent020_7; Thm200.processEvent020_8,,local_template_recovered_route,template replacement helper,
thm300,110241,Revelry in Rivalry,class,data_or_stub,true,true,0,32,template,cutscene,,thm30010; thm30020; thm30030; thm30040,0,81,Thm300.initText; Thm300.processEventYayakeStart; Thm300.processEvent020; Thm300.processEvent025; Thm300.processEvent025_1; Thm300.processEvent027; Thm300.processEvent028; Thm300.processEvent030; Thm300.processEvent030_1; Thm300.processEvent020_2; Thm300.processEvent030_2; Thm300.processEvent030_3; Thm300.processEvent030_4; Thm300.processEvent030_5; Thm300.processEvent030_6; Thm300.processEvent030_7; Thm300.processEvent030_8; Thm300.processEvent030_9; Thm300.processEvent035; Thm300.processEvent040; Thm300.processEvent050; Thm300.processEvent010_2; Thm300.processEvent010_3; Thm300.processEvent010_4; Thm300.processEvent010_5; Thm300.processEvent010_6; Thm300.processEvent010_7; Thm300.processEvent025_2; Thm300.processEvent035_2; Thm300.processEvent040_2; Thm300.processEvent040_3; Thm300.processEvent040_4,,local_template_recovered_route,template replacement helper,after-warp lifetime/order; cutscene without obvious fade-out wrapper
thm306,110242,Law and the Order,class,data_or_stub,true,true,0,24,template,cutscene,,thm30610; thm30620; thm30630; thm30640; thm30650; thm30660,0,42,Thm306.initText; Thm306.processEventYayakeStart; Thm306.processEvent020; Thm306.processEvent030; Thm306.processEvent035; Thm306.processEvent040; Thm306.processEvent050; Thm306.processEvent060; Thm306.processEvent010_2; Thm306.processEvent010_3; Thm306.processEvent010_4; Thm306.processEvent010_5; Thm306.processEvent010_6; Thm306.processEvent010_7; Thm306.processEvent020_2; Thm306.processEvent020_3; Thm306.processEvent040_2; Thm306.processEvent040_3; Thm306.processEvent050_2; Thm306.processEvent050_3; Thm306.processEvent050_4; Thm306.processEvent050_5; Thm306.processEvent050_6; Thm306.processEvent050_7,,local_template_recovered_route,template replacement helper,after-warp lifetime/order
wdk200,110300,The Mouths of Babes,class,data_or_stub,true,true,0,37,template,cutscene,,wdk20010; wdk20020; wdk20030,0,67,Wdk200.initText; Wdk200.processEventANaidjaaStart; Wdk200.processEvent010; Wdk200.processEvent020; Wdk200.processEvent025; Wdk200.processEvent030; Wdk200.processEvent040; Wdk200.processEvent005_2; Wdk200.processEvent005_3; Wdk200.processEvent005_4; Wdk200.processEvent005_5; Wdk200.processEvent005_6; Wdk200.processEvent005_7; Wdk200.processEvent010_2; Wdk200.processEvent010_3; Wdk200.processEvent010_4; Wdk200.processEvent010_5; Wdk200.processEvent010_6; Wdk200.processEvent010_7; Wdk200.processEvent010_8; Wdk200.processEvent020_2; Wdk200.processEvent020_3; Wdk200.processEvent020_3_2; Wdk200.processEvent020_4; Wdk200.processEvent020_4_2; Wdk200.processEvent020_5; Wdk200.processEvent020_5_2; Wdk200.processEvent020_6; Wdk200.processEvent020_7; Wdk200.processEvent025_2; Wdk200.processEvent025_3; Wdk200.processEvent030_2; Wdk200.processEvent030_3; Wdk200.processEvent030_4; Wdk200.processEvent030_5; Wdk200.processEvent030_6; Wdk200.processEvent030_7,,local_template_recovered_route,template replacement helper,after-warp lifetime/order
wdk300,110301,Hide and Seek Shenanigans,class,data_or_stub,true,true,0,60,template,cutscene,,wdk30010; wdk30020; wdk30030; wdk30040; wdk30050; wdk30060,0,127,Wdk300.initText; Wdk300.processEventANaidjaaStart; Wdk300.processEvent010; Wdk300.processEvent020; Wdk300.processEvent025_2; Wdk300.processEvent030; Wdk300.processEvent040; Wdk300.processEvent050; Wdk300.processEvent055; Wdk300.processEvent060; Wdk300.processEvent070; Wdk300.processEvent005_2; Wdk300.processEvent005_3; Wdk300.processEvent005_4; Wdk300.processEvent005_5; Wdk300.processEvent005_6; Wdk300.processEvent005_7; Wdk300.processEvent005_8; Wdk300.processEvent005_9; Wdk300.processEvent005_10; Wdk300.processEvent005_11; Wdk300.processEvent005_12; Wdk300.processEvent005_13; Wdk300.processEvent040_2; Wdk300.processEvent040_3; Wdk300.processEvent040_4; Wdk300.processEvent040_5; Wdk300.processEvent040_6; Wdk300.processEvent040_7; Wdk300.processEvent050_7; Wdk300.processEvent050_2; Wdk300.processEvent050_3; Wdk300.processEvent050_4; Wdk300.processEvent050_5; Wdk300.processEvent050_6; Wdk300.processEvent055_2; Wdk300.processEventS000_0; Wdk300.processEventS000_1; Wdk300.processEventS000_2; Wdk300.processEventS000_3,,local_template_recovered_route,template replacement helper,after-warp lifetime/order
wdk306,110302,Spanning the Spectrum,class,data_or_stub,true,true,0,56,template,cutscene,,wdk30610; wdk30620; wdk30630; wdk30640; wdk30650; wdk30660,0,79,Wdk306.initText; Wdk306.processEventMarcelloixStart; Wdk306.processEventMarcelloixStart_2; Wdk306.processEvent010; Wdk306.processEvent020; Wdk306.processEvent023; Wdk306.processEvent025; Wdk306.processEvent030; Wdk306.processEvent040; Wdk306.processEvent050; Wdk306.processEvent060; Wdk306.processEvent005_2; Wdk306.processEvent005_3; Wdk306.processEvent005_4; Wdk306.processEvent005_5; Wdk306.processEvent005_6; Wdk306.processEvent005_7; Wdk306.processEvent020_1; Wdk306.processEvent023_1; Wdk306.processEvent030_2; Wdk306.processEvent030_3; Wdk306.processEvent030_4; Wdk306.processEvent030_5; Wdk306.processEvent040_2; Wdk306.processEvent040_3; Wdk306.processEvent040_4; Wdk306.processEvent040_5; Wdk306.processEvent040_6; Wdk306.processEvent040_7; Wdk306.processEvent050_2; Wdk306.processEvent050_3; Wdk306.processEvent050_4; Wdk306.processEvent050_5; Wdk306.processEvent050_6; Wdk306.processEvent050_7; Wdk306.processEvent055; Wdk306.processEvent055_2; Wdk306.processEventS000_1; Wdk306.processEventS000_2; Wdk306.processEventS000_3,,local_template_recovered_route,template replacement helper,after-warp lifetime/order
wvr200,110400,Hoodwinked,class,data_or_stub,true,true,0,20,template,cutscene,,wvr20010; wvr20020; wvr20030,0,41,Wvr200.initText; Wvr200.processEventDeaustieStart; Wvr200.processEvent010; Wvr200.processEvent020; Wvr200.processEvent030; Wvr200.processEvent005_2; Wvr200.processEvent005_3; Wvr200.processEvent005_4; Wvr200.processEvent005_5; Wvr200.processEvent005_6; Wvr200.processEvent005_7; Wvr200.processEvent005_8; Wvr200.processEvent010_2; Wvr200.processEvent012_2; Wvr200.processEvent020_2; Wvr200.processEvent020_3; Wvr200.processEvent020_4; Wvr200.processEvent020_5; Wvr200.processEvent020_6; Wvr200.processEvent020_7,,local_template_recovered_route,template replacement helper,after-warp lifetime/order
wvr300,110401,Dance the Night Away,class,data_or_stub,true,true,0,42,template,cutscene,,wvr30010; wvr30020,0,109,Wvr300.initText; Wvr300.processEventDeaustieStart; Wvr300.processEvent012; Wvr300.processEvent015; Wvr300.processEvent015_1; Wvr300.processEvent018; Wvr300.processEvent018_2; Wvr300.processEvent019; Wvr300.processEvent020; Wvr300.processEvent030; Wvr300.processEvent010_2; Wvr300.processEvent010_3; Wvr300.processEvent010_4; Wvr300.processEvent010_5; Wvr300.processEvent010_6; Wvr300.processEvent010_7; Wvr300.processEvent010_8; Wvr300.processEvent012_1; Wvr300.processEvent012_2; Wvr300.processEvent015_2; Wvr300.processEvent015_3; Wvr300.processEvent015_4; Wvr300.processEvent015_5; Wvr300.processEvent015_6; Wvr300.processEvent015_7; Wvr300.processEvent015_8; Wvr300.processEventS001_1; Wvr300.processEventS002_1; Wvr300.processEventS003_1; Wvr300.processEventS004_1; Wvr300.processEventS001_2; Wvr300.processEventS002_2; Wvr300.processEventS003_2; Wvr300.processEventS004_2; Wvr300.processEventS001_3; Wvr300.processEventS002_3; Wvr300.processEventS003_3; Wvr300.processEventS004_3; Wvr300.processEventS001_4; Wvr300.processEventS002_4,,local_template_recovered_route,template replacement helper,after-warp lifetime/order
wvr306,110402,A Fruitful Murder,class,data_or_stub,true,true,0,27,template,cutscene,,wvr30610; wvr30620; wvr30630,0,42,Wvr306.initText; Wvr306.processEventDeaustieStart; Wvr306.processEvent008; Wvr306.processEvent008_2; Wvr306.processEvent010; Wvr306.processEvent020; Wvr306.processEvent030; Wvr306.processEvent005_2; Wvr306.processEvent005_3; Wvr306.processEvent005_4; Wvr306.processEvent005_5; Wvr306.processEvent005_6; Wvr306.processEvent005_7; Wvr306.processEvent005_8; Wvr306.processEvent010_2; Wvr306.processEvent010_3; Wvr306.processEvent010_4; Wvr306.processEvent010_5; Wvr306.processEvent010_6; Wvr306.processEvent010_7; Wvr306.processEvent010_8; Wvr306.processEvent020_2; Wvr306.processEventS001_1; Wvr306.processEventS002_1; Wvr306.processEventS003_1; Wvr306.processEventS004_1; Wvr306.processEventS005_1,,local_template_recovered_route,template replacement helper,
dftfst,110541,Small Talk,default_talk,handwritten_event_driver,true,true,4,221,client_event,,,,0,524,DftFst.initText; DftFst.defaultTalkWithVkorolon_001; DftFst.defaultTalkWithPenelope_001; DftFst.defaultTalkWithMiounne_001; DftFst.defaultTalkWithAnene_001; DftFst.defaultTalkWithAnene_002; DftFst.defaultTalkWithAnene_003; DftFst.defaultTalkWithSylbyrt_001; DftFst.defaultTalkWithSylbyrt_002; DftFst.defaultTalkWithSylbyrt_003; DftFst.defaultTalkWithHongavunga_001; DftFst.defaultTalkWithHongavunga_002; DftFst.defaultTalkWithHongavunga_003; DftFst.defaultTalkWithNoncomananco_001; DftFst.defaultTalkWithNoncomananco_002; DftFst.defaultTalkWithNoncomananco_003; DftFst.defaultTalkWithSeikfrae_001; DftFst.defaultTalkWithSeikfrae_002; DftFst.defaultTalkWithSeikfrae_003; DftFst.defaultTalkWithBasewin_001; DftFst.defaultTalkWithBasewin_002; DftFst.defaultTalkWithBasewin_003; DftFst.defaultTalkWithEdasshym_001; DftFst.defaultTalkWithEdasshym_002; DftFst.defaultTalkWithEdasshym_003; DftFst.defaultTalkWithLtandhaa_001; DftFst.defaultTalkWithLtandhaa_002; DftFst.defaultTalkWithLtandhaa_003; DftFst.defaultTalkWithPofufu_001; DftFst.defaultTalkWithPofufu_002; DftFst.defaultTalkWithPofufu_003; DftFst.defaultTalkWithDrividot_001; DftFst.defaultTalkWithDrividot_002; DftFst.defaultTalkWithDrividot_003; DftFst.defaultTalkWithOdilie_001; DftFst.defaultTalkWithOdilie_002; DftFst.defaultTalkWithOdilie_003; DftFst.defaultTalkWithFlavielle_001; DftFst.defaultTalkWithFlavielle_002; DftFst.defaultTalkWithFlavielle_003,onTalk; IsQuestENPC; defaultTalkWithInn; talkWithSpecial,local_under_recovered_call_surface,route parity helper,
dftlak,110545,Small Talk,default_talk,handwritten_event_driver,true,true,2,15,client_event,,,,0,197,DftLak.initText; DftLak.defaultTalkWithMemenugu_001; DftLak.defaultTalkWithLangliva_001; DftLak.defaultTalkWithEidinsath_001; DftLak.defaultTalkWithRashaht_001; DftLak.defaultTalkWithMyrganmoen_001; DftLak.defaultTalkWithHidden_001; DftLak.defaultTalkWithQuinquerol_001; DftLak.defaultTalkTall_001; DftLak.defaultTalkWithVevina_001; DftLak.defaultTalkWithJakys_001; DftLak.defaultTalkWithMhenall_001; DftLak.defaultTalkWithClovissoix_001; DftLak.processEventContainer; DftLak.processEventContainer2,onTalk; IsQuestENPC,local_under_recovered_call_surface,route parity helper,
dftroc,110542,Small Talk,default_talk,handwritten_event_driver,true,true,2,40,client_event,,,,0,72,DftRoc.initText; DftRoc.defaultTalkWithSidonia_001; DftRoc.defaultTalkWithTarokmagurok_001; DftRoc.defaultTalkWithDyrstweitz_001; DftRoc.defaultTalkWithPaul_001; DftRoc.defaultTalkWithLiflingulin_001; DftRoc.defaultTalkWithLadislas_001; DftRoc.defaultTalkWithBubudoga_001; DftRoc.defaultTalkWithWowotazi_001; DftRoc.defaultTalkWithPuroro_001; DftRoc.defaultTalkWithMhustym_001; DftRoc.defaultTalkWithHersande_001; DftRoc.defaultTalkWithTheophilain_001; DftRoc.defaultTalkWithWidigast_001; DftRoc.defaultTalkWithAmianne_001; DftRoc.defaultTalkWithJanlenoux_001; DftRoc.defaultTalkWithFyrloug_001; DftRoc.defaultTalkWithPatrick_001; DftRoc.defaultTalkWithElde_001; DftRoc.defaultTalkWithOdeve_001; DftRoc.defaultTalkWithEmerissel_001; DftRoc.defaultTalkWithRawawa_001; DftRoc.defaultTalkWithErmiance_001; DftRoc.defaultTalkWithRickeman_001; DftRoc.defaultTalkWithQuenburga_001; DftRoc.defaultTalkWithGaetelle_001; DftRoc.defaultTalkWithHubairtien_001; DftRoc.defaultTalkWithArmantel_001; DftRoc.defaultTalkWithIliette_001; DftRoc.defaultTalkWithArscelin_001; DftRoc.defaultTalkWithOrtefauchel_001; DftRoc.defaultTalkWithHourlinet_001; DftRoc.defaultTalkWithYvelont_001; DftRoc.defaultTalkWithRaenhyml_001; DftRoc.defaultTalkWithLeleyo_001; DftRoc.defaultTalkRoger_001; DftRoc.defaultTalkRoger_002; DftRoc.defaultTalkJRhoomale_001; DftRoc.defaultTalkCoultenet_001; DftRoc.defaultTalkAlberic_001,onTalk; IsQuestENPC,local_under_recovered_call_surface,route parity helper,
dftsea,110540,Small Talk,default_talk,handwritten_event_driver,true,true,3,258,client_event,,,,0,547,DftSea.initText; DftSea.defaultTalkStartMan; DftSea.defaultTalkOiSAM; DftSea.defaultTalkMLinhbo; DftSea.defaultTalkWithMytesyn_001; DftSea.defaultTalkWithUrsulie_001; DftSea.defaultTalkWithAshakkal_001; DftSea.defaultTalkWithPiralnaut_001; DftSea.defaultTalkWithBaderon_001; DftSea.defaultTalkWithCharlys_001; DftSea.defaultTalkWithNoline_001; DftSea.defaultTalkWithJossy_001; DftSea.defaultTalkWithPrudentia_001; DftSea.defaultTalkWithPulmia_001; DftSea.defaultTalkWithAentfoet_001; DftSea.defaultTalkWithKikichua_001; DftSea.defaultTalkWithGerulf_001; DftSea.defaultTalkWithHobriaut_001; DftSea.defaultTalkWithRsushmo_001; DftSea.defaultTalkWithFrailoise_001; DftSea.defaultTalkWithIsaudorel_001; DftSea.defaultTalkWithTotoruto_001; DftSea.defaultTalkWithChaunollet_001; DftSea.defaultTalkWithRaragun_001; DftSea.defaultTalkWithMynadaeg_001; DftSea.defaultTalkWithTefhmoshroca_001; DftSea.defaultTalkWithGinnade_001; DftSea.defaultTalkWithArthurioux_001; DftSea.defaultTalkWithBodenolf_001; DftSea.defaultTalkWithBodenolf_002; DftSea.defaultTalkWithQhaschalahko_001; DftSea.defaultTalkWithJoellaut_001; DftSea.defaultTalkWithIofa_001; DftSea.defaultTalkWithSyngsmyd_001; DftSea.defaultTalkWithMartiallais_001; DftSea.defaultTalkWithFaucillien_001; DftSea.defaultTalkWithNnmulika_001; DftSea.defaultTalkWithLouviaune_001; DftSea.defaultTalkWithClifton_001; DftSea.defaultTalkWithUndsatz_001,onTalk; IsQuestENPC; defaultTalkWithInn,local_under_recovered_call_surface,route parity helper,
dftsrt,110544,Small Talk,default_talk,present_unknown,true,true,2,3,todo,cutscene,,,0,3,DftSrt.initText; DftSrt.defaultTalkWithPilot_001; DftSrt.eventDeparture,onTalk; IsQuestENPC,local_under_recovered_call_surface,route parity helper,after-warp lifetime/order
dftwil,110543,Small Talk,default_talk,handwritten_event_driver,true,true,4,292,client_event,,,,0,627,DftWil.initText; DftWil.defaultTalkWithOtopapottopa_001; DftWil.defaultTalkWithThaisie_001; DftWil.defaultTalkWithMomodi_001; DftWil.defaultTalkWithKiora_001; DftWil.defaultTalkWithKiora_002; DftWil.defaultTalkWithKiora_003; DftWil.defaultTalkWithOpondhao_001; DftWil.defaultTalkWithOpondhao_002; DftWil.defaultTalkWithOpondhao_003; DftWil.defaultTalkWithBertram_001; DftWil.defaultTalkWithBertram_002; DftWil.defaultTalkWithBertram_003; DftWil.defaultTalkWithMinerva_001; DftWil.defaultTalkWithMinerva_002; DftWil.defaultTalkWithMinerva_003; DftWil.defaultTalkWithMinerva_004; DftWil.defaultTalkWithZoengterbin_001; DftWil.defaultTalkWithZoengterbin_002; DftWil.defaultTalkWithZoengterbin_003; DftWil.defaultTalkWithStyrmoeya_001; DftWil.defaultTalkWithStyrmoeya_002; DftWil.defaultTalkWithStyrmoeya_003; DftWil.defaultTalkWithYhahamariyo_001; DftWil.defaultTalkWithYhahamariyo_002; DftWil.defaultTalkWithYhahamariyo_003; DftWil.defaultTalkWithHildie_001; DftWil.defaultTalkWithHildie_002; DftWil.defaultTalkWithHildie_003; DftWil.defaultTalkWithLettice_001; DftWil.defaultTalkWithLettice_002; DftWil.defaultTalkWithLettice_003; DftWil.defaultTalkWithTyon_001; DftWil.defaultTalkWithTyon_002; DftWil.defaultTalkWithTyon_003; DftWil.defaultTalkWithSingleton_001; DftWil.defaultTalkWithLulutsu_001; DftWil.defaultTalkWithPapawa_001; DftWil.defaultTalkWithFhruybolg_001; DftWil.defaultTalkWithAbylgohamylgo_001,onTalk; IsQuestENPC; defaultTalkWithInn; talkWithSpecial,local_under_recovered_call_surface,route parity helper,
com0g1,111601,Breaking the Seals,grand_company,handwritten_event_driver,true,true,7,10,client_event; state; reward_or_inventory,cutscene,,com0g105; com0g110,7,38,Com0g1.initText; Com0g1.processEventStart; Com0g1.processEventStartAfter; Com0g1.processEventAilithShiren; Com0g1.processEventAilithShirenFree; Com0g1.processEventUrianger; Com0g1.processEventUriangerMore; Com0g1.processEventAilith; Com0g1.processEventAilithFree; Com0g1.processEventClear,onStart; onFinish; onStateChange; onTalk; onKillBNpc; getJournalInformation; getJournalMapMarkerList,local_under_recovered_call_surface,route parity helper,completion plus reward mutation; inventory removal; after-warp lifetime/order
com0g2,111602,Why Did It Have to Be Snakes,grand_company,handwritten_event_driver,true,true,6,3,client_event; state; reward_or_inventory,,,,2,19,Com0g2.initText; Com0g2.processEventFulkeStart; Com0g2.processEventFulkeEnd,onStart; onFinish; onStateChange; onTalk; getJournalInformation; getJournalMapMarkerList,local_under_recovered_call_surface,route parity helper,completion plus reward mutation
com0g3,111603,Adder's Nest Egg,grand_company,handwritten_event_driver,true,true,6,2,client_event; state; reward_or_inventory,,com0g300,,4,14,Com0g3.initText; Com0g3.processEventStart,onStart; onFinish; onStateChange; onTalk; getJournalInformation; getJournalMapMarkerList,local_under_recovered_call_surface,route parity helper,completion plus reward mutation
com0g4,111604,The Mail Must Get Through,grand_company,handwritten_event_driver,true,true,6,8,client_event; state; reward_or_inventory,cutscene,,com0g410,4,39,Com0g4.initText; Com0g4.processEventStart; Com0g4.processEventStartAfter; Com0g4.processEventFulke; Com0g4.processEventFulkeFree; Com0g4.processEventRadulf; Com0g4.processEventRadulfFree; Com0g4.processEventClear,onStart; onFinish; onStateChange; onTalk; getJournalInformation; getJournalMapMarkerList,local_under_recovered_call_surface,route parity helper,completion plus reward mutation; inventory removal
com0g5,111605,Their Finest Hour,grand_company,handwritten_event_driver,true,true,6,15,client_event; state; reward_or_inventory; todo,cutscene,,,5,68,Com0g5.initText; Com0g5.processEventFulkeHint; Com0g5.processEventFulkeStart; Com0g5.followEvent005; Com0g5.processEvent005; Com0g5.processEvent010; Com0g5.processEvent011; Com0g5.processEvent012; Com0g5.processEvent010_1; Com0g5.processEvent010_2; Com0g5.processEvent010_3; Com0g5.processEvent010_4; Com0g5.processEvent010_5; Com0g5.processEvent020; Com0g5.processEvent030,onStart; onFinish; onStateChange; onTalk; getJournalInformation; getJournalMapMarkerList,local_under_recovered_call_surface,route parity helper,local TODO/FIXME; completion plus reward mutation; after-warp lifetime/order
com0g6,111606,Appetite for Destruction,grand_company,handwritten_event_driver,true,true,6,20,client_event; state; reward_or_inventory,cutscene,,,4,69,Com0g6.initText; Com0g6.processEventHint; Com0g6.processEventStart; Com0g6.processEventStartAfter; Com0g6.processEventLewin; Com0g6.processEventLewinAfter; Com0g6.processEventPesi; Com0g6.processEventPesiAfter; Com0g6.processEventSwethyna; Com0g6.processEventSwethynaAfter; Com0g6.processEventConcessa; Com0g6.processEventConcessaAfter; Com0g6.processEventKinborow; Com0g6.processEventKinborowAfter; Com0g6.processEventNorbertillon; Com0g6.processEventNorbertillonAfter; Com0g6.processEventSorezari; Com0g6.processEventSorezariAfter; Com0g6.processEventClear; Com0g6.processEventNq,onStart; onFinish; onStateChange; onTalk; getJournalInformation; getJournalMapMarkerList,local_under_recovered_call_surface,route parity helper,completion plus reward mutation
com0g7,111607,"Serenity, Purity, Sanctity",grand_company,handwritten_event_driver,true,true,6,3,client_event; state; reward_or_inventory,,,,2,34,Com0g7.initText; Com0g7.processEventFulkeStart; Com0g7.processEventFulkeEnd,onStart; onFinish; onStateChange; onTalk; getJournalInformation; getJournalMapMarkerList,local_under_recovered_call_surface,route parity helper,completion plus reward mutation
com0l1,111401,The Price of Integrity,grand_company,handwritten_event_driver,true,true,7,10,client_event; state; reward_or_inventory,cutscene,,com0l105; com0l110,7,35,Com0l1.initText; Com0l1.processEventGUINCUMStart; Com0l1.processEvent_000; Com0l1.processEvent_010; Com0l1.processEvent_010_1; Com0l1.processEvent_020; Com0l1.processEvent_040; Com0l1.processEvent_040_1; Com0l1.processEvent_050; Com0l1.processEvent_030,onStart; onFinish; onStateChange; onTalk; onKillBNpc; getJournalInformation; getJournalMapMarkerList,local_under_recovered_call_surface,route parity helper,completion plus reward mutation; inventory removal; after-warp lifetime/order
com0l2,111402,Testing the Waters,grand_company,handwritten_event_driver,true,true,6,3,client_event; state; reward_or_inventory,,,,2,20,Com0l2.initText; Com0l2.processEventGUINCUMStart; Com0l2.processEventGUINCUMEnd,onStart; onFinish; onStateChange; onTalk; getJournalInformation; getJournalMapMarkerList,local_under_recovered_call_surface,route parity helper,completion plus reward mutation
com0l3,111403,Seals for the Whorl,grand_company,handwritten_event_driver,true,true,6,2,client_event; state; reward_or_inventory,,com0l300,,4,14,Com0l3.initText; Com0l3.processEventFHILAHCTStart,onStart; onFinish; onStateChange; onTalk; getJournalInformation; getJournalMapMarkerList,local_under_recovered_call_surface,route parity helper,completion plus reward mutation
com0l4,111404,Engineering Victory,grand_company,handwritten_event_driver,true,true,6,11,client_event; state; reward_or_inventory,cutscene,,com0l410,4,41,Com0l4.initText; Com0l4.processEventGUINCUMStart; Com0l4.processEvent_000_1; Com0l4.processEvent_010; Com0l4.processEvent_010_1; Com0l4.processEvent_015; Com0l4.processEventNymiene; Com0l4.processEventNymiene_01; Com0l4.processEventAergfloh; Com0l4.processEventAergfloh_01; Com0l4.processEvent_020,onStart; onFinish; onStateChange; onTalk; getJournalInformation; getJournalMapMarkerList,local_under_recovered_call_surface,route parity helper,completion plus reward mutation; inventory removal
com0l5,111405,An Officer and a Wise Man,grand_company,handwritten_event_driver,true,true,6,17,client_event; state; reward_or_inventory; todo,cutscene,,,5,65,Com0l5.initText; Com0l5.processEvent_hint; Com0l5.processEventGUINCUMStart; Com0l5.processEvent_000; Com0l5.processEvent_005_merlwyb; Com0l5.processEvent_005_merlwyb_01; Com0l5.processEvent_005_uri; Com0l5.processEvent_005_uri_01; Com0l5.processEvent_010; Com0l5.processEvent_015_01; Com0l5.processEvent_015_02; Com0l5.processEvent_015_03; Com0l5.processEvent_015_04; Com0l5.processEvent_015; Com0l5.processEvent_elevator_nq1; Com0l5.processEvent_elevator_nq2; Com0l5.processEventExit,onStart; onFinish; onStateChange; onTalk; getJournalInformation; getJournalMapMarkerList,local_under_recovered_call_surface,route parity helper,local TODO/FIXME; completion plus reward mutation; inventory removal; after-warp lifetime/order
com0l6,111406,Ceruleum Shock,grand_company,handwritten_event_driver,true,true,6,20,client_event; state; reward_or_inventory,cutscene,,,4,80,Com0l6.initText; Com0l6.processEventGUINCUMStart; Com0l6.processEventGUINCUMHint; Com0l6.processEvent_000; Com0l6.processEvent_005_1; Com0l6.processEvent_005_2; Com0l6.processEvent_005_3; Com0l6.processEvent_005_4; Com0l6.processEvent_005; Com0l6.processEvent_010; Com0l6.processEvent_015_1; Com0l6.processEvent_015_2; Com0l6.processEvent_015_3; Com0l6.processEvent_015_4; Com0l6.processEvent_015_5; Com0l6.processEvent_015_6; Com0l6.processEvent_015_7; Com0l6.processEvent_015; Com0l6.processEvent_elevator_nq1; Com0l6.processEvent_elevator_nq2,onStart; onFinish; onStateChange; onTalk; getJournalInformation; getJournalMapMarkerList,local_under_recovered_call_surface,route parity helper,completion plus reward mutation; after-warp lifetime/order
com0l7,111407,Till Sea Swallows All,grand_company,handwritten_event_driver,true,true,6,3,client_event; state; reward_or_inventory,,,,2,32,Com0l7.initText; Com0l7.processEventGuincamStart; Com0l7.processEventGuincamEnd,onStart; onFinish; onStateChange; onTalk; getJournalInformation; getJournalMapMarkerList,local_under_recovered_call_surface,route parity helper,completion plus reward mutation
com0u1,111801,Career Opportunities,grand_company,handwritten_event_driver,true,true,7,10,client_event; state; reward_or_inventory,cutscene,,com0u105; com0u110,7,33,Com0u1.initText; Com0u1.processEventAUBREYStart; Com0u1.processEvent_000; Com0u1.processEvent_010; Com0u1.processEvent_010_1; Com0u1.processEvent_020; Com0u1.processEvent_030; Com0u1.processEvent_040; Com0u1.processEvent_040_1; Com0u1.processEvent_050,onStart; onFinish; onStateChange; onTalk; onKillBNpc; getJournalInformation; getJournalMapMarkerList,local_under_recovered_call_surface,route parity helper,completion plus reward mutation; inventory removal; after-warp lifetime/order
com0u2,111802,Kindling a Flame,grand_company,handwritten_event_driver,true,true,6,3,client_event; state; reward_or_inventory,,,,2,19,Com0u2.initText; Com0u2.processEventAUBREYStart; Com0u2.processEventAUBREYFinal,onStart; onFinish; onStateChange; onTalk; getJournalInformation; getJournalMapMarkerList,local_under_recovered_call_surface,route parity helper,completion plus reward mutation
com0u3,111803,Burning a Hole in One's Pocket,grand_company,handwritten_event_driver,true,true,6,2,client_event; state; reward_or_inventory,,com0u300,,4,13,Com0u3.initText; Com0u3.processEventUSANZIStart,onStart; onFinish; onStateChange; onTalk; getJournalInformation; getJournalMapMarkerList,local_under_recovered_call_surface,route parity helper,completion plus reward mutation
com0u4,111804,Arms Race,grand_company,handwritten_event_driver,true,true,7,12,client_event; state; reward_or_inventory,cutscene,,com0u410,6,40,Com0u4.initText; Com0u4.processEventAUBREYStart; Com0u4.processEvent_000; Com0u4.processEvent_010; Com0u4.processEvent_010_1; Com0u4.processEvent_020; Com0u4.processEvent_020_1; Com0u4.processEvent_030; Com0u4.processEvent_030_1; Com0u4.processEvent_040; Com0u4.processEvent_040_1; Com0u4.processEvent_050,onStart; onFinish; onStateChange; onTalk; onKillBNpc; getJournalInformation; getJournalMapMarkerList,local_under_recovered_call_surface,route parity helper,completion plus reward mutation; inventory removal
com0u5,111805,Burning Man,grand_company,handwritten_event_driver,true,true,6,24,client_event; state; reward_or_inventory; todo,cutscene,com0u510,,5,78,Com0u5.initText; Com0u5.processEventAubreyHint; Com0u5.processEventAubreyStart; Com0u5.processEvent000_2; Com0u5.processEvent010; Com0u5.processEvent010_2; Com0u5.processEvent010_3; Com0u5.processEvent010_4; Com0u5.processEvent010_5; Com0u5.processEvent010_6; Com0u5.processEvent015; Com0u5.processEvent015_2; Com0u5.processEvent015_3; Com0u5.processEvent015_4; Com0u5.processEvent020; Com0u5.processEvent020_2; Com0u5.processEvent020_3; Com0u5.processEvent025; Com0u5.processEvent030; Com0u5.processEvent030_2; Com0u5.processEvent030_3; Com0u5.processEvent030_4; Com0u5.processEvent030_5; Com0u5.processEvent030_6,onStart; onFinish; onStateChange; onTalk; getJournalInformation; getJournalMapMarkerList,local_under_recovered_call_surface,route parity helper,local TODO/FIXME; completion plus reward mutation; inventory removal; after-warp lifetime/order
com0u6,111806,Know Your Enemy,grand_company,handwritten_event_driver,true,true,7,23,client_event; state; reward_or_inventory,cutscene,,,7,67,Com0u6.initText; Com0u6.processEvent_hint; Com0u6.processEventAUBREYStart; Com0u6.processEvent_000; Com0u6.processEvent_005; Com0u6.processEvent_005_01; Com0u6.processEvent_005_02; Com0u6.processEvent_005_03; Com0u6.processEvent_005_05; Com0u6.processEvent_005_06; Com0u6.processEvent_005_07; Com0u6.processEvent_005_09; Com0u6.processEvent_010; Com0u6.processEvent_010_01; Com0u6.processEvent_010_02; Com0u6.processEvent_010_03; Com0u6.processEvent_010_05; Com0u6.processEvent_010_06; Com0u6.processEvent_010_07; Com0u6.processEvent_010_09; Com0u6.processEvent_elevator_nq1F; Com0u6.processEvent_elevator_nq2F; Com0u6.processEvent_elevator_nq3F,onStart; onFinish; onStateChange; onTalk; onKillBNpc; getJournalInformation; getJournalMapMarkerList,local_under_recovered_call_surface,route parity helper,completion plus reward mutation; after-warp lifetime/order
com0u7,111807,By Fire Reborn,grand_company,handwritten_event_driver,true,true,6,3,client_event; state; reward_or_inventory,,,,2,31,Com0u7.initText; Com0u7.processEventAubreyStart; Com0u7.processEventAubreyEnd,onStart; onFinish; onStateChange; onTalk; getJournalInformation; getJournalMapMarkerList,local_under_recovered_call_surface,route parity helper,completion plus reward mutation
com5g0,111610,Imperial Devices (Gridania),grand_company,data_or_stub,true,true,0,15,,,,,0,72,Com5g0.initText; Com5g0.processEventFULKEStart; Com5g0.followEvent_000; Com5g0.processEvent_010; Com5g0.processEvent_010_1; Com5g0.processEvent_020; Com5g0.followEvent_020; Com5g0.processEvent_030; Com5g0.processEvent_030_1; Com5g0.followEvent_030; Com5g0.followEvent_040; Com5g0.processEvent_050; Com5g0.followEvent_050; Com5g0.processEvent_060; Com5g0.menberCountUnderRange,,local_under_recovered_call_surface,route parity helper,
com5g1,111611,Into the Dark (Gridania),grand_company,data_or_stub,true,true,0,14,,cutscene,,,0,64,Com5g1.initText; Com5g1.processEventFULKEStart; Com5g1.processEvent_000; Com5g1.processEvent_010; Com5g1.processEvent_010_2; Com5g1.processEvent_010_3; Com5g1.processEvent_010_4; Com5g1.processEvent_010_5; Com5g1.processEvent_010_6; Com5g1.processEvent_020; Com5g1.processEvent_020_1; Com5g1.processEvent_030_1; Com5g1.processEvent_040; Com5g1.processEvent_050,,local_under_recovered_call_surface,route parity helper,
com5l0,111410,Imperial Devices (Limsa Lominsa),grand_company,data_or_stub,true,true,0,15,,cutscene,,,0,92,Com5l0.initText; Com5l0.processEventGUINCUMStart; Com5l0.processEvent_000; Com5l0.processEvent_005; Com5l0.processEvent_005_01; Com5l0.processEvent_010; Com5l0.processEvent_010_01; Com5l0.menberCountUnderRange; Com5l0.processEvent_015; Com5l0.processEvent_015_1; Com5l0.processEvent_015_2; Com5l0.processEvent_020; Com5l0.processEvent_020_2; Com5l0.processEvent_020_1; Com5l0.processEvent_025,,local_under_recovered_call_surface,route parity helper,
com5l1,111411,Into the Dark (Limsa Lominsa),grand_company,data_or_stub,true,true,0,11,,cutscene,,,0,61,Com5l1.initText; Com5l1.processEventGUINCUMStart; Com5l1.processEvent_000; Com5l1.processEvent_010; Com5l1.processEvent_010_1; Com5l1.processEvent_020; Com5l1.processEvent_030; Com5l1.processEvent_030_1; Com5l1.processEvent_030_2; Com5l1.processEvent_040; Com5l1.processEvent_050,,local_under_recovered_call_surface,route parity helper,
com5u0,111810,Imperial Devices (Ul'dah),grand_company,data_or_stub,true,true,0,14,,cutscene,,,0,80,Com5u0.initText; Com5u0.processEventAUBREYStart; Com5u0.processEvent_000; Com5u0.processEvent_005; Com5u0.processEvent_005_1; Com5u0.processEvent_010; Com5u0.processEvent_010_01; Com5u0.processEvent_015; Com5u0.processEvent_015_1; Com5u0.processEvent_015_2; Com5u0.processEvent_020; Com5u0.processEvent_020_1; Com5u0.processEvent_025; Com5u0.menberCountUnderRange,,local_under_recovered_call_surface,route parity helper,
com5u1,111811,Into the Dark (Ul'dah),grand_company,data_or_stub,true,true,0,9,,cutscene,,,0,60,Com5u1.initText; Com5u1.processEventAUBREYStart; Com5u1.processEvent_000; Com5u1.processEvent_010; Com5u1.processEvent_020; Com5u1.processEvent_020_1; Com5u1.processEvent_020_2; Com5u1.processEvent_030; Com5u1.processEvent_040,,local_under_recovered_call_surface,route parity helper,
gcg101,111616,It Kills with Fire (Gridania),grand_company,data_or_stub,true,true,0,1,,,,,0,0,Gcg101.initText,,low_signal_script_pair,script metadata review helper,
gcg102,111627,Two Vans are Better than One,grand_company,data_or_stub,true,true,0,28,,cutscene,,,0,89,Gcg102.initText; Gcg102.processEventStart; Gcg102.processEventStartAfter; Gcg102.processEventPfrymloef; Gcg102.processEventArthur; Gcg102.processEventTalloak01; Gcg102.processEventVevina01; Gcg102.processEventQuinquerol; Gcg102.processEventArthurNQF; Gcg102.processEventTalloak02; Gcg102.processEventVevina02; Gcg102.processEventQuinquerolNQF; Gcg102.processEventPfrymloefNQF; Gcg102.processEventPfrymloefNQ; Gcg102.processEventPfrymloefNQA; Gcg102.processEventArthurNQA; Gcg102.processEventTalloak03; Gcg102.processEventTalloak04; Gcg102.processEventVevina03; Gcg102.processEventQuinquerolNQA; Gcg102.processEventQuinquerolFragC; Gcg102.processEventLionnellais; Gcg102.processEventCid; Gcg102.processEventEbrelnaux; Gcg102.processEventEbrelnauxAfter; Gcg102.processEventBardo; Gcg102.processEventBardoAfter; Gcg102.processEventClear,,local_under_recovered_call_surface,route parity helper,
gcg103,111629,Shadow of the Raven,grand_company,data_or_stub,true,true,0,8,,cutscene,,,0,38,Gcg103.initText; Gcg103.processEventStart; Gcg103.processEventSenna; Gcg103.processEventPesi; Gcg103.processEventSwethryk; Gcg103.processEventStartAfter; Gcg103.processEventNQ01; Gcg103.processEventNQ02,,local_under_recovered_call_surface,route parity helper,
gcg104,111630,In for Garuda Wakening (Gridania),grand_company,data_or_stub,true,true,0,1,,,,,0,0,Gcg104.initText,,low_signal_script_pair,script metadata review helper,
gcg105,111631,Don't Hate the Messenger (Gridania),grand_company,data_or_stub,true,true,0,1,,,,,0,0,Gcg105.initText,,low_signal_script_pair,script metadata review helper,
gcg106,111632,United We Stand (Gridania),grand_company,data_or_stub,true,true,0,1,,,,,0,0,Gcg106.initText,,low_signal_script_pair,script metadata review helper,
gcg107,111633,To Kill a Raven (Gridania),grand_company,data_or_stub,true,true,0,1,,,,,0,0,Gcg107.initText,,low_signal_script_pair,script metadata review helper,
gcg301,111617,Eternal Recurrence,grand_company,data_or_stub,true,true,0,4,,cutscene,,,0,25,Gcg301.initText; Gcg301.processEventDYRSTBRODStart; Gcg301.processEvent_000; Gcg301.processEvent_010,,local_under_recovered_call_surface,route parity helper,
gcg302,111618,The Pen Is Mightier Than the Spear,grand_company,data_or_stub,true,true,0,6,,cutscene,,,0,38,Gcg302.initText; Gcg302.processEventStart; Gcg302.processEventStartAfter; Gcg302.processEventChallinie; Gcg302.processEventChallinieFree; Gcg302.processEventClear,,local_under_recovered_call_surface,route parity helper,
gcg303,111619,Woes of the Botanist,grand_company,data_or_stub,true,true,0,7,,,,,0,37,Gcg303.initText; Gcg303.processEventStart; Gcg303.processEventStartAfter; Gcg303.processEventEnie; Gcg303.processEventMog; Gcg303.processEventKupo; Gcg303.processEventClear,,local_under_recovered_call_surface,route parity helper,
gcg304,111620,Gone with the Wind,grand_company,data_or_stub,true,true,0,8,,cutscene,,,0,74,Gcg304.initText; Gcg304.processEventALAIREStart; Gcg304.processEvent_000; Gcg304.processEvent_005; Gcg304.processEvent_005_01; Gcg304.processEvent_010; Gcg304.processEvent_010_01; Gcg304.processEvent_015,,local_under_recovered_call_surface,route parity helper,
gcg305,111626,A Taste for Death,grand_company,data_or_stub,true,true,0,6,,,,,0,27,Gcg305.initText; Gcg305.processEventStart; Gcg305.processEventStartAfter; Gcg305.processEventTall; Gcg305.processEventVevina; Gcg305.processEventClear,,local_under_recovered_call_surface,route parity helper,
gcg701,111628,You Don't Have the Rite,grand_company,data_or_stub,true,true,0,13,,,,,0,50,Gcg701.initText; Gcg701.processEventFULKEStart; Gcg701.processEventFULKEhint; Gcg701.processEventFULKEhint2; Gcg701.processEventVORSAILEStart; Gcg701.processEventVORSAILEng; Gcg701.processEventVORSAILEok; Gcg701.processEventVORSAILEstop; Gcg701.processEventVORSAILEcomp; Gcg701.processEventVORSAILEcomp2; Gcg701.processEventFULKEevent; Gcg701.processEventFULKEevent2; Gcg701.processEventFULKEend,,local_under_recovered_call_surface,route parity helper,
gcg702,111634,Cure for the Common Pox,grand_company,data_or_stub,true,true,0,7,,,,,0,32,Gcg702.initText; Gcg702.processEventHint; Gcg702.processEventStart; Gcg702.processEvent000_FULKE; Gcg702.processEvent005; Gcg702.processEvent005_FULKE; Gcg702.processEvent010,,local_under_recovered_call_surface,route parity helper,
gcl101,111416,It Kills with Fire (Limsa Lominsa),grand_company,data_or_stub,true,true,0,27,,cutscene,,,0,156,Gcl101.initText; Gcl101.processEventGuincumStart; Gcl101.processEventFulkeStart; Gcl101.processEventAubreyStart; Gcl101.processEvent_000; Gcl101.processEvent_010; Gcl101.processEvent_010_1; Gcl101.processEvent_030; Gcl101.processEvent_030_1; Gcl101.processEvent_030_2; Gcl101.processEvent_030_3; Gcl101.processEvent_030_4; Gcl101.processEvent_030_5; Gcl101.processEvent_050; Gcl101.processEvent_050_1; Gcl101.processEvent_050_2; Gcl101.processEvent_050_3; Gcl101.processEvent_050_6; Gcl101.processEvent_060; Gcl101.processEvent_060_NG; Gcl101.processEvent_060_NQ1; Gcl101.processEvent_060_NQ2; Gcl101.processEvent_070; Gcl101.processEvent_070_1; Gcl101.processEvent_080_L; Gcl101.processEvent_080_G; Gcl101.processEvent_080_U,,local_under_recovered_call_surface,route parity helper,
gcl102,111427,Alive,grand_company,data_or_stub,true,true,0,22,,cutscene,,,0,81,Gcl102.initText; Gcl102.processEventStart; Gcl102.processEventStartAfter; Gcl102.processEventMyrganmoen; Gcl102.processEventMyrganmoen2; Gcl102.processEventHidden; Gcl102.processEventHidden2; Gcl102.processEventRashaht; Gcl102.processEventRashaht2; Gcl102.processEventNQ; Gcl102.processEventCid; Gcl102.processEventCid2; Gcl102.processEventEbrelnaux; Gcl102.processEventEbrelnaux2; Gcl102.processEventJijina; Gcl102.processEventJijina2; Gcl102.processEventBolaff; Gcl102.processEventSaelbmoht; Gcl102.processEventSorezari; Gcl102.processEventHidden3; Gcl102.processEventMyrganmoen3; Gcl102.processEventClear,,local_under_recovered_call_surface,route parity helper,after-warp lifetime/order
gcl103,111429,Deus ex Machina,grand_company,data_or_stub,true,true,0,9,,cutscene,,,0,32,Gcl103.initText; Gcl103.processEventStart; Gcl103.processEvent000_GUINCUM; Gcl103.processEvent000; Gcl103.processEvent000_HYLLFYR; Gcl103.processEvent000_EYNZAHR; Gcl103.processEvent000_REYNER; Gcl103.processEvent005_NQ; Gcl103.processEvent015_NQ,,local_under_recovered_call_surface,route parity helper,after-warp lifetime/order
gcl104,111430,In for Garuda Wakening (Limsa Lominsa),grand_company,data_or_stub,true,true,0,39,,cutscene,,,0,163,Gcl104.initText; Gcl104.processEventHintLim; Gcl104.processEventHintGur; Gcl104.processEventHintUru; Gcl104.processEventStart; Gcl104.processEventStartAfter; Gcl104.processEventEthelinda; Gcl104.processEventHedeue; Gcl104.processEventLouisoix01; Gcl104.processEventLouisoix02; Gcl104.processEventLouisoix03; Gcl104.processEventLouisoix04; Gcl104.processEventGuincum01; Gcl104.processEventFulke01; Gcl104.processEventAubrey01; Gcl104.processEventCid; Gcl104.processEventMerwyb; Gcl104.processEventEynzahr; Gcl104.processEventDyrfhund; Gcl104.processEventToldha; Gcl104.processEventNimie; Gcl104.processEventAugustine; Gcl104.processEventSenna; Gcl104.processEventSwethryk; Gcl104.processEventTegogo; Gcl104.processEventMyno; Gcl104.processEventPortelaine; Gcl104.processEventAmice; Gcl104.processEventRaubahn; Gcl104.processEventEline; Gcl104.processEventRoric; Gcl104.processEventWaguda; Gcl104.processEventGuincum03; Gcl104.processEventFulke03; Gcl104.processEventAubrey03; Gcl104.processEventZanthael; Gcl104.processEventNQ; Gcl104.processEventNQG; Gcl104.processEventNQU,,local_under_recovered_call_surface,route parity helper,after-warp lifetime/order
gcl105,111431,Don't Hate the Messenger (Limsa Lominsa),grand_company,data_or_stub,true,true,0,76,,cutscene,,,0,350,Gcl105.initText; Gcl105.processEventTest; Gcl105.processEventStartLim; Gcl105.processEventGuincum; Gcl105.processEventStartGri; Gcl105.processEventFulke; Gcl105.processEventStartUld; Gcl105.processEventAubrey; Gcl105.processEventKinnison; Gcl105.processEventCid01; Gcl105.processEventCid02; Gcl105.processEventSenna01; Gcl105.processEventSwethryk01; Gcl105.processEventPapalymo04; Gcl105.processEventPesi; Gcl105.processEventTegogo; Gcl105.processEventPortelain; Gcl105.processEventSenna02; Gcl105.processEventSenna03; Gcl105.processEventCid03; Gcl105.processEventCid04; Gcl105.processEventSenna04; Gcl105.processEventSwethryk02; Gcl105.processEventMerlwyb1; Gcl105.processEventMerlwyb2; Gcl105.processEventEynzahr1; Gcl105.processEventDyrfhund; Gcl105.processEventAugustine1; Gcl105.processEventAugustine2; Gcl105.processEventHyllfyr; Gcl105.processEventReyner; Gcl105.processEventRaubahn1; Gcl105.processEventRaubahn2; Gcl105.processEventEline1; Gcl105.processEventRoric; Gcl105.processEventLilirito; Gcl105.processEventTeledge; Gcl105.processEventWaguda1; Gcl105.processEventWaguda2; Gcl105.processEventCid05,,local_under_recovered_call_surface,route parity helper,after-warp lifetime/order
gcl106,111432,United We Stand (Limsa Lominsa),grand_company,data_or_stub,true,true,0,33,,cutscene,,,0,193,Gcl106.initText; Gcl106.processEvent_LimsaHint_Guincum_01; Gcl106.processEvent_GridaniaHint_Fulke_01; Gcl106.processEvent_UldahHint_Aubray_01; Gcl106.processEvent_CommonStart_Jakys_01; Gcl106.processEvent_CommonFollow_Jakys_01; Gcl106.processEvent_CommonInfo_Vevina_01; Gcl106.processEvent_CommonNavi_Rashaht_01; Gcl106.processEvent_CommonNavi_Quinquerol_01; Gcl106.processEvent_CommonNavi_Jakys_01; Gcl106.processEvent_LimsaWarp_Zanthael_01; Gcl106.processEvent_GridaniaWarp_Kinnison_01; Gcl106.processEvent_UldahWarp_Mumutano_01; Gcl106.processEvent_CommonInstance_Cid_01; Gcl106.processEvent_CommonInstance_Cid_02; Gcl106.processEvent_LimsaInstance_Merlwyb_01; Gcl106.processEvent_LimsaInstance_Merlwyb_02; Gcl106.processEvent_LimsaInstance_Reyner_01; Gcl106.processEvent_LimsaInstance_Reyner_02; Gcl106.processEvent_LimsaInstance_Eynzahr_01; Gcl106.processEvent_LimsaInstance_Eynzahr_02; Gcl106.processEvent_GridaniaInstance_Shinkan_01; Gcl106.processEvent_GridaniaInstance_Shinkan_02; Gcl106.processEvent_GridaniaInstance_Pesi_01; Gcl106.processEvent_GridaniaInstance_Pesi_02; Gcl106.processEvent_GridaniaInstance_Swethryk_01; Gcl106.processEvent_GridaniaInstance_Swethryk_02; Gcl106.processEvent_UldahInstance_Raubahn_01; Gcl106.processEvent_UldahInstance_Raubahn_02; Gcl106.processEvent_UldahInstance_Teledji_01; Gcl106.processEvent_UldahInstance_Teledji_02; Gcl106.processEvent_UldahInstance_Eline_01; Gcl106.processEvent_UldahInstance_Eline_02,,local_under_recovered_call_surface,route parity helper,after-warp lifetime/order
gcl107,111433,To Kill a Raven (Limsa Lominsa),grand_company,data_or_stub,true,true,0,34,,cutscene,,,0,224,Gcl107.initText; Gcl107.processEventStartLim; Gcl107.processEventStartGri; Gcl107.processEventStartUld; Gcl107.processEventGuincum; Gcl107.processEventFulke; Gcl107.processEventAubrey; Gcl107.processEventKinnison01; Gcl107.processEventMerlwyb1; Gcl107.processEventSenna01; Gcl107.processEventRaubahn1; Gcl107.processEventEynzahr; Gcl107.processEventSwethryk; Gcl107.processEventEline; Gcl107.processEventCid01; Gcl107.processEventKinnison02; Gcl107.processEventMerlwyb2; Gcl107.processEventSenna02; Gcl107.processEventRaubahn2; Gcl107.processEventShtola; Gcl107.processEventPapalymo; Gcl107.processEventYda; Gcl107.processEventThancred; Gcl107.processEventCid02; Gcl107.processEventMerlwyb3; Gcl107.processEventSenna03; Gcl107.processEventRaubahn3; Gcl107.processEventCid03; Gcl107.processEventStewart; Gcl107.getTextIdStewart; Gcl107.processEventCid04; Gcl107.processEventKinnison03; Gcl107.processEventNq1; Gcl107.processEventNq2,,local_under_recovered_call_surface,route parity helper,
gcl301,111417,The Cove,grand_company,data_or_stub,true,true,0,4,,,,,0,28,Gcl301.initText; Gcl301.processEventCLIFTONStart; Gcl301.processEvent_000; Gcl301.processEvent_010,,local_under_recovered_call_surface,route parity helper,
gcl302,111418,Saving the Stead Instead,grand_company,data_or_stub,true,true,0,8,,,,,0,21,Gcl302.initText; Gcl302.processEventStart; Gcl302.processEventStartAfter; Gcl302.processEventFyrilskyf; Gcl302.processEventAlbin; Gcl302.processEventTGizzoh; Gcl302.processEventDenston; Gcl302.processEventClear,,local_under_recovered_call_surface,route parity helper,
gcl303,111419,It's a Piece of Cake to Bake a Poison Cake,grand_company,data_or_stub,true,true,0,5,,,,,0,28,Gcl303.initText; Gcl303.processEventStart; Gcl303.processEventStartAfter; Gcl303.processEventQiqirn; Gcl303.processEventClear,,local_under_recovered_call_surface,route parity helper,
gcl304,111420,Kobold and the Beautiful,grand_company,data_or_stub,true,true,0,9,,cutscene,,,0,47,Gcl304.initText; Gcl304.processEventLilinaStart; Gcl304.processEvent_000; Gcl304.processEvent_005; Gcl304.processEvent_005_01; Gcl304.processEvent_010; Gcl304.processEvent_010_01; Gcl304.processEvent_010_02; Gcl304.processEvent_015,,local_under_recovered_call_surface,route parity helper,
gcl305,111426,Oil Crisis,grand_company,data_or_stub,true,true,0,8,,,,,0,21,Gcl305.initText; Gcl305.processEventSYNGSMYDStart; Gcl305.processEvent_000; Gcl305.processEvent_010; Gcl305.processEvent_010_1; Gcl305.processEvent_020; Gcl305.processEvent_030; Gcl305.processEvent_040,,local_under_recovered_call_surface,route parity helper,
gcl701,111428,The Weakest Link,grand_company,data_or_stub,true,true,0,13,,,,,0,49,Gcl701.initText; Gcl701.processEventStart; Gcl701.processEventHint; Gcl701.processEventStartAfter; Gcl701.processEventAlain; Gcl701.processEventNG; Gcl701.processEventOK; Gcl701.processEventExit; Gcl701.processEventAlain2; Gcl701.processEventAlainAfter; Gcl701.processEventGuincum; Gcl701.processEventGuincumAfter; Gcl701.processEventClear,,local_under_recovered_call_surface,route parity helper,
gcl702,111434,"Patrol, Interrupted",grand_company,data_or_stub,true,true,0,7,,,,,0,30,Gcl702.initText; Gcl702.processEventHint; Gcl702.processEventStart; Gcl702.processEvent000_GUINCUM; Gcl702.processEvent005; Gcl702.processEvent005_GUINCUM; Gcl702.processEvent010,,local_under_recovered_call_surface,route parity helper,
gcu101,111816,It Kills with Fire (Ul'dah),grand_company,data_or_stub,true,true,0,1,,,,,0,0,Gcu101.initText,,low_signal_script_pair,script metadata review helper,
gcu102,111827,"Like Father, Like Son",grand_company,data_or_stub,true,true,0,25,,cutscene,,,0,79,Gcu102.initText; Gcu102.processEventStart; Gcu102.processEvent000_2; Gcu102.processEvent000_3; Gcu102.processEvent000_4; Gcu102.processEvent000_5; Gcu102.processEvent005; Gcu102.processEvent010_2; Gcu102.processEvent010_3; Gcu102.processEvent010_4; Gcu102.processEvent010_5; Gcu102.processEvent010; Gcu102.processEvent015; Gcu102.processEvent015_2; Gcu102.processEvent020; Gcu102.processEvent025_2; Gcu102.processEvent025_3; Gcu102.processEvent025_4; Gcu102.processEvent025_5; Gcu102.processEvent025_6; Gcu102.processEvent025_7; Gcu102.processEvent025_8; Gcu102.processEvent025; Gcu102.processEvent_elevator_nq1F; Gcu102.processEvent_elevator_nq2F,,local_under_recovered_call_surface,route parity helper,after-warp lifetime/order
gcu103,111829,Careless Whispers,grand_company,data_or_stub,true,true,0,12,,cutscene,,,0,44,Gcu103.initText; Gcu103.processEvent_000_AUBREYStart; Gcu103.processEvent_000_AUBREYFollow; Gcu103.processEvent_000_ELINEAfterOffer; Gcu103.processEvent_005_RAUBAHN; Gcu103.processEvent_010_NQ_1; Gcu103.processEvent_015_FUMETSU01; Gcu103.processEvent_015_FUMETSU02; Gcu103.processEvent_015_FUMETSU03; Gcu103.processEvent_015_FUMETSU04; Gcu103.processEvent_015_FUMETSU05; Gcu103.processEvent_025_NQ_2,,local_under_recovered_call_surface,route parity helper,
gcu104,111830,In for Garuda Wakening (Ul'dah),grand_company,data_or_stub,true,true,0,1,,,,,0,0,Gcu104.initText,,low_signal_script_pair,script metadata review helper,
gcu105,111831,Don't Hate the Messenger (Ul'dah),grand_company,data_or_stub,true,true,0,1,,,,,0,0,Gcu105.initText,,low_signal_script_pair,script metadata review helper,
gcu106,111832,United We Stand (Ul'dah),grand_company,data_or_stub,true,true,0,1,,,,,0,0,Gcu106.initText,,low_signal_script_pair,script metadata review helper,
gcu107,111833,To Kill a Raven (Ul'dah),grand_company,data_or_stub,true,true,0,1,,,,,0,0,Gcu107.initText,,low_signal_script_pair,script metadata review helper,
gcu301,111817,Prying Eyes,grand_company,data_or_stub,true,true,0,4,,cutscene,,,0,24,Gcu301.initText; Gcu301.processEventCLIFTONStart; Gcu301.processEvent_000; Gcu301.processEvent_010,,local_under_recovered_call_surface,route parity helper,
gcu302,111818,Different Strokes,grand_company,data_or_stub,true,true,0,10,,cutscene,,,0,55,Gcu302.initText; Gcu302.processEventGALERENStart; Gcu302.processEvent_000; Gcu302.processEvent_005; Gcu302.processEvent_005_1; Gcu302.processEvent_015; Gcu302.processEvent_015_01; Gcu302.processEvent_015_02; Gcu302.processEvent_015_03; Gcu302.processEvent_020,,local_under_recovered_call_surface,route parity helper,
gcu303,111819,A Weaver and a Mummer,grand_company,data_or_stub,true,true,0,7,,,,,0,31,Gcu303.initText; Gcu303.processEventCAHERNAUTStart; Gcu303.processEvent_000; Gcu303.processEvent_010; Gcu303.processEvent_010_1; Gcu303.processEvent_020; Gcu303.processEvent_030,,local_under_recovered_call_surface,route parity helper,
gcu304,111820,When Alchemists Cry,grand_company,data_or_stub,true,true,0,9,,,,,0,56,Gcu304.initText; Gcu304.processEventBERTHARStart; Gcu304.processEvent_000; Gcu304.processEvent_005; Gcu304.processEvent_005_01; Gcu304.processEvent_010; Gcu304.processEvent_010_01; Gcu304.processEvent_010_02; Gcu304.processEvent_015,,local_under_recovered_call_surface,route parity helper,
gcu305,111826,Challenge Accepted,grand_company,data_or_stub,true,true,0,4,,,,,0,31,Gcu305.initText; Gcu305.processEventI_PAGHLOStart; Gcu305.processEvent010; Gcu305.processEvent020,,local_under_recovered_call_surface,route parity helper,
gcu701,111828,"Gore a Lizard, Hurry",grand_company,data_or_stub,true,true,0,13,,,,,0,49,Gcu701.initText; Gcu701.processEventStart; Gcu701.processEventAubreyHint; Gcu701.processEvent000_2; Gcu701.processEvent000; Gcu701.processEvent005_2; Gcu701.processEvent005; Gcu701.processEvent010; Gcu701.processEvent015; Gcu701.processEvent015_2; Gcu701.processEvent020; Gcu701.processEvent025_2; Gcu701.processEvent025,,local_under_recovered_call_surface,route parity helper,
gcu702,111834,"Mess with the Goat, Get the Horns",grand_company,data_or_stub,true,true,0,7,,,,,0,32,Gcu702.initText; Gcu702.processEventHint; Gcu702.processEventStart; Gcu702.processEvent000_AUBREY; Gcu702.processEvent005; Gcu702.processEvent005_AUBREY; Gcu702.processEvent010,,local_under_recovered_call_surface,route parity helper,
blm0j1,111261,Hearing Voices,job,data_or_stub,true,true,0,19,template,cutscene,,blm0j110; blm0j120,0,38,Blm0j1.initText; Blm0j1.processEventYayakeStart; Blm0j1.processEventYayake000Follow; Blm0j1.processEventLalai000Follow; Blm0j1.processEventKazaggchah000Follow; Blm0j1.processEventDozolmeloc000Follow; Blm0j1.processEventDaza000Follow; Blm0j1.processEventYayakeFollow; Blm0j1.processEvent010; Blm0j1.processEventLalai010Follow; Blm0j1.processEventKazaggchah010Follow; Blm0j1.processEventDozolmeloc010Follow; Blm0j1.processEventDaza010Follow; Blm0j1.processEvent020; Blm0j1.processEventClear; Blm0j1.processEventClearAfter; Blm0j1.processEvent_Yayake_Hint; Blm0j1.processEventChuui; Blm0j1.processEventChuui2,,local_template_recovered_route,template replacement helper,
blm0j2,111262,A Time to Kill,job,data_or_stub,true,true,0,12,template,,,,0,22,Blm0j2.initText; Blm0j2.processEvent_hint; Blm0j2.processEventLALAIStart; Blm0j2.processEvent000_LALAI; Blm0j2.processEvent000_KAZAGGCHAH; Blm0j2.processEvent000_DOZOLMELOC; Blm0j2.processEvent000_DAZA; Blm0j2.onJobQuestCompleteFirst; Blm0j2.onJobQuestCompleteSecond; Blm0j2.onJobQuestCompleteThird; Blm0j2.processEventChuui; Blm0j2.processEventChuui2,,local_template_recovered_route,template replacement helper,
blm0j3,111263,International Relations,job,data_or_stub,true,true,0,16,template,cutscene,,,0,48,Blm0j3.initText; Blm0j3.processEvent_hint; Blm0j3.processEventLALAIStart; Blm0j3.processEvent000; Blm0j3.processEvent000_1; Blm0j3.processEvent000_2; Blm0j3.processEvent005; Blm0j3.processEvent005_1; Blm0j3.processEvent005_2; Blm0j3.processEvent005_3; Blm0j3.processEvent010; Blm0j3.processEvent010_1; Blm0j3.processEvent010_2; Blm0j3.processEventClear; Blm0j3.processEventChuui; Blm0j3.processEventChuui2,,local_template_recovered_route,template replacement helper,
blm0j4,111264,The Voidgate Breathes Gloomy,job,data_or_stub,true,true,0,13,template,,,,0,35,Blm0j4.initText; Blm0j4.processEvent_hint; Blm0j4.processEventDOZOLMELOCStart; Blm0j4.processEvent005; Blm0j4.processEvent000_DOZOLMELOC; Blm0j4.processEvent000_LALAI; Blm0j4.processEvent000_KAZAGGCHAH; Blm0j4.processEvent000_DAZA; Blm0j4.processEvent000_SEKIHI; Blm0j4.onJobQuestCompleteFirst; Blm0j4.onJobQuestCompleteSecond; Blm0j4.processEventChuui; Blm0j4.processEventChuui2,,local_template_recovered_route,template replacement helper,
blm0j5,111265,Gearing Up,job,data_or_stub,true,true,0,9,template,,,,0,29,Blm0j5.initText; Blm0j5.processEvent_DAZA_Start; Blm0j5.processEvent_DAZA_Follow; Blm0j5.processEvent_KAZAGGCHAH_Follow; Blm0j5.processEvent_DOZOLMELOC_Follow; Blm0j5.processEvent_LALAI_Follow; Blm0j5.processEvent_getAF_info; Blm0j5.processEventChuui; Blm0j5.processEventChuui2,,local_template_recovered_route,template replacement helper,
blm0j6,111266,Always Bet on Black,job,data_or_stub,true,true,0,24,template,cutscene,,blm0j610; blm0j620,0,72,Blm0j6.initText; Blm0j6.processEventStartBeforeDaza; Blm0j6.processEventStart; Blm0j6.processEventDaza01; Blm0j6.processEventKazagg01; Blm0j6.processEventLalai01; Blm0j6.processEventDozol01; Blm0j6.processEventDaza02; Blm0j6.processEventDozol02; Blm0j6.processEventKazagg02; Blm0j6.processEventDaza03; Blm0j6.processEventDozol03; Blm0j6.processEventKazagg03; Blm0j6.processEventLalai02; Blm0j6.processEventDaza04; Blm0j6.processEventDozol04; Blm0j6.processEventKazagg04; Blm0j6.processEventLalai03; Blm0j6.processEventNQ01; Blm0j6.processEventNQ02; Blm0j6.processEventNQ03; Blm0j6.processEventAfget; Blm0j6.processEventChuui; Blm0j6.processEventChuui2,,local_template_recovered_route,template replacement helper,after-warp lifetime/order
brd0j1,111301,A Song of Bards and Bowmen,job,data_or_stub,true,true,0,12,template,,,,0,66,Brd0j1.initText; Brd0j1.processEventGEORJEAUXStart; Brd0j1.processEvent000_GEORJEAUX; Brd0j1.processEvent000; Brd0j1.processEvent005_JEHANTEL; Brd0j1.processEvent005; Brd0j1.processEvent010_PUKNOPOKI; Brd0j1.processEvent015; Brd0j1.processEventJob; Brd0j1.processEvent_GEORJEAUXS_Hint; Brd0j1.processEventChuui; Brd0j1.processEventChuui2,,local_template_recovered_route,template replacement helper,
brd0j2,111302,The Archer's Anthem,job,data_or_stub,true,true,0,9,template,,,,0,28,Brd0j2.initText; Brd0j2.processEventJEHANTELStart; Brd0j2.processEventJEHANTELStart_1; Brd0j2.processEvent000; Brd0j2.onJobQuestCompleteFirst; Brd0j2.onJobQuestCompleteSecond; Brd0j2.onJobQuestCompleteThird; Brd0j2.processEventChuui; Brd0j2.processEventChuui2,,local_template_recovered_route,template replacement helper,
brd0j3,111303,Bard's-Eye View,job,data_or_stub,true,true,0,9,template,,,,0,26,Brd0j3.initText; Brd0j3.processEventJEHANTELStart; Brd0j3.processEventJEHANTELStart_1; Brd0j3.processEvent000; Brd0j3.onJobQuestCompleteFirst; Brd0j3.onJobQuestCompleteSecond; Brd0j3.onJobQuestCompleteThird; Brd0j3.processEventChuui; Brd0j3.processEventChuui2,,local_template_recovered_route,template replacement helper,
brd0j4,111304,Doing It the Bard Way,job,data_or_stub,true,true,0,11,template,cutscene,,brd0j410; brd0j420,0,24,Brd0j4.initText; Brd0j4.processEventStartBefore; Brd0j4.processEventStart; Brd0j4.processEventJehantel; Brd0j4.processEventNQ01; Brd0j4.processEventNQ02; Brd0j4.processEventNQ03; Brd0j4.processEventClear01; Brd0j4.processEventClear02; Brd0j4.processEventChuui; Brd0j4.processEventChuui2,,local_template_recovered_route,template replacement helper,after-warp lifetime/order
brd0j5,111305,Pieces of the Past,job,data_or_stub,true,true,0,6,template,cutscene,,,0,27,Brd0j5.initText; Brd0j5.processEvent_JEHANTEL_Start; Brd0j5.processEvent_JEHANTEL_Follow; Brd0j5.processEvent_getAF_info; Brd0j5.processEventChuui; Brd0j5.processEventChuui2,,local_template_recovered_route,template replacement helper,
brd0j6,111306,Requiem for the Fallen,job,data_or_stub,true,true,0,9,template,cutscene,,brd0j610,0,35,Brd0j6.initText; Brd0j6.processEventJEHANTELHint; Brd0j6.processEventJEHANTELStart; Brd0j6.processEventJEHANTELS_000_Follow; Brd0j6.processEvent_010; Brd0j6.processEventJEHANTELS_010_Follow; Brd0j6.processEventClear; Brd0j6.processEventChuui; Brd0j6.processEventChuui2,,local_template_recovered_route,template replacement helper,
drg0j1,111321,Eye of the Dragon,job,data_or_stub,true,true,0,11,template,cutscene,,drg0j110,0,49,Drg0j1.initText; Drg0j1.processEventStart; Drg0j1.processEventStartAfter; Drg0j1.processEventAlberic; Drg0j1.processEventAlbericAfter; Drg0j1.processEventClear; Drg0j1.processEventKokuti; Drg0j1.processEventNQ; Drg0j1.processEventStart_Hint; Drg0j1.processEventChuui; Drg0j1.processEventChuui2,,local_template_recovered_route,template replacement helper,
drg0j2,111322,Lance of Fury,job,data_or_stub,true,true,0,9,template,,,,0,25,Drg0j2.initText; Drg0j2.processEvent_hint; Drg0j2.processEventALBERICStart; Drg0j2.processEvent000_ALBERICS; Drg0j2.onJobQuestCompleteFirst; Drg0j2.onJobQuestCompleteSecond; Drg0j2.onJobQuestCompleteThird; Drg0j2.processEventChuui; Drg0j2.processEventChuui2,,local_template_recovered_route,template replacement helper,
drg0j3,111323,Unfading Scars,job,data_or_stub,true,true,0,9,template,,,,0,28,Drg0j3.initText; Drg0j3.processEvent_hint; Drg0j3.processEventALBERICStart; Drg0j3.processEvent000_ALBERICS; Drg0j3.onJobQuestCompleteFirst; Drg0j3.onJobQuestCompleteSecond; Drg0j3.onJobQuestCompleteThird; Drg0j3.processEventChuui; Drg0j3.processEventChuui2,,local_template_recovered_route,template replacement helper,
drg0j4,111324,Double Dragoon,job,data_or_stub,true,true,0,9,template,cutscene,,drg0j410,0,21,Drg0j4.initText; Drg0j4.processEvent_ALBERIC_Hint; Drg0j4.processEvent_ALBERIC_Start; Drg0j4.processEvent_ALBERIC_Follow; Drg0j4.processEvent_NQ_Drg0j410; Drg0j4.processEvent_ALBERIC_Guidance; Drg0j4.processEvent_getAF_info; Drg0j4.processEventChuui; Drg0j4.processEventChuui2,,local_template_recovered_route,template replacement helper,
drg0j5,111325,Fatal Seduction,job,data_or_stub,true,true,0,8,template,,,,0,27,Drg0j5.initText; Drg0j5.processEventALBERICStart; Drg0j5.processEvent000_ALBERICS; Drg0j5.onJobQuestCompleteFirst; Drg0j5.onJobQuestCompleteSecond; Drg0j5.onJobQuestCompleteThird; Drg0j5.processEventChuui; Drg0j5.processEventChuui2,,local_template_recovered_route,template replacement helper,
drg0j6,111326,Into the Dragon's Maw,job,data_or_stub,true,true,0,11,template,cutscene,,drg0j610; drg0j620,0,26,Drg0j6.initText; Drg0j6.processEventALBERICHint; Drg0j6.processEventALBERICStart; Drg0j6.processEvent000; Drg0j6.processEvent010; Drg0j6.processEvent015; Drg0j6.processEvent020; Drg0j6.processEvent025; Drg0j6.processEvent030; Drg0j6.processEventChuui; Drg0j6.processEventChuui2,,local_template_recovered_route,template replacement helper,after-warp lifetime/order
mnk0j1,111221,Brother from Another Mother,job,data_or_stub,true,true,0,11,template,cutscene,,mnk0j110,0,41,Mnk0j1.initText; Mnk0j1.processEventGAGARUNAStart; Mnk0j1.processEvent000_1; Mnk0j1.processEvent005; Mnk0j1.processEvent005_1; Mnk0j1.processEvent010; Mnk0j1.processEvent010_2_system; Mnk0j1.processEvent010_3_system; Mnk0j1.processEventStart_Hint; Mnk0j1.processEventChuui; Mnk0j1.processEventChuui2,,local_template_recovered_route,template replacement helper,
mnk0j2,111222,Insulted Intelligence,job,data_or_stub,true,true,0,11,template,,,,0,32,Mnk0j2.initText; Mnk0j2.processEventERIKStart; Mnk0j2.processEventERIKStart_1; Mnk0j2.processEventWIDARGELTStart_1; Mnk0j2.processEvent000; Mnk0j2.processEvent000_1; Mnk0j2.onJobQuestCompleteFirst; Mnk0j2.onJobQuestCompleteSecond; Mnk0j2.onJobQuestCompleteThird; Mnk0j2.processEventChuui; Mnk0j2.processEventChuui2,,local_template_recovered_route,template replacement helper,
mnk0j3,111223,The Pursuit of Power,job,data_or_stub,true,true,0,13,template,cutscene,,mnk0j310,0,39,Mnk0j3.initText; Mnk0j3.processEventStartBefore; Mnk0j3.processEventWidargeltHint; Mnk0j3.processEventStart; Mnk0j3.processEventAfterTolk01; Mnk0j3.processEventStartAfter; Mnk0j3.processEventAfterTolk02; Mnk0j3.processEventWidargeltAfter; Mnk0j3.processEventPoint; Mnk0j3.processEventClear; Mnk0j3.processEventAfget; Mnk0j3.processEventChuui; Mnk0j3.processEventChuui0,,local_template_recovered_route,template replacement helper,
mnk0j4,111224,Good Vibrations,job,data_or_stub,true,true,0,11,template,cutscene,,,0,35,Mnk0j4.initText; Mnk0j4.processEventERIKStart; Mnk0j4.processEventERIKStart_1; Mnk0j4.processEventWIDARGELTStart_1; Mnk0j4.processEvent000; Mnk0j4.processEvent000_1; Mnk0j4.onJobQuestCompleteFirst; Mnk0j4.onJobQuestCompleteSecond; Mnk0j4.onJobQuestCompleteThird; Mnk0j4.processEventChuui; Mnk0j4.processEventChuui2,,local_template_recovered_route,template replacement helper,
mnk0j5,111225,Five Easy Pieces,job,data_or_stub,true,true,0,8,template,,,,0,42,Mnk0j5.initText; Mnk0j5.processEvent_ERIK_Hint; Mnk0j5.processEvent_WIDARGELT_Start; Mnk0j5.processEvent_WIDARGELT_Follow; Mnk0j5.processEvent_ERIK_Follow; Mnk0j5.processEvent_getAF_info; Mnk0j5.processEventChuui; Mnk0j5.processEventChuui2,,local_template_recovered_route,template replacement helper,
mnk0j6,111226,Return of the King...of Ruin,job,data_or_stub,true,true,0,16,template,cutscene,,mnk0j610; mnk0j620,0,55,Mnk0j6.initText; Mnk0j6.processEventERIK_Hint; Mnk0j6.processEventWIDARGELT_HintUnder50; Mnk0j6.processEventWIDARGELT_HintOver50; Mnk0j6.processEventERIKStart; Mnk0j6.processEvent000_ERIK_Follow; Mnk0j6.processEvent000_WIDARGELT_Follow; Mnk0j6.processEvent005; Mnk0j6.processEvent015; Mnk0j6.processEvent020; Mnk0j6.processEvent020_ERIC_Follow; Mnk0j6.processEventClear; Mnk0j6.processEvent020_ERIC_PUB; Mnk0j6.processEventWIDARGELT_PUB; Mnk0j6.processEventChuui; Mnk0j6.processEventChuui2,,local_template_recovered_route,template replacement helper,after-warp lifetime/order
pld0j1,111281,Paladin's Pledge,job,data_or_stub,true,true,0,12,template,cutscene,,pld0j110,0,47,Pld0j1.initText; Pld0j1.processEventLULUTSUStart; Pld0j1.processEvent055; Pld0j1.processEvent082; Pld0j1.processEvent083; Pld0j1.processEvent010; Pld0j1.processEvent015; Pld0j1.processEvent020; Pld0j1.processEventKokuti; Pld0j1.processEventStart_Hint; Pld0j1.processEventChuui; Pld0j1.processEventChuui2,,local_template_recovered_route,template replacement helper,after-warp lifetime/order
pld0j2,111282,Honor Lost,job,data_or_stub,true,true,0,9,template,cutscene,,,0,24,Pld0j2.initText; Pld0j2.processEvent_hint; Pld0j2.processEventJENLYNSStart; Pld0j2.processEvent000_JENLYNS; Pld0j2.onJobQuestCompleteFirst; Pld0j2.onJobQuestCompleteSecond; Pld0j2.onJobQuestCompleteThird; Pld0j2.processEventChuui; Pld0j2.processEventChuui2,,local_template_recovered_route,template replacement helper,
pld0j3,111283,Power Struggles,job,data_or_stub,true,true,0,9,template,cutscene,,,0,21,Pld0j3.initText; Pld0j3.processEventJENLYNSStart; Pld0j3.processEventJENLYNSStart_1; Pld0j3.processEvent000; Pld0j3.onJobQuestCompleteFirst; Pld0j3.onJobQuestCompleteSecond; Pld0j3.onJobQuestCompleteThird; Pld0j3.processEventChuui; Pld0j3.processEventChuui2,,local_template_recovered_route,template replacement helper,
pld0j4,111284,Poisoned Hearts,job,data_or_stub,true,true,0,7,template,,,,0,17,Pld0j4.initText; Pld0j4.processEvent_JENLYNS_Hint; Pld0j4.processEvent_JENLYNS_Start; Pld0j4.processEvent_JENLYNS_Follow; Pld0j4.processEvent_getAF_info; Pld0j4.processEventChuui; Pld0j4.processEventChuui2,,local_template_recovered_route,template replacement helper,
pld0j5,111285,Parley on High Ground,job,data_or_stub,true,true,0,8,template,cutscene,,pld0j510; pld0j520,0,13,Pld0j5.initText; Pld0j5.processEventJENLYNSStart; Pld0j5.processEvent_000_JENLYNSSFollow; Pld0j5.processEvent_005NQ_1; Pld0j5.processEvent_015NQ_2; Pld0j5.processEventClear; Pld0j5.processEventChuui; Pld0j5.processEventChuui2,,local_template_recovered_route,template replacement helper,after-warp lifetime/order
pld0j6,111286,Keeping the Oath,job,data_or_stub,true,true,0,12,template,cutscene,,pld0j610; pld0j620,0,41,Pld0j6.initText; Pld0j6.processEventStartBefore; Pld0j6.processEventStart; Pld0j6.processEventStartAfter; Pld0j6.processEventClear; Pld0j6.processEventKokuti; Pld0j6.processEventNQ01; Pld0j6.processEventNQ02; Pld0j6.processEventNQ03; Pld0j6.processEvent001; Pld0j6.processEventChuui; Pld0j6.processEventChuui2,,local_template_recovered_route,template replacement helper,after-warp lifetime/order
war0j1,111201,Pride and Duty (Will Take You from the Mountain),job,data_or_stub,true,true,0,11,template,,,,0,42,War0j1.initText; War0j1.processEventStart; War0j1.processEventStartAfter; War0j1.processEventCurious; War0j1.processEventCuriousAfter; War0j1.processEventClear; War0j1.processEventClearAfter; War0j1.processEventJob; War0j1.processEventStart_Hint; War0j1.processEventChuui; War0j1.processEventChuui2,,local_template_recovered_route,template replacement helper,
war0j2,111202,Embracing the Beast,job,data_or_stub,true,true,0,9,template,,,,0,20,War0j2.initText; War0j2.processEventCURIOUS_GORGEStart; War0j2.processEventCURIOUS_GORGEStart_1; War0j2.processEvent000; War0j2.onJobQuestCompleteFirst; War0j2.onJobQuestCompleteSecond; War0j2.onJobQuestCompleteThird; War0j2.processEventChuui; War0j2.processEventChuui2,,local_template_recovered_route,template replacement helper,
war0j3,111203,Curious Gorge Goes to the Bazaar,job,data_or_stub,true,true,0,9,template,cutscene,,war0j310,0,29,War0j3.initText; War0j3.processEvent_hint; War0j3.processEventCURIOUSGORGEStart; War0j3.processEvent000_2; War0j3.processEvent005; War0j3.processEvent010; War0j3.processEventKokuti; War0j3.processEventChuui; War0j3.processEventChuui2,,local_template_recovered_route,template replacement helper,
war0j4,111204,Looking the Part,job,data_or_stub,true,true,0,7,template,,,,0,17,War0j4.initText; War0j4.processEventCURIOUS_GORGE_Hint; War0j4.processEventCURIOUS_GORGE_Start; War0j4.processEventCURIOUS_GORGE_Follow; War0j4.processEvent_getAF_info; War0j4.processEventChuui; War0j4.processEventChuui2,,local_template_recovered_route,template replacement helper,
war0j5,111205,Proof is in the Pudding,job,data_or_stub,true,true,0,8,template,cutscene,,,0,18,War0j5.initText; War0j5.processEventCURIOUS_GORGEStart; War0j5.processEvent000; War0j5.onJobQuestCompleteFirst; War0j5.onJobQuestCompleteSecond; War0j5.onJobQuestCompleteThird; War0j5.processEventChuui; War0j5.processEventChuui2,,local_template_recovered_route,template replacement helper,
war0j6,111206,How to Quit You,job,data_or_stub,true,true,0,10,template,cutscene,,war0j620,0,18,War0j6.initText; War0j6.processEventCURIOUS_GORGEHint; War0j6.processEventCURIOUS_GORGEStart; War0j6.processEventCURIOUS_GORGEFollow; War0j6.processEvent010; War0j6.processEventCURIOUS_GORGE010Follow; War0j6.processEvent020; War0j6.processEventClear; War0j6.processEventChuui; War0j6.processEventChuui2,,local_template_recovered_route,template replacement helper,
whm0j1,111241,Seeds of Initiative,job,data_or_stub,true,true,0,18,template,cutscene,,whm0j110,0,38,Whm0j1.initText; Whm0j1.processEventStart; Whm0j1.processEventStartAfter; Whm0j1.processEventRayao; Whm0j1.processEventMoogleA00; Whm0j1.processEventMoogleB00; Whm0j1.processEventRyaoAfter; Whm0j1.processEventMoogleA01; Whm0j1.processEventMoogleB01; Whm0j1.processEventClear; Whm0j1.processEventClearNQ; Whm0j1.processEventMoogleA02; Whm0j1.processEventMoogleB02; Whm0j1.processEventJob; Whm0j1.processEventKokuti; Whm0j1.processEventStart_Hint; Whm0j1.processEventChuui; Whm0j1.processEventChuui2,,local_template_recovered_route,template replacement helper,
whm0j2,111242,When Sheep Attack,job,data_or_stub,true,true,0,15,template,cutscene,,whm0j210,0,29,Whm0j2.initText; Whm0j2.processEventRAYAOSENNAStart; Whm0j2.processEventRAYAOSENNAStart_1; Whm0j2.processEventMOOGLEAStart_1; Whm0j2.processEventMOOGLEBStart_1; Whm0j2.processEvent000; Whm0j2.processEvent000_1; Whm0j2.processEvent000_2; Whm0j2.processEvent005; Whm0j2.processEvent005_1; Whm0j2.processEvent005_2; Whm0j2.onJobQuestCompleteFirst; Whm0j2.onJobQuestCompleteSecond; Whm0j2.processEventChuui; Whm0j2.processEventChuui2,,local_template_recovered_route,template replacement helper,
whm0j3,111243,Lost in Rage,job,data_or_stub,true,true,0,13,template,,,,0,29,Whm0j3.initText; Whm0j3.processEventRAYAOSENNAStart; Whm0j3.processEventRAYAOSENNAStart_1; Whm0j3.processEventMOOGLEAStart_1; Whm0j3.processEventMOOGLEBStart_1; Whm0j3.processEvent000; Whm0j3.processEvent000_1; Whm0j3.processEvent000_2; Whm0j3.processEvent005; Whm0j3.processEvent005_1; Whm0j3.processEvent005_2; Whm0j3.processEventChuui; Whm0j3.processEventChuui2,,local_template_recovered_route,template replacement helper,
whm0j4,111244,The Wheel of Disaster,job,data_or_stub,true,true,0,16,template,cutscene,,whm0j410,0,54,Whm0j4.initText; Whm0j4.processEventStartBeforeRaya; Whm0j4.processEventStartBeforeMogA; Whm0j4.processEventStartBeforeMogB; Whm0j4.processEventStart; Whm0j4.processEventRyaoAfter; Whm0j4.processEventMoogleA00; Whm0j4.processEventMoogleB00; Whm0j4.processEventNQ; Whm0j4.processEventLS; Whm0j4.processEventLS2; Whm0j4.processEventMoogleA01; Whm0j4.processEventMoogleB01; Whm0j4.processEventClear; Whm0j4.processEventChuui; Whm0j4.processEventChuui2,,local_template_recovered_route,template replacement helper,
whm0j5,111245,In Search of Succor,job,data_or_stub,true,true,0,13,template,,,,0,50,Whm0j5.initText; Whm0j5.processEvent_OTOMO_A_before; Whm0j5.processEvent_OTOMO_B_before; Whm0j5.processEvent_RAYA_offer; Whm0j5.processEvent_OTOMO_A_follow; Whm0j5.processEvent_OTOMO_B_follow; Whm0j5.processEvent_RAYA_O_follow; Whm0j5.processEvent_getAF_info; Whm0j5.processEvent_OTOMO_A_cfollow; Whm0j5.processEvent_OTOMO_B_cfollow; Whm0j5.processEvent_RAYA_O_clear; Whm0j5.processEventChuui; Whm0j5.processEventChuui2,,local_template_recovered_route,template replacement helper,
whm0j6,111246,The Chorus of Cataclysm,job,data_or_stub,true,true,0,18,template,cutscene,,whm0j605; whm0j610,0,48,Whm0j6.initText; Whm0j6.processEventStartBeforeRaya; Whm0j6.processEventStartBeforeMogA; Whm0j6.processEventStartBeforeMogB; Whm0j6.processEventStart; Whm0j6.processEventCutSceneBeforeBattle; Whm0j6.processEventRyaoAfter; Whm0j6.processEventMoogleA00; Whm0j6.processEventMoogleB00; Whm0j6.processEventMoogleA01; Whm0j6.processEventMoogleB01; Whm0j6.processEventNQ; Whm0j6.processEvent_getAF_info; Whm0j6.processEventClear; Whm0j6.processEventAfget; Whm0j6.processEventChuui; Whm0j6.processEventChuui2; Whm0j6.processEventNQ03,,local_template_recovered_route,template replacement helper,
man0g0,110005,Sundered Skies,main_scenario,handwritten_event_driver,true,true,10,29,client_event; state; content_or_battle,cutscene,man0g01,man0g000; man0g020; man0g030; man0g005; man0g010,2,20,Man0g0.initText; Man0g0.processEvent000_0; Man0g0.processEvent000_1; Man0g0.processEvent000_2; Man0g0.processEvent000_3; Man0g0.processEvent000_4; Man0g0.processEvent010_1; Man0g0.processEvent020_1; Man0g0.processEvent020_2; Man0g0.processEvent020_3; Man0g0.processEvent020_4; Man0g0.processEvent020_5; Man0g0.processEvent020_6; Man0g0.processTtrNomal001withHQ; Man0g0.processTtrNomal001; Man0g0.processTtrNomal002; Man0g0.processTtrNomal003; Man0g0.processTtrMini001; Man0g0.processTtrMini002; Man0g0.processTtrMini003; Man0g0.processTtrAfterBtl001; Man0g0.processTtrBtl001; Man0g0.processTtrBtlMagic001; Man0g0.processTtrBtl002; Man0g0.processTtrBtl003; Man0g0.processTtrBlkNml001; Man0g0.processTtrBlkNml002; Man0g0.processTtrBtl004; Man0g0.processInformDialogAsQuest,onStart; onFinish; onStateChange; onTalk; onPush; onNotice; seq000_onTalk; seq010_onTalk; getJournalMapMarkerList; doContentArea,local_under_recovered_call_surface,route parity helper,after-warp lifetime/order
man0g1,110006,Souls Gone Wild,main_scenario,handwritten_event_driver,true,true,19,94,client_event; cutscene; state; reward_or_inventory; content_or_battle,cutscene,,man0g100; man0g110; man0g120; man0g130; man0g135; man0g140; man0g150; man0g160; man0g170; man0g180; man0g181; man0g182; man0g185; man0g190,26,139,Man0g1.initText; Man0g1.processEvent100; Man0g1.processEvent100_1; Man0g1.processEvent100_2; Man0g1.processEvent100_3; Man0g1.processEvent100_4; Man0g1.processEvent100_5; Man0g1.processEvent100_6; Man0g1.processEvent100_7; Man0g1.processEvent100_8; Man0g1.processEvent100_9; Man0g1.processEvent110; Man0g1.processEvent110_2; Man0g1.processEvent013; Man0g1.processEvent013_2; Man0g1.processEvent114; Man0g1.processEvent115; Man0g1.processEvent115_2; Man0g1.processEvent120; Man0g1.processEvent123; Man0g1.processEvent120_2; Man0g1.processEvent125; Man0g1.processEvent125_2; Man0g1.processEvent130; Man0g1.processEvent130_2; Man0g1.processEvent130_3; Man0g1.processEvent130_4; Man0g1.processEvent130_5; Man0g1.processEvent130_6; Man0g1.processEvent130_7; Man0g1.processEvent130_8; Man0g1.processEvent130_9; Man0g1.processEvent130_10; Man0g1.processEvent135; Man0g1.processEvent136; Man0g1.processEvent135_2; Man0g1.processEvent137_2; Man0g1.processEvent140; Man0g1.processEvent140_10; Man0g1.processEvent140_1,onStart; onFinish; onStateChange; onTalk; seq000_onTalk; seq015_onTalk; seq015_endSequence; seq050_onTalk; onPush; onEmote; onNotice; onNpcLS; startMan0g1ContentInternal; startMan0g1Content; startMan0g1FinalEncounterTest; getMan0g1CompletionEventOwner; testMan0g1CompletionCutscene; getJournalInformation; getJournalMapMarkerList,local_under_recovered_call_surface,route parity helper,completion plus reward mutation; after-warp lifetime/order
man0l0,110001,Shapeless Melody,main_scenario,handwritten_event_driver,true,true,10,44,client_event; state; content_or_battle,cutscene,man0l01,man0l000; man0l020; man0l030; man0l040; man0l010; man0l005,2,47,Man0l0.initText; Man0l0.processEvent000_1; Man0l0.processEvent000_2; Man0l0.processEvent000_3; Man0l0.processEvent000_4; Man0l0.processEvent000_5; Man0l0.processEvent000_6; Man0l0.processEvent000_7; Man0l0.processEvent000_8; Man0l0.processEvent000_9; Man0l0.processEvent000_10; Man0l0.processEvent000_11; Man0l0.processEvent000_12; Man0l0.processEvent000_13; Man0l0.processEvent000_14; Man0l0.processEvent000_15; Man0l0.processEvent000_16; Man0l0.processEvent000_17; Man0l0.processEvent020_2; Man0l0.processEvent020_3; Man0l0.processEvent020_4; Man0l0.processEvent020_5; Man0l0.processEvent020_6; Man0l0.processEvent020_7; Man0l0.processEvent020_8; Man0l0.processEvent020_9; Man0l0.processEvent020_10; Man0l0.processEvent020_11; Man0l0.processEventNewRectAsk; Man0l0.processEventTalkMenuManCutPreview; Man0l0.processTtrNomal001withHQ; Man0l0.processTtrNomal001; Man0l0.processTtrNomal002; Man0l0.processTtrNomal003; Man0l0.processTtrMini001; Man0l0.processTtrMini002; Man0l0.processTtrMini003; Man0l0.processTtrAfterBtl001; Man0l0.processTtrBtl001; Man0l0.processTtrBtlMagic001,onStart; onFinish; onStateChange; onTalk; onPush; onNotice; seq000_onTalk; seq010_onTalk; getJournalMapMarkerList; doExitDoor,local_under_recovered_call_surface,route parity helper,after-warp lifetime/order
man0l1,110002,Treasures of the Main,main_scenario,handwritten_event_driver,true,true,20,101,client_event; state; reward_or_inventory; content_or_battle,cutscene,man0l101,man0l110; man0l120; man0l130; man0l140; man0l150; man0l160,24,173,Man0l1.initText; Man0l1.processEvent010; Man0l1.processEvent010_2; Man0l1.processEvent010_3; Man0l1.processEvent010_4; Man0l1.processEvent010_5; Man0l1.processEvent010_6; Man0l1.processEvent010_7; Man0l1.processEvent010_8; Man0l1.processEvent020; Man0l1.processEvent020_2; Man0l1.processEvent025; Man0l1.processEvent025_2; Man0l1.processEvent026; Man0l1.processEvent027; Man0l1.processEvent027_2; Man0l1.processEvent027_3; Man0l1.processEvent027_4; Man0l1.processEvent030; Man0l1.processEvent033; Man0l1.processEvent030_2; Man0l1.processEvent035; Man0l1.processEvent035_2; Man0l1.processEvent040; Man0l1.processEvent40_2; Man0l1.processEvent050; Man0l1.processEvent050_2; Man0l1.processEvent050_3; Man0l1.processEvent050_4; Man0l1.processEvent050_5; Man0l1.processEvent050_6; Man0l1.processEvent050_7; Man0l1.processEvent050_8; Man0l1.processEvent050_9; Man0l1.processEvent050_10; Man0l1.processEvent050_11; Man0l1.processEvent050_12; Man0l1.processEvent050_13; Man0l1.processEvent050_14; Man0l1.processEvent050_15,onStart; onFinish; onStateChange; onTalk; seq000_onTalk; seq007_onTalk; seq080_085_onTalk; onPush; onEmote; onNotice; onNpcLS; startMan0l1ContentInternal; startMan0l1Content; startMan0l1FinalEncounterTest; getMan0l1CompletionEventOwner; testMan0l1CompletionCutscene; finishMan0l1ToCorpseSceneNoCutscene; finishMan0l1ToCorpseScene; getJournalInformation; getJournalMapMarkerList,local_under_recovered_call_surface,route parity helper,completion plus reward mutation; after-warp lifetime/order
man0u0,110009,Flowers for All,main_scenario,handwritten_event_driver,true,true,10,47,client_event; state; content_or_battle,cutscene,man0u01,man0u000; man0u020; man0u005; man0u010,2,44,Man0u0.initText; Man0u0.processEvent000; Man0u0.processEvent000_2; Man0u0.processEvent000_3; Man0u0.processEvent000_4; Man0u0.processEvent000_5; Man0u0.processEvent000_6; Man0u0.processEvent000_6_2; Man0u0.processEvent000_7; Man0u0.processEvent000_8; Man0u0.processEvent000_9; Man0u0.processEvent000_10; Man0u0.processEvent000_11; Man0u0.processEvent000_12; Man0u0.processEvent000_13; Man0u0.processEvent000_14; Man0u0.processEvent010; Man0u0.processEvent020; Man0u0.processEvent020_2; Man0u0.processEvent020_3; Man0u0.processEvent020_4; Man0u0.processEvent020_5; Man0u0.processEvent020_6; Man0u0.processEvent020_7; Man0u0.processEvent020_8; Man0u0.processTtrNomal001withHQ; Man0u0.processTtrNomal001; Man0u0.processTtrNomal002; Man0u0.processTtrNomal003; Man0u0.processTtrAfterBtl001; Man0u0.processTtrMini001; Man0u0.processTtrMini002; Man0u0.processTtrMini002_first; Man0u0.processTtrMini003; Man0u0.processTtrMini003_first; Man0u0.processTtrBlkNml001; Man0u0.processTtrBtl001; Man0u0.processTtrBtlMagic001; Man0u0.processTtrBtl002; Man0u0.processTtrBtl003,onStart; onFinish; onNotice; onStateChange; onTalk; onPush; seq000_onTalk; seq010_onTalk; getJournalMapMarkerList; doExitTrigger,local_under_recovered_call_surface,route parity helper,after-warp lifetime/order
man0u1,110010,Court in the Sands,main_scenario,handwritten_event_driver,true,true,21,114,client_event; state; reward_or_inventory,cutscene,,man0u100; man0u110; man0u120; man0u130; man0u135; man0u140; man0u150; man0u160; man0u170; man0u175; man0u180; man0u190,37,167,Man0u1.initText; Man0u1.processEventMomodiStart; Man0u1.processEvent000_1; Man0u1.processEvent000_2; Man0u1.processEvent000_3; Man0u1.processEvent000_4; Man0u1.processEvent000_5; Man0u1.processEvent000_6; Man0u1.processEvent000_7; Man0u1.processEvent000_8; Man0u1.processEvent000_9; Man0u1.processEvent000_10; Man0u1.processEvent010; Man0u1.processEvent010_2; Man0u1.processEvent013; Man0u1.processEvent013_2; Man0u1.processEvent015; Man0u1.processEvent017; Man0u1.processEvent017_2; Man0u1.processEvent017_3; Man0u1.processEvent017_4; Man0u1.processEvent020; Man0u1.processEvent025; Man0u1.processEvent020_2; Man0u1.processEvent030; Man0u1.processEvent030_2; Man0u1.processEvent030_3; Man0u1.processEvent030_4; Man0u1.processEvent030_5; Man0u1.processEvent030_6; Man0u1.processEvent030_7; Man0u1.processEvent030_8; Man0u1.processEvent030_9; Man0u1.processEvent030_10; Man0u1.processEvent030_11; Man0u1.processEvent030_12; Man0u1.processEvent032_2; Man0u1.processEvent032_3; Man0u1.processEvent032_4; Man0u1.processEvent035,onStart; onFinish; onStateChange; onTalk; onCommand; courtLog; hasCourtFightDirector; clearStaleCourtFightFlag; courtRunProcessEvent035FromPush; courtRunGld2Followup; startCourtFightProbe; onPush; onEmote; onNotice; onNpcLS; seq000_onTalk; seq005_onTalk; seq015_onTalk; seq015_endSequence; getJournalInformation; getJournalMapMarkerList,local_under_recovered_call_surface,route parity helper,completion plus reward mutation; after-warp lifetime/order
man1g0,110007,Whispers in the Wood,main_scenario,handwritten_event_driver,true,true,7,35,client_event; state; reward_or_inventory,cutscene,,man1g000; man1g010; man1g020; man1g030; man1g040; man1g050; man1g060; man1g070; man1g080; man1g090,17,44,Man1g0.initText; Man1g0.processEventMiounneStart; Man1g0.processEvent000_2; Man1g0.processEvent010; Man1g0.processEvent010_2; Man1g0.processEvent010_3; Man1g0.processEvent010_4; Man1g0.processEvent010_5; Man1g0.processEvent010_6; Man1g0.processEvent010_7; Man1g0.processEvent010_8; Man1g0.processEvent020; Man1g0.processEvent020_2; Man1g0.processEvent020_3; Man1g0.processEvent020_4; Man1g0.processEvent030; Man1g0.processEvent040; Man1g0.processEvent040_2; Man1g0.processEvent050; Man1g0.processEvent050_2; Man1g0.processEvent060; Man1g0.processEvent060_2; Man1g0.processEvent070; Man1g0.processEvent080; Man1g0.processEvent080_2; Man1g0.processEvent080_3; Man1g0.processEvent090; Man1g0.processEvent090_2; Man1g0.processEvent090_3; Man1g0.processEvent090_4; Man1g0.processEvent090_5; Man1g0.processEvent100; Man1g0.processEventComplete; Man1g0.processEvent1000_2; Man1g0.processEvent1000_5,onStart; onFinish; onStateChange; onTalk; onPush; onNpcLS; getJournalMapMarkerList,local_under_recovered_call_surface,route parity helper,completion plus reward mutation; after-warp lifetime/order
man1l0,110003,Legends Adrift,main_scenario,handwritten_event_driver,true,true,9,50,client_event; state; reward_or_inventory,cutscene,,,17,75,Man1l0.initText; Man1l0.processEvent200; Man1l0.processEvent200_2; Man1l0.processEvent200_3; Man1l0.processEvent200_4; Man1l0.processEvent200_5; Man1l0.processEvent200_6; Man1l0.processEvent200_7; Man1l0.processEvent200_8; Man1l0.processEvent210; Man1l0.processEvent215; Man1l0.processEvent215_2; Man1l0.processEvent400; Man1l0.processEvent400_2; Man1l0.processEvent400_3; Man1l0.processEvent400_4; Man1l0.processEvent400_5; Man1l0.processEvent400_6; Man1l0.processEvent400_7; Man1l0.processEvent410; Man1l0.processEvent410_2; Man1l0.processEvent410_3; Man1l0.processEvent410_4; Man1l0.processEvent410_5; Man1l0.processEvent420; Man1l0.processEvent420_2; Man1l0.processEvent600; Man1l0.processEvent600_2; Man1l0.processEvent610; Man1l0.processEvent610_2; Man1l0.processEvent2000; Man1l0.processEvent2000_2; Man1l0.processEvent2000_3; Man1l0.processEvent2000_4; Man1l0.processEvent2000_5; Man1l0.processEvent2000_6; Man1l0.processEvent2000_7; Man1l0.processEvent2000_8; Man1l0.processEvent2000_9; Man1l0.processEvent2000_10,onStart; onFinish; onStateChange; onTalk; seq000_010_onTalk; seq000_100_onTalk; onPush; onNpcLS; getJournalMapMarkerList,local_under_recovered_call_surface,route parity helper,completion plus reward mutation; after-warp lifetime/order
man1u0,110011,Golden Sacrifices,main_scenario,handwritten_event_driver,true,true,9,53,client_event; state; reward_or_inventory,cutscene,,man1u000; man1u010; man1u020; man1u021; man1u030; man1u040; man1u050; man1u060; man1u070; man1u080; man1u090,22,88,Man1u0.initText; Man1u0.processEventMomodiStart; Man1u0.processEvent000_2; Man1u0.processEvent000_3; Man1u0.processEvent000_4; Man1u0.processEvent000_5; Man1u0.processEvent000_6; Man1u0.processEvent000_7; Man1u0.processEvent010; Man1u0.processEvent010_2; Man1u0.processEvent010_3; Man1u0.processEvent010_4; Man1u0.processEvent015; Man1u0.processEvent015_2; Man1u0.processEvent015_3; Man1u0.processEvent015_4; Man1u0.processEvent015_5; Man1u0.processEvent015_6; Man1u0.processEvent015_7; Man1u0.processEvent015_8; Man1u0.processEvent020; Man1u0.processEvent020_2; Man1u0.processEvent020_3; Man1u0.processEvent020_4; Man1u0.processEvent020_5; Man1u0.processEvent020_6; Man1u0.processEvent020_7; Man1u0.processEvent020_8; Man1u0.processEvent021; Man1u0.processEvent021_2; Man1u0.processEvent025_2; Man1u0.processEvent028; Man1u0.processEvent028_2; Man1u0.processEvent030; Man1u0.processEvent040; Man1u0.processEvent040_2; Man1u0.processEvent050; Man1u0.processEvent055_2; Man1u0.processEvent060; Man1u0.processEvent070,onStart; onFinish; onStateChange; onTalk; onPush; onNotice; onNpcLS; getJournalInformation; getJournalMapMarkerList,local_under_recovered_call_surface,route parity helper,completion plus reward mutation; after-warp lifetime/order
man200,110013,Fade to White,main_scenario,handwritten_event_driver,true,true,11,45,client_event; state; reward_or_inventory; content_or_battle,cutscene,man20001,,7,97,Man200.initText; Man200.pE00; Man200.processEvent000_2; Man200.processEvent000_3; Man200.processEvent000_4; Man200.processEvent000_5; Man200.processEvent000_6; Man200.processEvent000_7; Man200.processEvent000_8; Man200.processEvent000_9; Man200.processEvent000_10; Man200.processEvent000_11; Man200.processEvent000_12; Man200.processEvent000_13; Man200.processEvent000_14; Man200.processEvent000_15; Man200.processEvent000_16; Man200.processEvent000_17; Man200.processEvent000_18; Man200.processEvent000_19; Man200.processEvent000_20; Man200.pE10; Man200.pE20; Man200.processEvent020_2; Man200.processEvent020_3; Man200.processEvent020_4; Man200.processEvent020_5; Man200.processEvent020_6; Man200.processEvent020_7; Man200.processEvent020_8; Man200.processEvent020_9; Man200.processEvent020_10; Man200.processEvent020_11; Man200.processEvent020_12; Man200.processEvent020_13; Man200.processEvent020_14; Man200.pE25; Man200.processEvent040_2; Man200.pE050; Man200.pE055,onStart; onFinish; onStateChange; onTalk; seq000_onTalkOtherNpcs; seq010_onTalkOtherNpcs; onPush; onNpcLS; getJournalInformation; getJournalMapMarkerList; startMan20001Content,local_under_recovered_call_surface,route parity helper,completion plus reward mutation; after-warp lifetime/order
man206,110014,Together We Stand,main_scenario,handwritten_event_driver,true,true,9,47,client_event; state; reward_or_inventory,cutscene,,man20600; man20601; man20602; man20603; man20610; man20620; man20630; man20640,6,66,Man206.initText; Man206.processEventUdowntownrectStart; Man206.processEvent000_2; Man206.processEvent000_3; Man206.processEvent000_4; Man206.processEvent000_5; Man206.processEvent000_6; Man206.processEvent000_7; Man206.processEvent000_8; Man206.processEvent000_9; Man206.processEvent000_10; Man206.processEvent000_11; Man206.processEvent001; Man206.processEvent001_2; Man206.processEvent001_3; Man206.processEvent001_4; Man206.processEvent001_5; Man206.processEvent001_6; Man206.processEvent001_7; Man206.processEvent001_8; Man206.processEvent001_9; Man206.processEvent001_10; Man206.processEvent001_11; Man206.processEvent010_2; Man206.pE12; Man206.processEvent012_2; Man206.processEvent012_3; Man206.processEvent012_4; Man206.processEvent012_5; Man206.processEvent012_6; Man206.processEvent012_7; Man206.pE13; Man206.processEvent016; Man206.processEvent016_1; Man206.processEvent016_2; Man206.processEvent016_3; Man206.pE20; Man206.processEvent020_2; Man206.pE30; Man206.processEvent030_2,onStart; onFinish; onStateChange; onTalk; wakingsands_default_dialogue; onPush; onNpcLS; getJournalInformation; getJournalMapMarkerList,local_under_recovered_call_surface,route parity helper,completion plus reward mutation; after-warp lifetime/order
man2g0,110008,Beckon of the Elementals,main_scenario,handwritten_event_driver,true,true,9,66,client_event; state; reward_or_inventory; content_or_battle,cutscene,man2g01,man2g000; man2g010; man2g020; man2g030; man2g040; man2g050; man2g060; man2g070; man2g080; man2g090; man2g095,19,93,Man2g0.initText; Man2g0.processEventMiounneStart; Man2g0.processEvent005_2; Man2g0.processEvent007; Man2g0.processEvent007_2; Man2g0.processEvent007_2_2; Man2g0.processEvent007_3; Man2g0.processEvent010; Man2g0.processEvent010_2; Man2g0.processEvent020; Man2g0.processEvent020_2; Man2g0.processEvent020_3; Man2g0.processEvent030; Man2g0.processEvent030_2; Man2g0.processEvent030_3; Man2g0.processEvent030_4; Man2g0.processEvent030_5; Man2g0.processEvent030_6; Man2g0.processEvent030_7; Man2g0.processEvent030_8; Man2g0.processEvent030_9; Man2g0.processEvent040; Man2g0.processEvent040_2; Man2g0.processEvent040_3; Man2g0.processEvent040_4; Man2g0.processEvent040_5; Man2g0.processEvent040_6; Man2g0.processEvent045; Man2g0.processEvent045_2; Man2g0.processEvent050; Man2g0.processEvent050_2; Man2g0.processEvent060; Man2g0.processEvent060_2; Man2g0.processEvent060_3; Man2g0.processEvent060_4; Man2g0.processEvent060_5; Man2g0.processEvent060_6; Man2g0.processEvent060_7; Man2g0.processEvent060_8; Man2g0.processEvent060_9,onStart; onFinish; onStateChange; doSEQ004CombatInstance; onTalk; onPush; onNpcLS; getJournalInformation; getJournalMapMarkerList,local_under_recovered_call_surface,route parity helper,completion plus reward mutation; after-warp lifetime/order
man2l0,110004,Never the Twain Shall Meet,main_scenario,handwritten_event_driver,true,true,11,27,client_event; state; reward_or_inventory,cutscene,,man2l010; man2l011; man2l012; man2l013; man2l020; man2l030; man2l040; man2l060; man2l070; man2l075; man2l080; man2l081; man2l090; man2l000; man2l001; man2l002,14,65,Man2l0.initText; Man2l0.processEventquestmanOffer; Man2l0.processEvent000; Man2l0.processEvent000_2; Man2l0.processEvent010; Man2l0.processEvent010_2; Man2l0.processEvent010_3; Man2l0.processEvent011_2; Man2l0.processEvent011_3; Man2l0.processEvent011_4; Man2l0.processEvent012; Man2l0.processEvent013; Man2l0.processEvent020; Man2l0.processEvent030; Man2l0.processEvent050; Man2l0.processEvent050_2; Man2l0.processEvent060; Man2l0.processEvent060_2; Man2l0.processEvent070; Man2l0.processEvent075; Man2l0.processEvent075_2; Man2l0.processEvent075_3; Man2l0.processEvent080; Man2l0.processEvent080_2; Man2l0.processEvent081; Man2l0.processEvent081_2; Man2l0.processEventTalkMenuManCutPreview,onStart; onFinish; onStateChange; normalizeMan2l0DutySide; startMan2l0TwainDuty; onTalk; onTalk_shipSequences; onPush; onNpcLS; getJournalInformation; getJournalMapMarkerList,local_under_recovered_call_surface,route parity helper,completion plus reward mutation; after-warp lifetime/order; cutscene without obvious fade-out wrapper
man2u0,110012,Calamity Cometh,main_scenario,handwritten_event_driver,true,true,18,26,client_event; state; reward_or_inventory,cutscene,,man2u000; man2u010; man2u020; man2u030; man2u040; man2u050; man2u060; man2u070; man2u080; man2u085; man2u090,14,39,Man2u0.initText; Man2u0.processEventMomodiStart; Man2u0.processEvent000_2; Man2u0.processEvent005; Man2u0.processEvent005_2; Man2u0.processEvent005_3; Man2u0.processEvent005_4; Man2u0.processEvent005_5; Man2u0.processEvent005_6; Man2u0.processEvent005_7; Man2u0.processEvent030; Man2u0.processEvent030_2; Man2u0.processEvent040; Man2u0.processEvent040_2; Man2u0.processEvent040_3; Man2u0.processEvent040_4; Man2u0.processEvent040_5; Man2u0.processEvent050; Man2u0.processEvent050_2; Man2u0.processEvent060; Man2u0.processEvent065_2; Man2u0.processEvent070; Man2u0.processEvent070_2; Man2u0.processEvent080; Man2u0.processEvent085; Man2u0.processEventSystemMessage,onStart; onFinish; onStateChange; isMan2u0BattleArea; setMan2u0BattleBoundary; removeMan2u0BattleExit; removeMan2u0BattleGreinfarr; removeMan2u0BattleNiellefresne; setMan2u0FlhamminWoundedPose; clearMan2u0ClaimParty; finishMan2u0MinemiteDuty; startMan2u0MinemiteDuty; onTalk; onPush; onNotice; onNpcLS; getJournalInformation; getJournalMapMarkerList,local_under_recovered_call_surface,route parity helper,completion plus reward mutation; after-warp lifetime/order
man300,110015,Toll of the Warden,main_scenario,handwritten_event_driver,true,true,6,55,client_event; state,cutscene,man30020; man30030; man30050; man30060,man30000; man30010; man30020; man30030; man30040; man30050; man30060,3,85,Man300.initText; Man300.processEvent000; Man300.processEvent000_2; Man300.processEvent000_3; Man300.processEvent000_4; Man300.processEvent000_5; Man300.processEvent000_6; Man300.processEvent000_7; Man300.processEvent000_8; Man300.pEStart; Man300.processEvent005_2; Man300.processEvent005_3; Man300.processEvent005_4; Man300.processEvent005_5; Man300.processEvent005_6; Man300.processEvent005_7; Man300.processEvent005_8; Man300.processEvent010; Man300.processEvent010_2; Man300.processEvent010_3; Man300.processEvent010_4; Man300.processEvent010_5; Man300.processEvent010_6; Man300.pE20; Man300.processEvent020_2; Man300.processEvent020_3; Man300.processEvent020_4; Man300.processEvent020_5; Man300.processEvent020_6; Man300.processEvent020_7; Man300.processEvent020_8; Man300.processEvent020_9; Man300.processEvent022_1; Man300.pE30; Man300.processEvent030_2; Man300.processEvent030_3; Man300.pE40; Man300.processEvent040_2; Man300.processEvent040_3; Man300.processEvent040_4,onStart; onFinish; onStateChange; onTalk; getJournalInformation; getJournalMapMarkerList,local_under_recovered_call_surface,route parity helper,after-warp lifetime/order
man304,110016,Forever Taken,main_scenario,scaffold,true,true,0,34,scaffold,cutscene,,man30400; man30410; man30420; man30430,0,54,Man304.initText; Man304.pES; Man304.pE10; Man304.pE20; Man304.pE30; Man304.processEvent000_2; Man304.processEvent000_3; Man304.processEvent000_4; Man304.processEvent000_5; Man304.processEvent000_6; Man304.processEvent000_7; Man304.processEvent000_8; Man304.processEvent000_9; Man304.processEvent000_10; Man304.processEvent000_11; Man304.processEvent000_12; Man304.processEvent000_13; Man304.processEvent000_20; Man304.processEvent000_21; Man304.processEvent000_22; Man304.processEvent001_2; Man304.processEvent001_3; Man304.processEvent001_4; Man304.processEvent001_5; Man304.processEvent001_6; Man304.processEvent005_1; Man304.processEvent005_2; Man304.processEvent010_2; Man304.processEvent010_3; Man304.processEvent010_4; Man304.processEvent010_5; Man304.processEvent010_6; Man304.processEvent010_7; Man304.processEvent010_8,,local_template_recovered_route,template replacement helper,scaffold-only route; after-warp lifetime/order
man308,110017,Lord Errant,main_scenario,scaffold,true,true,0,28,scaffold,cutscene,,man30800; man30810; man30830; man30850; man30860; man30880; man30890,0,116,Man308.initText; Man308.pES; Man308.pE00; Man308.pE01; Man308.pE10; Man308.pE20; Man308.processEvent020_1; Man308.processEvent020_2; Man308.pE30; Man308.pE50; Man308.pE60; Man308.pE80; Man308.processEvent090; Man308.processEvent090_1; Man308.processEvent090_2; Man308.processEvent090_3; Man308.processEvent090_4; Man308.processEvent090_5; Man308.processEvent090_6; Man308.processEvent090_7; Man308.processEvent090_8; Man308.processEvent090_9; Man308.processEvent090_10; Man308.processEvent090_11; Man308.processEvent090_12; Man308.processEvent090_13; Man308.processEvent090_14; Man308.pE90,,local_template_recovered_route,template replacement helper,scaffold-only route; after-warp lifetime/order
man402,110018,Of Men They Sing,main_scenario,scaffold,true,true,0,18,scaffold,cutscene,,man40200; man40210; man40220; man40230,0,25,Man402.initText; Man402.pES; Man402.pE10; Man402.pE20; Man402.pE30; Man402.processEvent000_1; Man402.processEvent000_2; Man402.pE03; Man402.processEvent000_4; Man402.processEvent000_5; Man402.processEvent000_6; Man402.processEvent000_7; Man402.processEvent020_1; Man402.processEvent020_2; Man402.pE23; Man402.processEvent020_4; Man402.processEvent020_5; Man402.processEvent020_6,,local_template_recovered_route,template replacement helper,scaffold-only route; after-warp lifetime/order
man406,110019,Futures Perfect,main_scenario,scaffold,true,true,1,43,scaffold,cutscene,,man40600; man40610; man40615; man40620; man40625; man40630; man40635; man40645; man40650; man40660,0,71,Man406.initText; Man406.pES; Man406.pE01; Man406.processEvent000_1; Man406.processEvent000_2; Man406.processEvent000_3; Man406.processEvent000_4; Man406.processEvent000_5; Man406.processEvent000_6; Man406.processEvent000_7; Man406.pE10; Man406.processEvent010_1; Man406.processEvent010_2; Man406.processEvent010_3; Man406.processEvent010_4; Man406.processEvent010_5; Man406.processEvent010_6; Man406.processEvent010_7; Man406.processEvent010_8; Man406.processEvent010_9; Man406.pE15; Man406.pE16; Man406.pE17; Man406.pE18; Man406.processEvent015_4; Man406.processEvent015_5; Man406.processEvent020; Man406.processEvent025; Man406.pE30; Man406.processEvent045_1; Man406.processEvent045_2; Man406.processEvent045_3; Man406.processEvent045_4; Man406.processEvent045_5; Man406.pE50; Man406.pE52; Man406.pE60; Man406.pE61; Man406.processEvent060_2; Man406.processEvent060_3,onFinish,local_template_recovered_route,template replacement helper,after-warp lifetime/order
sum6a0,110627,"Ifrit Bleeds, We Can Kill It",primal,scaffold,true,true,0,8,scaffold,cutscene,,,0,57,Sum6a0.initText; Sum6a0.processEventLOUISOIXStart; Sum6a0.processEventLOUISOIX2ndStart; Sum6a0.processEvent_005; Sum6a0.processEvent_005_2; Sum6a0.processEvent_005_3; Sum6a0.processEvent_010; Sum6a0.processEventContentExit,,local_template_recovered_route,template replacement helper,scaffold-only route
sum6g0,110867,Taming the Tempest,primal,scaffold,true,true,0,8,scaffold,cutscene,,,0,53,Sum6g0.initText; Sum6g0.processEventStart; Sum6g0.processEventStart_2nd; Sum6g0.processEvent000; Sum6g0.processEvent000_2; Sum6g0.processEvent000_3; Sum6g0.processEvent005_LOUISOIX; Sum6g0.processEvent010,,local_template_recovered_route,template replacement helper,scaffold-only route
sum6m0,110816,A Feast of Fools,primal,scaffold,true,true,0,22,scaffold,cutscene,,,0,99,Sum6m0.initText; Sum6m0.processEventLOUISOIXStart; Sum6m0.processEvent000; Sum6m0.processEvent000_2; Sum6m0.processEvent005; Sum6m0.processEvent010; Sum6m0.processEvent015; Sum6m0.processEvent015_2; Sum6m0.processEvent020; Sum6m0.processEvent025; Sum6m0.processEvent030; Sum6m0.processEvent030_2; Sum6m0.processEvent035; Sum6m0.processEventLOUISOIXStart2nd; Sum6m0.processEvent000_2nd; Sum6m0.processEvent015_2nd; Sum6m0.processEvent015_2nd_exchange; Sum6m0.processEvent015_2nd_error; Sum6m0.processEvent020_2nd; Sum6m0.processEvent030_2nd; Sum6m0.processEvent035_2nd; Sum6m0.processEventContentExit,,local_template_recovered_route,template replacement helper,scaffold-only route
sum6w0,110870,"The Raven, Nevermore",primal,scaffold,true,true,0,5,scaffold,,,,0,19,Sum6w0.initText; Sum6w0.processEventStart; Sum6w0.processEventTrisselle; Sum6w0.processEventClear; Sum6w0.processEventClearAfter,,local_template_recovered_route,template replacement helper,scaffold-only route
spl000,110858,Seasonal Event,seasonal,handwritten_event_driver,true,true,9,19,client_event,,,,0,68,Spl000.initText; Spl000.processEvent_PRINCESSDAY_LIM_HIME; Spl000.processEvent_PRINCESSDAY_LIM_SHITSU; Spl000.processEvent_PRINCESSDAY_LIM_JIJO; Spl000.processEvent_PRINCESSDAY_YDA; Spl000.processEvent_PRINCESSDAY_GRI_SHITSU; Spl000.processEvent_PRINCESSDAY_GRI_JIJO; Spl000.processEvent_PRINCESSDAY_UL_HIME; Spl000.processEvent_PRINCESSDAY_UL_SHITSU; Spl000.processEvent_PRINCESSDAY_UL_JIJO; Spl000.processEventLINDLEADER; Spl000.processEventBRIELLE; Spl000.processEventGILLARD; Spl000.processEventELNAURE; Spl000.processEventARISMONT; Spl000.processEventMERLIE; Spl000.processEventSOMBER; Spl000.processEventMIMIO; Spl000.processEventSISIMUZA,resolveFoundationDialogue; onStart; onFinish; onStateChange; getJournalInformation; getJournalMapMarkerList; onTalk; onPush; onEventStarted,local_under_recovered_call_surface,route parity helper,
spl0g1,110794,The Dreamer's Gospel (Gridania),seasonal,present_unknown,true,true,0,13,,cutscene,,,0,34,Spl0g1.initText; Spl0g1.beforeBoy; Spl0g1.beforeGirl; Spl0g1.beforeSp1; Spl0g1.beforeSp2; Spl0g1.processEventGirlStart; Spl0g1.processEvent000; Spl0g1.processEvent000_over10; Spl0g1.processEvent010; Spl0g1.processEvent010_2; Spl0g1.processEvent020; Spl0g1.afterBoy; Spl0g1.isCapMes,,local_under_recovered_call_surface,route parity helper,
spl0g2,110795,The Dreamer's Dilemma (Gridania),seasonal,present_unknown,true,true,0,15,,cutscene,,,0,51,Spl0g2.initText; Spl0g2.eventJihliDefault; Spl0g2.eventBricotDefault; Spl0g2.eventDiggyDefault; Spl0g2.eventTwiggyDefault; Spl0g2.eventJihliStart; Spl0g2.eventJihliOffered; Spl0g2.eventBricotOffered; Spl0g2.eventBricotHint; Spl0g2.eventBricotExchange; Spl0g2.eventTwiggyOffered; Spl0g2.eventTwiggyHint; Spl0g2.eventTwiggyExchange; Spl0g2.eventTwiggyResist; Spl0g2.eventDiggyHint,,local_under_recovered_call_surface,route parity helper,
spl0i1,110799,The Heat Is On,seasonal,scaffold,true,true,0,9,scaffold,cutscene,,,0,120,Spl0i1.initText; Spl0i1.processEventSUMFESStart; Spl0i1.processEventSUMFES001; Spl0i1.processEventSUMFES002; Spl0i1.processEventSUMFES003; Spl0i1.processEventSUMFES004; Spl0i1.processEventSUMFES005; Spl0i1.processEventSUMFESGAME001; Spl0i1.processEventSUMFESGAME002,,local_template_recovered_route,template replacement helper,scaffold-only route
spl0i2,110800,Impish Impositions,seasonal,scaffold,true,true,0,9,scaffold,,,,0,92,Spl0i2.initText; Spl0i2.processEventHWLStart; Spl0i2.processEventHWGStart; Spl0i2.processEventHWUStart; Spl0i2.processEventSUMFES001; Spl0i2.processEventSUMFES002; Spl0i2.processEventSUMFES003; Spl0i2.processEventSUMFES004; Spl0i2.processEventSUMFES005,,local_template_recovered_route,template replacement helper,scaffold-only route
spl0i3,110801,Winter Is Not Coming,seasonal,scaffold,true,true,0,20,scaffold,cutscene,,,0,77,Spl0i3.initText; Spl0i3.processEventRimStart; Spl0i3.processEventGriStart; Spl0i3.processEventUldStart; Spl0i3.processEventStartAfter; Spl0i3.processEventXmasitemNg; Spl0i3.processEventXmasitemNo; Spl0i3.processEventXmasitem; Spl0i3.processEventXmasitemAfter; Spl0i3.processEventXmas04; Spl0i3.processEventXmas04After; Spl0i3.processEventSnowMan; Spl0i3.processEventSnowManOk; Spl0i3.processEventSnowManEvent; Spl0i3.processEventClear; Spl0i3.processEventSnowMandefo; Spl0i3.processEventSnowMandefo2; Spl0i3.processEventXmas04defo; Spl0i3.processEventXmasAfterdefo; Spl0i3.processEventXmas04Afterdefo,,local_template_recovered_route,template replacement helper,scaffold-only route
spl0i4,110802,Gone with the Snow,seasonal,handwritten_event_driver,true,true,12,14,client_event; state; reward_or_inventory; todo,cutscene,,spl0i410,4,65,Spl0i4.initText; Spl0i4.processEventStart; Spl0i4.processEventStartAfter; Spl0i4.processEvent04; Spl0i4.processEventA; Spl0i4.processEventB; Spl0i4.processEventC; Spl0i4.processEventNQ; Spl0i4.processEventClear; Spl0i4.processEventClearAfter; Spl0i4.processEventHin; Spl0i4.processEventClearAfterItem; Spl0i4.processEventClearAfterItemAfter; Spl0i4.processEventSnowdefo,isSeasonalEnabled; isWaldomar; setWaldomarFlag; finishEvent; markClueFound; advanceWaldomarDrivenClue; onStart; onFinish; onStateChange; onTalk; getJournalInformation; getJournalMapMarkerList,local_under_recovered_call_surface,route parity helper,local TODO/FIXME; completion plus reward mutation
spl0l1,110804,The Dreamer's Gospel (Limsa Lominsa),seasonal,present_unknown,true,true,0,13,,cutscene,,,0,31,Spl0l1.initText; Spl0l1.beforeBoy; Spl0l1.beforeGirl; Spl0l1.beforeSp1; Spl0l1.beforeSp2; Spl0l1.processEventGirlStart; Spl0l1.processEvent000; Spl0l1.processEvent000_over10; Spl0l1.processEvent010; Spl0l1.processEvent010_2; Spl0l1.processEvent020; Spl0l1.afterBoy; Spl0l1.isCapMes,,local_under_recovered_call_surface,route parity helper,
spl0l2,110805,The Dreamer's Dilemma (Limsa Lominsa),seasonal,present_unknown,true,true,0,15,,cutscene,,,0,49,Spl0l2.initText; Spl0l2.eventJihliDefault; Spl0l2.eventBricotDefault; Spl0l2.eventDiggyDefault; Spl0l2.eventTwiggyDefault; Spl0l2.eventJihliStart; Spl0l2.eventJihliOffered; Spl0l2.eventBricotOffered; Spl0l2.eventBricotHint; Spl0l2.eventBricotExchange; Spl0l2.eventTwiggyOffered; Spl0l2.eventTwiggyHint; Spl0l2.eventTwiggyExchange; Spl0l2.eventTwiggyResist; Spl0l2.eventDiggyHint,,local_under_recovered_call_surface,route parity helper,
spl0u1,110789,The Dreamer's Gospel (Ul'dah),seasonal,present_unknown,true,true,0,13,,cutscene,,,0,34,Spl0u1.initText; Spl0u1.beforeBoy; Spl0u1.beforeGirl; Spl0u1.beforeSp1; Spl0u1.beforeSp2; Spl0u1.processEventGirlStart; Spl0u1.processEvent000; Spl0u1.processEvent000_over10; Spl0u1.processEvent010; Spl0u1.processEvent010_2; Spl0u1.processEvent020; Spl0u1.afterBoy; Spl0u1.isCapMes,,local_under_recovered_call_surface,route parity helper,
spl0u2,110790,The Dreamer's Dilemma (Ul'dah),seasonal,present_unknown,true,true,0,15,,cutscene,,,0,50,Spl0u2.initText; Spl0u2.eventJihliDefault; Spl0u2.eventBricotDefault; Spl0u2.eventDiggyDefault; Spl0u2.eventTwiggyDefault; Spl0u2.eventJihliStart; Spl0u2.eventJihliOffered; Spl0u2.eventBricotOffered; Spl0u2.eventBricotHint; Spl0u2.eventBricotExchange; Spl0u2.eventTwiggyOffered; Spl0u2.eventTwiggyHint; Spl0u2.eventTwiggyExchange; Spl0u2.eventTwiggyResist; Spl0u2.eventDiggyHint,,local_under_recovered_call_surface,route parity helper,
spl101,110859,Scrambled Eggs,seasonal,scaffold,true,true,5,2,scaffold; client_event,,,,1,0,Spl101.initText; Spl101.askEgg,isPathLike; isSpl101Quest; resolveSpl101Function; logAskEggResult; onEventStarted,local_template_recovered_route,template replacement helper,
spl102,110860,Bombard Backlash,seasonal,scaffold,true,true,0,17,scaffold,cutscene,,,0,150,Spl102.initText; Spl102.processEventStartSea; Spl102.processEventStartFst; Spl102.processEventStartWil; Spl102.processEventItemSelection; Spl102.processEventNotEnough; Spl102.processEventItemPossession; Spl102.processEventQuestComplete; Spl102.processEventItemTrade; Spl102.processEventFullCapacity; Spl102.processEventBdanceBeforeOfferSea; Spl102.processEventBdanceBeforeOfferFst; Spl102.processEventBdanceBeforeOfferWil; Spl102.processEventBdanceAfterOfferSea; Spl102.processEventBdanceAfterOfferFst; Spl102.processEventBdanceAfterOfferWil; Spl102.processEventNashuTalk,,local_template_recovered_route,template replacement helper,scaffold-only route
spl103,110861,Seasonal Event (All City-states),seasonal,scaffold,true,true,0,1,scaffold,,,,0,0,Spl103.initText,,local_template_recovered_route,template replacement helper,scaffold-only route
etc101,110811,Risky Business,side_special_misc,handwritten_event_driver,true,true,9,4,client_event; state; reward_or_inventory,,,,2,18,Etc101.initText; Etc101.processEventAistanStart; Etc101.processEvent_000; Etc101.processEvent_005,showAistanFallbackDialogue; showMutamixFallbackDialogue; grantFossilFusedDarkMatter; onStart; onFinish; onStateChange; onTalk; getJournalInformation; getJournalMapMarkerList,local_under_recovered_call_surface,route parity helper,completion plus reward mutation; inventory removal
etc102,110812,Forging the Spirit,side_special_misc,handwritten_event_driver,true,true,7,6,client_event; state; reward_or_inventory,,,,2,31,Etc102.initText; Etc102.processEventSwynbroesStart; Etc102.processEventSwynbroesStartYet; Etc102.processEvent_000; Etc102.checkEquipItemMaterialize; Etc102.processEvent_005,grantKeyItem; onStart; onFinish; onStateChange; onTalk; getJournalInformation; getJournalMapMarkerList,local_under_recovered_call_surface,route parity helper,completion plus reward mutation
etc103,110813,Joining the Spirit,side_special_misc,handwritten_event_driver,true,true,7,5,client_event; state; reward_or_inventory,,,,4,22,Etc103.initText; Etc103.processEventKokosamuStart; Etc103.processEventKokosamuYet; Etc103.processEvent_000; Etc103.processEvent_005,isDiscipleOfTheLand; onStart; onFinish; onStateChange; onTalk; getJournalInformation; getJournalMapMarkerList,local_under_recovered_call_surface,route parity helper,completion plus reward mutation
etc104,110814,Waking the Spirit,side_special_misc,handwritten_event_driver,true,true,8,5,client_event; state; reward_or_inventory,,,,2,28,Etc104.initText; Etc104.processEventHobhasStart; Etc104.processEventHobhasYet; Etc104.processEvent_000; Etc104.processEvent_005,isEligibleCrafter; grantKeyItem; onStart; onFinish; onStateChange; onTalk; getJournalInformation; getJournalMapMarkerList,local_under_recovered_call_surface,route parity helper,completion plus reward mutation
etc106,110868,A Relic Reborn,side_special_misc,handwritten_event_driver,true,true,12,26,client_event; state; reward_or_inventory,cutscene,,,4,577,Etc106.initText; Etc106.processEventEpicStart; Etc106.processEventEpicStart_2nd; Etc106.processEvent010_0; Etc106.processEvent010_1; Etc106.processEvent020; Etc106.processEvent030_1; Etc106.processEvent030_2; Etc106.processEvent040_1; Etc106.processEvent040_2; Etc106.processEvent050_0; Etc106.processEvent050_1; Etc106.processEvent055; Etc106.processEvent055_1; Etc106.processEvent060_0; Etc106.processEvent060_1; Etc106.processEvent070_0; Etc106.processEvent070_1; Etc106.processEvent080_0; Etc106.processEvent080_1; Etc106.processEvent085; Etc106.processEvent090_0; Etc106.processEvent090_1; Etc106.processEvent090_2; Etc106.processEvent095; Etc106.processEvent100,isGerolt; setGeroltFlag; selectedRelicKind; getRelicKind; storeRelicKind; advanceRelicSequence; onStart; onFinish; onStateChange; onTalk; getJournalInformation; getJournalMapMarkerList,local_under_recovered_call_surface,route parity helper,completion plus reward mutation
etc1g0,110654,Proceed with Caution,side_special_misc,handwritten_event_driver,true,true,12,4,client_event; state; reward_or_inventory,,,,4,16,Etc1g0.initText; Etc1g0.processEventSandreStart; Etc1g0.processEvent000; Etc1g0.processEvent010,getBotanistDialogueFlag; isSandre; setSandreFlag; grantCeruleumCompound; removeCeruleumCompound; onStart; onFinish; onStateChange; onTalk; onPush; getJournalInformation; getJournalMapMarkerList,local_under_recovered_call_surface,route parity helper,inventory removal; completion plus reward mutation
etc1g1,110655,Playing with Fire,side_special_misc,handwritten_event_driver,true,true,10,5,client_event; state; reward_or_inventory,,,,4,16,Etc1g1.initText; Etc1g1.processEventMaroileStart; Etc1g1.processEvent000; Etc1g1.processEvent010; Etc1g1.processBUSH,getConjurerDialogueFlag; grantGallipot; removeGallipot; onStart; onFinish; onStateChange; onTalk; onPush; getJournalInformation; getJournalMapMarkerList,local_under_recovered_call_surface,route parity helper,inventory removal; completion plus reward mutation
etc1g2,110656,A Well-Balanced Diet,side_special_misc,handwritten_event_driver,true,true,7,8,client_event; state,cutscene,,,5,38,Etc1g2.initText; Etc1g2.processEventV_NabyanoStart; Etc1g2.processEventV_NabyanoStart00; Etc1g2.processEvent00; Etc1g2.processEvent005; Etc1g2.processEvent005_1; Etc1g2.processEvent005_2; Etc1g2.processEvent05_3,onStart; onFinish; onStateChange; onTalk; onKillBNpc; getJournalInformation; getJournalMapMarkerList,local_under_recovered_call_surface,route parity helper,
etc1g4,110658,The Penultimate Prank,side_special_misc,handwritten_event_driver,true,true,7,4,client_event; state,cutscene,,,4,32,Etc1g4.initText; Etc1g4.processEventNicoliauxStart; Etc1g4.processEvent010; Etc1g4.processEvent020,onStart; onFinish; onStateChange; onTalk; onKillBNpc; getJournalInformation; getJournalMapMarkerList,local_under_recovered_call_surface,route parity helper,
etc1g5,110659,The Search for Sicksa,side_special_misc,handwritten_event_driver,true,true,7,4,client_event; state,cutscene,,,4,20,Etc1g5.initText; Etc1g5.processEventLahonoStart; Etc1g5.processEventAfter; Etc1g5.processEventFree,onStart; onFinish; onStateChange; onTalk; onKillBNpc; getJournalInformation; getJournalMapMarkerList,local_under_recovered_call_surface,route parity helper,
etc1g6,110660,The Ultimate Prank,side_special_misc,handwritten_event_driver,true,true,7,8,client_event; state,cutscene,,,6,46,Etc1g6.initText; Etc1g6.processEventNicoliauxStart; Etc1g6.processEvent000; Etc1g6.processEvent010; Etc1g6.processEvent020; Etc1g6.followEvent000; Etc1g6.followEvent010; Etc1g6.followEvent020,onStart; onFinish; onStateChange; onTalk; onKillBNpc; getJournalInformation; getJournalMapMarkerList,local_under_recovered_call_surface,route parity helper,
etc1g8,110662,Say it with Wolf Tails,side_special_misc,handwritten_event_driver,true,true,7,6,client_event; state,,,,5,19,Etc1g8.initText; Etc1g8.processEventFrancisStart1g8; Etc1g8.processEventFrancisFree; Etc1g8.processEventFrancisAfter; Etc1g8.processEventFrancisAfterFree; Etc1g8.processEventImania,onStart; onFinish; onStateChange; onTalk; onKillBNpc; getJournalInformation; getJournalMapMarkerList,local_under_recovered_call_surface,route parity helper,
etc1g9,110663,Embarrassing Excerpts,side_special_misc,handwritten_event_driver,true,true,7,4,client_event; state,,,,4,13,Etc1g9.initText; Etc1g9.processEventLonsyggStart; Etc1g9.processEvent005_2; Etc1g9.processEvent010,onStart; onFinish; onStateChange; onTalk; onKillBNpc; getJournalInformation; getJournalMapMarkerList,local_under_recovered_call_surface,route parity helper,
etc1l0,110633,Assessing the Damage,side_special_misc,handwritten_event_driver,true,true,7,5,client_event; state; reward_or_inventory,,,,4,14,Etc1l0.initText; Etc1l0.processEventHaldberkStart; Etc1l0.processEvent000; Etc1l0.processEvent010; Etc1l0.processEvent020,onStart; onFinish; onStateChange; onTalk; onKillBNpc; getJournalInformation; getJournalMapMarkerList,local_under_recovered_call_surface,route parity helper,completion plus reward mutation
etc1l1,110634,Bridging the Gap,side_special_misc,handwritten_event_driver,true,true,6,4,client_event; state,,,,4,14,Etc1l1.initText; Etc1l1.processEventHihineStart; Etc1l1.processEvent005_2; Etc1l1.processEvent010,onStart; onFinish; onStateChange; onTalk; onKillBNpc; getJournalMapMarkerList,local_under_recovered_call_surface,route parity helper,
etc1l3,110636,Revenge on the Reavers,side_special_misc,handwritten_event_driver,true,true,7,4,client_event; state,,,,4,12,Etc1l3.initText; Etc1l3.processEventChaunolletStart; Etc1l3.processEvent000Chaunollet; Etc1l3.processEvent010Chaunollet,onStart; onFinish; onStateChange; onTalk; onKillBNpc; getJournalInformation; getJournalMapMarkerList,local_under_recovered_call_surface,route parity helper,
etc1l5,110638,Till Death Do Us Part,side_special_misc,handwritten_event_driver,true,true,7,4,client_event; state,,,,4,20,Etc1l5.initText; Etc1l5.processEventLahonoStart; Etc1l5.processEventAfter; Etc1l5.processEventFree,onStart; onFinish; onStateChange; onTalk; onKillBNpc; getJournalInformation; getJournalMapMarkerList,local_under_recovered_call_surface,route parity helper,
etc1l6,110639,Beryl Overboard,side_special_misc,handwritten_event_driver,true,true,7,4,client_event; state,cutscene,,,4,15,Etc1l6.initText; Etc1l6.processEventNanapiriStart; Etc1l6.processEvent005_2; Etc1l6.processEvent010,onStart; onFinish; onStateChange; onTalk; onKillBNpc; getJournalInformation; getJournalMapMarkerList,local_under_recovered_call_surface,route parity helper,
etc1l7,110640,Have You Seen My Son,side_special_misc,handwritten_event_driver,true,true,7,8,client_event; state,,,,6,30,Etc1l7.initText; Etc1l7.processEventImaniaStart; Etc1l7.processEventImaniaFree; Etc1l7.processEventYuyubesuStart; Etc1l7.processEventYuyubesuFree; Etc1l7.processEventYuyubesuAfter; Etc1l7.processEventYuyubesuAfterFree; Etc1l7.processEventHildie,onStart; onFinish; onStateChange; onTalk; onKillBNpc; getJournalInformation; getJournalMapMarkerList,local_under_recovered_call_surface,route parity helper,
etc1l8,110641,Food for Thought,side_special_misc,handwritten_event_driver,true,true,7,19,client_event; state,,,,4,42,Etc1l8.initText; Etc1l8.processEventOffersStart; Etc1l8.processEventOffersAfter; Etc1l8.processEventAergwyntSpeak; Etc1l8.processEventAergwynt; Etc1l8.processEventAergwyntAfter; Etc1l8.processEventFerdillaixSpeak; Etc1l8.processEventFerdillaix; Etc1l8.processEventFerdillaixAfter; Etc1l8.processEventBuburoonSpeak; Etc1l8.processEventBuburoon; Etc1l8.processEventBuburoonAfter; Etc1l8.processEventBaharraSpeak; Etc1l8.processEventBaharra; Etc1l8.processEventBaharraAfter; Etc1l8.processEventFufunaSpeak; Etc1l8.processEventFufuna; Etc1l8.processEventFufunaAfter; Etc1l8.processEventClear,onStart; onFinish; onStateChange; onTalk; onEmote; seq000_checkCondition; getJournalMapMarkerList,local_under_recovered_call_surface,route parity helper,
etc1l9,110642,Seashells by the Seashore,side_special_misc,handwritten_event_driver,true,true,9,5,client_event; state; reward_or_inventory,,,,4,17,Etc1l9.initText; Etc1l9.processEventStart; Etc1l9.processEventClear; Etc1l9.processEventFree; Etc1l9.shell,isFupepe; setFupepeFlag; onStart; onFinish; onStateChange; onTalk; onPush; getJournalInformation; getJournalMapMarkerList,local_under_recovered_call_surface,route parity helper,completion plus reward mutation
etc1u0,110675,A Knock in the Night,side_special_misc,handwritten_event_driver,true,true,7,4,client_event; state,,,,4,13,Etc1u0.initText; Etc1u0.processEventEleanorStart; Etc1u0.processEvent000; Etc1u0.processEvent010,onStart; onFinish; onStateChange; onTalk; onKillBNpc; getJournalInformation; getJournalMapMarkerList,local_under_recovered_call_surface,route parity helper,
etc1u1,110676,Sleepless in Eorzea,side_special_misc,handwritten_event_driver,true,true,7,4,client_event; state,,,,4,13,Etc1u1.initText; Etc1u1.processEventKukusiStart; Etc1u1.processEvent000_2; Etc1u1.processEvent000_3,onStart; onFinish; onStateChange; onTalk; onKillBNpc; getJournalInformation; getJournalMapMarkerList,local_under_recovered_call_surface,route parity helper,
etc1u2,110677,Dressed to Be Killed,side_special_misc,handwritten_event_driver,true,true,7,4,client_event; state,,,,4,21,Etc1u2.initText; Etc1u2.processEventTutubukiStart; Etc1u2.processEvent000_2; Etc1u2.processEvent010,onStart; onFinish; onStateChange; onTalk; onKillBNpc; getJournalInformation; getJournalMapMarkerList,local_under_recovered_call_surface,route parity helper,
etc1u4,110679,The Customer Comes First,side_special_misc,handwritten_event_driver,true,true,7,10,client_event; state; reward_or_inventory,cutscene,,,5,43,Etc1u4.initText; Etc1u4.processEventCahernautStart; Etc1u4.processEventCahernautFollow; Etc1u4.processEvent005_1; Etc1u4.processEvent005_1Follow; Etc1u4.processEvent005_2; Etc1u4.processEvent005_2Follow; Etc1u4.processEvent005Cahernaut; Etc1u4.processEvent010_1; Etc1u4.processEvent010_2,onStart; onFinish; onStateChange; onTalk; onKillBNpc; getJournalInformation; getJournalMapMarkerList,local_under_recovered_call_surface,route parity helper,completion plus reward mutation
etc1u5,110680,An Inconvenient Dodo,side_special_misc,handwritten_event_driver,true,true,7,4,client_event; state,,,,4,28,Etc1u5.initText; Etc1u5.processEventUbokhnStart; Etc1u5.processEventUbokhnAfterOffer; Etc1u5.processEvent010,onStart; onFinish; onStateChange; onTalk; onKillBNpc; getJournalInformation; getJournalMapMarkerList,local_under_recovered_call_surface,route parity helper,
etc1u6,110681,Besmitten and Besmirched,side_special_misc,handwritten_event_driver,true,true,7,4,client_event; state,,,,4,17,Etc1u6.initText; Etc1u6.processEventMohtfrydStart; Etc1u6.processEventAfter; Etc1u6.processEventFree,onStart; onFinish; onStateChange; onTalk; onKillBNpc; getJournalInformation; getJournalMapMarkerList,local_under_recovered_call_surface,route parity helper,
etc1u7,110682,Clasping to Hope,side_special_misc,handwritten_event_driver,true,true,10,4,client_event; state; reward_or_inventory,,,,4,13,Etc1u7.initText; Etc1u7.processEventTotonoStart; Etc1u7.processEvent010; Etc1u7.followEvent005,isTotono; setTotonoFlag; removeNovicesClasp; onStart; onFinish; onStateChange; onTalk; onPush; getJournalInformation; getJournalMapMarkerList,local_under_recovered_call_surface,route parity helper,inventory removal; completion plus reward mutation
etc1u8,110683,Traumaturgy,side_special_misc,handwritten_event_driver,true,true,10,4,client_event; state; reward_or_inventory,,,,4,19,Etc1u8.initText; Etc1u8.processEventTotonoStart; Etc1u8.processEvent010; Etc1u8.followEvent005,isTotono; setTotonoFlag; removeThedasRing; onStart; onFinish; onStateChange; onTalk; onPush; getJournalInformation; getJournalMapMarkerList,local_under_recovered_call_surface,route parity helper,inventory removal; completion plus reward mutation
etc1u9,110684,Best Flower Ever,side_special_misc,handwritten_event_driver,true,true,9,4,client_event; state; reward_or_inventory,,,,4,17,Etc1u9.initText; Etc1u9.processEventSasapanoStart; Etc1u9.processEvent000; Etc1u9.processEvent005,isSasapano; setSasapanoFlag; onStart; onFinish; onStateChange; onTalk; onKillBNpc; getJournalInformation; getJournalMapMarkerList,local_under_recovered_call_surface,route parity helper,completion plus reward mutation
etc200,110818,A Light in the Dark,side_special_misc,handwritten_event_driver,true,true,10,5,client_event; state; reward_or_inventory,cutscene,,,4,24,Etc200.initText; Etc200.processEventSIBOLDStart; Etc200.processEvent000; Etc200.processEvent005; Etc200.processEvent010,isSibold; setSiboldFlag; grantSiboldsBouquet; removeSiboldsBouquet; onStart; onFinish; onStateChange; onTalk; getJournalInformation; getJournalMapMarkerList,local_under_recovered_call_surface,route parity helper,inventory removal; completion plus reward mutation
etc201,110819,What Glitters Always Isn't Gold,side_special_misc,handwritten_event_driver,true,true,12,6,client_event; state; reward_or_inventory,,,,5,40,Etc201.initText; Etc201.processEventLELEYOStart; Etc201.processEvent000; Etc201.processEvent005; Etc201.processEvent005_1; Etc201.processEvent010,isLeleyo; isAurumValeContact; setLeleyoFlag; setAurumValeContactFlag; grantDivineImpetus; removeDivineImpetus; onStart; onFinish; onStateChange; onTalk; getJournalInformation; getJournalMapMarkerList,local_under_recovered_call_surface,route parity helper,inventory removal; completion plus reward mutation
etc202,110824,Cutter's Cry,side_special_misc,scaffold,true,true,0,1,scaffold,,,,0,0,Etc202.initText,,local_template_recovered_route,template replacement helper,scaffold-only route
etc2g0,110664,A Forbidden Love,side_special_misc,handwritten_event_driver,true,true,7,6,client_event; state,,,,5,31,Etc2g0.initText; Etc2g0.processEventEthelindaStart; Etc2g0.processEvent000; Etc2g0.processEvent000_2; Etc2g0.processEvent005; Etc2g0.processEvent005_2,onStart; onFinish; onStateChange; onTalk; onKillBNpc; getJournalInformation; getJournalMapMarkerList,local_under_recovered_call_surface,route parity helper,
etc2g1,110665,Last Respects,side_special_misc,handwritten_event_driver,true,true,7,4,client_event; state,,,,4,13,Etc2g1.initText; Etc2g1.processEventEadbertStart; Etc2g1.processEvent000; Etc2g1.processEvent005,onStart; onFinish; onStateChange; onTalk; onKillBNpc; getJournalInformation; getJournalMapMarkerList,local_under_recovered_call_surface,route parity helper,
etc2g2,110666,Stone Deaf,side_special_misc,handwritten_event_driver,true,true,7,4,client_event; state,cutscene,,,4,11,Etc2g2.initText; Etc2g2.processEventStart; Etc2g2.processEventClear; Etc2g2.processEventFree,onStart; onFinish; onStateChange; onTalk; onKillBNpc; getJournalInformation; getJournalMapMarkerList,local_under_recovered_call_surface,route parity helper,
etc2g3,110667,Hunting the Hunters,side_special_misc,handwritten_event_driver,true,true,9,4,client_event; state; reward_or_inventory,,,,4,11,Etc2g3.initText; Etc2g3.processEventODhinekStart; Etc2g3.processEvent000; Etc2g3.processEvent010,isODhinek; setODhinekFlag; onStart; onFinish; onStateChange; onTalk; onPush; getJournalInformation; getJournalMapMarkerList,local_under_recovered_call_surface,route parity helper,completion plus reward mutation
etc2g4,110668,To Deskunk A Beer,side_special_misc,handwritten_event_driver,true,true,13,8,client_event; state; reward_or_inventory,,,,6,28,Etc2g4.initText; Etc2g4.processEventLefwyneStart; Etc2g4.processEvent_000; Etc2g4.processEvent_010; Etc2g4.processEvent_010_1; Etc2g4.processEvent_020; Etc2g4.processEvent_020_1; Etc2g4.processEvent_030,isLefwyne; isJanlenoux; setLefwyneFlag; setJanlenouxFlag; removeSourleafNectar; grantSourleafNectar; onStart; onFinish; onStateChange; onTalk; onPush; getJournalInformation; getJournalMapMarkerList,local_under_recovered_call_surface,route parity helper,inventory removal; completion plus reward mutation
etc2g5,110669,Losing One's Thread,side_special_misc,handwritten_event_driver,true,true,10,4,client_event; state; reward_or_inventory,,,,4,18,Etc2g5.initText; Etc2g5.processEventHONGAVUNGAStart; Etc2g5.processEvent000; Etc2g5.processEvent010,isHongaVunga; setHongaVungaFlag; removeNeedleBox; onStart; onFinish; onStateChange; onTalk; onPush; getJournalInformation; getJournalMapMarkerList,local_under_recovered_call_surface,route parity helper,inventory removal; completion plus reward mutation
etc2i0,110706,Counting Sheep,side_special_misc,handwritten_event_driver,true,true,6,4,client_event; state,,,,4,16,Etc2i0.initText; Etc2i0.processEventPatrickStart; Etc2i0.processEvent010; Etc2i0.processEvent000,onStart; onFinish; onStateChange; onTalk; onKillBNpc; getJournalMapMarkerList,local_under_recovered_call_surface,route parity helper,
etc2i1,110707,A Hypocritical Oath,side_special_misc,handwritten_event_driver,true,true,7,4,client_event; state,,,,4,15,Etc2i1.initText; Etc2i1.processEventArscelinStart; Etc2i1.processEvent000; Etc2i1.processEvent010,onStart; onFinish; onStateChange; onTalk; onKillBNpc; getJournalInformation; getJournalMapMarkerList,local_under_recovered_call_surface,route parity helper,
etc2i2,110708,Blood Price,side_special_misc,handwritten_event_driver,true,true,9,7,client_event; state; reward_or_inventory,cutscene,,,4,27,Etc2i2.initText; Etc2i2.processEventROGERStart; Etc2i2.processEventdefault_1; Etc2i2.processEventdaytime; Etc2i2.processEvent000; Etc2i2.processEventBeloreBattle; Etc2i2.processEvent010,isRoger; setRogerFlag; onStart; onFinish; onStateChange; onTalk; onPush; getJournalInformation; getJournalMapMarkerList,local_under_recovered_call_surface,route parity helper,completion plus reward mutation
etc2l0,110643,Fishing for Answers,side_special_misc,handwritten_event_driver,true,true,6,4,client_event; state,cutscene,,,4,17,Etc2l0.initText; Etc2l0.processEventEadbertStart; Etc2l0.processEvent000; Etc2l0.processEvent005,onStart; onFinish; onStateChange; onTalk; onKillBNpc; getJournalMapMarkerList,local_under_recovered_call_surface,route parity helper,
etc2l1,110644,Moonstruck,side_special_misc,handwritten_event_driver,true,true,9,4,client_event; state; reward_or_inventory,,,,4,19,Etc2l1.initText; Etc2l1.processEventI_NairohStart; Etc2l1.processEvent010; Etc2l1.followEvent005,isINairoh; setINairohFlag; onStart; onFinish; onStateChange; onTalk; onPush; getJournalInformation; getJournalMapMarkerList,local_under_recovered_call_surface,route parity helper,completion plus reward mutation
etc2l3,110646,A Misty Past,side_special_misc,handwritten_event_driver,true,true,6,6,client_event; state; reward_or_inventory,,,,4,40,Etc2l3.initText; Etc2l3.processEventFONGHOStart; Etc2l3.processEvent_000; Etc2l3.processEvent_010; Etc2l3.processEvent_015; Etc2l3.processEvent_020,onStart; onFinish; onStateChange; onTalk; getJournalInformation; getJournalMapMarkerList,local_under_recovered_call_surface,route parity helper,completion plus reward mutation
etc2l5,110648,Carving a Name,side_special_misc,handwritten_event_driver,true,true,12,4,client_event; state; reward_or_inventory,,,,5,18,Etc2l5.initText; Etc2l5.processEventStart; Etc2l5.processEventStartAfter; Etc2l5.processEventClear,isSizhaEpocan; setSizhaEpocanFlag; grantQuestItem; removeQuestItem; removeQuestItems; onStart; onFinish; onStateChange; onTalk; onPush; getJournalInformation; getJournalMapMarkerList,local_under_recovered_call_surface,route parity helper,inventory removal; completion plus reward mutation
etc2u0,110685,The Unheard Horizon,side_special_misc,handwritten_event_driver,true,true,9,4,client_event; state; reward_or_inventory,,,,4,15,Etc2u0.initText; Etc2u0.processEventStart; Etc2u0.processEventClear; Etc2u0.processEventFree,isGegeissa; setGegeissaFlag; onStart; onFinish; onStateChange; onTalk; onPush; getJournalInformation; getJournalMapMarkerList,local_under_recovered_call_surface,route parity helper,completion plus reward mutation
etc2u1,110686,Freedom Isn't Free,side_special_misc,handwritten_event_driver,true,true,7,4,client_event; state,cutscene,,,4,22,Etc2u1.initText; Etc2u1.processEventStart; Etc2u1.processEventClear; Etc2u1.processEventFree,onStart; onFinish; onStateChange; onTalk; onKillBNpc; getJournalInformation; getJournalMapMarkerList,local_under_recovered_call_surface,route parity helper,
etc2u2,110687,Ore for an Ore,side_special_misc,handwritten_event_driver,true,true,7,4,client_event; state,,,,4,18,Etc2u2.initText; Etc2u2.processEventPAHJAZHWANStart; Etc2u2.processEvent000; Etc2u2.processEvent010,onStart; onFinish; onStateChange; onTalk; onKillBNpc; getJournalInformation; getJournalMapMarkerList,local_under_recovered_call_surface,route parity helper,
etc2u5,110690,No Other Dodo Will Do,side_special_misc,handwritten_event_driver,true,true,10,7,client_event; state; reward_or_inventory,,,,4,25,Etc2u5.initText; Etc2u5.processEventHildieStart; Etc2u5.processEvent_000; Etc2u5.processEvent_010; Etc2u5.processEvent_010_1; Etc2u5.processEvent_020; Etc2u5.processEvent_030,isHildie; setHildieFlag; removeYoungDodoLeather; onStart; onFinish; onStateChange; onTalk; onPush; getJournalInformation; getJournalMapMarkerList,local_under_recovered_call_surface,route parity helper,inventory removal; completion plus reward mutation
etc303,110810,Call of Booty,side_special_misc,handwritten_event_driver,true,true,5,4,client_event; state,,,,2,24,Etc303.initText; Etc303.processEventHASTHWABStart; Etc303.processEvent_000; Etc303.processEvent_005,onStart; onFinish; onStateChange; onTalk; getJournalMapMarkerList,local_under_recovered_call_surface,route parity helper,
etc304,110869,Living on a Prayer,side_special_misc,handwritten_event_driver,true,true,13,10,client_event; state; reward_or_inventory,cutscene,,,4,37,Etc304.initText; Etc304.processEventLim; Etc304.processEventGri; Etc304.processEventUld; Etc304.processEventStart; Etc304.processEventFree; Etc304.processEventPray; Etc304.processEventTutorial; Etc304.processAfterQuestRewardWidget; Etc304.processEventHiseki,isLouisoix; getPrayId; setLouisoixFlag; setPrayObjectFlags; onStart; onFinish; onStateChange; onTalk; handlePrayer; onPush; onEmote; getJournalInformation; getJournalMapMarkerList,local_under_recovered_call_surface,route parity helper,completion plus reward mutation
etc3g0,110674,Seeing the Seers,side_special_misc,handwritten_event_driver,true,true,6,14,client_event; state,cutscene,,,4,44,Etc3g0.initText; Etc3g0.processEventOffersStart; Etc3g0.processEventOffersAfter; Etc3g0.processEventSybellSpeak; Etc3g0.processEventSybellSpeakAfter; Etc3g0.processEventKhumaSpeak; Etc3g0.processEventKhumaSpeakAfter; Etc3g0.processEventNellaureSpeak; Etc3g0.processEventNellaureSpeakAfter; Etc3g0.processEventMestonnauxSpeak; Etc3g0.processEventMestonnauxSpeakAfter; Etc3g0.processEventLefwyneSpeak; Etc3g0.processEventLefwyneSpeakAfter; Etc3g0.processEventClear,onStart; onFinish; onStateChange; onTalk; seq000_checkCondition; getJournalMapMarkerList,local_under_recovered_call_surface,route parity helper,
etc3g1,110735,Scrubbing the Soul,side_special_misc,handwritten_event_driver,true,true,15,19,client_event; state; reward_or_inventory,,,,7,55,Etc3g1.initText; Etc3g1.processEventMestonnauxStart; Etc3g1.processEvent000_2; Etc3g1.processEvent010_2; Etc3g1.processEventBiddy; Etc3g1.processEventBiddy_2; Etc3g1.processEventTatagoi; Etc3g1.processEventTatagoi_2; Etc3g1.processEventAraire; Etc3g1.processEventAraire_2; Etc3g1.processEventNuala; Etc3g1.processEventNuala_2; Etc3g1.processEventNuala_3; Etc3g1.processEventNellaure; Etc3g1.processEventNellaure_2; Etc3g1.processEvent010; Etc3g1.processEvent015; Etc3g1.processEventYayatu; Etc3g1.processEvent020,isMestonnaux; isBiddy; isTatagoi; isNuala; isNellaure; setKnownNpcFlags; setMestonnauxFlag; markTalked; onStart; onFinish; onStateChange; onTalk; onPush; getJournalInformation; getJournalMapMarkerList,local_under_recovered_call_surface,route parity helper,completion plus reward mutation
etc3g2,110736,Disorganized Crime,side_special_misc,handwritten_event_driver,true,true,9,12,client_event; state; reward_or_inventory,cutscene,,etc3g210,6,40,Etc3g2.initText; Etc3g2.processEventBiddyStart; Etc3g2.processEvent_000_01; Etc3g2.processEvent_010; Etc3g2.processEvent_010_01; Etc3g2.processEvent_010_02; Etc3g2.processEvent_010_3; Etc3g2.processEvent_010_4; Etc3g2.processEvent_015; Etc3g2.processEvent_015_2; Etc3g2.processEvent_020; Etc3g2.processEvent_030,isBiddy; setBiddyFlag; onStart; onFinish; onStateChange; onTalk; onPush; getJournalInformation; getJournalMapMarkerList,local_under_recovered_call_surface,route parity helper,completion plus reward mutation; after-warp lifetime/order
etc3g3,110737,A Slippery Stone,side_special_misc,handwritten_event_driver,true,true,6,5,client_event; state,,,,3,37,Etc3g3.initText; Etc3g3.processEventMIOUNNEStart; Etc3g3.processEvent_000; Etc3g3.processEvent_005; Etc3g3.processEvent_010,onStart; onFinish; onStateChange; onTalk; getJournalInformation; getJournalMapMarkerList,local_under_recovered_call_surface,route parity helper,
etc3l0,110653,The Tug of the Whorl,side_special_misc,handwritten_event_driver,true,true,6,14,client_event; state,cutscene,,,4,35,Etc3l0.initText; Etc3l0.processEventGinnadeStart; Etc3l0.followEvent005; Etc3l0.processEvent010; Etc3l0.followEvent010; Etc3l0.processEvent020; Etc3l0.followEvent020; Etc3l0.processEvent030; Etc3l0.followEvent030; Etc3l0.processEvent040; Etc3l0.followEvent040; Etc3l0.processEvent050; Etc3l0.followEvent050; Etc3l0.processEvent060,onStart; onFinish; onStateChange; onTalk; seq000_checkCondition; getJournalMapMarkerList,local_under_recovered_call_surface,route parity helper,
etc3l1,110744,Winds of Change,side_special_misc,handwritten_event_driver,true,true,16,19,client_event; state; reward_or_inventory,,,,7,50,Etc3l1.initText; Etc3l1.processEventZanthaelStart; Etc3l1.processEvent000; Etc3l1.processEventBibiraka; Etc3l1.processEventBibiraka01; Etc3l1.processEventArthurioux; Etc3l1.processEventArthurioux01; Etc3l1.processEventJGhonako; Etc3l1.processEventJGhonako01; Etc3l1.processEventSundhimal; Etc3l1.processEventSundhimal01; Etc3l1.processEventGert; Etc3l1.processEventGert01; Etc3l1.processEvent000_1; Etc3l1.processEvent005; Etc3l1.processEventLtrimmna; Etc3l1.processEventLowell; Etc3l1.processEventKopelyorpel; Etc3l1.processEvent010,isZanthael; isBibiraka; isArthurioux; isJGhonako; isSundhimal; isGert; setZanthaelFlag; setTalkTargetFlags; markTalked; onStart; onFinish; onStateChange; onTalk; onPush; getJournalInformation; getJournalMapMarkerList,local_under_recovered_call_surface,route parity helper,completion plus reward mutation
etc3l2,110745,Shot Through the Heart,side_special_misc,handwritten_event_driver,true,true,9,7,client_event; state; reward_or_inventory,cutscene,,etc3l210,6,40,Etc3l2.initText; Etc3l2.processEventMynadaegStart; Etc3l2.processEvent000; Etc3l2.processEvent010; Etc3l2.processEvent010_2; Etc3l2.processEvent010_3; Etc3l2.processEvent015,isMynadaeg; setMynadaegFlag; onStart; onFinish; onStateChange; onTalk; onPush; getJournalInformation; getJournalMapMarkerList,local_under_recovered_call_surface,route parity helper,completion plus reward mutation; after-warp lifetime/order
etc3l3,110746,What a Pirate Wants,side_special_misc,handwritten_event_driver,true,true,6,6,client_event; state,,,,3,25,Etc3l3.initText; Etc3l3.processEventBADERONStart; Etc3l3.processEvent_000; Etc3l3.processEvent_005; Etc3l3.processEvent_005_01; Etc3l3.processEvent_010,onStart; onFinish; onStateChange; onTalk; getJournalInformation; getJournalMapMarkerList,local_under_recovered_call_surface,route parity helper,
etc3u0,110695,A Call to Arms,side_special_misc,handwritten_event_driver,true,true,6,14,client_event; state; reward_or_inventory,cutscene,,,4,39,Etc3u0.initText; Etc3u0.processEventFhruybolgStart; Etc3u0.processEvent000; Etc3u0.processEvent005_L; Etc3u0.processEvent005_L_2; Etc3u0.processEvent005_T; Etc3u0.processEvent005_T_2; Etc3u0.processEvent005_V; Etc3u0.processEvent005_V_2; Etc3u0.processEvent005_J; Etc3u0.processEvent005_J_2; Etc3u0.processEvent005_Z; Etc3u0.processEvent005_Z_2; Etc3u0.processEvent010,onStart; onFinish; onStateChange; onTalk; seq000_checkCondition; getJournalMapMarkerList,local_under_recovered_call_surface,route parity helper,completion plus reward mutation
etc3u1,110726,Quid Pro Quo,side_special_misc,handwritten_event_driver,true,true,10,18,client_event; state; reward_or_inventory,,,,7,55,Etc3u1.initText; Etc3u1.processEventPeneliZuneliStart; Etc3u1.processEvent000; Etc3u1.processEvent005_K; Etc3u1.processEvent005_N; Etc3u1.processEvent005_R; Etc3u1.processEvent005_S; Etc3u1.processEvent005_A; Etc3u1.processEvent005_K_2; Etc3u1.processEvent005_N_2; Etc3u1.processEvent005_R_2; Etc3u1.processEvent005_S_2; Etc3u1.processEvent005_A_2; Etc3u1.processEvent010; Etc3u1.processEvent010_2; Etc3u1.processEvent020; Etc3u1.processEvent015_2; Etc3u1.processEvent025,isPeneliZuneli; setPeneliZuneliFlag; markTalked; onStart; onFinish; onStateChange; onTalk; onPush; getJournalInformation; getJournalMapMarkerList,local_under_recovered_call_surface,route parity helper,completion plus reward mutation
etc3u2,110727,There Might Be Blood,side_special_misc,handwritten_event_driver,true,true,9,7,client_event; state; reward_or_inventory,cutscene,,etc3u210,5,36,Etc3u2.initText; Etc3u2.processEventStart; Etc3u2.processEventStartAfter; Etc3u2.processEventRycharde; Etc3u2.processEventNqetc3u2; Etc3u2.processEventRychardeFree; Etc3u2.processEventClear,isRycharde; setRychardeFlag; onStart; onFinish; onStateChange; onTalk; onPush; getJournalInformation; getJournalMapMarkerList,local_under_recovered_call_surface,route parity helper,completion plus reward mutation
etc3u3,110728,Cutthroat Prices,side_special_misc,handwritten_event_driver,true,true,6,5,client_event; state,,,,3,36,Etc3u3.initText; Etc3u3.processEventMIOUNNEStart; Etc3u3.processEvent_000; Etc3u3.processEvent_005; Etc3u3.processEvent_010,onStart; onFinish; onStateChange; onTalk; getJournalInformation; getJournalMapMarkerList,local_under_recovered_call_surface,route parity helper,
etc3u9,110734,Monster of Maw Most Massive,side_special_misc,handwritten_event_driver,true,true,7,4,client_event; state,cutscene,,,4,22,Etc3u9.initText; Etc3u9.processEventStart; Etc3u9.processEventFree; Etc3u9.processEventClear,onStart; onFinish; onStateChange; onTalk; onKillBNpc; getJournalInformation; getJournalMapMarkerList,local_under_recovered_call_surface,route parity helper,
etc5g0,110828,Waste Not Want Not,side_special_misc,handwritten_event_driver,true,true,6,6,client_event; state,cutscene,,etc5g010,3,34,Etc5g0.initText; Etc5g0.processEventVKOROLONStart; Etc5g0.processEvent_000_1; Etc5g0.processEvent_010; Etc5g0.processEvent_010_1; Etc5g0.processEvent_020,onStart; onFinish; onStateChange; onTalk; getJournalInformation; getJournalMapMarkerList,local_under_recovered_call_surface,route parity helper,
etc5g1,110829,In Plain Sight,side_special_misc,handwritten_event_driver,true,true,8,12,client_event; state; reward_or_inventory,cutscene,,,5,22,Etc5g1.initText; Etc5g1.processEventOTOPAPOTTOPAStart; Etc5g1.processEventOTOPAPOTTOPAStart_2; Etc5g1.processEvent_000_1; Etc5g1.processEvent_010; Etc5g1.processEvent_010_1; Etc5g1.processEvent_010_2; Etc5g1.processEvent_010_3; Etc5g1.processEvent_010_4; Etc5g1.processEvent_010_5; Etc5g1.processEvent_010_6; Etc5g1.processEvent_020,onStart; onFinish; onStateChange; onTalk; onPush; getJournalInformation; getJournalMapMarkerList; giveWantedItem,local_under_recovered_call_surface,route parity helper,
etc5l0,110838,The Ink Thief,side_special_misc,handwritten_event_driver,true,true,6,6,client_event; state,cutscene,,etc5l010,4,30,Etc5l0.initText; Etc5l0.processEventMYTESYNStart; Etc5l0.processEvent_000_1; Etc5l0.processEvent_010; Etc5l0.processEvent_010_1; Etc5l0.processEvent_020,onStart; onFinish; onStateChange; onTalk; getJournalInformation; getJournalMapMarkerList,local_under_recovered_call_surface,route parity helper,
etc5l1,110839,Private Eyes,side_special_misc,handwritten_event_driver,true,true,8,7,client_event; state; reward_or_inventory,cutscene,,etc5l120,4,11,Etc5l1.initText; Etc5l1.processEventOTOPAPOTTOPAStart; Etc5l1.processEventOTOPAPOTTOPAStart_2; Etc5l1.processEvent_000_1; Etc5l1.processEvent_010; Etc5l1.processEvent_010_1; Etc5l1.processEvent_020,onStart; onFinish; onStateChange; onTalk; onPush; getJournalInformation; getJournalMapMarkerList; giveWantedItem,local_under_recovered_call_surface,route parity helper,
etc5l2,110840,Mysteries of the Red Moon,side_special_misc,handwritten_event_driver,true,true,7,7,client_event; state; reward_or_inventory,cutscene,,etc5l210,3,25,Etc5l2.initText; Etc5l2.processEventStart; Etc5l2.processEvent000_KOPURU; Etc5l2.processEvent000; Etc5l2.processEvent000_BOOK; Etc5l2.processEvent005_NQ; Etc5l2.processEventExit,onStart; onFinish; onStateChange; onTalk; onPush; getJournalMapMarkerList; giveWantedItem,local_under_recovered_call_surface,route parity helper,
etc5l3,110841,Prophecy Inspection,side_special_misc,handwritten_event_driver,true,true,8,10,client_event; state; reward_or_inventory,cutscene,,etc5l320; etc5l330,5,14,Etc5l3.initText; Etc5l3.processEventKOPURUStart; Etc5l3.processEventKOROLONStart; Etc5l3.processEventMYTESYNStart; Etc5l3.processEvent_005; Etc5l3.processEvent_005_1; Etc5l3.processEvent_005_2; Etc5l3.processEvent_005_3; Etc5l3.processEvent_005_4; Etc5l3.processEvent_020,onStart; onFinish; onStateChange; onTalk; onPush; getJournalInformation; getJournalMapMarkerList; giveDossierItem,local_under_recovered_call_surface,route parity helper,after-warp lifetime/order
etc5u0,110848,Ring of Deceit,side_special_misc,handwritten_event_driver,true,true,6,6,client_event; state,cutscene,,etc5u010,3,29,Etc5u0.initText; Etc5u0.processEventOTOPAPOTTOPAStart; Etc5u0.processEvent_000_1; Etc5u0.processEvent_010; Etc5u0.processEvent_010_1; Etc5u0.processEvent_020,onStart; onFinish; onStateChange; onTalk; getJournalInformation; getJournalMapMarkerList,local_under_recovered_call_surface,route parity helper,
etc5u1,110849,The Usual Suspect,side_special_misc,handwritten_event_driver,true,true,9,9,client_event; state; reward_or_inventory,cutscene,,,5,24,Etc5u1.initText; Etc5u1.processEventOTOPAPOTTOPAStart; Etc5u1.processEventOTOPAPOTTOPAStart_2; Etc5u1.processEvent_000_1; Etc5u1.processEvent_010; Etc5u1.processEvent_010_1; Etc5u1.processEvent_010_2; Etc5u1.processEvent_010_3; Etc5u1.processEvent_020,onStart; onFinish; hasWantedNoticePrereqs; onStateChange; onTalk; onPush; getJournalInformation; getJournalMapMarkerList; giveWantedItem,local_under_recovered_call_surface,route parity helper,
noc000,110809,Guild Tasks,system,scaffold,true,true,0,16,scaffold,,,,0,16,Noc000.initText; Noc000.pETaskBoardAskLimsa; Noc000.pETaskBoardAskUldah; Noc000.pETaskBoardAskGridania; Noc000.pETaskBoardGuild; Noc000.pETaskBoardOrder; Noc000.pENPCAskBsmArm; Noc000.pENPCAskRank; Noc000.pENPCReward; Noc000.pENPCAskLast; Noc000.pENPCComp; Noc000.pENPCBonusReward; Noc000.pENPCEnd; Noc000.pELimitErr; Noc000.pETradeErr; Noc000.pETradeErrNew,,local_template_recovered_route,template replacement helper,scaffold-only route
noc001,110817,Provisioning & Supply Missions,system,scaffold,true,true,0,19,scaffold,reward_or_inventory,,,0,20,Noc001.initText; Noc001.pETaskBoardGuild; Noc001.pETaskBoardOrder; Noc001.pENPCAskSupplyWelcome; Noc001.pENPCAskSupply; Noc001.eventQuestAskExWelcome; Noc001.eventQuestAskExArea; Noc001.pENPCAskNowTalk; Noc001.nowSup; Noc001.nowSupAddItem; Noc001.pItem; Noc001.showSupplyLimit; Noc001.eventShowPrizeMessage; Noc001.pELimitErr; Noc001.pETradeErr; Noc001.pETradeErrLimit; Noc001.pESuppylMaxErrKeyWait; Noc001.pESuppylSealMaxErr; Noc001.eventQuestCantEx,,local_template_recovered_route,template replacement helper,scaffold-only route
noc002,110862,Hamlet Defense,system,scaffold,true,true,3,35,scaffold; client_event,,,,0,84,Noc002.initText; Noc002.processTaskBoardOrder; Noc002.processCaptainAskWhatBefore; Noc002.processCaptainAskWhat; Noc002.processCaptainAskWhatA01; Noc002.processCaptainAskWhatA02; Noc002.processCaptainAskWhatA03; Noc002.processCaptainAskWhatA04A; Noc002.processCaptainAskWhatA04B; Noc002.processCaptainAskWhatA04C; Noc002.processCaptainDelItem; Noc002.processSupplyAskWhatBeforeFirst; Noc002.processSupplyAskWhatBeforeNormal; Noc002.processSupplyAskWhatBeforeCanNotSupplay; Noc002.processSupplyAskWhat; Noc002.processSupplyAskWhatNotSupply; Noc002.processSupplyAskWhatA01; Noc002.processSupplyAskWhatA02; Noc002.processSupplyAskWhatA03; Noc002.processSupplyAskWhatA04; Noc002.processSupplyAskWhatA05; Noc002.processSupplyAskWhatA06; Noc002.processSupplyAskWhatA07; Noc002.processSupplyNormal; Noc002.processSupplyFirst; Noc002.processTalkEnd; Noc002.processPointUp; Noc002.processModItem; Noc002.processAddAnima; Noc002.processSupplyRinkingRankIn; Noc002.processSupplyInsufficientError; Noc002.processSupplyInvalidError; Noc002.processSupplyNotHaveError; Noc002.processSupplyLifeNotMaxError; Noc002.processSupplyContentStartError,isPathLike; resolveNoc002Function; onEventStarted,local_template_recovered_route,template replacement helper,
noc003,110863,Class is in Session,system,scaffold,true,true,0,12,scaffold,,,,0,119,Noc003.initText; Noc003.processEvent000; Noc003.processLookAtCancel; Noc003.processErikTutorial01; Noc003.processErikTutorial02; Noc003.processErikTutorial03; Noc003.processErikTutorial04; Noc003.processErikTutorial05; Noc003.processErikTutorial06; Noc003.processErikTutorial07; Noc003.processErikTutorial08; Noc003.processErikTutorial09,,local_template_recovered_route,template replacement helper,scaffold-only route
trl0g1,110141,Getting Started,tutorial,handwritten_event_driver,true,true,2,4,client_event,cutscene,,,0,5,Trl0g1.initText; Trl0g1.processEventMiounneStart; Trl0g1.processEvent225; Trl0g1.processEvent230,onTalk; IsQuestENPC,local_under_recovered_call_surface,route parity helper,
trl0l1,110140,Getting Started,tutorial,handwritten_event_driver,true,true,2,4,client_event,cutscene,,,0,5,Trl0l1.initText; Trl0l1.processEventBaderonStart; Trl0l1.processEvent640; Trl0l1.processEvent650,onTalk; IsQuestENPC,local_under_recovered_call_surface,route parity helper,
trl0l3,110144,Selecting a Different Path Companion,tutorial,scaffold,true,true,0,4,scaffold,,,,0,4,Trl0l3.initText; Trl0l3.processSnpcReselectEvent001; Trl0l3.processSnpcReselectEvent002; Trl0l3.processSnpcReName,,local_template_recovered_route,template replacement helper,scaffold-only route
wld0g1,110762,In the Name of Science,world_sidequest,handwritten_event_driver,true,true,7,4,client_event; state,,,,4,19,Wld0g1.initText; Wld0g1.processEventAtellouneStart; Wld0g1.processEvent000_2; Wld0g1.processEvent010,onStart; onFinish; onStateChange; onTalk; onKillBNpc; getJournalInformation; getJournalMapMarkerList,local_under_recovered_call_surface,route parity helper,
wld0g2,110763,Hearing Confession,world_sidequest,handwritten_event_driver,true,true,6,12,client_event; state,cutscene,,,4,29,Wld0g2.initText; Wld0g2.processEventSwaenhyltStart; Wld0g2.processEvent000_2; Wld0g2.processEvent005; Wld0g2.processEvent005_2; Wld0g2.processEvent010; Wld0g2.processEvent010_2; Wld0g2.processEvent015; Wld0g2.processEvent015_2; Wld0g2.processEvent020; Wld0g2.processEvent020_2; Wld0g2.processEvent025,onStart; onFinish; onStateChange; onTalk; seq000_checkCondition; getJournalMapMarkerList,local_under_recovered_call_surface,route parity helper,
wld0g3,110764,A Bitter Oil to Swallow,world_sidequest,handwritten_event_driver,true,true,7,7,client_event; state; reward_or_inventory,,,,4,24,Wld0g3.initText; Wld0g3.processEventEugenaireStart; Wld0g3.processEvent_000; Wld0g3.processEvent_010; Wld0g3.processEvent_010_1; Wld0g3.processEvent_020; Wld0g3.processEvent_030,onStart; onFinish; onStateChange; onTalk; onKillBNpc; getJournalInformation; getJournalMapMarkerList,local_under_recovered_call_surface,route parity helper,completion plus reward mutation
wld0g4,110765,Spores on the Brain,world_sidequest,handwritten_event_driver,true,true,7,4,client_event; state,,,,4,20,Wld0g4.initText; Wld0g4.processEventMarcetteStart; Wld0g4.processEvent000_2; Wld0g4.processEvent010,onStart; onFinish; onStateChange; onTalk; onKillBNpc; getJournalInformation; getJournalMapMarkerList,local_under_recovered_call_surface,route parity helper,
wld0l1,110771,Trading Tongueflaps,world_sidequest,handwritten_event_driver,true,true,5,6,client_event; state,cutscene,,,4,21,Wld0l1.initText; Wld0l1.processEventSweetnixStart; Wld0l1.processEvent010; Wld0l1.processEvent020; Wld0l1.followEvent005; Wld0l1.followEvent015,onStart; onFinish; onStateChange; onTalk; getJournalMapMarkerList,local_under_recovered_call_surface,route parity helper,
wld0l2,110772,Letting Out Orion's Belt,world_sidequest,handwritten_event_driver,true,true,6,12,client_event; state,cutscene,,,4,31,Wld0l2.initText; Wld0l2.processEventAhldskyffStart; Wld0l2.processEventAhldskyffStart_1; Wld0l2.processEvent000; Wld0l2.processEvent000_1; Wld0l2.processEvent005; Wld0l2.processEvent005_1; Wld0l2.processEvent010; Wld0l2.processEvent010_1; Wld0l2.processEvent015; Wld0l2.processEvent015_1; Wld0l2.processEvent020,onStart; onFinish; onStateChange; onTalk; seq000_checkCondition; getJournalMapMarkerList,local_under_recovered_call_surface,route parity helper,
wld0l3,110773,Sour Grapes,world_sidequest,handwritten_event_driver,true,true,5,6,client_event; state,cutscene,,,4,16,Wld0l3.initText; Wld0l3.processEventOffersStart; Wld0l3.processEventClear; Wld0l3.processEventFree; Wld0l3.processlolojoEvent; Wld0l3.processlolojoEventFree,onStart; onFinish; onStateChange; onTalk; getJournalMapMarkerList,local_under_recovered_call_surface,route parity helper,
wld0l4,110774,Sniffing Out a Profit,world_sidequest,handwritten_event_driver,true,true,5,6,client_event; state,cutscene,,,4,24,Wld0l4.initText; Wld0l4.processEventAhldskyffStart; Wld0l4.processEvent000; Wld0l4.processEvent005; Wld0l4.processEvent005_2; Wld0l4.processEvent010,onStart; onFinish; onStateChange; onTalk; getJournalMapMarkerList,local_under_recovered_call_surface,route parity helper,
wld0u1,110753,Of Archons and Muses,world_sidequest,handwritten_event_driver,true,true,5,6,client_event; state,,,,4,22,Wld0u1.initText; Wld0u1.processEventTyagomouiStart; Wld0u1.processEvent010; Wld0u1.processEvent020; Wld0u1.followEvent005; Wld0u1.followEvent015,onStart; onFinish; onStateChange; onTalk; getJournalMapMarkerList,local_under_recovered_call_surface,route parity helper,
wld0u2,110754,Sanguine Studies,world_sidequest,handwritten_event_driver,true,true,7,4,client_event; state,,,,4,18,Wld0u2.initText; Wld0u2.processEventPapalaStart; Wld0u2.processEvent000; Wld0u2.processEvent010,onStart; onFinish; onStateChange; onTalk; onKillBNpc; getJournalInformation; getJournalMapMarkerList,local_under_recovered_call_surface,route parity helper,
wld0u3,110755,Secrets Unearthed,world_sidequest,handwritten_event_driver,true,true,5,6,client_event; state,cutscene,,,4,19,Wld0u3.initText; Wld0u3.processEventMUMUKIYAStart; Wld0u3.processEvent_000; Wld0u3.processEvent_010; Wld0u3.processEvent_010_1; Wld0u3.processEvent_020,onStart; onFinish; onStateChange; onTalk; getJournalMapMarkerList,local_under_recovered_call_surface,route parity helper,
wld0u4,110756,Rustproof,world_sidequest,handwritten_event_driver,true,true,7,4,client_event; state,cutscene,,,4,18,Wld0u4.initText; Wld0u4.processEventPAPALAStart; Wld0u4.processEvent_000_1; Wld0u4.processEvent_010,onStart; onFinish; onStateChange; onTalk; onKillBNpc; getJournalInformation; getJournalMapMarkerList,local_under_recovered_call_surface,route parity helper,
