code,quest_id,quest_name,category,local_status,marker_id,slot,unknown_flag,x,z,map_group,map_id,radius,marker_class,display_name_id,icon,visible,text_ref,helper_hint
alc200,110420,"Sleep, Cousin of Death",class,data_or_stub,11042001,1,1,24.299999,-474.709991,104,401,0,MapMarkerQuest,1500091,m00013,Visible,@5208/i11042001,quest sequence marker review / getSequenceMarkerList
alc200,110420,"Sleep, Cousin of Death",class,data_or_stub,11042002,2,1,-431,187,101,121,0,MapMarker,1600179,m00013,Visible,@5208/i11042002,point marker review / confirm sequence slot
alc200,110420,"Sleep, Cousin of Death",class,data_or_stub,11042003,3,1,-211.669998,279.040009,104,421,50,MapMarkerQuest,1200017,m00013,Visible,@5208/i11042003,quest sequence marker review / getSequenceMarkerList
alc200,110420,"Sleep, Cousin of Death",class,data_or_stub,11042004,4,1,-216.160004,301.48999,104,421,50,MapMarkerQuest,1900021,m00013,Visible,@5208/i11042004,quest sequence marker review / getSequenceMarkerList
alc200,110420,"Sleep, Cousin of Death",class,data_or_stub,11042005,5,1,-146.809998,-179,104,421,0,MapMarkerQuest,4000257,m00013,Visible,@5208/i11042005,quest sequence marker review / getSequenceMarkerList
alc200,110420,"Sleep, Cousin of Death",class,data_or_stub,11042006,6,1,-211.669998,279.040009,104,421,50,MapMarkerQuest,1200017,m00013,Visible,@5208/i11042006,quest sequence marker review / getSequenceMarkerList
alc200,110420,"Sleep, Cousin of Death",class,data_or_stub,11042007,7,1,-431,187,101,121,0,MapMarker,1600179,m00013,Visible,@5208/i11000101,point marker review / confirm sequence slot
alc200,110420,"Sleep, Cousin of Death",class,data_or_stub,11042008,8,1,-431,187,101,121,0,MapMarker,1600179,m00013,Visible,@5208/i11000101,point marker review / confirm sequence slot
alc200,110420,"Sleep, Cousin of Death",class,data_or_stub,11042009,9,1,-431,187,101,121,0,MapMarker,1600179,m00013,Visible,@5208/i11000101,point marker review / confirm sequence slot
alc200,110420,"Sleep, Cousin of Death",class,data_or_stub,11042010,10,1,-431,187,101,121,0,MapMarker,1600179,m00013,Visible,@5208/i11000101,point marker review / confirm sequence slot
alc200,110420,"Sleep, Cousin of Death",class,data_or_stub,11042011,11,1,-431,187,101,121,0,MapMarker,1600179,m00013,Visible,@5208/i11000101,point marker review / confirm sequence slot
alc200,110420,"Sleep, Cousin of Death",class,data_or_stub,11042012,12,1,-431,187,101,121,0,MapMarker,1600179,m00013,Visible,@5208/i11000101,point marker review / confirm sequence slot
alc200,110420,"Sleep, Cousin of Death",class,data_or_stub,11042013,13,1,-431,187,101,121,0,MapMarker,1600179,m00013,Visible,@5208/i11000101,point marker review / confirm sequence slot
alc200,110420,"Sleep, Cousin of Death",class,data_or_stub,11042014,14,1,-431,187,101,121,0,MapMarker,1600179,m00013,Visible,@5208/i11000101,point marker review / confirm sequence slot
alc200,110420,"Sleep, Cousin of Death",class,data_or_stub,11042015,15,1,-431,187,101,121,0,MapMarker,1600179,m00013,Visible,@5208/i11000101,point marker review / confirm sequence slot
alc200,110420,"Sleep, Cousin of Death",class,data_or_stub,11042016,16,1,-431,187,101,121,0,MapMarker,1600179,m00013,Visible,@5208/i11000101,point marker review / confirm sequence slot
alc200,110420,"Sleep, Cousin of Death",class,data_or_stub,11042017,17,1,-431,187,101,121,0,MapMarker,1600179,m00013,Visible,@5208/i11000101,point marker review / confirm sequence slot
alc200,110420,"Sleep, Cousin of Death",class,data_or_stub,11042018,18,1,-431,187,101,121,0,MapMarker,1600179,m00013,Visible,@5208/i11000101,point marker review / confirm sequence slot
alc200,110420,"Sleep, Cousin of Death",class,data_or_stub,11042019,19,1,-431,187,101,121,0,MapMarker,1600179,m00013,Visible,@5208/i11000101,point marker review / confirm sequence slot
alc200,110420,"Sleep, Cousin of Death",class,data_or_stub,11042020,20,1,-431,187,101,121,0,MapMarker,1600179,m00013,Visible,@5208/i11000101,point marker review / confirm sequence slot
alc300,110421,The Boy and the Dragon Gay,class,data_or_stub,11042101,1,1,-216.380005,302.070007,104,421,50,MapMarkerQuest,4000257,m00013,Visible,@5208/i11042101,quest sequence marker review / getSequenceMarkerList
alc300,110421,The Boy and the Dragon Gay,class,data_or_stub,11042102,2,1,-146.809998,-179,104,421,0,MapMarkerQuest,4000257,m00013,Visible,@5208/i11042102,quest sequence marker review / getSequenceMarkerList
alc300,110421,The Boy and the Dragon Gay,class,data_or_stub,11042103,3,1,-162.529999,0.89,104,421,0,MapMarkerQuest,1200030,m00013,Visible,@5208/i11042103,quest sequence marker review / getSequenceMarkerList
alc300,110421,The Boy and the Dragon Gay,class,data_or_stub,11042104,4,1,-162.850006,4.6,104,421,0,MapMarkerQuest,4000330,m00013,Visible,@5208/i11042104,quest sequence marker review / getSequenceMarkerList
alc300,110421,The Boy and the Dragon Gay,class,data_or_stub,11042105,5,1,-211.669998,279.040009,104,421,50,MapMarkerQuest,1200017,m00013,Visible,@5208/i11042105,quest sequence marker review / getSequenceMarkerList
alc300,110421,The Boy and the Dragon Gay,class,data_or_stub,11042106,6,1,58.080002,-1183.329956,103,321,0,MapMarkerQuest,1100404,m00013,Visible,@5208/i11042106,quest sequence marker review / getSequenceMarkerList
alc300,110421,The Boy and the Dragon Gay,class,data_or_stub,11042107,7,1,-431,187,101,121,0,MapMarker,1600179,m00013,Visible,@5208/i11042107,point marker review / confirm sequence slot
alc300,110421,The Boy and the Dragon Gay,class,data_or_stub,11042108,8,1,58.080002,-1183.329956,103,321,0,MapMarkerQuest,1100404,m00013,Visible,@5208/i11042108,quest sequence marker review / getSequenceMarkerList
alc300,110421,The Boy and the Dragon Gay,class,data_or_stub,11042109,9,1,-211.669998,279.040009,104,421,0,MapMarkerQuest,1200017,m00013,Visible,@5208/i11042109,quest sequence marker review / getSequenceMarkerList
alc300,110421,The Boy and the Dragon Gay,class,data_or_stub,11042110,10,1,-431,187,101,121,0,MapMarker,4000257,m00013,Visible,@5208/i11042110,point marker review / confirm sequence slot
alc300,110421,The Boy and the Dragon Gay,class,data_or_stub,11042111,11,1,-431,187,101,121,0,MapMarker,1600179,m00013,Visible,@5208/i11000101,point marker review / confirm sequence slot
alc300,110421,The Boy and the Dragon Gay,class,data_or_stub,11042112,12,1,-431,187,101,121,0,MapMarker,1600179,m00013,Visible,@5208/i11000101,point marker review / confirm sequence slot
alc300,110421,The Boy and the Dragon Gay,class,data_or_stub,11042113,13,1,-431,187,101,121,0,MapMarker,1600179,m00013,Visible,@5208/i11000101,point marker review / confirm sequence slot
alc300,110421,The Boy and the Dragon Gay,class,data_or_stub,11042114,14,1,-431,187,101,121,0,MapMarker,1600179,m00013,Visible,@5208/i11000101,point marker review / confirm sequence slot
alc300,110421,The Boy and the Dragon Gay,class,data_or_stub,11042115,15,1,-431,187,101,121,0,MapMarker,1600179,m00013,Visible,@5208/i11000101,point marker review / confirm sequence slot
alc300,110421,The Boy and the Dragon Gay,class,data_or_stub,11042116,16,1,-431,187,101,121,0,MapMarker,1600179,m00013,Visible,@5208/i11000101,point marker review / confirm sequence slot
alc300,110421,The Boy and the Dragon Gay,class,data_or_stub,11042117,17,1,-431,187,101,121,0,MapMarker,1600179,m00013,Visible,@5208/i11000101,point marker review / confirm sequence slot
alc300,110421,The Boy and the Dragon Gay,class,data_or_stub,11042118,18,1,-431,187,101,121,0,MapMarker,1600179,m00013,Visible,@5208/i11000101,point marker review / confirm sequence slot
alc300,110421,The Boy and the Dragon Gay,class,data_or_stub,11042119,19,1,-431,187,101,121,0,MapMarker,1600179,m00013,Visible,@5208/i11000101,point marker review / confirm sequence slot
alc300,110421,The Boy and the Dragon Gay,class,data_or_stub,11042120,20,1,-431,187,101,121,0,MapMarker,1600179,m00013,Visible,@5208/i11000101,point marker review / confirm sequence slot
alc306,110422,"Dream On, Dream Away",class,data_or_stub,11042201,1,1,-216.160004,301.48999,104,421,0,MapMarkerQuest,1900021,m00013,Visible,@5208/i11042201,quest sequence marker review / getSequenceMarkerList
alc306,110422,"Dream On, Dream Away",class,data_or_stub,11042202,2,1,-162.529999,0.89,104,421,0,MapMarkerQuest,1200030,m00013,Visible,@5208/i11042202,quest sequence marker review / getSequenceMarkerList
alc306,110422,"Dream On, Dream Away",class,data_or_stub,11042203,3,1,-211.669998,279.040009,104,421,50,MapMarkerQuest,1200017,m00013,Visible,@5208/i11042203,quest sequence marker review / getSequenceMarkerList
alc306,110422,"Dream On, Dream Away",class,data_or_stub,11042204,4,1,305.019989,-396.670013,102,201,0,MapMarkerQuest,1200030,m00013,Visible,@5208/i11042204,quest sequence marker review / getSequenceMarkerList
alc306,110422,"Dream On, Dream Away",class,data_or_stub,11042205,5,1,-431,187,101,121,0,MapMarker,1600179,m00013,Visible,@5208/i11000101,point marker review / confirm sequence slot
alc306,110422,"Dream On, Dream Away",class,data_or_stub,11042206,6,1,-431,187,101,121,0,MapMarker,1600179,m00013,Visible,@5208/i11000101,point marker review / confirm sequence slot
alc306,110422,"Dream On, Dream Away",class,data_or_stub,11042207,7,1,-431,187,101,121,0,MapMarker,1600179,m00013,Visible,@5208/i11000101,point marker review / confirm sequence slot
alc306,110422,"Dream On, Dream Away",class,data_or_stub,11042208,8,1,-431,187,101,121,0,MapMarker,1600179,m00013,Visible,@5208/i11000101,point marker review / confirm sequence slot
alc306,110422,"Dream On, Dream Away",class,data_or_stub,11042209,9,1,-431,187,101,121,0,MapMarker,1600179,m00013,Visible,@5208/i11000101,point marker review / confirm sequence slot
alc306,110422,"Dream On, Dream Away",class,data_or_stub,11042210,10,1,-431,187,101,121,0,MapMarker,1600179,m00013,Visible,@5208/i11000101,point marker review / confirm sequence slot
alc306,110422,"Dream On, Dream Away",class,data_or_stub,11042211,11,1,-431,187,101,121,0,MapMarker,1600179,m00013,Visible,@5208/i11000101,point marker review / confirm sequence slot
alc306,110422,"Dream On, Dream Away",class,data_or_stub,11042212,12,1,-431,187,101,121,0,MapMarker,1600179,m00013,Visible,@5208/i11000101,point marker review / confirm sequence slot
alc306,110422,"Dream On, Dream Away",class,data_or_stub,11042213,13,1,-431,187,101,121,0,MapMarker,1600179,m00013,Visible,@5208/i11000101,point marker review / confirm sequence slot
alc306,110422,"Dream On, Dream Away",class,data_or_stub,11042214,14,1,-431,187,101,121,0,MapMarker,1600179,m00013,Visible,@5208/i11000101,point marker review / confirm sequence slot
alc306,110422,"Dream On, Dream Away",class,data_or_stub,11042215,15,1,-431,187,101,121,0,MapMarker,1600179,m00013,Visible,@5208/i11000101,point marker review / confirm sequence slot
alc306,110422,"Dream On, Dream Away",class,data_or_stub,11042216,16,1,-431,187,101,121,0,MapMarker,1600179,m00013,Visible,@5208/i11000101,point marker review / confirm sequence slot
alc306,110422,"Dream On, Dream Away",class,data_or_stub,11042217,17,1,-431,187,101,121,0,MapMarker,1600179,m00013,Visible,@5208/i11000101,point marker review / confirm sequence slot
alc306,110422,"Dream On, Dream Away",class,data_or_stub,11042218,18,1,-431,187,101,121,0,MapMarker,1600179,m00013,Visible,@5208/i11000101,point marker review / confirm sequence slot
alc306,110422,"Dream On, Dream Away",class,data_or_stub,11042219,19,1,-431,187,101,121,0,MapMarker,1600179,m00013,Visible,@5208/i11000101,point marker review / confirm sequence slot
alc306,110422,"Dream On, Dream Away",class,data_or_stub,11042220,20,1,-431,187,101,121,0,MapMarker,1600179,m00013,Visible,@5208/i11000101,point marker review / confirm sequence slot
arc200,110160,Filling the Quiver,class,data_or_stub,11016001,1,1,261.380005,-1264.699951,103,321,0,MapMarkerQuest,1100199,m00013,Visible,@5208/i11016001,quest sequence marker review / getSequenceMarkerList
arc200,110160,Filling the Quiver,class,data_or_stub,11016002,2,1,-1067.160034,-1764.699951,103,303,0,MapMarkerQuest,4000257,m00013,Visible,@5208/i11016002,quest sequence marker review / getSequenceMarkerList
arc200,110160,Filling the Quiver,class,data_or_stub,11016003,3,1,-1356.23999,-2104.540039,103,303,0,MapMarkerQuest,4000257,m00013,Visible,@5208/i11016003,quest sequence marker review / getSequenceMarkerList
arc200,110160,Filling the Quiver,class,data_or_stub,11016004,4,1,232.880005,-1268.939941,103,321,0,MapMarkerQuest,1400007,m00013,Visible,@5208/i11016004,quest sequence marker review / getSequenceMarkerList
arc200,110160,Filling the Quiver,class,data_or_stub,11016005,5,1,-431,187,101,121,0,MapMarker,1600179,m00013,Visible,@5208/i11000101,point marker review / confirm sequence slot
arc200,110160,Filling the Quiver,class,data_or_stub,11016006,6,1,-431,187,101,121,0,MapMarker,1600179,m00013,Visible,@5208/i11000101,point marker review / confirm sequence slot
arc200,110160,Filling the Quiver,class,data_or_stub,11016007,7,1,-431,187,101,121,0,MapMarker,1600179,m00013,Visible,@5208/i11000101,point marker review / confirm sequence slot
arc200,110160,Filling the Quiver,class,data_or_stub,11016008,8,1,-431,187,101,121,0,MapMarker,1600179,m00013,Visible,@5208/i11000101,point marker review / confirm sequence slot
arc200,110160,Filling the Quiver,class,data_or_stub,11016009,9,1,-431,187,101,121,0,MapMarker,1600179,m00013,Visible,@5208/i11000101,point marker review / confirm sequence slot
arc200,110160,Filling the Quiver,class,data_or_stub,11016010,10,1,-431,187,101,121,0,MapMarker,1600179,m00013,Visible,@5208/i11000101,point marker review / confirm sequence slot
arc200,110160,Filling the Quiver,class,data_or_stub,11016011,11,1,-431,187,101,121,0,MapMarker,1600179,m00013,Visible,@5208/i11000101,point marker review / confirm sequence slot
arc200,110160,Filling the Quiver,class,data_or_stub,11016012,12,1,-431,187,101,121,0,MapMarker,1600179,m00013,Visible,@5208/i11000101,point marker review / confirm sequence slot
arc200,110160,Filling the Quiver,class,data_or_stub,11016013,13,1,-431,187,101,121,0,MapMarker,1600179,m00013,Visible,@5208/i11000101,point marker review / confirm sequence slot
arc200,110160,Filling the Quiver,class,data_or_stub,11016014,14,1,-431,187,101,121,0,MapMarker,1600179,m00013,Visible,@5208/i11000101,point marker review / confirm sequence slot
arc200,110160,Filling the Quiver,class,data_or_stub,11016015,15,1,-431,187,101,121,0,MapMarker,1600179,m00013,Visible,@5208/i11000101,point marker review / confirm sequence slot
arc200,110160,Filling the Quiver,class,data_or_stub,11016016,16,1,-431,187,101,121,0,MapMarker,1600179,m00013,Visible,@5208/i11000101,point marker review / confirm sequence slot
arc200,110160,Filling the Quiver,class,data_or_stub,11016017,17,1,-431,187,101,121,0,MapMarker,1600179,m00013,Visible,@5208/i11000101,point marker review / confirm sequence slot
arc200,110160,Filling the Quiver,class,data_or_stub,11016018,18,1,-431,187,101,121,0,MapMarker,1600179,m00013,Visible,@5208/i11000101,point marker review / confirm sequence slot
arc200,110160,Filling the Quiver,class,data_or_stub,11016019,19,1,-431,187,101,121,0,MapMarker,1600179,m00013,Visible,@5208/i11000101,point marker review / confirm sequence slot
arc200,110160,Filling the Quiver,class,data_or_stub,11016020,20,1,-431,187,101,121,0,MapMarker,1600179,m00013,Visible,@5208/i11000101,point marker review / confirm sequence slot
arc300,110161,The Foreboding Forest,class,data_or_stub,11016101,1,1,261.380005,-1264.699951,103,321,0,MapMarkerQuest,1100199,m00013,Visible,@5208/i11016101,quest sequence marker review / getSequenceMarkerList
arc300,110161,The Foreboding Forest,class,data_or_stub,11016102,2,1,2463.370117,1217.619995,102,203,0,MapMarkerQuest,4000257,m00013,Visible,@5208/i11016102,quest sequence marker review / getSequenceMarkerList
arc300,110161,The Foreboding Forest,class,data_or_stub,11016103,3,1,2565.75,1319.579956,102,203,0,MapMarkerQuest,1200019,m00013,Visible,@5208/i11016103,quest sequence marker review / getSequenceMarkerList
arc300,110161,The Foreboding Forest,class,data_or_stub,11016104,4,1,2566.689941,1313.25,102,203,0,MapMarkerQuest,1100199,m00013,Visible,@5208/i11016104,quest sequence marker review / getSequenceMarkerList
arc300,110161,The Foreboding Forest,class,data_or_stub,11016105,5,1,2566.689941,1313.25,102,203,0,MapMarkerQuest,1100199,m00013,Visible,@5208/i11016105,quest sequence marker review / getSequenceMarkerList
arc300,110161,The Foreboding Forest,class,data_or_stub,11016106,6,1,-1602.119995,-1854.219971,103,303,0,MapMarkerQuest,4000257,m00013,Visible,@5208/i11016106,quest sequence marker review / getSequenceMarkerList
arc300,110161,The Foreboding Forest,class,data_or_stub,11016107,7,1,-1588.560059,-1913.51001,103,303,0,MapMarkerQuest,1100199,m00013,Visible,@5208/i11016107,quest sequence marker review / getSequenceMarkerList
arc300,110161,The Foreboding Forest,class,data_or_stub,11016108,8,1,232.880005,-1268.939941,103,321,0,MapMarkerQuest,1400007,m00013,Visible,@5208/i11016108,quest sequence marker review / getSequenceMarkerList
arc300,110161,The Foreboding Forest,class,data_or_stub,11016109,9,1,-431,187,101,121,0,MapMarker,1600179,m00013,Visible,@5208/i11000101,point marker review / confirm sequence slot
arc300,110161,The Foreboding Forest,class,data_or_stub,11016110,10,1,-431,187,101,121,0,MapMarker,1600179,m00013,Visible,@5208/i11000101,point marker review / confirm sequence slot
arc300,110161,The Foreboding Forest,class,data_or_stub,11016111,11,1,-431,187,101,121,0,MapMarker,1600179,m00013,Visible,@5208/i11000101,point marker review / confirm sequence slot
arc300,110161,The Foreboding Forest,class,data_or_stub,11016112,12,1,-431,187,101,121,0,MapMarker,1600179,m00013,Visible,@5208/i11000101,point marker review / confirm sequence slot
arc300,110161,The Foreboding Forest,class,data_or_stub,11016113,13,1,-431,187,101,121,0,MapMarker,1600179,m00013,Visible,@5208/i11000101,point marker review / confirm sequence slot
arc300,110161,The Foreboding Forest,class,data_or_stub,11016114,14,1,-431,187,101,121,0,MapMarker,1600179,m00013,Visible,@5208/i11000101,point marker review / confirm sequence slot
arc300,110161,The Foreboding Forest,class,data_or_stub,11016115,15,1,-431,187,101,121,0,MapMarker,1600179,m00013,Visible,@5208/i11000101,point marker review / confirm sequence slot
arc300,110161,The Foreboding Forest,class,data_or_stub,11016116,16,1,-431,187,101,121,0,MapMarker,1600179,m00013,Visible,@5208/i11000101,point marker review / confirm sequence slot
arc300,110161,The Foreboding Forest,class,data_or_stub,11016117,17,1,-431,187,101,121,0,MapMarker,1600179,m00013,Visible,@5208/i11000101,point marker review / confirm sequence slot
arc300,110161,The Foreboding Forest,class,data_or_stub,11016118,18,1,-431,187,101,121,0,MapMarker,1600179,m00013,Visible,@5208/i11000101,point marker review / confirm sequence slot
arc300,110161,The Foreboding Forest,class,data_or_stub,11016119,19,1,-431,187,101,121,0,MapMarker,1600179,m00013,Visible,@5208/i11000101,point marker review / confirm sequence slot
arc300,110161,The Foreboding Forest,class,data_or_stub,11016120,20,1,-431,187,101,121,0,MapMarker,1600179,m00013,Visible,@5208/i11000101,point marker review / confirm sequence slot
arc306,110162,There Can Be Only One,class,data_or_stub,11016201,1,1,-412.367004,-445.51001,103,301,0,MapMarkerQuest,4000257,m00013,Visible,@5208/i11016201,quest sequence marker review / getSequenceMarkerList
arc306,110162,There Can Be Only One,class,data_or_stub,11016202,2,1,-412.367004,-445.51001,103,301,0,MapMarkerQuest,4000257,m00013,Visible,@5208/i11016202,quest sequence marker review / getSequenceMarkerList
arc306,110162,There Can Be Only One,class,data_or_stub,11016203,3,1,226.949997,-1265,103,321,0,MapMarkerQuest,4000257,m00013,Visible,@5208/i11016203,quest sequence marker review / getSequenceMarkerList
arc306,110162,There Can Be Only One,class,data_or_stub,11016204,4,1,261.380005,-1264.699951,103,321,0,MapMarkerQuest,1100199,m00013,Visible,@5208/i11016204,quest sequence marker review / getSequenceMarkerList
arc306,110162,There Can Be Only One,class,data_or_stub,11016205,5,1,232.880005,-1268.939941,103,321,0,MapMarkerQuest,1400007,m00013,Visible,@5208/i11016205,quest sequence marker review / getSequenceMarkerList
arc306,110162,There Can Be Only One,class,data_or_stub,11016206,6,1,-383.130005,-542.289978,103,301,0,MapMarkerQuest,4000257,m00013,Visible,@5208/i11016206,quest sequence marker review / getSequenceMarkerList
arc306,110162,There Can Be Only One,class,data_or_stub,11016207,7,1,-431,187,101,121,0,MapMarker,1600179,m00013,Visible,@5208/i11000101,point marker review / confirm sequence slot
arc306,110162,There Can Be Only One,class,data_or_stub,11016208,8,1,-431,187,101,121,0,MapMarker,1600179,m00013,Visible,@5208/i11000101,point marker review / confirm sequence slot
arc306,110162,There Can Be Only One,class,data_or_stub,11016209,9,1,-431,187,101,121,0,MapMarker,1600179,m00013,Visible,@5208/i11000101,point marker review / confirm sequence slot
arc306,110162,There Can Be Only One,class,data_or_stub,11016210,10,1,-431,187,101,121,0,MapMarker,1600179,m00013,Visible,@5208/i11000101,point marker review / confirm sequence slot
arc306,110162,There Can Be Only One,class,data_or_stub,11016211,11,1,-431,187,101,121,0,MapMarker,1600179,m00013,Visible,@5208/i11000101,point marker review / confirm sequence slot
arc306,110162,There Can Be Only One,class,data_or_stub,11016212,12,1,-431,187,101,121,0,MapMarker,1600179,m00013,Visible,@5208/i11000101,point marker review / confirm sequence slot
arc306,110162,There Can Be Only One,class,data_or_stub,11016213,13,1,-431,187,101,121,0,MapMarker,1600179,m00013,Visible,@5208/i11000101,point marker review / confirm sequence slot
arc306,110162,There Can Be Only One,class,data_or_stub,11016214,14,1,-431,187,101,121,0,MapMarker,1600179,m00013,Visible,@5208/i11000101,point marker review / confirm sequence slot
arc306,110162,There Can Be Only One,class,data_or_stub,11016215,15,1,-431,187,101,121,0,MapMarker,1600179,m00013,Visible,@5208/i11000101,point marker review / confirm sequence slot
arc306,110162,There Can Be Only One,class,data_or_stub,11016216,16,1,-431,187,101,121,0,MapMarker,1600179,m00013,Visible,@5208/i11000101,point marker review / confirm sequence slot
arc306,110162,There Can Be Only One,class,data_or_stub,11016217,17,1,-431,187,101,121,0,MapMarker,1600179,m00013,Visible,@5208/i11000101,point marker review / confirm sequence slot
arc306,110162,There Can Be Only One,class,data_or_stub,11016218,18,1,-431,187,101,121,0,MapMarker,1600179,m00013,Visible,@5208/i11000101,point marker review / confirm sequence slot
arc306,110162,There Can Be Only One,class,data_or_stub,11016219,19,1,-431,187,101,121,0,MapMarker,1600179,m00013,Visible,@5208/i11000101,point marker review / confirm sequence slot
arc306,110162,There Can Be Only One,class,data_or_stub,11016220,20,1,-431,187,101,121,0,MapMarker,1600179,m00013,Visible,@5208/i11000101,point marker review / confirm sequence slot
bsm200,110320,An Ear for Quality,class,data_or_stub,11032001,1,1,-483.600006,404.420013,101,121,50,MapMarkerQuest,1400012,m00013,Visible,@5208/i11032001,quest sequence marker review / getSequenceMarkerList
bsm200,110320,An Ear for Quality,class,data_or_stub,11032002,2,1,-483.600006,404.420013,101,121,50,MapMarkerQuest,1400012,m00013,Visible,@5208/i11032002,quest sequence marker review / getSequenceMarkerList
bsm200,110320,An Ear for Quality,class,data_or_stub,11032003,3,1,-483.600006,404.420013,101,121,50,MapMarkerQuest,1400012,m00013,Visible,@5208/i11032003,quest sequence marker review / getSequenceMarkerList
bsm200,110320,An Ear for Quality,class,data_or_stub,11032004,4,1,-490.589996,420.709991,101,121,50,MapMarkerQuest,1100138,m00013,Visible,@5208/i11032004,quest sequence marker review / getSequenceMarkerList
bsm200,110320,An Ear for Quality,class,data_or_stub,11032005,5,1,-479.559998,437.140015,101,121,50,MapMarkerQuest,1000073,m00013,Visible,@5208/i11032005,quest sequence marker review / getSequenceMarkerList
bsm200,110320,An Ear for Quality,class,data_or_stub,11032006,6,1,-476.170013,436.859985,101,121,50,MapMarkerQuest,1500071,m00013,Visible,@5208/i11032006,quest sequence marker review / getSequenceMarkerList
bsm200,110320,An Ear for Quality,class,data_or_stub,11032007,7,1,-474.720001,431.369995,101,121,50,MapMarkerQuest,1300093,m00013,Visible,@5208/i11032007,quest sequence marker review / getSequenceMarkerList
bsm200,110320,An Ear for Quality,class,data_or_stub,11032008,8,1,-502.440002,436.76001,101,121,50,MapMarkerQuest,1600195,m00013,Visible,@5208/i11032008,quest sequence marker review / getSequenceMarkerList
bsm200,110320,An Ear for Quality,class,data_or_stub,11032009,9,1,-475.290009,436.079987,101,121,50,MapMarkerQuest,1500052,m00013,Visible,@5208/i11032009,quest sequence marker review / getSequenceMarkerList
bsm200,110320,An Ear for Quality,class,data_or_stub,11032010,10,1,-431,187,101,121,0,MapMarker,1600179,m00013,Visible,@5208/i11000101,point marker review / confirm sequence slot
bsm200,110320,An Ear for Quality,class,data_or_stub,11032011,11,1,-431,187,101,121,0,MapMarker,1600179,m00013,Visible,@5208/i11000101,point marker review / confirm sequence slot
bsm200,110320,An Ear for Quality,class,data_or_stub,11032012,12,1,-431,187,101,121,0,MapMarker,1600179,m00013,Visible,@5208/i11000101,point marker review / confirm sequence slot
bsm200,110320,An Ear for Quality,class,data_or_stub,11032013,13,1,-431,187,101,121,0,MapMarker,1600179,m00013,Visible,@5208/i11000101,point marker review / confirm sequence slot
bsm200,110320,An Ear for Quality,class,data_or_stub,11032014,14,1,-431,187,101,121,0,MapMarker,1600179,m00013,Visible,@5208/i11000101,point marker review / confirm sequence slot
bsm200,110320,An Ear for Quality,class,data_or_stub,11032015,15,1,-431,187,101,121,0,MapMarker,1600179,m00013,Visible,@5208/i11000101,point marker review / confirm sequence slot
bsm200,110320,An Ear for Quality,class,data_or_stub,11032016,16,1,-431,187,101,121,0,MapMarker,1600179,m00013,Visible,@5208/i11000101,point marker review / confirm sequence slot
bsm200,110320,An Ear for Quality,class,data_or_stub,11032017,17,1,-431,187,101,121,0,MapMarker,1600179,m00013,Visible,@5208/i11000101,point marker review / confirm sequence slot
bsm200,110320,An Ear for Quality,class,data_or_stub,11032018,18,1,-431,187,101,121,0,MapMarker,1600179,m00013,Visible,@5208/i11000101,point marker review / confirm sequence slot
bsm200,110320,An Ear for Quality,class,data_or_stub,11032019,19,1,-431,187,101,121,0,MapMarker,1600179,m00013,Visible,@5208/i11000101,point marker review / confirm sequence slot
bsm200,110320,An Ear for Quality,class,data_or_stub,11032020,20,1,-431,187,101,121,0,MapMarker,1600179,m00013,Visible,@5208/i11000101,point marker review / confirm sequence slot
bsm300,110321,Song of the Sirens,class,data_or_stub,11032101,1,1,-483.600006,404.420013,101,121,50,MapMarkerQuest,1400012,m00013,Visible,@5208/i11032101,quest sequence marker review / getSequenceMarkerList
bsm300,110321,Song of the Sirens,class,data_or_stub,11032102,2,1,-92.379997,313.429993,104,421,0,MapMarkerQuest,1100016,m00013,Visible,@5208/i11032102,quest sequence marker review / getSequenceMarkerList
bsm300,110321,Song of the Sirens,class,data_or_stub,11032103,3,1,92.779999,-1030.310059,104,401,0,MapMarkerQuest,1900018,m00013,Visible,@5208/i11032103,quest sequence marker review / getSequenceMarkerList
bsm300,110321,Song of the Sirens,class,data_or_stub,11032104,4,1,-483.600006,404.420013,101,121,50,MapMarkerQuest,1400012,m00013,Visible,@5208/i11032104,quest sequence marker review / getSequenceMarkerList
bsm300,110321,Song of the Sirens,class,data_or_stub,11032105,5,1,-823.76001,191.839996,101,121,0,MapMarkerQuest,4000212,m00013,Visible,@5208/i11032105,quest sequence marker review / getSequenceMarkerList
bsm300,110321,Song of the Sirens,class,data_or_stub,11032106,6,1,-483.600006,404.420013,101,121,50,MapMarkerQuest,1400012,m00013,Visible,@5208/i11032106,quest sequence marker review / getSequenceMarkerList
bsm300,110321,Song of the Sirens,class,data_or_stub,11032107,7,1,302,-1228,104,412,0,MapMarkerQuest,4000257,m00013,Visible,@5208/i11032107,quest sequence marker review / getSequenceMarkerList
bsm300,110321,Song of the Sirens,class,data_or_stub,11032108,8,1,303.670013,-1181.869995,104,412,0,MapMarkerQuest,4000257,m00013,Visible,@5208/i11032108,quest sequence marker review / getSequenceMarkerList
bsm300,110321,Song of the Sirens,class,data_or_stub,11032109,9,1,-807.659973,234.419998,101,121,0,MapMarkerQuest,4000257,m00013,Visible,@5208/i11032109,quest sequence marker review / getSequenceMarkerList
bsm300,110321,Song of the Sirens,class,data_or_stub,11032110,10,1,305.450012,-1247.180054,104,412,0,MapMarkerQuest,4000209,m00013,Visible,@5208/i11032110,quest sequence marker review / getSequenceMarkerList
bsm300,110321,Song of the Sirens,class,data_or_stub,11032111,11,1,306.730011,-1222.859985,104,412,0,MapMarkerQuest,4000204,m00013,Visible,@5208/i11032111,quest sequence marker review / getSequenceMarkerList
bsm300,110321,Song of the Sirens,class,data_or_stub,11032112,12,1,292.649994,-1228.439941,104,412,0,MapMarkerQuest,4000205,m00013,Visible,@5208/i11032112,quest sequence marker review / getSequenceMarkerList
bsm300,110321,Song of the Sirens,class,data_or_stub,11032113,13,1,-431,187,101,121,0,MapMarker,1600179,m00013,Visible,@5208/i11000101,point marker review / confirm sequence slot
bsm300,110321,Song of the Sirens,class,data_or_stub,11032114,14,1,-431,187,101,121,0,MapMarker,1600179,m00013,Visible,@5208/i11000101,point marker review / confirm sequence slot
bsm300,110321,Song of the Sirens,class,data_or_stub,11032115,15,1,-431,187,101,121,0,MapMarker,1600179,m00013,Visible,@5208/i11000101,point marker review / confirm sequence slot
bsm300,110321,Song of the Sirens,class,data_or_stub,11032116,16,1,-431,187,101,121,0,MapMarker,1600179,m00013,Visible,@5208/i11000101,point marker review / confirm sequence slot
bsm300,110321,Song of the Sirens,class,data_or_stub,11032117,17,1,-431,187,101,121,0,MapMarker,1600179,m00013,Visible,@5208/i11000101,point marker review / confirm sequence slot
bsm300,110321,Song of the Sirens,class,data_or_stub,11032118,18,1,-431,187,101,121,0,MapMarker,1600179,m00013,Visible,@5208/i11000101,point marker review / confirm sequence slot
bsm300,110321,Song of the Sirens,class,data_or_stub,11032119,19,1,-431,187,101,121,0,MapMarker,1600179,m00013,Visible,@5208/i11000101,point marker review / confirm sequence slot
bsm300,110321,Song of the Sirens,class,data_or_stub,11032120,20,1,-431,187,101,121,0,MapMarker,1600179,m00013,Visible,@5208/i11000101,point marker review / confirm sequence slot
bsm306,110322,The Sound of Silence,class,data_or_stub,11032201,1,1,-483.600006,404.420013,101,121,50,MapMarkerQuest,1400012,m00013,Visible,@5208/i11032201,quest sequence marker review / getSequenceMarkerList
bsm306,110322,The Sound of Silence,class,data_or_stub,11032202,2,1,-483.600006,404.420013,101,121,50,MapMarkerQuest,1400012,m00013,Visible,@5208/i11032202,quest sequence marker review / getSequenceMarkerList
bsm306,110322,The Sound of Silence,class,data_or_stub,11032203,3,1,-431,187,101,121,0,MapMarker,1600179,m00013,Visible,@5208/i11000101,point marker review / confirm sequence slot
bsm306,110322,The Sound of Silence,class,data_or_stub,11032204,4,1,-431,187,101,121,0,MapMarker,1600179,m00013,Visible,@5208/i11000101,point marker review / confirm sequence slot
bsm306,110322,The Sound of Silence,class,data_or_stub,11032205,5,1,-483.600006,404.420013,101,121,50,MapMarkerQuest,1400012,m00013,Visible,@5208/i11032205,quest sequence marker review / getSequenceMarkerList
bsm306,110322,The Sound of Silence,class,data_or_stub,11032206,6,1,-490.380005,417.809998,101,121,50,MapMarkerQuest,4000257,m00013,Visible,@5208/i11032206,quest sequence marker review / getSequenceMarkerList
bsm306,110322,The Sound of Silence,class,data_or_stub,11032207,7,1,-431,187,101,121,0,MapMarker,1600179,m00013,Visible,@5208/i11000101,point marker review / confirm sequence slot
bsm306,110322,The Sound of Silence,class,data_or_stub,11032208,8,1,-431,187,101,121,0,MapMarker,1600179,m00013,Visible,@5208/i11000101,point marker review / confirm sequence slot
bsm306,110322,The Sound of Silence,class,data_or_stub,11032209,9,1,-431,187,101,121,0,MapMarker,1600179,m00013,Visible,@5208/i11000101,point marker review / confirm sequence slot
bsm306,110322,The Sound of Silence,class,data_or_stub,11032210,10,1,-431,187,101,121,0,MapMarker,1600179,m00013,Visible,@5208/i11000101,point marker review / confirm sequence slot
bsm306,110322,The Sound of Silence,class,data_or_stub,11032211,11,1,-431,187,101,121,0,MapMarker,1600179,m00013,Visible,@5208/i11000101,point marker review / confirm sequence slot
bsm306,110322,The Sound of Silence,class,data_or_stub,11032212,12,1,-431,187,101,121,0,MapMarker,1600179,m00013,Visible,@5208/i11000101,point marker review / confirm sequence slot
bsm306,110322,The Sound of Silence,class,data_or_stub,11032213,13,1,-431,187,101,121,0,MapMarker,1600179,m00013,Visible,@5208/i11000101,point marker review / confirm sequence slot
bsm306,110322,The Sound of Silence,class,data_or_stub,11032214,14,1,-431,187,101,121,0,MapMarker,1600179,m00013,Visible,@5208/i11000101,point marker review / confirm sequence slot
bsm306,110322,The Sound of Silence,class,data_or_stub,11032215,15,1,-431,187,101,121,0,MapMarker,1600179,m00013,Visible,@5208/i11000101,point marker review / confirm sequence slot
bsm306,110322,The Sound of Silence,class,data_or_stub,11032216,16,1,-431,187,101,121,0,MapMarker,1600179,m00013,Visible,@5208/i11000101,point marker review / confirm sequence slot
bsm306,110322,The Sound of Silence,class,data_or_stub,11032217,17,1,-431,187,101,121,0,MapMarker,1600179,m00013,Visible,@5208/i11000101,point marker review / confirm sequence slot
bsm306,110322,The Sound of Silence,class,data_or_stub,11032218,18,1,-431,187,101,121,0,MapMarker,1600179,m00013,Visible,@5208/i11000101,point marker review / confirm sequence slot
bsm306,110322,The Sound of Silence,class,data_or_stub,11032219,19,1,-431,187,101,121,0,MapMarker,1600179,m00013,Visible,@5208/i11000101,point marker review / confirm sequence slot
bsm306,110322,The Sound of Silence,class,data_or_stub,11032220,20,1,-431,187,101,121,0,MapMarker,1600179,m00013,Visible,@5208/i11000101,point marker review / confirm sequence slot
cnj200,110260,Dendrological Duties,class,data_or_stub,11026001,1,1,-354,-1698,103,321,0,MapMarkerQuest,1000415,m00013,Visible,@5208/i11026001,quest sequence marker review / getSequenceMarkerList
cnj200,110260,Dendrological Duties,class,data_or_stub,11026002,2,1,726,-850,103,301,0,MapMarkerQuest,4000257,m00013,Visible,@5208/i11026002,quest sequence marker review / getSequenceMarkerList
cnj200,110260,Dendrological Duties,class,data_or_stub,11026003,3,1,-354,-1698,103,321,0,MapMarkerQuest,1000415,m00013,Visible,@5208/i11026003,quest sequence marker review / getSequenceMarkerList
cnj200,110260,Dendrological Duties,class,data_or_stub,11026004,4,1,-331,-1683,103,321,0,MapMarkerQuest,1300064,m00013,Visible,@5208/i11026004,quest sequence marker review / getSequenceMarkerList
cnj200,110260,Dendrological Duties,class,data_or_stub,11026005,5,1,-431,187,101,121,0,MapMarker,1600179,m00013,Visible,@5208/i11000101,point marker review / confirm sequence slot
cnj200,110260,Dendrological Duties,class,data_or_stub,11026006,6,1,-431,187,101,121,0,MapMarker,1600179,m00013,Visible,@5208/i11000101,point marker review / confirm sequence slot
cnj200,110260,Dendrological Duties,class,data_or_stub,11026007,7,1,-431,187,101,121,0,MapMarker,1600179,m00013,Visible,@5208/i11000101,point marker review / confirm sequence slot
cnj200,110260,Dendrological Duties,class,data_or_stub,11026008,8,1,-431,187,101,121,0,MapMarker,1600179,m00013,Visible,@5208/i11000101,point marker review / confirm sequence slot
cnj200,110260,Dendrological Duties,class,data_or_stub,11026009,9,1,-431,187,101,121,0,MapMarker,1600179,m00013,Visible,@5208/i11000101,point marker review / confirm sequence slot
cnj200,110260,Dendrological Duties,class,data_or_stub,11026010,10,1,-431,187,101,121,0,MapMarker,1600179,m00013,Visible,@5208/i11000101,point marker review / confirm sequence slot
cnj200,110260,Dendrological Duties,class,data_or_stub,11026011,11,1,-431,187,101,121,0,MapMarker,1600179,m00013,Visible,@5208/i11000101,point marker review / confirm sequence slot
cnj200,110260,Dendrological Duties,class,data_or_stub,11026012,12,1,-431,187,101,121,0,MapMarker,1600179,m00013,Visible,@5208/i11000101,point marker review / confirm sequence slot
cnj200,110260,Dendrological Duties,class,data_or_stub,11026013,13,1,-431,187,101,121,0,MapMarker,1600179,m00013,Visible,@5208/i11000101,point marker review / confirm sequence slot
cnj200,110260,Dendrological Duties,class,data_or_stub,11026014,14,1,-431,187,101,121,0,MapMarker,1600179,m00013,Visible,@5208/i11000101,point marker review / confirm sequence slot
cnj200,110260,Dendrological Duties,class,data_or_stub,11026015,15,1,-431,187,101,121,0,MapMarker,1600179,m00013,Visible,@5208/i11000101,point marker review / confirm sequence slot
cnj200,110260,Dendrological Duties,class,data_or_stub,11026016,16,1,-431,187,101,121,0,MapMarker,1600179,m00013,Visible,@5208/i11000101,point marker review / confirm sequence slot
cnj200,110260,Dendrological Duties,class,data_or_stub,11026017,17,1,-431,187,101,121,0,MapMarker,1600179,m00013,Visible,@5208/i11000101,point marker review / confirm sequence slot
cnj200,110260,Dendrological Duties,class,data_or_stub,11026018,18,1,-431,187,101,121,0,MapMarker,1600179,m00013,Visible,@5208/i11000101,point marker review / confirm sequence slot
cnj200,110260,Dendrological Duties,class,data_or_stub,11026019,19,1,-431,187,101,121,0,MapMarker,1600179,m00013,Visible,@5208/i11000101,point marker review / confirm sequence slot
cnj200,110260,Dendrological Duties,class,data_or_stub,11026020,20,1,-431,187,101,121,0,MapMarker,1600179,m00013,Visible,@5208/i11000101,point marker review / confirm sequence slot
cnj300,110261,"Good Knight, Sweet Dreams",class,data_or_stub,11026101,1,1,-792,-1070,103,301,0,MapMarkerQuest,4000257,m00013,Visible,@5208/i11026101,quest sequence marker review / getSequenceMarkerList
cnj300,110261,"Good Knight, Sweet Dreams",class,data_or_stub,11026102,2,1,-543.789978,-511.350006,103,301,0,MapMarkerQuest,4000257,m00013,Visible,@5208/i11026102,quest sequence marker review / getSequenceMarkerList
cnj300,110261,"Good Knight, Sweet Dreams",class,data_or_stub,11026103,3,1,-331,-1683,103,321,0,MapMarkerQuest,1300064,m00013,Visible,@5208/i11026103,quest sequence marker review / getSequenceMarkerList
cnj300,110261,"Good Knight, Sweet Dreams",class,data_or_stub,11026104,4,1,2454,1209,102,203,0,MapMarkerQuest,4000257,m00013,Visible,@5208/i11026104,quest sequence marker review / getSequenceMarkerList
cnj300,110261,"Good Knight, Sweet Dreams",class,data_or_stub,11026105,5,1,2573.25,1305.790039,102,203,0,MapMarkerQuest,4000470,m00013,Visible,@5208/i11026105,quest sequence marker review / getSequenceMarkerList
cnj300,110261,"Good Knight, Sweet Dreams",class,data_or_stub,11026106,6,1,-1602.119995,-1854.219971,103,303,0,MapMarkerQuest,4000257,m00013,Visible,@5208/i11026106,quest sequence marker review / getSequenceMarkerList
cnj300,110261,"Good Knight, Sweet Dreams",class,data_or_stub,11026107,7,1,-331,-1683,103,321,0,MapMarkerQuest,1300064,m00013,Visible,@5208/i11026107,quest sequence marker review / getSequenceMarkerList
cnj300,110261,"Good Knight, Sweet Dreams",class,data_or_stub,11026108,8,1,-431,187,101,121,0,MapMarker,1600179,m00013,Visible,@5208/i11000101,point marker review / confirm sequence slot
cnj300,110261,"Good Knight, Sweet Dreams",class,data_or_stub,11026109,9,1,-431,187,101,121,0,MapMarker,1600179,m00013,Visible,@5208/i11000101,point marker review / confirm sequence slot
cnj300,110261,"Good Knight, Sweet Dreams",class,data_or_stub,11026110,10,1,-431,187,101,121,0,MapMarker,1600179,m00013,Visible,@5208/i11000101,point marker review / confirm sequence slot
cnj300,110261,"Good Knight, Sweet Dreams",class,data_or_stub,11026111,11,1,-431,187,101,121,0,MapMarker,1600179,m00013,Visible,@5208/i11000101,point marker review / confirm sequence slot
cnj300,110261,"Good Knight, Sweet Dreams",class,data_or_stub,11026112,12,1,-431,187,101,121,0,MapMarker,1600179,m00013,Visible,@5208/i11000101,point marker review / confirm sequence slot
cnj300,110261,"Good Knight, Sweet Dreams",class,data_or_stub,11026113,13,1,-431,187,101,121,0,MapMarker,1600179,m00013,Visible,@5208/i11000101,point marker review / confirm sequence slot
cnj300,110261,"Good Knight, Sweet Dreams",class,data_or_stub,11026114,14,1,-431,187,101,121,0,MapMarker,1600179,m00013,Visible,@5208/i11000101,point marker review / confirm sequence slot
cnj300,110261,"Good Knight, Sweet Dreams",class,data_or_stub,11026115,15,1,-431,187,101,121,0,MapMarker,1600179,m00013,Visible,@5208/i11000101,point marker review / confirm sequence slot
cnj300,110261,"Good Knight, Sweet Dreams",class,data_or_stub,11026116,16,1,-431,187,101,121,0,MapMarker,1600179,m00013,Visible,@5208/i11000101,point marker review / confirm sequence slot
cnj300,110261,"Good Knight, Sweet Dreams",class,data_or_stub,11026117,17,1,-431,187,101,121,0,MapMarker,1600179,m00013,Visible,@5208/i11000101,point marker review / confirm sequence slot
cnj300,110261,"Good Knight, Sweet Dreams",class,data_or_stub,11026118,18,1,-431,187,101,121,0,MapMarker,1600179,m00013,Visible,@5208/i11000101,point marker review / confirm sequence slot
cnj300,110261,"Good Knight, Sweet Dreams",class,data_or_stub,11026119,19,1,-431,187,101,121,0,MapMarker,1600179,m00013,Visible,@5208/i11000101,point marker review / confirm sequence slot
cnj300,110261,"Good Knight, Sweet Dreams",class,data_or_stub,11026120,20,1,-431,187,101,121,0,MapMarker,1600179,m00013,Visible,@5208/i11000101,point marker review / confirm sequence slot
cnj306,110262,The Call of Nature,class,data_or_stub,11026201,1,1,-346,-1705,103,321,0,MapMarkerQuest,1000141,m00013,Visible,@5208/i11026201,quest sequence marker review / getSequenceMarkerList
cnj306,110262,The Call of Nature,class,data_or_stub,11026202,2,1,-543.789978,-511.350006,103,301,0,MapMarkerQuest,4000257,m00013,Visible,@5208/i11026202,quest sequence marker review / getSequenceMarkerList
cnj306,110262,The Call of Nature,class,data_or_stub,11026203,3,1,-1067,-1765,103,303,0,MapMarkerQuest,4000257,m00013,Visible,@5208/i11026203,quest sequence marker review / getSequenceMarkerList
cnj306,110262,The Call of Nature,class,data_or_stub,11026204,4,1,-543.789978,-511.350006,103,301,0,MapMarkerQuest,4000257,m00013,Visible,@5208/i11026204,quest sequence marker review / getSequenceMarkerList
cnj306,110262,The Call of Nature,class,data_or_stub,11026205,5,1,-583,-440,103,301,0,MapMarkerQuest,1000175,m00013,Visible,@5208/i11026205,quest sequence marker review / getSequenceMarkerList
cnj306,110262,The Call of Nature,class,data_or_stub,11026206,6,1,-580,-444,103,301,0,MapMarkerQuest,4000257,m00013,Visible,@5208/i11026206,quest sequence marker review / getSequenceMarkerList
cnj306,110262,The Call of Nature,class,data_or_stub,11026207,7,1,-346,-1705,103,321,0,MapMarkerQuest,1000141,m00013,Visible,@5208/i11026207,quest sequence marker review / getSequenceMarkerList
cnj306,110262,The Call of Nature,class,data_or_stub,11026208,8,1,-331,-1683,103,321,0,MapMarkerQuest,1300064,m00013,Visible,@5208/i11026208,quest sequence marker review / getSequenceMarkerList
cnj306,110262,The Call of Nature,class,data_or_stub,11026209,9,1,-431,187,101,121,0,MapMarker,1600179,m00013,Visible,@5208/i11000101,point marker review / confirm sequence slot
cnj306,110262,The Call of Nature,class,data_or_stub,11026210,10,1,-431,187,101,121,0,MapMarker,1600179,m00013,Visible,@5208/i11000101,point marker review / confirm sequence slot
cnj306,110262,The Call of Nature,class,data_or_stub,11026211,11,1,-431,187,101,121,0,MapMarker,1600179,m00013,Visible,@5208/i11000101,point marker review / confirm sequence slot
cnj306,110262,The Call of Nature,class,data_or_stub,11026212,12,1,-431,187,101,121,0,MapMarker,1600179,m00013,Visible,@5208/i11000101,point marker review / confirm sequence slot
cnj306,110262,The Call of Nature,class,data_or_stub,11026213,13,1,-431,187,101,121,0,MapMarker,1600179,m00013,Visible,@5208/i11000101,point marker review / confirm sequence slot
cnj306,110262,The Call of Nature,class,data_or_stub,11026214,14,1,-431,187,101,121,0,MapMarker,1600179,m00013,Visible,@5208/i11000101,point marker review / confirm sequence slot
cnj306,110262,The Call of Nature,class,data_or_stub,11026215,15,1,-431,187,101,121,0,MapMarker,1600179,m00013,Visible,@5208/i11000101,point marker review / confirm sequence slot
cnj306,110262,The Call of Nature,class,data_or_stub,11026216,16,1,-431,187,101,121,0,MapMarker,1600179,m00013,Visible,@5208/i11000101,point marker review / confirm sequence slot
cnj306,110262,The Call of Nature,class,data_or_stub,11026217,17,1,-431,187,101,121,0,MapMarker,1600179,m00013,Visible,@5208/i11000101,point marker review / confirm sequence slot
cnj306,110262,The Call of Nature,class,data_or_stub,11026218,18,1,-431,187,101,121,0,MapMarker,1600179,m00013,Visible,@5208/i11000101,point marker review / confirm sequence slot
cnj306,110262,The Call of Nature,class,data_or_stub,11026219,19,1,-431,187,101,121,0,MapMarker,1600179,m00013,Visible,@5208/i11000101,point marker review / confirm sequence slot
cnj306,110262,The Call of Nature,class,data_or_stub,11026220,20,1,-431,187,101,121,0,MapMarker,1600179,m00013,Visible,@5208/i11000101,point marker review / confirm sequence slot
cul200,110440,Showdown,class,data_or_stub,11044001,1,1,-507,40.25,101,121,50,MapMarkerQuest,1100450,m00013,Visible,@5208/i11044001,quest sequence marker review / getSequenceMarkerList
cul200,110440,Showdown,class,data_or_stub,11044002,2,1,-509.420013,42.900002,101,121,50,MapMarkerQuest,1100408,m00013,Visible,@5208/i11044002,quest sequence marker review / getSequenceMarkerList
cul200,110440,Showdown,class,data_or_stub,11044003,3,1,-507,40.25,101,121,50,MapMarkerQuest,1100450,m00013,Visible,@5208/i11044003,quest sequence marker review / getSequenceMarkerList
cul200,110440,Showdown,class,data_or_stub,11044004,4,1,-509.420013,42.900002,101,121,50,MapMarkerQuest,1100408,m00013,Visible,@5208/i11044004,quest sequence marker review / getSequenceMarkerList
cul200,110440,Showdown,class,data_or_stub,11044005,5,1,-507,40.25,101,121,50,MapMarkerQuest,1100450,m00013,Visible,@5208/i11044005,quest sequence marker review / getSequenceMarkerList
cul200,110440,Showdown,class,data_or_stub,11044006,6,1,-509.420013,42.900002,101,121,50,MapMarkerQuest,1100408,m00013,Visible,@5208/i11044006,quest sequence marker review / getSequenceMarkerList
cul200,110440,Showdown,class,data_or_stub,11044007,7,1,-495.089996,30.639999,101,121,50,MapMarkerQuest,4000257,m00013,Visible,@5208/i11044007,quest sequence marker review / getSequenceMarkerList
cul200,110440,Showdown,class,data_or_stub,11044008,8,1,-495.089996,30.639999,101,121,50,MapMarkerQuest,1100450,m00013,Visible,@5208/i11044008,quest sequence marker review / getSequenceMarkerList
cul200,110440,Showdown,class,data_or_stub,11044009,9,1,-431,187,101,121,0,MapMarker,1600179,m00013,Visible,@5208/i11000101,point marker review / confirm sequence slot
cul200,110440,Showdown,class,data_or_stub,11044010,10,1,-431,187,101,121,0,MapMarker,1600179,m00013,Visible,@5208/i11000101,point marker review / confirm sequence slot
cul200,110440,Showdown,class,data_or_stub,11044011,11,1,-431,187,101,121,0,MapMarker,1600179,m00013,Visible,@5208/i11000101,point marker review / confirm sequence slot
cul200,110440,Showdown,class,data_or_stub,11044012,12,1,-431,187,101,121,0,MapMarker,1600179,m00013,Visible,@5208/i11000101,point marker review / confirm sequence slot
cul200,110440,Showdown,class,data_or_stub,11044013,13,1,-431,187,101,121,0,MapMarker,1600179,m00013,Visible,@5208/i11000101,point marker review / confirm sequence slot
cul200,110440,Showdown,class,data_or_stub,11044014,14,1,-431,187,101,121,0,MapMarker,1600179,m00013,Visible,@5208/i11000101,point marker review / confirm sequence slot
cul200,110440,Showdown,class,data_or_stub,11044015,15,1,-431,187,101,121,0,MapMarker,1600179,m00013,Visible,@5208/i11000101,point marker review / confirm sequence slot
cul200,110440,Showdown,class,data_or_stub,11044016,16,1,-431,187,101,121,0,MapMarker,1600179,m00013,Visible,@5208/i11000101,point marker review / confirm sequence slot
cul200,110440,Showdown,class,data_or_stub,11044017,17,1,-431,187,101,121,0,MapMarker,1600179,m00013,Visible,@5208/i11000101,point marker review / confirm sequence slot
cul200,110440,Showdown,class,data_or_stub,11044018,18,1,-431,187,101,121,0,MapMarker,1600179,m00013,Visible,@5208/i11000101,point marker review / confirm sequence slot
cul200,110440,Showdown,class,data_or_stub,11044019,19,1,-431,187,101,121,0,MapMarker,1600179,m00013,Visible,@5208/i11000101,point marker review / confirm sequence slot
cul200,110440,Showdown,class,data_or_stub,11044020,20,1,-431,187,101,121,0,MapMarker,1600179,m00013,Visible,@5208/i11000101,point marker review / confirm sequence slot
cul300,110441,Mystery of the Gastronome Gone Home,class,data_or_stub,11044101,1,1,-507,40.25,101,121,50,MapMarkerQuest,1100450,m00013,Visible,@5208/i11044101,quest sequence marker review / getSequenceMarkerList
cul300,110441,Mystery of the Gastronome Gone Home,class,data_or_stub,11044102,2,1,-511.160004,27.91,101,121,50,MapMarkerQuest,1000066,m00013,Visible,@5208/i11044102,quest sequence marker review / getSequenceMarkerList
cul300,110441,Mystery of the Gastronome Gone Home,class,data_or_stub,11044103,3,1,38.84,257.890015,104,421,0,MapMarkerQuest,1300034,m00013,Visible,@5208/i11044103,quest sequence marker review / getSequenceMarkerList
cul300,110441,Mystery of the Gastronome Gone Home,class,data_or_stub,11044104,4,1,64.82,251.899994,104,421,0,MapMarkerQuest,4000063,m00013,Visible,@5208/i11044104,quest sequence marker review / getSequenceMarkerList
cul300,110441,Mystery of the Gastronome Gone Home,class,data_or_stub,11044105,5,1,-511.160004,27.91,101,121,50,MapMarkerQuest,1000066,m00013,Visible,@5208/i11044105,quest sequence marker review / getSequenceMarkerList
cul300,110441,Mystery of the Gastronome Gone Home,class,data_or_stub,11044106,6,1,-491.079987,39.040001,101,121,50,MapMarkerQuest,4000257,m00013,Visible,@5208/i11044106,quest sequence marker review / getSequenceMarkerList
cul300,110441,Mystery of the Gastronome Gone Home,class,data_or_stub,11044107,7,1,-511.160004,27.91,101,121,50,MapMarkerQuest,1000066,m00013,Visible,@5208/i11044107,quest sequence marker review / getSequenceMarkerList
cul300,110441,Mystery of the Gastronome Gone Home,class,data_or_stub,11044108,8,1,-431,187,101,121,0,MapMarker,1600179,m00013,Visible,@5208/i11000101,point marker review / confirm sequence slot
cul300,110441,Mystery of the Gastronome Gone Home,class,data_or_stub,11044109,9,1,-431,187,101,121,0,MapMarker,1600179,m00013,Visible,@5208/i11000101,point marker review / confirm sequence slot
cul300,110441,Mystery of the Gastronome Gone Home,class,data_or_stub,11044110,10,1,-431,187,101,121,0,MapMarker,1600179,m00013,Visible,@5208/i11000101,point marker review / confirm sequence slot
cul300,110441,Mystery of the Gastronome Gone Home,class,data_or_stub,11044111,11,1,-431,187,101,121,0,MapMarker,1600179,m00013,Visible,@5208/i11000101,point marker review / confirm sequence slot
cul300,110441,Mystery of the Gastronome Gone Home,class,data_or_stub,11044112,12,1,-431,187,101,121,0,MapMarker,1600179,m00013,Visible,@5208/i11000101,point marker review / confirm sequence slot
cul300,110441,Mystery of the Gastronome Gone Home,class,data_or_stub,11044113,13,1,-431,187,101,121,0,MapMarker,1600179,m00013,Visible,@5208/i11000101,point marker review / confirm sequence slot
cul300,110441,Mystery of the Gastronome Gone Home,class,data_or_stub,11044114,14,1,-431,187,101,121,0,MapMarker,1600179,m00013,Visible,@5208/i11000101,point marker review / confirm sequence slot
cul300,110441,Mystery of the Gastronome Gone Home,class,data_or_stub,11044115,15,1,-431,187,101,121,0,MapMarker,1600179,m00013,Visible,@5208/i11000101,point marker review / confirm sequence slot
cul300,110441,Mystery of the Gastronome Gone Home,class,data_or_stub,11044116,16,1,-431,187,101,121,0,MapMarker,1600179,m00013,Visible,@5208/i11000101,point marker review / confirm sequence slot
cul300,110441,Mystery of the Gastronome Gone Home,class,data_or_stub,11044117,17,1,-431,187,101,121,0,MapMarker,1600179,m00013,Visible,@5208/i11000101,point marker review / confirm sequence slot
cul300,110441,Mystery of the Gastronome Gone Home,class,data_or_stub,11044118,18,1,-431,187,101,121,0,MapMarker,1600179,m00013,Visible,@5208/i11000101,point marker review / confirm sequence slot
cul300,110441,Mystery of the Gastronome Gone Home,class,data_or_stub,11044119,19,1,-431,187,101,121,0,MapMarker,1600179,m00013,Visible,@5208/i11000101,point marker review / confirm sequence slot
cul300,110441,Mystery of the Gastronome Gone Home,class,data_or_stub,11044120,20,1,-431,187,101,121,0,MapMarker,1600179,m00013,Visible,@5208/i11000101,point marker review / confirm sequence slot
cul306,110442,Something in the Soup,class,data_or_stub,11044201,1,1,-507,40.25,101,121,50,MapMarkerQuest,1100450,m00013,Visible,@5208/i11044201,quest sequence marker review / getSequenceMarkerList
cul306,110442,Something in the Soup,class,data_or_stub,11044202,2,1,-511.709991,29.5,101,121,50,MapMarkerQuest,4000257,m00013,Visible,@5208/i11044202,quest sequence marker review / getSequenceMarkerList
cul306,110442,Something in the Soup,class,data_or_stub,11044203,3,1,-567.900024,108.089996,101,121,0,MapMarkerQuest,4000257,m00013,Visible,@5208/i11044203,quest sequence marker review / getSequenceMarkerList
cul306,110442,Something in the Soup,class,data_or_stub,11044204,4,1,-597.400024,59.630001,101,121,0,MapMarkerQuest,1100450,m00013,Visible,@5208/i11044204,quest sequence marker review / getSequenceMarkerList
cul306,110442,Something in the Soup,class,data_or_stub,11044205,5,1,-511.799988,106.739998,101,121,0,MapMarkerQuest,4000257,m00013,Visible,@5208/i11044205,quest sequence marker review / getSequenceMarkerList
cul306,110442,Something in the Soup,class,data_or_stub,11044206,6,1,-510.070007,30.389999,101,121,50,MapMarkerQuest,1000066,m00013,Visible,@5208/i11044206,quest sequence marker review / getSequenceMarkerList
cul306,110442,Something in the Soup,class,data_or_stub,11044207,7,1,-527.340027,83,101,121,50,MapMarkerQuest,4000257,m00013,Visible,@5208/i11044207,quest sequence marker review / getSequenceMarkerList
cul306,110442,Something in the Soup,class,data_or_stub,11044208,8,1,-511.029999,38.279999,101,121,50,MapMarkerQuestArea,4000257,m00018,Visible,@5208/i11044208,marker table review
cul306,110442,Something in the Soup,class,data_or_stub,11044209,9,1,-510.350006,36.029999,101,121,50,MapMarkerQuest,2200116,m00013,Visible,@5208/i11044209,quest sequence marker review / getSequenceMarkerList
cul306,110442,Something in the Soup,class,data_or_stub,11044210,10,1,-506.149994,33.880001,101,121,50,MapMarkerQuest,1900042,m00013,Visible,@5208/i11044210,quest sequence marker review / getSequenceMarkerList
cul306,110442,Something in the Soup,class,data_or_stub,11044211,11,1,-506.140015,39.32,101,121,50,MapMarkerQuest,1300040,m00013,Visible,@5208/i11044211,quest sequence marker review / getSequenceMarkerList
cul306,110442,Something in the Soup,class,data_or_stub,11044212,12,1,-431,187,101,121,0,MapMarker,1600179,m00013,Visible,@5208/i11000101,point marker review / confirm sequence slot
cul306,110442,Something in the Soup,class,data_or_stub,11044213,13,1,-431,187,101,121,0,MapMarker,1600179,m00013,Visible,@5208/i11000101,point marker review / confirm sequence slot
cul306,110442,Something in the Soup,class,data_or_stub,11044214,14,1,-431,187,101,121,0,MapMarker,1600179,m00013,Visible,@5208/i11000101,point marker review / confirm sequence slot
cul306,110442,Something in the Soup,class,data_or_stub,11044215,15,1,-431,187,101,121,0,MapMarker,1600179,m00013,Visible,@5208/i11000101,point marker review / confirm sequence slot
cul306,110442,Something in the Soup,class,data_or_stub,11044216,16,1,-431,187,101,121,0,MapMarker,1600179,m00013,Visible,@5208/i11000101,point marker review / confirm sequence slot
cul306,110442,Something in the Soup,class,data_or_stub,11044217,17,1,-431,187,101,121,0,MapMarker,1600179,m00013,Visible,@5208/i11000101,point marker review / confirm sequence slot
cul306,110442,Something in the Soup,class,data_or_stub,11044218,18,1,-431,187,101,121,0,MapMarker,1600179,m00013,Visible,@5208/i11000101,point marker review / confirm sequence slot
cul306,110442,Something in the Soup,class,data_or_stub,11044219,19,1,-431,187,101,121,0,MapMarker,1600179,m00013,Visible,@5208/i11000101,point marker review / confirm sequence slot
cul306,110442,Something in the Soup,class,data_or_stub,11044220,20,1,-431,187,101,121,0,MapMarker,1600179,m00013,Visible,@5208/i11000101,point marker review / confirm sequence slot
exc200,110100,Bloody Baptism,class,data_or_stub,11010001,1,1,-753.440002,398.01001,101,121,0,MapMarkerQuest,1500015,m00013,Visible,@5208/i11010001,quest sequence marker review / getSequenceMarkerList
exc200,110100,Bloody Baptism,class,data_or_stub,11010002,2,1,-797.859985,-673.73999,101,102,0,MapMarkerQuest,4000257,m00013,Visible,@5208/i11010002,quest sequence marker review / getSequenceMarkerList
exc200,110100,Bloody Baptism,class,data_or_stub,11010003,3,1,-753.440002,398.01001,101,121,0,MapMarkerQuest,1500015,m00013,Visible,@5208/i11010003,quest sequence marker review / getSequenceMarkerList
exc200,110100,Bloody Baptism,class,data_or_stub,11010004,4,1,-431,187,101,121,0,MapMarker,1600179,m00013,Visible,@5208/i11000101,point marker review / confirm sequence slot
exc200,110100,Bloody Baptism,class,data_or_stub,11010005,5,1,-431,187,101,121,0,MapMarker,1600179,m00013,Visible,@5208/i11000101,point marker review / confirm sequence slot
exc200,110100,Bloody Baptism,class,data_or_stub,11010006,6,1,-431,187,101,121,0,MapMarker,1600179,m00013,Visible,@5208/i11000101,point marker review / confirm sequence slot
exc200,110100,Bloody Baptism,class,data_or_stub,11010007,7,1,-431,187,101,121,0,MapMarker,1600179,m00013,Visible,@5208/i11000101,point marker review / confirm sequence slot
exc200,110100,Bloody Baptism,class,data_or_stub,11010008,8,1,-431,187,101,121,0,MapMarker,1600179,m00013,Visible,@5208/i11000101,point marker review / confirm sequence slot
exc200,110100,Bloody Baptism,class,data_or_stub,11010009,9,1,-431,187,101,121,0,MapMarker,1600179,m00013,Visible,@5208/i11000101,point marker review / confirm sequence slot
exc200,110100,Bloody Baptism,class,data_or_stub,11010010,10,1,-431,187,101,121,0,MapMarker,1600179,m00013,Visible,@5208/i11000101,point marker review / confirm sequence slot
exc200,110100,Bloody Baptism,class,data_or_stub,11010011,11,1,-431,187,101,121,0,MapMarker,1600179,m00013,Visible,@5208/i11000101,point marker review / confirm sequence slot
exc200,110100,Bloody Baptism,class,data_or_stub,11010012,12,1,-431,187,101,121,0,MapMarker,1600179,m00013,Visible,@5208/i11000101,point marker review / confirm sequence slot
exc200,110100,Bloody Baptism,class,data_or_stub,11010013,13,1,-431,187,101,121,0,MapMarker,1600179,m00013,Visible,@5208/i11000101,point marker review / confirm sequence slot
exc200,110100,Bloody Baptism,class,data_or_stub,11010014,14,1,-431,187,101,121,0,MapMarker,1600179,m00013,Visible,@5208/i11000101,point marker review / confirm sequence slot
exc200,110100,Bloody Baptism,class,data_or_stub,11010015,15,1,-431,187,101,121,0,MapMarker,1600179,m00013,Visible,@5208/i11000101,point marker review / confirm sequence slot
exc200,110100,Bloody Baptism,class,data_or_stub,11010016,16,1,-431,187,101,121,0,MapMarker,1600179,m00013,Visible,@5208/i11000101,point marker review / confirm sequence slot
exc200,110100,Bloody Baptism,class,data_or_stub,11010017,17,1,-431,187,101,121,0,MapMarker,1600179,m00013,Visible,@5208/i11000101,point marker review / confirm sequence slot
exc200,110100,Bloody Baptism,class,data_or_stub,11010018,18,1,-431,187,101,121,0,MapMarker,1600179,m00013,Visible,@5208/i11000101,point marker review / confirm sequence slot
exc200,110100,Bloody Baptism,class,data_or_stub,11010019,19,1,-431,187,101,121,0,MapMarker,1600179,m00013,Visible,@5208/i11000101,point marker review / confirm sequence slot
exc200,110100,Bloody Baptism,class,data_or_stub,11010020,20,1,-431,187,101,121,0,MapMarker,1600179,m00013,Visible,@5208/i11000101,point marker review / confirm sequence slot
exc300,110101,Two-man Crew,class,data_or_stub,11010101,1,1,-784.809998,386.609985,101,121,0,MapMarkerQuest,1600150,m00013,Visible,@5208/i11010101,quest sequence marker review / getSequenceMarkerList
exc300,110101,Two-man Crew,class,data_or_stub,11010102,2,1,-417,446,101,121,50,MapMarkerQuest,4000257,m00013,Visible,@5208/i11010102,quest sequence marker review / getSequenceMarkerList
exc300,110101,Two-man Crew,class,data_or_stub,11010103,3,1,-753.289978,368.390015,101,121,0,MapMarkerQuest,4000257,m00013,Visible,@5208/i11010103,quest sequence marker review / getSequenceMarkerList
exc300,110101,Two-man Crew,class,data_or_stub,11010104,4,1,-784.809998,386.609985,101,121,0,MapMarkerQuest,1600150,m00013,Visible,@5208/i11010104,quest sequence marker review / getSequenceMarkerList
exc300,110101,Two-man Crew,class,data_or_stub,11010105,5,1,28.93,109.690002,104,421,0,MapMarkerQuest,1400067,m00013,Visible,@5208/i11010105,quest sequence marker review / getSequenceMarkerList
exc300,110101,Two-man Crew,class,data_or_stub,11010106,6,1,-752.530029,382.140015,101,121,0,MapMarkerQuest,1600217,m00013,Visible,@5208/i11010106,quest sequence marker review / getSequenceMarkerList
exc300,110101,Two-man Crew,class,data_or_stub,11010107,7,1,-431,187,101,121,0,MapMarker,1600179,m00013,Visible,@5208/i11000101,point marker review / confirm sequence slot
exc300,110101,Two-man Crew,class,data_or_stub,11010108,8,1,-431,187,101,121,0,MapMarker,1600179,m00013,Visible,@5208/i11000101,point marker review / confirm sequence slot
exc300,110101,Two-man Crew,class,data_or_stub,11010109,9,1,-431,187,101,121,0,MapMarker,1600179,m00013,Visible,@5208/i11000101,point marker review / confirm sequence slot
exc300,110101,Two-man Crew,class,data_or_stub,11010110,10,1,-431,187,101,121,0,MapMarker,1600179,m00013,Visible,@5208/i11000101,point marker review / confirm sequence slot
exc300,110101,Two-man Crew,class,data_or_stub,11010111,11,1,-431,187,101,121,0,MapMarker,1600179,m00013,Visible,@5208/i11000101,point marker review / confirm sequence slot
exc300,110101,Two-man Crew,class,data_or_stub,11010112,12,1,-431,187,101,121,0,MapMarker,1600179,m00013,Visible,@5208/i11000101,point marker review / confirm sequence slot
exc300,110101,Two-man Crew,class,data_or_stub,11010113,13,1,-431,187,101,121,0,MapMarker,1600179,m00013,Visible,@5208/i11000101,point marker review / confirm sequence slot
exc300,110101,Two-man Crew,class,data_or_stub,11010114,14,1,-431,187,101,121,0,MapMarker,1600179,m00013,Visible,@5208/i11000101,point marker review / confirm sequence slot
exc300,110101,Two-man Crew,class,data_or_stub,11010115,15,1,-431,187,101,121,0,MapMarker,1600179,m00013,Visible,@5208/i11000101,point marker review / confirm sequence slot
exc300,110101,Two-man Crew,class,data_or_stub,11010116,16,1,-431,187,101,121,0,MapMarker,1600179,m00013,Visible,@5208/i11000101,point marker review / confirm sequence slot
exc300,110101,Two-man Crew,class,data_or_stub,11010117,17,1,-431,187,101,121,0,MapMarker,1600179,m00013,Visible,@5208/i11000101,point marker review / confirm sequence slot
exc300,110101,Two-man Crew,class,data_or_stub,11010118,18,1,-431,187,101,121,0,MapMarker,1600179,m00013,Visible,@5208/i11000101,point marker review / confirm sequence slot
exc300,110101,Two-man Crew,class,data_or_stub,11010119,19,1,-431,187,101,121,0,MapMarker,1600179,m00013,Visible,@5208/i11000101,point marker review / confirm sequence slot
exc300,110101,Two-man Crew,class,data_or_stub,11010120,20,1,-431,187,101,121,0,MapMarker,1600179,m00013,Visible,@5208/i11000101,point marker review / confirm sequence slot
exc306,110102,Captain's Orders,class,data_or_stub,11010201,1,1,-779.199097,386.5,101,121,0,MapMarkerQuest,4000257,m00013,Visible,@5208/i11010201,quest sequence marker review / getSequenceMarkerList
exc306,110102,Captain's Orders,class,data_or_stub,11010202,2,1,603.580017,627.710022,101,121,0,MapMarkerQuest,4000257,m00013,Visible,@5208/i11010202,quest sequence marker review / getSequenceMarkerList
exc306,110102,Captain's Orders,class,data_or_stub,11010203,3,1,-784.809998,386.609985,101,121,0,MapMarkerQuest,1600150,m00013,Visible,@5208/i11010203,quest sequence marker review / getSequenceMarkerList
exc306,110102,Captain's Orders,class,data_or_stub,11010204,4,1,-753.289978,368.390015,101,121,0,MapMarkerQuest,4000257,m00013,Visible,@5208/i11010204,quest sequence marker review / getSequenceMarkerList
exc306,110102,Captain's Orders,class,data_or_stub,11010205,5,1,-752.530029,382.140015,101,121,0,MapMarkerQuest,1600217,m00013,Visible,@5208/i11010205,quest sequence marker review / getSequenceMarkerList
exc306,110102,Captain's Orders,class,data_or_stub,11010206,6,1,-772.359985,387.799988,101,121,0,MapMarkerQuest,4000257,m00013,Visible,@5208/i11010206,quest sequence marker review / getSequenceMarkerList
exc306,110102,Captain's Orders,class,data_or_stub,11010207,7,1,-779.199097,386.5,101,121,0,MapMarkerQuest,4000257,m00013,Visible,@5208/i11010207,quest sequence marker review / getSequenceMarkerList
exc306,110102,Captain's Orders,class,data_or_stub,11010208,8,1,-784.809998,386.609985,101,121,0,MapMarkerQuest,1600150,m00013,Visible,@5208/i11010208,quest sequence marker review / getSequenceMarkerList
exc306,110102,Captain's Orders,class,data_or_stub,11010209,9,1,-752.530029,382.140015,101,121,0,MapMarkerQuest,1600217,m00013,Visible,@5208/i11010209,quest sequence marker review / getSequenceMarkerList
exc306,110102,Captain's Orders,class,data_or_stub,11010210,10,1,-752,391,101,121,0,MapMarkerQuest,4000257,m00013,Visible,@5208/i11010210,quest sequence marker review / getSequenceMarkerList
exc306,110102,Captain's Orders,class,data_or_stub,11010211,11,1,-752,382,101,121,0,MapMarkerQuest,4000257,m00013,Visible,@5208/i11010211,quest sequence marker review / getSequenceMarkerList
exc306,110102,Captain's Orders,class,data_or_stub,11010212,12,1,-431,187,101,121,0,MapMarker,1600179,m00013,Visible,@5208/i11000101,point marker review / confirm sequence slot
exc306,110102,Captain's Orders,class,data_or_stub,11010213,13,1,-431,187,101,121,0,MapMarker,1600179,m00013,Visible,@5208/i11000101,point marker review / confirm sequence slot
exc306,110102,Captain's Orders,class,data_or_stub,11010214,14,1,-431,187,101,121,0,MapMarker,1600179,m00013,Visible,@5208/i11000101,point marker review / confirm sequence slot
exc306,110102,Captain's Orders,class,data_or_stub,11010215,15,1,-431,187,101,121,0,MapMarker,1600179,m00013,Visible,@5208/i11000101,point marker review / confirm sequence slot
exc306,110102,Captain's Orders,class,data_or_stub,11010216,16,1,-431,187,101,121,0,MapMarker,1600179,m00013,Visible,@5208/i11000101,point marker review / confirm sequence slot
exc306,110102,Captain's Orders,class,data_or_stub,11010217,17,1,-431,187,101,121,0,MapMarker,1600179,m00013,Visible,@5208/i11000101,point marker review / confirm sequence slot
exc306,110102,Captain's Orders,class,data_or_stub,11010218,18,1,-431,187,101,121,0,MapMarker,1600179,m00013,Visible,@5208/i11000101,point marker review / confirm sequence slot
exc306,110102,Captain's Orders,class,data_or_stub,11010219,19,1,-431,187,101,121,0,MapMarker,1600179,m00013,Visible,@5208/i11000101,point marker review / confirm sequence slot
exc306,110102,Captain's Orders,class,data_or_stub,11010220,20,1,-431,187,101,121,0,MapMarker,1600179,m00013,Visible,@5208/i11000101,point marker review / confirm sequence slot
fsh200,110500,To Fight a Fishback,class,data_or_stub,11050001,1,1,-603.640015,355.450012,101,121,0,MapMarkerQuest,1100206,m00013,Visible,@5208/i11050001,quest sequence marker review / getSequenceMarkerList
fsh200,110500,To Fight a Fishback,class,data_or_stub,11050002,2,1,-431,187,101,121,0,MapMarker,4000257,m00013,Visible,@5208/i11050002,point marker review / confirm sequence slot
fsh200,110500,To Fight a Fishback,class,data_or_stub,11050003,3,1,-603.640015,355.450012,101,121,0,MapMarkerQuest,1100206,m00013,Visible,@5208/i11050003,quest sequence marker review / getSequenceMarkerList
fsh200,110500,To Fight a Fishback,class,data_or_stub,11050004,4,1,-227.940002,-12.06,101,101,0,MapMarkerQuest,4000257,m00013,Visible,@5208/i11050004,quest sequence marker review / getSequenceMarkerList
fsh200,110500,To Fight a Fishback,class,data_or_stub,11050005,5,1,-41.389999,225.899994,101,101,0,MapMarkerQuest,4000257,m00013,Visible,@5208/i11050005,quest sequence marker review / getSequenceMarkerList
fsh200,110500,To Fight a Fishback,class,data_or_stub,11050006,6,1,-1134.189941,-694.570007,101,102,0,MapMarkerQuest,4000257,m00013,Visible,@5208/i11050006,quest sequence marker review / getSequenceMarkerList
fsh200,110500,To Fight a Fishback,class,data_or_stub,11050007,7,1,-1043.699951,-554.609985,101,102,0,MapMarkerQuest,4000257,m00013,Visible,@5208/i11050007,quest sequence marker review / getSequenceMarkerList
fsh200,110500,To Fight a Fishback,class,data_or_stub,11050008,8,1,1298.900024,-886.289978,101,103,0,MapMarkerQuest,4000257,m00013,Visible,@5208/i11050008,quest sequence marker review / getSequenceMarkerList
fsh200,110500,To Fight a Fishback,class,data_or_stub,11050009,9,1,-431,187,101,121,0,MapMarker,1600179,m00013,Visible,@5208/i11000101,point marker review / confirm sequence slot
fsh200,110500,To Fight a Fishback,class,data_or_stub,11050010,10,1,-431,187,101,121,0,MapMarker,1600179,m00013,Visible,@5208/i11000101,point marker review / confirm sequence slot
fsh200,110500,To Fight a Fishback,class,data_or_stub,11050011,11,1,-431,187,101,121,0,MapMarker,1600179,m00013,Visible,@5208/i11000101,point marker review / confirm sequence slot
fsh200,110500,To Fight a Fishback,class,data_or_stub,11050012,12,1,-431,187,101,121,0,MapMarker,1600179,m00013,Visible,@5208/i11000101,point marker review / confirm sequence slot
fsh200,110500,To Fight a Fishback,class,data_or_stub,11050013,13,1,-431,187,101,121,0,MapMarker,1600179,m00013,Visible,@5208/i11000101,point marker review / confirm sequence slot
fsh200,110500,To Fight a Fishback,class,data_or_stub,11050014,14,1,-431,187,101,121,0,MapMarker,1600179,m00013,Visible,@5208/i11000101,point marker review / confirm sequence slot
fsh200,110500,To Fight a Fishback,class,data_or_stub,11050015,15,1,-431,187,101,121,0,MapMarker,1600179,m00013,Visible,@5208/i11000101,point marker review / confirm sequence slot
fsh200,110500,To Fight a Fishback,class,data_or_stub,11050016,16,1,-431,187,101,121,0,MapMarker,1600179,m00013,Visible,@5208/i11000101,point marker review / confirm sequence slot
fsh200,110500,To Fight a Fishback,class,data_or_stub,11050017,17,1,-431,187,101,121,0,MapMarker,1600179,m00013,Visible,@5208/i11000101,point marker review / confirm sequence slot
fsh200,110500,To Fight a Fishback,class,data_or_stub,11050018,18,1,-431,187,101,121,0,MapMarker,1600179,m00013,Visible,@5208/i11000101,point marker review / confirm sequence slot
fsh200,110500,To Fight a Fishback,class,data_or_stub,11050019,19,1,-431,187,101,121,0,MapMarker,1600179,m00013,Visible,@5208/i11000101,point marker review / confirm sequence slot
fsh200,110500,To Fight a Fishback,class,data_or_stub,11050020,20,1,-431,187,101,121,0,MapMarker,1600179,m00013,Visible,@5208/i11000101,point marker review / confirm sequence slot
fsh300,110501,The Beast of the Barrel,class,data_or_stub,11050101,1,1,-620.820007,354.549988,101,121,0,MapMarkerQuest,1500024,m00013,Visible,@5208/i11050101,quest sequence marker review / getSequenceMarkerList
fsh300,110501,The Beast of the Barrel,class,data_or_stub,11050102,2,1,-639.119995,401.109985,101,121,0,MapMarkerQuest,1400074,m00013,Visible,@5208/i11050102,quest sequence marker review / getSequenceMarkerList
fsh300,110501,The Beast of the Barrel,class,data_or_stub,11050103,3,1,-819,864,101,121,0,MapMarkerQuest,4000257,m00013,Visible,@5208/i11050103,quest sequence marker review / getSequenceMarkerList
fsh300,110501,The Beast of the Barrel,class,data_or_stub,11050104,4,1,-807,864,101,121,0,MapMarkerQuest,4000257,m00013,Visible,@5208/i11050104,quest sequence marker review / getSequenceMarkerList
fsh300,110501,The Beast of the Barrel,class,data_or_stub,11050105,5,1,28.93,109.690002,104,421,0,MapMarkerQuest,1400067,m00013,Visible,@5208/i11050105,quest sequence marker review / getSequenceMarkerList
fsh300,110501,The Beast of the Barrel,class,data_or_stub,11050106,6,1,-431,187,101,121,0,MapMarker,4000257,m00013,Visible,@5208/i11050106,point marker review / confirm sequence slot
fsh300,110501,The Beast of the Barrel,class,data_or_stub,11050107,7,1,-431,187,101,121,0,MapMarker,1600179,m00013,Visible,@5208/i11050107,point marker review / confirm sequence slot
fsh300,110501,The Beast of the Barrel,class,data_or_stub,11050108,8,1,-618.559998,358.649994,101,121,0,MapMarkerQuest,1400010,m00013,Visible,@5208/i11050108,quest sequence marker review / getSequenceMarkerList
fsh300,110501,The Beast of the Barrel,class,data_or_stub,11050109,9,1,-598.969971,361.690002,101,121,0,MapMarkerQuest,1500024,m00013,Visible,@5208/i11050109,quest sequence marker review / getSequenceMarkerList
fsh300,110501,The Beast of the Barrel,class,data_or_stub,11050110,10,1,-598.969971,361.690002,101,121,0,MapMarkerQuest,1500024,m00013,Visible,@5208/i11050110,quest sequence marker review / getSequenceMarkerList
fsh300,110501,The Beast of the Barrel,class,data_or_stub,11050111,11,1,-612.900024,341.420013,101,121,0,MapMarkerQuest,1900011,m00013,Visible,@5208/i11050111,quest sequence marker review / getSequenceMarkerList
fsh300,110501,The Beast of the Barrel,class,data_or_stub,11050112,12,1,-791,864,101,121,0,MapMarkerQuest,4000257,m00013,Visible,@5208/i11050112,quest sequence marker review / getSequenceMarkerList
fsh300,110501,The Beast of the Barrel,class,data_or_stub,11050113,13,1,-780,864,101,121,0,MapMarkerQuest,4000257,m00013,Visible,@5208/i11050113,quest sequence marker review / getSequenceMarkerList
fsh300,110501,The Beast of the Barrel,class,data_or_stub,11050114,14,1,-431,187,101,121,0,MapMarker,1600179,m00013,Visible,@5208/i11000101,point marker review / confirm sequence slot
fsh300,110501,The Beast of the Barrel,class,data_or_stub,11050115,15,1,-431,187,101,121,0,MapMarker,1600179,m00013,Visible,@5208/i11000101,point marker review / confirm sequence slot
fsh300,110501,The Beast of the Barrel,class,data_or_stub,11050116,16,1,-431,187,101,121,0,MapMarker,1600179,m00013,Visible,@5208/i11000101,point marker review / confirm sequence slot
fsh300,110501,The Beast of the Barrel,class,data_or_stub,11050117,17,1,-431,187,101,121,0,MapMarker,1600179,m00013,Visible,@5208/i11000101,point marker review / confirm sequence slot
fsh300,110501,The Beast of the Barrel,class,data_or_stub,11050118,18,1,-431,187,101,121,0,MapMarker,1600179,m00013,Visible,@5208/i11000101,point marker review / confirm sequence slot
fsh300,110501,The Beast of the Barrel,class,data_or_stub,11050119,19,1,-431,187,101,121,0,MapMarker,1600179,m00013,Visible,@5208/i11000101,point marker review / confirm sequence slot
fsh300,110501,The Beast of the Barrel,class,data_or_stub,11050120,20,1,-431,187,101,121,0,MapMarker,1600179,m00013,Visible,@5208/i11000101,point marker review / confirm sequence slot
fsh306,110502,Polishing the Mast,class,data_or_stub,11050201,1,1,-601.940002,359.880005,101,121,0,MapMarkerQuest,4000257,m00013,Visible,@5208/i11050201,quest sequence marker review / getSequenceMarkerList
fsh306,110502,Polishing the Mast,class,data_or_stub,11050202,2,1,-612.900024,341.420013,101,121,0,MapMarkerQuest,1900011,m00013,Visible,@5208/i11050202,quest sequence marker review / getSequenceMarkerList
fsh306,110502,Polishing the Mast,class,data_or_stub,11050203,3,1,-431,187,101,121,0,MapMarker,1600179,m00013,Visible,@5208/i11050203,point marker review / confirm sequence slot
fsh306,110502,Polishing the Mast,class,data_or_stub,11050204,4,1,-620.820007,354.549988,101,121,0,MapMarkerQuest,1500024,m00013,Visible,@5208/i11050204,quest sequence marker review / getSequenceMarkerList
fsh306,110502,Polishing the Mast,class,data_or_stub,11050205,5,1,-620.820007,354.549988,101,121,0,MapMarkerQuest,1500024,m00013,Visible,@5208/i11050205,quest sequence marker review / getSequenceMarkerList
fsh306,110502,Polishing the Mast,class,data_or_stub,11050206,6,1,-603.640015,355.450012,101,121,0,MapMarkerQuest,1100206,m00013,Visible,@5208/i11050206,quest sequence marker review / getSequenceMarkerList
fsh306,110502,Polishing the Mast,class,data_or_stub,11050207,7,1,-612.900024,341.420013,101,121,0,MapMarkerQuest,1900011,m00013,Visible,@5208/i11050207,quest sequence marker review / getSequenceMarkerList
fsh306,110502,Polishing the Mast,class,data_or_stub,11050208,8,1,-639.119995,401.109985,101,121,0,MapMarkerQuest,1400074,m00013,Visible,@5208/i11050208,quest sequence marker review / getSequenceMarkerList
fsh306,110502,Polishing the Mast,class,data_or_stub,11050209,9,1,-431,187,101,121,0,MapMarker,1600179,m00013,Visible,@5208/i11000101,point marker review / confirm sequence slot
fsh306,110502,Polishing the Mast,class,data_or_stub,11050210,10,1,-431,187,101,121,0,MapMarker,1600179,m00013,Visible,@5208/i11000101,point marker review / confirm sequence slot
fsh306,110502,Polishing the Mast,class,data_or_stub,11050211,11,1,-431,187,101,121,0,MapMarker,1600179,m00013,Visible,@5208/i11000101,point marker review / confirm sequence slot
fsh306,110502,Polishing the Mast,class,data_or_stub,11050212,12,1,-431,187,101,121,0,MapMarker,1600179,m00013,Visible,@5208/i11000101,point marker review / confirm sequence slot
fsh306,110502,Polishing the Mast,class,data_or_stub,11050213,13,1,-431,187,101,121,0,MapMarker,1600179,m00013,Visible,@5208/i11000101,point marker review / confirm sequence slot
fsh306,110502,Polishing the Mast,class,data_or_stub,11050214,14,1,-431,187,101,121,0,MapMarker,1600179,m00013,Visible,@5208/i11000101,point marker review / confirm sequence slot
fsh306,110502,Polishing the Mast,class,data_or_stub,11050215,15,1,-431,187,101,121,0,MapMarker,1600179,m00013,Visible,@5208/i11000101,point marker review / confirm sequence slot
fsh306,110502,Polishing the Mast,class,data_or_stub,11050216,16,1,-431,187,101,121,0,MapMarker,1600179,m00013,Visible,@5208/i11000101,point marker review / confirm sequence slot
fsh306,110502,Polishing the Mast,class,data_or_stub,11050217,17,1,-431,187,101,121,0,MapMarker,1600179,m00013,Visible,@5208/i11000101,point marker review / confirm sequence slot
fsh306,110502,Polishing the Mast,class,data_or_stub,11050218,18,1,-431,187,101,121,0,MapMarker,1600179,m00013,Visible,@5208/i11000101,point marker review / confirm sequence slot
fsh306,110502,Polishing the Mast,class,data_or_stub,11050219,19,1,-431,187,101,121,0,MapMarker,1600179,m00013,Visible,@5208/i11000101,point marker review / confirm sequence slot
fsh306,110502,Polishing the Mast,class,data_or_stub,11050220,20,1,-431,187,101,121,0,MapMarker,1600179,m00013,Visible,@5208/i11000101,point marker review / confirm sequence slot
gla200,110080,All Bark and No Bite,class,data_or_stub,11008001,1,1,-187.225006,219.729996,104,421,0,MapMarkerQuest,4000257,m00013,Visible,@5208/i11008001,quest sequence marker review / getSequenceMarkerList
gla200,110080,All Bark and No Bite,class,data_or_stub,11008002,2,1,-193.460007,183.649994,104,421,0,MapMarkerQuest,1500022,m00013,Visible,@5208/i11008002,quest sequence marker review / getSequenceMarkerList
gla200,110080,All Bark and No Bite,class,data_or_stub,11008003,3,1,-431,187,101,121,0,MapMarker,1600179,m00013,Visible,@5208/i11000101,point marker review / confirm sequence slot
gla200,110080,All Bark and No Bite,class,data_or_stub,11008004,4,1,-431,187,101,121,0,MapMarker,1600179,m00013,Visible,@5208/i11000101,point marker review / confirm sequence slot
gla200,110080,All Bark and No Bite,class,data_or_stub,11008005,5,1,-431,187,101,121,0,MapMarker,1600179,m00013,Visible,@5208/i11000101,point marker review / confirm sequence slot
gla200,110080,All Bark and No Bite,class,data_or_stub,11008006,6,1,-431,187,101,121,0,MapMarker,1600179,m00013,Visible,@5208/i11000101,point marker review / confirm sequence slot
gla200,110080,All Bark and No Bite,class,data_or_stub,11008007,7,1,-431,187,101,121,0,MapMarker,1600179,m00013,Visible,@5208/i11000101,point marker review / confirm sequence slot
gla200,110080,All Bark and No Bite,class,data_or_stub,11008008,8,1,-431,187,101,121,0,MapMarker,1600179,m00013,Visible,@5208/i11000101,point marker review / confirm sequence slot
gla200,110080,All Bark and No Bite,class,data_or_stub,11008009,9,1,-431,187,101,121,0,MapMarker,1600179,m00013,Visible,@5208/i11000101,point marker review / confirm sequence slot
gla200,110080,All Bark and No Bite,class,data_or_stub,11008010,10,1,-431,187,101,121,0,MapMarker,1600179,m00013,Visible,@5208/i11000101,point marker review / confirm sequence slot
gla200,110080,All Bark and No Bite,class,data_or_stub,11008011,11,1,-431,187,101,121,0,MapMarker,1600179,m00013,Visible,@5208/i11000101,point marker review / confirm sequence slot
gla200,110080,All Bark and No Bite,class,data_or_stub,11008012,12,1,-431,187,101,121,0,MapMarker,1600179,m00013,Visible,@5208/i11000101,point marker review / confirm sequence slot
gla200,110080,All Bark and No Bite,class,data_or_stub,11008013,13,1,-431,187,101,121,0,MapMarker,1600179,m00013,Visible,@5208/i11000101,point marker review / confirm sequence slot
gla200,110080,All Bark and No Bite,class,data_or_stub,11008014,14,1,-431,187,101,121,0,MapMarker,1600179,m00013,Visible,@5208/i11000101,point marker review / confirm sequence slot
gla200,110080,All Bark and No Bite,class,data_or_stub,11008015,15,1,-431,187,101,121,0,MapMarker,1600179,m00013,Visible,@5208/i11000101,point marker review / confirm sequence slot
gla200,110080,All Bark and No Bite,class,data_or_stub,11008016,16,1,-431,187,101,121,0,MapMarker,1600179,m00013,Visible,@5208/i11000101,point marker review / confirm sequence slot
gla200,110080,All Bark and No Bite,class,data_or_stub,11008017,17,1,-431,187,101,121,0,MapMarker,1600179,m00013,Visible,@5208/i11000101,point marker review / confirm sequence slot
gla200,110080,All Bark and No Bite,class,data_or_stub,11008018,18,1,-431,187,101,121,0,MapMarker,1600179,m00013,Visible,@5208/i11000101,point marker review / confirm sequence slot
gla200,110080,All Bark and No Bite,class,data_or_stub,11008019,19,1,-431,187,101,121,0,MapMarker,1600179,m00013,Visible,@5208/i11000101,point marker review / confirm sequence slot
gla200,110080,All Bark and No Bite,class,data_or_stub,11008020,20,1,-431,187,101,121,0,MapMarker,1600179,m00013,Visible,@5208/i11000101,point marker review / confirm sequence slot
gla300,110081,Unalienable Rights,class,data_or_stub,11008101,1,1,55.939999,-1196.439941,103,321,0,MapMarkerQuest,1300018,m00013,Visible,@5208/i11008101,quest sequence marker review / getSequenceMarkerList
gla300,110081,Unalienable Rights,class,data_or_stub,11008102,2,1,179.149994,-1580.589966,103,321,0,MapMarkerQuest,1100014,m00013,Visible,@5208/i11008102,quest sequence marker review / getSequenceMarkerList
gla300,110081,Unalienable Rights,class,data_or_stub,11008103,3,1,195.039993,-1591.099976,103,321,0,MapMarkerQuest,1900046,m00013,Visible,@5208/i11008103,quest sequence marker review / getSequenceMarkerList
gla300,110081,Unalienable Rights,class,data_or_stub,11008104,4,1,195.039993,-1591.099976,103,321,0,MapMarkerQuest,1900046,m00013,Visible,@5208/i11008104,quest sequence marker review / getSequenceMarkerList
gla300,110081,Unalienable Rights,class,data_or_stub,11008105,5,1,-193.460007,183.649994,104,421,0,MapMarkerQuest,1500022,m00013,Visible,@5208/i11008105,quest sequence marker review / getSequenceMarkerList
gla300,110081,Unalienable Rights,class,data_or_stub,11008106,6,1,-186.339996,188.809998,104,421,0,MapMarkerQuest,1400023,m00013,Visible,@5208/i11008106,quest sequence marker review / getSequenceMarkerList
gla300,110081,Unalienable Rights,class,data_or_stub,11008107,7,1,-195.320007,167.679993,104,421,0,MapMarkerQuest,1400023,m00013,Visible,@5208/i11008107,quest sequence marker review / getSequenceMarkerList
gla300,110081,Unalienable Rights,class,data_or_stub,11008108,8,1,-193.460007,183.649994,104,421,0,MapMarkerQuest,1500022,m00013,Visible,@5208/i11008108,quest sequence marker review / getSequenceMarkerList
gla300,110081,Unalienable Rights,class,data_or_stub,11008109,9,1,-195.470001,165.570007,104,421,0,MapMarkerQuest,1300015,m00013,Visible,@5208/i11008109,quest sequence marker review / getSequenceMarkerList
gla300,110081,Unalienable Rights,class,data_or_stub,11008110,10,1,-431,187,101,121,0,MapMarker,1600179,m00013,Visible,@5208/i11000101,point marker review / confirm sequence slot
gla300,110081,Unalienable Rights,class,data_or_stub,11008111,11,1,-431,187,101,121,0,MapMarker,1600179,m00013,Visible,@5208/i11000101,point marker review / confirm sequence slot
gla300,110081,Unalienable Rights,class,data_or_stub,11008112,12,1,-431,187,101,121,0,MapMarker,1600179,m00013,Visible,@5208/i11000101,point marker review / confirm sequence slot
gla300,110081,Unalienable Rights,class,data_or_stub,11008113,13,1,-431,187,101,121,0,MapMarker,1600179,m00013,Visible,@5208/i11000101,point marker review / confirm sequence slot
gla300,110081,Unalienable Rights,class,data_or_stub,11008114,14,1,-431,187,101,121,0,MapMarker,1600179,m00013,Visible,@5208/i11000101,point marker review / confirm sequence slot
gla300,110081,Unalienable Rights,class,data_or_stub,11008115,15,1,-431,187,101,121,0,MapMarker,1600179,m00013,Visible,@5208/i11000101,point marker review / confirm sequence slot
gla300,110081,Unalienable Rights,class,data_or_stub,11008116,16,1,-431,187,101,121,0,MapMarker,1600179,m00013,Visible,@5208/i11000101,point marker review / confirm sequence slot
gla300,110081,Unalienable Rights,class,data_or_stub,11008117,17,1,-431,187,101,121,0,MapMarker,1600179,m00013,Visible,@5208/i11000101,point marker review / confirm sequence slot
gla300,110081,Unalienable Rights,class,data_or_stub,11008118,18,1,-431,187,101,121,0,MapMarker,1600179,m00013,Visible,@5208/i11000101,point marker review / confirm sequence slot
gla300,110081,Unalienable Rights,class,data_or_stub,11008119,19,1,-431,187,101,121,0,MapMarker,1600179,m00013,Visible,@5208/i11000101,point marker review / confirm sequence slot
gla300,110081,Unalienable Rights,class,data_or_stub,11008120,20,1,-431,187,101,121,0,MapMarker,1600179,m00013,Visible,@5208/i11000101,point marker review / confirm sequence slot
gla306,110082,Thrill of the Fight,class,data_or_stub,11008201,1,1,-186.339996,188.809998,104,421,0,MapMarkerQuest,1400023,m00013,Visible,@5208/i11008201,quest sequence marker review / getSequenceMarkerList
gla306,110082,Thrill of the Fight,class,data_or_stub,11008202,2,1,-186.339996,188.809998,104,421,0,MapMarkerQuest,1400023,m00013,Visible,@5208/i11008202,quest sequence marker review / getSequenceMarkerList
gla306,110082,Thrill of the Fight,class,data_or_stub,11008203,3,1,-177.119995,221.190002,104,421,0,MapMarkerQuest,1400023,m00013,Visible,@5208/i11008203,quest sequence marker review / getSequenceMarkerList
gla306,110082,Thrill of the Fight,class,data_or_stub,11008204,4,1,-177.889999,205.089996,104,421,0,MapMarkerQuest,4000191,m00013,Visible,@5208/i11008204,quest sequence marker review / getSequenceMarkerList
gla306,110082,Thrill of the Fight,class,data_or_stub,11008205,5,1,-177.119995,221.190002,104,421,0,MapMarkerQuest,1400023,m00013,Visible,@5208/i11008205,quest sequence marker review / getSequenceMarkerList
gla306,110082,Thrill of the Fight,class,data_or_stub,11008206,6,1,-185.259995,179.740005,104,421,0,MapMarkerQuest,4000257,m00013,Visible,@5208/i11008206,quest sequence marker review / getSequenceMarkerList
gla306,110082,Thrill of the Fight,class,data_or_stub,11008207,7,1,-177.399994,222.470001,104,421,0,MapMarkerQuest,4000191,m00013,Visible,@5208/i11008207,quest sequence marker review / getSequenceMarkerList
gla306,110082,Thrill of the Fight,class,data_or_stub,11008208,8,1,-1342.939941,487.890015,104,403,0,MapMarkerQuest,4000257,m00013,Visible,@5208/i11008208,quest sequence marker review / getSequenceMarkerList
gla306,110082,Thrill of the Fight,class,data_or_stub,11008209,9,1,-193.460007,183.649994,104,421,0,MapMarkerQuest,1500022,m00013,Visible,@5208/i11008209,quest sequence marker review / getSequenceMarkerList
gla306,110082,Thrill of the Fight,class,data_or_stub,11008210,10,1,-431,187,101,121,0,MapMarker,1600179,m00013,Visible,@5208/i11000101,point marker review / confirm sequence slot
gla306,110082,Thrill of the Fight,class,data_or_stub,11008211,11,1,-431,187,101,121,0,MapMarker,1600179,m00013,Visible,@5208/i11000101,point marker review / confirm sequence slot
gla306,110082,Thrill of the Fight,class,data_or_stub,11008212,12,1,-431,187,101,121,0,MapMarker,1600179,m00013,Visible,@5208/i11000101,point marker review / confirm sequence slot
gla306,110082,Thrill of the Fight,class,data_or_stub,11008213,13,1,-431,187,101,121,0,MapMarker,1600179,m00013,Visible,@5208/i11000101,point marker review / confirm sequence slot
gla306,110082,Thrill of the Fight,class,data_or_stub,11008214,14,1,-431,187,101,121,0,MapMarker,1600179,m00013,Visible,@5208/i11000101,point marker review / confirm sequence slot
gla306,110082,Thrill of the Fight,class,data_or_stub,11008215,15,1,-431,187,101,121,0,MapMarker,1600179,m00013,Visible,@5208/i11000101,point marker review / confirm sequence slot
gla306,110082,Thrill of the Fight,class,data_or_stub,11008216,16,1,-431,187,101,121,0,MapMarker,1600179,m00013,Visible,@5208/i11000101,point marker review / confirm sequence slot
gla306,110082,Thrill of the Fight,class,data_or_stub,11008217,17,1,-431,187,101,121,0,MapMarker,1600179,m00013,Visible,@5208/i11000101,point marker review / confirm sequence slot
gla306,110082,Thrill of the Fight,class,data_or_stub,11008218,18,1,-431,187,101,121,0,MapMarker,1600179,m00013,Visible,@5208/i11000101,point marker review / confirm sequence slot
gla306,110082,Thrill of the Fight,class,data_or_stub,11008219,19,1,-431,187,101,121,0,MapMarker,1600179,m00013,Visible,@5208/i11000101,point marker review / confirm sequence slot
gla306,110082,Thrill of the Fight,class,data_or_stub,11008220,20,1,-431,187,101,121,0,MapMarker,1600179,m00013,Visible,@5208/i11000101,point marker review / confirm sequence slot
gld200,110360,She Walks in Beauty,class,data_or_stub,11036001,1,1,-117.900002,262.679993,104,421,0,MapMarkerQuest,1200166,m00013,Visible,@5208/i11036001,quest sequence marker review / getSequenceMarkerList
gld200,110360,She Walks in Beauty,class,data_or_stub,11036002,2,1,92.779999,-1030.310059,104,401,0,MapMarkerQuest,1900018,m00013,Visible,@5208/i11036002,quest sequence marker review / getSequenceMarkerList
gld200,110360,She Walks in Beauty,class,data_or_stub,11036003,3,1,-117.900002,262.679993,104,421,0,MapMarkerQuest,1200166,m00013,Visible,@5208/i11036003,quest sequence marker review / getSequenceMarkerList
gld200,110360,She Walks in Beauty,class,data_or_stub,11036004,4,1,-117.900002,262.679993,104,421,0,MapMarkerQuest,1200166,m00013,Visible,@5208/i11036004,quest sequence marker review / getSequenceMarkerList
gld200,110360,She Walks in Beauty,class,data_or_stub,11036005,5,1,-119.75,265.820007,104,421,0,MapMarkerQuest,1900054,m00013,Visible,@5208/i11036005,quest sequence marker review / getSequenceMarkerList
gld200,110360,She Walks in Beauty,class,data_or_stub,11036006,6,1,-131.490005,256.970001,104,421,0,MapMarkerQuest,1300001,m00013,Visible,@5208/i11036006,quest sequence marker review / getSequenceMarkerList
gld200,110360,She Walks in Beauty,class,data_or_stub,11036007,7,1,-114.650002,316.619995,104,421,0,MapMarkerQuest,4000209,m00013,Visible,@5208/i11036007,quest sequence marker review / getSequenceMarkerList
gld200,110360,She Walks in Beauty,class,data_or_stub,11036008,8,1,-109.980003,311.26001,104,421,0,MapMarkerQuest,4000210,m00013,Visible,@5208/i11036008,quest sequence marker review / getSequenceMarkerList
gld200,110360,She Walks in Beauty,class,data_or_stub,11036009,9,1,-94.650002,311.880005,104,421,0,MapMarkerQuest,4000205,m00013,Visible,@5208/i11036009,quest sequence marker review / getSequenceMarkerList
gld200,110360,She Walks in Beauty,class,data_or_stub,11036010,10,1,-431,187,101,121,0,MapMarker,1600179,m00013,Visible,@5208/i11000101,point marker review / confirm sequence slot
gld200,110360,She Walks in Beauty,class,data_or_stub,11036011,11,1,-431,187,101,121,0,MapMarker,1600179,m00013,Visible,@5208/i11000101,point marker review / confirm sequence slot
gld200,110360,She Walks in Beauty,class,data_or_stub,11036012,12,1,-431,187,101,121,0,MapMarker,1600179,m00013,Visible,@5208/i11000101,point marker review / confirm sequence slot
gld200,110360,She Walks in Beauty,class,data_or_stub,11036013,13,1,-431,187,101,121,0,MapMarker,1600179,m00013,Visible,@5208/i11000101,point marker review / confirm sequence slot
gld200,110360,She Walks in Beauty,class,data_or_stub,11036014,14,1,-431,187,101,121,0,MapMarker,1600179,m00013,Visible,@5208/i11000101,point marker review / confirm sequence slot
gld200,110360,She Walks in Beauty,class,data_or_stub,11036015,15,1,-431,187,101,121,0,MapMarker,1600179,m00013,Visible,@5208/i11000101,point marker review / confirm sequence slot
gld200,110360,She Walks in Beauty,class,data_or_stub,11036016,16,1,-431,187,101,121,0,MapMarker,1600179,m00013,Visible,@5208/i11000101,point marker review / confirm sequence slot
gld200,110360,She Walks in Beauty,class,data_or_stub,11036017,17,1,-431,187,101,121,0,MapMarker,1600179,m00013,Visible,@5208/i11000101,point marker review / confirm sequence slot
gld200,110360,She Walks in Beauty,class,data_or_stub,11036018,18,1,-431,187,101,121,0,MapMarker,1600179,m00013,Visible,@5208/i11000101,point marker review / confirm sequence slot
gld200,110360,She Walks in Beauty,class,data_or_stub,11036019,19,1,-431,187,101,121,0,MapMarker,1600179,m00013,Visible,@5208/i11000101,point marker review / confirm sequence slot
gld200,110360,She Walks in Beauty,class,data_or_stub,11036020,20,1,-431,187,101,121,0,MapMarker,1600179,m00013,Visible,@5208/i11000101,point marker review / confirm sequence slot
gld300,110361,F'lhaminn's Flower,class,data_or_stub,11036101,1,1,-205.679993,-1454.719971,103,321,0,MapMarkerQuest,1600132,m00013,Visible,@5208/i11036101,quest sequence marker review / getSequenceMarkerList
gld300,110361,F'lhaminn's Flower,class,data_or_stub,11036102,2,1,55.82,-1212.22998,103,321,0,MapMarkerQuest,1900110,m00013,Visible,@5208/i11036102,quest sequence marker review / getSequenceMarkerList
gld300,110361,F'lhaminn's Flower,class,data_or_stub,11036103,3,1,734.570007,1126.5,103,305,0,MapMarkerQuest,4000257,m00013,Visible,@5208/i11036103,quest sequence marker review / getSequenceMarkerList
gld300,110361,F'lhaminn's Flower,class,data_or_stub,11036104,4,1,55.82,-1212.22998,103,321,0,MapMarkerQuest,1900110,m00013,Visible,@5208/i11036104,quest sequence marker review / getSequenceMarkerList
gld300,110361,F'lhaminn's Flower,class,data_or_stub,11036105,5,1,-131.490005,256.970001,104,421,0,MapMarkerQuest,1300001,m00013,Visible,@5208/i11036105,quest sequence marker review / getSequenceMarkerList
gld300,110361,F'lhaminn's Flower,class,data_or_stub,11036106,6,1,-117.900002,262.679993,104,421,0,MapMarkerQuest,1200166,m00013,Visible,@5208/i11036106,quest sequence marker review / getSequenceMarkerList
gld300,110361,F'lhaminn's Flower,class,data_or_stub,11036107,7,1,-107.669998,311.839996,104,421,0,MapMarkerQuest,1900054,m00013,Visible,@5208/i11036107,quest sequence marker review / getSequenceMarkerList
gld300,110361,F'lhaminn's Flower,class,data_or_stub,11036108,8,1,-117.900002,262.679993,104,421,0,MapMarkerQuest,1200166,m00013,Visible,@5208/i11036108,quest sequence marker review / getSequenceMarkerList
gld300,110361,F'lhaminn's Flower,class,data_or_stub,11036109,9,1,-1.62,6.32,204,5022,0,MapMarkerQuest,1200166,m00013,Visible,@5208/i11036109,quest sequence marker review / getSequenceMarkerList
gld300,110361,F'lhaminn's Flower,class,data_or_stub,11036110,10,1,1504.369995,1312.719971,103,305,0,MapMarkerQuest,4000257,m00013,Visible,@5208/i11036110,quest sequence marker review / getSequenceMarkerList
gld300,110361,F'lhaminn's Flower,class,data_or_stub,11036111,11,1,-431,187,101,121,0,MapMarker,1600179,m00013,Visible,@5208/i11000101,point marker review / confirm sequence slot
gld300,110361,F'lhaminn's Flower,class,data_or_stub,11036112,12,1,-431,187,101,121,0,MapMarker,1600179,m00013,Visible,@5208/i11000101,point marker review / confirm sequence slot
gld300,110361,F'lhaminn's Flower,class,data_or_stub,11036113,13,1,-431,187,101,121,0,MapMarker,1600179,m00013,Visible,@5208/i11000101,point marker review / confirm sequence slot
gld300,110361,F'lhaminn's Flower,class,data_or_stub,11036114,14,1,-431,187,101,121,0,MapMarker,1600179,m00013,Visible,@5208/i11000101,point marker review / confirm sequence slot
gld300,110361,F'lhaminn's Flower,class,data_or_stub,11036115,15,1,-431,187,101,121,0,MapMarker,1600179,m00013,Visible,@5208/i11000101,point marker review / confirm sequence slot
gld300,110361,F'lhaminn's Flower,class,data_or_stub,11036116,16,1,-431,187,101,121,0,MapMarker,1600179,m00013,Visible,@5208/i11000101,point marker review / confirm sequence slot
gld300,110361,F'lhaminn's Flower,class,data_or_stub,11036117,17,1,-431,187,101,121,0,MapMarker,1600179,m00013,Visible,@5208/i11000101,point marker review / confirm sequence slot
gld300,110361,F'lhaminn's Flower,class,data_or_stub,11036118,18,1,-431,187,101,121,0,MapMarker,1600179,m00013,Visible,@5208/i11000101,point marker review / confirm sequence slot
gld300,110361,F'lhaminn's Flower,class,data_or_stub,11036119,19,1,-431,187,101,121,0,MapMarker,1600179,m00013,Visible,@5208/i11000101,point marker review / confirm sequence slot
gld300,110361,F'lhaminn's Flower,class,data_or_stub,11036120,20,1,-431,187,101,121,0,MapMarker,1600179,m00013,Visible,@5208/i11000101,point marker review / confirm sequence slot
gld306,110362,Struck Through the Heart,class,data_or_stub,11036201,1,1,-135.964996,280.140015,104,421,0,MapMarkerQuest,4000257,m00013,Visible,@5208/i11036201,quest sequence marker review / getSequenceMarkerList
gld306,110362,Struck Through the Heart,class,data_or_stub,11036202,2,1,-242.139999,224.199997,104,421,0,MapMarkerQuest,4000257,m00013,Visible,@5208/i11036202,quest sequence marker review / getSequenceMarkerList
gld306,110362,Struck Through the Heart,class,data_or_stub,11036203,3,1,-210.470001,231.669998,104,421,0,MapMarkerQuest,1200166,m00013,Visible,@5208/i11036203,quest sequence marker review / getSequenceMarkerList
gld306,110362,Struck Through the Heart,class,data_or_stub,11036204,4,1,-117.900002,262.679993,104,421,0,MapMarkerQuest,1200166,m00013,Visible,@5208/i11036204,quest sequence marker review / getSequenceMarkerList
gld306,110362,Struck Through the Heart,class,data_or_stub,11036205,5,1,-131.490005,256.970001,104,421,0,MapMarkerQuest,1300001,m00013,Visible,@5208/i11036205,quest sequence marker review / getSequenceMarkerList
gld306,110362,Struck Through the Heart,class,data_or_stub,11036206,6,1,-194.350006,-189.979996,205,5013,0,MapMarkerQuest,1100422,m00013,Visible,@5208/i11036206,quest sequence marker review / getSequenceMarkerList
gld306,110362,Struck Through the Heart,class,data_or_stub,11036207,7,1,-431,187,101,121,0,MapMarker,1600179,m00013,Visible,@5208/i11000101,point marker review / confirm sequence slot
gld306,110362,Struck Through the Heart,class,data_or_stub,11036208,8,1,-431,187,101,121,0,MapMarker,1600179,m00013,Visible,@5208/i11000101,point marker review / confirm sequence slot
gld306,110362,Struck Through the Heart,class,data_or_stub,11036209,9,1,-431,187,101,121,0,MapMarker,1600179,m00013,Visible,@5208/i11000101,point marker review / confirm sequence slot
gld306,110362,Struck Through the Heart,class,data_or_stub,11036210,10,1,-431,187,101,121,0,MapMarker,1600179,m00013,Visible,@5208/i11000101,point marker review / confirm sequence slot
gld306,110362,Struck Through the Heart,class,data_or_stub,11036211,11,1,-431,187,101,121,0,MapMarker,1600179,m00013,Visible,@5208/i11000101,point marker review / confirm sequence slot
gld306,110362,Struck Through the Heart,class,data_or_stub,11036212,12,1,-431,187,101,121,0,MapMarker,1600179,m00013,Visible,@5208/i11000101,point marker review / confirm sequence slot
gld306,110362,Struck Through the Heart,class,data_or_stub,11036213,13,1,-431,187,101,121,0,MapMarker,1600179,m00013,Visible,@5208/i11000101,point marker review / confirm sequence slot
gld306,110362,Struck Through the Heart,class,data_or_stub,11036214,14,1,-431,187,101,121,0,MapMarker,1600179,m00013,Visible,@5208/i11000101,point marker review / confirm sequence slot
gld306,110362,Struck Through the Heart,class,data_or_stub,11036215,15,1,-431,187,101,121,0,MapMarker,1600179,m00013,Visible,@5208/i11000101,point marker review / confirm sequence slot
gld306,110362,Struck Through the Heart,class,data_or_stub,11036216,16,1,-431,187,101,121,0,MapMarker,1600179,m00013,Visible,@5208/i11000101,point marker review / confirm sequence slot
gld306,110362,Struck Through the Heart,class,data_or_stub,11036217,17,1,-431,187,101,121,0,MapMarker,1600179,m00013,Visible,@5208/i11000101,point marker review / confirm sequence slot
gld306,110362,Struck Through the Heart,class,data_or_stub,11036218,18,1,-431,187,101,121,0,MapMarker,1600179,m00013,Visible,@5208/i11000101,point marker review / confirm sequence slot
gld306,110362,Struck Through the Heart,class,data_or_stub,11036219,19,1,-431,187,101,121,0,MapMarker,1600179,m00013,Visible,@5208/i11000101,point marker review / confirm sequence slot
gld306,110362,Struck Through the Heart,class,data_or_stub,11036220,20,1,-431,187,101,121,0,MapMarker,1600179,m00013,Visible,@5208/i11000101,point marker review / confirm sequence slot
hrv200,110480,Gridanian Roots,class,data_or_stub,11048001,1,1,-202.690002,-1461.130005,103,321,0,MapMarkerQuest,1100263,m00013,Visible,@5208/i11048001,quest sequence marker review / getSequenceMarkerList
hrv200,110480,Gridanian Roots,class,data_or_stub,11048002,2,1,1449,920,103,305,0,MapMarkerQuest,4000257,m00013,Visible,@5208/i11048002,quest sequence marker review / getSequenceMarkerList
hrv200,110480,Gridanian Roots,class,data_or_stub,11048003,3,1,-202.910004,-1477.51001,103,321,0,MapMarkerQuest,4000257,m00013,Visible,@5208/i11048003,quest sequence marker review / getSequenceMarkerList
hrv200,110480,Gridanian Roots,class,data_or_stub,11048004,4,1,-205.679993,-1454.719971,103,321,0,MapMarkerQuest,1600132,m00013,Visible,@5208/i11048004,quest sequence marker review / getSequenceMarkerList
hrv200,110480,Gridanian Roots,class,data_or_stub,11048005,5,1,-431,187,101,121,0,MapMarker,1600179,m00013,Visible,@5208/i11000101,point marker review / confirm sequence slot
hrv200,110480,Gridanian Roots,class,data_or_stub,11048006,6,1,-431,187,101,121,0,MapMarker,1600179,m00013,Visible,@5208/i11000101,point marker review / confirm sequence slot
hrv200,110480,Gridanian Roots,class,data_or_stub,11048007,7,1,-431,187,101,121,0,MapMarker,1600179,m00013,Visible,@5208/i11000101,point marker review / confirm sequence slot
hrv200,110480,Gridanian Roots,class,data_or_stub,11048008,8,1,-431,187,101,121,0,MapMarker,1600179,m00013,Visible,@5208/i11000101,point marker review / confirm sequence slot
hrv200,110480,Gridanian Roots,class,data_or_stub,11048009,9,1,-431,187,101,121,0,MapMarker,1600179,m00013,Visible,@5208/i11000101,point marker review / confirm sequence slot
hrv200,110480,Gridanian Roots,class,data_or_stub,11048010,10,1,-431,187,101,121,0,MapMarker,1600179,m00013,Visible,@5208/i11000101,point marker review / confirm sequence slot
hrv200,110480,Gridanian Roots,class,data_or_stub,11048011,11,1,-431,187,101,121,0,MapMarker,1600179,m00013,Visible,@5208/i11000101,point marker review / confirm sequence slot
hrv200,110480,Gridanian Roots,class,data_or_stub,11048012,12,1,-431,187,101,121,0,MapMarker,1600179,m00013,Visible,@5208/i11000101,point marker review / confirm sequence slot
hrv200,110480,Gridanian Roots,class,data_or_stub,11048013,13,1,-431,187,101,121,0,MapMarker,1600179,m00013,Visible,@5208/i11000101,point marker review / confirm sequence slot
hrv200,110480,Gridanian Roots,class,data_or_stub,11048014,14,1,-431,187,101,121,0,MapMarker,1600179,m00013,Visible,@5208/i11000101,point marker review / confirm sequence slot
hrv200,110480,Gridanian Roots,class,data_or_stub,11048015,15,1,-431,187,101,121,0,MapMarker,1600179,m00013,Visible,@5208/i11000101,point marker review / confirm sequence slot
hrv200,110480,Gridanian Roots,class,data_or_stub,11048016,16,1,-431,187,101,121,0,MapMarker,1600179,m00013,Visible,@5208/i11000101,point marker review / confirm sequence slot
hrv200,110480,Gridanian Roots,class,data_or_stub,11048017,17,1,-431,187,101,121,0,MapMarker,1600179,m00013,Visible,@5208/i11000101,point marker review / confirm sequence slot
hrv200,110480,Gridanian Roots,class,data_or_stub,11048018,18,1,-431,187,101,121,0,MapMarker,1600179,m00013,Visible,@5208/i11000101,point marker review / confirm sequence slot
hrv200,110480,Gridanian Roots,class,data_or_stub,11048019,19,1,-431,187,101,121,0,MapMarker,1600179,m00013,Visible,@5208/i11000101,point marker review / confirm sequence slot
hrv200,110480,Gridanian Roots,class,data_or_stub,11048020,20,1,-431,187,101,121,0,MapMarker,1600179,m00013,Visible,@5208/i11000101,point marker review / confirm sequence slot
hrv300,110481,The Grass is Always Greener,class,data_or_stub,11048101,1,1,-202.690002,-1461.130005,103,321,0,MapMarkerQuest,1100263,m00013,Visible,@5208/i11048101,quest sequence marker review / getSequenceMarkerList
hrv300,110481,The Grass is Always Greener,class,data_or_stub,11048102,2,1,58.080002,-1183.329956,103,321,0,MapMarkerQuest,1100404,m00013,Visible,@5208/i11048102,quest sequence marker review / getSequenceMarkerList
hrv300,110481,The Grass is Always Greener,class,data_or_stub,11048103,3,1,-431,187,101,121,0,MapMarker,1600179,m00013,Visible,@5208/i11048103,point marker review / confirm sequence slot
hrv300,110481,The Grass is Always Greener,class,data_or_stub,11048104,4,1,-202.690002,-1461.130005,103,321,0,MapMarkerQuest,1100263,m00013,Visible,@5208/i11048104,quest sequence marker review / getSequenceMarkerList
hrv300,110481,The Grass is Always Greener,class,data_or_stub,11048105,5,1,-211.669998,279.040009,104,421,50,MapMarkerQuest,1200017,m00013,Visible,@5208/i11048105,quest sequence marker review / getSequenceMarkerList
hrv300,110481,The Grass is Always Greener,class,data_or_stub,11048106,6,1,-92.379997,313.429993,104,421,0,MapMarkerQuest,1100016,m00013,Visible,@5208/i11048106,quest sequence marker review / getSequenceMarkerList
hrv300,110481,The Grass is Always Greener,class,data_or_stub,11048107,7,1,-202.910004,-1477.51001,103,321,0,MapMarkerQuest,4000257,m00013,Visible,@5208/i11048107,quest sequence marker review / getSequenceMarkerList
hrv300,110481,The Grass is Always Greener,class,data_or_stub,11048108,8,1,-205.679993,-1454.719971,103,321,0,MapMarkerQuest,1600132,m00013,Visible,@5208/i11048108,quest sequence marker review / getSequenceMarkerList
hrv300,110481,The Grass is Always Greener,class,data_or_stub,11048109,9,1,358.589996,-697.450012,103,301,0,MapMarkerQuestArea,4000257,m00029,Visible,@5208/i11048109,marker table review
hrv300,110481,The Grass is Always Greener,class,data_or_stub,11048110,10,1,-193.990005,-629.150024,103,301,0,MapMarkerQuestArea,4000257,m00029,Visible,@5208/i11048110,marker table review
hrv300,110481,The Grass is Always Greener,class,data_or_stub,11048111,11,1,-431,187,101,121,0,MapMarker,1600179,m00013,Visible,@5208/i11000101,point marker review / confirm sequence slot
hrv300,110481,The Grass is Always Greener,class,data_or_stub,11048112,12,1,-431,187,101,121,0,MapMarker,1600179,m00013,Visible,@5208/i11000101,point marker review / confirm sequence slot
hrv300,110481,The Grass is Always Greener,class,data_or_stub,11048113,13,1,-431,187,101,121,0,MapMarker,1600179,m00013,Visible,@5208/i11000101,point marker review / confirm sequence slot
hrv300,110481,The Grass is Always Greener,class,data_or_stub,11048114,14,1,-431,187,101,121,0,MapMarker,1600179,m00013,Visible,@5208/i11000101,point marker review / confirm sequence slot
hrv300,110481,The Grass is Always Greener,class,data_or_stub,11048115,15,1,-431,187,101,121,0,MapMarker,1600179,m00013,Visible,@5208/i11000101,point marker review / confirm sequence slot
hrv300,110481,The Grass is Always Greener,class,data_or_stub,11048116,16,1,-431,187,101,121,0,MapMarker,1600179,m00013,Visible,@5208/i11000101,point marker review / confirm sequence slot
hrv300,110481,The Grass is Always Greener,class,data_or_stub,11048117,17,1,-431,187,101,121,0,MapMarker,1600179,m00013,Visible,@5208/i11000101,point marker review / confirm sequence slot
hrv300,110481,The Grass is Always Greener,class,data_or_stub,11048118,18,1,-431,187,101,121,0,MapMarker,1600179,m00013,Visible,@5208/i11000101,point marker review / confirm sequence slot
hrv300,110481,The Grass is Always Greener,class,data_or_stub,11048119,19,1,-431,187,101,121,0,MapMarker,1600179,m00013,Visible,@5208/i11000101,point marker review / confirm sequence slot
hrv300,110481,The Grass is Always Greener,class,data_or_stub,11048120,20,1,-431,187,101,121,0,MapMarker,1600179,m00013,Visible,@5208/i11000101,point marker review / confirm sequence slot
hrv306,110482,A Moogle Bouquet,class,data_or_stub,11048201,1,1,-209.520004,-1480.619995,103,321,0,MapMarkerQuest,1100416,m00013,Visible,@5208/i11048201,quest sequence marker review / getSequenceMarkerList
hrv306,110482,A Moogle Bouquet,class,data_or_stub,11048202,2,1,-1310.800049,-214.330002,103,304,0,MapMarkerQuest,4000257,m00013,Visible,@5208/i11048202,quest sequence marker review / getSequenceMarkerList
hrv306,110482,A Moogle Bouquet,class,data_or_stub,11048203,3,1,-431,187,101,121,0,MapMarker,1600179,m00013,Visible,@5208/i11048203,point marker review / confirm sequence slot
hrv306,110482,A Moogle Bouquet,class,data_or_stub,11048204,4,1,-209.520004,-1480.619995,103,321,0,MapMarkerQuest,1100416,m00013,Visible,@5208/i11048204,quest sequence marker review / getSequenceMarkerList
hrv306,110482,A Moogle Bouquet,class,data_or_stub,11048205,5,1,-202.690002,-1461.130005,103,321,0,MapMarkerQuest,1100263,m00013,Visible,@5208/i11048205,quest sequence marker review / getSequenceMarkerList
hrv306,110482,A Moogle Bouquet,class,data_or_stub,11048206,6,1,-205.679993,-1454.719971,103,321,0,MapMarkerQuest,1600132,m00013,Visible,@5208/i11048206,quest sequence marker review / getSequenceMarkerList
hrv306,110482,A Moogle Bouquet,class,data_or_stub,11048207,7,1,-126.489998,-607.130005,103,301,0,MapMarkerQuest,4000257,m00013,Visible,@5208/i11048207,quest sequence marker review / getSequenceMarkerList
hrv306,110482,A Moogle Bouquet,class,data_or_stub,11048208,8,1,-205.679993,-1454.719971,103,321,0,MapMarkerQuest,1600132,m00013,Visible,@5208/i11048208,quest sequence marker review / getSequenceMarkerList
hrv306,110482,A Moogle Bouquet,class,data_or_stub,11048209,9,1,-205,-1457,103,321,0,MapMarkerQuest,4000257,m00013,Visible,@5208/i11048209,quest sequence marker review / getSequenceMarkerList
hrv306,110482,A Moogle Bouquet,class,data_or_stub,11048210,10,1,-205.679993,-1454.719971,103,321,0,MapMarkerQuest,1600132,m00013,Visible,@5208/i11048210,quest sequence marker review / getSequenceMarkerList
hrv306,110482,A Moogle Bouquet,class,data_or_stub,11048211,11,1,-571.469971,-769.150024,103,301,0,MapMarkerQuest,4000257,m00013,Visible,@5208/i11048211,quest sequence marker review / getSequenceMarkerList
hrv306,110482,A Moogle Bouquet,class,data_or_stub,11048212,12,1,-202.690002,-1461.130005,103,321,0,MapMarkerQuest,1100263,m00013,Visible,@5208/i11048212,quest sequence marker review / getSequenceMarkerList
hrv306,110482,A Moogle Bouquet,class,data_or_stub,11048213,13,1,-431,187,101,121,0,MapMarker,1600179,m00013,Visible,@5208/i11000101,point marker review / confirm sequence slot
hrv306,110482,A Moogle Bouquet,class,data_or_stub,11048214,14,1,-431,187,101,121,0,MapMarker,1600179,m00013,Visible,@5208/i11000101,point marker review / confirm sequence slot
hrv306,110482,A Moogle Bouquet,class,data_or_stub,11048215,15,1,-431,187,101,121,0,MapMarker,1600179,m00013,Visible,@5208/i11000101,point marker review / confirm sequence slot
hrv306,110482,A Moogle Bouquet,class,data_or_stub,11048216,16,1,-431,187,101,121,0,MapMarker,1600179,m00013,Visible,@5208/i11000101,point marker review / confirm sequence slot
hrv306,110482,A Moogle Bouquet,class,data_or_stub,11048217,17,1,-431,187,101,121,0,MapMarker,1600179,m00013,Visible,@5208/i11000101,point marker review / confirm sequence slot
hrv306,110482,A Moogle Bouquet,class,data_or_stub,11048218,18,1,-431,187,101,121,0,MapMarker,1600179,m00013,Visible,@5208/i11000101,point marker review / confirm sequence slot
hrv306,110482,A Moogle Bouquet,class,data_or_stub,11048219,19,1,-431,187,101,121,0,MapMarker,1600179,m00013,Visible,@5208/i11000101,point marker review / confirm sequence slot
hrv306,110482,A Moogle Bouquet,class,data_or_stub,11048220,20,1,-431,187,101,121,0,MapMarker,1600179,m00013,Visible,@5208/i11000101,point marker review / confirm sequence slot
lnc200,110180,A Wailing Welcome,class,data_or_stub,11018001,1,1,195.039993,-1591.099976,103,321,0,MapMarkerQuest,1900046,m00013,Visible,@5208/i11018001,quest sequence marker review / getSequenceMarkerList
lnc200,110180,A Wailing Welcome,class,data_or_stub,11018002,2,1,-642.01001,-1060.050049,103,301,0,MapMarkerQuest,4000257,m00013,Visible,@5208/i11018002,quest sequence marker review / getSequenceMarkerList
lnc200,110180,A Wailing Welcome,class,data_or_stub,11018003,3,1,195.039993,-1591.099976,103,321,0,MapMarkerQuest,1900046,m00013,Visible,@5208/i11018003,quest sequence marker review / getSequenceMarkerList
lnc200,110180,A Wailing Welcome,class,data_or_stub,11018004,4,1,179.149994,-1580.589966,103,321,0,MapMarkerQuest,1100014,m00013,Visible,@5208/i11018004,quest sequence marker review / getSequenceMarkerList
lnc200,110180,A Wailing Welcome,class,data_or_stub,11018005,5,1,-431,187,101,121,0,MapMarker,1600179,m00013,Visible,@5208/i11000101,point marker review / confirm sequence slot
lnc200,110180,A Wailing Welcome,class,data_or_stub,11018006,6,1,-431,187,101,121,0,MapMarker,1600179,m00013,Visible,@5208/i11000101,point marker review / confirm sequence slot
lnc200,110180,A Wailing Welcome,class,data_or_stub,11018007,7,1,-431,187,101,121,0,MapMarker,1600179,m00013,Visible,@5208/i11000101,point marker review / confirm sequence slot
lnc200,110180,A Wailing Welcome,class,data_or_stub,11018008,8,1,-431,187,101,121,0,MapMarker,1600179,m00013,Visible,@5208/i11000101,point marker review / confirm sequence slot
lnc200,110180,A Wailing Welcome,class,data_or_stub,11018009,9,1,-431,187,101,121,0,MapMarker,1600179,m00013,Visible,@5208/i11000101,point marker review / confirm sequence slot
lnc200,110180,A Wailing Welcome,class,data_or_stub,11018010,10,1,-431,187,101,121,0,MapMarker,1600179,m00013,Visible,@5208/i11000101,point marker review / confirm sequence slot
lnc200,110180,A Wailing Welcome,class,data_or_stub,11018011,11,1,-431,187,101,121,0,MapMarker,1600179,m00013,Visible,@5208/i11000101,point marker review / confirm sequence slot
lnc200,110180,A Wailing Welcome,class,data_or_stub,11018012,12,1,-431,187,101,121,0,MapMarker,1600179,m00013,Visible,@5208/i11000101,point marker review / confirm sequence slot
lnc200,110180,A Wailing Welcome,class,data_or_stub,11018013,13,1,-431,187,101,121,0,MapMarker,1600179,m00013,Visible,@5208/i11000101,point marker review / confirm sequence slot
lnc200,110180,A Wailing Welcome,class,data_or_stub,11018014,14,1,-431,187,101,121,0,MapMarker,1600179,m00013,Visible,@5208/i11000101,point marker review / confirm sequence slot
lnc200,110180,A Wailing Welcome,class,data_or_stub,11018015,15,1,-431,187,101,121,0,MapMarker,1600179,m00013,Visible,@5208/i11000101,point marker review / confirm sequence slot
lnc200,110180,A Wailing Welcome,class,data_or_stub,11018016,16,1,-431,187,101,121,0,MapMarker,1600179,m00013,Visible,@5208/i11000101,point marker review / confirm sequence slot
lnc200,110180,A Wailing Welcome,class,data_or_stub,11018017,17,1,-431,187,101,121,0,MapMarker,1600179,m00013,Visible,@5208/i11000101,point marker review / confirm sequence slot
lnc200,110180,A Wailing Welcome,class,data_or_stub,11018018,18,1,-431,187,101,121,0,MapMarker,1600179,m00013,Visible,@5208/i11000101,point marker review / confirm sequence slot
lnc200,110180,A Wailing Welcome,class,data_or_stub,11018019,19,1,-431,187,101,121,0,MapMarker,1600179,m00013,Visible,@5208/i11000101,point marker review / confirm sequence slot
lnc200,110180,A Wailing Welcome,class,data_or_stub,11018020,20,1,-431,187,101,121,0,MapMarker,1600179,m00013,Visible,@5208/i11000101,point marker review / confirm sequence slot
lnc300,110181,Culture Shock,class,data_or_stub,11018101,1,1,-184.940002,108.870003,104,421,0,MapMarkerQuest,1400019,m00013,Visible,@5208/i11018101,quest sequence marker review / getSequenceMarkerList
lnc300,110181,Culture Shock,class,data_or_stub,11018102,2,1,195.039993,-1591.099976,103,321,0,MapMarkerQuest,1900046,m00013,Visible,@5208/i11018102,quest sequence marker review / getSequenceMarkerList
lnc300,110181,Culture Shock,class,data_or_stub,11018103,3,1,379.700012,-14.3,103,301,0,MapMarkerQuest,4000257,m00013,Visible,@5208/i11018103,quest sequence marker review / getSequenceMarkerList
lnc300,110181,Culture Shock,class,data_or_stub,11018104,4,1,187.479996,-1583.959961,103,321,0,MapMarkerQuest,4000135,m00013,Visible,@5208/i11018104,quest sequence marker review / getSequenceMarkerList
lnc300,110181,Culture Shock,class,data_or_stub,11018105,5,1,195.039993,-1591.099976,103,321,0,MapMarkerQuest,1900046,m00013,Visible,@5208/i11018105,quest sequence marker review / getSequenceMarkerList
lnc300,110181,Culture Shock,class,data_or_stub,11018106,6,1,179.149994,-1580.589966,103,321,0,MapMarkerQuest,1100014,m00013,Visible,@5208/i11018106,quest sequence marker review / getSequenceMarkerList
lnc300,110181,Culture Shock,class,data_or_stub,11018107,7,1,-177.899994,95.830002,104,421,0,MapMarkerQuest,2200071,m00013,Visible,@5208/i11018107,quest sequence marker review / getSequenceMarkerList
lnc300,110181,Culture Shock,class,data_or_stub,11018108,8,1,-431,187,101,121,0,MapMarker,1600179,m00013,Visible,@5208/i11000101,point marker review / confirm sequence slot
lnc300,110181,Culture Shock,class,data_or_stub,11018109,9,1,-431,187,101,121,0,MapMarker,1600179,m00013,Visible,@5208/i11000101,point marker review / confirm sequence slot
lnc300,110181,Culture Shock,class,data_or_stub,11018110,10,1,-431,187,101,121,0,MapMarker,1600179,m00013,Visible,@5208/i11000101,point marker review / confirm sequence slot
lnc300,110181,Culture Shock,class,data_or_stub,11018111,11,1,-431,187,101,121,0,MapMarker,1600179,m00013,Visible,@5208/i11000101,point marker review / confirm sequence slot
lnc300,110181,Culture Shock,class,data_or_stub,11018112,12,1,-431,187,101,121,0,MapMarker,1600179,m00013,Visible,@5208/i11000101,point marker review / confirm sequence slot
lnc300,110181,Culture Shock,class,data_or_stub,11018113,13,1,-431,187,101,121,0,MapMarker,1600179,m00013,Visible,@5208/i11000101,point marker review / confirm sequence slot
lnc300,110181,Culture Shock,class,data_or_stub,11018114,14,1,-431,187,101,121,0,MapMarker,1600179,m00013,Visible,@5208/i11000101,point marker review / confirm sequence slot
lnc300,110181,Culture Shock,class,data_or_stub,11018115,15,1,-431,187,101,121,0,MapMarker,1600179,m00013,Visible,@5208/i11000101,point marker review / confirm sequence slot
lnc300,110181,Culture Shock,class,data_or_stub,11018116,16,1,-431,187,101,121,0,MapMarker,1600179,m00013,Visible,@5208/i11000101,point marker review / confirm sequence slot
lnc300,110181,Culture Shock,class,data_or_stub,11018117,17,1,-431,187,101,121,0,MapMarker,1600179,m00013,Visible,@5208/i11000101,point marker review / confirm sequence slot
lnc300,110181,Culture Shock,class,data_or_stub,11018118,18,1,-431,187,101,121,0,MapMarker,1600179,m00013,Visible,@5208/i11000101,point marker review / confirm sequence slot
lnc300,110181,Culture Shock,class,data_or_stub,11018119,19,1,-431,187,101,121,0,MapMarker,1600179,m00013,Visible,@5208/i11000101,point marker review / confirm sequence slot
lnc300,110181,Culture Shock,class,data_or_stub,11018120,20,1,-431,187,101,121,0,MapMarker,1600179,m00013,Visible,@5208/i11000101,point marker review / confirm sequence slot
lnc306,110182,Necessary Evils,class,data_or_stub,11018201,1,1,195.039993,-1591.099976,103,321,0,MapMarkerQuest,1900046,m00013,Visible,@5208/i11018201,quest sequence marker review / getSequenceMarkerList
lnc306,110182,Necessary Evils,class,data_or_stub,11018202,2,1,394.230011,-782.400024,103,301,0,MapMarkerQuest,4000257,m00013,Visible,@5208/i11018202,quest sequence marker review / getSequenceMarkerList
lnc306,110182,Necessary Evils,class,data_or_stub,11018203,3,1,299.320007,-539.690002,103,301,0,MapMarkerQuest,4000135,m00013,Visible,@5208/i11018203,quest sequence marker review / getSequenceMarkerList
lnc306,110182,Necessary Evils,class,data_or_stub,11018204,4,1,195.039993,-1591.099976,103,321,0,MapMarkerQuest,1900046,m00013,Visible,@5208/i11018204,quest sequence marker review / getSequenceMarkerList
lnc306,110182,Necessary Evils,class,data_or_stub,11018205,5,1,179.149994,-1580.589966,103,321,0,MapMarkerQuest,1100014,m00013,Visible,@5208/i11018205,quest sequence marker review / getSequenceMarkerList
lnc306,110182,Necessary Evils,class,data_or_stub,11018206,6,1,-431,187,101,121,0,MapMarker,1600179,m00013,Visible,@5208/i11000101,point marker review / confirm sequence slot
lnc306,110182,Necessary Evils,class,data_or_stub,11018207,7,1,-431,187,101,121,0,MapMarker,1600179,m00013,Visible,@5208/i11000101,point marker review / confirm sequence slot
lnc306,110182,Necessary Evils,class,data_or_stub,11018208,8,1,-431,187,101,121,0,MapMarker,1600179,m00013,Visible,@5208/i11000101,point marker review / confirm sequence slot
lnc306,110182,Necessary Evils,class,data_or_stub,11018209,9,1,-431,187,101,121,0,MapMarker,1600179,m00013,Visible,@5208/i11000101,point marker review / confirm sequence slot
lnc306,110182,Necessary Evils,class,data_or_stub,11018210,10,1,-431,187,101,121,0,MapMarker,1600179,m00013,Visible,@5208/i11000101,point marker review / confirm sequence slot
lnc306,110182,Necessary Evils,class,data_or_stub,11018211,11,1,-431,187,101,121,0,MapMarker,1600179,m00013,Visible,@5208/i11000101,point marker review / confirm sequence slot
lnc306,110182,Necessary Evils,class,data_or_stub,11018212,12,1,-431,187,101,121,0,MapMarker,1600179,m00013,Visible,@5208/i11000101,point marker review / confirm sequence slot
lnc306,110182,Necessary Evils,class,data_or_stub,11018213,13,1,-431,187,101,121,0,MapMarker,1600179,m00013,Visible,@5208/i11000101,point marker review / confirm sequence slot
lnc306,110182,Necessary Evils,class,data_or_stub,11018214,14,1,-431,187,101,121,0,MapMarker,1600179,m00013,Visible,@5208/i11000101,point marker review / confirm sequence slot
lnc306,110182,Necessary Evils,class,data_or_stub,11018215,15,1,-431,187,101,121,0,MapMarker,1600179,m00013,Visible,@5208/i11000101,point marker review / confirm sequence slot
lnc306,110182,Necessary Evils,class,data_or_stub,11018216,16,1,-431,187,101,121,0,MapMarker,1600179,m00013,Visible,@5208/i11000101,point marker review / confirm sequence slot
lnc306,110182,Necessary Evils,class,data_or_stub,11018217,17,1,-431,187,101,121,0,MapMarker,1600179,m00013,Visible,@5208/i11000101,point marker review / confirm sequence slot
lnc306,110182,Necessary Evils,class,data_or_stub,11018218,18,1,-431,187,101,121,0,MapMarker,1600179,m00013,Visible,@5208/i11000101,point marker review / confirm sequence slot
lnc306,110182,Necessary Evils,class,data_or_stub,11018219,19,1,-431,187,101,121,0,MapMarker,1600179,m00013,Visible,@5208/i11000101,point marker review / confirm sequence slot
lnc306,110182,Necessary Evils,class,data_or_stub,11018220,20,1,-431,187,101,121,0,MapMarker,1600179,m00013,Visible,@5208/i11000101,point marker review / confirm sequence slot
min200,110460,A Piece of History,class,data_or_stub,11046001,1,1,92.779999,-1030.310059,104,401,0,MapMarkerQuest,1900018,m00013,Visible,@5208/i11046001,quest sequence marker review / getSequenceMarkerList
min200,110460,A Piece of History,class,data_or_stub,11046002,2,1,-431,187,101,121,0,MapMarker,4000257,m00013,Visible,@5208/i11046002,point marker review / confirm sequence slot
min200,110460,A Piece of History,class,data_or_stub,11046003,3,1,92.779999,-1030.310059,104,421,0,MapMarkerQuest,1900018,m00013,Visible,@5208/i11046003,quest sequence marker review / getSequenceMarkerList
min200,110460,A Piece of History,class,data_or_stub,11046004,4,1,91.529999,-1029.72998,104,401,0,MapMarkerQuest,1500080,m00013,Visible,@5208/i11046004,quest sequence marker review / getSequenceMarkerList
min200,110460,A Piece of History,class,data_or_stub,11046005,5,1,-92.470001,313.309998,104,421,0,MapMarkerQuest,1100016,m00013,Visible,@5208/i11046005,quest sequence marker review / getSequenceMarkerList
min200,110460,A Piece of History,class,data_or_stub,11046006,6,1,1083.300049,-310.589996,104,402,0,MapMarkerQuestArea,4000257,m00029,Visible,@5208/i11046006,marker table review
min200,110460,A Piece of History,class,data_or_stub,11046007,7,1,-1102.719971,-204.369995,104,403,0,MapMarkerQuestArea,4000257,m00029,Visible,@5208/i11046007,marker table review
min200,110460,A Piece of History,class,data_or_stub,11046008,8,1,-126.610001,-289.529999,104,401,0,MapMarkerQuestArea,4000257,m00029,Visible,@5208/i11046008,marker table review
min200,110460,A Piece of History,class,data_or_stub,11046009,9,1,-431,187,101,121,0,MapMarker,1600179,m00013,Visible,@5208/i11000101,point marker review / confirm sequence slot
min200,110460,A Piece of History,class,data_or_stub,11046010,10,1,-431,187,101,121,0,MapMarker,1600179,m00013,Visible,@5208/i11000101,point marker review / confirm sequence slot
min200,110460,A Piece of History,class,data_or_stub,11046011,11,1,-431,187,101,121,0,MapMarker,1600179,m00013,Visible,@5208/i11000101,point marker review / confirm sequence slot
min200,110460,A Piece of History,class,data_or_stub,11046012,12,1,-431,187,101,121,0,MapMarker,1600179,m00013,Visible,@5208/i11000101,point marker review / confirm sequence slot
min200,110460,A Piece of History,class,data_or_stub,11046013,13,1,-431,187,101,121,0,MapMarker,1600179,m00013,Visible,@5208/i11000101,point marker review / confirm sequence slot
min200,110460,A Piece of History,class,data_or_stub,11046014,14,1,-431,187,101,121,0,MapMarker,1600179,m00013,Visible,@5208/i11000101,point marker review / confirm sequence slot
min200,110460,A Piece of History,class,data_or_stub,11046015,15,1,-431,187,101,121,0,MapMarker,1600179,m00013,Visible,@5208/i11000101,point marker review / confirm sequence slot
min200,110460,A Piece of History,class,data_or_stub,11046016,16,1,-431,187,101,121,0,MapMarker,1600179,m00013,Visible,@5208/i11000101,point marker review / confirm sequence slot
min200,110460,A Piece of History,class,data_or_stub,11046017,17,1,-431,187,101,121,0,MapMarker,1600179,m00013,Visible,@5208/i11000101,point marker review / confirm sequence slot
min200,110460,A Piece of History,class,data_or_stub,11046018,18,1,-431,187,101,121,0,MapMarker,1600179,m00013,Visible,@5208/i11000101,point marker review / confirm sequence slot
min200,110460,A Piece of History,class,data_or_stub,11046019,19,1,-431,187,101,121,0,MapMarker,1600179,m00013,Visible,@5208/i11000101,point marker review / confirm sequence slot
min200,110460,A Piece of History,class,data_or_stub,11046020,20,1,-431,187,101,121,0,MapMarker,1600179,m00013,Visible,@5208/i11000101,point marker review / confirm sequence slot
min300,110461,Little Saboteurs,class,data_or_stub,11046101,1,1,55.82,-1212.22998,103,321,0,MapMarkerQuest,1900110,m00013,Visible,@5208/i11046101,quest sequence marker review / getSequenceMarkerList
min300,110461,Little Saboteurs,class,data_or_stub,11046102,2,1,-431,187,101,121,0,MapMarker,4000257,m00013,Visible,@5208/i11046102,point marker review / confirm sequence slot
min300,110461,Little Saboteurs,class,data_or_stub,11046103,3,1,-431,187,101,121,0,MapMarker,1600179,m00013,Visible,@5208/i11046103,point marker review / confirm sequence slot
min300,110461,Little Saboteurs,class,data_or_stub,11046104,4,1,62.040001,-1241.930054,103,321,0,MapMarkerQuest,4000559,m00013,Visible,@5208/i11046104,quest sequence marker review / getSequenceMarkerList
min300,110461,Little Saboteurs,class,data_or_stub,11046105,5,1,-431,187,101,121,0,MapMarker,1600179,m00013,Visible,@5208/i11046105,point marker review / confirm sequence slot
min300,110461,Little Saboteurs,class,data_or_stub,11046106,6,1,1504.369995,1312.719971,103,305,0,MapMarkerQuest,4000257,m00013,Visible,@5208/i11046106,quest sequence marker review / getSequenceMarkerList
min300,110461,Little Saboteurs,class,data_or_stub,11046107,7,1,-431,187,101,121,0,MapMarker,4000257,m00013,Visible,@5208/i11046107,point marker review / confirm sequence slot
min300,110461,Little Saboteurs,class,data_or_stub,11046108,8,1,-92.470001,313.309998,104,421,0,MapMarkerQuest,1100016,m00013,Visible,@5208/i11046108,quest sequence marker review / getSequenceMarkerList
min300,110461,Little Saboteurs,class,data_or_stub,11046109,9,1,-121.989998,257.619995,104,421,0,MapMarkerQuest,4000257,m00013,Visible,@5208/i11046109,quest sequence marker review / getSequenceMarkerList
min300,110461,Little Saboteurs,class,data_or_stub,11046110,10,1,-135.929993,266.429993,104,421,0,MapMarkerQuest,1500080,m00013,Visible,@5208/i11046110,quest sequence marker review / getSequenceMarkerList
min300,110461,Little Saboteurs,class,data_or_stub,11046111,11,1,-92.470001,313.309998,104,421,0,MapMarkerQuest,1100016,m00013,Visible,@5208/i11046111,quest sequence marker review / getSequenceMarkerList
min300,110461,Little Saboteurs,class,data_or_stub,11046112,12,1,-95.660004,316.790009,104,421,0,MapMarkerQuest,1400080,m00013,Visible,@5208/i11046112,quest sequence marker review / getSequenceMarkerList
min300,110461,Little Saboteurs,class,data_or_stub,11046113,13,1,-94.57,316.459991,104,421,0,MapMarkerQuest,1400081,m00013,Visible,@5208/i11046113,quest sequence marker review / getSequenceMarkerList
min300,110461,Little Saboteurs,class,data_or_stub,11046114,14,1,2239.620117,-1699.02002,103,305,0,MapMarkerQuest,4000257,m00013,Visible,@5208/i11046114,quest sequence marker review / getSequenceMarkerList
min300,110461,Little Saboteurs,class,data_or_stub,11046115,15,1,-431,187,101,121,0,MapMarker,1600179,m00013,Visible,@5208/i11000101,point marker review / confirm sequence slot
min300,110461,Little Saboteurs,class,data_or_stub,11046116,16,1,-431,187,101,121,0,MapMarker,1600179,m00013,Visible,@5208/i11000101,point marker review / confirm sequence slot
min300,110461,Little Saboteurs,class,data_or_stub,11046117,17,1,-431,187,101,121,0,MapMarker,1600179,m00013,Visible,@5208/i11000101,point marker review / confirm sequence slot
min300,110461,Little Saboteurs,class,data_or_stub,11046118,18,1,-431,187,101,121,0,MapMarker,1600179,m00013,Visible,@5208/i11000101,point marker review / confirm sequence slot
min300,110461,Little Saboteurs,class,data_or_stub,11046119,19,1,-431,187,101,121,0,MapMarker,1600179,m00013,Visible,@5208/i11000101,point marker review / confirm sequence slot
min300,110461,Little Saboteurs,class,data_or_stub,11046120,20,1,-431,187,101,121,0,MapMarker,1600179,m00013,Visible,@5208/i11000101,point marker review / confirm sequence slot
min306,110462,Runaway Little Girl,class,data_or_stub,11046201,1,1,-73.410004,78.480003,104,421,0,MapMarkerQuest,1500014,m00013,Visible,@5208/i11046201,quest sequence marker review / getSequenceMarkerList
min306,110462,Runaway Little Girl,class,data_or_stub,11046202,2,1,-431,187,101,121,0,MapMarker,1600179,m00013,Visible,@5208/i11046202,point marker review / confirm sequence slot
min306,110462,Runaway Little Girl,class,data_or_stub,11046203,3,1,131,487,104,401,0,MapMarkerQuest,4000257,m00013,Visible,@5208/i11046203,quest sequence marker review / getSequenceMarkerList
min306,110462,Runaway Little Girl,class,data_or_stub,11046204,4,1,-728.059998,-357.149994,104,403,0,MapMarkerQuest,4000257,m00013,Visible,@5208/i11046204,quest sequence marker review / getSequenceMarkerList
min306,110462,Runaway Little Girl,class,data_or_stub,11046205,5,1,-2155,-428,104,403,0,MapMarkerQuest,4000257,m00013,Visible,@5208/i11046205,quest sequence marker review / getSequenceMarkerList
min306,110462,Runaway Little Girl,class,data_or_stub,11046206,6,1,-431,187,101,121,0,MapMarker,1600179,m00013,Visible,@5208/i11046206,point marker review / confirm sequence slot
min306,110462,Runaway Little Girl,class,data_or_stub,11046207,7,1,-92.470001,313.309998,104,421,0,MapMarkerQuest,1100016,m00013,Visible,@5208/i11046207,quest sequence marker review / getSequenceMarkerList
min306,110462,Runaway Little Girl,class,data_or_stub,11046208,8,1,-431,187,101,121,0,MapMarker,1600179,m00013,Visible,@5208/i11000101,point marker review / confirm sequence slot
min306,110462,Runaway Little Girl,class,data_or_stub,11046209,9,1,-431,187,101,121,0,MapMarker,1600179,m00013,Visible,@5208/i11000101,point marker review / confirm sequence slot
min306,110462,Runaway Little Girl,class,data_or_stub,11046210,10,1,-431,187,101,121,0,MapMarker,1600179,m00013,Visible,@5208/i11000101,point marker review / confirm sequence slot
min306,110462,Runaway Little Girl,class,data_or_stub,11046211,11,1,-431,187,101,121,0,MapMarker,1600179,m00013,Visible,@5208/i11000101,point marker review / confirm sequence slot
min306,110462,Runaway Little Girl,class,data_or_stub,11046212,12,1,-431,187,101,121,0,MapMarker,1600179,m00013,Visible,@5208/i11000101,point marker review / confirm sequence slot
min306,110462,Runaway Little Girl,class,data_or_stub,11046213,13,1,-431,187,101,121,0,MapMarker,1600179,m00013,Visible,@5208/i11000101,point marker review / confirm sequence slot
min306,110462,Runaway Little Girl,class,data_or_stub,11046214,14,1,-431,187,101,121,0,MapMarker,1600179,m00013,Visible,@5208/i11000101,point marker review / confirm sequence slot
min306,110462,Runaway Little Girl,class,data_or_stub,11046215,15,1,-431,187,101,121,0,MapMarker,1600179,m00013,Visible,@5208/i11000101,point marker review / confirm sequence slot
min306,110462,Runaway Little Girl,class,data_or_stub,11046216,16,1,-431,187,101,121,0,MapMarker,1600179,m00013,Visible,@5208/i11000101,point marker review / confirm sequence slot
min306,110462,Runaway Little Girl,class,data_or_stub,11046217,17,1,-431,187,101,121,0,MapMarker,1600179,m00013,Visible,@5208/i11000101,point marker review / confirm sequence slot
min306,110462,Runaway Little Girl,class,data_or_stub,11046218,18,1,-431,187,101,121,0,MapMarker,1600179,m00013,Visible,@5208/i11000101,point marker review / confirm sequence slot
min306,110462,Runaway Little Girl,class,data_or_stub,11046219,19,1,-431,187,101,121,0,MapMarker,1600179,m00013,Visible,@5208/i11000101,point marker review / confirm sequence slot
min306,110462,Runaway Little Girl,class,data_or_stub,11046220,20,1,-431,187,101,121,0,MapMarker,1600179,m00013,Visible,@5208/i11000101,point marker review / confirm sequence slot
pgl200,110060,The House Always Wins,class,handwritten_event_driver,11006001,1,1,-170.630005,117.150002,104,421,0,MapMarkerQuest,1400021,m00013,Visible,@5208/i11006001,quest sequence marker review / getSequenceMarkerList
pgl200,110060,The House Always Wins,class,handwritten_event_driver,11006002,2,1,-121.989998,257.619995,104,421,0,MapMarkerQuest,4000257,m00013,Visible,@5208/i11006002,quest sequence marker review / getSequenceMarkerList
pgl200,110060,The House Always Wins,class,handwritten_event_driver,11006003,3,1,-125.739998,269.170013,104,421,0,MapMarkerQuest,1000104,m00013,Visible,@5208/i11006003,quest sequence marker review / getSequenceMarkerList
pgl200,110060,The House Always Wins,class,handwritten_event_driver,11006004,4,1,-125.739998,269.170013,104,421,0,MapMarkerQuest,1000104,m00013,Visible,@5208/i11006004,quest sequence marker review / getSequenceMarkerList
pgl200,110060,The House Always Wins,class,handwritten_event_driver,11006005,5,1,0.29,144.529999,104,421,0,MapMarkerQuest,1400111,m00013,Visible,@5208/i11006005,quest sequence marker review / getSequenceMarkerList
pgl200,110060,The House Always Wins,class,handwritten_event_driver,11006006,6,1,-183.529999,82.760002,104,421,0,MapMarkerQuest,4000257,m00013,Visible,@5208/i11006006,quest sequence marker review / getSequenceMarkerList
pgl200,110060,The House Always Wins,class,handwritten_event_driver,11006007,7,1,-191.979996,181.330002,104,421,0,MapMarkerQuest,1000229,m00013,Visible,@5208/i11006007,quest sequence marker review / getSequenceMarkerList
pgl200,110060,The House Always Wins,class,handwritten_event_driver,11006008,8,1,-170.630005,117.150002,104,421,0,MapMarkerQuest,1400021,m00013,Visible,@5208/i11006008,quest sequence marker review / getSequenceMarkerList
pgl200,110060,The House Always Wins,class,handwritten_event_driver,11006009,9,1,-431,187,101,121,0,MapMarker,1600179,m00013,Visible,@5208/i11000101,point marker review / confirm sequence slot
pgl200,110060,The House Always Wins,class,handwritten_event_driver,11006010,10,1,-431,187,101,121,0,MapMarker,1600179,m00013,Visible,@5208/i11000101,point marker review / confirm sequence slot
pgl200,110060,The House Always Wins,class,handwritten_event_driver,11006011,11,1,-431,187,101,121,0,MapMarker,1600179,m00013,Visible,@5208/i11000101,point marker review / confirm sequence slot
pgl200,110060,The House Always Wins,class,handwritten_event_driver,11006012,12,1,-431,187,101,121,0,MapMarker,1600179,m00013,Visible,@5208/i11000101,point marker review / confirm sequence slot
pgl200,110060,The House Always Wins,class,handwritten_event_driver,11006013,13,1,-431,187,101,121,0,MapMarker,1600179,m00013,Visible,@5208/i11000101,point marker review / confirm sequence slot
pgl200,110060,The House Always Wins,class,handwritten_event_driver,11006014,14,1,-431,187,101,121,0,MapMarker,1600179,m00013,Visible,@5208/i11000101,point marker review / confirm sequence slot
pgl200,110060,The House Always Wins,class,handwritten_event_driver,11006015,15,1,-431,187,101,121,0,MapMarker,1600179,m00013,Visible,@5208/i11000101,point marker review / confirm sequence slot
pgl200,110060,The House Always Wins,class,handwritten_event_driver,11006016,16,1,-431,187,101,121,0,MapMarker,1600179,m00013,Visible,@5208/i11000101,point marker review / confirm sequence slot
pgl200,110060,The House Always Wins,class,handwritten_event_driver,11006017,17,1,-431,187,101,121,0,MapMarker,1600179,m00013,Visible,@5208/i11000101,point marker review / confirm sequence slot
pgl200,110060,The House Always Wins,class,handwritten_event_driver,11006018,18,1,-431,187,101,121,0,MapMarker,1600179,m00013,Visible,@5208/i11000101,point marker review / confirm sequence slot
pgl200,110060,The House Always Wins,class,handwritten_event_driver,11006019,19,1,-431,187,101,121,0,MapMarker,1600179,m00013,Visible,@5208/i11000101,point marker review / confirm sequence slot
pgl200,110060,The House Always Wins,class,handwritten_event_driver,11006020,20,1,-431,187,101,121,0,MapMarker,1600179,m00013,Visible,@5208/i11000101,point marker review / confirm sequence slot
pgl300,110061,Here There Be Pirates,class,data_or_stub,11006101,1,1,-752.530029,382.140015,101,121,0,MapMarkerQuest,1600217,m00013,Visible,@5208/i11006101,quest sequence marker review / getSequenceMarkerList
pgl300,110061,Here There Be Pirates,class,data_or_stub,11006102,2,1,-435.200012,207.070007,101,121,50,MapMarkerQuest,1600123,m00013,Visible,@5208/i11006102,quest sequence marker review / getSequenceMarkerList
pgl300,110061,Here There Be Pirates,class,data_or_stub,11006103,3,1,-417,446,101,121,50,MapMarkerQuest,4000257,m00013,Visible,@5208/i11006103,quest sequence marker review / getSequenceMarkerList
pgl300,110061,Here There Be Pirates,class,data_or_stub,11006104,4,1,-170.630005,117.150002,104,421,0,MapMarkerQuest,1400021,m00013,Visible,@5208/i11006104,quest sequence marker review / getSequenceMarkerList
pgl300,110061,Here There Be Pirates,class,data_or_stub,11006105,5,1,-178.460007,102.620003,104,421,0,MapMarkerQuest,2200172,m00013,Visible,@5208/i11006105,quest sequence marker review / getSequenceMarkerList
pgl300,110061,Here There Be Pirates,class,data_or_stub,11006106,6,1,-160.240005,115.989998,104,421,0,MapMarkerQuest,1300104,m00013,Visible,@5208/i11006106,quest sequence marker review / getSequenceMarkerList
pgl300,110061,Here There Be Pirates,class,data_or_stub,11006107,7,1,-157.080002,110.129997,104,421,0,MapMarkerQuest,1000134,m00013,Visible,@5208/i11006107,quest sequence marker review / getSequenceMarkerList
pgl300,110061,Here There Be Pirates,class,data_or_stub,11006108,8,1,-184.940002,108.870003,104,421,0,MapMarkerQuest,1400019,m00013,Visible,@5208/i11006108,quest sequence marker review / getSequenceMarkerList
pgl300,110061,Here There Be Pirates,class,data_or_stub,11006109,9,1,-431,187,101,121,0,MapMarker,1600179,m00013,Visible,@5208/i11000101,point marker review / confirm sequence slot
pgl300,110061,Here There Be Pirates,class,data_or_stub,11006110,10,1,-431,187,101,121,0,MapMarker,1600179,m00013,Visible,@5208/i11000101,point marker review / confirm sequence slot
pgl300,110061,Here There Be Pirates,class,data_or_stub,11006111,11,1,-431,187,101,121,0,MapMarker,1600179,m00013,Visible,@5208/i11000101,point marker review / confirm sequence slot
pgl300,110061,Here There Be Pirates,class,data_or_stub,11006112,12,1,-431,187,101,121,0,MapMarker,1600179,m00013,Visible,@5208/i11000101,point marker review / confirm sequence slot
pgl300,110061,Here There Be Pirates,class,data_or_stub,11006113,13,1,-431,187,101,121,0,MapMarker,1600179,m00013,Visible,@5208/i11000101,point marker review / confirm sequence slot
pgl300,110061,Here There Be Pirates,class,data_or_stub,11006114,14,1,-431,187,101,121,0,MapMarker,1600179,m00013,Visible,@5208/i11000101,point marker review / confirm sequence slot
pgl300,110061,Here There Be Pirates,class,data_or_stub,11006115,15,1,-431,187,101,121,0,MapMarker,1600179,m00013,Visible,@5208/i11000101,point marker review / confirm sequence slot
pgl300,110061,Here There Be Pirates,class,data_or_stub,11006116,16,1,-431,187,101,121,0,MapMarker,1600179,m00013,Visible,@5208/i11000101,point marker review / confirm sequence slot
pgl300,110061,Here There Be Pirates,class,data_or_stub,11006117,17,1,-431,187,101,121,0,MapMarker,1600179,m00013,Visible,@5208/i11000101,point marker review / confirm sequence slot
pgl300,110061,Here There Be Pirates,class,data_or_stub,11006118,18,1,-431,187,101,121,0,MapMarker,1600179,m00013,Visible,@5208/i11000101,point marker review / confirm sequence slot
pgl300,110061,Here There Be Pirates,class,data_or_stub,11006119,19,1,-431,187,101,121,0,MapMarker,1600179,m00013,Visible,@5208/i11000101,point marker review / confirm sequence slot
pgl300,110061,Here There Be Pirates,class,data_or_stub,11006120,20,1,-431,187,101,121,0,MapMarker,1600179,m00013,Visible,@5208/i11000101,point marker review / confirm sequence slot
pgl306,110062,Two Sides to Every Chip,class,data_or_stub,11006201,1,1,-183.529999,82.760002,104,421,0,MapMarkerQuest,4000257,m00013,Visible,@5208/i11006201,quest sequence marker review / getSequenceMarkerList
pgl306,110062,Two Sides to Every Chip,class,data_or_stub,11006202,2,1,-181.910004,70.120003,104,421,0,MapMarkerQuest,2200172,m00013,Visible,@5208/i11006202,quest sequence marker review / getSequenceMarkerList
pgl306,110062,Two Sides to Every Chip,class,data_or_stub,11006203,3,1,-181.809998,71.349998,104,421,0,MapMarkerQuest,4000515,m00013,Visible,@5208/i11006203,quest sequence marker review / getSequenceMarkerList
pgl306,110062,Two Sides to Every Chip,class,data_or_stub,11006204,4,1,-1387.26001,304.200012,104,403,0,MapMarkerQuest,4000257,m00013,Visible,@5208/i11006204,quest sequence marker review / getSequenceMarkerList
pgl306,110062,Two Sides to Every Chip,class,data_or_stub,11006205,5,1,-184.940002,108.870003,104,421,0,MapMarkerQuest,1400019,m00013,Visible,@5208/i11006205,quest sequence marker review / getSequenceMarkerList
pgl306,110062,Two Sides to Every Chip,class,data_or_stub,11006206,6,1,-170.630005,117.150002,104,421,0,MapMarkerQuest,1400021,m00013,Visible,@5208/i11006206,quest sequence marker review / getSequenceMarkerList
pgl306,110062,Two Sides to Every Chip,class,data_or_stub,11006207,7,1,-431,187,101,121,0,MapMarker,1600179,m00013,Visible,@5208/i11000101,point marker review / confirm sequence slot
pgl306,110062,Two Sides to Every Chip,class,data_or_stub,11006208,8,1,-431,187,101,121,0,MapMarker,1600179,m00013,Visible,@5208/i11000101,point marker review / confirm sequence slot
pgl306,110062,Two Sides to Every Chip,class,data_or_stub,11006209,9,1,-431,187,101,121,0,MapMarker,1600179,m00013,Visible,@5208/i11000101,point marker review / confirm sequence slot
pgl306,110062,Two Sides to Every Chip,class,data_or_stub,11006210,10,1,-431,187,101,121,0,MapMarker,1600179,m00013,Visible,@5208/i11000101,point marker review / confirm sequence slot
pgl306,110062,Two Sides to Every Chip,class,data_or_stub,11006211,11,1,-431,187,101,121,0,MapMarker,1600179,m00013,Visible,@5208/i11000101,point marker review / confirm sequence slot
pgl306,110062,Two Sides to Every Chip,class,data_or_stub,11006212,12,1,-431,187,101,121,0,MapMarker,1600179,m00013,Visible,@5208/i11000101,point marker review / confirm sequence slot
pgl306,110062,Two Sides to Every Chip,class,data_or_stub,11006213,13,1,-431,187,101,121,0,MapMarker,1600179,m00013,Visible,@5208/i11000101,point marker review / confirm sequence slot
pgl306,110062,Two Sides to Every Chip,class,data_or_stub,11006214,14,1,-431,187,101,121,0,MapMarker,1600179,m00013,Visible,@5208/i11000101,point marker review / confirm sequence slot
pgl306,110062,Two Sides to Every Chip,class,data_or_stub,11006215,15,1,-431,187,101,121,0,MapMarker,1600179,m00013,Visible,@5208/i11000101,point marker review / confirm sequence slot
pgl306,110062,Two Sides to Every Chip,class,data_or_stub,11006216,16,1,-431,187,101,121,0,MapMarker,1600179,m00013,Visible,@5208/i11000101,point marker review / confirm sequence slot
pgl306,110062,Two Sides to Every Chip,class,data_or_stub,11006217,17,1,-431,187,101,121,0,MapMarker,1600179,m00013,Visible,@5208/i11000101,point marker review / confirm sequence slot
pgl306,110062,Two Sides to Every Chip,class,data_or_stub,11006218,18,1,-431,187,101,121,0,MapMarker,1600179,m00013,Visible,@5208/i11000101,point marker review / confirm sequence slot
pgl306,110062,Two Sides to Every Chip,class,data_or_stub,11006219,19,1,-431,187,101,121,0,MapMarker,1600179,m00013,Visible,@5208/i11000101,point marker review / confirm sequence slot
pgl306,110062,Two Sides to Every Chip,class,data_or_stub,11006220,20,1,-431,187,101,121,0,MapMarker,1600179,m00013,Visible,@5208/i11000101,point marker review / confirm sequence slot
tan200,110380,The Silent Partners,class,data_or_stub,11038001,1,1,201.5,-1410.050049,103,321,0,MapMarkerQuest,4000257,m00013,Visible,@5208/i11038001,quest sequence marker review / getSequenceMarkerList
tan200,110380,The Silent Partners,class,data_or_stub,11038002,2,1,193.119995,-1420.22998,103,321,0,MapMarkerQuest,1500065,m00013,Visible,@5208/i11038002,quest sequence marker review / getSequenceMarkerList
tan200,110380,The Silent Partners,class,data_or_stub,11038003,3,1,-431,187,101,121,0,MapMarker,1600179,m00013,Visible,@5208/i11038003,point marker review / confirm sequence slot
tan200,110380,The Silent Partners,class,data_or_stub,11038004,4,1,193.119995,-1420.22998,103,321,0,MapMarkerQuest,1500065,m00013,Visible,@5208/i11038004,quest sequence marker review / getSequenceMarkerList
tan200,110380,The Silent Partners,class,data_or_stub,11038005,5,1,-431,187,101,121,0,MapMarker,1600179,m00013,Visible,@5208/i11038005,point marker review / confirm sequence slot
tan200,110380,The Silent Partners,class,data_or_stub,11038006,6,1,1379.01001,941,103,305,0,MapMarkerQuest,1000130,m00013,Visible,@5208/i11038006,quest sequence marker review / getSequenceMarkerList
tan200,110380,The Silent Partners,class,data_or_stub,11038007,7,1,97.019997,-1459.459961,103,321,0,MapMarkerQuest,1000324,m00013,Visible,@5208/i11038007,quest sequence marker review / getSequenceMarkerList
tan200,110380,The Silent Partners,class,data_or_stub,11038008,8,1,180.419998,-1400.369995,103,321,0,MapMarkerQuest,1000164,m00013,Visible,@5208/i11038008,quest sequence marker review / getSequenceMarkerList
tan200,110380,The Silent Partners,class,data_or_stub,11038009,9,1,108.779999,-1467.609985,103,321,0,MapMarkerQuest,4000257,m00013,Visible,@5208/i11038009,quest sequence marker review / getSequenceMarkerList
tan200,110380,The Silent Partners,class,data_or_stub,11038010,10,1,59.43,-1249.560059,103,321,0,MapMarkerQuest,4000257,m00013,Visible,@5208/i11038010,quest sequence marker review / getSequenceMarkerList
tan200,110380,The Silent Partners,class,data_or_stub,11038011,11,1,69.760002,-1423.579956,103,321,0,MapMarkerQuest,4000257,m00013,Visible,@5208/i11038011,quest sequence marker review / getSequenceMarkerList
tan200,110380,The Silent Partners,class,data_or_stub,11038012,12,1,-431,187,101,121,0,MapMarker,1600179,m00013,Visible,@5208/i11000101,point marker review / confirm sequence slot
tan200,110380,The Silent Partners,class,data_or_stub,11038013,13,1,-431,187,101,121,0,MapMarker,1600179,m00013,Visible,@5208/i11000101,point marker review / confirm sequence slot
tan200,110380,The Silent Partners,class,data_or_stub,11038014,14,1,-431,187,101,121,0,MapMarker,1600179,m00013,Visible,@5208/i11000101,point marker review / confirm sequence slot
tan200,110380,The Silent Partners,class,data_or_stub,11038015,15,1,-431,187,101,121,0,MapMarker,1600179,m00013,Visible,@5208/i11000101,point marker review / confirm sequence slot
tan200,110380,The Silent Partners,class,data_or_stub,11038016,16,1,-431,187,101,121,0,MapMarker,1600179,m00013,Visible,@5208/i11000101,point marker review / confirm sequence slot
tan200,110380,The Silent Partners,class,data_or_stub,11038017,17,1,-431,187,101,121,0,MapMarker,1600179,m00013,Visible,@5208/i11000101,point marker review / confirm sequence slot
tan200,110380,The Silent Partners,class,data_or_stub,11038018,18,1,-431,187,101,121,0,MapMarker,1600179,m00013,Visible,@5208/i11000101,point marker review / confirm sequence slot
tan200,110380,The Silent Partners,class,data_or_stub,11038019,19,1,-431,187,101,121,0,MapMarker,1600179,m00013,Visible,@5208/i11000101,point marker review / confirm sequence slot
tan200,110380,The Silent Partners,class,data_or_stub,11038020,20,1,-431,187,101,121,0,MapMarker,1600179,m00013,Visible,@5208/i11000101,point marker review / confirm sequence slot
tan300,110381,Design Imposters,class,data_or_stub,11038101,1,1,2266,1026,102,203,0,MapMarkerQuest,4000257,m00013,Visible,@5208/i11038101,quest sequence marker review / getSequenceMarkerList
tan300,110381,Design Imposters,class,data_or_stub,11038102,2,1,2463,1217,102,203,0,MapMarkerQuest,4000257,m00013,Visible,@5208/i11038102,quest sequence marker review / getSequenceMarkerList
tan300,110381,Design Imposters,class,data_or_stub,11038103,3,1,-431,187,101,121,0,MapMarker,1600179,m00013,Visible,@5208/i11038103,point marker review / confirm sequence slot
tan300,110381,Design Imposters,class,data_or_stub,11038104,4,1,-431,187,101,121,0,MapMarker,1600179,m00013,Visible,@5208/i11038104,point marker review / confirm sequence slot
tan300,110381,Design Imposters,class,data_or_stub,11038105,5,1,2321.560059,756.969971,102,203,0,MapMarkerQuest,4000257,m00013,Visible,@5208/i11038105,quest sequence marker review / getSequenceMarkerList
tan300,110381,Design Imposters,class,data_or_stub,11038106,6,1,-431,187,101,121,0,MapMarker,1600179,m00013,Visible,@5208/i11038106,point marker review / confirm sequence slot
tan300,110381,Design Imposters,class,data_or_stub,11038107,7,1,2321.560059,756.969971,102,203,0,MapMarkerQuest,1300094,m00013,Visible,@5208/i11038107,quest sequence marker review / getSequenceMarkerList
tan300,110381,Design Imposters,class,data_or_stub,11038108,8,1,97.019997,-1459.459961,103,321,0,MapMarkerQuest,1000324,m00013,Visible,@5208/i11038108,quest sequence marker review / getSequenceMarkerList
tan300,110381,Design Imposters,class,data_or_stub,11038109,9,1,-431,187,101,121,0,MapMarker,1600179,m00013,Visible,@5208/i11000101,point marker review / confirm sequence slot
tan300,110381,Design Imposters,class,data_or_stub,11038110,10,1,-431,187,101,121,0,MapMarker,1600179,m00013,Visible,@5208/i11000101,point marker review / confirm sequence slot
tan300,110381,Design Imposters,class,data_or_stub,11038111,11,1,-431,187,101,121,0,MapMarker,1600179,m00013,Visible,@5208/i11000101,point marker review / confirm sequence slot
tan300,110381,Design Imposters,class,data_or_stub,11038112,12,1,-431,187,101,121,0,MapMarker,1600179,m00013,Visible,@5208/i11000101,point marker review / confirm sequence slot
tan300,110381,Design Imposters,class,data_or_stub,11038113,13,1,-431,187,101,121,0,MapMarker,1600179,m00013,Visible,@5208/i11000101,point marker review / confirm sequence slot
tan300,110381,Design Imposters,class,data_or_stub,11038114,14,1,-431,187,101,121,0,MapMarker,1600179,m00013,Visible,@5208/i11000101,point marker review / confirm sequence slot
tan300,110381,Design Imposters,class,data_or_stub,11038115,15,1,-431,187,101,121,0,MapMarker,1600179,m00013,Visible,@5208/i11000101,point marker review / confirm sequence slot
tan300,110381,Design Imposters,class,data_or_stub,11038116,16,1,-431,187,101,121,0,MapMarker,1600179,m00013,Visible,@5208/i11000101,point marker review / confirm sequence slot
tan300,110381,Design Imposters,class,data_or_stub,11038117,17,1,-431,187,101,121,0,MapMarker,1600179,m00013,Visible,@5208/i11000101,point marker review / confirm sequence slot
tan300,110381,Design Imposters,class,data_or_stub,11038118,18,1,-431,187,101,121,0,MapMarker,1600179,m00013,Visible,@5208/i11000101,point marker review / confirm sequence slot
tan300,110381,Design Imposters,class,data_or_stub,11038119,19,1,-431,187,101,121,0,MapMarker,1600179,m00013,Visible,@5208/i11000101,point marker review / confirm sequence slot
tan300,110381,Design Imposters,class,data_or_stub,11038120,20,1,-431,187,101,121,0,MapMarker,1600179,m00013,Visible,@5208/i11000101,point marker review / confirm sequence slot
tan306,110382,Head of the Class,class,data_or_stub,11038201,1,1,97.019997,-1459.459961,103,321,0,MapMarkerQuest,1000324,m00013,Visible,@5208/i11038201,quest sequence marker review / getSequenceMarkerList
tan306,110382,Head of the Class,class,data_or_stub,11038202,2,1,93.629997,-1482.869995,103,321,0,MapMarkerQuest,1000362,m00013,Visible,@5208/i11038202,quest sequence marker review / getSequenceMarkerList
tan306,110382,Head of the Class,class,data_or_stub,11038203,3,1,91.440002,-1464.579956,103,321,0,MapMarkerQuest,1100372,m00013,Visible,@5208/i11038203,quest sequence marker review / getSequenceMarkerList
tan306,110382,Head of the Class,class,data_or_stub,11038204,4,1,106.660004,-1483.72998,103,321,0,MapMarkerQuest,1600061,m00013,Visible,@5208/i11038204,quest sequence marker review / getSequenceMarkerList
tan306,110382,Head of the Class,class,data_or_stub,11038205,5,1,106.260002,-1472.569946,103,321,0,MapMarkerQuest,1400114,m00013,Visible,@5208/i11038205,quest sequence marker review / getSequenceMarkerList
tan306,110382,Head of the Class,class,data_or_stub,11038206,6,1,102.5,-1476.380005,103,321,0,MapMarkerQuest,4000149,m00013,Visible,@5208/i11038206,quest sequence marker review / getSequenceMarkerList
tan306,110382,Head of the Class,class,data_or_stub,11038207,7,1,102.050003,-1474.459961,103,321,0,MapMarkerQuest,4000153,m00013,Visible,@5208/i11038207,quest sequence marker review / getSequenceMarkerList
tan306,110382,Head of the Class,class,data_or_stub,11038208,8,1,101.959999,-1475.569946,103,321,0,MapMarkerQuest,4000154,m00013,Visible,@5208/i11038208,quest sequence marker review / getSequenceMarkerList
tan306,110382,Head of the Class,class,data_or_stub,11038209,9,1,-794.809998,-1060.319946,103,301,0,MapMarkerQuest,4000257,m00013,Visible,@5208/i11038209,quest sequence marker review / getSequenceMarkerList
tan306,110382,Head of the Class,class,data_or_stub,11038210,10,1,97.959999,-1469.630005,103,321,0,MapMarkerQuest,4000257,m00013,Visible,@5208/i11038210,quest sequence marker review / getSequenceMarkerList
tan306,110382,Head of the Class,class,data_or_stub,11038211,11,1,102.050003,-1474.459961,103,321,0,MapMarkerQuest,4000153,m00013,Visible,@5208/i11038211,quest sequence marker review / getSequenceMarkerList
tan306,110382,Head of the Class,class,data_or_stub,11038212,12,1,-431,187,101,121,0,MapMarker,4000257,m00013,Visible,@5208/i11038212,point marker review / confirm sequence slot
tan306,110382,Head of the Class,class,data_or_stub,11038213,13,1,97.019997,-1459.459961,103,321,0,MapMarkerQuest,1000324,m00013,Visible,@5208/i11038213,quest sequence marker review / getSequenceMarkerList
tan306,110382,Head of the Class,class,data_or_stub,11038214,14,1,103.07,-1477.109985,103,321,0,MapMarkerQuest,1500065,m00013,Visible,@5208/i11038214,quest sequence marker review / getSequenceMarkerList
tan306,110382,Head of the Class,class,data_or_stub,11038215,15,1,97.019997,-1459.459961,103,321,0,MapMarkerQuest,1000324,m00013,Visible,@5208/i11038215,quest sequence marker review / getSequenceMarkerList
tan306,110382,Head of the Class,class,data_or_stub,11038216,16,1,-431,187,101,121,0,MapMarker,1600179,m00013,Visible,@5208/i11000101,point marker review / confirm sequence slot
tan306,110382,Head of the Class,class,data_or_stub,11038217,17,1,-431,187,101,121,0,MapMarker,1600179,m00013,Visible,@5208/i11000101,point marker review / confirm sequence slot
tan306,110382,Head of the Class,class,data_or_stub,11038218,18,1,-431,187,101,121,0,MapMarker,1600179,m00013,Visible,@5208/i11000101,point marker review / confirm sequence slot
tan306,110382,Head of the Class,class,data_or_stub,11038219,19,1,-431,187,101,121,0,MapMarker,1600179,m00013,Visible,@5208/i11000101,point marker review / confirm sequence slot
tan306,110382,Head of the Class,class,data_or_stub,11038220,20,1,-431,187,101,121,0,MapMarker,1600179,m00013,Visible,@5208/i11000101,point marker review / confirm sequence slot
thm200,110240,The Big Payback,class,data_or_stub,11024001,1,1,-306.799988,239.270004,104,421,0,MapMarkerQuest,1900025,m00013,Visible,@5208/i11024001,quest sequence marker review / getSequenceMarkerList
thm200,110240,The Big Payback,class,data_or_stub,11024002,2,1,-1229.530029,-310.290009,104,403,0,MapMarkerQuest,4000257,m00013,Visible,@5208/i11024002,quest sequence marker review / getSequenceMarkerList
thm200,110240,The Big Payback,class,data_or_stub,11024003,3,1,-306.799988,239.270004,104,421,0,MapMarkerQuest,1900025,m00013,Visible,@5208/i11024003,quest sequence marker review / getSequenceMarkerList
thm200,110240,The Big Payback,class,data_or_stub,11024004,4,1,-431,187,101,121,0,MapMarker,1600179,m00013,Visible,@5208/i11000101,point marker review / confirm sequence slot
thm200,110240,The Big Payback,class,data_or_stub,11024005,5,1,-431,187,101,121,0,MapMarker,1600179,m00013,Visible,@5208/i11000101,point marker review / confirm sequence slot
thm200,110240,The Big Payback,class,data_or_stub,11024006,6,1,-431,187,101,121,0,MapMarker,1600179,m00013,Visible,@5208/i11000101,point marker review / confirm sequence slot
thm200,110240,The Big Payback,class,data_or_stub,11024007,7,1,-431,187,101,121,0,MapMarker,1600179,m00013,Visible,@5208/i11000101,point marker review / confirm sequence slot
thm200,110240,The Big Payback,class,data_or_stub,11024008,8,1,-431,187,101,121,0,MapMarker,1600179,m00013,Visible,@5208/i11000101,point marker review / confirm sequence slot
thm200,110240,The Big Payback,class,data_or_stub,11024009,9,1,-431,187,101,121,0,MapMarker,1600179,m00013,Visible,@5208/i11000101,point marker review / confirm sequence slot
thm200,110240,The Big Payback,class,data_or_stub,11024010,10,1,-431,187,101,121,0,MapMarker,1600179,m00013,Visible,@5208/i11000101,point marker review / confirm sequence slot
thm200,110240,The Big Payback,class,data_or_stub,11024011,11,1,-431,187,101,121,0,MapMarker,1600179,m00013,Visible,@5208/i11000101,point marker review / confirm sequence slot
thm200,110240,The Big Payback,class,data_or_stub,11024012,12,1,-431,187,101,121,0,MapMarker,1600179,m00013,Visible,@5208/i11000101,point marker review / confirm sequence slot
thm200,110240,The Big Payback,class,data_or_stub,11024013,13,1,-431,187,101,121,0,MapMarker,1600179,m00013,Visible,@5208/i11000101,point marker review / confirm sequence slot
thm200,110240,The Big Payback,class,data_or_stub,11024014,14,1,-431,187,101,121,0,MapMarker,1600179,m00013,Visible,@5208/i11000101,point marker review / confirm sequence slot
thm200,110240,The Big Payback,class,data_or_stub,11024015,15,1,-431,187,101,121,0,MapMarker,1600179,m00013,Visible,@5208/i11000101,point marker review / confirm sequence slot
thm200,110240,The Big Payback,class,data_or_stub,11024016,16,1,-431,187,101,121,0,MapMarker,1600179,m00013,Visible,@5208/i11000101,point marker review / confirm sequence slot
thm200,110240,The Big Payback,class,data_or_stub,11024017,17,1,-431,187,101,121,0,MapMarker,1600179,m00013,Visible,@5208/i11000101,point marker review / confirm sequence slot
thm200,110240,The Big Payback,class,data_or_stub,11024018,18,1,-431,187,101,121,0,MapMarker,1600179,m00013,Visible,@5208/i11000101,point marker review / confirm sequence slot
thm200,110240,The Big Payback,class,data_or_stub,11024019,19,1,-431,187,101,121,0,MapMarker,1600179,m00013,Visible,@5208/i11000101,point marker review / confirm sequence slot
thm200,110240,The Big Payback,class,data_or_stub,11024020,20,1,-431,187,101,121,0,MapMarker,1600179,m00013,Visible,@5208/i11000101,point marker review / confirm sequence slot
thm300,110241,Revelry in Rivalry,class,data_or_stub,11024101,1,1,-341.839996,232.679993,104,421,0,MapMarkerQuest,4000189,m00013,Visible,@5208/i11024101,quest sequence marker review / getSequenceMarkerList
thm300,110241,Revelry in Rivalry,class,data_or_stub,11024102,2,1,-428.059998,185.960007,101,121,50,MapMarkerQuest,1000015,m00013,Visible,@5208/i11024102,quest sequence marker review / getSequenceMarkerList
thm300,110241,Revelry in Rivalry,class,data_or_stub,11024103,3,1,-496.829987,-384.309998,101,101,0,MapMarkerQuest,4000257,m00013,Visible,@5208/i11024103,quest sequence marker review / getSequenceMarkerList
thm300,110241,Revelry in Rivalry,class,data_or_stub,11024104,4,1,-500.059998,416.059998,101,121,50,MapMarkerQuest,2200064,m00013,Visible,@5208/i11024104,quest sequence marker review / getSequenceMarkerList
thm300,110241,Revelry in Rivalry,class,data_or_stub,11024105,5,1,-500.059998,416.059998,101,121,50,MapMarkerQuest,2200064,m00013,Visible,@5208/i11024105,quest sequence marker review / getSequenceMarkerList
thm300,110241,Revelry in Rivalry,class,data_or_stub,11024106,6,1,-500.059998,416.059998,101,121,50,MapMarkerQuest,2200064,m00013,Visible,@5208/i11024106,quest sequence marker review / getSequenceMarkerList
thm300,110241,Revelry in Rivalry,class,data_or_stub,11024107,7,1,-292.890015,219.880005,104,421,0,MapMarkerQuest,1500017,m00013,Visible,@5208/i11024107,quest sequence marker review / getSequenceMarkerList
thm300,110241,Revelry in Rivalry,class,data_or_stub,11024108,8,1,-341.839996,232.679993,104,421,0,MapMarkerQuest,4000189,m00013,Visible,@5208/i11024108,quest sequence marker review / getSequenceMarkerList
thm300,110241,Revelry in Rivalry,class,data_or_stub,11024109,9,1,-292.890015,219.880005,104,421,0,MapMarkerQuest,1500017,m00013,Visible,@5208/i11024109,quest sequence marker review / getSequenceMarkerList
thm300,110241,Revelry in Rivalry,class,data_or_stub,11024110,10,1,-431,187,101,121,0,MapMarker,1600179,m00013,Visible,@5208/i11000101,point marker review / confirm sequence slot
thm300,110241,Revelry in Rivalry,class,data_or_stub,11024111,11,1,-431,187,101,121,0,MapMarker,1600179,m00013,Visible,@5208/i11000101,point marker review / confirm sequence slot
thm300,110241,Revelry in Rivalry,class,data_or_stub,11024112,12,1,-431,187,101,121,0,MapMarker,1600179,m00013,Visible,@5208/i11000101,point marker review / confirm sequence slot
thm300,110241,Revelry in Rivalry,class,data_or_stub,11024113,13,1,-431,187,101,121,0,MapMarker,1600179,m00013,Visible,@5208/i11000101,point marker review / confirm sequence slot
thm300,110241,Revelry in Rivalry,class,data_or_stub,11024114,14,1,-431,187,101,121,0,MapMarker,1600179,m00013,Visible,@5208/i11000101,point marker review / confirm sequence slot
thm300,110241,Revelry in Rivalry,class,data_or_stub,11024115,15,1,-431,187,101,121,0,MapMarker,1600179,m00013,Visible,@5208/i11000101,point marker review / confirm sequence slot
thm300,110241,Revelry in Rivalry,class,data_or_stub,11024116,16,1,-431,187,101,121,0,MapMarker,1600179,m00013,Visible,@5208/i11000101,point marker review / confirm sequence slot
thm300,110241,Revelry in Rivalry,class,data_or_stub,11024117,17,1,-431,187,101,121,0,MapMarker,1600179,m00013,Visible,@5208/i11000101,point marker review / confirm sequence slot
thm300,110241,Revelry in Rivalry,class,data_or_stub,11024118,18,1,-431,187,101,121,0,MapMarker,1600179,m00013,Visible,@5208/i11000101,point marker review / confirm sequence slot
thm300,110241,Revelry in Rivalry,class,data_or_stub,11024119,19,1,-431,187,101,121,0,MapMarker,1600179,m00013,Visible,@5208/i11000101,point marker review / confirm sequence slot
thm300,110241,Revelry in Rivalry,class,data_or_stub,11024120,20,1,-431,187,101,121,0,MapMarker,1600179,m00013,Visible,@5208/i11000101,point marker review / confirm sequence slot
thm306,110242,Law and the Order,class,data_or_stub,11024201,1,1,-306.799988,239.270004,104,421,0,MapMarkerQuest,1900025,m00013,Visible,@5208/i11024201,quest sequence marker review / getSequenceMarkerList
thm306,110242,Law and the Order,class,data_or_stub,11024202,2,1,-1849.859985,-281.51001,104,403,0,MapMarkerQuest,4000189,m00013,Visible,@5208/i11024202,quest sequence marker review / getSequenceMarkerList
thm306,110242,Law and the Order,class,data_or_stub,11024203,3,1,-1849.859985,-281.51001,104,403,0,MapMarkerQuest,4000189,m00013,Visible,@5208/i11024203,quest sequence marker review / getSequenceMarkerList
thm306,110242,Law and the Order,class,data_or_stub,11024204,4,1,-431,187,101,121,0,MapMarker,1600179,m00013,Visible,@5208/i11000101,point marker review / confirm sequence slot
thm306,110242,Law and the Order,class,data_or_stub,11024205,5,1,-306.799988,239.270004,104,421,0,MapMarkerQuest,1900025,m00013,Visible,@5208/i11024205,quest sequence marker review / getSequenceMarkerList
thm306,110242,Law and the Order,class,data_or_stub,11024206,6,1,-431,187,101,121,0,MapMarker,1600179,m00013,Visible,@5208/i11000101,point marker review / confirm sequence slot
thm306,110242,Law and the Order,class,data_or_stub,11024207,7,1,-431,187,101,121,0,MapMarker,1600179,m00013,Visible,@5208/i11000101,point marker review / confirm sequence slot
thm306,110242,Law and the Order,class,data_or_stub,11024208,8,1,-431,187,101,121,0,MapMarker,1600179,m00013,Visible,@5208/i11000101,point marker review / confirm sequence slot
thm306,110242,Law and the Order,class,data_or_stub,11024209,9,1,-431,187,101,121,0,MapMarker,1600179,m00013,Visible,@5208/i11000101,point marker review / confirm sequence slot
thm306,110242,Law and the Order,class,data_or_stub,11024210,10,1,-431,187,101,121,0,MapMarker,1600179,m00013,Visible,@5208/i11000101,point marker review / confirm sequence slot
thm306,110242,Law and the Order,class,data_or_stub,11024211,11,1,-431,187,101,121,0,MapMarker,1600179,m00013,Visible,@5208/i11000101,point marker review / confirm sequence slot
thm306,110242,Law and the Order,class,data_or_stub,11024212,12,1,-431,187,101,121,0,MapMarker,1600179,m00013,Visible,@5208/i11000101,point marker review / confirm sequence slot
thm306,110242,Law and the Order,class,data_or_stub,11024213,13,1,-431,187,101,121,0,MapMarker,1600179,m00013,Visible,@5208/i11000101,point marker review / confirm sequence slot
thm306,110242,Law and the Order,class,data_or_stub,11024214,14,1,-431,187,101,121,0,MapMarker,1600179,m00013,Visible,@5208/i11000101,point marker review / confirm sequence slot
thm306,110242,Law and the Order,class,data_or_stub,11024215,15,1,-431,187,101,121,0,MapMarker,1600179,m00013,Visible,@5208/i11000101,point marker review / confirm sequence slot
thm306,110242,Law and the Order,class,data_or_stub,11024216,16,1,-431,187,101,121,0,MapMarker,1600179,m00013,Visible,@5208/i11000101,point marker review / confirm sequence slot
thm306,110242,Law and the Order,class,data_or_stub,11024217,17,1,-431,187,101,121,0,MapMarker,1600179,m00013,Visible,@5208/i11000101,point marker review / confirm sequence slot
thm306,110242,Law and the Order,class,data_or_stub,11024218,18,1,-431,187,101,121,0,MapMarker,1600179,m00013,Visible,@5208/i11000101,point marker review / confirm sequence slot
thm306,110242,Law and the Order,class,data_or_stub,11024219,19,1,-431,187,101,121,0,MapMarker,1600179,m00013,Visible,@5208/i11000101,point marker review / confirm sequence slot
thm306,110242,Law and the Order,class,data_or_stub,11024220,20,1,-431,187,101,121,0,MapMarker,1600179,m00013,Visible,@5208/i11000101,point marker review / confirm sequence slot
wdk200,110300,The Mouths of Babes,class,data_or_stub,11030001,1,1,-34.490002,-1271.98999,103,321,0,MapMarkerQuest,4000257,m00013,Visible,@5208/i11030001,quest sequence marker review / getSequenceMarkerList
wdk200,110300,The Mouths of Babes,class,data_or_stub,11030002,2,1,1356.670044,955.830017,103,305,0,MapMarkerQuest,1100118,m00013,Visible,@5208/i11030002,quest sequence marker review / getSequenceMarkerList
wdk200,110300,The Mouths of Babes,class,data_or_stub,11030003,3,1,-37.25,-1257.619995,103,305,0,MapMarkerQuest,4000257,m00013,Visible,@5208/i11030003,quest sequence marker review / getSequenceMarkerList
wdk200,110300,The Mouths of Babes,class,data_or_stub,11030004,4,1,1356.670044,955.830017,103,305,0,MapMarkerQuest,1100118,m00013,Visible,@5208/i11030004,quest sequence marker review / getSequenceMarkerList
wdk200,110300,The Mouths of Babes,class,data_or_stub,11030005,5,1,-34.490002,-1271.98999,103,321,0,MapMarkerQuest,4000257,m00013,Visible,@5208/i11030005,quest sequence marker review / getSequenceMarkerList
wdk200,110300,The Mouths of Babes,class,data_or_stub,11030006,6,1,11.86,-1265.189941,103,321,0,MapMarkerQuest,1900034,m00013,Visible,@5208/i11030006,quest sequence marker review / getSequenceMarkerList
wdk200,110300,The Mouths of Babes,class,data_or_stub,11030007,7,1,-431,187,101,121,0,MapMarker,1600179,m00013,Visible,@5208/i11000101,point marker review / confirm sequence slot
wdk200,110300,The Mouths of Babes,class,data_or_stub,11030008,8,1,-431,187,101,121,0,MapMarker,1600179,m00013,Visible,@5208/i11000101,point marker review / confirm sequence slot
wdk200,110300,The Mouths of Babes,class,data_or_stub,11030009,9,1,-431,187,101,121,0,MapMarker,1600179,m00013,Visible,@5208/i11000101,point marker review / confirm sequence slot
wdk200,110300,The Mouths of Babes,class,data_or_stub,11030010,10,1,-431,187,101,121,0,MapMarker,1600179,m00013,Visible,@5208/i11000101,point marker review / confirm sequence slot
wdk200,110300,The Mouths of Babes,class,data_or_stub,11030011,11,1,-431,187,101,121,0,MapMarker,1600179,m00013,Visible,@5208/i11000101,point marker review / confirm sequence slot
wdk200,110300,The Mouths of Babes,class,data_or_stub,11030012,12,1,-431,187,101,121,0,MapMarker,1600179,m00013,Visible,@5208/i11000101,point marker review / confirm sequence slot
wdk200,110300,The Mouths of Babes,class,data_or_stub,11030013,13,1,-431,187,101,121,0,MapMarker,1600179,m00013,Visible,@5208/i11000101,point marker review / confirm sequence slot
wdk200,110300,The Mouths of Babes,class,data_or_stub,11030014,14,1,-431,187,101,121,0,MapMarker,1600179,m00013,Visible,@5208/i11000101,point marker review / confirm sequence slot
wdk200,110300,The Mouths of Babes,class,data_or_stub,11030015,15,1,-431,187,101,121,0,MapMarker,1600179,m00013,Visible,@5208/i11000101,point marker review / confirm sequence slot
wdk200,110300,The Mouths of Babes,class,data_or_stub,11030016,16,1,-431,187,101,121,0,MapMarker,1600179,m00013,Visible,@5208/i11000101,point marker review / confirm sequence slot
wdk200,110300,The Mouths of Babes,class,data_or_stub,11030017,17,1,-431,187,101,121,0,MapMarker,1600179,m00013,Visible,@5208/i11000101,point marker review / confirm sequence slot
wdk200,110300,The Mouths of Babes,class,data_or_stub,11030018,18,1,-431,187,101,121,0,MapMarker,1600179,m00013,Visible,@5208/i11000101,point marker review / confirm sequence slot
wdk200,110300,The Mouths of Babes,class,data_or_stub,11030019,19,1,-431,187,101,121,0,MapMarker,1600179,m00013,Visible,@5208/i11000101,point marker review / confirm sequence slot
wdk200,110300,The Mouths of Babes,class,data_or_stub,11030020,20,1,-431,187,101,121,0,MapMarker,1600179,m00013,Visible,@5208/i11000101,point marker review / confirm sequence slot
wdk300,110301,Hide and Seek Shenanigans,class,data_or_stub,11030101,1,1,-20.299999,-1254,103,321,0,MapMarkerQuest,4000257,m00013,Visible,@5208/i11030101,quest sequence marker review / getSequenceMarkerList
wdk300,110301,Hide and Seek Shenanigans,class,data_or_stub,11030102,2,1,-431,187,101,121,0,MapMarker,1600179,m00013,Visible,@5208/i11000101,point marker review / confirm sequence slot
wdk300,110301,Hide and Seek Shenanigans,class,data_or_stub,11030103,3,1,11.86,-1265.189941,103,321,0,MapMarkerQuest,1900034,m00013,Visible,@5208/i11030103,quest sequence marker review / getSequenceMarkerList
wdk300,110301,Hide and Seek Shenanigans,class,data_or_stub,11030104,4,1,-37.25,-1257.619995,103,321,0,MapMarkerQuest,4000257,m00013,Visible,@5208/i11030104,quest sequence marker review / getSequenceMarkerList
wdk300,110301,Hide and Seek Shenanigans,class,data_or_stub,11030105,5,1,179.149994,-1580.589966,103,321,0,MapMarkerQuest,1100014,m00013,Visible,@5208/i11030105,quest sequence marker review / getSequenceMarkerList
wdk300,110301,Hide and Seek Shenanigans,class,data_or_stub,11030106,6,1,155,-1575,103,321,0,MapMarkerQuest,4000257,m00013,Visible,@5208/i11030106,quest sequence marker review / getSequenceMarkerList
wdk300,110301,Hide and Seek Shenanigans,class,data_or_stub,11030107,7,1,210,-1240,103,321,0,MapMarkerQuest,4000257,m00013,Visible,@5208/i11030107,quest sequence marker review / getSequenceMarkerList
wdk300,110301,Hide and Seek Shenanigans,class,data_or_stub,11030108,8,1,11.86,-1265.189941,103,321,0,MapMarkerQuest,1900034,m00013,Visible,@5208/i11030108,quest sequence marker review / getSequenceMarkerList
wdk300,110301,Hide and Seek Shenanigans,class,data_or_stub,11030109,9,1,11.86,-1265.189941,103,321,0,MapMarkerQuest,1900034,m00013,Visible,@5208/i11030109,quest sequence marker review / getSequenceMarkerList
wdk300,110301,Hide and Seek Shenanigans,class,data_or_stub,11030110,10,1,-211.669998,279.040009,104,421,50,MapMarkerQuest,1200017,m00013,Visible,@5208/i11030110,quest sequence marker review / getSequenceMarkerList
wdk300,110301,Hide and Seek Shenanigans,class,data_or_stub,11030111,11,1,11.86,-1265.189941,103,321,0,MapMarkerQuest,1900034,m00013,Visible,@5208/i11030111,quest sequence marker review / getSequenceMarkerList
wdk300,110301,Hide and Seek Shenanigans,class,data_or_stub,11030112,12,1,55.82,-1212.22998,103,321,0,MapMarkerQuest,1900110,m00013,Visible,@5208/i11030112,quest sequence marker review / getSequenceMarkerList
wdk300,110301,Hide and Seek Shenanigans,class,data_or_stub,11030113,13,1,11.86,-1265.189941,103,321,0,MapMarkerQuest,1900034,m00013,Visible,@5208/i11030113,quest sequence marker review / getSequenceMarkerList
wdk300,110301,Hide and Seek Shenanigans,class,data_or_stub,11030114,14,1,-431,187,101,121,0,MapMarker,1600179,m00013,Visible,@5208/i11000101,point marker review / confirm sequence slot
wdk300,110301,Hide and Seek Shenanigans,class,data_or_stub,11030115,15,1,-431,187,101,121,0,MapMarker,1600179,m00013,Visible,@5208/i11000101,point marker review / confirm sequence slot
wdk300,110301,Hide and Seek Shenanigans,class,data_or_stub,11030116,16,1,-431,187,101,121,0,MapMarker,1600179,m00013,Visible,@5208/i11000101,point marker review / confirm sequence slot
wdk300,110301,Hide and Seek Shenanigans,class,data_or_stub,11030117,17,1,-431,187,101,121,0,MapMarker,1600179,m00013,Visible,@5208/i11000101,point marker review / confirm sequence slot
wdk300,110301,Hide and Seek Shenanigans,class,data_or_stub,11030118,18,1,-431,187,101,121,0,MapMarker,1600179,m00013,Visible,@5208/i11000101,point marker review / confirm sequence slot
wdk300,110301,Hide and Seek Shenanigans,class,data_or_stub,11030119,19,1,-431,187,101,121,0,MapMarker,1600179,m00013,Visible,@5208/i11000101,point marker review / confirm sequence slot
wdk300,110301,Hide and Seek Shenanigans,class,data_or_stub,11030120,20,1,-431,187,101,121,0,MapMarker,1600179,m00013,Visible,@5208/i11000101,point marker review / confirm sequence slot
wdk306,110302,Spanning the Spectrum,class,data_or_stub,11030201,1,1,-34.490002,-1271.98999,103,321,0,MapMarkerQuest,4000257,m00013,Visible,@5208/i11030201,quest sequence marker review / getSequenceMarkerList
wdk306,110302,Spanning the Spectrum,class,data_or_stub,11030202,2,1,-37.25,-1257.619995,103,321,0,MapMarkerQuest,4000257,m00013,Visible,@5208/i11030202,quest sequence marker review / getSequenceMarkerList
wdk306,110302,Spanning the Spectrum,class,data_or_stub,11030203,3,1,232.880005,-1268.939941,103,321,0,MapMarkerQuest,1400007,m00013,Visible,@5208/i11030203,quest sequence marker review / getSequenceMarkerList
wdk306,110302,Spanning the Spectrum,class,data_or_stub,11030204,4,1,1356.670044,955.830017,103,305,0,MapMarkerQuest,1100118,m00013,Visible,@5208/i11030204,quest sequence marker review / getSequenceMarkerList
wdk306,110302,Spanning the Spectrum,class,data_or_stub,11030205,5,1,-431,187,101,121,0,MapMarker,1600179,m00013,Visible,@5208/i11000101,point marker review / confirm sequence slot
wdk306,110302,Spanning the Spectrum,class,data_or_stub,11030206,6,1,11.86,-1265.189941,103,321,0,MapMarkerQuest,1900034,m00013,Visible,@5208/i11030206,quest sequence marker review / getSequenceMarkerList
wdk306,110302,Spanning the Spectrum,class,data_or_stub,11030207,7,1,487.089996,-126.32,103,301,0,MapMarkerQuest,4000257,m00013,Visible,@5208/i11030207,quest sequence marker review / getSequenceMarkerList
wdk306,110302,Spanning the Spectrum,class,data_or_stub,11030208,8,1,502.440002,-123.379997,103,301,0,MapMarkerQuest,1200064,m00013,Visible,@5208/i11030208,quest sequence marker review / getSequenceMarkerList
wdk306,110302,Spanning the Spectrum,class,data_or_stub,11030209,9,1,460.690002,-111.580002,103,301,0,MapMarkerQuest,1000414,m00013,Visible,@5208/i11030209,quest sequence marker review / getSequenceMarkerList
wdk306,110302,Spanning the Spectrum,class,data_or_stub,11030210,10,1,462.570007,-115.709999,103,301,0,MapMarkerQuest,1200064,m00013,Visible,@5208/i11030210,quest sequence marker review / getSequenceMarkerList
wdk306,110302,Spanning the Spectrum,class,data_or_stub,11030211,11,1,-20.299999,-1254,103,321,0,MapMarker,4000257,m00013,Visible,@5208/i11000101,point marker review / confirm sequence slot
wdk306,110302,Spanning the Spectrum,class,data_or_stub,11030212,12,1,-431,187,101,121,0,MapMarker,1600179,m00013,Visible,@5208/i11000101,point marker review / confirm sequence slot
wdk306,110302,Spanning the Spectrum,class,data_or_stub,11030213,13,1,-431,187,101,121,0,MapMarker,1600179,m00013,Visible,@5208/i11000101,point marker review / confirm sequence slot
wdk306,110302,Spanning the Spectrum,class,data_or_stub,11030214,14,1,-431,187,101,121,0,MapMarker,1600179,m00013,Visible,@5208/i11000101,point marker review / confirm sequence slot
wdk306,110302,Spanning the Spectrum,class,data_or_stub,11030215,15,1,-431,187,101,121,0,MapMarker,1600179,m00013,Visible,@5208/i11000101,point marker review / confirm sequence slot
wdk306,110302,Spanning the Spectrum,class,data_or_stub,11030216,16,1,-431,187,101,121,0,MapMarker,1600179,m00013,Visible,@5208/i11000101,point marker review / confirm sequence slot
wdk306,110302,Spanning the Spectrum,class,data_or_stub,11030217,17,1,-431,187,101,121,0,MapMarker,1600179,m00013,Visible,@5208/i11000101,point marker review / confirm sequence slot
wdk306,110302,Spanning the Spectrum,class,data_or_stub,11030218,18,1,-431,187,101,121,0,MapMarker,1600179,m00013,Visible,@5208/i11000101,point marker review / confirm sequence slot
wdk306,110302,Spanning the Spectrum,class,data_or_stub,11030219,19,1,-431,187,101,121,0,MapMarker,1600179,m00013,Visible,@5208/i11000101,point marker review / confirm sequence slot
wdk306,110302,Spanning the Spectrum,class,data_or_stub,11030220,20,1,-431,187,101,121,0,MapMarker,1600179,m00013,Visible,@5208/i11000101,point marker review / confirm sequence slot
wvr200,110400,Hoodwinked,class,data_or_stub,11040001,1,1,1106.5,-1056.910034,104,402,0,MapMarkerQuest,4000257,m00013,Visible,@5208/i11040001,quest sequence marker review / getSequenceMarkerList
wvr200,110400,Hoodwinked,class,data_or_stub,11040002,2,1,1106.5,-1056.910034,104,402,0,MapMarkerQuest,4000257,m00013,Visible,@5208/i11040002,quest sequence marker review / getSequenceMarkerList
wvr200,110400,Hoodwinked,class,data_or_stub,11040003,3,1,1106.5,-1056.910034,104,402,0,MapMarkerQuest,4000257,m00013,Visible,@5208/i11040003,quest sequence marker review / getSequenceMarkerList
wvr200,110400,Hoodwinked,class,data_or_stub,11040004,4,1,38.84,257.890015,104,421,0,MapMarkerQuest,1300034,m00013,Visible,@5208/i11040004,quest sequence marker review / getSequenceMarkerList
wvr200,110400,Hoodwinked,class,data_or_stub,11040005,5,1,-431,187,101,121,0,MapMarker,1600179,m00013,Visible,@5208/i11000101,point marker review / confirm sequence slot
wvr200,110400,Hoodwinked,class,data_or_stub,11040006,6,1,-431,187,101,121,0,MapMarker,1600179,m00013,Visible,@5208/i11000101,point marker review / confirm sequence slot
wvr200,110400,Hoodwinked,class,data_or_stub,11040007,7,1,-431,187,101,121,0,MapMarker,1600179,m00013,Visible,@5208/i11000101,point marker review / confirm sequence slot
wvr200,110400,Hoodwinked,class,data_or_stub,11040008,8,1,-431,187,101,121,0,MapMarker,1600179,m00013,Visible,@5208/i11000101,point marker review / confirm sequence slot
wvr200,110400,Hoodwinked,class,data_or_stub,11040009,9,1,-431,187,101,121,0,MapMarker,1600179,m00013,Visible,@5208/i11000101,point marker review / confirm sequence slot
wvr200,110400,Hoodwinked,class,data_or_stub,11040010,10,1,-431,187,101,121,0,MapMarker,1600179,m00013,Visible,@5208/i11000101,point marker review / confirm sequence slot
wvr200,110400,Hoodwinked,class,data_or_stub,11040011,11,1,-431,187,101,121,0,MapMarker,1600179,m00013,Visible,@5208/i11000101,point marker review / confirm sequence slot
wvr200,110400,Hoodwinked,class,data_or_stub,11040012,12,1,-431,187,101,121,0,MapMarker,1600179,m00013,Visible,@5208/i11000101,point marker review / confirm sequence slot
wvr200,110400,Hoodwinked,class,data_or_stub,11040013,13,1,-431,187,101,121,0,MapMarker,1600179,m00013,Visible,@5208/i11000101,point marker review / confirm sequence slot
wvr200,110400,Hoodwinked,class,data_or_stub,11040014,14,1,-431,187,101,121,0,MapMarker,1600179,m00013,Visible,@5208/i11000101,point marker review / confirm sequence slot
wvr200,110400,Hoodwinked,class,data_or_stub,11040015,15,1,-431,187,101,121,0,MapMarker,1600179,m00013,Visible,@5208/i11000101,point marker review / confirm sequence slot
wvr200,110400,Hoodwinked,class,data_or_stub,11040016,16,1,-431,187,101,121,0,MapMarker,1600179,m00013,Visible,@5208/i11000101,point marker review / confirm sequence slot
wvr200,110400,Hoodwinked,class,data_or_stub,11040017,17,1,-431,187,101,121,0,MapMarker,1600179,m00013,Visible,@5208/i11000101,point marker review / confirm sequence slot
wvr200,110400,Hoodwinked,class,data_or_stub,11040018,18,1,-431,187,101,121,0,MapMarker,1600179,m00013,Visible,@5208/i11000101,point marker review / confirm sequence slot
wvr200,110400,Hoodwinked,class,data_or_stub,11040019,19,1,-431,187,101,121,0,MapMarker,1600179,m00013,Visible,@5208/i11000101,point marker review / confirm sequence slot
wvr200,110400,Hoodwinked,class,data_or_stub,11040020,20,1,-431,187,101,121,0,MapMarker,1600179,m00013,Visible,@5208/i11000101,point marker review / confirm sequence slot
wvr300,110401,Dance the Night Away,class,data_or_stub,11040101,1,1,53.389999,269.179993,104,421,0,MapMarkerQuest,1500042,m00013,Visible,@5208/i11040101,quest sequence marker review / getSequenceMarkerList
wvr300,110401,Dance the Night Away,class,data_or_stub,11040102,2,1,-330.829987,-1682.790039,103,321,0,MapMarkerQuest,1300064,m00013,Visible,@5208/i11040102,quest sequence marker review / getSequenceMarkerList
wvr300,110401,Dance the Night Away,class,data_or_stub,11040103,3,1,203.610001,-1438,103,321,0,MapMarkerQuest,1100110,m00013,Visible,@5208/i11040103,quest sequence marker review / getSequenceMarkerList
wvr300,110401,Dance the Night Away,class,data_or_stub,11040104,4,1,53.389999,269.179993,104,421,0,MapMarkerQuest,1500042,m00013,Visible,@5208/i11040104,quest sequence marker review / getSequenceMarkerList
wvr300,110401,Dance the Night Away,class,data_or_stub,11040105,5,1,38.84,257.890015,104,421,0,MapMarkerQuest,1300034,m00013,Visible,@5208/i11040105,quest sequence marker review / getSequenceMarkerList
wvr300,110401,Dance the Night Away,class,data_or_stub,11040106,6,1,-110.199997,212.369995,104,421,50,MapMarkerQuest,4000257,m00013,Visible,@5208/i11040106,quest sequence marker review / getSequenceMarkerList
wvr300,110401,Dance the Night Away,class,data_or_stub,11040107,7,1,192.779999,-1424.02002,103,321,0,MapMarkerQuest,1100263,m00013,Visible,@5208/i11040107,quest sequence marker review / getSequenceMarkerList
wvr300,110401,Dance the Night Away,class,data_or_stub,11040108,8,1,202.270004,-1428.140015,103,321,0,MapMarkerQuest,1100394,m00013,Visible,@5208/i11040108,quest sequence marker review / getSequenceMarkerList
wvr300,110401,Dance the Night Away,class,data_or_stub,11040109,9,1,197.25,-1375.97998,103,321,0,MapMarkerQuest,1100199,m00013,Visible,@5208/i11040109,quest sequence marker review / getSequenceMarkerList
wvr300,110401,Dance the Night Away,class,data_or_stub,11040110,10,1,189.369995,-1371.780029,103,321,0,MapMarkerQuest,1300018,m00013,Visible,@5208/i11040110,quest sequence marker review / getSequenceMarkerList
wvr300,110401,Dance the Night Away,class,data_or_stub,11040111,11,1,-431,187,101,121,0,MapMarker,1600179,m00013,Visible,@5208/i11000101,point marker review / confirm sequence slot
wvr300,110401,Dance the Night Away,class,data_or_stub,11040112,12,1,-431,187,101,121,0,MapMarker,1600179,m00013,Visible,@5208/i11000101,point marker review / confirm sequence slot
wvr300,110401,Dance the Night Away,class,data_or_stub,11040113,13,1,-431,187,101,121,0,MapMarker,1600179,m00013,Visible,@5208/i11000101,point marker review / confirm sequence slot
wvr300,110401,Dance the Night Away,class,data_or_stub,11040114,14,1,-431,187,101,121,0,MapMarker,1600179,m00013,Visible,@5208/i11000101,point marker review / confirm sequence slot
wvr300,110401,Dance the Night Away,class,data_or_stub,11040115,15,1,-431,187,101,121,0,MapMarker,1600179,m00013,Visible,@5208/i11000101,point marker review / confirm sequence slot
wvr300,110401,Dance the Night Away,class,data_or_stub,11040116,16,1,-431,187,101,121,0,MapMarker,1600179,m00013,Visible,@5208/i11000101,point marker review / confirm sequence slot
wvr300,110401,Dance the Night Away,class,data_or_stub,11040117,17,1,-431,187,101,121,0,MapMarker,1600179,m00013,Visible,@5208/i11000101,point marker review / confirm sequence slot
wvr300,110401,Dance the Night Away,class,data_or_stub,11040118,18,1,-431,187,101,121,0,MapMarker,1600179,m00013,Visible,@5208/i11000101,point marker review / confirm sequence slot
wvr300,110401,Dance the Night Away,class,data_or_stub,11040119,19,1,-431,187,101,121,0,MapMarker,1600179,m00013,Visible,@5208/i11000101,point marker review / confirm sequence slot
wvr300,110401,Dance the Night Away,class,data_or_stub,11040120,20,1,-431,187,101,121,0,MapMarker,1600179,m00013,Visible,@5208/i11000101,point marker review / confirm sequence slot
wvr306,110402,A Fruitful Murder,class,data_or_stub,11040201,1,1,-754.799988,-99.720001,104,403,0,MapMarkerQuest,4000257,m00013,Visible,@5208/i11040201,quest sequence marker review / getSequenceMarkerList
wvr306,110402,A Fruitful Murder,class,data_or_stub,11040202,2,1,-801.150024,-65.199997,104,403,0,MapMarkerQuest,4000257,m00013,Visible,@5208/i11040202,quest sequence marker review / getSequenceMarkerList
wvr306,110402,A Fruitful Murder,class,data_or_stub,11040203,3,1,-110.199997,212.369995,104,421,0,MapMarkerQuest,4000257,m00013,Visible,@5208/i11040203,quest sequence marker review / getSequenceMarkerList
wvr306,110402,A Fruitful Murder,class,data_or_stub,11040204,4,1,38.84,257.890015,104,421,0,MapMarkerQuest,1300034,m00013,Visible,@5208/i11040204,quest sequence marker review / getSequenceMarkerList
wvr306,110402,A Fruitful Murder,class,data_or_stub,11040205,5,1,53.389999,269.179993,104,421,0,MapMarkerQuest,1500042,m00013,Visible,@5208/i11040205,quest sequence marker review / getSequenceMarkerList
wvr306,110402,A Fruitful Murder,class,data_or_stub,11040206,6,1,-768.159973,-119.529999,104,403,0,MapMarkerQuest,1500042,m00013,Visible,@5208/i11040206,quest sequence marker review / getSequenceMarkerList
wvr306,110402,A Fruitful Murder,class,data_or_stub,11040207,7,1,-431,187,101,121,0,MapMarker,1600179,m00013,Visible,@5208/i11000101,point marker review / confirm sequence slot
wvr306,110402,A Fruitful Murder,class,data_or_stub,11040208,8,1,-431,187,101,121,0,MapMarker,1600179,m00013,Visible,@5208/i11000101,point marker review / confirm sequence slot
wvr306,110402,A Fruitful Murder,class,data_or_stub,11040209,9,1,-431,187,101,121,0,MapMarker,1600179,m00013,Visible,@5208/i11000101,point marker review / confirm sequence slot
wvr306,110402,A Fruitful Murder,class,data_or_stub,11040210,10,1,-431,187,101,121,0,MapMarker,1600179,m00013,Visible,@5208/i11000101,point marker review / confirm sequence slot
wvr306,110402,A Fruitful Murder,class,data_or_stub,11040211,11,1,-431,187,101,121,0,MapMarker,1600179,m00013,Visible,@5208/i11000101,point marker review / confirm sequence slot
wvr306,110402,A Fruitful Murder,class,data_or_stub,11040212,12,1,-431,187,101,121,0,MapMarker,1600179,m00013,Visible,@5208/i11000101,point marker review / confirm sequence slot
wvr306,110402,A Fruitful Murder,class,data_or_stub,11040213,13,1,-431,187,101,121,0,MapMarker,1600179,m00013,Visible,@5208/i11000101,point marker review / confirm sequence slot
wvr306,110402,A Fruitful Murder,class,data_or_stub,11040214,14,1,-431,187,101,121,0,MapMarker,1600179,m00013,Visible,@5208/i11000101,point marker review / confirm sequence slot
wvr306,110402,A Fruitful Murder,class,data_or_stub,11040215,15,1,-431,187,101,121,0,MapMarker,1600179,m00013,Visible,@5208/i11000101,point marker review / confirm sequence slot
wvr306,110402,A Fruitful Murder,class,data_or_stub,11040216,16,1,-431,187,101,121,0,MapMarker,1600179,m00013,Visible,@5208/i11000101,point marker review / confirm sequence slot
wvr306,110402,A Fruitful Murder,class,data_or_stub,11040217,17,1,-431,187,101,121,0,MapMarker,1600179,m00013,Visible,@5208/i11000101,point marker review / confirm sequence slot
wvr306,110402,A Fruitful Murder,class,data_or_stub,11040218,18,1,-431,187,101,121,0,MapMarker,1600179,m00013,Visible,@5208/i11000101,point marker review / confirm sequence slot
wvr306,110402,A Fruitful Murder,class,data_or_stub,11040219,19,1,-431,187,101,121,0,MapMarker,1600179,m00013,Visible,@5208/i11000101,point marker review / confirm sequence slot
wvr306,110402,A Fruitful Murder,class,data_or_stub,11040220,20,1,-431,187,101,121,0,MapMarker,1600179,m00013,Visible,@5208/i11000101,point marker review / confirm sequence slot
com0g1,111601,Breaking the Seals,grand_company,handwritten_event_driver,11160101,1,1,-431,187,101,121,0,MapMarker,1600179,m00013,Visible,@5208/i11000101,point marker review / confirm sequence slot
com0g1,111601,Breaking the Seals,grand_company,handwritten_event_driver,11160102,2,1,-431,187,101,121,0,MapMarker,1600179,m00013,Visible,@5208/i11000101,point marker review / confirm sequence slot
com0g1,111601,Breaking the Seals,grand_company,handwritten_event_driver,11160103,3,1,-431,187,101,121,0,MapMarker,1600179,m00013,Visible,@5208/i11000101,point marker review / confirm sequence slot
com0g1,111601,Breaking the Seals,grand_company,handwritten_event_driver,11160104,4,1,-431,187,101,121,0,MapMarker,1600179,m00013,Visible,@5208/i11000101,point marker review / confirm sequence slot
com0g1,111601,Breaking the Seals,grand_company,handwritten_event_driver,11160105,5,1,-431,187,101,121,0,MapMarker,1600179,m00013,Visible,@5208/i11000101,point marker review / confirm sequence slot
com0g1,111601,Breaking the Seals,grand_company,handwritten_event_driver,11160106,6,1,-431,187,101,121,0,MapMarker,1600179,m00013,Visible,@5208/i11000101,point marker review / confirm sequence slot
com0g1,111601,Breaking the Seals,grand_company,handwritten_event_driver,11160107,7,1,-431,187,101,121,0,MapMarker,1600179,m00013,Visible,@5208/i11000101,point marker review / confirm sequence slot
com0g1,111601,Breaking the Seals,grand_company,handwritten_event_driver,11160108,8,1,-431,187,101,121,0,MapMarker,1600179,m00013,Visible,@5208/i11000101,point marker review / confirm sequence slot
com0g1,111601,Breaking the Seals,grand_company,handwritten_event_driver,11160109,9,1,-431,187,101,121,0,MapMarker,1600179,m00013,Visible,@5208/i11000101,point marker review / confirm sequence slot
com0g1,111601,Breaking the Seals,grand_company,handwritten_event_driver,11160110,10,1,-431,187,101,121,0,MapMarker,1600179,m00013,Visible,@5208/i11000101,point marker review / confirm sequence slot
com0g2,111602,Why Did It Have to Be Snakes,grand_company,handwritten_event_driver,11160201,1,1,-431,187,101,121,0,MapMarker,1600179,m00013,Visible,@5208/i11000101,point marker review / confirm sequence slot
com0g2,111602,Why Did It Have to Be Snakes,grand_company,handwritten_event_driver,11160202,2,1,-431,187,101,121,0,MapMarker,1600179,m00013,Visible,@5208/i11000101,point marker review / confirm sequence slot
com0g2,111602,Why Did It Have to Be Snakes,grand_company,handwritten_event_driver,11160203,3,1,-431,187,101,121,0,MapMarker,1600179,m00013,Visible,@5208/i11000101,point marker review / confirm sequence slot
com0g2,111602,Why Did It Have to Be Snakes,grand_company,handwritten_event_driver,11160204,4,1,-431,187,101,121,0,MapMarker,1600179,m00013,Visible,@5208/i11000101,point marker review / confirm sequence slot
com0g2,111602,Why Did It Have to Be Snakes,grand_company,handwritten_event_driver,11160205,5,1,-431,187,101,121,0,MapMarker,1600179,m00013,Visible,@5208/i11000101,point marker review / confirm sequence slot
com0g2,111602,Why Did It Have to Be Snakes,grand_company,handwritten_event_driver,11160206,6,1,-431,187,101,121,0,MapMarker,1600179,m00013,Visible,@5208/i11000101,point marker review / confirm sequence slot
com0g2,111602,Why Did It Have to Be Snakes,grand_company,handwritten_event_driver,11160207,7,1,-431,187,101,121,0,MapMarker,1600179,m00013,Visible,@5208/i11000101,point marker review / confirm sequence slot
com0g2,111602,Why Did It Have to Be Snakes,grand_company,handwritten_event_driver,11160208,8,1,-431,187,101,121,0,MapMarker,1600179,m00013,Visible,@5208/i11000101,point marker review / confirm sequence slot
com0g2,111602,Why Did It Have to Be Snakes,grand_company,handwritten_event_driver,11160209,9,1,-431,187,101,121,0,MapMarker,1600179,m00013,Visible,@5208/i11000101,point marker review / confirm sequence slot
com0g2,111602,Why Did It Have to Be Snakes,grand_company,handwritten_event_driver,11160210,10,1,-431,187,101,121,0,MapMarker,1600179,m00013,Visible,@5208/i11000101,point marker review / confirm sequence slot
com0g3,111603,Adder's Nest Egg,grand_company,handwritten_event_driver,11160301,1,1,169.190002,-174.75,103,5024,0,MapMarkerQuest,1000114,m00013,Visible,@5208/i11160301,quest sequence marker review / getSequenceMarkerList
com0g3,111603,Adder's Nest Egg,grand_company,handwritten_event_driver,11160302,2,1,1131.75,206.339996,104,402,0,MapMarkerQuest,2200199,m00013,Visible,@5208/i11160302,quest sequence marker review / getSequenceMarkerList
com0g3,111603,Adder's Nest Egg,grand_company,handwritten_event_driver,11160303,3,1,-636.609985,-2031.650024,103,303,0,MapMarkerQuest,4000257,m00013,Visible,@5208/i11160303,quest sequence marker review / getSequenceMarkerList
com0g3,111603,Adder's Nest Egg,grand_company,handwritten_event_driver,11160304,4,1,204,-1152,103,321,0,MapMarkerQuestArea,4000257,m00018,Visible,@5208/i11160304,marker table review
com0g3,111603,Adder's Nest Egg,grand_company,handwritten_event_driver,11160305,5,1,-431,187,101,121,0,MapMarker,1600179,m00013,Visible,@5208/i11000101,point marker review / confirm sequence slot
com0g3,111603,Adder's Nest Egg,grand_company,handwritten_event_driver,11160306,6,1,-431,187,101,121,0,MapMarker,1600179,m00013,Visible,@5208/i11000101,point marker review / confirm sequence slot
com0g3,111603,Adder's Nest Egg,grand_company,handwritten_event_driver,11160307,7,1,-431,187,101,121,0,MapMarker,1600179,m00013,Visible,@5208/i11000101,point marker review / confirm sequence slot
com0g3,111603,Adder's Nest Egg,grand_company,handwritten_event_driver,11160308,8,1,-431,187,101,121,0,MapMarker,1600179,m00013,Visible,@5208/i11000101,point marker review / confirm sequence slot
com0g3,111603,Adder's Nest Egg,grand_company,handwritten_event_driver,11160309,9,1,-431,187,101,121,0,MapMarker,1600179,m00013,Visible,@5208/i11000101,point marker review / confirm sequence slot
com0g3,111603,Adder's Nest Egg,grand_company,handwritten_event_driver,11160310,10,1,-431,187,101,121,0,MapMarker,1600179,m00013,Visible,@5208/i11000101,point marker review / confirm sequence slot
com0g4,111604,The Mail Must Get Through,grand_company,handwritten_event_driver,11160401,1,1,-63.560001,-1565.319946,103,321,0,MapMarkerQuest,4000257,m00013,Visible,@5208/i11160401,quest sequence marker review / getSequenceMarkerList
com0g4,111604,The Mail Must Get Through,grand_company,handwritten_event_driver,11160402,2,1,-93.93,-1609.699951,103,321,0,MapMarkerQuest,1400004,m00013,Visible,@5208/i11160402,quest sequence marker review / getSequenceMarkerList
com0g4,111604,The Mail Must Get Through,grand_company,handwritten_event_driver,11160403,3,1,1605.01001,1275.280029,103,305,0,MapMarkerQuest,4000257,m00013,Visible,@5208/i11160403,quest sequence marker review / getSequenceMarkerList
com0g4,111604,The Mail Must Get Through,grand_company,handwritten_event_driver,11160404,4,1,1634.300049,1277.339966,103,305,0,MapMarkerQuest,1200023,m00013,Visible,@5208/i11160404,quest sequence marker review / getSequenceMarkerList
com0g4,111604,The Mail Must Get Through,grand_company,handwritten_event_driver,11160405,5,1,-431,187,101,121,0,MapMarker,1600179,m00013,Visible,@5208/i11000101,point marker review / confirm sequence slot
com0g4,111604,The Mail Must Get Through,grand_company,handwritten_event_driver,11160406,6,1,-431,187,101,121,0,MapMarker,1600179,m00013,Visible,@5208/i11000101,point marker review / confirm sequence slot
com0g4,111604,The Mail Must Get Through,grand_company,handwritten_event_driver,11160407,7,1,-431,187,101,121,0,MapMarker,1600179,m00013,Visible,@5208/i11000101,point marker review / confirm sequence slot
com0g4,111604,The Mail Must Get Through,grand_company,handwritten_event_driver,11160408,8,1,-431,187,101,121,0,MapMarker,1600179,m00013,Visible,@5208/i11000101,point marker review / confirm sequence slot
com0g4,111604,The Mail Must Get Through,grand_company,handwritten_event_driver,11160409,9,1,-431,187,101,121,0,MapMarker,1600179,m00013,Visible,@5208/i11000101,point marker review / confirm sequence slot
com0g4,111604,The Mail Must Get Through,grand_company,handwritten_event_driver,11160410,10,1,-431,187,101,121,0,MapMarker,1600179,m00013,Visible,@5208/i11000101,point marker review / confirm sequence slot
com0g5,111605,Their Finest Hour,grand_company,handwritten_event_driver,11160501,1,1,-327.299988,-1671.060059,103,321,0,MapMarkerQuest,4000257,m00013,Visible,@5208/i11160501,quest sequence marker review / getSequenceMarkerList
com0g5,111605,Their Finest Hour,grand_company,handwritten_event_driver,11160502,2,1,-353.579987,-1695.719971,103,321,0,MapMarkerQuest,1000016,m00013,Visible,@5208/i11160502,quest sequence marker review / getSequenceMarkerList
com0g5,111605,Their Finest Hour,grand_company,handwritten_event_driver,11160503,3,1,1502.140015,-778.190002,103,302,0,MapMarkerQuest,4000257,m00013,Visible,@5208/i11160503,quest sequence marker review / getSequenceMarkerList
com0g5,111605,Their Finest Hour,grand_company,handwritten_event_driver,11160504,4,1,-327.299988,-1671.060059,103,321,0,MapMarkerQuest,4000257,m00013,Visible,@5208/i11160504,quest sequence marker review / getSequenceMarkerList
com0g5,111605,Their Finest Hour,grand_company,handwritten_event_driver,11160505,5,1,-349.709991,-1697.969971,103,321,0,MapMarkerQuest,2700004,m00013,Visible,@5208/i11160505,quest sequence marker review / getSequenceMarkerList
com0g5,111605,Their Finest Hour,grand_company,handwritten_event_driver,11160506,6,1,-431,187,101,121,0,MapMarker,1600179,m00013,Visible,@5208/i11000101,point marker review / confirm sequence slot
com0g5,111605,Their Finest Hour,grand_company,handwritten_event_driver,11160507,7,1,-431,187,101,121,0,MapMarker,1600179,m00013,Visible,@5208/i11000101,point marker review / confirm sequence slot
com0g5,111605,Their Finest Hour,grand_company,handwritten_event_driver,11160508,8,1,-431,187,101,121,0,MapMarker,1600179,m00013,Visible,@5208/i11000101,point marker review / confirm sequence slot
com0g5,111605,Their Finest Hour,grand_company,handwritten_event_driver,11160509,9,1,-431,187,101,121,0,MapMarker,1600179,m00013,Visible,@5208/i11000101,point marker review / confirm sequence slot
com0g5,111605,Their Finest Hour,grand_company,handwritten_event_driver,11160510,10,1,-431,187,101,121,0,MapMarker,1600179,m00013,Visible,@5208/i11000101,point marker review / confirm sequence slot
com0g6,111606,Appetite for Destruction,grand_company,handwritten_event_driver,11160601,1,1,-431,187,101,121,0,MapMarker,1600179,m00013,Visible,@5208/i11000101,point marker review / confirm sequence slot
com0g6,111606,Appetite for Destruction,grand_company,handwritten_event_driver,11160602,2,1,-431,187,101,121,0,MapMarker,1600179,m00013,Visible,@5208/i11000101,point marker review / confirm sequence slot
com0g6,111606,Appetite for Destruction,grand_company,handwritten_event_driver,11160603,3,1,-431,187,101,121,0,MapMarker,1600179,m00013,Visible,@5208/i11000101,point marker review / confirm sequence slot
com0g6,111606,Appetite for Destruction,grand_company,handwritten_event_driver,11160604,4,1,-431,187,101,121,0,MapMarker,1600179,m00013,Visible,@5208/i11000101,point marker review / confirm sequence slot
com0g6,111606,Appetite for Destruction,grand_company,handwritten_event_driver,11160605,5,1,-431,187,101,121,0,MapMarker,1600179,m00013,Visible,@5208/i11000101,point marker review / confirm sequence slot
com0g6,111606,Appetite for Destruction,grand_company,handwritten_event_driver,11160606,6,1,-431,187,101,121,0,MapMarker,1600179,m00013,Visible,@5208/i11000101,point marker review / confirm sequence slot
com0g6,111606,Appetite for Destruction,grand_company,handwritten_event_driver,11160607,7,1,-431,187,101,121,0,MapMarker,1600179,m00013,Visible,@5208/i11000101,point marker review / confirm sequence slot
com0g6,111606,Appetite for Destruction,grand_company,handwritten_event_driver,11160608,8,1,-431,187,101,121,0,MapMarker,1600179,m00013,Visible,@5208/i11000101,point marker review / confirm sequence slot
com0g6,111606,Appetite for Destruction,grand_company,handwritten_event_driver,11160609,9,1,-431,187,101,121,0,MapMarker,1600179,m00013,Visible,@5208/i11000101,point marker review / confirm sequence slot
com0g6,111606,Appetite for Destruction,grand_company,handwritten_event_driver,11160610,10,1,-431,187,101,121,0,MapMarker,1600179,m00013,Visible,@5208/i11000101,point marker review / confirm sequence slot
com0g7,111607,"Serenity, Purity, Sanctity",grand_company,handwritten_event_driver,11160701,1,1,-431,187,101,121,0,MapMarker,1600179,m00013,Visible,@5208/i11000101,point marker review / confirm sequence slot
com0g7,111607,"Serenity, Purity, Sanctity",grand_company,handwritten_event_driver,11160702,2,1,-431,187,101,121,0,MapMarker,1600179,m00013,Visible,@5208/i11000101,point marker review / confirm sequence slot
com0g7,111607,"Serenity, Purity, Sanctity",grand_company,handwritten_event_driver,11160703,3,1,-431,187,101,121,0,MapMarker,1600179,m00013,Visible,@5208/i11000101,point marker review / confirm sequence slot
com0g7,111607,"Serenity, Purity, Sanctity",grand_company,handwritten_event_driver,11160704,4,1,-431,187,101,121,0,MapMarker,1600179,m00013,Visible,@5208/i11000101,point marker review / confirm sequence slot
com0g7,111607,"Serenity, Purity, Sanctity",grand_company,handwritten_event_driver,11160705,5,1,-431,187,101,121,0,MapMarker,1600179,m00013,Visible,@5208/i11000101,point marker review / confirm sequence slot
com0g7,111607,"Serenity, Purity, Sanctity",grand_company,handwritten_event_driver,11160706,6,1,-431,187,101,121,0,MapMarker,1600179,m00013,Visible,@5208/i11000101,point marker review / confirm sequence slot
com0g7,111607,"Serenity, Purity, Sanctity",grand_company,handwritten_event_driver,11160707,7,1,-431,187,101,121,0,MapMarker,1600179,m00013,Visible,@5208/i11000101,point marker review / confirm sequence slot
com0g7,111607,"Serenity, Purity, Sanctity",grand_company,handwritten_event_driver,11160708,8,1,-431,187,101,121,0,MapMarker,1600179,m00013,Visible,@5208/i11000101,point marker review / confirm sequence slot
com0g7,111607,"Serenity, Purity, Sanctity",grand_company,handwritten_event_driver,11160709,9,1,-431,187,101,121,0,MapMarker,1600179,m00013,Visible,@5208/i11000101,point marker review / confirm sequence slot
com0g7,111607,"Serenity, Purity, Sanctity",grand_company,handwritten_event_driver,11160710,10,1,-431,187,101,121,0,MapMarker,1600179,m00013,Visible,@5208/i11000101,point marker review / confirm sequence slot
com0l1,111401,The Price of Integrity,grand_company,handwritten_event_driver,11140101,1,1,-431,187,101,121,0,MapMarker,1600179,m00013,Visible,@5208/i11000101,point marker review / confirm sequence slot
com0l1,111401,The Price of Integrity,grand_company,handwritten_event_driver,11140102,2,1,-431,187,101,121,0,MapMarker,1600179,m00013,Visible,@5208/i11000101,point marker review / confirm sequence slot
com0l1,111401,The Price of Integrity,grand_company,handwritten_event_driver,11140103,3,1,-431,187,101,121,0,MapMarker,1600179,m00013,Visible,@5208/i11000101,point marker review / confirm sequence slot
com0l1,111401,The Price of Integrity,grand_company,handwritten_event_driver,11140104,4,1,-431,187,101,121,0,MapMarker,1600179,m00013,Visible,@5208/i11000101,point marker review / confirm sequence slot
com0l1,111401,The Price of Integrity,grand_company,handwritten_event_driver,11140105,5,1,-431,187,101,121,0,MapMarker,1600179,m00013,Visible,@5208/i11000101,point marker review / confirm sequence slot
com0l1,111401,The Price of Integrity,grand_company,handwritten_event_driver,11140106,6,1,-431,187,101,121,0,MapMarker,1600179,m00013,Visible,@5208/i11000101,point marker review / confirm sequence slot
com0l1,111401,The Price of Integrity,grand_company,handwritten_event_driver,11140107,7,1,-431,187,101,121,0,MapMarker,1600179,m00013,Visible,@5208/i11000101,point marker review / confirm sequence slot
com0l1,111401,The Price of Integrity,grand_company,handwritten_event_driver,11140108,8,1,-431,187,101,121,0,MapMarker,1600179,m00013,Visible,@5208/i11000101,point marker review / confirm sequence slot
com0l1,111401,The Price of Integrity,grand_company,handwritten_event_driver,11140109,9,1,-431,187,101,121,0,MapMarker,1600179,m00013,Visible,@5208/i11000101,point marker review / confirm sequence slot
com0l1,111401,The Price of Integrity,grand_company,handwritten_event_driver,11140110,10,1,-431,187,101,121,0,MapMarker,1600179,m00013,Visible,@5208/i11000101,point marker review / confirm sequence slot
com0l1,111401,The Price of Integrity,grand_company,handwritten_event_driver,11140111,11,1,-431,187,101,121,0,MapMarker,1600179,m00013,Visible,@5208/i11000101,point marker review / confirm sequence slot
com0l1,111401,The Price of Integrity,grand_company,handwritten_event_driver,11140112,12,1,-431,187,101,121,0,MapMarker,1600179,m00013,Visible,@5208/i11000101,point marker review / confirm sequence slot
com0l1,111401,The Price of Integrity,grand_company,handwritten_event_driver,11140113,13,1,-431,187,101,121,0,MapMarker,1600179,m00013,Visible,@5208/i11000101,point marker review / confirm sequence slot
com0l1,111401,The Price of Integrity,grand_company,handwritten_event_driver,11140114,14,1,-431,187,101,121,0,MapMarker,1600179,m00013,Visible,@5208/i11000101,point marker review / confirm sequence slot
com0l1,111401,The Price of Integrity,grand_company,handwritten_event_driver,11140115,15,1,-431,187,101,121,0,MapMarker,1600179,m00013,Visible,@5208/i11000101,point marker review / confirm sequence slot
com0l1,111401,The Price of Integrity,grand_company,handwritten_event_driver,11140116,16,1,-431,187,101,121,0,MapMarker,1600179,m00013,Visible,@5208/i11000101,point marker review / confirm sequence slot
com0l1,111401,The Price of Integrity,grand_company,handwritten_event_driver,11140117,17,1,-431,187,101,121,0,MapMarker,1600179,m00013,Visible,@5208/i11000101,point marker review / confirm sequence slot
com0l1,111401,The Price of Integrity,grand_company,handwritten_event_driver,11140118,18,1,-431,187,101,121,0,MapMarker,1600179,m00013,Visible,@5208/i11000101,point marker review / confirm sequence slot
com0l1,111401,The Price of Integrity,grand_company,handwritten_event_driver,11140119,19,1,-431,187,101,121,0,MapMarker,1600179,m00013,Visible,@5208/i11000101,point marker review / confirm sequence slot
com0l1,111401,The Price of Integrity,grand_company,handwritten_event_driver,11140120,20,1,-431,187,101,121,0,MapMarker,1600179,m00013,Visible,@5208/i11000101,point marker review / confirm sequence slot
com0l2,111402,Testing the Waters,grand_company,handwritten_event_driver,11140201,1,1,-431,187,101,121,0,MapMarker,1600179,m00013,Visible,@5208/i11000101,point marker review / confirm sequence slot
com0l2,111402,Testing the Waters,grand_company,handwritten_event_driver,11140202,2,1,-431,187,101,121,0,MapMarker,1600179,m00013,Visible,@5208/i11000101,point marker review / confirm sequence slot
com0l2,111402,Testing the Waters,grand_company,handwritten_event_driver,11140203,3,1,-431,187,101,121,0,MapMarker,1600179,m00013,Visible,@5208/i11000101,point marker review / confirm sequence slot
com0l2,111402,Testing the Waters,grand_company,handwritten_event_driver,11140204,4,1,-431,187,101,121,0,MapMarker,1600179,m00013,Visible,@5208/i11000101,point marker review / confirm sequence slot
com0l2,111402,Testing the Waters,grand_company,handwritten_event_driver,11140205,5,1,-431,187,101,121,0,MapMarker,1600179,m00013,Visible,@5208/i11000101,point marker review / confirm sequence slot
com0l2,111402,Testing the Waters,grand_company,handwritten_event_driver,11140206,6,1,-431,187,101,121,0,MapMarker,1600179,m00013,Visible,@5208/i11000101,point marker review / confirm sequence slot
com0l2,111402,Testing the Waters,grand_company,handwritten_event_driver,11140207,7,1,-431,187,101,121,0,MapMarker,1600179,m00013,Visible,@5208/i11000101,point marker review / confirm sequence slot
com0l2,111402,Testing the Waters,grand_company,handwritten_event_driver,11140208,8,1,-431,187,101,121,0,MapMarker,1600179,m00013,Visible,@5208/i11000101,point marker review / confirm sequence slot
com0l2,111402,Testing the Waters,grand_company,handwritten_event_driver,11140209,9,1,-431,187,101,121,0,MapMarker,1600179,m00013,Visible,@5208/i11000101,point marker review / confirm sequence slot
com0l2,111402,Testing the Waters,grand_company,handwritten_event_driver,11140210,10,1,-431,187,101,121,0,MapMarker,1600179,m00013,Visible,@5208/i11000101,point marker review / confirm sequence slot
com0l2,111402,Testing the Waters,grand_company,handwritten_event_driver,11140211,11,1,-431,187,101,121,0,MapMarker,1600179,m00013,Visible,@5208/i11000101,point marker review / confirm sequence slot
com0l2,111402,Testing the Waters,grand_company,handwritten_event_driver,11140212,12,1,-431,187,101,121,0,MapMarker,1600179,m00013,Visible,@5208/i11000101,point marker review / confirm sequence slot
com0l2,111402,Testing the Waters,grand_company,handwritten_event_driver,11140213,13,1,-431,187,101,121,0,MapMarker,1600179,m00013,Visible,@5208/i11000101,point marker review / confirm sequence slot
com0l2,111402,Testing the Waters,grand_company,handwritten_event_driver,11140214,14,1,-431,187,101,121,0,MapMarker,1600179,m00013,Visible,@5208/i11000101,point marker review / confirm sequence slot
com0l2,111402,Testing the Waters,grand_company,handwritten_event_driver,11140215,15,1,-431,187,101,121,0,MapMarker,1600179,m00013,Visible,@5208/i11000101,point marker review / confirm sequence slot
com0l2,111402,Testing the Waters,grand_company,handwritten_event_driver,11140216,16,1,-431,187,101,121,0,MapMarker,1600179,m00013,Visible,@5208/i11000101,point marker review / confirm sequence slot
com0l2,111402,Testing the Waters,grand_company,handwritten_event_driver,11140217,17,1,-431,187,101,121,0,MapMarker,1600179,m00013,Visible,@5208/i11000101,point marker review / confirm sequence slot
com0l2,111402,Testing the Waters,grand_company,handwritten_event_driver,11140218,18,1,-431,187,101,121,0,MapMarker,1600179,m00013,Visible,@5208/i11000101,point marker review / confirm sequence slot
com0l2,111402,Testing the Waters,grand_company,handwritten_event_driver,11140219,19,1,-431,187,101,121,0,MapMarker,1600179,m00013,Visible,@5208/i11000101,point marker review / confirm sequence slot
com0l2,111402,Testing the Waters,grand_company,handwritten_event_driver,11140220,20,1,-431,187,101,121,0,MapMarker,1600179,m00013,Visible,@5208/i11000101,point marker review / confirm sequence slot
com0l3,111403,Seals for the Whorl,grand_company,handwritten_event_driver,11140301,1,1,-431,187,101,121,0,MapMarker,1600179,m00013,Visible,@5208/i11000101,point marker review / confirm sequence slot
com0l3,111403,Seals for the Whorl,grand_company,handwritten_event_driver,11140302,2,1,-431,187,101,121,0,MapMarker,1600179,m00013,Visible,@5208/i11000101,point marker review / confirm sequence slot
com0l3,111403,Seals for the Whorl,grand_company,handwritten_event_driver,11140303,3,1,-431,187,101,121,0,MapMarker,1600179,m00013,Visible,@5208/i11000101,point marker review / confirm sequence slot
com0l3,111403,Seals for the Whorl,grand_company,handwritten_event_driver,11140304,4,1,-431,187,101,121,0,MapMarker,1600179,m00013,Visible,@5208/i11000101,point marker review / confirm sequence slot
com0l3,111403,Seals for the Whorl,grand_company,handwritten_event_driver,11140305,5,1,-431,187,101,121,0,MapMarker,1600179,m00013,Visible,@5208/i11000101,point marker review / confirm sequence slot
com0l3,111403,Seals for the Whorl,grand_company,handwritten_event_driver,11140306,6,1,-431,187,101,121,0,MapMarker,1600179,m00013,Visible,@5208/i11000101,point marker review / confirm sequence slot
com0l3,111403,Seals for the Whorl,grand_company,handwritten_event_driver,11140307,7,1,-431,187,101,121,0,MapMarker,1600179,m00013,Visible,@5208/i11000101,point marker review / confirm sequence slot
com0l3,111403,Seals for the Whorl,grand_company,handwritten_event_driver,11140308,8,1,-431,187,101,121,0,MapMarker,1600179,m00013,Visible,@5208/i11000101,point marker review / confirm sequence slot
com0l3,111403,Seals for the Whorl,grand_company,handwritten_event_driver,11140309,9,1,-431,187,101,121,0,MapMarker,1600179,m00013,Visible,@5208/i11000101,point marker review / confirm sequence slot
com0l3,111403,Seals for the Whorl,grand_company,handwritten_event_driver,11140310,10,1,-431,187,101,121,0,MapMarker,1600179,m00013,Visible,@5208/i11000101,point marker review / confirm sequence slot
com0l3,111403,Seals for the Whorl,grand_company,handwritten_event_driver,11140311,11,1,-431,187,101,121,0,MapMarker,1600179,m00013,Visible,@5208/i11000101,point marker review / confirm sequence slot
com0l3,111403,Seals for the Whorl,grand_company,handwritten_event_driver,11140312,12,1,-431,187,101,121,0,MapMarker,1600179,m00013,Visible,@5208/i11000101,point marker review / confirm sequence slot
com0l3,111403,Seals for the Whorl,grand_company,handwritten_event_driver,11140313,13,1,-431,187,101,121,0,MapMarker,1600179,m00013,Visible,@5208/i11000101,point marker review / confirm sequence slot
com0l3,111403,Seals for the Whorl,grand_company,handwritten_event_driver,11140314,14,1,-431,187,101,121,0,MapMarker,1600179,m00013,Visible,@5208/i11000101,point marker review / confirm sequence slot
com0l3,111403,Seals for the Whorl,grand_company,handwritten_event_driver,11140315,15,1,-431,187,101,121,0,MapMarker,1600179,m00013,Visible,@5208/i11000101,point marker review / confirm sequence slot
com0l3,111403,Seals for the Whorl,grand_company,handwritten_event_driver,11140316,16,1,-431,187,101,121,0,MapMarker,1600179,m00013,Visible,@5208/i11000101,point marker review / confirm sequence slot
com0l3,111403,Seals for the Whorl,grand_company,handwritten_event_driver,11140317,17,1,-431,187,101,121,0,MapMarker,1600179,m00013,Visible,@5208/i11000101,point marker review / confirm sequence slot
com0l3,111403,Seals for the Whorl,grand_company,handwritten_event_driver,11140318,18,1,-431,187,101,121,0,MapMarker,1600179,m00013,Visible,@5208/i11000101,point marker review / confirm sequence slot
com0l3,111403,Seals for the Whorl,grand_company,handwritten_event_driver,11140319,19,1,-431,187,101,121,0,MapMarker,1600179,m00013,Visible,@5208/i11000101,point marker review / confirm sequence slot
com0l3,111403,Seals for the Whorl,grand_company,handwritten_event_driver,11140320,20,1,-431,187,101,121,0,MapMarker,1600179,m00013,Visible,@5208/i11000101,point marker review / confirm sequence slot
com0l4,111404,Engineering Victory,grand_company,handwritten_event_driver,11140401,1,1,-431,187,101,121,0,MapMarker,1600179,m00013,Visible,@5208/i11000101,point marker review / confirm sequence slot
com0l4,111404,Engineering Victory,grand_company,handwritten_event_driver,11140402,2,1,-431,187,101,121,0,MapMarker,1600179,m00013,Visible,@5208/i11000101,point marker review / confirm sequence slot
com0l4,111404,Engineering Victory,grand_company,handwritten_event_driver,11140403,3,1,-431,187,101,121,0,MapMarker,1600179,m00013,Visible,@5208/i11000101,point marker review / confirm sequence slot
com0l4,111404,Engineering Victory,grand_company,handwritten_event_driver,11140404,4,1,-431,187,101,121,0,MapMarker,1600179,m00013,Visible,@5208/i11000101,point marker review / confirm sequence slot
com0l4,111404,Engineering Victory,grand_company,handwritten_event_driver,11140405,5,1,-431,187,101,121,0,MapMarker,1600179,m00013,Visible,@5208/i11000101,point marker review / confirm sequence slot
com0l4,111404,Engineering Victory,grand_company,handwritten_event_driver,11140406,6,1,-431,187,101,121,0,MapMarker,1600179,m00013,Visible,@5208/i11000101,point marker review / confirm sequence slot
com0l4,111404,Engineering Victory,grand_company,handwritten_event_driver,11140407,7,1,-431,187,101,121,0,MapMarker,1600179,m00013,Visible,@5208/i11000101,point marker review / confirm sequence slot
com0l4,111404,Engineering Victory,grand_company,handwritten_event_driver,11140408,8,1,-431,187,101,121,0,MapMarker,1600179,m00013,Visible,@5208/i11000101,point marker review / confirm sequence slot
com0l4,111404,Engineering Victory,grand_company,handwritten_event_driver,11140409,9,1,-431,187,101,121,0,MapMarker,1600179,m00013,Visible,@5208/i11000101,point marker review / confirm sequence slot
com0l4,111404,Engineering Victory,grand_company,handwritten_event_driver,11140410,10,1,-431,187,101,121,0,MapMarker,1600179,m00013,Visible,@5208/i11000101,point marker review / confirm sequence slot
com0l4,111404,Engineering Victory,grand_company,handwritten_event_driver,11140411,11,1,-431,187,101,121,0,MapMarker,1600179,m00013,Visible,@5208/i11000101,point marker review / confirm sequence slot
com0l4,111404,Engineering Victory,grand_company,handwritten_event_driver,11140412,12,1,-431,187,101,121,0,MapMarker,1600179,m00013,Visible,@5208/i11000101,point marker review / confirm sequence slot
com0l4,111404,Engineering Victory,grand_company,handwritten_event_driver,11140413,13,1,-431,187,101,121,0,MapMarker,1600179,m00013,Visible,@5208/i11000101,point marker review / confirm sequence slot
com0l4,111404,Engineering Victory,grand_company,handwritten_event_driver,11140414,14,1,-431,187,101,121,0,MapMarker,1600179,m00013,Visible,@5208/i11000101,point marker review / confirm sequence slot
com0l4,111404,Engineering Victory,grand_company,handwritten_event_driver,11140415,15,1,-431,187,101,121,0,MapMarker,1600179,m00013,Visible,@5208/i11000101,point marker review / confirm sequence slot
com0l4,111404,Engineering Victory,grand_company,handwritten_event_driver,11140416,16,1,-431,187,101,121,0,MapMarker,1600179,m00013,Visible,@5208/i11000101,point marker review / confirm sequence slot
com0l4,111404,Engineering Victory,grand_company,handwritten_event_driver,11140417,17,1,-431,187,101,121,0,MapMarker,1600179,m00013,Visible,@5208/i11000101,point marker review / confirm sequence slot
com0l4,111404,Engineering Victory,grand_company,handwritten_event_driver,11140418,18,1,-431,187,101,121,0,MapMarker,1600179,m00013,Visible,@5208/i11000101,point marker review / confirm sequence slot
com0l4,111404,Engineering Victory,grand_company,handwritten_event_driver,11140419,19,1,-431,187,101,121,0,MapMarker,1600179,m00013,Visible,@5208/i11000101,point marker review / confirm sequence slot
com0l4,111404,Engineering Victory,grand_company,handwritten_event_driver,11140420,20,1,-431,187,101,121,0,MapMarker,1600179,m00013,Visible,@5208/i11000101,point marker review / confirm sequence slot
com0l5,111405,An Officer and a Wise Man,grand_company,handwritten_event_driver,11140501,1,1,-431,187,101,121,0,MapMarker,1600179,m00013,Visible,@5208/i11000101,point marker review / confirm sequence slot
com0l5,111405,An Officer and a Wise Man,grand_company,handwritten_event_driver,11140502,2,1,-431,187,101,121,0,MapMarker,1600179,m00013,Visible,@5208/i11000101,point marker review / confirm sequence slot
com0l5,111405,An Officer and a Wise Man,grand_company,handwritten_event_driver,11140503,3,1,-431,187,101,121,0,MapMarker,1600179,m00013,Visible,@5208/i11000101,point marker review / confirm sequence slot
com0l5,111405,An Officer and a Wise Man,grand_company,handwritten_event_driver,11140504,4,1,-431,187,101,121,0,MapMarker,1600179,m00013,Visible,@5208/i11000101,point marker review / confirm sequence slot
com0l5,111405,An Officer and a Wise Man,grand_company,handwritten_event_driver,11140505,5,1,-431,187,101,121,0,MapMarker,1600179,m00013,Visible,@5208/i11000101,point marker review / confirm sequence slot
com0l5,111405,An Officer and a Wise Man,grand_company,handwritten_event_driver,11140506,6,1,-431,187,101,121,0,MapMarker,1600179,m00013,Visible,@5208/i11000101,point marker review / confirm sequence slot
com0l5,111405,An Officer and a Wise Man,grand_company,handwritten_event_driver,11140507,7,1,-431,187,101,121,0,MapMarker,1600179,m00013,Visible,@5208/i11000101,point marker review / confirm sequence slot
com0l5,111405,An Officer and a Wise Man,grand_company,handwritten_event_driver,11140508,8,1,-431,187,101,121,0,MapMarker,1600179,m00013,Visible,@5208/i11000101,point marker review / confirm sequence slot
com0l5,111405,An Officer and a Wise Man,grand_company,handwritten_event_driver,11140509,9,1,-431,187,101,121,0,MapMarker,1600179,m00013,Visible,@5208/i11000101,point marker review / confirm sequence slot
com0l5,111405,An Officer and a Wise Man,grand_company,handwritten_event_driver,11140510,10,1,-431,187,101,121,0,MapMarker,1600179,m00013,Visible,@5208/i11000101,point marker review / confirm sequence slot
com0l5,111405,An Officer and a Wise Man,grand_company,handwritten_event_driver,11140511,11,1,-431,187,101,121,0,MapMarker,1600179,m00013,Visible,@5208/i11000101,point marker review / confirm sequence slot
com0l5,111405,An Officer and a Wise Man,grand_company,handwritten_event_driver,11140512,12,1,-431,187,101,121,0,MapMarker,1600179,m00013,Visible,@5208/i11000101,point marker review / confirm sequence slot
com0l5,111405,An Officer and a Wise Man,grand_company,handwritten_event_driver,11140513,13,1,-431,187,101,121,0,MapMarker,1600179,m00013,Visible,@5208/i11000101,point marker review / confirm sequence slot
com0l5,111405,An Officer and a Wise Man,grand_company,handwritten_event_driver,11140514,14,1,-431,187,101,121,0,MapMarker,1600179,m00013,Visible,@5208/i11000101,point marker review / confirm sequence slot
com0l5,111405,An Officer and a Wise Man,grand_company,handwritten_event_driver,11140515,15,1,-431,187,101,121,0,MapMarker,1600179,m00013,Visible,@5208/i11000101,point marker review / confirm sequence slot
com0l5,111405,An Officer and a Wise Man,grand_company,handwritten_event_driver,11140516,16,1,-431,187,101,121,0,MapMarker,1600179,m00013,Visible,@5208/i11000101,point marker review / confirm sequence slot
com0l5,111405,An Officer and a Wise Man,grand_company,handwritten_event_driver,11140517,17,1,-431,187,101,121,0,MapMarker,1600179,m00013,Visible,@5208/i11000101,point marker review / confirm sequence slot
com0l5,111405,An Officer and a Wise Man,grand_company,handwritten_event_driver,11140518,18,1,-431,187,101,121,0,MapMarker,1600179,m00013,Visible,@5208/i11000101,point marker review / confirm sequence slot
com0l5,111405,An Officer and a Wise Man,grand_company,handwritten_event_driver,11140519,19,1,-431,187,101,121,0,MapMarker,1600179,m00013,Visible,@5208/i11000101,point marker review / confirm sequence slot
com0l5,111405,An Officer and a Wise Man,grand_company,handwritten_event_driver,11140520,20,1,-431,187,101,121,0,MapMarker,1600179,m00013,Visible,@5208/i11000101,point marker review / confirm sequence slot
com5u0,111810,Imperial Devices (Ul'dah),grand_company,data_or_stub,11181001,1,1,16.620001,-1560.959961,103,321,0,MapMarkerQuest,2700013,m00013,Visible,@5208/i11181001,quest sequence marker review / getSequenceMarkerList
com5u0,111810,Imperial Devices (Ul'dah),grand_company,data_or_stub,11181002,2,1,993.929993,-1222.869995,101,103,0,MapMarkerQuestArea,4000257,m00029,Visible,@5208/i11181002,marker table review
com5u0,111810,Imperial Devices (Ul'dah),grand_company,data_or_stub,11181003,3,1,1345.969971,-380.859985,101,103,0,MapMarkerQuestArea,4000257,m00029,Visible,@5208/i11181003,marker table review
com5u0,111810,Imperial Devices (Ul'dah),grand_company,data_or_stub,11181004,4,1,-1521.959961,-577.150024,104,403,0,MapMarkerQuestArea,4000257,m00029,Visible,@5208/i11181004,marker table review
com5u0,111810,Imperial Devices (Ul'dah),grand_company,data_or_stub,11181005,5,1,-1887.040039,2.22,104,403,0,MapMarkerQuestArea,4000257,m00029,Visible,@5208/i11181005,marker table review
com5u0,111810,Imperial Devices (Ul'dah),grand_company,data_or_stub,11181006,6,1,591.27002,1234.699951,103,305,0,MapMarkerQuestArea,4000257,m00029,Visible,@5208/i11181006,marker table review
com5u0,111810,Imperial Devices (Ul'dah),grand_company,data_or_stub,11181007,7,1,1501.849976,1309.199951,103,305,0,MapMarkerQuestArea,4000257,m00029,Visible,@5208/i11181007,marker table review
com5u0,111810,Imperial Devices (Ul'dah),grand_company,data_or_stub,11181008,8,1,5.85,-1564.189941,103,321,0,MapMarkerQuest,4000257,m00013,Visible,@5208/i11181008,quest sequence marker review / getSequenceMarkerList
com5u0,111810,Imperial Devices (Ul'dah),grand_company,data_or_stub,11181009,9,1,-782.090027,678.119995,104,403,0,MapMarkerQuestArea,4000257,m00018,Visible,@5208/i11181009,marker table review
com5u0,111810,Imperial Devices (Ul'dah),grand_company,data_or_stub,11181010,10,1,169.100006,-174.699997,101,5004,0,MapMarkerQuest,1000385,m00013,Visible,@5208/i11181010,quest sequence marker review / getSequenceMarkerList
com5u0,111810,Imperial Devices (Ul'dah),grand_company,data_or_stub,11181011,11,1,169.100006,-174.699997,103,5024,0,MapMarkerQuest,1000114,m00013,Visible,@5208/i11181011,quest sequence marker review / getSequenceMarkerList
com5u0,111810,Imperial Devices (Ul'dah),grand_company,data_or_stub,11181012,12,1,169.100006,-174.699997,104,5014,0,MapMarkerQuest,1000288,m00013,Visible,@5208/i11181012,quest sequence marker review / getSequenceMarkerList
com5u0,111810,Imperial Devices (Ul'dah),grand_company,data_or_stub,11181013,13,1,-431,187,101,121,0,MapMarker,1600179,m00013,Visible,@5208/i11000101,point marker review / confirm sequence slot
com5u0,111810,Imperial Devices (Ul'dah),grand_company,data_or_stub,11181014,14,1,-431,187,101,121,0,MapMarker,1600179,m00013,Visible,@5208/i11000101,point marker review / confirm sequence slot
com5u0,111810,Imperial Devices (Ul'dah),grand_company,data_or_stub,11181015,15,1,-431,187,101,121,0,MapMarker,1600179,m00013,Visible,@5208/i11000101,point marker review / confirm sequence slot
com5u0,111810,Imperial Devices (Ul'dah),grand_company,data_or_stub,11181016,16,1,-431,187,101,121,0,MapMarker,1600179,m00013,Visible,@5208/i11000101,point marker review / confirm sequence slot
com5u0,111810,Imperial Devices (Ul'dah),grand_company,data_or_stub,11181017,17,1,-431,187,101,121,0,MapMarker,1600179,m00013,Visible,@5208/i11000101,point marker review / confirm sequence slot
com5u0,111810,Imperial Devices (Ul'dah),grand_company,data_or_stub,11181018,18,1,-431,187,101,121,0,MapMarker,1600179,m00013,Visible,@5208/i11000101,point marker review / confirm sequence slot
com5u0,111810,Imperial Devices (Ul'dah),grand_company,data_or_stub,11181019,19,1,-431,187,101,121,0,MapMarker,1600179,m00013,Visible,@5208/i11000101,point marker review / confirm sequence slot
com5u0,111810,Imperial Devices (Ul'dah),grand_company,data_or_stub,11181020,20,1,-431,187,101,121,0,MapMarker,1600179,m00013,Visible,@5208/i11000101,point marker review / confirm sequence slot
com5u1,111811,Into the Dark (Ul'dah),grand_company,data_or_stub,11181101,1,1,-284.359985,-2268.340088,101,104,0,MapMarkerQuest,1600122,m00013,Visible,@5208/i11181101,quest sequence marker review / getSequenceMarkerList
com5u1,111811,Into the Dark (Ul'dah),grand_company,data_or_stub,11181102,2,1,-286.630005,-2266.590088,101,104,0,MapMarkerQuest,1600321,m00013,Visible,@5208/i11181102,quest sequence marker review / getSequenceMarkerList
com5u1,111811,Into the Dark (Ul'dah),grand_company,data_or_stub,11181103,3,1,-292.049988,-2268.790039,101,104,0,MapMarkerQuest,1900223,m00013,Visible,@5208/i11181103,quest sequence marker review / getSequenceMarkerList
com5u1,111811,Into the Dark (Ul'dah),grand_company,data_or_stub,11181104,4,1,-808.049988,-2404.040039,101,104,0,MapMarkerQuest,2700004,m00013,Visible,@5208/i11181104,quest sequence marker review / getSequenceMarkerList
com5u1,111811,Into the Dark (Ul'dah),grand_company,data_or_stub,11181105,5,1,-815.549988,-2406.030029,101,104,0,MapMarkerQuest,1200193,m00013,Visible,@5208/i11181105,quest sequence marker review / getSequenceMarkerList
com5u1,111811,Into the Dark (Ul'dah),grand_company,data_or_stub,11181106,6,1,-824.429993,-2383.219971,101,104,0,MapMarkerQuest,1500138,m00013,Visible,@5208/i11181106,quest sequence marker review / getSequenceMarkerList
com5u1,111811,Into the Dark (Ul'dah),grand_company,data_or_stub,11181107,7,1,-289.559998,-2279.330078,101,104,0,MapMarkerQuest,4000257,m00013,Visible,@5208/i11181107,quest sequence marker review / getSequenceMarkerList
com5u1,111811,Into the Dark (Ul'dah),grand_company,data_or_stub,11181108,8,1,-511.279999,-2433.320068,101,104,0,MapMarkerQuest,4000257,m00013,Visible,@5208/i11181108,quest sequence marker review / getSequenceMarkerList
com5u1,111811,Into the Dark (Ul'dah),grand_company,data_or_stub,11181109,9,1,-431,187,101,121,0,MapMarker,1600179,m00013,Visible,@5208/i11000101,point marker review / confirm sequence slot
com5u1,111811,Into the Dark (Ul'dah),grand_company,data_or_stub,11181110,10,1,-431,187,101,121,0,MapMarker,1600179,m00013,Visible,@5208/i11000101,point marker review / confirm sequence slot
gcu101,111816,It Kills with Fire (Ul'dah),grand_company,data_or_stub,11181601,1,1,-216.110001,-1647,103,321,24,MapMarkerQuest,1000157,m00013,Visible,@5208/i11181601,quest sequence marker review / getSequenceMarkerList
gcu101,111816,It Kills with Fire (Ul'dah),grand_company,data_or_stub,11181602,2,1,30.66,-2148.959961,103,321,99,MapMarkerQuest,1700011,m00013,Visible,@5208/i11181602,quest sequence marker review / getSequenceMarkerList
gcu101,111816,It Kills with Fire (Ul'dah),grand_company,data_or_stub,11181603,3,1,28.309999,-2147.830078,103,321,99,MapMarkerQuest,2700006,m00013,Visible,@5208/i11181603,quest sequence marker review / getSequenceMarkerList
gcu101,111816,It Kills with Fire (Ul'dah),grand_company,data_or_stub,11181604,4,1,28.07,-2144.719971,103,321,99,MapMarkerQuest,2700009,m00013,Visible,@5208/i11181604,quest sequence marker review / getSequenceMarkerList
gcu101,111816,It Kills with Fire (Ul'dah),grand_company,data_or_stub,11181605,5,1,1669.589966,947.669983,102,203,0,MapMarkerQuest,4000257,m00013,Visible,@5208/i11181605,quest sequence marker review / getSequenceMarkerList
gcu101,111816,It Kills with Fire (Ul'dah),grand_company,data_or_stub,11181606,6,1,28.530001,-2148.429932,103,321,99,MapMarkerQuest,1700011,m00013,Visible,@5208/i11181606,quest sequence marker review / getSequenceMarkerList
gcu101,111816,It Kills with Fire (Ul'dah),grand_company,data_or_stub,11181607,7,1,31.16,-2147.169922,103,321,99,MapMarkerQuest,2700006,m00013,Visible,@5208/i11181607,quest sequence marker review / getSequenceMarkerList
gcu101,111816,It Kills with Fire (Ul'dah),grand_company,data_or_stub,11181608,8,1,27.610001,-2146.570068,103,321,99,MapMarkerQuest,2700009,m00013,Visible,@5208/i11181608,quest sequence marker review / getSequenceMarkerList
gcu101,111816,It Kills with Fire (Ul'dah),grand_company,data_or_stub,11181609,9,1,28.4,-2144.530029,103,321,99,MapMarkerQuest,2700004,m00013,Visible,@5208/i11181609,quest sequence marker review / getSequenceMarkerList
gcu101,111816,It Kills with Fire (Ul'dah),grand_company,data_or_stub,11181610,10,1,73.389999,-1208.939941,103,321,28,MapMarkerQuest,4000257,m00013,Visible,@5208/i11181610,quest sequence marker review / getSequenceMarkerList
gcu101,111816,It Kills with Fire (Ul'dah),grand_company,data_or_stub,11181611,11,1,52.669998,-1202.310059,103,321,28,MapMarkerQuest,1000232,m00013,Visible,@5208/i11181611,quest sequence marker review / getSequenceMarkerList
gcu101,111816,It Kills with Fire (Ul'dah),grand_company,data_or_stub,11181612,12,1,67.089996,-1215.630005,103,321,28,MapMarkerQuest,4000257,m00013,Visible,@5208/i11181612,quest sequence marker review / getSequenceMarkerList
gcu101,111816,It Kills with Fire (Ul'dah),grand_company,data_or_stub,11181613,13,1,66.139999,-1215.469971,103,321,28,MapMarkerQuest,2700004,m00013,Visible,@5208/i11181613,quest sequence marker review / getSequenceMarkerList
gcu101,111816,It Kills with Fire (Ul'dah),grand_company,data_or_stub,11181614,14,1,-431,187,101,121,0,MapMarker,1600179,m00013,Visible,@5208/i11000101,point marker review / confirm sequence slot
gcu101,111816,It Kills with Fire (Ul'dah),grand_company,data_or_stub,11181615,15,1,-431,187,101,121,0,MapMarker,1600179,m00013,Visible,@5208/i11000101,point marker review / confirm sequence slot
gcu104,111830,In for Garuda Wakening (Ul'dah),grand_company,data_or_stub,11183001,1,1,-1653.540039,-896,101,102,0,MapMarkerQuest,4000257,m00013,Visible,@5208/i11183001,quest sequence marker review / getSequenceMarkerList
gcu104,111830,In for Garuda Wakening (Ul'dah),grand_company,data_or_stub,11183002,2,1,-618,353,101,121,0,MapMarkerQuest,1000069,m00013,Visible,@5208/i11183002,quest sequence marker review / getSequenceMarkerList
gcu104,111830,In for Garuda Wakening (Ul'dah),grand_company,data_or_stub,11183003,3,1,-431,187,101,121,0,MapMarker,1600179,m00013,Visible,@5208/i11000101,point marker review / confirm sequence slot
gcu104,111830,In for Garuda Wakening (Ul'dah),grand_company,data_or_stub,11183004,4,1,-431,187,101,121,0,MapMarker,1600179,m00013,Visible,@5208/i11000101,point marker review / confirm sequence slot
gcu104,111830,In for Garuda Wakening (Ul'dah),grand_company,data_or_stub,11183005,5,1,-431,187,101,121,0,MapMarker,1600179,m00013,Visible,@5208/i11000101,point marker review / confirm sequence slot
gcu104,111830,In for Garuda Wakening (Ul'dah),grand_company,data_or_stub,11183006,6,1,-431,187,101,121,0,MapMarker,1600179,m00013,Visible,@5208/i11000101,point marker review / confirm sequence slot
gcu104,111830,In for Garuda Wakening (Ul'dah),grand_company,data_or_stub,11183007,7,1,-431,187,101,121,0,MapMarker,1600179,m00013,Visible,@5208/i11000101,point marker review / confirm sequence slot
gcu104,111830,In for Garuda Wakening (Ul'dah),grand_company,data_or_stub,11183008,8,1,-431,187,101,121,0,MapMarker,1600179,m00013,Visible,@5208/i11000101,point marker review / confirm sequence slot
gcu104,111830,In for Garuda Wakening (Ul'dah),grand_company,data_or_stub,11183009,9,1,-431,187,101,121,0,MapMarker,1600179,m00013,Visible,@5208/i11000101,point marker review / confirm sequence slot
gcu104,111830,In for Garuda Wakening (Ul'dah),grand_company,data_or_stub,11183010,10,1,-431,187,101,121,0,MapMarker,1600179,m00013,Visible,@5208/i11000101,point marker review / confirm sequence slot
gcu105,111831,Don't Hate the Messenger (Ul'dah),grand_company,data_or_stub,11183101,1,1,1578.199951,-1169,101,103,0,MapMarkerQuest,4000257,m00013,Visible,@5208/i11183101,quest sequence marker review / getSequenceMarkerList
gcu105,111831,Don't Hate the Messenger (Ul'dah),grand_company,data_or_stub,11183102,2,1,1570,-1129,101,103,0,MapMarkerQuest,1600083,m00013,Visible,@5208/i11183102,quest sequence marker review / getSequenceMarkerList
gcu105,111831,Don't Hate the Messenger (Ul'dah),grand_company,data_or_stub,11183103,3,1,1532,-1120,101,103,0,MapMarkerQuest,4000257,m00013,Visible,@5208/i11183103,quest sequence marker review / getSequenceMarkerList
gcu105,111831,Don't Hate the Messenger (Ul'dah),grand_company,data_or_stub,11183104,4,1,-778,383,101,121,0,MapMarkerQuest,1600093,m00013,Visible,@5208/i11183104,quest sequence marker review / getSequenceMarkerList
gcu105,111831,Don't Hate the Messenger (Ul'dah),grand_company,data_or_stub,11183105,5,1,-431,187,101,121,0,MapMarker,1600179,m00013,Visible,@5208/i11000101,point marker review / confirm sequence slot
gcu105,111831,Don't Hate the Messenger (Ul'dah),grand_company,data_or_stub,11183106,6,1,-431,187,101,121,0,MapMarker,1600179,m00013,Visible,@5208/i11000101,point marker review / confirm sequence slot
gcu105,111831,Don't Hate the Messenger (Ul'dah),grand_company,data_or_stub,11183107,7,1,-431,187,101,121,0,MapMarker,1600179,m00013,Visible,@5208/i11000101,point marker review / confirm sequence slot
gcu105,111831,Don't Hate the Messenger (Ul'dah),grand_company,data_or_stub,11183108,8,1,-431,187,101,121,0,MapMarker,1600179,m00013,Visible,@5208/i11000101,point marker review / confirm sequence slot
gcu105,111831,Don't Hate the Messenger (Ul'dah),grand_company,data_or_stub,11183109,9,1,-431,187,101,121,0,MapMarker,1600179,m00013,Visible,@5208/i11000101,point marker review / confirm sequence slot
gcu105,111831,Don't Hate the Messenger (Ul'dah),grand_company,data_or_stub,11183110,10,1,-431,187,101,121,0,MapMarker,1600179,m00013,Visible,@5208/i11000101,point marker review / confirm sequence slot
gcu106,111832,United We Stand (Ul'dah),grand_company,data_or_stub,11183201,1,1,818.72998,237.050003,101,101,0,MapMarkerQuest,4000257,m00013,Visible,@5208/i11183201,quest sequence marker review / getSequenceMarkerList
gcu106,111832,United We Stand (Ul'dah),grand_company,data_or_stub,11183202,2,1,833.47998,254.570007,101,101,0,MapMarkerQuest,1900223,m00013,Visible,@5208/i11183202,quest sequence marker review / getSequenceMarkerList
gcu106,111832,United We Stand (Ul'dah),grand_company,data_or_stub,11183203,3,1,-431,187,101,121,0,MapMarker,1600179,m00013,Visible,@5208/i11000101,point marker review / confirm sequence slot
gcu106,111832,United We Stand (Ul'dah),grand_company,data_or_stub,11183204,4,1,-431,187,101,121,0,MapMarker,1600179,m00013,Visible,@5208/i11000101,point marker review / confirm sequence slot
gcu106,111832,United We Stand (Ul'dah),grand_company,data_or_stub,11183205,5,1,-431,187,101,121,0,MapMarker,1600179,m00013,Visible,@5208/i11000101,point marker review / confirm sequence slot
gcu106,111832,United We Stand (Ul'dah),grand_company,data_or_stub,11183206,6,1,-431,187,101,121,0,MapMarker,1600179,m00013,Visible,@5208/i11000101,point marker review / confirm sequence slot
gcu106,111832,United We Stand (Ul'dah),grand_company,data_or_stub,11183207,7,1,-431,187,101,121,0,MapMarker,1600179,m00013,Visible,@5208/i11000101,point marker review / confirm sequence slot
gcu106,111832,United We Stand (Ul'dah),grand_company,data_or_stub,11183208,8,1,-431,187,101,121,0,MapMarker,1600179,m00013,Visible,@5208/i11000101,point marker review / confirm sequence slot
gcu106,111832,United We Stand (Ul'dah),grand_company,data_or_stub,11183209,9,1,-431,187,101,121,0,MapMarker,1600179,m00013,Visible,@5208/i11000101,point marker review / confirm sequence slot
gcu106,111832,United We Stand (Ul'dah),grand_company,data_or_stub,11183210,10,1,-431,187,101,121,0,MapMarker,1600179,m00013,Visible,@5208/i11000101,point marker review / confirm sequence slot
gcu107,111833,To Kill a Raven (Ul'dah),grand_company,data_or_stub,11183301,1,1,-299,-2271,101,104,0,MapMarkerQuest,1000158,m00013,Visible,@5208/i11183301,quest sequence marker review / getSequenceMarkerList
gcu107,111833,To Kill a Raven (Ul'dah),grand_company,data_or_stub,11183302,2,1,69.43,-2972.179932,202,116,0,MapMarkerQuestArea,4000257,m00029,Visible,@5208/i11183302,marker table review
gcu107,111833,To Kill a Raven (Ul'dah),grand_company,data_or_stub,11183303,3,1,-431,187,101,121,0,MapMarker,1600179,m00013,Visible,@5208/i11000101,point marker review / confirm sequence slot
gcu107,111833,To Kill a Raven (Ul'dah),grand_company,data_or_stub,11183304,4,1,-431,187,101,121,0,MapMarker,1600179,m00013,Visible,@5208/i11000101,point marker review / confirm sequence slot
gcu107,111833,To Kill a Raven (Ul'dah),grand_company,data_or_stub,11183305,5,1,-431,187,101,121,0,MapMarker,1600179,m00013,Visible,@5208/i11000101,point marker review / confirm sequence slot
gcu107,111833,To Kill a Raven (Ul'dah),grand_company,data_or_stub,11183306,6,1,-431,187,101,121,0,MapMarker,1600179,m00013,Visible,@5208/i11000101,point marker review / confirm sequence slot
gcu107,111833,To Kill a Raven (Ul'dah),grand_company,data_or_stub,11183307,7,1,-431,187,101,121,0,MapMarker,1600179,m00013,Visible,@5208/i11000101,point marker review / confirm sequence slot
gcu107,111833,To Kill a Raven (Ul'dah),grand_company,data_or_stub,11183308,8,1,-431,187,101,121,0,MapMarker,1600179,m00013,Visible,@5208/i11000101,point marker review / confirm sequence slot
gcu107,111833,To Kill a Raven (Ul'dah),grand_company,data_or_stub,11183309,9,1,-431,187,101,121,0,MapMarker,1600179,m00013,Visible,@5208/i11000101,point marker review / confirm sequence slot
gcu107,111833,To Kill a Raven (Ul'dah),grand_company,data_or_stub,11183310,10,1,-431,187,101,121,0,MapMarker,1600179,m00013,Visible,@5208/i11000101,point marker review / confirm sequence slot
gcu301,111817,Prying Eyes,grand_company,data_or_stub,11181701,1,1,-431,187,101,121,0,MapMarker,1600179,m00013,Visible,@5208/i11000101,point marker review / confirm sequence slot
gcu301,111817,Prying Eyes,grand_company,data_or_stub,11181702,2,1,-431,187,101,121,0,MapMarker,1600179,m00013,Visible,@5208/i11000101,point marker review / confirm sequence slot
gcu301,111817,Prying Eyes,grand_company,data_or_stub,11181703,3,1,-431,187,101,121,0,MapMarker,1600179,m00013,Visible,@5208/i11000101,point marker review / confirm sequence slot
gcu301,111817,Prying Eyes,grand_company,data_or_stub,11181704,4,1,-431,187,101,121,0,MapMarker,1600179,m00013,Visible,@5208/i11000101,point marker review / confirm sequence slot
gcu301,111817,Prying Eyes,grand_company,data_or_stub,11181705,5,1,-431,187,101,121,0,MapMarker,1600179,m00013,Visible,@5208/i11000101,point marker review / confirm sequence slot
gcu301,111817,Prying Eyes,grand_company,data_or_stub,11181706,6,1,-431,187,101,121,0,MapMarker,1600179,m00013,Visible,@5208/i11000101,point marker review / confirm sequence slot
gcu301,111817,Prying Eyes,grand_company,data_or_stub,11181707,7,1,-431,187,101,121,0,MapMarker,1600179,m00013,Visible,@5208/i11000101,point marker review / confirm sequence slot
gcu301,111817,Prying Eyes,grand_company,data_or_stub,11181708,8,1,-431,187,101,121,0,MapMarker,1600179,m00013,Visible,@5208/i11000101,point marker review / confirm sequence slot
gcu301,111817,Prying Eyes,grand_company,data_or_stub,11181709,9,1,-431,187,101,121,0,MapMarker,1600179,m00013,Visible,@5208/i11000101,point marker review / confirm sequence slot
gcu301,111817,Prying Eyes,grand_company,data_or_stub,11181710,10,1,-431,187,101,121,0,MapMarker,1600179,m00013,Visible,@5208/i11000101,point marker review / confirm sequence slot
gcu301,111817,Prying Eyes,grand_company,data_or_stub,11181711,11,1,-431,187,101,121,0,MapMarker,1600179,m00013,Visible,@5208/i11000101,point marker review / confirm sequence slot
gcu301,111817,Prying Eyes,grand_company,data_or_stub,11181712,12,1,-431,187,101,121,0,MapMarker,1600179,m00013,Visible,@5208/i11000101,point marker review / confirm sequence slot
gcu301,111817,Prying Eyes,grand_company,data_or_stub,11181713,13,1,-431,187,101,121,0,MapMarker,1600179,m00013,Visible,@5208/i11000101,point marker review / confirm sequence slot
gcu301,111817,Prying Eyes,grand_company,data_or_stub,11181714,14,1,-431,187,101,121,0,MapMarker,1600179,m00013,Visible,@5208/i11000101,point marker review / confirm sequence slot
gcu301,111817,Prying Eyes,grand_company,data_or_stub,11181715,15,1,-431,187,101,121,0,MapMarker,1600179,m00013,Visible,@5208/i11000101,point marker review / confirm sequence slot
gcu301,111817,Prying Eyes,grand_company,data_or_stub,11181716,16,1,-431,187,101,121,0,MapMarker,1600179,m00013,Visible,@5208/i11000101,point marker review / confirm sequence slot
gcu301,111817,Prying Eyes,grand_company,data_or_stub,11181717,17,1,-431,187,101,121,0,MapMarker,1600179,m00013,Visible,@5208/i11000101,point marker review / confirm sequence slot
gcu301,111817,Prying Eyes,grand_company,data_or_stub,11181718,18,1,-431,187,101,121,0,MapMarker,1600179,m00013,Visible,@5208/i11000101,point marker review / confirm sequence slot
gcu301,111817,Prying Eyes,grand_company,data_or_stub,11181719,19,1,-431,187,101,121,0,MapMarker,1600179,m00013,Visible,@5208/i11000101,point marker review / confirm sequence slot
gcu301,111817,Prying Eyes,grand_company,data_or_stub,11181720,20,1,-431,187,101,121,0,MapMarker,1600179,m00013,Visible,@5208/i11000101,point marker review / confirm sequence slot
gcu702,111834,"Mess with the Goat, Get the Horns",grand_company,data_or_stub,11183401,1,1,-502.440002,436.76001,101,121,50,MapMarkerQuest,1600195,m00013,Visible,@5208/i11183401,quest sequence marker review / getSequenceMarkerList
gcu702,111834,"Mess with the Goat, Get the Horns",grand_company,data_or_stub,11183402,2,1,59.009998,-2127.689941,101,104,0,MapMarkerQuest,4000257,m00013,Visible,@5208/i11183402,quest sequence marker review / getSequenceMarkerList
gcu702,111834,"Mess with the Goat, Get the Horns",grand_company,data_or_stub,11183403,3,1,-431,187,101,121,0,MapMarker,1600179,m00013,Visible,@5208/i11000101,point marker review / confirm sequence slot
gcu702,111834,"Mess with the Goat, Get the Horns",grand_company,data_or_stub,11183404,4,1,-431,187,101,121,0,MapMarker,1600179,m00013,Visible,@5208/i11000101,point marker review / confirm sequence slot
gcu702,111834,"Mess with the Goat, Get the Horns",grand_company,data_or_stub,11183405,5,1,-431,187,101,121,0,MapMarker,1600179,m00013,Visible,@5208/i11000101,point marker review / confirm sequence slot
gcu702,111834,"Mess with the Goat, Get the Horns",grand_company,data_or_stub,11183406,6,1,-431,187,101,121,0,MapMarker,1600179,m00013,Visible,@5208/i11000101,point marker review / confirm sequence slot
gcu702,111834,"Mess with the Goat, Get the Horns",grand_company,data_or_stub,11183407,7,1,-431,187,101,121,0,MapMarker,1600179,m00013,Visible,@5208/i11000101,point marker review / confirm sequence slot
gcu702,111834,"Mess with the Goat, Get the Horns",grand_company,data_or_stub,11183408,8,1,-431,187,101,121,0,MapMarker,1600179,m00013,Visible,@5208/i11000101,point marker review / confirm sequence slot
gcu702,111834,"Mess with the Goat, Get the Horns",grand_company,data_or_stub,11183409,9,1,-431,187,101,121,0,MapMarker,1600179,m00013,Visible,@5208/i11000101,point marker review / confirm sequence slot
gcu702,111834,"Mess with the Goat, Get the Horns",grand_company,data_or_stub,11183410,10,1,-431,187,101,121,0,MapMarker,1600179,m00013,Visible,@5208/i11000101,point marker review / confirm sequence slot
brd0j1,111301,A Song of Bards and Bowmen,job,data_or_stub,11130101,1,1,1099.540039,-1145.719971,104,402,0,MapMarkerQuest,1500067,m00013,Visible,@5208/i11130101,quest sequence marker review / getSequenceMarkerList
brd0j1,111301,A Song of Bards and Bowmen,job,data_or_stub,11130102,2,1,2060.040039,-328.869995,104,402,0,MapMarkerQuestArea,4000257,m00029,Visible,@5208/i11130102,marker table review
brd0j1,111301,A Song of Bards and Bowmen,job,data_or_stub,11130103,3,1,-431,187,101,121,0,MapMarker,1600179,m00013,Visible,@5208/i11000101,point marker review / confirm sequence slot
brd0j1,111301,A Song of Bards and Bowmen,job,data_or_stub,11130104,4,1,-431,187,101,121,0,MapMarker,1600179,m00013,Visible,@5208/i11000101,point marker review / confirm sequence slot
brd0j1,111301,A Song of Bards and Bowmen,job,data_or_stub,11130105,5,1,-431,187,101,121,0,MapMarker,1600179,m00013,Visible,@5208/i11000101,point marker review / confirm sequence slot
brd0j1,111301,A Song of Bards and Bowmen,job,data_or_stub,11130106,6,1,-431,187,101,121,0,MapMarker,1600179,m00013,Visible,@5208/i11000101,point marker review / confirm sequence slot
brd0j1,111301,A Song of Bards and Bowmen,job,data_or_stub,11130107,7,1,-431,187,101,121,0,MapMarker,1600179,m00013,Visible,@5208/i11000101,point marker review / confirm sequence slot
brd0j1,111301,A Song of Bards and Bowmen,job,data_or_stub,11130108,8,1,-431,187,101,121,0,MapMarker,1600179,m00013,Visible,@5208/i11000101,point marker review / confirm sequence slot
brd0j1,111301,A Song of Bards and Bowmen,job,data_or_stub,11130109,9,1,-431,187,101,121,0,MapMarker,1600179,m00013,Visible,@5208/i11000101,point marker review / confirm sequence slot
brd0j1,111301,A Song of Bards and Bowmen,job,data_or_stub,11130110,10,1,-431,187,101,121,0,MapMarker,1600179,m00013,Visible,@5208/i11000101,point marker review / confirm sequence slot
brd0j1,111301,A Song of Bards and Bowmen,job,data_or_stub,11130111,11,1,-431,187,101,121,0,MapMarker,1600179,m00013,Visible,@5208/i11000101,point marker review / confirm sequence slot
brd0j1,111301,A Song of Bards and Bowmen,job,data_or_stub,11130112,12,1,-431,187,101,121,0,MapMarker,1600179,m00013,Visible,@5208/i11000101,point marker review / confirm sequence slot
brd0j1,111301,A Song of Bards and Bowmen,job,data_or_stub,11130113,13,1,-431,187,101,121,0,MapMarker,1600179,m00013,Visible,@5208/i11000101,point marker review / confirm sequence slot
brd0j1,111301,A Song of Bards and Bowmen,job,data_or_stub,11130114,14,1,-431,187,101,121,0,MapMarker,1600179,m00013,Visible,@5208/i11000101,point marker review / confirm sequence slot
brd0j1,111301,A Song of Bards and Bowmen,job,data_or_stub,11130115,15,1,-431,187,101,121,0,MapMarker,1600179,m00013,Visible,@5208/i11000101,point marker review / confirm sequence slot
brd0j1,111301,A Song of Bards and Bowmen,job,data_or_stub,11130116,16,1,-431,187,101,121,0,MapMarker,1600179,m00013,Visible,@5208/i11000101,point marker review / confirm sequence slot
brd0j1,111301,A Song of Bards and Bowmen,job,data_or_stub,11130117,17,1,-431,187,101,121,0,MapMarker,1600179,m00013,Visible,@5208/i11000101,point marker review / confirm sequence slot
brd0j1,111301,A Song of Bards and Bowmen,job,data_or_stub,11130118,18,1,-431,187,101,121,0,MapMarker,1600179,m00013,Visible,@5208/i11000101,point marker review / confirm sequence slot
brd0j1,111301,A Song of Bards and Bowmen,job,data_or_stub,11130119,19,1,-431,187,101,121,0,MapMarker,1600179,m00013,Visible,@5208/i11000101,point marker review / confirm sequence slot
brd0j1,111301,A Song of Bards and Bowmen,job,data_or_stub,11130120,20,1,-431,187,101,121,0,MapMarker,1600179,m00013,Visible,@5208/i11000101,point marker review / confirm sequence slot
brd0j2,111302,The Archer's Anthem,job,data_or_stub,11130201,1,1,-1726,-317,104,403,0,MapMarkerQuest,2200003,m00013,Visible,@5208/i11130201,quest sequence marker review / getSequenceMarkerList
brd0j2,111302,The Archer's Anthem,job,data_or_stub,11130202,2,1,-100,309,104,421,0,MapMarkerQuest,1400041,m00013,Visible,@5208/i11130202,quest sequence marker review / getSequenceMarkerList
brd0j2,111302,The Archer's Anthem,job,data_or_stub,11130203,3,1,-431,187,101,121,0,MapMarker,1600179,m00013,Visible,@5208/i11000101,point marker review / confirm sequence slot
brd0j2,111302,The Archer's Anthem,job,data_or_stub,11130204,4,1,-431,187,101,121,0,MapMarker,1600179,m00013,Visible,@5208/i11000101,point marker review / confirm sequence slot
brd0j2,111302,The Archer's Anthem,job,data_or_stub,11130205,5,1,-431,187,101,121,0,MapMarker,1600179,m00013,Visible,@5208/i11000101,point marker review / confirm sequence slot
brd0j2,111302,The Archer's Anthem,job,data_or_stub,11130206,6,1,-431,187,101,121,0,MapMarker,1600179,m00013,Visible,@5208/i11000101,point marker review / confirm sequence slot
brd0j2,111302,The Archer's Anthem,job,data_or_stub,11130207,7,1,-431,187,101,121,0,MapMarker,1600179,m00013,Visible,@5208/i11000101,point marker review / confirm sequence slot
brd0j2,111302,The Archer's Anthem,job,data_or_stub,11130208,8,1,-431,187,101,121,0,MapMarker,1600179,m00013,Visible,@5208/i11000101,point marker review / confirm sequence slot
brd0j2,111302,The Archer's Anthem,job,data_or_stub,11130209,9,1,-431,187,101,121,0,MapMarker,1600179,m00013,Visible,@5208/i11000101,point marker review / confirm sequence slot
brd0j2,111302,The Archer's Anthem,job,data_or_stub,11130210,10,1,-431,187,101,121,0,MapMarker,1600179,m00013,Visible,@5208/i11000101,point marker review / confirm sequence slot
brd0j2,111302,The Archer's Anthem,job,data_or_stub,11130211,11,1,-431,187,101,121,0,MapMarker,1600179,m00013,Visible,@5208/i11000101,point marker review / confirm sequence slot
brd0j2,111302,The Archer's Anthem,job,data_or_stub,11130212,12,1,-431,187,101,121,0,MapMarker,1600179,m00013,Visible,@5208/i11000101,point marker review / confirm sequence slot
brd0j2,111302,The Archer's Anthem,job,data_or_stub,11130213,13,1,-431,187,101,121,0,MapMarker,1600179,m00013,Visible,@5208/i11000101,point marker review / confirm sequence slot
brd0j2,111302,The Archer's Anthem,job,data_or_stub,11130214,14,1,-431,187,101,121,0,MapMarker,1600179,m00013,Visible,@5208/i11000101,point marker review / confirm sequence slot
brd0j2,111302,The Archer's Anthem,job,data_or_stub,11130215,15,1,-431,187,101,121,0,MapMarker,1600179,m00013,Visible,@5208/i11000101,point marker review / confirm sequence slot
brd0j2,111302,The Archer's Anthem,job,data_or_stub,11130216,16,1,-431,187,101,121,0,MapMarker,1600179,m00013,Visible,@5208/i11000101,point marker review / confirm sequence slot
brd0j2,111302,The Archer's Anthem,job,data_or_stub,11130217,17,1,-431,187,101,121,0,MapMarker,1600179,m00013,Visible,@5208/i11000101,point marker review / confirm sequence slot
brd0j2,111302,The Archer's Anthem,job,data_or_stub,11130218,18,1,-431,187,101,121,0,MapMarker,1600179,m00013,Visible,@5208/i11000101,point marker review / confirm sequence slot
brd0j2,111302,The Archer's Anthem,job,data_or_stub,11130219,19,1,-431,187,101,121,0,MapMarker,1600179,m00013,Visible,@5208/i11000101,point marker review / confirm sequence slot
brd0j2,111302,The Archer's Anthem,job,data_or_stub,11130220,20,1,-431,187,101,121,0,MapMarker,1600179,m00013,Visible,@5208/i11000101,point marker review / confirm sequence slot
brd0j3,111303,Bard's-Eye View,job,data_or_stub,11130301,1,1,1472.680054,207.720001,104,402,0,MapMarkerQuestArea,4000257,m00029,Visible,@5208/i11130301,marker table review
brd0j3,111303,Bard's-Eye View,job,data_or_stub,11130302,2,1,1099.540039,-1145.719971,104,402,0,MapMarkerQuest,1500067,m00013,Visible,@5208/i11130302,quest sequence marker review / getSequenceMarkerList
brd0j3,111303,Bard's-Eye View,job,data_or_stub,11130303,3,1,-431,187,101,121,0,MapMarker,1600179,m00013,Visible,@5208/i11000101,point marker review / confirm sequence slot
brd0j3,111303,Bard's-Eye View,job,data_or_stub,11130304,4,1,-431,187,101,121,0,MapMarker,1600179,m00013,Visible,@5208/i11000101,point marker review / confirm sequence slot
brd0j3,111303,Bard's-Eye View,job,data_or_stub,11130305,5,1,-431,187,101,121,0,MapMarker,1600179,m00013,Visible,@5208/i11000101,point marker review / confirm sequence slot
brd0j3,111303,Bard's-Eye View,job,data_or_stub,11130306,6,1,-431,187,101,121,0,MapMarker,1600179,m00013,Visible,@5208/i11000101,point marker review / confirm sequence slot
brd0j3,111303,Bard's-Eye View,job,data_or_stub,11130307,7,1,-431,187,101,121,0,MapMarker,1600179,m00013,Visible,@5208/i11000101,point marker review / confirm sequence slot
brd0j3,111303,Bard's-Eye View,job,data_or_stub,11130308,8,1,-431,187,101,121,0,MapMarker,1600179,m00013,Visible,@5208/i11000101,point marker review / confirm sequence slot
brd0j3,111303,Bard's-Eye View,job,data_or_stub,11130309,9,1,-431,187,101,121,0,MapMarker,1600179,m00013,Visible,@5208/i11000101,point marker review / confirm sequence slot
brd0j3,111303,Bard's-Eye View,job,data_or_stub,11130310,10,1,-431,187,101,121,0,MapMarker,1600179,m00013,Visible,@5208/i11000101,point marker review / confirm sequence slot
brd0j3,111303,Bard's-Eye View,job,data_or_stub,11130311,11,1,-431,187,101,121,0,MapMarker,1600179,m00013,Visible,@5208/i11000101,point marker review / confirm sequence slot
brd0j3,111303,Bard's-Eye View,job,data_or_stub,11130312,12,1,-431,187,101,121,0,MapMarker,1600179,m00013,Visible,@5208/i11000101,point marker review / confirm sequence slot
brd0j3,111303,Bard's-Eye View,job,data_or_stub,11130313,13,1,-431,187,101,121,0,MapMarker,1600179,m00013,Visible,@5208/i11000101,point marker review / confirm sequence slot
brd0j3,111303,Bard's-Eye View,job,data_or_stub,11130314,14,1,-431,187,101,121,0,MapMarker,1600179,m00013,Visible,@5208/i11000101,point marker review / confirm sequence slot
brd0j3,111303,Bard's-Eye View,job,data_or_stub,11130315,15,1,-431,187,101,121,0,MapMarker,1600179,m00013,Visible,@5208/i11000101,point marker review / confirm sequence slot
brd0j3,111303,Bard's-Eye View,job,data_or_stub,11130316,16,1,-431,187,101,121,0,MapMarker,1600179,m00013,Visible,@5208/i11000101,point marker review / confirm sequence slot
brd0j3,111303,Bard's-Eye View,job,data_or_stub,11130317,17,1,-431,187,101,121,0,MapMarker,1600179,m00013,Visible,@5208/i11000101,point marker review / confirm sequence slot
brd0j3,111303,Bard's-Eye View,job,data_or_stub,11130318,18,1,-431,187,101,121,0,MapMarker,1600179,m00013,Visible,@5208/i11000101,point marker review / confirm sequence slot
brd0j3,111303,Bard's-Eye View,job,data_or_stub,11130319,19,1,-431,187,101,121,0,MapMarker,1600179,m00013,Visible,@5208/i11000101,point marker review / confirm sequence slot
brd0j3,111303,Bard's-Eye View,job,data_or_stub,11130320,20,1,-431,187,101,121,0,MapMarker,1600179,m00013,Visible,@5208/i11000101,point marker review / confirm sequence slot
brd0j4,111304,Doing It the Bard Way,job,data_or_stub,11130401,1,1,-431,187,101,121,0,MapMarker,1600179,m00013,Visible,@5208/i11000101,point marker review / confirm sequence slot
brd0j4,111304,Doing It the Bard Way,job,data_or_stub,11130402,2,1,-431,187,101,121,0,MapMarker,1600179,m00013,Visible,@5208/i11000101,point marker review / confirm sequence slot
brd0j4,111304,Doing It the Bard Way,job,data_or_stub,11130403,3,1,-431,187,101,121,0,MapMarker,1600179,m00013,Visible,@5208/i11000101,point marker review / confirm sequence slot
brd0j4,111304,Doing It the Bard Way,job,data_or_stub,11130404,4,1,-431,187,101,121,0,MapMarker,1600179,m00013,Visible,@5208/i11000101,point marker review / confirm sequence slot
brd0j4,111304,Doing It the Bard Way,job,data_or_stub,11130405,5,1,-431,187,101,121,0,MapMarker,1600179,m00013,Visible,@5208/i11000101,point marker review / confirm sequence slot
brd0j4,111304,Doing It the Bard Way,job,data_or_stub,11130406,6,1,-431,187,101,121,0,MapMarker,1600179,m00013,Visible,@5208/i11000101,point marker review / confirm sequence slot
brd0j4,111304,Doing It the Bard Way,job,data_or_stub,11130407,7,1,-431,187,101,121,0,MapMarker,1600179,m00013,Visible,@5208/i11000101,point marker review / confirm sequence slot
brd0j4,111304,Doing It the Bard Way,job,data_or_stub,11130408,8,1,-431,187,101,121,0,MapMarker,1600179,m00013,Visible,@5208/i11000101,point marker review / confirm sequence slot
brd0j4,111304,Doing It the Bard Way,job,data_or_stub,11130409,9,1,-431,187,101,121,0,MapMarker,1600179,m00013,Visible,@5208/i11000101,point marker review / confirm sequence slot
brd0j4,111304,Doing It the Bard Way,job,data_or_stub,11130410,10,1,-431,187,101,121,0,MapMarker,1600179,m00013,Visible,@5208/i11000101,point marker review / confirm sequence slot
brd0j4,111304,Doing It the Bard Way,job,data_or_stub,11130411,11,1,-431,187,101,121,0,MapMarker,1600179,m00013,Visible,@5208/i11000101,point marker review / confirm sequence slot
brd0j4,111304,Doing It the Bard Way,job,data_or_stub,11130412,12,1,-431,187,101,121,0,MapMarker,1600179,m00013,Visible,@5208/i11000101,point marker review / confirm sequence slot
brd0j4,111304,Doing It the Bard Way,job,data_or_stub,11130413,13,1,-431,187,101,121,0,MapMarker,1600179,m00013,Visible,@5208/i11000101,point marker review / confirm sequence slot
brd0j4,111304,Doing It the Bard Way,job,data_or_stub,11130414,14,1,-431,187,101,121,0,MapMarker,1600179,m00013,Visible,@5208/i11000101,point marker review / confirm sequence slot
brd0j4,111304,Doing It the Bard Way,job,data_or_stub,11130415,15,1,-431,187,101,121,0,MapMarker,1600179,m00013,Visible,@5208/i11000101,point marker review / confirm sequence slot
brd0j4,111304,Doing It the Bard Way,job,data_or_stub,11130416,16,1,-431,187,101,121,0,MapMarker,1600179,m00013,Visible,@5208/i11000101,point marker review / confirm sequence slot
brd0j4,111304,Doing It the Bard Way,job,data_or_stub,11130417,17,1,-431,187,101,121,0,MapMarker,1600179,m00013,Visible,@5208/i11000101,point marker review / confirm sequence slot
brd0j4,111304,Doing It the Bard Way,job,data_or_stub,11130418,18,1,-431,187,101,121,0,MapMarker,1600179,m00013,Visible,@5208/i11000101,point marker review / confirm sequence slot
brd0j4,111304,Doing It the Bard Way,job,data_or_stub,11130419,19,1,-431,187,101,121,0,MapMarker,1600179,m00013,Visible,@5208/i11000101,point marker review / confirm sequence slot
brd0j4,111304,Doing It the Bard Way,job,data_or_stub,11130420,20,1,-431,187,101,121,0,MapMarker,1600179,m00013,Visible,@5208/i11000101,point marker review / confirm sequence slot
brd0j5,111305,Pieces of the Past,job,data_or_stub,11130501,1,1,-431,187,101,121,0,MapMarker,1600179,m00013,Visible,@5208/i11000101,point marker review / confirm sequence slot
brd0j5,111305,Pieces of the Past,job,data_or_stub,11130502,2,1,-431,187,101,121,0,MapMarker,1600179,m00013,Visible,@5208/i11000101,point marker review / confirm sequence slot
brd0j5,111305,Pieces of the Past,job,data_or_stub,11130503,3,1,-431,187,101,121,0,MapMarker,1600179,m00013,Visible,@5208/i11000101,point marker review / confirm sequence slot
brd0j5,111305,Pieces of the Past,job,data_or_stub,11130504,4,1,-431,187,101,121,0,MapMarker,1600179,m00013,Visible,@5208/i11000101,point marker review / confirm sequence slot
brd0j5,111305,Pieces of the Past,job,data_or_stub,11130505,5,1,-431,187,101,121,0,MapMarker,1600179,m00013,Visible,@5208/i11000101,point marker review / confirm sequence slot
brd0j5,111305,Pieces of the Past,job,data_or_stub,11130506,6,1,-431,187,101,121,0,MapMarker,1600179,m00013,Visible,@5208/i11000101,point marker review / confirm sequence slot
brd0j5,111305,Pieces of the Past,job,data_or_stub,11130507,7,1,-431,187,101,121,0,MapMarker,1600179,m00013,Visible,@5208/i11000101,point marker review / confirm sequence slot
brd0j5,111305,Pieces of the Past,job,data_or_stub,11130508,8,1,-431,187,101,121,0,MapMarker,1600179,m00013,Visible,@5208/i11000101,point marker review / confirm sequence slot
brd0j5,111305,Pieces of the Past,job,data_or_stub,11130509,9,1,-431,187,101,121,0,MapMarker,1600179,m00013,Visible,@5208/i11000101,point marker review / confirm sequence slot
brd0j5,111305,Pieces of the Past,job,data_or_stub,11130510,10,1,-431,187,101,121,0,MapMarker,1600179,m00013,Visible,@5208/i11000101,point marker review / confirm sequence slot
brd0j5,111305,Pieces of the Past,job,data_or_stub,11130511,11,1,-431,187,101,121,0,MapMarker,1600179,m00013,Visible,@5208/i11000101,point marker review / confirm sequence slot
brd0j5,111305,Pieces of the Past,job,data_or_stub,11130512,12,1,-431,187,101,121,0,MapMarker,1600179,m00013,Visible,@5208/i11000101,point marker review / confirm sequence slot
brd0j5,111305,Pieces of the Past,job,data_or_stub,11130513,13,1,-431,187,101,121,0,MapMarker,1600179,m00013,Visible,@5208/i11000101,point marker review / confirm sequence slot
brd0j5,111305,Pieces of the Past,job,data_or_stub,11130514,14,1,-431,187,101,121,0,MapMarker,1600179,m00013,Visible,@5208/i11000101,point marker review / confirm sequence slot
brd0j5,111305,Pieces of the Past,job,data_or_stub,11130515,15,1,-431,187,101,121,0,MapMarker,1600179,m00013,Visible,@5208/i11000101,point marker review / confirm sequence slot
brd0j5,111305,Pieces of the Past,job,data_or_stub,11130516,16,1,-431,187,101,121,0,MapMarker,1600179,m00013,Visible,@5208/i11000101,point marker review / confirm sequence slot
brd0j5,111305,Pieces of the Past,job,data_or_stub,11130517,17,1,-431,187,101,121,0,MapMarker,1600179,m00013,Visible,@5208/i11000101,point marker review / confirm sequence slot
brd0j5,111305,Pieces of the Past,job,data_or_stub,11130518,18,1,-431,187,101,121,0,MapMarker,1600179,m00013,Visible,@5208/i11000101,point marker review / confirm sequence slot
brd0j5,111305,Pieces of the Past,job,data_or_stub,11130519,19,1,-431,187,101,121,0,MapMarker,1600179,m00013,Visible,@5208/i11000101,point marker review / confirm sequence slot
brd0j5,111305,Pieces of the Past,job,data_or_stub,11130520,20,1,-431,187,101,121,0,MapMarker,1600179,m00013,Visible,@5208/i11000101,point marker review / confirm sequence slot
war0j1,111201,Pride and Duty (Will Take You from the Mountain),job,data_or_stub,11120101,1,1,75,-1220,103,321,0,MapMarkerQuest,1300129,m00013,Visible,@5208/i11120101,quest sequence marker review / getSequenceMarkerList
war0j1,111201,Pride and Duty (Will Take You from the Mountain),job,data_or_stub,11120102,2,1,1451,875,103,305,0,MapMarkerQuest,1500041,m00013,Visible,@5208/i11120102,quest sequence marker review / getSequenceMarkerList
war0j1,111201,Pride and Duty (Will Take You from the Mountain),job,data_or_stub,11120103,3,1,-779,227,101,121,0,MapMarkerQuest,1000064,m00013,Visible,@5208/i11120103,quest sequence marker review / getSequenceMarkerList
war0j1,111201,Pride and Duty (Will Take You from the Mountain),job,data_or_stub,11120104,4,1,4,111,104,421,0,MapMarkerQuest,2200226,m00013,Visible,@5208/i11120104,quest sequence marker review / getSequenceMarkerList
war0j1,111201,Pride and Duty (Will Take You from the Mountain),job,data_or_stub,11120105,5,1,18,-1433,103,321,0,MapMarkerQuest,1600184,m00013,Visible,@5208/i11120105,quest sequence marker review / getSequenceMarkerList
war0j1,111201,Pride and Duty (Will Take You from the Mountain),job,data_or_stub,11120106,6,1,-431,187,101,121,0,MapMarker,1600179,m00013,Visible,@5208/i11000101,point marker review / confirm sequence slot
war0j1,111201,Pride and Duty (Will Take You from the Mountain),job,data_or_stub,11120107,7,1,-431,187,101,121,0,MapMarker,1600179,m00013,Visible,@5208/i11000101,point marker review / confirm sequence slot
war0j1,111201,Pride and Duty (Will Take You from the Mountain),job,data_or_stub,11120108,8,1,-431,187,101,121,0,MapMarker,1600179,m00013,Visible,@5208/i11000101,point marker review / confirm sequence slot
war0j1,111201,Pride and Duty (Will Take You from the Mountain),job,data_or_stub,11120109,9,1,-431,187,101,121,0,MapMarker,1600179,m00013,Visible,@5208/i11000101,point marker review / confirm sequence slot
war0j1,111201,Pride and Duty (Will Take You from the Mountain),job,data_or_stub,11120110,10,1,-431,187,101,121,0,MapMarker,1600179,m00013,Visible,@5208/i11000101,point marker review / confirm sequence slot
war0j1,111201,Pride and Duty (Will Take You from the Mountain),job,data_or_stub,11120111,11,1,-431,187,101,121,0,MapMarker,1600179,m00013,Visible,@5208/i11000101,point marker review / confirm sequence slot
war0j1,111201,Pride and Duty (Will Take You from the Mountain),job,data_or_stub,11120112,12,1,-431,187,101,121,0,MapMarker,1600179,m00013,Visible,@5208/i11000101,point marker review / confirm sequence slot
war0j1,111201,Pride and Duty (Will Take You from the Mountain),job,data_or_stub,11120113,13,1,-431,187,101,121,0,MapMarker,1600179,m00013,Visible,@5208/i11000101,point marker review / confirm sequence slot
war0j1,111201,Pride and Duty (Will Take You from the Mountain),job,data_or_stub,11120114,14,1,-431,187,101,121,0,MapMarker,1600179,m00013,Visible,@5208/i11000101,point marker review / confirm sequence slot
war0j1,111201,Pride and Duty (Will Take You from the Mountain),job,data_or_stub,11120115,15,1,-431,187,101,121,0,MapMarker,1600179,m00013,Visible,@5208/i11000101,point marker review / confirm sequence slot
war0j1,111201,Pride and Duty (Will Take You from the Mountain),job,data_or_stub,11120116,16,1,-431,187,101,121,0,MapMarker,1600179,m00013,Visible,@5208/i11000101,point marker review / confirm sequence slot
war0j1,111201,Pride and Duty (Will Take You from the Mountain),job,data_or_stub,11120117,17,1,-431,187,101,121,0,MapMarker,1600179,m00013,Visible,@5208/i11000101,point marker review / confirm sequence slot
war0j1,111201,Pride and Duty (Will Take You from the Mountain),job,data_or_stub,11120118,18,1,-431,187,101,121,0,MapMarker,1600179,m00013,Visible,@5208/i11000101,point marker review / confirm sequence slot
war0j1,111201,Pride and Duty (Will Take You from the Mountain),job,data_or_stub,11120119,19,1,-431,187,101,121,0,MapMarker,1600179,m00013,Visible,@5208/i11000101,point marker review / confirm sequence slot
war0j1,111201,Pride and Duty (Will Take You from the Mountain),job,data_or_stub,11120120,20,1,-431,187,101,121,0,MapMarker,1600179,m00013,Visible,@5208/i11000101,point marker review / confirm sequence slot
war0j2,111202,Embracing the Beast,job,data_or_stub,11120201,1,1,-71.099998,-1231.390015,103,321,0,MapMarkerQuest,1200043,m00013,Visible,@5208/i11120201,quest sequence marker review / getSequenceMarkerList
war0j2,111202,Embracing the Beast,job,data_or_stub,11120202,2,1,414.179993,544.840027,103,305,0,MapMarkerQuest,1200038,m00013,Visible,@5208/i11120202,quest sequence marker review / getSequenceMarkerList
war0j2,111202,Embracing the Beast,job,data_or_stub,11120203,3,1,518.5,1031.540039,103,305,0,MapMarkerQuestArea,4000257,m00029,Visible,@5208/i11120203,marker table review
war0j2,111202,Embracing the Beast,job,data_or_stub,11120204,4,1,-431,187,101,121,0,MapMarker,1600179,m00013,Visible,@5208/i11000101,point marker review / confirm sequence slot
war0j2,111202,Embracing the Beast,job,data_or_stub,11120205,5,1,-431,187,101,121,0,MapMarker,1600179,m00013,Visible,@5208/i11000101,point marker review / confirm sequence slot
war0j2,111202,Embracing the Beast,job,data_or_stub,11120206,6,1,-431,187,101,121,0,MapMarker,1600179,m00013,Visible,@5208/i11000101,point marker review / confirm sequence slot
war0j2,111202,Embracing the Beast,job,data_or_stub,11120207,7,1,-431,187,101,121,0,MapMarker,1600179,m00013,Visible,@5208/i11000101,point marker review / confirm sequence slot
war0j2,111202,Embracing the Beast,job,data_or_stub,11120208,8,1,-431,187,101,121,0,MapMarker,1600179,m00013,Visible,@5208/i11000101,point marker review / confirm sequence slot
war0j2,111202,Embracing the Beast,job,data_or_stub,11120209,9,1,-431,187,101,121,0,MapMarker,1600179,m00013,Visible,@5208/i11000101,point marker review / confirm sequence slot
war0j2,111202,Embracing the Beast,job,data_or_stub,11120210,10,1,-431,187,101,121,0,MapMarker,1600179,m00013,Visible,@5208/i11000101,point marker review / confirm sequence slot
war0j2,111202,Embracing the Beast,job,data_or_stub,11120211,11,1,-431,187,101,121,0,MapMarker,1600179,m00013,Visible,@5208/i11000101,point marker review / confirm sequence slot
war0j2,111202,Embracing the Beast,job,data_or_stub,11120212,12,1,-431,187,101,121,0,MapMarker,1600179,m00013,Visible,@5208/i11000101,point marker review / confirm sequence slot
war0j2,111202,Embracing the Beast,job,data_or_stub,11120213,13,1,-431,187,101,121,0,MapMarker,1600179,m00013,Visible,@5208/i11000101,point marker review / confirm sequence slot
war0j2,111202,Embracing the Beast,job,data_or_stub,11120214,14,1,-431,187,101,121,0,MapMarker,1600179,m00013,Visible,@5208/i11000101,point marker review / confirm sequence slot
war0j2,111202,Embracing the Beast,job,data_or_stub,11120215,15,1,-431,187,101,121,0,MapMarker,1600179,m00013,Visible,@5208/i11000101,point marker review / confirm sequence slot
war0j2,111202,Embracing the Beast,job,data_or_stub,11120216,16,1,-431,187,101,121,0,MapMarker,1600179,m00013,Visible,@5208/i11000101,point marker review / confirm sequence slot
war0j2,111202,Embracing the Beast,job,data_or_stub,11120217,17,1,-431,187,101,121,0,MapMarker,1600179,m00013,Visible,@5208/i11000101,point marker review / confirm sequence slot
war0j2,111202,Embracing the Beast,job,data_or_stub,11120218,18,1,-431,187,101,121,0,MapMarker,1600179,m00013,Visible,@5208/i11000101,point marker review / confirm sequence slot
war0j2,111202,Embracing the Beast,job,data_or_stub,11120219,19,1,-431,187,101,121,0,MapMarker,1600179,m00013,Visible,@5208/i11000101,point marker review / confirm sequence slot
war0j2,111202,Embracing the Beast,job,data_or_stub,11120220,20,1,-431,187,101,121,0,MapMarker,1600179,m00013,Visible,@5208/i11000101,point marker review / confirm sequence slot
war0j3,111203,Curious Gorge Goes to the Bazaar,job,data_or_stub,11120301,1,1,-1230.300049,-1650.709961,103,303,0,MapMarkerQuestArea,4000257,m00018,Visible,@5208/i11120301,marker table review
war0j3,111203,Curious Gorge Goes to the Bazaar,job,data_or_stub,11120302,2,1,22.84,-1306.829956,103,321,0,MapMarkerQuest,1300175,m00013,Visible,@5208/i11120302,quest sequence marker review / getSequenceMarkerList
war0j3,111203,Curious Gorge Goes to the Bazaar,job,data_or_stub,11120303,3,1,-431,187,101,121,0,MapMarker,1600179,m00013,Visible,@5208/i11000101,point marker review / confirm sequence slot
war0j3,111203,Curious Gorge Goes to the Bazaar,job,data_or_stub,11120304,4,1,-431,187,101,121,0,MapMarker,1600179,m00013,Visible,@5208/i11000101,point marker review / confirm sequence slot
war0j3,111203,Curious Gorge Goes to the Bazaar,job,data_or_stub,11120305,5,1,-431,187,101,121,0,MapMarker,1600179,m00013,Visible,@5208/i11000101,point marker review / confirm sequence slot
war0j3,111203,Curious Gorge Goes to the Bazaar,job,data_or_stub,11120306,6,1,-431,187,101,121,0,MapMarker,1600179,m00013,Visible,@5208/i11000101,point marker review / confirm sequence slot
war0j3,111203,Curious Gorge Goes to the Bazaar,job,data_or_stub,11120307,7,1,-431,187,101,121,0,MapMarker,1600179,m00013,Visible,@5208/i11000101,point marker review / confirm sequence slot
war0j3,111203,Curious Gorge Goes to the Bazaar,job,data_or_stub,11120308,8,1,-431,187,101,121,0,MapMarker,1600179,m00013,Visible,@5208/i11000101,point marker review / confirm sequence slot
war0j3,111203,Curious Gorge Goes to the Bazaar,job,data_or_stub,11120309,9,1,-431,187,101,121,0,MapMarker,1600179,m00013,Visible,@5208/i11000101,point marker review / confirm sequence slot
war0j3,111203,Curious Gorge Goes to the Bazaar,job,data_or_stub,11120310,10,1,-431,187,101,121,0,MapMarker,1600179,m00013,Visible,@5208/i11000101,point marker review / confirm sequence slot
war0j3,111203,Curious Gorge Goes to the Bazaar,job,data_or_stub,11120311,11,1,-431,187,101,121,0,MapMarker,1600179,m00013,Visible,@5208/i11000101,point marker review / confirm sequence slot
war0j3,111203,Curious Gorge Goes to the Bazaar,job,data_or_stub,11120312,12,1,-431,187,101,121,0,MapMarker,1600179,m00013,Visible,@5208/i11000101,point marker review / confirm sequence slot
war0j3,111203,Curious Gorge Goes to the Bazaar,job,data_or_stub,11120313,13,1,-431,187,101,121,0,MapMarker,1600179,m00013,Visible,@5208/i11000101,point marker review / confirm sequence slot
war0j3,111203,Curious Gorge Goes to the Bazaar,job,data_or_stub,11120314,14,1,-431,187,101,121,0,MapMarker,1600179,m00013,Visible,@5208/i11000101,point marker review / confirm sequence slot
war0j3,111203,Curious Gorge Goes to the Bazaar,job,data_or_stub,11120315,15,1,-431,187,101,121,0,MapMarker,1600179,m00013,Visible,@5208/i11000101,point marker review / confirm sequence slot
war0j3,111203,Curious Gorge Goes to the Bazaar,job,data_or_stub,11120316,16,1,-431,187,101,121,0,MapMarker,1600179,m00013,Visible,@5208/i11000101,point marker review / confirm sequence slot
war0j3,111203,Curious Gorge Goes to the Bazaar,job,data_or_stub,11120317,17,1,-431,187,101,121,0,MapMarker,1600179,m00013,Visible,@5208/i11000101,point marker review / confirm sequence slot
war0j3,111203,Curious Gorge Goes to the Bazaar,job,data_or_stub,11120318,18,1,-431,187,101,121,0,MapMarker,1600179,m00013,Visible,@5208/i11000101,point marker review / confirm sequence slot
war0j3,111203,Curious Gorge Goes to the Bazaar,job,data_or_stub,11120319,19,1,-431,187,101,121,0,MapMarker,1600179,m00013,Visible,@5208/i11000101,point marker review / confirm sequence slot
war0j3,111203,Curious Gorge Goes to the Bazaar,job,data_or_stub,11120320,20,1,-431,187,101,121,0,MapMarker,1600179,m00013,Visible,@5208/i11000101,point marker review / confirm sequence slot
war0j4,111204,Looking the Part,job,data_or_stub,11120401,1,1,-431,187,101,121,0,MapMarker,1600179,m00013,Visible,@5208/i11000101,point marker review / confirm sequence slot
war0j4,111204,Looking the Part,job,data_or_stub,11120402,2,1,-431,187,101,121,0,MapMarker,1600179,m00013,Visible,@5208/i11000101,point marker review / confirm sequence slot
war0j4,111204,Looking the Part,job,data_or_stub,11120403,3,1,-431,187,101,121,0,MapMarker,1600179,m00013,Visible,@5208/i11000101,point marker review / confirm sequence slot
war0j4,111204,Looking the Part,job,data_or_stub,11120404,4,1,-431,187,101,121,0,MapMarker,1600179,m00013,Visible,@5208/i11000101,point marker review / confirm sequence slot
war0j4,111204,Looking the Part,job,data_or_stub,11120405,5,1,-431,187,101,121,0,MapMarker,1600179,m00013,Visible,@5208/i11000101,point marker review / confirm sequence slot
war0j4,111204,Looking the Part,job,data_or_stub,11120406,6,1,-431,187,101,121,0,MapMarker,1600179,m00013,Visible,@5208/i11000101,point marker review / confirm sequence slot
war0j4,111204,Looking the Part,job,data_or_stub,11120407,7,1,-431,187,101,121,0,MapMarker,1600179,m00013,Visible,@5208/i11000101,point marker review / confirm sequence slot
war0j4,111204,Looking the Part,job,data_or_stub,11120408,8,1,-431,187,101,121,0,MapMarker,1600179,m00013,Visible,@5208/i11000101,point marker review / confirm sequence slot
war0j4,111204,Looking the Part,job,data_or_stub,11120409,9,1,-431,187,101,121,0,MapMarker,1600179,m00013,Visible,@5208/i11000101,point marker review / confirm sequence slot
war0j4,111204,Looking the Part,job,data_or_stub,11120410,10,1,-431,187,101,121,0,MapMarker,1600179,m00013,Visible,@5208/i11000101,point marker review / confirm sequence slot
war0j4,111204,Looking the Part,job,data_or_stub,11120411,11,1,-431,187,101,121,0,MapMarker,1600179,m00013,Visible,@5208/i11000101,point marker review / confirm sequence slot
war0j4,111204,Looking the Part,job,data_or_stub,11120412,12,1,-431,187,101,121,0,MapMarker,1600179,m00013,Visible,@5208/i11000101,point marker review / confirm sequence slot
war0j4,111204,Looking the Part,job,data_or_stub,11120413,13,1,-431,187,101,121,0,MapMarker,1600179,m00013,Visible,@5208/i11000101,point marker review / confirm sequence slot
war0j4,111204,Looking the Part,job,data_or_stub,11120414,14,1,-431,187,101,121,0,MapMarker,1600179,m00013,Visible,@5208/i11000101,point marker review / confirm sequence slot
war0j4,111204,Looking the Part,job,data_or_stub,11120415,15,1,-431,187,101,121,0,MapMarker,1600179,m00013,Visible,@5208/i11000101,point marker review / confirm sequence slot
war0j4,111204,Looking the Part,job,data_or_stub,11120416,16,1,-431,187,101,121,0,MapMarker,1600179,m00013,Visible,@5208/i11000101,point marker review / confirm sequence slot
war0j4,111204,Looking the Part,job,data_or_stub,11120417,17,1,-431,187,101,121,0,MapMarker,1600179,m00013,Visible,@5208/i11000101,point marker review / confirm sequence slot
war0j4,111204,Looking the Part,job,data_or_stub,11120418,18,1,-431,187,101,121,0,MapMarker,1600179,m00013,Visible,@5208/i11000101,point marker review / confirm sequence slot
war0j4,111204,Looking the Part,job,data_or_stub,11120419,19,1,-431,187,101,121,0,MapMarker,1600179,m00013,Visible,@5208/i11000101,point marker review / confirm sequence slot
war0j4,111204,Looking the Part,job,data_or_stub,11120420,20,1,-431,187,101,121,0,MapMarker,1600179,m00013,Visible,@5208/i11000101,point marker review / confirm sequence slot
war0j5,111205,Proof is in the Pudding,job,data_or_stub,11120501,1,1,-431,187,101,121,0,MapMarker,1600179,m00013,Visible,@5208/i11000101,point marker review / confirm sequence slot
war0j5,111205,Proof is in the Pudding,job,data_or_stub,11120502,2,1,-431,187,101,121,0,MapMarker,1600179,m00013,Visible,@5208/i11000101,point marker review / confirm sequence slot
war0j5,111205,Proof is in the Pudding,job,data_or_stub,11120503,3,1,-431,187,101,121,0,MapMarker,1600179,m00013,Visible,@5208/i11000101,point marker review / confirm sequence slot
war0j5,111205,Proof is in the Pudding,job,data_or_stub,11120504,4,1,-431,187,101,121,0,MapMarker,1600179,m00013,Visible,@5208/i11000101,point marker review / confirm sequence slot
war0j5,111205,Proof is in the Pudding,job,data_or_stub,11120505,5,1,-431,187,101,121,0,MapMarker,1600179,m00013,Visible,@5208/i11000101,point marker review / confirm sequence slot
war0j5,111205,Proof is in the Pudding,job,data_or_stub,11120506,6,1,-431,187,101,121,0,MapMarker,1600179,m00013,Visible,@5208/i11000101,point marker review / confirm sequence slot
war0j5,111205,Proof is in the Pudding,job,data_or_stub,11120507,7,1,-431,187,101,121,0,MapMarker,1600179,m00013,Visible,@5208/i11000101,point marker review / confirm sequence slot
war0j5,111205,Proof is in the Pudding,job,data_or_stub,11120508,8,1,-431,187,101,121,0,MapMarker,1600179,m00013,Visible,@5208/i11000101,point marker review / confirm sequence slot
war0j5,111205,Proof is in the Pudding,job,data_or_stub,11120509,9,1,-431,187,101,121,0,MapMarker,1600179,m00013,Visible,@5208/i11000101,point marker review / confirm sequence slot
war0j5,111205,Proof is in the Pudding,job,data_or_stub,11120510,10,1,-431,187,101,121,0,MapMarker,1600179,m00013,Visible,@5208/i11000101,point marker review / confirm sequence slot
war0j5,111205,Proof is in the Pudding,job,data_or_stub,11120511,11,1,-431,187,101,121,0,MapMarker,1600179,m00013,Visible,@5208/i11000101,point marker review / confirm sequence slot
war0j5,111205,Proof is in the Pudding,job,data_or_stub,11120512,12,1,-431,187,101,121,0,MapMarker,1600179,m00013,Visible,@5208/i11000101,point marker review / confirm sequence slot
war0j5,111205,Proof is in the Pudding,job,data_or_stub,11120513,13,1,-431,187,101,121,0,MapMarker,1600179,m00013,Visible,@5208/i11000101,point marker review / confirm sequence slot
war0j5,111205,Proof is in the Pudding,job,data_or_stub,11120514,14,1,-431,187,101,121,0,MapMarker,1600179,m00013,Visible,@5208/i11000101,point marker review / confirm sequence slot
war0j5,111205,Proof is in the Pudding,job,data_or_stub,11120515,15,1,-431,187,101,121,0,MapMarker,1600179,m00013,Visible,@5208/i11000101,point marker review / confirm sequence slot
war0j5,111205,Proof is in the Pudding,job,data_or_stub,11120516,16,1,-431,187,101,121,0,MapMarker,1600179,m00013,Visible,@5208/i11000101,point marker review / confirm sequence slot
war0j5,111205,Proof is in the Pudding,job,data_or_stub,11120517,17,1,-431,187,101,121,0,MapMarker,1600179,m00013,Visible,@5208/i11000101,point marker review / confirm sequence slot
war0j5,111205,Proof is in the Pudding,job,data_or_stub,11120518,18,1,-431,187,101,121,0,MapMarker,1600179,m00013,Visible,@5208/i11000101,point marker review / confirm sequence slot
war0j5,111205,Proof is in the Pudding,job,data_or_stub,11120519,19,1,-431,187,101,121,0,MapMarker,1600179,m00013,Visible,@5208/i11000101,point marker review / confirm sequence slot
war0j5,111205,Proof is in the Pudding,job,data_or_stub,11120520,20,1,-431,187,101,121,0,MapMarker,1600179,m00013,Visible,@5208/i11000101,point marker review / confirm sequence slot
man0g0,110005,Sundered Skies,main_scenario,handwritten_event_driver,11000501,1,1,162.089996,-1164.180054,103,321,0,MapMarkerQuest,1600102,m00013,Visible,@5208/i11000501,quest sequence marker review / getSequenceMarkerList
man0g0,110005,Sundered Skies,main_scenario,handwritten_event_driver,11000502,2,1,353.369995,-698.97998,106,301,0,MapMarkerQuest,2300120,m00013,Visible,@5208/i11000502,quest sequence marker review / getSequenceMarkerList
man0g0,110005,Sundered Skies,main_scenario,handwritten_event_driver,11000503,3,1,353.369995,-703.090027,106,301,0,MapMarkerQuest,1400004,m00013,Visible,@5208/i11000503,quest sequence marker review / getSequenceMarkerList
man0g0,110005,Sundered Skies,main_scenario,handwritten_event_driver,11000504,4,1,81.480003,-1207.959961,103,321,0,MapMarkerQuest,4000257,m00013,Visible,@5208/i11000504,quest sequence marker review / getSequenceMarkerList
man0g0,110005,Sundered Skies,main_scenario,handwritten_event_driver,11000505,5,1,-431,187,101,121,0,MapMarker,1600179,m00013,Visible,@5208/i11000101,point marker review / confirm sequence slot
man0g0,110005,Sundered Skies,main_scenario,handwritten_event_driver,11000506,6,1,-431,187,101,121,0,MapMarker,1600179,m00013,Visible,@5208/i11000101,point marker review / confirm sequence slot
man0g0,110005,Sundered Skies,main_scenario,handwritten_event_driver,11000507,7,1,-431,187,101,121,0,MapMarker,1600179,m00013,Visible,@5208/i11000101,point marker review / confirm sequence slot
man0g0,110005,Sundered Skies,main_scenario,handwritten_event_driver,11000508,8,1,-431,187,101,121,0,MapMarker,1600179,m00013,Visible,@5208/i11000101,point marker review / confirm sequence slot
man0g0,110005,Sundered Skies,main_scenario,handwritten_event_driver,11000509,9,1,-431,187,101,121,0,MapMarker,1600179,m00013,Visible,@5208/i11000101,point marker review / confirm sequence slot
man0g0,110005,Sundered Skies,main_scenario,handwritten_event_driver,11000510,10,1,-431,187,101,121,0,MapMarker,1600179,m00013,Visible,@5208/i11000101,point marker review / confirm sequence slot
man0g0,110005,Sundered Skies,main_scenario,handwritten_event_driver,11000511,11,1,-431,187,101,121,0,MapMarker,1600179,m00013,Visible,@5208/i11000101,point marker review / confirm sequence slot
man0g0,110005,Sundered Skies,main_scenario,handwritten_event_driver,11000512,12,1,-431,187,101,121,0,MapMarker,1600179,m00013,Visible,@5208/i11000101,point marker review / confirm sequence slot
man0g0,110005,Sundered Skies,main_scenario,handwritten_event_driver,11000513,13,1,-431,187,101,121,0,MapMarker,1600179,m00013,Visible,@5208/i11000101,point marker review / confirm sequence slot
man0g0,110005,Sundered Skies,main_scenario,handwritten_event_driver,11000514,14,1,-431,187,101,121,0,MapMarker,1600179,m00013,Visible,@5208/i11000101,point marker review / confirm sequence slot
man0g0,110005,Sundered Skies,main_scenario,handwritten_event_driver,11000515,15,1,-431,187,101,121,0,MapMarker,1600179,m00013,Visible,@5208/i11000101,point marker review / confirm sequence slot
man0g0,110005,Sundered Skies,main_scenario,handwritten_event_driver,11000516,16,1,-431,187,101,121,0,MapMarker,1600179,m00013,Visible,@5208/i11000101,point marker review / confirm sequence slot
man0g0,110005,Sundered Skies,main_scenario,handwritten_event_driver,11000517,17,1,-431,187,101,121,0,MapMarker,1600179,m00013,Visible,@5208/i11000101,point marker review / confirm sequence slot
man0g0,110005,Sundered Skies,main_scenario,handwritten_event_driver,11000518,18,1,-431,187,101,121,0,MapMarker,1600179,m00013,Visible,@5208/i11000101,point marker review / confirm sequence slot
man0g0,110005,Sundered Skies,main_scenario,handwritten_event_driver,11000519,19,1,-431,187,101,121,0,MapMarker,1600179,m00013,Visible,@5208/i11000101,point marker review / confirm sequence slot
man0g0,110005,Sundered Skies,main_scenario,handwritten_event_driver,11000520,20,1,-431,187,101,121,0,MapMarker,1600179,m00013,Visible,@5208/i11000101,point marker review / confirm sequence slot
man0g1,110006,Souls Gone Wild,main_scenario,handwritten_event_driver,11000601,1,1,55.82,-1196.150024,103,321,0,MapMarkerQuest,1300018,m00013,Visible,@5208/i11000601,quest sequence marker review / getSequenceMarkerList
man0g1,110006,Souls Gone Wild,main_scenario,handwritten_event_driver,11000602,2,1,288,-544,103,301,0,MapMarker,4000257,m00013,Visible,,point marker review / confirm sequence slot
man0g1,110006,Souls Gone Wild,main_scenario,handwritten_event_driver,11000603,3,1,55.939999,-1196.439941,103,321,0,MapMarkerQuest,1300018,m00013,Visible,@5208/i11000603,quest sequence marker review / getSequenceMarkerList
man0g1,110006,Souls Gone Wild,main_scenario,handwritten_event_driver,11000604,4,1,97.019997,-1459.459961,103,321,0,MapMarkerQuest,1000324,m00013,Visible,@5208/i11000604,quest sequence marker review / getSequenceMarkerList
man0g1,110006,Souls Gone Wild,main_scenario,handwritten_event_driver,11000605,5,1,-330.829987,-1682.790039,103,321,0,MapMarkerQuest,1300064,m00013,Visible,@5208/i11000605,quest sequence marker review / getSequenceMarkerList
man0g1,110006,Souls Gone Wild,main_scenario,handwritten_event_driver,11000606,6,1,-342.600006,-1686.51001,103,321,0,MapMarkerQuest,4000257,m00013,Visible,@5208/i11000606,quest sequence marker review / getSequenceMarkerList
man0g1,110006,Souls Gone Wild,main_scenario,handwritten_event_driver,11000607,7,1,-351.859985,-1693.910034,103,321,0,MapMarkerQuest,1100010,m00013,Visible,@5208/i11000607,quest sequence marker review / getSequenceMarkerList
man0g1,110006,Souls Gone Wild,main_scenario,handwritten_event_driver,11000608,8,1,-205.679993,-1454.719971,103,321,0,MapMarkerQuest,1600132,m00013,Visible,@5208/i11000608,quest sequence marker review / getSequenceMarkerList
man0g1,110006,Souls Gone Wild,main_scenario,handwritten_event_driver,11000609,9,1,-218.429993,-1493.199951,103,321,0,MapMarkerQuest,4000257,m00013,Visible,@5208/i11000609,quest sequence marker review / getSequenceMarkerList
man0g1,110006,Souls Gone Wild,main_scenario,handwritten_event_driver,11000610,10,1,-202.910004,-1477.51001,103,321,0,MapMarkerQuest,4000257,m00013,Visible,@5208/i11000610,quest sequence marker review / getSequenceMarkerList
man0g1,110006,Souls Gone Wild,main_scenario,handwritten_event_driver,11000611,11,1,-183.770004,-972.099976,103,301,0,MapMarkerQuest,4000257,m00013,Visible,@5208/i11000611,quest sequence marker review / getSequenceMarkerList
man0g1,110006,Souls Gone Wild,main_scenario,handwritten_event_driver,11000612,12,1,-723.130005,-1083.52002,103,301,0,MapMarkerQuest,4000257,m00013,Visible,@5208/i11000612,quest sequence marker review / getSequenceMarkerList
man0g1,110006,Souls Gone Wild,main_scenario,handwritten_event_driver,11000613,13,1,-794.809998,-1060.319946,103,301,0,MapMarkerQuest,4000257,m00013,Visible,@5208/i11000613,quest sequence marker review / getSequenceMarkerList
man0g1,110006,Souls Gone Wild,main_scenario,handwritten_event_driver,11000614,14,1,-723.130005,-1083.52002,103,301,0,MapMarkerQuest,4000257,m00013,Visible,@5208/i11000614,quest sequence marker review / getSequenceMarkerList
man0g1,110006,Souls Gone Wild,main_scenario,handwritten_event_driver,11000615,15,1,-202.910004,-1477.51001,103,321,0,MapMarkerQuest,4000257,m00013,Visible,@5208/i11000615,quest sequence marker review / getSequenceMarkerList
man0g1,110006,Souls Gone Wild,main_scenario,handwritten_event_driver,11000616,16,1,179.149994,-1580.589966,103,321,0,MapMarkerQuest,1100014,m00013,Visible,@5208/i11000616,quest sequence marker review / getSequenceMarkerList
man0g1,110006,Souls Gone Wild,main_scenario,handwritten_event_driver,11000617,17,1,194.350006,-1578.680054,103,321,0,MapMarkerQuest,1000013,m00013,Visible,@5208/i11000617,quest sequence marker review / getSequenceMarkerList
man0g1,110006,Souls Gone Wild,main_scenario,handwritten_event_driver,11000618,18,1,176.429993,-1582.73999,103,321,0,MapMarkerQuest,1000013,m00013,Visible,@5208/i11000618,quest sequence marker review / getSequenceMarkerList
man0g1,110006,Souls Gone Wild,main_scenario,handwritten_event_driver,11000619,19,1,195,-1579,103,321,0,MapMarkerQuest,1100210,m00013,Visible,@5208/i11000619,quest sequence marker review / getSequenceMarkerList
man0g1,110006,Souls Gone Wild,main_scenario,handwritten_event_driver,11000620,20,1,55.939999,-1196.439941,103,321,0,MapMarkerQuest,1300018,m00013,Visible,@5208/i11000620,quest sequence marker review / getSequenceMarkerList
man0g1,110006,Souls Gone Wild,main_scenario,handwritten_event_driver,11000621,21,1,-431,187,101,121,0,MapMarker,1600179,m00013,Visible,@5208/i11000101,point marker review / confirm sequence slot
man0g1,110006,Souls Gone Wild,main_scenario,handwritten_event_driver,11000622,22,1,-431,187,101,121,0,MapMarker,1600179,m00013,Visible,@5208/i11000101,point marker review / confirm sequence slot
man0g1,110006,Souls Gone Wild,main_scenario,handwritten_event_driver,11000623,23,1,-431,187,101,121,0,MapMarker,1600179,m00013,Visible,@5208/i11000101,point marker review / confirm sequence slot
man0g1,110006,Souls Gone Wild,main_scenario,handwritten_event_driver,11000624,24,1,-431,187,101,121,0,MapMarker,1600179,m00013,Visible,@5208/i11000101,point marker review / confirm sequence slot
man0g1,110006,Souls Gone Wild,main_scenario,handwritten_event_driver,11000625,25,1,-431,187,101,121,0,MapMarker,1600179,m00013,Visible,@5208/i11000101,point marker review / confirm sequence slot
man0g1,110006,Souls Gone Wild,main_scenario,handwritten_event_driver,11000626,26,1,-431,187,101,121,0,MapMarker,1600179,m00013,Visible,@5208/i11000101,point marker review / confirm sequence slot
man0g1,110006,Souls Gone Wild,main_scenario,handwritten_event_driver,11000627,27,1,-431,187,101,121,0,MapMarker,1600179,m00013,Visible,@5208/i11000101,point marker review / confirm sequence slot
man0g1,110006,Souls Gone Wild,main_scenario,handwritten_event_driver,11000628,28,1,-431,187,101,121,0,MapMarker,1600179,m00013,Visible,@5208/i11000101,point marker review / confirm sequence slot
man0g1,110006,Souls Gone Wild,main_scenario,handwritten_event_driver,11000629,29,1,-431,187,101,121,0,MapMarker,1600179,m00013,Visible,@5208/i11000101,point marker review / confirm sequence slot
man0g1,110006,Souls Gone Wild,main_scenario,handwritten_event_driver,11000630,30,1,-431,187,101,121,0,MapMarker,1600179,m00013,Visible,@5208/i11000101,point marker review / confirm sequence slot
man0l0,110001,Shapeless Melody,main_scenario,handwritten_event_driver,11000101,1,1,-431,187,101,121,50,MapMarkerQuest,1000015,m00013,Visible,@5208/i11000101,quest sequence marker review / getSequenceMarkerList
man0l0,110001,Shapeless Melody,main_scenario,handwritten_event_driver,11000102,2,1,35,-32,101,101,0,MapMarker,4000257,m00013,Visible,,point marker review / confirm sequence slot
man0l0,110001,Shapeless Melody,main_scenario,handwritten_event_driver,11000103,3,1,-431,187,101,121,50,MapMarkerQuest,1000015,m00013,Visible,@5208/i11000103,quest sequence marker review / getSequenceMarkerList
man0l0,110001,Shapeless Melody,main_scenario,handwritten_event_driver,11000104,4,1,-512,27,101,121,50,MapMarkerQuest,1000066,m00013,Visible,@5208/i11000104,quest sequence marker review / getSequenceMarkerList
man0l0,110001,Shapeless Melody,main_scenario,handwritten_event_driver,11000105,5,1,-611,-56,101,121,50,MapMarkerQuest,1200100,m00013,Visible,@5208/i11000105,quest sequence marker review / getSequenceMarkerList
man0l0,110001,Shapeless Melody,main_scenario,handwritten_event_driver,11000106,6,1,-604,-87,101,121,50,MapMarkerQuest,4000257,m00013,Visible,@5208/i11000106,quest sequence marker review / getSequenceMarkerList
man0l0,110001,Shapeless Melody,main_scenario,handwritten_event_driver,11000107,7,1,-611,-56,101,121,50,MapMarkerQuest,1200100,m00013,Visible,@5208/i11000107,quest sequence marker review / getSequenceMarkerList
man0l0,110001,Shapeless Melody,main_scenario,handwritten_event_driver,11000108,8,1,-594,-46,101,121,50,MapMarkerQuest,4000257,m00013,Visible,@5208/i11000108,quest sequence marker review / getSequenceMarkerList
man0l0,110001,Shapeless Melody,main_scenario,handwritten_event_driver,11000109,9,1,-613,341,101,121,0,MapMarkerQuest,1900011,m00013,Visible,@5208/i11000109,quest sequence marker review / getSequenceMarkerList
man0l0,110001,Shapeless Melody,main_scenario,handwritten_event_driver,11000110,10,1,-617.400024,344.920013,101,121,0,MapMarkerQuest,1500024,m00013,Visible,@5208/i11000110,quest sequence marker review / getSequenceMarkerList
man0l0,110001,Shapeless Melody,main_scenario,handwritten_event_driver,11000111,11,1,-22,147,101,101,0,MapMarkerQuest,4000257,m00013,Visible,@5208/i11000111,quest sequence marker review / getSequenceMarkerList
man0l0,110001,Shapeless Melody,main_scenario,handwritten_event_driver,11000112,12,1,117,1274,101,101,0,MapMarkerQuest,4000257,m00013,Visible,@5208/i11000112,quest sequence marker review / getSequenceMarkerList
man0l0,110001,Shapeless Melody,main_scenario,handwritten_event_driver,11000113,13,1,150.970001,1312.800049,101,101,0,MapMarkerQuest,4000016,m00013,Visible,@5208/i11000113,quest sequence marker review / getSequenceMarkerList
man0l0,110001,Shapeless Melody,main_scenario,handwritten_event_driver,11000114,14,1,136,1324,101,101,0,MapMarkerQuest,4000257,m00013,Visible,@5208/i11000114,quest sequence marker review / getSequenceMarkerList
man0l0,110001,Shapeless Melody,main_scenario,handwritten_event_driver,11000115,15,1,-501,416,101,121,50,MapMarkerQuest,2200064,m00013,Visible,@5208/i11000115,quest sequence marker review / getSequenceMarkerList
man0l0,110001,Shapeless Melody,main_scenario,handwritten_event_driver,11000116,16,1,-506.769989,432.070007,101,121,50,MapMarkerQuest,1900029,m00013,Visible,@5208/i11000116,quest sequence marker review / getSequenceMarkerList
man0l0,110001,Shapeless Melody,main_scenario,handwritten_event_driver,11000117,17,1,-490,418,101,121,50,MapMarkerQuest,4000257,m00013,Visible,@5208/i11000117,quest sequence marker review / getSequenceMarkerList
man0l0,110001,Shapeless Melody,main_scenario,handwritten_event_driver,11000118,18,1,-431,187,101,121,50,MapMarkerQuest,1000015,m00013,Visible,@5208/i11000118,quest sequence marker review / getSequenceMarkerList
man0l0,110001,Shapeless Melody,main_scenario,handwritten_event_driver,11000119,19,1,-624,359,101,121,0,MapMarkerQuest,4000257,m00013,Visible,@5208/i11000119,quest sequence marker review / getSequenceMarkerList
man0l0,110001,Shapeless Melody,main_scenario,handwritten_event_driver,11000120,20,1,0,0,101,121,0,MapMarkerQuest,1900006,m00013,Visible,@5208/i11000120,quest sequence marker review / getSequenceMarkerList
man0l1,110002,Treasures of the Main,main_scenario,handwritten_event_driver,11000201,1,1,470,1240,111,1001,0,MapMarkerQuest,4000257,m00013,Visible,@5208/i11000201,quest sequence marker review / getSequenceMarkerList
man0l1,110002,Treasures of the Main,main_scenario,handwritten_event_driver,11000202,2,1,-835,242,101,121,0,MapMarkerQuest,1000017,m00013,Visible,@5208/i11000202,quest sequence marker review / getSequenceMarkerList
man0l1,110002,Treasures of the Main,main_scenario,handwritten_event_driver,11000203,3,1,-7.98,-27.33,111,1001,10,MapMarkerQuest,1600150,m00013,Visible,@5208/i11000203,quest sequence marker review / getSequenceMarkerList
man0l1,110002,Treasures of the Main,main_scenario,handwritten_event_driver,11000204,4,1,-2.16,-26.18,111,1001,10,MapMarkerQuest,4000166,m00013,Visible,@5208/i11000204,quest sequence marker review / getSequenceMarkerList
man0l1,110002,Treasures of the Main,main_scenario,handwritten_event_driver,11000205,5,1,4.2,-21.98,111,1001,10,MapMarkerQuest,4000161,m00013,Visible,@5208/i11000205,quest sequence marker review / getSequenceMarkerList
man0l1,110002,Treasures of the Main,main_scenario,handwritten_event_driver,11000206,6,1,0,-18,111,1001,10,MapMarkerQuest,4000257,m00013,Visible,@5208/i11000206,quest sequence marker review / getSequenceMarkerList
man0l1,110002,Treasures of the Main,main_scenario,handwritten_event_driver,11000207,7,1,-431,187,101,121,0,MapMarker,1600179,m00013,Visible,@5208/i11000101,point marker review / confirm sequence slot
man0l1,110002,Treasures of the Main,main_scenario,handwritten_event_driver,11000208,8,1,-431,187,101,121,0,MapMarker,1600179,m00013,Visible,@5208/i11000101,point marker review / confirm sequence slot
man0l1,110002,Treasures of the Main,main_scenario,handwritten_event_driver,11000209,9,1,-431,187,101,121,0,MapMarker,1600179,m00013,Visible,@5208/i11000101,point marker review / confirm sequence slot
man0l1,110002,Treasures of the Main,main_scenario,handwritten_event_driver,11000210,10,1,-431,187,101,121,0,MapMarker,1600179,m00013,Visible,@5208/i11000101,point marker review / confirm sequence slot
man0l1,110002,Treasures of the Main,main_scenario,handwritten_event_driver,11000211,11,1,-431,187,101,121,0,MapMarker,1600179,m00013,Visible,@5208/i11000101,point marker review / confirm sequence slot
man0l1,110002,Treasures of the Main,main_scenario,handwritten_event_driver,11000212,12,1,-431,187,101,121,0,MapMarker,1600179,m00013,Visible,@5208/i11000101,point marker review / confirm sequence slot
man0l1,110002,Treasures of the Main,main_scenario,handwritten_event_driver,11000213,13,1,-431,187,101,121,0,MapMarker,1600179,m00013,Visible,@5208/i11000101,point marker review / confirm sequence slot
man0l1,110002,Treasures of the Main,main_scenario,handwritten_event_driver,11000214,14,1,-431,187,101,121,0,MapMarker,1600179,m00013,Visible,@5208/i11000101,point marker review / confirm sequence slot
man0l1,110002,Treasures of the Main,main_scenario,handwritten_event_driver,11000215,15,1,-431,187,101,121,0,MapMarker,1600179,m00013,Visible,@5208/i11000101,point marker review / confirm sequence slot
man0l1,110002,Treasures of the Main,main_scenario,handwritten_event_driver,11000216,16,1,-431,187,101,121,0,MapMarker,1600179,m00013,Visible,@5208/i11000101,point marker review / confirm sequence slot
man0l1,110002,Treasures of the Main,main_scenario,handwritten_event_driver,11000217,17,1,-431,187,101,121,0,MapMarker,1600179,m00013,Visible,@5208/i11000101,point marker review / confirm sequence slot
man0l1,110002,Treasures of the Main,main_scenario,handwritten_event_driver,11000218,18,1,-431,187,101,121,0,MapMarker,1600179,m00013,Visible,@5208/i11000101,point marker review / confirm sequence slot
man0l1,110002,Treasures of the Main,main_scenario,handwritten_event_driver,11000219,19,1,-431,187,101,121,0,MapMarker,1600179,m00013,Visible,@5208/i11000101,point marker review / confirm sequence slot
man0l1,110002,Treasures of the Main,main_scenario,handwritten_event_driver,11000220,20,1,-431,187,101,121,0,MapMarker,1600179,m00013,Visible,@5208/i11000101,point marker review / confirm sequence slot
man0u0,110009,Flowers for All,main_scenario,handwritten_event_driver,11000901,1,1,-27.309999,87.25,104,421,0,MapMarkerQuest,1400148,m00013,Visible,@5208/i11000901,quest sequence marker review / getSequenceMarkerList
man0u0,110009,Flowers for All,main_scenario,handwritten_event_driver,11000902,2,1,-1.56,124.400002,107,421,0,MapMarkerQuest,1100003,m00013,Visible,@5208/i11000902,quest sequence marker review / getSequenceMarkerList
man0u0,110009,Flowers for All,main_scenario,handwritten_event_driver,11000903,3,1,3.47,115.540001,107,421,0,MapMarkerQuest,4000543,m00013,Visible,@5208/i11000903,quest sequence marker review / getSequenceMarkerList
man0u0,110009,Flowers for All,main_scenario,handwritten_event_driver,11000904,4,1,-19.110001,95.089996,107,421,0,MapMarkerQuest,4000547,m00013,Visible,@5208/i11000904,quest sequence marker review / getSequenceMarkerList
man0u0,110009,Flowers for All,main_scenario,handwritten_event_driver,11000905,5,1,-13,76.75,107,421,0,MapMarkerQuest,4000257,m00013,Visible,@5208/i11000905,quest sequence marker review / getSequenceMarkerList
man0u0,110009,Flowers for All,main_scenario,handwritten_event_driver,11000906,6,1,-46.23,67.769997,104,421,0,MapMarkerQuest,4000257,m00013,Visible,@5208/i11000906,quest sequence marker review / getSequenceMarkerList
man0u0,110009,Flowers for All,main_scenario,handwritten_event_driver,11000907,7,1,-431,187,101,121,0,MapMarker,1600179,m00013,Visible,@5208/i11000101,point marker review / confirm sequence slot
man0u0,110009,Flowers for All,main_scenario,handwritten_event_driver,11000908,8,1,-431,187,101,121,0,MapMarker,1600179,m00013,Visible,@5208/i11000101,point marker review / confirm sequence slot
man0u0,110009,Flowers for All,main_scenario,handwritten_event_driver,11000909,9,1,-431,187,101,121,0,MapMarker,1600179,m00013,Visible,@5208/i11000101,point marker review / confirm sequence slot
man0u0,110009,Flowers for All,main_scenario,handwritten_event_driver,11000910,10,1,-431,187,101,121,0,MapMarker,1600179,m00013,Visible,@5208/i11000101,point marker review / confirm sequence slot
man0u0,110009,Flowers for All,main_scenario,handwritten_event_driver,11000911,11,1,-431,187,101,121,0,MapMarker,1600179,m00013,Visible,@5208/i11000101,point marker review / confirm sequence slot
man0u0,110009,Flowers for All,main_scenario,handwritten_event_driver,11000912,12,1,-431,187,101,121,0,MapMarker,1600179,m00013,Visible,@5208/i11000101,point marker review / confirm sequence slot
man0u0,110009,Flowers for All,main_scenario,handwritten_event_driver,11000913,13,1,-431,187,101,121,0,MapMarker,1600179,m00013,Visible,@5208/i11000101,point marker review / confirm sequence slot
man0u0,110009,Flowers for All,main_scenario,handwritten_event_driver,11000914,14,1,-431,187,101,121,0,MapMarker,1600179,m00013,Visible,@5208/i11000101,point marker review / confirm sequence slot
man0u0,110009,Flowers for All,main_scenario,handwritten_event_driver,11000915,15,1,-431,187,101,121,0,MapMarker,1600179,m00013,Visible,@5208/i11000101,point marker review / confirm sequence slot
man0u0,110009,Flowers for All,main_scenario,handwritten_event_driver,11000916,16,1,-431,187,101,121,0,MapMarker,1600179,m00013,Visible,@5208/i11000101,point marker review / confirm sequence slot
man0u0,110009,Flowers for All,main_scenario,handwritten_event_driver,11000917,17,1,-431,187,101,121,0,MapMarker,1600179,m00013,Visible,@5208/i11000101,point marker review / confirm sequence slot
man0u0,110009,Flowers for All,main_scenario,handwritten_event_driver,11000918,18,1,-431,187,101,121,0,MapMarker,1600179,m00013,Visible,@5208/i11000101,point marker review / confirm sequence slot
man0u0,110009,Flowers for All,main_scenario,handwritten_event_driver,11000919,19,1,-431,187,101,121,0,MapMarker,1600179,m00013,Visible,@5208/i11000101,point marker review / confirm sequence slot
man0u0,110009,Flowers for All,main_scenario,handwritten_event_driver,11000920,20,1,-431,187,101,121,0,MapMarker,1600179,m00013,Visible,@5208/i11000101,point marker review / confirm sequence slot
man0u1,110010,Court in the Sands,main_scenario,handwritten_event_driver,11001001,1,1,-73.410004,78.480003,104,421,0,MapMarkerQuest,1500014,m00013,Visible,@5208/i11001001,quest sequence marker review / getSequenceMarkerList
man0u1,110010,Court in the Sands,main_scenario,handwritten_event_driver,11001002,2,1,34.82,-480.480011,104,401,0,MapMarker,4000257,m00013,Visible,,point marker review / confirm sequence slot
man0u1,110010,Court in the Sands,main_scenario,handwritten_event_driver,11001003,3,1,-74.910004,81.139999,104,421,0,MapMarkerQuest,1500014,m00013,Visible,@5208/i11001003,quest sequence marker review / getSequenceMarkerList
man0u1,110010,Court in the Sands,main_scenario,handwritten_event_driver,11001004,4,1,-74.910004,81.139999,104,421,0,MapMarkerQuest,1500014,m00013,Visible,@5208/i11001004,quest sequence marker review / getSequenceMarkerList
man0u1,110010,Court in the Sands,main_scenario,handwritten_event_driver,11001005,5,1,-131.490005,256.970001,104,421,0,MapMarkerQuest,1300001,m00013,Visible,@5208/i11001005,quest sequence marker review / getSequenceMarkerList
man0u1,110010,Court in the Sands,main_scenario,handwritten_event_driver,11001006,6,1,-185.259995,179.740005,104,421,0,MapMarkerQuest,4000257,m00013,Visible,@5208/i11001006,quest sequence marker review / getSequenceMarkerList
man0u1,110010,Court in the Sands,main_scenario,handwritten_event_driver,11001007,7,1,-187.225006,219.729996,104,421,0,MapMarkerQuest,4000257,m00013,Visible,@5208/i11001007,quest sequence marker review / getSequenceMarkerList
man0u1,110010,Court in the Sands,main_scenario,handwritten_event_driver,11001008,8,1,-177.809998,209.919998,104,421,0,MapMarkerQuest,4000257,m00013,Visible,@5208/i11001008,quest sequence marker review / getSequenceMarkerList
man0u1,110010,Court in the Sands,main_scenario,handwritten_event_driver,11001009,9,1,-92.379997,313.429993,104,421,0,MapMarkerQuest,1100016,m00013,Visible,@5208/i11001009,quest sequence marker review / getSequenceMarkerList
man0u1,110010,Court in the Sands,main_scenario,handwritten_event_driver,11001010,10,1,-96.68,313.170013,104,421,0,MapMarkerQuest,1900054,m00013,Visible,@5208/i11001010,quest sequence marker review / getSequenceMarkerList
man0u1,110010,Court in the Sands,main_scenario,handwritten_event_driver,11001011,11,1,-108.410004,326.529999,104,421,0,MapMarkerQuest,4000444,m00013,Visible,@5208/i11001011,quest sequence marker review / getSequenceMarkerList
man0u1,110010,Court in the Sands,main_scenario,handwritten_event_driver,11001012,12,1,-107.480003,324.549988,104,421,0,MapMarkerQuest,4000445,m00013,Visible,@5208/i11001012,quest sequence marker review / getSequenceMarkerList
man0u1,110010,Court in the Sands,main_scenario,handwritten_event_driver,11001013,13,1,-106.239998,318.01001,104,421,0,MapMarkerQuest,1900054,m00013,Visible,@5208/i11001013,quest sequence marker review / getSequenceMarkerList
man0u1,110010,Court in the Sands,main_scenario,handwritten_event_driver,11001014,14,1,-34.540001,-68.879997,104,401,0,MapMarkerQuest,4000257,m00013,Visible,@5208/i11001014,quest sequence marker review / getSequenceMarkerList
man0u1,110010,Court in the Sands,main_scenario,handwritten_event_driver,11001015,15,1,41.09,-479.980011,104,401,0,MapMarkerQuest,1100003,m00013,Visible,@5208/i11001015,quest sequence marker review / getSequenceMarkerList
man0u1,110010,Court in the Sands,main_scenario,handwritten_event_driver,11001016,16,1,50.43,-480.98999,104,401,0,MapMarkerQuest,4000257,m00013,Visible,@5208/i11001016,quest sequence marker review / getSequenceMarkerList
man0u1,110010,Court in the Sands,main_scenario,handwritten_event_driver,11001017,17,1,-91.349998,323.179993,104,421,0,MapMarkerQuest,4000257,m00013,Visible,@5208/i11001017,quest sequence marker review / getSequenceMarkerList
man0u1,110010,Court in the Sands,main_scenario,handwritten_event_driver,11001018,18,1,-211.669998,279.040009,104,421,50,MapMarkerQuest,1200017,m00013,Visible,@5208/i11001018,quest sequence marker review / getSequenceMarkerList
man0u1,110010,Court in the Sands,main_scenario,handwritten_event_driver,11001019,19,1,-216.380005,302.070007,104,421,50,MapMarkerQuest,4000257,m00013,Visible,@5208/i11001019,quest sequence marker review / getSequenceMarkerList
man0u1,110010,Court in the Sands,main_scenario,handwritten_event_driver,11001020,20,1,-146.809998,-179,104,421,0,MapMarkerQuest,4000257,m00013,Visible,@5208/i11001020,quest sequence marker review / getSequenceMarkerList
man0u1,110010,Court in the Sands,main_scenario,handwritten_event_driver,11001021,21,1,-74.910004,81.139999,104,421,0,MapMarkerQuest,1500014,m00013,Visible,@5208/i11001021,quest sequence marker review / getSequenceMarkerList
man0u1,110010,Court in the Sands,main_scenario,handwritten_event_driver,11001022,22,1,34.82,-480.480011,104,401,0,MapMarkerQuest,4000257,m00013,Visible,@5208/i11001022,quest sequence marker review / getSequenceMarkerList
man0u1,110010,Court in the Sands,main_scenario,handwritten_event_driver,11001023,23,1,-431,187,101,121,0,MapMarker,1600179,m00013,Visible,@5208/i11000101,point marker review / confirm sequence slot
man0u1,110010,Court in the Sands,main_scenario,handwritten_event_driver,11001024,24,1,-431,187,101,121,0,MapMarker,1600179,m00013,Visible,@5208/i11000101,point marker review / confirm sequence slot
man0u1,110010,Court in the Sands,main_scenario,handwritten_event_driver,11001025,25,1,-431,187,101,121,0,MapMarker,1600179,m00013,Visible,@5208/i11000101,point marker review / confirm sequence slot
man0u1,110010,Court in the Sands,main_scenario,handwritten_event_driver,11001026,26,1,-431,187,101,121,0,MapMarker,1600179,m00013,Visible,@5208/i11000101,point marker review / confirm sequence slot
man0u1,110010,Court in the Sands,main_scenario,handwritten_event_driver,11001027,27,1,-431,187,101,121,0,MapMarker,1600179,m00013,Visible,@5208/i11000101,point marker review / confirm sequence slot
man0u1,110010,Court in the Sands,main_scenario,handwritten_event_driver,11001028,28,1,-431,187,101,121,0,MapMarker,1600179,m00013,Visible,@5208/i11000101,point marker review / confirm sequence slot
man0u1,110010,Court in the Sands,main_scenario,handwritten_event_driver,11001029,29,1,-431,187,101,121,0,MapMarker,1600179,m00013,Visible,@5208/i11000101,point marker review / confirm sequence slot
man0u1,110010,Court in the Sands,main_scenario,handwritten_event_driver,11001030,30,1,-431,187,101,121,0,MapMarker,1600179,m00013,Visible,@5208/i11000101,point marker review / confirm sequence slot
man1g0,110007,Whispers in the Wood,main_scenario,handwritten_event_driver,11000701,1,1,11.86,-1265.189941,103,321,0,MapMarkerQuest,1900034,m00013,Visible,@5208/i11000701,quest sequence marker review / getSequenceMarkerList
man1g0,110007,Whispers in the Wood,main_scenario,handwritten_event_driver,11000702,2,1,-34.490002,-1271.98999,103,321,0,MapMarkerQuest,4000257,m00013,Visible,@5208/i11000702,quest sequence marker review / getSequenceMarkerList
man1g0,110007,Whispers in the Wood,main_scenario,handwritten_event_driver,11000703,3,1,-31.799999,-1245.540039,103,321,0,MapMarkerQuest,1100019,m00013,Visible,@5208/i11000703,quest sequence marker review / getSequenceMarkerList
man1g0,110007,Whispers in the Wood,main_scenario,handwritten_event_driver,11000704,4,1,-34.490002,-1271.98999,103,321,0,MapMarkerQuest,4000257,m00013,Visible,@5208/i11000704,quest sequence marker review / getSequenceMarkerList
man1g0,110007,Whispers in the Wood,main_scenario,handwritten_event_driver,11000705,5,1,-431,187,103,321,0,MapMarkerQuest,1600179,m00013,Visible,@5208/i11000705,quest sequence marker review / getSequenceMarkerList
man1g0,110007,Whispers in the Wood,main_scenario,handwritten_event_driver,11000706,6,1,-202.910004,-1477.51001,103,321,0,MapMarkerQuest,4000257,m00013,Visible,@5208/i11000706,quest sequence marker review / getSequenceMarkerList
man1g0,110007,Whispers in the Wood,main_scenario,handwritten_event_driver,11000707,7,1,-639.869995,-1086.219971,103,301,0,MapMarkerQuest,4000257,m00013,Visible,@5208/i11000707,quest sequence marker review / getSequenceMarkerList
man1g0,110007,Whispers in the Wood,main_scenario,handwritten_event_driver,11000708,8,1,-634.799988,-1071.209961,103,301,0,MapMarkerQuest,4000257,m00013,Visible,@5208/i11000708,quest sequence marker review / getSequenceMarkerList
man1g0,110007,Whispers in the Wood,main_scenario,handwritten_event_driver,11000709,9,1,-205.679993,-1454.719971,103,321,0,MapMarkerQuest,1600132,m00013,Visible,@5208/i11000709,quest sequence marker review / getSequenceMarkerList
man1g0,110007,Whispers in the Wood,main_scenario,handwritten_event_driver,11000710,10,1,-431,187,103,321,0,MapMarkerQuest,1600179,m00013,Visible,@5208/i11000710,quest sequence marker review / getSequenceMarkerList
man1g0,110007,Whispers in the Wood,main_scenario,handwritten_event_driver,11000711,11,1,232.880005,-1268.939941,103,321,0,MapMarkerQuest,1400007,m00013,Visible,@5208/i11000711,quest sequence marker review / getSequenceMarkerList
man1g0,110007,Whispers in the Wood,main_scenario,handwritten_event_driver,11000712,12,1,236.220001,-1274.569946,103,321,0,MapMarkerQuest,4000257,m00013,Visible,@5208/i11000712,quest sequence marker review / getSequenceMarkerList
man1g0,110007,Whispers in the Wood,main_scenario,handwritten_event_driver,11000713,13,1,55.939999,-1196.439941,103,321,0,MapMarkerQuest,1300018,m00013,Visible,@5208/i11000713,quest sequence marker review / getSequenceMarkerList
man1g0,110007,Whispers in the Wood,main_scenario,handwritten_event_driver,11000714,14,1,-431,187,101,121,0,MapMarker,1600179,m00013,Visible,@5208/i11000101,point marker review / confirm sequence slot
man1g0,110007,Whispers in the Wood,main_scenario,handwritten_event_driver,11000715,15,1,-431,187,101,121,0,MapMarker,1600179,m00013,Visible,@5208/i11000101,point marker review / confirm sequence slot
man1g0,110007,Whispers in the Wood,main_scenario,handwritten_event_driver,11000716,16,1,-431,187,101,121,0,MapMarker,1600179,m00013,Visible,@5208/i11000101,point marker review / confirm sequence slot
man1g0,110007,Whispers in the Wood,main_scenario,handwritten_event_driver,11000717,17,1,-431,187,101,121,0,MapMarker,1600179,m00013,Visible,@5208/i11000101,point marker review / confirm sequence slot
man1g0,110007,Whispers in the Wood,main_scenario,handwritten_event_driver,11000718,18,1,-431,187,101,121,0,MapMarker,1600179,m00013,Visible,@5208/i11000101,point marker review / confirm sequence slot
man1g0,110007,Whispers in the Wood,main_scenario,handwritten_event_driver,11000719,19,1,-431,187,101,121,0,MapMarker,1600179,m00013,Visible,@5208/i11000101,point marker review / confirm sequence slot
man1g0,110007,Whispers in the Wood,main_scenario,handwritten_event_driver,11000720,20,1,-431,187,101,121,0,MapMarker,1600179,m00013,Visible,@5208/i11000101,point marker review / confirm sequence slot
man1l0,110003,Legends Adrift,main_scenario,handwritten_event_driver,11000301,1,1,-466.779999,199.080002,101,121,50,MapMarkerQuest,4000257,m00013,Visible,@5208/i11000301,quest sequence marker review / getSequenceMarkerList
man1l0,110003,Legends Adrift,main_scenario,handwritten_event_driver,11000302,2,1,-428.059998,185.960007,101,121,50,MapMarkerQuest,1000015,m00013,Visible,@5208/i11000302,quest sequence marker review / getSequenceMarkerList
man1l0,110003,Legends Adrift,main_scenario,handwritten_event_driver,11000303,3,1,-752.530029,382.140015,101,121,0,MapMarkerQuest,1600217,m00013,Visible,@5208/i11000303,quest sequence marker review / getSequenceMarkerList
man1l0,110003,Legends Adrift,main_scenario,handwritten_event_driver,11000304,4,1,-763.200012,383.570007,101,121,0,MapMarkerQuest,4000257,m00013,Visible,@5208/i11000304,quest sequence marker review / getSequenceMarkerList
man1l0,110003,Legends Adrift,main_scenario,handwritten_event_driver,11000305,5,1,-761.22998,383.790009,101,121,0,MapMarkerQuest,4000257,m00013,Visible,@5208/i11000305,quest sequence marker review / getSequenceMarkerList
man1l0,110003,Legends Adrift,main_scenario,handwritten_event_driver,11000306,6,1,-624.549988,359,101,121,0,MapMarkerQuest,4000257,m00013,Visible,@5208/i11000306,quest sequence marker review / getSequenceMarkerList
man1l0,110003,Legends Adrift,main_scenario,handwritten_event_driver,11000307,7,1,218.580002,1176.560059,101,101,0,MapMarkerQuest,4000257,m00013,Visible,@5208/i11000307,quest sequence marker review / getSequenceMarkerList
man1l0,110003,Legends Adrift,main_scenario,handwritten_event_driver,11000308,8,1,-790.219971,195.399994,101,121,0,MapMarkerQuest,1900003,m00013,Visible,@5208/i11000308,quest sequence marker review / getSequenceMarkerList
man1l0,110003,Legends Adrift,main_scenario,handwritten_event_driver,11000309,9,1,-767.960022,186.080002,101,121,0,MapMarkerQuest,4000257,m00013,Visible,@5208/i11000309,quest sequence marker review / getSequenceMarkerList
man1l0,110003,Legends Adrift,main_scenario,handwritten_event_driver,11000310,10,1,-784.950012,218.550003,101,121,0,MapMarkerQuest,4000257,m00013,Visible,@5208/i11000310,quest sequence marker review / getSequenceMarkerList
man1l0,110003,Legends Adrift,main_scenario,handwritten_event_driver,11000311,11,1,0,0,101,121,0,MapMarkerQuest,1900006,m00013,Visible,@5208/i11000311,quest sequence marker review / getSequenceMarkerList
man1l0,110003,Legends Adrift,main_scenario,handwritten_event_driver,11000312,12,1,0,0,101,121,0,MapMarkerQuest,1900006,m00013,Visible,@5208/i11000312,quest sequence marker review / getSequenceMarkerList
man1l0,110003,Legends Adrift,main_scenario,handwritten_event_driver,11000313,13,1,0,0,101,121,0,MapMarkerQuest,1900006,m00013,Visible,@5208/i11000313,quest sequence marker review / getSequenceMarkerList
man1l0,110003,Legends Adrift,main_scenario,handwritten_event_driver,11000314,14,1,0,0,101,121,0,MapMarkerQuest,1900006,m00013,Visible,@5208/i11000314,quest sequence marker review / getSequenceMarkerList
man1l0,110003,Legends Adrift,main_scenario,handwritten_event_driver,11000315,15,1,0,0,101,121,0,MapMarkerQuest,1900006,m00013,Visible,@5208/i11000315,quest sequence marker review / getSequenceMarkerList
man1l0,110003,Legends Adrift,main_scenario,handwritten_event_driver,11000316,16,1,0,0,101,121,0,MapMarkerQuest,1900006,m00013,Visible,@5208/i11000316,quest sequence marker review / getSequenceMarkerList
man1l0,110003,Legends Adrift,main_scenario,handwritten_event_driver,11000317,17,1,0,0,101,121,0,MapMarkerQuest,1900006,m00013,Visible,@5208/i11000317,quest sequence marker review / getSequenceMarkerList
man1l0,110003,Legends Adrift,main_scenario,handwritten_event_driver,11000318,18,1,0,0,101,121,0,MapMarkerQuest,1900006,m00013,Visible,@5208/i11000318,quest sequence marker review / getSequenceMarkerList
man1l0,110003,Legends Adrift,main_scenario,handwritten_event_driver,11000319,19,1,0,0,101,121,0,MapMarkerQuest,1900006,m00013,Visible,@5208/i11000319,quest sequence marker review / getSequenceMarkerList
man1l0,110003,Legends Adrift,main_scenario,handwritten_event_driver,11000320,20,1,0,0,101,121,0,MapMarkerQuest,1900006,m00013,Visible,@5208/i11000320,quest sequence marker review / getSequenceMarkerList
man1u0,110011,Golden Sacrifices,main_scenario,handwritten_event_driver,11001101,1,1,-74.910004,81.139999,104,421,0,MapMarkerQuest,1500014,m00013,Visible,@5208/i11001101,quest sequence marker review / getSequenceMarkerList
man1u0,110011,Golden Sacrifices,main_scenario,handwritten_event_driver,11001102,2,1,-184.940002,108.870003,104,421,0,MapMarkerQuest,1400019,m00013,Visible,@5208/i11001102,quest sequence marker review / getSequenceMarkerList
man1u0,110011,Golden Sacrifices,main_scenario,handwritten_event_driver,11001103,3,1,-153.899994,128.149994,104,421,0,MapMarkerQuest,4000257,m00013,Visible,@5208/i11001103,quest sequence marker review / getSequenceMarkerList
man1u0,110011,Golden Sacrifices,main_scenario,handwritten_event_driver,11001104,4,1,-124.190002,-159.5,104,421,0,MapMarkerQuest,1000010,m00013,Visible,@5208/i11001104,quest sequence marker review / getSequenceMarkerList
man1u0,110011,Golden Sacrifices,main_scenario,handwritten_event_driver,11001105,5,1,38.84,257.890015,104,421,0,MapMarkerQuest,1300034,m00013,Visible,@5208/i11001105,quest sequence marker review / getSequenceMarkerList
man1u0,110011,Golden Sacrifices,main_scenario,handwritten_event_driver,11001106,6,1,260.279999,-866.429993,104,401,0,MapMarkerQuest,4000257,m00013,Visible,@5208/i11001106,quest sequence marker review / getSequenceMarkerList
man1u0,110011,Golden Sacrifices,main_scenario,handwritten_event_driver,11001107,7,1,-431,187,104,401,0,MapMarkerQuest,4000257,m00013,Visible,@5208/i11001107,quest sequence marker review / getSequenceMarkerList
man1u0,110011,Golden Sacrifices,main_scenario,handwritten_event_driver,11001108,8,1,317.339996,-894.349976,104,401,0,MapMarkerQuest,1100003,m00013,Visible,@5208/i11001108,quest sequence marker review / getSequenceMarkerList
man1u0,110011,Golden Sacrifices,main_scenario,handwritten_event_driver,11001109,9,1,-292.890015,219.880005,104,421,0,MapMarkerQuest,1500017,m00013,Visible,@5208/i11001109,quest sequence marker review / getSequenceMarkerList
man1u0,110011,Golden Sacrifices,main_scenario,handwritten_event_driver,11001110,10,1,-321.730011,220.830002,104,421,0,MapMarkerQuest,4000257,m00013,Visible,@5208/i11001110,quest sequence marker review / getSequenceMarkerList
man1u0,110011,Golden Sacrifices,main_scenario,handwritten_event_driver,11001111,11,1,-302.440002,218.779999,104,421,0,MapMarkerQuest,1200024,m00013,Visible,@5208/i11001111,quest sequence marker review / getSequenceMarkerList
man1u0,110011,Golden Sacrifices,main_scenario,handwritten_event_driver,11001112,12,1,-321.730011,220.830002,104,421,0,MapMarkerQuest,4000257,m00013,Visible,@5208/i11001112,quest sequence marker review / getSequenceMarkerList
man1u0,110011,Golden Sacrifices,main_scenario,handwritten_event_driver,11001113,13,1,-74.910004,81.139999,104,421,0,MapMarkerQuest,1500014,m00013,Visible,@5208/i11001113,quest sequence marker review / getSequenceMarkerList
man1u0,110011,Golden Sacrifices,main_scenario,handwritten_event_driver,11001114,14,1,-431,187,101,121,0,MapMarker,1600179,m00013,Visible,@5208/i11000101,point marker review / confirm sequence slot
man1u0,110011,Golden Sacrifices,main_scenario,handwritten_event_driver,11001115,15,1,-431,187,101,121,0,MapMarker,1600179,m00013,Visible,@5208/i11000101,point marker review / confirm sequence slot
man1u0,110011,Golden Sacrifices,main_scenario,handwritten_event_driver,11001116,16,1,-431,187,101,121,0,MapMarker,1600179,m00013,Visible,@5208/i11000101,point marker review / confirm sequence slot
man1u0,110011,Golden Sacrifices,main_scenario,handwritten_event_driver,11001117,17,1,-431,187,101,121,0,MapMarker,1600179,m00013,Visible,@5208/i11000101,point marker review / confirm sequence slot
man1u0,110011,Golden Sacrifices,main_scenario,handwritten_event_driver,11001118,18,1,-431,187,101,121,0,MapMarker,1600179,m00013,Visible,@5208/i11000101,point marker review / confirm sequence slot
man1u0,110011,Golden Sacrifices,main_scenario,handwritten_event_driver,11001119,19,1,-431,187,101,121,0,MapMarker,1600179,m00013,Visible,@5208/i11000101,point marker review / confirm sequence slot
man1u0,110011,Golden Sacrifices,main_scenario,handwritten_event_driver,11001120,20,1,-431,187,101,121,0,MapMarker,1600179,m00013,Visible,@5208/i11000101,point marker review / confirm sequence slot
man200,110013,Fade to White,main_scenario,handwritten_event_driver,11001301,1,1,-124.019997,-162.080002,104,421,0,MapMarkerQuest,1100449,m00013,Visible,@5208/i11001301,quest sequence marker review / getSequenceMarkerList
man200,110013,Fade to White,main_scenario,handwritten_event_driver,11001302,2,1,-124.019997,-162.080002,104,421,0,MapMarkerQuest,1100449,m00013,Visible,@5208/i11001302,quest sequence marker review / getSequenceMarkerList
man200,110013,Fade to White,main_scenario,handwritten_event_driver,11001303,3,1,-199.559998,-162.350006,104,421,0,MapMarkerQuest,1500054,m00013,Visible,@5208/i11001303,quest sequence marker review / getSequenceMarkerList
man200,110013,Fade to White,main_scenario,handwritten_event_driver,11001304,4,1,-431,187,104,421,0,MapMarkerQuest,1600179,m00013,Visible,@5208/i11001304,quest sequence marker review / getSequenceMarkerList
man200,110013,Fade to White,main_scenario,handwritten_event_driver,11001305,5,1,-235,50.5,104,421,0,MapMarkerQuest,4000257,m00013,Visible,@5208/i11001305,quest sequence marker review / getSequenceMarkerList
man200,110013,Fade to White,main_scenario,handwritten_event_driver,11001306,6,1,-74.910004,81.139999,104,421,0,MapMarkerQuest,1500014,m00013,Visible,@5208/i11001306,quest sequence marker review / getSequenceMarkerList
man200,110013,Fade to White,main_scenario,handwritten_event_driver,11001307,7,1,-431,187,101,121,0,MapMarker,1600179,m00013,Visible,@5208/i11000101,point marker review / confirm sequence slot
man200,110013,Fade to White,main_scenario,handwritten_event_driver,11001308,8,1,-431,187,101,121,0,MapMarker,1600179,m00013,Visible,@5208/i11000101,point marker review / confirm sequence slot
man200,110013,Fade to White,main_scenario,handwritten_event_driver,11001309,9,1,-431,187,101,121,0,MapMarker,1600179,m00013,Visible,@5208/i11000101,point marker review / confirm sequence slot
man200,110013,Fade to White,main_scenario,handwritten_event_driver,11001310,10,1,-431,187,101,121,0,MapMarker,1600179,m00013,Visible,@5208/i11000101,point marker review / confirm sequence slot
man200,110013,Fade to White,main_scenario,handwritten_event_driver,11001311,11,1,-431,187,101,121,0,MapMarker,1600179,m00013,Visible,@5208/i11000101,point marker review / confirm sequence slot
man200,110013,Fade to White,main_scenario,handwritten_event_driver,11001312,12,1,-431,187,101,121,0,MapMarker,1600179,m00013,Visible,@5208/i11000101,point marker review / confirm sequence slot
man200,110013,Fade to White,main_scenario,handwritten_event_driver,11001313,13,1,-431,187,101,121,0,MapMarker,1600179,m00013,Visible,@5208/i11000101,point marker review / confirm sequence slot
man200,110013,Fade to White,main_scenario,handwritten_event_driver,11001314,14,1,-431,187,101,121,0,MapMarker,1600179,m00013,Visible,@5208/i11000101,point marker review / confirm sequence slot
man200,110013,Fade to White,main_scenario,handwritten_event_driver,11001315,15,1,-431,187,101,121,0,MapMarker,1600179,m00013,Visible,@5208/i11000101,point marker review / confirm sequence slot
man200,110013,Fade to White,main_scenario,handwritten_event_driver,11001316,16,1,-431,187,101,121,0,MapMarker,1600179,m00013,Visible,@5208/i11000101,point marker review / confirm sequence slot
man200,110013,Fade to White,main_scenario,handwritten_event_driver,11001317,17,1,-431,187,101,121,0,MapMarker,1600179,m00013,Visible,@5208/i11000101,point marker review / confirm sequence slot
man200,110013,Fade to White,main_scenario,handwritten_event_driver,11001318,18,1,-431,187,101,121,0,MapMarker,1600179,m00013,Visible,@5208/i11000101,point marker review / confirm sequence slot
man200,110013,Fade to White,main_scenario,handwritten_event_driver,11001319,19,1,-431,187,101,121,0,MapMarker,1600179,m00013,Visible,@5208/i11000101,point marker review / confirm sequence slot
man200,110013,Fade to White,main_scenario,handwritten_event_driver,11001320,20,1,-431,187,101,121,0,MapMarker,1600179,m00013,Visible,@5208/i11000101,point marker review / confirm sequence slot
man206,110014,Together We Stand,main_scenario,handwritten_event_driver,11001401,1,1,-431,187,101,121,0,MapMarker,1600179,m00013,Visible,@5208/i11000101,point marker review / confirm sequence slot
man206,110014,Together We Stand,main_scenario,handwritten_event_driver,11001402,2,1,-110.959999,-1342.48999,103,321,0,MapMarkerQuest,4000257,m00013,Visible,@5208/i11001402,quest sequence marker review / getSequenceMarkerList
man206,110014,Together We Stand,main_scenario,handwritten_event_driver,11001403,3,1,1700.48999,-868.109985,103,302,0,MapMarkerQuest,4000257,m00013,Visible,@5208/i11001403,quest sequence marker review / getSequenceMarkerList
man206,110014,Together We Stand,main_scenario,handwritten_event_driver,11001404,4,1,1927.119995,-1051.810059,103,302,0,MapMarkerQuest,4000257,m00013,Visible,@5208/i11001404,quest sequence marker review / getSequenceMarkerList
man206,110014,Together We Stand,main_scenario,handwritten_event_driver,11001405,5,1,2239.620117,-1699.02002,103,302,0,MapMarkerQuest,4000257,m00013,Visible,@5208/i11001405,quest sequence marker review / getSequenceMarkerList
man206,110014,Together We Stand,main_scenario,handwritten_event_driver,11001406,6,1,1980.939941,-1067.97998,103,302,0,MapMarkerQuest,2450020,m00013,Visible,@5208/i11001406,quest sequence marker review / getSequenceMarkerList
man206,110014,Together We Stand,main_scenario,handwritten_event_driver,11001407,7,1,-235,50.5,104,421,0,MapMarkerQuest,4000257,m00013,Visible,@5208/i11001407,quest sequence marker review / getSequenceMarkerList
man206,110014,Together We Stand,main_scenario,handwritten_event_driver,11001408,8,1,-431,187,101,121,0,MapMarker,1600179,m00013,Visible,@5208/i11000101,point marker review / confirm sequence slot
man206,110014,Together We Stand,main_scenario,handwritten_event_driver,11001409,9,1,-431,187,101,121,0,MapMarker,1600179,m00013,Visible,@5208/i11000101,point marker review / confirm sequence slot
man206,110014,Together We Stand,main_scenario,handwritten_event_driver,11001410,10,1,-431,187,101,121,0,MapMarker,1600179,m00013,Visible,@5208/i11000101,point marker review / confirm sequence slot
man206,110014,Together We Stand,main_scenario,handwritten_event_driver,11001411,11,1,-431,187,101,121,0,MapMarker,1600179,m00013,Visible,@5208/i11000101,point marker review / confirm sequence slot
man206,110014,Together We Stand,main_scenario,handwritten_event_driver,11001412,12,1,-431,187,101,121,0,MapMarker,1600179,m00013,Visible,@5208/i11000101,point marker review / confirm sequence slot
man206,110014,Together We Stand,main_scenario,handwritten_event_driver,11001413,13,1,-431,187,101,121,0,MapMarker,1600179,m00013,Visible,@5208/i11000101,point marker review / confirm sequence slot
man206,110014,Together We Stand,main_scenario,handwritten_event_driver,11001414,14,1,-431,187,101,121,0,MapMarker,1600179,m00013,Visible,@5208/i11000101,point marker review / confirm sequence slot
man206,110014,Together We Stand,main_scenario,handwritten_event_driver,11001415,15,1,-431,187,101,121,0,MapMarker,1600179,m00013,Visible,@5208/i11000101,point marker review / confirm sequence slot
man206,110014,Together We Stand,main_scenario,handwritten_event_driver,11001416,16,1,-431,187,101,121,0,MapMarker,1600179,m00013,Visible,@5208/i11000101,point marker review / confirm sequence slot
man206,110014,Together We Stand,main_scenario,handwritten_event_driver,11001417,17,1,-431,187,101,121,0,MapMarker,1600179,m00013,Visible,@5208/i11000101,point marker review / confirm sequence slot
man206,110014,Together We Stand,main_scenario,handwritten_event_driver,11001418,18,1,-431,187,101,121,0,MapMarker,1600179,m00013,Visible,@5208/i11000101,point marker review / confirm sequence slot
man206,110014,Together We Stand,main_scenario,handwritten_event_driver,11001419,19,1,-431,187,101,121,0,MapMarker,1600179,m00013,Visible,@5208/i11000101,point marker review / confirm sequence slot
man206,110014,Together We Stand,main_scenario,handwritten_event_driver,11001420,20,1,-431,187,101,121,0,MapMarker,1600179,m00013,Visible,@5208/i11000101,point marker review / confirm sequence slot
man2g0,110008,Beckon of the Elementals,main_scenario,handwritten_event_driver,11000801,1,1,232.880005,-1268.939941,103,321,0,MapMarkerQuest,1400007,m00013,Visible,@5208/i11000801,quest sequence marker review / getSequenceMarkerList
man2g0,110008,Beckon of the Elementals,main_scenario,handwritten_event_driver,11000802,2,1,228.5,-1246.819946,103,321,0,MapMarkerQuest,2000010,m00013,Visible,@5208/i11000802,quest sequence marker review / getSequenceMarkerList
man2g0,110008,Beckon of the Elementals,main_scenario,handwritten_event_driver,11000803,3,1,11.86,-1265.189941,103,321,0,MapMarkerQuest,1900034,m00013,Visible,@5208/i11000803,quest sequence marker review / getSequenceMarkerList
man2g0,110008,Beckon of the Elementals,main_scenario,handwritten_event_driver,11000804,4,1,-330.829987,-1682.790039,103,321,0,MapMarkerQuest,1300064,m00013,Visible,@5208/i11000804,quest sequence marker review / getSequenceMarkerList
man2g0,110008,Beckon of the Elementals,main_scenario,handwritten_event_driver,11000805,5,1,-342.600006,-1686.51001,103,321,0,MapMarkerQuest,4000257,m00013,Visible,@5208/i11000805,quest sequence marker review / getSequenceMarkerList
man2g0,110008,Beckon of the Elementals,main_scenario,handwritten_event_driver,11000806,6,1,-285,-1660.630005,103,321,0,MapMarkerQuest,1100019,m00013,Visible,@5208/i11000806,quest sequence marker review / getSequenceMarkerList
man2g0,110008,Beckon of the Elementals,main_scenario,handwritten_event_driver,11000807,7,1,-352.209991,-1696.619995,103,321,0,MapMarkerQuest,2000010,m00013,Visible,@5208/i11000807,quest sequence marker review / getSequenceMarkerList
man2g0,110008,Beckon of the Elementals,main_scenario,handwritten_event_driver,11000808,8,1,-70.849998,-1577.219971,103,321,0,MapMarkerQuest,4000257,m00013,Visible,@5208/i11000808,quest sequence marker review / getSequenceMarkerList
man2g0,110008,Beckon of the Elementals,main_scenario,handwritten_event_driver,11000809,9,1,-93.790001,-1615.829956,103,321,0,MapMarkerQuest,1100019,m00013,Visible,@5208/i11000809,quest sequence marker review / getSequenceMarkerList
man2g0,110008,Beckon of the Elementals,main_scenario,handwritten_event_driver,11000810,10,1,-1998.22998,-923.01001,103,301,0,MapMarkerQuest,4000257,m00013,Visible,@5208/i11000810,quest sequence marker review / getSequenceMarkerList
man2g0,110008,Beckon of the Elementals,main_scenario,handwritten_event_driver,11000811,11,1,-431,187,101,121,0,MapMarker,1600179,m00013,Visible,@5208/i11000101,point marker review / confirm sequence slot
man2g0,110008,Beckon of the Elementals,main_scenario,handwritten_event_driver,11000812,12,1,-431,187,101,121,0,MapMarker,1600179,m00013,Visible,@5208/i11000101,point marker review / confirm sequence slot
man2g0,110008,Beckon of the Elementals,main_scenario,handwritten_event_driver,11000813,13,1,-431,187,101,121,0,MapMarker,1600179,m00013,Visible,@5208/i11000101,point marker review / confirm sequence slot
man2g0,110008,Beckon of the Elementals,main_scenario,handwritten_event_driver,11000814,14,1,-431,187,101,121,0,MapMarker,1600179,m00013,Visible,@5208/i11000101,point marker review / confirm sequence slot
man2g0,110008,Beckon of the Elementals,main_scenario,handwritten_event_driver,11000815,15,1,-431,187,101,121,0,MapMarker,1600179,m00013,Visible,@5208/i11000101,point marker review / confirm sequence slot
man2g0,110008,Beckon of the Elementals,main_scenario,handwritten_event_driver,11000816,16,1,-431,187,101,121,0,MapMarker,1600179,m00013,Visible,@5208/i11000101,point marker review / confirm sequence slot
man2g0,110008,Beckon of the Elementals,main_scenario,handwritten_event_driver,11000817,17,1,-431,187,101,121,0,MapMarker,1600179,m00013,Visible,@5208/i11000101,point marker review / confirm sequence slot
man2g0,110008,Beckon of the Elementals,main_scenario,handwritten_event_driver,11000818,18,1,-431,187,101,121,0,MapMarker,1600179,m00013,Visible,@5208/i11000101,point marker review / confirm sequence slot
man2g0,110008,Beckon of the Elementals,main_scenario,handwritten_event_driver,11000819,19,1,-431,187,101,121,0,MapMarker,1600179,m00013,Visible,@5208/i11000101,point marker review / confirm sequence slot
man2g0,110008,Beckon of the Elementals,main_scenario,handwritten_event_driver,11000820,20,1,-431,187,101,121,0,MapMarker,1600179,m00013,Visible,@5208/i11000101,point marker review / confirm sequence slot
man2l0,110004,Never the Twain Shall Meet,main_scenario,handwritten_event_driver,11000401,1,1,-639.099976,409.380005,101,121,0,MapMarkerQuest,1000017,m00013,Visible,@5208/i11000401,quest sequence marker review / getSequenceMarkerList
man2l0,110004,Never the Twain Shall Meet,main_scenario,handwritten_event_driver,11000402,2,1,1821.449951,1816.918945,112,1102,0,MapMarkerQuest,4000257,m00013,Visible,@5208/i11000402,quest sequence marker review / getSequenceMarkerList
man2l0,110004,Never the Twain Shall Meet,main_scenario,handwritten_event_driver,11000403,3,1,1824.199951,1825.51001,112,1102,0,MapMarkerQuest,4000257,m00013,Visible,@5208/i11000403,quest sequence marker review / getSequenceMarkerList
man2l0,110004,Never the Twain Shall Meet,main_scenario,handwritten_event_driver,11000404,4,1,218.580002,1176.560059,101,101,0,MapMarkerQuest,4000257,m00013,Visible,@5208/i11000404,quest sequence marker review / getSequenceMarkerList
man2l0,110004,Never the Twain Shall Meet,main_scenario,handwritten_event_driver,11000405,5,1,-598.369995,-50.279999,101,121,50,MapMarkerQuest,4000257,m00013,Visible,@5208/i11000405,quest sequence marker review / getSequenceMarkerList
man2l0,110004,Never the Twain Shall Meet,main_scenario,handwritten_event_driver,11000406,6,1,-611,-56,101,121,50,MapMarkerQuest,1200100,m00013,Visible,@5208/i11000406,quest sequence marker review / getSequenceMarkerList
man2l0,110004,Never the Twain Shall Meet,main_scenario,handwritten_event_driver,11000407,7,1,131.759995,1183.920044,101,101,0,MapMarkerQuest,4000257,m00013,Visible,@5208/i11000407,quest sequence marker review / getSequenceMarkerList
man2l0,110004,Never the Twain Shall Meet,main_scenario,handwritten_event_driver,11000408,8,1,221.009995,1177.619995,101,101,0,MapMarkerQuest,4000257,m00013,Visible,@5208/i11000408,quest sequence marker review / getSequenceMarkerList
man2l0,110004,Never the Twain Shall Meet,main_scenario,handwritten_event_driver,11000409,9,1,-428.059998,185.960007,101,121,50,MapMarkerQuest,1000015,m00013,Visible,@5208/i11000409,quest sequence marker review / getSequenceMarkerList
man2l0,110004,Never the Twain Shall Meet,main_scenario,handwritten_event_driver,11000410,10,1,-431,187,101,121,0,MapMarker,1600179,m00013,Visible,@5208/i11000101,point marker review / confirm sequence slot
man2l0,110004,Never the Twain Shall Meet,main_scenario,handwritten_event_driver,11000411,11,1,-431,187,101,121,0,MapMarker,1600179,m00013,Visible,@5208/i11000101,point marker review / confirm sequence slot
man2l0,110004,Never the Twain Shall Meet,main_scenario,handwritten_event_driver,11000412,12,1,-431,187,101,121,0,MapMarker,1600179,m00013,Visible,@5208/i11000101,point marker review / confirm sequence slot
man2l0,110004,Never the Twain Shall Meet,main_scenario,handwritten_event_driver,11000413,13,1,-431,187,101,121,0,MapMarker,1600179,m00013,Visible,@5208/i11000101,point marker review / confirm sequence slot
man2l0,110004,Never the Twain Shall Meet,main_scenario,handwritten_event_driver,11000414,14,1,-431,187,101,121,0,MapMarker,1600179,m00013,Visible,@5208/i11000101,point marker review / confirm sequence slot
man2l0,110004,Never the Twain Shall Meet,main_scenario,handwritten_event_driver,11000415,15,1,-431,187,101,121,0,MapMarker,1600179,m00013,Visible,@5208/i11000101,point marker review / confirm sequence slot
man2l0,110004,Never the Twain Shall Meet,main_scenario,handwritten_event_driver,11000416,16,1,-431,187,101,121,0,MapMarker,1600179,m00013,Visible,@5208/i11000101,point marker review / confirm sequence slot
man2l0,110004,Never the Twain Shall Meet,main_scenario,handwritten_event_driver,11000417,17,1,-431,187,101,121,0,MapMarker,1600179,m00013,Visible,@5208/i11000101,point marker review / confirm sequence slot
man2l0,110004,Never the Twain Shall Meet,main_scenario,handwritten_event_driver,11000418,18,1,-431,187,101,121,0,MapMarker,1600179,m00013,Visible,@5208/i11000101,point marker review / confirm sequence slot
man2l0,110004,Never the Twain Shall Meet,main_scenario,handwritten_event_driver,11000419,19,1,-431,187,101,121,0,MapMarker,1600179,m00013,Visible,@5208/i11000101,point marker review / confirm sequence slot
man2l0,110004,Never the Twain Shall Meet,main_scenario,handwritten_event_driver,11000420,20,1,-431,187,101,121,0,MapMarker,1600179,m00013,Visible,@5208/i11000101,point marker review / confirm sequence slot
man2u0,110012,Calamity Cometh,main_scenario,handwritten_event_driver,11001201,1,1,-36.990002,15.9,104,421,0,MapMarkerQuest,1400060,m00013,Visible,@5208/i11001201,quest sequence marker review / getSequenceMarkerList
man2u0,110012,Calamity Cometh,main_scenario,handwritten_event_driver,11001202,2,1,-216.380005,302.070007,104,421,50,MapMarkerQuest,4000257,m00013,Visible,@5208/i11001202,quest sequence marker review / getSequenceMarkerList
man2u0,110012,Calamity Cometh,main_scenario,handwritten_event_driver,11001203,3,1,-146.809998,-179,104,421,0,MapMarkerQuest,4000257,m00013,Visible,@5208/i11001203,quest sequence marker review / getSequenceMarkerList
man2u0,110012,Calamity Cometh,main_scenario,handwritten_event_driver,11001204,4,1,-160,-160,104,421,0,MapMarkerQuest,4000257,m00013,Visible,@5208/i11001204,quest sequence marker review / getSequenceMarkerList
man2u0,110012,Calamity Cometh,main_scenario,handwritten_event_driver,11001205,5,1,31.780001,-474.350006,104,401,0,MapMarkerQuest,4000257,m00013,Visible,@5208/i11001205,quest sequence marker review / getSequenceMarkerList
man2u0,110012,Calamity Cometh,main_scenario,handwritten_event_driver,11001206,6,1,-250.380005,202.399994,104,421,0,MapMarkerQuest,4000257,m00013,Visible,@5208/i11001206,quest sequence marker review / getSequenceMarkerList
man2u0,110012,Calamity Cometh,main_scenario,handwritten_event_driver,11001207,7,1,-242.600006,223.699997,104,421,0,MapMarkerQuest,4000257,m00013,Visible,@5208/i11001207,quest sequence marker review / getSequenceMarkerList
man2u0,110012,Calamity Cometh,main_scenario,handwritten_event_driver,11001208,8,1,-431,187,101,121,0,MapMarker,1600179,m00013,Visible,@5208/i11000101,point marker review / confirm sequence slot
man2u0,110012,Calamity Cometh,main_scenario,handwritten_event_driver,11001209,9,1,-431,187,101,121,0,MapMarker,1600179,m00013,Visible,@5208/i11000101,point marker review / confirm sequence slot
man2u0,110012,Calamity Cometh,main_scenario,handwritten_event_driver,11001210,10,1,-431,187,101,121,0,MapMarker,1600179,m00013,Visible,@5208/i11000101,point marker review / confirm sequence slot
man2u0,110012,Calamity Cometh,main_scenario,handwritten_event_driver,11001211,11,1,-431,187,101,121,0,MapMarker,1600179,m00013,Visible,@5208/i11000101,point marker review / confirm sequence slot
man2u0,110012,Calamity Cometh,main_scenario,handwritten_event_driver,11001212,12,1,-431,187,101,121,0,MapMarker,1600179,m00013,Visible,@5208/i11000101,point marker review / confirm sequence slot
man2u0,110012,Calamity Cometh,main_scenario,handwritten_event_driver,11001213,13,1,-431,187,101,121,0,MapMarker,1600179,m00013,Visible,@5208/i11000101,point marker review / confirm sequence slot
man2u0,110012,Calamity Cometh,main_scenario,handwritten_event_driver,11001214,14,1,-431,187,101,121,0,MapMarker,1600179,m00013,Visible,@5208/i11000101,point marker review / confirm sequence slot
man2u0,110012,Calamity Cometh,main_scenario,handwritten_event_driver,11001215,15,1,-431,187,101,121,0,MapMarker,1600179,m00013,Visible,@5208/i11000101,point marker review / confirm sequence slot
man2u0,110012,Calamity Cometh,main_scenario,handwritten_event_driver,11001216,16,1,-431,187,101,121,0,MapMarker,1600179,m00013,Visible,@5208/i11000101,point marker review / confirm sequence slot
man2u0,110012,Calamity Cometh,main_scenario,handwritten_event_driver,11001217,17,1,-431,187,101,121,0,MapMarker,1600179,m00013,Visible,@5208/i11000101,point marker review / confirm sequence slot
man2u0,110012,Calamity Cometh,main_scenario,handwritten_event_driver,11001218,18,1,-431,187,101,121,0,MapMarker,1600179,m00013,Visible,@5208/i11000101,point marker review / confirm sequence slot
man2u0,110012,Calamity Cometh,main_scenario,handwritten_event_driver,11001219,19,1,-431,187,101,121,0,MapMarker,1600179,m00013,Visible,@5208/i11000101,point marker review / confirm sequence slot
man2u0,110012,Calamity Cometh,main_scenario,handwritten_event_driver,11001220,20,1,-431,187,101,121,0,MapMarker,1600179,m00013,Visible,@5208/i11000101,point marker review / confirm sequence slot
man300,110015,Toll of the Warden,main_scenario,handwritten_event_driver,11001501,1,1,-192.570007,-1407.579956,103,321,0,MapMarkerQuest,4000257,m00013,Visible,@5208/i11001501,quest sequence marker review / getSequenceMarkerList
man300,110015,Toll of the Warden,main_scenario,handwritten_event_driver,11001502,2,1,-199.889999,-162.059998,103,321,0,MapMarkerQuest,1000392,m00013,Visible,@5208/i11001502,quest sequence marker review / getSequenceMarkerList
man300,110015,Toll of the Warden,main_scenario,handwritten_event_driver,11001503,3,1,1241.420044,-548.820007,104,402,0,MapMarkerQuest,4000257,m00013,Visible,@5208/i11001503,quest sequence marker review / getSequenceMarkerList
man300,110015,Toll of the Warden,main_scenario,handwritten_event_driver,11001504,4,1,-431,187,104,402,0,MapMarkerQuest,1600179,m00013,Visible,@5208/i11001504,quest sequence marker review / getSequenceMarkerList
man300,110015,Toll of the Warden,main_scenario,handwritten_event_driver,11001505,5,1,1055.170044,-283.769989,104,402,0,MapMarkerQuest,4000257,m00013,Visible,@5208/i11001505,quest sequence marker review / getSequenceMarkerList
man300,110015,Toll of the Warden,main_scenario,handwritten_event_driver,11001506,6,1,1034.829956,-269.040009,104,402,0,MapMarkerQuest,1400008,m00013,Visible,@5208/i11001506,quest sequence marker review / getSequenceMarkerList
man300,110015,Toll of the Warden,main_scenario,handwritten_event_driver,11001507,7,1,-199.889999,-162.059998,103,321,0,MapMarkerQuest,1000392,m00013,Visible,@5208/i11001507,quest sequence marker review / getSequenceMarkerList
man300,110015,Toll of the Warden,main_scenario,handwritten_event_driver,11001508,8,1,-431,187,101,121,0,MapMarker,1600179,m00013,Visible,@5208/i11000101,point marker review / confirm sequence slot
man300,110015,Toll of the Warden,main_scenario,handwritten_event_driver,11001509,9,1,-431,187,101,121,0,MapMarker,1600179,m00013,Visible,@5208/i11000101,point marker review / confirm sequence slot
man300,110015,Toll of the Warden,main_scenario,handwritten_event_driver,11001510,10,1,-431,187,101,121,0,MapMarker,1600179,m00013,Visible,@5208/i11000101,point marker review / confirm sequence slot
man300,110015,Toll of the Warden,main_scenario,handwritten_event_driver,11001511,11,1,-431,187,101,121,0,MapMarker,1600179,m00013,Visible,@5208/i11000101,point marker review / confirm sequence slot
man300,110015,Toll of the Warden,main_scenario,handwritten_event_driver,11001512,12,1,-431,187,101,121,0,MapMarker,1600179,m00013,Visible,@5208/i11000101,point marker review / confirm sequence slot
man300,110015,Toll of the Warden,main_scenario,handwritten_event_driver,11001513,13,1,-431,187,101,121,0,MapMarker,1600179,m00013,Visible,@5208/i11000101,point marker review / confirm sequence slot
man300,110015,Toll of the Warden,main_scenario,handwritten_event_driver,11001514,14,1,-431,187,101,121,0,MapMarker,1600179,m00013,Visible,@5208/i11000101,point marker review / confirm sequence slot
man300,110015,Toll of the Warden,main_scenario,handwritten_event_driver,11001515,15,1,-431,187,101,121,0,MapMarker,1600179,m00013,Visible,@5208/i11000101,point marker review / confirm sequence slot
man300,110015,Toll of the Warden,main_scenario,handwritten_event_driver,11001516,16,1,-431,187,101,121,0,MapMarker,1600179,m00013,Visible,@5208/i11000101,point marker review / confirm sequence slot
man300,110015,Toll of the Warden,main_scenario,handwritten_event_driver,11001517,17,1,-431,187,101,121,0,MapMarker,1600179,m00013,Visible,@5208/i11000101,point marker review / confirm sequence slot
man300,110015,Toll of the Warden,main_scenario,handwritten_event_driver,11001518,18,1,-431,187,101,121,0,MapMarker,1600179,m00013,Visible,@5208/i11000101,point marker review / confirm sequence slot
man300,110015,Toll of the Warden,main_scenario,handwritten_event_driver,11001519,19,1,-431,187,101,121,0,MapMarker,1600179,m00013,Visible,@5208/i11000101,point marker review / confirm sequence slot
man300,110015,Toll of the Warden,main_scenario,handwritten_event_driver,11001520,20,1,-431,187,101,121,0,MapMarker,1600179,m00013,Visible,@5208/i11000101,point marker review / confirm sequence slot
man304,110016,Forever Taken,main_scenario,scaffold,11001601,1,1,-193,-1408,103,321,0,MapMarkerQuest,4000257,m00013,Visible,@5208/i11001601,quest sequence marker review / getSequenceMarkerList
man304,110016,Forever Taken,main_scenario,scaffold,11001602,2,1,-431,187,101,121,0,MapMarker,1600179,m00013,Visible,@5208/i11001602,point marker review / confirm sequence slot
man304,110016,Forever Taken,main_scenario,scaffold,11001603,3,1,-199.889999,-162.059998,103,321,0,MapMarkerQuest,1000392,m00013,Visible,@5208/i11001603,quest sequence marker review / getSequenceMarkerList
man304,110016,Forever Taken,main_scenario,scaffold,11001604,4,1,-431,187,101,121,0,MapMarker,1600179,m00013,Visible,@5208/i11001604,point marker review / confirm sequence slot
man304,110016,Forever Taken,main_scenario,scaffold,11001605,5,1,-235,51,104,421,0,MapMarkerQuest,4000257,m00013,Visible,@5208/i11001605,quest sequence marker review / getSequenceMarkerList
man304,110016,Forever Taken,main_scenario,scaffold,11001606,6,1,-193.460007,-177.309998,104,421,0,MapMarkerQuest,4000257,m00013,Visible,@5208/i11001606,quest sequence marker review / getSequenceMarkerList
man304,110016,Forever Taken,main_scenario,scaffold,11001607,7,1,752.119995,-374.220001,105,501,0,MapMarkerQuest,4000257,m00013,Visible,@5208/i11001903,quest sequence marker review / getSequenceMarkerList
man304,110016,Forever Taken,main_scenario,scaffold,11001608,8,1,723.299988,-381.079987,105,501,0,MapMarkerQuest,4000257,m00013,Visible,@5208/i11001903,quest sequence marker review / getSequenceMarkerList
man304,110016,Forever Taken,main_scenario,scaffold,11001609,9,1,744.460022,-307.339996,105,501,0,MapMarkerQuest,4000257,m00013,Visible,@5208/i11001903,quest sequence marker review / getSequenceMarkerList
man304,110016,Forever Taken,main_scenario,scaffold,11001610,10,1,799.599976,-214.429993,105,501,0,MapMarkerQuest,4000257,m00013,Visible,@5208/i11001903,quest sequence marker review / getSequenceMarkerList
man304,110016,Forever Taken,main_scenario,scaffold,11001611,11,1,864.530029,-298.029999,105,501,0,MapMarkerQuest,4000257,m00013,Visible,@5208/i11001903,quest sequence marker review / getSequenceMarkerList
man304,110016,Forever Taken,main_scenario,scaffold,11001612,12,1,-431,187,101,121,0,MapMarker,1600179,m00013,Visible,@5208/i11000101,point marker review / confirm sequence slot
man304,110016,Forever Taken,main_scenario,scaffold,11001613,13,1,-431,187,101,121,0,MapMarker,1600179,m00013,Visible,@5208/i11000101,point marker review / confirm sequence slot
man304,110016,Forever Taken,main_scenario,scaffold,11001614,14,1,-431,187,101,121,0,MapMarker,1600179,m00013,Visible,@5208/i11000101,point marker review / confirm sequence slot
man304,110016,Forever Taken,main_scenario,scaffold,11001615,15,1,-431,187,101,121,0,MapMarker,1600179,m00013,Visible,@5208/i11000101,point marker review / confirm sequence slot
man304,110016,Forever Taken,main_scenario,scaffold,11001616,16,1,-431,187,101,121,0,MapMarker,1600179,m00013,Visible,@5208/i11000101,point marker review / confirm sequence slot
man304,110016,Forever Taken,main_scenario,scaffold,11001617,17,1,-431,187,101,121,0,MapMarker,1600179,m00013,Visible,@5208/i11000101,point marker review / confirm sequence slot
man304,110016,Forever Taken,main_scenario,scaffold,11001618,18,1,-431,187,101,121,0,MapMarker,1600179,m00013,Visible,@5208/i11000101,point marker review / confirm sequence slot
man304,110016,Forever Taken,main_scenario,scaffold,11001619,19,1,-431,187,101,121,0,MapMarker,1600179,m00013,Visible,@5208/i11000101,point marker review / confirm sequence slot
man304,110016,Forever Taken,main_scenario,scaffold,11001620,20,1,-431,187,101,121,0,MapMarker,1600179,m00013,Visible,@5208/i11000101,point marker review / confirm sequence slot
man308,110017,Lord Errant,main_scenario,scaffold,11001701,1,1,1239,746,104,405,0,MapMarkerQuest,4000257,m00013,Visible,@5208/i11001701,quest sequence marker review / getSequenceMarkerList
man308,110017,Lord Errant,main_scenario,scaffold,11001702,2,1,1140.660034,831.789978,104,405,0,MapMarkerQuest,4000257,m00013,Visible,@5208/i11001702,quest sequence marker review / getSequenceMarkerList
man308,110017,Lord Errant,main_scenario,scaffold,11001703,3,1,-431,187,101,121,0,MapMarker,1600179,m00013,Visible,@5208/i11001703,point marker review / confirm sequence slot
man308,110017,Lord Errant,main_scenario,scaffold,11001704,4,1,-235,51,104,421,0,MapMarkerQuest,4000257,m00013,Visible,@5208/i11001704,quest sequence marker review / getSequenceMarkerList
man308,110017,Lord Errant,main_scenario,scaffold,11001705,5,1,991.840027,962.52002,104,405,0,MapMarkerQuest,4000257,m00013,Visible,@5208/i11001705,quest sequence marker review / getSequenceMarkerList
man308,110017,Lord Errant,main_scenario,scaffold,11001706,6,1,1001.880005,982,104,405,0,MapMarkerQuest,4000550,m00013,Visible,@5208/i11001706,quest sequence marker review / getSequenceMarkerList
man308,110017,Lord Errant,main_scenario,scaffold,11001707,7,1,1004.169983,982.159973,104,405,0,MapMarkerQuest,4000551,m00013,Visible,@5208/i11001707,quest sequence marker review / getSequenceMarkerList
man308,110017,Lord Errant,main_scenario,scaffold,11001708,8,1,992.23999,979.309998,104,405,0,MapMarkerQuest,4000257,m00013,Visible,@5208/i11001708,quest sequence marker review / getSequenceMarkerList
man308,110017,Lord Errant,main_scenario,scaffold,11001709,9,1,-431,187,101,121,0,MapMarker,1600179,m00013,Visible,@5208/i11000101,point marker review / confirm sequence slot
man308,110017,Lord Errant,main_scenario,scaffold,11001710,10,1,-431,187,101,121,0,MapMarker,1600179,m00013,Visible,@5208/i11000101,point marker review / confirm sequence slot
man308,110017,Lord Errant,main_scenario,scaffold,11001711,11,1,-431,187,101,121,0,MapMarker,1600179,m00013,Visible,@5208/i11000101,point marker review / confirm sequence slot
man308,110017,Lord Errant,main_scenario,scaffold,11001712,12,1,-431,187,101,121,0,MapMarker,1600179,m00013,Visible,@5208/i11000101,point marker review / confirm sequence slot
man308,110017,Lord Errant,main_scenario,scaffold,11001713,13,1,-431,187,101,121,0,MapMarker,1600179,m00013,Visible,@5208/i11000101,point marker review / confirm sequence slot
man308,110017,Lord Errant,main_scenario,scaffold,11001714,14,1,-431,187,101,121,0,MapMarker,1600179,m00013,Visible,@5208/i11000101,point marker review / confirm sequence slot
man308,110017,Lord Errant,main_scenario,scaffold,11001715,15,1,-431,187,101,121,0,MapMarker,1600179,m00013,Visible,@5208/i11000101,point marker review / confirm sequence slot
man308,110017,Lord Errant,main_scenario,scaffold,11001716,16,1,-431,187,101,121,0,MapMarker,1600179,m00013,Visible,@5208/i11000101,point marker review / confirm sequence slot
man308,110017,Lord Errant,main_scenario,scaffold,11001717,17,1,-431,187,101,121,0,MapMarker,1600179,m00013,Visible,@5208/i11000101,point marker review / confirm sequence slot
man308,110017,Lord Errant,main_scenario,scaffold,11001718,18,1,-431,187,101,121,0,MapMarker,1600179,m00013,Visible,@5208/i11000101,point marker review / confirm sequence slot
man308,110017,Lord Errant,main_scenario,scaffold,11001719,19,1,-431,187,101,121,0,MapMarker,1600179,m00013,Visible,@5208/i11000101,point marker review / confirm sequence slot
man308,110017,Lord Errant,main_scenario,scaffold,11001720,20,1,-431,187,101,121,0,MapMarker,1600179,m00013,Visible,@5208/i11000101,point marker review / confirm sequence slot
man402,110018,Of Men They Sing,main_scenario,scaffold,11001801,1,1,-199.559998,-162.350006,104,421,0,MapMarkerQuest,1500054,m00013,Visible,@5208/i11001801,quest sequence marker review / getSequenceMarkerList
man402,110018,Of Men They Sing,main_scenario,scaffold,11001802,2,1,1700.48999,-868.109985,103,302,0,MapMarkerQuest,4000257,m00013,Visible,@5208/i11001802,quest sequence marker review / getSequenceMarkerList
man402,110018,Of Men They Sing,main_scenario,scaffold,11001803,3,1,-235,51,104,421,0,MapMarkerQuest,4000257,m00013,Visible,@5208/i11001803,quest sequence marker review / getSequenceMarkerList
man402,110018,Of Men They Sing,main_scenario,scaffold,11001804,4,1,-199.559998,-162.350006,104,421,0,MapMarkerQuest,1500054,m00013,Visible,@5208/i11001804,quest sequence marker review / getSequenceMarkerList
man402,110018,Of Men They Sing,main_scenario,scaffold,11001805,5,1,1917.459961,-1627.579956,103,302,0,MapMarkerQuest,4000257,m00013,Visible,@5208/i11001805,quest sequence marker review / getSequenceMarkerList
man402,110018,Of Men They Sing,main_scenario,scaffold,11001806,6,1,-431,187,101,121,0,MapMarker,1600179,m00013,Visible,@5208/i11000101,point marker review / confirm sequence slot
man402,110018,Of Men They Sing,main_scenario,scaffold,11001807,7,1,-431,187,101,121,0,MapMarker,1600179,m00013,Visible,@5208/i11000101,point marker review / confirm sequence slot
man402,110018,Of Men They Sing,main_scenario,scaffold,11001808,8,1,-431,187,101,121,0,MapMarker,1600179,m00013,Visible,@5208/i11000101,point marker review / confirm sequence slot
man402,110018,Of Men They Sing,main_scenario,scaffold,11001809,9,1,-431,187,101,121,0,MapMarker,1600179,m00013,Visible,@5208/i11000101,point marker review / confirm sequence slot
man402,110018,Of Men They Sing,main_scenario,scaffold,11001810,10,1,-431,187,101,121,0,MapMarker,1600179,m00013,Visible,@5208/i11000101,point marker review / confirm sequence slot
man402,110018,Of Men They Sing,main_scenario,scaffold,11001811,11,1,-431,187,101,121,0,MapMarker,1600179,m00013,Visible,@5208/i11000101,point marker review / confirm sequence slot
man402,110018,Of Men They Sing,main_scenario,scaffold,11001812,12,1,-431,187,101,121,0,MapMarker,1600179,m00013,Visible,@5208/i11000101,point marker review / confirm sequence slot
man402,110018,Of Men They Sing,main_scenario,scaffold,11001813,13,1,-431,187,101,121,0,MapMarker,1600179,m00013,Visible,@5208/i11000101,point marker review / confirm sequence slot
man402,110018,Of Men They Sing,main_scenario,scaffold,11001814,14,1,-431,187,101,121,0,MapMarker,1600179,m00013,Visible,@5208/i11000101,point marker review / confirm sequence slot
man402,110018,Of Men They Sing,main_scenario,scaffold,11001815,15,1,-431,187,101,121,0,MapMarker,1600179,m00013,Visible,@5208/i11000101,point marker review / confirm sequence slot
man402,110018,Of Men They Sing,main_scenario,scaffold,11001816,16,1,-431,187,101,121,0,MapMarker,1600179,m00013,Visible,@5208/i11000101,point marker review / confirm sequence slot
man402,110018,Of Men They Sing,main_scenario,scaffold,11001817,17,1,-431,187,101,121,0,MapMarker,1600179,m00013,Visible,@5208/i11000101,point marker review / confirm sequence slot
man402,110018,Of Men They Sing,main_scenario,scaffold,11001818,18,1,-431,187,101,121,0,MapMarker,1600179,m00013,Visible,@5208/i11000101,point marker review / confirm sequence slot
man402,110018,Of Men They Sing,main_scenario,scaffold,11001819,19,1,-431,187,101,121,0,MapMarker,1600179,m00013,Visible,@5208/i11000101,point marker review / confirm sequence slot
man402,110018,Of Men They Sing,main_scenario,scaffold,11001820,20,1,-431,187,101,121,0,MapMarker,1600179,m00013,Visible,@5208/i11000101,point marker review / confirm sequence slot
man406,110019,Futures Perfect,main_scenario,scaffold,11001901,1,1,-235,51,104,421,0,MapMarkerQuest,4000257,m00013,Visible,@5208/i11001901,quest sequence marker review / getSequenceMarkerList
man406,110019,Futures Perfect,main_scenario,scaffold,11001902,2,1,-123.389999,-162.419998,104,421,0,MapMarkerQuest,1000126,m00013,Visible,@5208/i11001902,quest sequence marker review / getSequenceMarkerList
man406,110019,Futures Perfect,main_scenario,scaffold,11001903,3,1,-219,-680,105,501,0,MapMarkerQuest,4000257,m00013,Visible,@5208/i11001903,quest sequence marker review / getSequenceMarkerList
man406,110019,Futures Perfect,main_scenario,scaffold,11001904,4,1,227.759995,-788.859985,105,501,0,MapMarkerQuest,4000257,m00013,Visible,@5208/i11001904,quest sequence marker review / getSequenceMarkerList
man406,110019,Futures Perfect,main_scenario,scaffold,11001905,5,1,-199.559998,-162.350006,104,421,0,MapMarkerQuest,1500054,m00013,Visible,@5208/i11001905,quest sequence marker review / getSequenceMarkerList
man406,110019,Futures Perfect,main_scenario,scaffold,11001906,6,1,173.429993,-641.26001,105,501,0,MapMarkerQuest,4000257,m00013,Visible,@5208/i11001906,quest sequence marker review / getSequenceMarkerList
man406,110019,Futures Perfect,main_scenario,scaffold,11001907,7,1,-431,187,101,121,0,MapMarker,1600179,m00013,Visible,@5208/i11000101,point marker review / confirm sequence slot
man406,110019,Futures Perfect,main_scenario,scaffold,11001908,8,1,-431,187,101,121,0,MapMarker,1600179,m00013,Visible,@5208/i11000101,point marker review / confirm sequence slot
man406,110019,Futures Perfect,main_scenario,scaffold,11001909,9,1,-431,187,101,121,0,MapMarker,1600179,m00013,Visible,@5208/i11000101,point marker review / confirm sequence slot
man406,110019,Futures Perfect,main_scenario,scaffold,11001910,10,1,-431,187,101,121,0,MapMarker,1600179,m00013,Visible,@5208/i11000101,point marker review / confirm sequence slot
man406,110019,Futures Perfect,main_scenario,scaffold,11001911,11,1,-431,187,101,121,0,MapMarker,1600179,m00013,Visible,@5208/i11000101,point marker review / confirm sequence slot
man406,110019,Futures Perfect,main_scenario,scaffold,11001912,12,1,-431,187,101,121,0,MapMarker,1600179,m00013,Visible,@5208/i11000101,point marker review / confirm sequence slot
man406,110019,Futures Perfect,main_scenario,scaffold,11001913,13,1,-431,187,101,121,0,MapMarker,1600179,m00013,Visible,@5208/i11000101,point marker review / confirm sequence slot
man406,110019,Futures Perfect,main_scenario,scaffold,11001914,14,1,-431,187,101,121,0,MapMarker,1600179,m00013,Visible,@5208/i11000101,point marker review / confirm sequence slot
man406,110019,Futures Perfect,main_scenario,scaffold,11001915,15,1,-431,187,101,121,0,MapMarker,1600179,m00013,Visible,@5208/i11000101,point marker review / confirm sequence slot
man406,110019,Futures Perfect,main_scenario,scaffold,11001916,16,1,-431,187,101,121,0,MapMarker,1600179,m00013,Visible,@5208/i11000101,point marker review / confirm sequence slot
man406,110019,Futures Perfect,main_scenario,scaffold,11001917,17,1,-431,187,101,121,0,MapMarker,1600179,m00013,Visible,@5208/i11000101,point marker review / confirm sequence slot
man406,110019,Futures Perfect,main_scenario,scaffold,11001918,18,1,-431,187,101,121,0,MapMarker,1600179,m00013,Visible,@5208/i11000101,point marker review / confirm sequence slot
man406,110019,Futures Perfect,main_scenario,scaffold,11001919,19,1,-431,187,101,121,0,MapMarker,1600179,m00013,Visible,@5208/i11000101,point marker review / confirm sequence slot
man406,110019,Futures Perfect,main_scenario,scaffold,11001920,20,1,-431,187,101,121,0,MapMarker,1600179,m00013,Visible,@5208/i11000101,point marker review / confirm sequence slot
sum6a0,110627,"Ifrit Bleeds, We Can Kill It",primal,scaffold,11062701,1,1,2227.909912,985.590027,104,405,0,MapMarkerQuestArea,4000257,m00029,Visible,@5208/i11062701,marker table review
sum6a0,110627,"Ifrit Bleeds, We Can Kill It",primal,scaffold,11062702,2,1,1513,1303,104,405,0,MapMarkerQuest,4000257,m00013,Visible,@5208/i11062702,quest sequence marker review / getSequenceMarkerList
sum6a0,110627,"Ifrit Bleeds, We Can Kill It",primal,scaffold,11062703,3,1,16.620001,-1560.959961,103,321,0,MapMarkerQuest,2700013,m00013,Visible,@5208/i11062703,quest sequence marker review / getSequenceMarkerList
sum6a0,110627,"Ifrit Bleeds, We Can Kill It",primal,scaffold,11062704,4,1,2369.25,1033.410034,104,405,0,MapMarkerQuest,4000257,m00018,Visible,@5208/i11062704,quest sequence marker review / getSequenceMarkerList
sum6a0,110627,"Ifrit Bleeds, We Can Kill It",primal,scaffold,11062705,5,1,-431,187,101,121,0,MapMarker,1600179,m00013,Visible,@5208/i11000101,point marker review / confirm sequence slot
sum6a0,110627,"Ifrit Bleeds, We Can Kill It",primal,scaffold,11062706,6,1,-431,187,101,121,0,MapMarker,1600179,m00013,Visible,@5208/i11000101,point marker review / confirm sequence slot
sum6a0,110627,"Ifrit Bleeds, We Can Kill It",primal,scaffold,11062707,7,1,-431,187,101,121,0,MapMarker,1600179,m00013,Visible,@5208/i11000101,point marker review / confirm sequence slot
sum6a0,110627,"Ifrit Bleeds, We Can Kill It",primal,scaffold,11062708,8,1,-431,187,101,121,0,MapMarker,1600179,m00013,Visible,@5208/i11000101,point marker review / confirm sequence slot
sum6a0,110627,"Ifrit Bleeds, We Can Kill It",primal,scaffold,11062709,9,1,-431,187,101,121,0,MapMarker,1600179,m00013,Visible,@5208/i11000101,point marker review / confirm sequence slot
sum6a0,110627,"Ifrit Bleeds, We Can Kill It",primal,scaffold,11062710,10,1,-431,187,101,121,0,MapMarker,1600179,m00013,Visible,@5208/i11000101,point marker review / confirm sequence slot
sum6a0,110627,"Ifrit Bleeds, We Can Kill It",primal,scaffold,11062711,11,1,-431,187,101,121,0,MapMarker,1600179,m00013,Visible,@5208/i11000101,point marker review / confirm sequence slot
sum6a0,110627,"Ifrit Bleeds, We Can Kill It",primal,scaffold,11062712,12,1,-431,187,101,121,0,MapMarker,1600179,m00013,Visible,@5208/i11000101,point marker review / confirm sequence slot
sum6a0,110627,"Ifrit Bleeds, We Can Kill It",primal,scaffold,11062713,13,1,-431,187,101,121,0,MapMarker,1600179,m00013,Visible,@5208/i11000101,point marker review / confirm sequence slot
sum6a0,110627,"Ifrit Bleeds, We Can Kill It",primal,scaffold,11062714,14,1,-431,187,101,121,0,MapMarker,1600179,m00013,Visible,@5208/i11000101,point marker review / confirm sequence slot
sum6a0,110627,"Ifrit Bleeds, We Can Kill It",primal,scaffold,11062715,15,1,-431,187,101,121,0,MapMarker,1600179,m00013,Visible,@5208/i11000101,point marker review / confirm sequence slot
sum6a0,110627,"Ifrit Bleeds, We Can Kill It",primal,scaffold,11062716,16,1,-431,187,101,121,0,MapMarker,1600179,m00013,Visible,@5208/i11000101,point marker review / confirm sequence slot
sum6a0,110627,"Ifrit Bleeds, We Can Kill It",primal,scaffold,11062717,17,1,-431,187,101,121,0,MapMarker,1600179,m00013,Visible,@5208/i11000101,point marker review / confirm sequence slot
sum6a0,110627,"Ifrit Bleeds, We Can Kill It",primal,scaffold,11062718,18,1,-431,187,101,121,0,MapMarker,1600179,m00013,Visible,@5208/i11000101,point marker review / confirm sequence slot
sum6a0,110627,"Ifrit Bleeds, We Can Kill It",primal,scaffold,11062719,19,1,-431,187,101,121,0,MapMarker,1600179,m00013,Visible,@5208/i11000101,point marker review / confirm sequence slot
sum6a0,110627,"Ifrit Bleeds, We Can Kill It",primal,scaffold,11062720,20,1,-431,187,101,121,0,MapMarker,1600179,m00013,Visible,@5208/i11000101,point marker review / confirm sequence slot
spl0i2,110800,Impish Impositions,seasonal,scaffold,11080001,1,1,-216.110001,-1647,103,321,0,MapMarkerQuest,1000157,m00013,Visible,@5208/i11080001,quest sequence marker review / getSequenceMarkerList
spl0i2,110800,Impish Impositions,seasonal,scaffold,11080002,2,1,-112.199997,-1334.290039,103,321,0,MapMarkerQuest,1100426,m00013,Visible,@5208/i11080002,quest sequence marker review / getSequenceMarkerList
spl0i2,110800,Impish Impositions,seasonal,scaffold,11080003,3,1,105.989998,-1478.709961,103,321,0,MapMarkerQuest,1900122,m00013,Visible,@5208/i11080003,quest sequence marker review / getSequenceMarkerList
spl0i2,110800,Impish Impositions,seasonal,scaffold,11080004,4,1,-13.95,-1261.430054,103,321,0,MapMarkerQuest,1300118,m00013,Visible,@5208/i11080004,quest sequence marker review / getSequenceMarkerList
spl0i2,110800,Impish Impositions,seasonal,scaffold,11080005,5,1,-211.759995,-1473.52002,103,321,0,MapMarkerQuest,1200141,m00013,Visible,@5208/i11080005,quest sequence marker review / getSequenceMarkerList
spl0i2,110800,Impish Impositions,seasonal,scaffold,11080006,6,1,180.419998,-1400.369995,103,321,0,MapMarkerQuest,1000164,m00013,Visible,@5208/i11080006,quest sequence marker review / getSequenceMarkerList
spl0i2,110800,Impish Impositions,seasonal,scaffold,11080007,7,1,-431,187,101,121,0,MapMarker,1600179,m00013,Visible,@5208/i11000101,point marker review / confirm sequence slot
spl0i2,110800,Impish Impositions,seasonal,scaffold,11080008,8,1,-431,187,101,121,0,MapMarker,1600179,m00013,Visible,@5208/i11000101,point marker review / confirm sequence slot
spl0i2,110800,Impish Impositions,seasonal,scaffold,11080009,9,1,-431,187,101,121,0,MapMarker,1600179,m00013,Visible,@5208/i11000101,point marker review / confirm sequence slot
spl0i2,110800,Impish Impositions,seasonal,scaffold,11080010,10,1,-431,187,101,121,0,MapMarker,1600179,m00013,Visible,@5208/i11000101,point marker review / confirm sequence slot
spl0i2,110800,Impish Impositions,seasonal,scaffold,11080011,11,1,-431,187,101,121,0,MapMarker,1600179,m00013,Visible,@5208/i11000101,point marker review / confirm sequence slot
spl0i2,110800,Impish Impositions,seasonal,scaffold,11080012,12,1,-431,187,101,121,0,MapMarker,1600179,m00013,Visible,@5208/i11000101,point marker review / confirm sequence slot
spl0i2,110800,Impish Impositions,seasonal,scaffold,11080013,13,1,-431,187,101,121,0,MapMarker,1600179,m00013,Visible,@5208/i11000101,point marker review / confirm sequence slot
spl0i2,110800,Impish Impositions,seasonal,scaffold,11080014,14,1,-431,187,101,121,0,MapMarker,1600179,m00013,Visible,@5208/i11000101,point marker review / confirm sequence slot
spl0i2,110800,Impish Impositions,seasonal,scaffold,11080015,15,1,-431,187,101,121,0,MapMarker,1600179,m00013,Visible,@5208/i11000101,point marker review / confirm sequence slot
spl0i2,110800,Impish Impositions,seasonal,scaffold,11080016,16,1,-431,187,101,121,0,MapMarker,1600179,m00013,Visible,@5208/i11000101,point marker review / confirm sequence slot
spl0i2,110800,Impish Impositions,seasonal,scaffold,11080017,17,1,-431,187,101,121,0,MapMarker,1600179,m00013,Visible,@5208/i11000101,point marker review / confirm sequence slot
spl0i2,110800,Impish Impositions,seasonal,scaffold,11080018,18,1,-431,187,101,121,0,MapMarker,1600179,m00013,Visible,@5208/i11000101,point marker review / confirm sequence slot
spl0i2,110800,Impish Impositions,seasonal,scaffold,11080019,19,1,-431,187,101,121,0,MapMarker,1600179,m00013,Visible,@5208/i11000101,point marker review / confirm sequence slot
spl0i2,110800,Impish Impositions,seasonal,scaffold,11080020,20,1,-431,187,101,121,0,MapMarker,1600179,m00013,Visible,@5208/i11000101,point marker review / confirm sequence slot
spl0i3,110801,Winter Is Not Coming,seasonal,scaffold,11080101,1,1,-342,-1675,103,321,0,MapMarkerQuest,1100121,m00013,Visible,@5208/i11080101,quest sequence marker review / getSequenceMarkerList
spl0i3,110801,Winter Is Not Coming,seasonal,scaffold,11080102,2,1,106,-1473,103,321,0,MapMarkerQuest,1400114,m00013,Visible,@5208/i11080102,quest sequence marker review / getSequenceMarkerList
spl0i3,110801,Winter Is Not Coming,seasonal,scaffold,11080103,3,1,263,-1273,103,321,0,MapMarkerQuest,1000014,m00013,Visible,@5208/i11080103,quest sequence marker review / getSequenceMarkerList
spl0i3,110801,Winter Is Not Coming,seasonal,scaffold,11080104,4,1,195,-1579,103,321,0,MapMarkerQuest,1100210,m00013,Visible,@5208/i11080104,quest sequence marker review / getSequenceMarkerList
spl0i3,110801,Winter Is Not Coming,seasonal,scaffold,11080105,5,1,-14,-1261,103,321,0,MapMarkerQuest,1300118,m00013,Visible,@5208/i11080105,quest sequence marker review / getSequenceMarkerList
spl0i3,110801,Winter Is Not Coming,seasonal,scaffold,11080106,6,1,-212,-1474,103,321,0,MapMarkerQuest,1200141,m00013,Visible,@5208/i11080106,quest sequence marker review / getSequenceMarkerList
spl0i3,110801,Winter Is Not Coming,seasonal,scaffold,11080107,7,1,210.880005,5.75,103,301,0,MapMarkerQuest,4000257,m00013,Visible,@5208/i11080107,quest sequence marker review / getSequenceMarkerList
spl0i3,110801,Winter Is Not Coming,seasonal,scaffold,11080108,8,1,275,-75,103,301,0,MapMarkerQuest,2200047,m00013,Visible,@5208/i11080108,quest sequence marker review / getSequenceMarkerList
spl0i3,110801,Winter Is Not Coming,seasonal,scaffold,11080109,9,1,-212,-1474,103,321,0,MapMarkerQuest,1200141,m00013,Visible,@5208/i11080109,quest sequence marker review / getSequenceMarkerList
spl0i3,110801,Winter Is Not Coming,seasonal,scaffold,11080110,10,1,-431,187,101,121,0,MapMarker,1600179,m00013,Visible,@5208/i11000101,point marker review / confirm sequence slot
spl0i3,110801,Winter Is Not Coming,seasonal,scaffold,11080111,11,1,-431,187,101,121,0,MapMarker,1600179,m00013,Visible,@5208/i11000101,point marker review / confirm sequence slot
spl0i3,110801,Winter Is Not Coming,seasonal,scaffold,11080112,12,1,-431,187,101,121,0,MapMarker,1600179,m00013,Visible,@5208/i11000101,point marker review / confirm sequence slot
spl0i3,110801,Winter Is Not Coming,seasonal,scaffold,11080113,13,1,-431,187,101,121,0,MapMarker,1600179,m00013,Visible,@5208/i11000101,point marker review / confirm sequence slot
spl0i3,110801,Winter Is Not Coming,seasonal,scaffold,11080114,14,1,-431,187,101,121,0,MapMarker,1600179,m00013,Visible,@5208/i11000101,point marker review / confirm sequence slot
spl0i3,110801,Winter Is Not Coming,seasonal,scaffold,11080115,15,1,-431,187,101,121,0,MapMarker,1600179,m00013,Visible,@5208/i11000101,point marker review / confirm sequence slot
spl0i3,110801,Winter Is Not Coming,seasonal,scaffold,11080116,16,1,-431,187,101,121,0,MapMarker,1600179,m00013,Visible,@5208/i11000101,point marker review / confirm sequence slot
spl0i3,110801,Winter Is Not Coming,seasonal,scaffold,11080117,17,1,-431,187,101,121,0,MapMarker,1600179,m00013,Visible,@5208/i11000101,point marker review / confirm sequence slot
spl0i3,110801,Winter Is Not Coming,seasonal,scaffold,11080118,18,1,-431,187,101,121,0,MapMarker,1600179,m00013,Visible,@5208/i11000101,point marker review / confirm sequence slot
spl0i3,110801,Winter Is Not Coming,seasonal,scaffold,11080119,19,1,-431,187,101,121,0,MapMarker,1600179,m00013,Visible,@5208/i11000101,point marker review / confirm sequence slot
spl0i3,110801,Winter Is Not Coming,seasonal,scaffold,11080120,20,1,-431,187,101,121,0,MapMarker,1600179,m00013,Visible,@5208/i11000101,point marker review / confirm sequence slot
spl0i4,110802,Gone with the Snow,seasonal,handwritten_event_driver,11080201,1,1,-342.410004,-1674.849976,103,321,0,MapMarkerQuest,1100121,m00013,Visible,@5208/i11080201,quest sequence marker review / getSequenceMarkerList
spl0i4,110802,Gone with the Snow,seasonal,handwritten_event_driver,11080202,2,1,-774,-1082,103,301,0,MapMarkerQuest,4000257,m00013,Visible,@5208/i11080202,quest sequence marker review / getSequenceMarkerList
spl0i4,110802,Gone with the Snow,seasonal,handwritten_event_driver,11080203,3,1,-787.630005,-1043.540039,103,301,0,MapMarkerQuest,1000071,m00013,Visible,@5208/i11080203,quest sequence marker review / getSequenceMarkerList
spl0i4,110802,Gone with the Snow,seasonal,handwritten_event_driver,11080204,4,1,877,1468,103,305,0,MapMarkerQuest,4000257,m00013,Visible,@5208/i11080204,quest sequence marker review / getSequenceMarkerList
spl0i4,110802,Gone with the Snow,seasonal,handwritten_event_driver,11080205,5,1,816.590027,1463.949951,103,305,0,MapMarkerQuest,2700007,m00013,Visible,@5208/i11080205,quest sequence marker review / getSequenceMarkerList
spl0i4,110802,Gone with the Snow,seasonal,handwritten_event_driver,11080206,6,1,-342.410004,-1674.849976,103,321,0,MapMarkerQuest,1100121,m00013,Visible,@5208/i11080206,quest sequence marker review / getSequenceMarkerList
spl0i4,110802,Gone with the Snow,seasonal,handwritten_event_driver,11080207,7,1,-431,187,101,121,0,MapMarker,1600179,m00013,Visible,@5208/i11000101,point marker review / confirm sequence slot
spl0i4,110802,Gone with the Snow,seasonal,handwritten_event_driver,11080208,8,1,-431,187,101,121,0,MapMarker,1600179,m00013,Visible,@5208/i11000101,point marker review / confirm sequence slot
spl0i4,110802,Gone with the Snow,seasonal,handwritten_event_driver,11080209,9,1,-431,187,101,121,0,MapMarker,1600179,m00013,Visible,@5208/i11000101,point marker review / confirm sequence slot
spl0i4,110802,Gone with the Snow,seasonal,handwritten_event_driver,11080210,10,1,-431,187,101,121,0,MapMarker,1600179,m00013,Visible,@5208/i11000101,point marker review / confirm sequence slot
spl0i4,110802,Gone with the Snow,seasonal,handwritten_event_driver,11080211,11,1,-431,187,101,121,0,MapMarker,1600179,m00013,Visible,@5208/i11000101,point marker review / confirm sequence slot
spl0i4,110802,Gone with the Snow,seasonal,handwritten_event_driver,11080212,12,1,-431,187,101,121,0,MapMarker,1600179,m00013,Visible,@5208/i11000101,point marker review / confirm sequence slot
spl0i4,110802,Gone with the Snow,seasonal,handwritten_event_driver,11080213,13,1,-431,187,101,121,0,MapMarker,1600179,m00013,Visible,@5208/i11000101,point marker review / confirm sequence slot
spl0i4,110802,Gone with the Snow,seasonal,handwritten_event_driver,11080214,14,1,-431,187,101,121,0,MapMarker,1600179,m00013,Visible,@5208/i11000101,point marker review / confirm sequence slot
spl0i4,110802,Gone with the Snow,seasonal,handwritten_event_driver,11080215,15,1,-431,187,101,121,0,MapMarker,1600179,m00013,Visible,@5208/i11000101,point marker review / confirm sequence slot
spl0i4,110802,Gone with the Snow,seasonal,handwritten_event_driver,11080216,16,1,-431,187,101,121,0,MapMarker,1600179,m00013,Visible,@5208/i11000101,point marker review / confirm sequence slot
spl0i4,110802,Gone with the Snow,seasonal,handwritten_event_driver,11080217,17,1,-431,187,101,121,0,MapMarker,1600179,m00013,Visible,@5208/i11000101,point marker review / confirm sequence slot
spl0i4,110802,Gone with the Snow,seasonal,handwritten_event_driver,11080218,18,1,-431,187,101,121,0,MapMarker,1600179,m00013,Visible,@5208/i11000101,point marker review / confirm sequence slot
spl0i4,110802,Gone with the Snow,seasonal,handwritten_event_driver,11080219,19,1,-431,187,101,121,0,MapMarker,1600179,m00013,Visible,@5208/i11000101,point marker review / confirm sequence slot
spl0i4,110802,Gone with the Snow,seasonal,handwritten_event_driver,11080220,20,1,-431,187,101,121,0,MapMarker,1600179,m00013,Visible,@5208/i11000101,point marker review / confirm sequence slot
spl0l1,110804,The Dreamer's Gospel (Limsa Lominsa),seasonal,present_unknown,11080401,1,1,-431,187,101,121,0,MapMarker,1600179,m00013,Visible,@5208/i11000101,point marker review / confirm sequence slot
spl0l1,110804,The Dreamer's Gospel (Limsa Lominsa),seasonal,present_unknown,11080402,2,1,-431,187,101,121,0,MapMarker,1600179,m00013,Visible,@5208/i11000101,point marker review / confirm sequence slot
spl0l1,110804,The Dreamer's Gospel (Limsa Lominsa),seasonal,present_unknown,11080403,3,1,-431,187,101,121,0,MapMarker,1600179,m00013,Visible,@5208/i11000101,point marker review / confirm sequence slot
spl0l1,110804,The Dreamer's Gospel (Limsa Lominsa),seasonal,present_unknown,11080404,4,1,-431,187,101,121,0,MapMarker,1600179,m00013,Visible,@5208/i11000101,point marker review / confirm sequence slot
spl0l1,110804,The Dreamer's Gospel (Limsa Lominsa),seasonal,present_unknown,11080405,5,1,-431,187,101,121,0,MapMarker,1600179,m00013,Visible,@5208/i11000101,point marker review / confirm sequence slot
spl0l1,110804,The Dreamer's Gospel (Limsa Lominsa),seasonal,present_unknown,11080406,6,1,-431,187,101,121,0,MapMarker,1600179,m00013,Visible,@5208/i11000101,point marker review / confirm sequence slot
spl0l1,110804,The Dreamer's Gospel (Limsa Lominsa),seasonal,present_unknown,11080407,7,1,-431,187,101,121,0,MapMarker,1600179,m00013,Visible,@5208/i11000101,point marker review / confirm sequence slot
spl0l1,110804,The Dreamer's Gospel (Limsa Lominsa),seasonal,present_unknown,11080408,8,1,-431,187,101,121,0,MapMarker,1600179,m00013,Visible,@5208/i11000101,point marker review / confirm sequence slot
spl0l1,110804,The Dreamer's Gospel (Limsa Lominsa),seasonal,present_unknown,11080409,9,1,-431,187,101,121,0,MapMarker,1600179,m00013,Visible,@5208/i11000101,point marker review / confirm sequence slot
spl0l1,110804,The Dreamer's Gospel (Limsa Lominsa),seasonal,present_unknown,11080410,10,1,-431,187,101,121,0,MapMarker,1600179,m00013,Visible,@5208/i11000101,point marker review / confirm sequence slot
spl0l1,110804,The Dreamer's Gospel (Limsa Lominsa),seasonal,present_unknown,11080411,11,1,-431,187,101,121,0,MapMarker,1600179,m00013,Visible,@5208/i11000101,point marker review / confirm sequence slot
spl0l1,110804,The Dreamer's Gospel (Limsa Lominsa),seasonal,present_unknown,11080412,12,1,-431,187,101,121,0,MapMarker,1600179,m00013,Visible,@5208/i11000101,point marker review / confirm sequence slot
spl0l1,110804,The Dreamer's Gospel (Limsa Lominsa),seasonal,present_unknown,11080413,13,1,-431,187,101,121,0,MapMarker,1600179,m00013,Visible,@5208/i11000101,point marker review / confirm sequence slot
spl0l1,110804,The Dreamer's Gospel (Limsa Lominsa),seasonal,present_unknown,11080414,14,1,-431,187,101,121,0,MapMarker,1600179,m00013,Visible,@5208/i11000101,point marker review / confirm sequence slot
spl0l1,110804,The Dreamer's Gospel (Limsa Lominsa),seasonal,present_unknown,11080415,15,1,-431,187,101,121,0,MapMarker,1600179,m00013,Visible,@5208/i11000101,point marker review / confirm sequence slot
spl0l1,110804,The Dreamer's Gospel (Limsa Lominsa),seasonal,present_unknown,11080416,16,1,-431,187,101,121,0,MapMarker,1600179,m00013,Visible,@5208/i11000101,point marker review / confirm sequence slot
spl0l1,110804,The Dreamer's Gospel (Limsa Lominsa),seasonal,present_unknown,11080417,17,1,-431,187,101,121,0,MapMarker,1600179,m00013,Visible,@5208/i11000101,point marker review / confirm sequence slot
spl0l1,110804,The Dreamer's Gospel (Limsa Lominsa),seasonal,present_unknown,11080418,18,1,-431,187,101,121,0,MapMarker,1600179,m00013,Visible,@5208/i11000101,point marker review / confirm sequence slot
spl0l1,110804,The Dreamer's Gospel (Limsa Lominsa),seasonal,present_unknown,11080419,19,1,-431,187,101,121,0,MapMarker,1600179,m00013,Visible,@5208/i11000101,point marker review / confirm sequence slot
spl0l1,110804,The Dreamer's Gospel (Limsa Lominsa),seasonal,present_unknown,11080420,20,1,-431,187,101,121,0,MapMarker,1600179,m00013,Visible,@5208/i11000101,point marker review / confirm sequence slot
spl0l2,110805,The Dreamer's Dilemma (Limsa Lominsa),seasonal,present_unknown,11080501,1,1,-431,187,101,121,0,MapMarker,1600179,m00013,Visible,@5208/i11000101,point marker review / confirm sequence slot
spl0l2,110805,The Dreamer's Dilemma (Limsa Lominsa),seasonal,present_unknown,11080502,2,1,-431,187,101,121,0,MapMarker,1600179,m00013,Visible,@5208/i11000101,point marker review / confirm sequence slot
spl0l2,110805,The Dreamer's Dilemma (Limsa Lominsa),seasonal,present_unknown,11080503,3,1,-431,187,101,121,0,MapMarker,1600179,m00013,Visible,@5208/i11000101,point marker review / confirm sequence slot
spl0l2,110805,The Dreamer's Dilemma (Limsa Lominsa),seasonal,present_unknown,11080504,4,1,-431,187,101,121,0,MapMarker,1600179,m00013,Visible,@5208/i11000101,point marker review / confirm sequence slot
spl0l2,110805,The Dreamer's Dilemma (Limsa Lominsa),seasonal,present_unknown,11080505,5,1,-431,187,101,121,0,MapMarker,1600179,m00013,Visible,@5208/i11000101,point marker review / confirm sequence slot
spl0l2,110805,The Dreamer's Dilemma (Limsa Lominsa),seasonal,present_unknown,11080506,6,1,-431,187,101,121,0,MapMarker,1600179,m00013,Visible,@5208/i11000101,point marker review / confirm sequence slot
spl0l2,110805,The Dreamer's Dilemma (Limsa Lominsa),seasonal,present_unknown,11080507,7,1,-431,187,101,121,0,MapMarker,1600179,m00013,Visible,@5208/i11000101,point marker review / confirm sequence slot
spl0l2,110805,The Dreamer's Dilemma (Limsa Lominsa),seasonal,present_unknown,11080508,8,1,-431,187,101,121,0,MapMarker,1600179,m00013,Visible,@5208/i11000101,point marker review / confirm sequence slot
spl0l2,110805,The Dreamer's Dilemma (Limsa Lominsa),seasonal,present_unknown,11080509,9,1,-431,187,101,121,0,MapMarker,1600179,m00013,Visible,@5208/i11000101,point marker review / confirm sequence slot
spl0l2,110805,The Dreamer's Dilemma (Limsa Lominsa),seasonal,present_unknown,11080510,10,1,-431,187,101,121,0,MapMarker,1600179,m00013,Visible,@5208/i11000101,point marker review / confirm sequence slot
spl0l2,110805,The Dreamer's Dilemma (Limsa Lominsa),seasonal,present_unknown,11080511,11,1,-431,187,101,121,0,MapMarker,1600179,m00013,Visible,@5208/i11000101,point marker review / confirm sequence slot
spl0l2,110805,The Dreamer's Dilemma (Limsa Lominsa),seasonal,present_unknown,11080512,12,1,-431,187,101,121,0,MapMarker,1600179,m00013,Visible,@5208/i11000101,point marker review / confirm sequence slot
spl0l2,110805,The Dreamer's Dilemma (Limsa Lominsa),seasonal,present_unknown,11080513,13,1,-431,187,101,121,0,MapMarker,1600179,m00013,Visible,@5208/i11000101,point marker review / confirm sequence slot
spl0l2,110805,The Dreamer's Dilemma (Limsa Lominsa),seasonal,present_unknown,11080514,14,1,-431,187,101,121,0,MapMarker,1600179,m00013,Visible,@5208/i11000101,point marker review / confirm sequence slot
spl0l2,110805,The Dreamer's Dilemma (Limsa Lominsa),seasonal,present_unknown,11080515,15,1,-431,187,101,121,0,MapMarker,1600179,m00013,Visible,@5208/i11000101,point marker review / confirm sequence slot
spl0l2,110805,The Dreamer's Dilemma (Limsa Lominsa),seasonal,present_unknown,11080516,16,1,-431,187,101,121,0,MapMarker,1600179,m00013,Visible,@5208/i11000101,point marker review / confirm sequence slot
spl0l2,110805,The Dreamer's Dilemma (Limsa Lominsa),seasonal,present_unknown,11080517,17,1,-431,187,101,121,0,MapMarker,1600179,m00013,Visible,@5208/i11000101,point marker review / confirm sequence slot
spl0l2,110805,The Dreamer's Dilemma (Limsa Lominsa),seasonal,present_unknown,11080518,18,1,-431,187,101,121,0,MapMarker,1600179,m00013,Visible,@5208/i11000101,point marker review / confirm sequence slot
spl0l2,110805,The Dreamer's Dilemma (Limsa Lominsa),seasonal,present_unknown,11080519,19,1,-431,187,101,121,0,MapMarker,1600179,m00013,Visible,@5208/i11000101,point marker review / confirm sequence slot
spl0l2,110805,The Dreamer's Dilemma (Limsa Lominsa),seasonal,present_unknown,11080520,20,1,-431,187,101,121,0,MapMarker,1600179,m00013,Visible,@5208/i11000101,point marker review / confirm sequence slot
etc1g0,110654,Proceed with Caution,side_special_misc,handwritten_event_driver,11065401,1,1,390,-532,103,301,0,MapMarkerQuest,4000257,m00013,Visible,@5208/i11065401,quest sequence marker review / getSequenceMarkerList
etc1g0,110654,Proceed with Caution,side_special_misc,handwritten_event_driver,11065402,2,1,55,-709,103,301,0,MapMarkerQuest,4000257,m00013,Visible,@5208/i11065402,quest sequence marker review / getSequenceMarkerList
etc1g0,110654,Proceed with Caution,side_special_misc,handwritten_event_driver,11065403,3,1,-193.779999,-995.77002,103,301,0,MapMarkerQuest,4000257,m00013,Visible,@5208/i11065403,quest sequence marker review / getSequenceMarkerList
etc1g0,110654,Proceed with Caution,side_special_misc,handwritten_event_driver,11065404,4,1,-201.360001,-1469.75,103,321,0,MapMarkerQuest,1000223,m00013,Visible,@5208/i11065404,quest sequence marker review / getSequenceMarkerList
etc1g0,110654,Proceed with Caution,side_special_misc,handwritten_event_driver,11065405,5,1,-431,187,101,121,0,MapMarker,1600179,m00013,Visible,@5208/i11000101,point marker review / confirm sequence slot
etc1g0,110654,Proceed with Caution,side_special_misc,handwritten_event_driver,11065406,6,1,-431,187,101,121,0,MapMarker,1600179,m00013,Visible,@5208/i11000101,point marker review / confirm sequence slot
etc1g0,110654,Proceed with Caution,side_special_misc,handwritten_event_driver,11065407,7,1,-431,187,101,121,0,MapMarker,1600179,m00013,Visible,@5208/i11000101,point marker review / confirm sequence slot
etc1g0,110654,Proceed with Caution,side_special_misc,handwritten_event_driver,11065408,8,1,-431,187,101,121,0,MapMarker,1600179,m00013,Visible,@5208/i11000101,point marker review / confirm sequence slot
etc1g0,110654,Proceed with Caution,side_special_misc,handwritten_event_driver,11065409,9,1,-431,187,101,121,0,MapMarker,1600179,m00013,Visible,@5208/i11000101,point marker review / confirm sequence slot
etc1g0,110654,Proceed with Caution,side_special_misc,handwritten_event_driver,11065410,10,1,-431,187,101,121,0,MapMarker,1600179,m00013,Visible,@5208/i11000101,point marker review / confirm sequence slot
etc1g0,110654,Proceed with Caution,side_special_misc,handwritten_event_driver,11065411,11,1,-431,187,101,121,0,MapMarker,1600179,m00013,Visible,@5208/i11000101,point marker review / confirm sequence slot
etc1g0,110654,Proceed with Caution,side_special_misc,handwritten_event_driver,11065412,12,1,-431,187,101,121,0,MapMarker,1600179,m00013,Visible,@5208/i11000101,point marker review / confirm sequence slot
etc1g0,110654,Proceed with Caution,side_special_misc,handwritten_event_driver,11065413,13,1,-431,187,101,121,0,MapMarker,1600179,m00013,Visible,@5208/i11000101,point marker review / confirm sequence slot
etc1g0,110654,Proceed with Caution,side_special_misc,handwritten_event_driver,11065414,14,1,-431,187,101,121,0,MapMarker,1600179,m00013,Visible,@5208/i11000101,point marker review / confirm sequence slot
etc1g0,110654,Proceed with Caution,side_special_misc,handwritten_event_driver,11065415,15,1,-431,187,101,121,0,MapMarker,1600179,m00013,Visible,@5208/i11000101,point marker review / confirm sequence slot
etc1g0,110654,Proceed with Caution,side_special_misc,handwritten_event_driver,11065416,16,1,-431,187,101,121,0,MapMarker,1600179,m00013,Visible,@5208/i11000101,point marker review / confirm sequence slot
etc1g0,110654,Proceed with Caution,side_special_misc,handwritten_event_driver,11065417,17,1,-431,187,101,121,0,MapMarker,1600179,m00013,Visible,@5208/i11000101,point marker review / confirm sequence slot
etc1g0,110654,Proceed with Caution,side_special_misc,handwritten_event_driver,11065418,18,1,-431,187,101,121,0,MapMarker,1600179,m00013,Visible,@5208/i11000101,point marker review / confirm sequence slot
etc1g0,110654,Proceed with Caution,side_special_misc,handwritten_event_driver,11065419,19,1,-431,187,101,121,0,MapMarker,1600179,m00013,Visible,@5208/i11000101,point marker review / confirm sequence slot
etc1g0,110654,Proceed with Caution,side_special_misc,handwritten_event_driver,11065420,20,1,-431,187,101,121,0,MapMarker,1600179,m00013,Visible,@5208/i11000101,point marker review / confirm sequence slot
etc1g1,110655,Playing with Fire,side_special_misc,handwritten_event_driver,11065501,1,1,-1538.209961,-1759.280029,103,301,0,MapMarkerQuest,4000257,m00013,Visible,@5208/i11065501,quest sequence marker review / getSequenceMarkerList
etc1g1,110655,Playing with Fire,side_special_misc,handwritten_event_driver,11065502,2,1,-448,-460,103,301,0,MapMarkerQuest,4000257,m00013,Visible,@5208/i11065502,quest sequence marker review / getSequenceMarkerList
etc1g1,110655,Playing with Fire,side_special_misc,handwritten_event_driver,11065503,3,1,-192.830002,-628.219971,103,301,0,MapMarkerQuest,4000257,m00013,Visible,@5208/i11065503,quest sequence marker review / getSequenceMarkerList
etc1g1,110655,Playing with Fire,side_special_misc,handwritten_event_driver,11065504,4,1,-340.329987,-1679.030029,103,321,0,MapMarkerQuest,1200127,m00013,Visible,@5208/i11065504,quest sequence marker review / getSequenceMarkerList
etc1g1,110655,Playing with Fire,side_special_misc,handwritten_event_driver,11065505,5,1,-431,187,101,121,0,MapMarker,1600179,m00013,Visible,@5208/i11000101,point marker review / confirm sequence slot
etc1g1,110655,Playing with Fire,side_special_misc,handwritten_event_driver,11065506,6,1,-431,187,101,121,0,MapMarker,1600179,m00013,Visible,@5208/i11000101,point marker review / confirm sequence slot
etc1g1,110655,Playing with Fire,side_special_misc,handwritten_event_driver,11065507,7,1,-431,187,101,121,0,MapMarker,1600179,m00013,Visible,@5208/i11000101,point marker review / confirm sequence slot
etc1g1,110655,Playing with Fire,side_special_misc,handwritten_event_driver,11065508,8,1,-431,187,101,121,0,MapMarker,1600179,m00013,Visible,@5208/i11000101,point marker review / confirm sequence slot
etc1g1,110655,Playing with Fire,side_special_misc,handwritten_event_driver,11065509,9,1,-431,187,101,121,0,MapMarker,1600179,m00013,Visible,@5208/i11000101,point marker review / confirm sequence slot
etc1g1,110655,Playing with Fire,side_special_misc,handwritten_event_driver,11065510,10,1,-431,187,101,121,0,MapMarker,1600179,m00013,Visible,@5208/i11000101,point marker review / confirm sequence slot
etc1g1,110655,Playing with Fire,side_special_misc,handwritten_event_driver,11065511,11,1,-431,187,101,121,0,MapMarker,1600179,m00013,Visible,@5208/i11000101,point marker review / confirm sequence slot
etc1g1,110655,Playing with Fire,side_special_misc,handwritten_event_driver,11065512,12,1,-431,187,101,121,0,MapMarker,1600179,m00013,Visible,@5208/i11000101,point marker review / confirm sequence slot
etc1g1,110655,Playing with Fire,side_special_misc,handwritten_event_driver,11065513,13,1,-431,187,101,121,0,MapMarker,1600179,m00013,Visible,@5208/i11000101,point marker review / confirm sequence slot
etc1g1,110655,Playing with Fire,side_special_misc,handwritten_event_driver,11065514,14,1,-431,187,101,121,0,MapMarker,1600179,m00013,Visible,@5208/i11000101,point marker review / confirm sequence slot
etc1g1,110655,Playing with Fire,side_special_misc,handwritten_event_driver,11065515,15,1,-431,187,101,121,0,MapMarker,1600179,m00013,Visible,@5208/i11000101,point marker review / confirm sequence slot
etc1g1,110655,Playing with Fire,side_special_misc,handwritten_event_driver,11065516,16,1,-431,187,101,121,0,MapMarker,1600179,m00013,Visible,@5208/i11000101,point marker review / confirm sequence slot
etc1g1,110655,Playing with Fire,side_special_misc,handwritten_event_driver,11065517,17,1,-431,187,101,121,0,MapMarker,1600179,m00013,Visible,@5208/i11000101,point marker review / confirm sequence slot
etc1g1,110655,Playing with Fire,side_special_misc,handwritten_event_driver,11065518,18,1,-431,187,101,121,0,MapMarker,1600179,m00013,Visible,@5208/i11000101,point marker review / confirm sequence slot
etc1g1,110655,Playing with Fire,side_special_misc,handwritten_event_driver,11065519,19,1,-431,187,101,121,0,MapMarker,1600179,m00013,Visible,@5208/i11000101,point marker review / confirm sequence slot
etc1g1,110655,Playing with Fire,side_special_misc,handwritten_event_driver,11065520,20,1,-431,187,101,121,0,MapMarker,1600179,m00013,Visible,@5208/i11000101,point marker review / confirm sequence slot
etc1g2,110656,A Well-Balanced Diet,side_special_misc,handwritten_event_driver,11065601,1,1,-211.759995,-1473.52002,103,321,0,MapMarkerQuest,1200141,m00013,Visible,@5208/i11065601,quest sequence marker review / getSequenceMarkerList
etc1g2,110656,A Well-Balanced Diet,side_special_misc,handwritten_event_driver,11065602,2,1,673.820007,799.47998,103,305,0,MapMarkerQuestArea,4000257,m00018,Visible,@5208/i11065602,marker table review
etc1g2,110656,A Well-Balanced Diet,side_special_misc,handwritten_event_driver,11065603,3,1,-200.330002,-1384.969971,103,321,0,MapMarkerQuestArea,4000257,m00018,Visible,@5208/i11065603,marker table review
etc1g2,110656,A Well-Balanced Diet,side_special_misc,handwritten_event_driver,11065604,4,1,-200.330002,-1484.969971,103,321,0,MapMarkerQuest,1900142,m00013,Visible,@5208/i11065604,quest sequence marker review / getSequenceMarkerList
etc1g2,110656,A Well-Balanced Diet,side_special_misc,handwritten_event_driver,11065605,5,1,-431,187,101,121,0,MapMarker,1600179,m00013,Visible,@5208/i11000101,point marker review / confirm sequence slot
etc1g2,110656,A Well-Balanced Diet,side_special_misc,handwritten_event_driver,11065606,6,1,-431,187,101,121,0,MapMarker,1600179,m00013,Visible,@5208/i11000101,point marker review / confirm sequence slot
etc1g2,110656,A Well-Balanced Diet,side_special_misc,handwritten_event_driver,11065607,7,1,-431,187,101,121,0,MapMarker,1600179,m00013,Visible,@5208/i11000101,point marker review / confirm sequence slot
etc1g2,110656,A Well-Balanced Diet,side_special_misc,handwritten_event_driver,11065608,8,1,-431,187,101,121,0,MapMarker,1600179,m00013,Visible,@5208/i11000101,point marker review / confirm sequence slot
etc1g2,110656,A Well-Balanced Diet,side_special_misc,handwritten_event_driver,11065609,9,1,-431,187,101,121,0,MapMarker,1600179,m00013,Visible,@5208/i11000101,point marker review / confirm sequence slot
etc1g2,110656,A Well-Balanced Diet,side_special_misc,handwritten_event_driver,11065610,10,1,-431,187,101,121,0,MapMarker,1600179,m00013,Visible,@5208/i11000101,point marker review / confirm sequence slot
etc1g2,110656,A Well-Balanced Diet,side_special_misc,handwritten_event_driver,11065611,11,1,-431,187,101,121,0,MapMarker,1600179,m00013,Visible,@5208/i11000101,point marker review / confirm sequence slot
etc1g2,110656,A Well-Balanced Diet,side_special_misc,handwritten_event_driver,11065612,12,1,-431,187,101,121,0,MapMarker,1600179,m00013,Visible,@5208/i11000101,point marker review / confirm sequence slot
etc1g2,110656,A Well-Balanced Diet,side_special_misc,handwritten_event_driver,11065613,13,1,-431,187,101,121,0,MapMarker,1600179,m00013,Visible,@5208/i11000101,point marker review / confirm sequence slot
etc1g2,110656,A Well-Balanced Diet,side_special_misc,handwritten_event_driver,11065614,14,1,-431,187,101,121,0,MapMarker,1600179,m00013,Visible,@5208/i11000101,point marker review / confirm sequence slot
etc1g2,110656,A Well-Balanced Diet,side_special_misc,handwritten_event_driver,11065615,15,1,-431,187,101,121,0,MapMarker,1600179,m00013,Visible,@5208/i11000101,point marker review / confirm sequence slot
etc1g2,110656,A Well-Balanced Diet,side_special_misc,handwritten_event_driver,11065616,16,1,-431,187,101,121,0,MapMarker,1600179,m00013,Visible,@5208/i11000101,point marker review / confirm sequence slot
etc1g2,110656,A Well-Balanced Diet,side_special_misc,handwritten_event_driver,11065617,17,1,-431,187,101,121,0,MapMarker,1600179,m00013,Visible,@5208/i11000101,point marker review / confirm sequence slot
etc1g2,110656,A Well-Balanced Diet,side_special_misc,handwritten_event_driver,11065618,18,1,-431,187,101,121,0,MapMarker,1600179,m00013,Visible,@5208/i11000101,point marker review / confirm sequence slot
etc1g2,110656,A Well-Balanced Diet,side_special_misc,handwritten_event_driver,11065619,19,1,-431,187,101,121,0,MapMarker,1600179,m00013,Visible,@5208/i11000101,point marker review / confirm sequence slot
etc1g2,110656,A Well-Balanced Diet,side_special_misc,handwritten_event_driver,11065620,20,1,-431,187,101,121,0,MapMarker,1600179,m00013,Visible,@5208/i11000101,point marker review / confirm sequence slot
etc1g4,110658,The Penultimate Prank,side_special_misc,handwritten_event_driver,11065801,1,1,-451.410004,-375.829987,103,301,0,MapMarkerQuestArea,4000257,m00018,Visible,@5208/i11065801,marker table review
etc1g4,110658,The Penultimate Prank,side_special_misc,handwritten_event_driver,11065802,2,1,-28,-1245,103,321,0,MapMarkerQuest,1200068,m00013,Visible,@5208/i11065802,quest sequence marker review / getSequenceMarkerList
etc1g4,110658,The Penultimate Prank,side_special_misc,handwritten_event_driver,11065803,3,1,-431,187,101,121,0,MapMarker,1600179,m00013,Visible,@5208/i11000101,point marker review / confirm sequence slot
etc1g4,110658,The Penultimate Prank,side_special_misc,handwritten_event_driver,11065804,4,1,-431,187,101,121,0,MapMarker,1600179,m00013,Visible,@5208/i11000101,point marker review / confirm sequence slot
etc1g4,110658,The Penultimate Prank,side_special_misc,handwritten_event_driver,11065805,5,1,-431,187,101,121,0,MapMarker,1600179,m00013,Visible,@5208/i11000101,point marker review / confirm sequence slot
etc1g4,110658,The Penultimate Prank,side_special_misc,handwritten_event_driver,11065806,6,1,-431,187,101,121,0,MapMarker,1600179,m00013,Visible,@5208/i11000101,point marker review / confirm sequence slot
etc1g4,110658,The Penultimate Prank,side_special_misc,handwritten_event_driver,11065807,7,1,-431,187,101,121,0,MapMarker,1600179,m00013,Visible,@5208/i11000101,point marker review / confirm sequence slot
etc1g4,110658,The Penultimate Prank,side_special_misc,handwritten_event_driver,11065808,8,1,-431,187,101,121,0,MapMarker,1600179,m00013,Visible,@5208/i11000101,point marker review / confirm sequence slot
etc1g4,110658,The Penultimate Prank,side_special_misc,handwritten_event_driver,11065809,9,1,-431,187,101,121,0,MapMarker,1600179,m00013,Visible,@5208/i11000101,point marker review / confirm sequence slot
etc1g4,110658,The Penultimate Prank,side_special_misc,handwritten_event_driver,11065810,10,1,-431,187,101,121,0,MapMarker,1600179,m00013,Visible,@5208/i11000101,point marker review / confirm sequence slot
etc1g4,110658,The Penultimate Prank,side_special_misc,handwritten_event_driver,11065811,11,1,-431,187,101,121,0,MapMarker,1600179,m00013,Visible,@5208/i11000101,point marker review / confirm sequence slot
etc1g4,110658,The Penultimate Prank,side_special_misc,handwritten_event_driver,11065812,12,1,-431,187,101,121,0,MapMarker,1600179,m00013,Visible,@5208/i11000101,point marker review / confirm sequence slot
etc1g4,110658,The Penultimate Prank,side_special_misc,handwritten_event_driver,11065813,13,1,-431,187,101,121,0,MapMarker,1600179,m00013,Visible,@5208/i11000101,point marker review / confirm sequence slot
etc1g4,110658,The Penultimate Prank,side_special_misc,handwritten_event_driver,11065814,14,1,-431,187,101,121,0,MapMarker,1600179,m00013,Visible,@5208/i11000101,point marker review / confirm sequence slot
etc1g4,110658,The Penultimate Prank,side_special_misc,handwritten_event_driver,11065815,15,1,-431,187,101,121,0,MapMarker,1600179,m00013,Visible,@5208/i11000101,point marker review / confirm sequence slot
etc1g4,110658,The Penultimate Prank,side_special_misc,handwritten_event_driver,11065816,16,1,-431,187,101,121,0,MapMarker,1600179,m00013,Visible,@5208/i11000101,point marker review / confirm sequence slot
etc1g4,110658,The Penultimate Prank,side_special_misc,handwritten_event_driver,11065817,17,1,-431,187,101,121,0,MapMarker,1600179,m00013,Visible,@5208/i11000101,point marker review / confirm sequence slot
etc1g4,110658,The Penultimate Prank,side_special_misc,handwritten_event_driver,11065818,18,1,-431,187,101,121,0,MapMarker,1600179,m00013,Visible,@5208/i11000101,point marker review / confirm sequence slot
etc1g4,110658,The Penultimate Prank,side_special_misc,handwritten_event_driver,11065819,19,1,-431,187,101,121,0,MapMarker,1600179,m00013,Visible,@5208/i11000101,point marker review / confirm sequence slot
etc1g4,110658,The Penultimate Prank,side_special_misc,handwritten_event_driver,11065820,20,1,-431,187,101,121,0,MapMarker,1600179,m00013,Visible,@5208/i11000101,point marker review / confirm sequence slot
etc1g5,110659,The Search for Sicksa,side_special_misc,handwritten_event_driver,11065901,1,1,-1325.449951,-1786.339966,103,303,0,MapMarkerQuestArea,4000257,m00018,Visible,@5208/i11065901,marker table review
etc1g5,110659,The Search for Sicksa,side_special_misc,handwritten_event_driver,11065902,2,1,93.629997,-1482.869995,103,321,0,MapMarkerQuest,1000362,m00013,Visible,@5208/i11065902,quest sequence marker review / getSequenceMarkerList
etc1g5,110659,The Search for Sicksa,side_special_misc,handwritten_event_driver,11065903,3,1,-431,187,101,121,0,MapMarker,1600179,m00013,Visible,@5208/i11000101,point marker review / confirm sequence slot
etc1g5,110659,The Search for Sicksa,side_special_misc,handwritten_event_driver,11065904,4,1,-431,187,101,121,0,MapMarker,1600179,m00013,Visible,@5208/i11000101,point marker review / confirm sequence slot
etc1g5,110659,The Search for Sicksa,side_special_misc,handwritten_event_driver,11065905,5,1,-431,187,101,121,0,MapMarker,1600179,m00013,Visible,@5208/i11000101,point marker review / confirm sequence slot
etc1g5,110659,The Search for Sicksa,side_special_misc,handwritten_event_driver,11065906,6,1,-431,187,101,121,0,MapMarker,1600179,m00013,Visible,@5208/i11000101,point marker review / confirm sequence slot
etc1g5,110659,The Search for Sicksa,side_special_misc,handwritten_event_driver,11065907,7,1,-431,187,101,121,0,MapMarker,1600179,m00013,Visible,@5208/i11000101,point marker review / confirm sequence slot
etc1g5,110659,The Search for Sicksa,side_special_misc,handwritten_event_driver,11065908,8,1,-431,187,101,121,0,MapMarker,1600179,m00013,Visible,@5208/i11000101,point marker review / confirm sequence slot
etc1g5,110659,The Search for Sicksa,side_special_misc,handwritten_event_driver,11065909,9,1,-431,187,101,121,0,MapMarker,1600179,m00013,Visible,@5208/i11000101,point marker review / confirm sequence slot
etc1g5,110659,The Search for Sicksa,side_special_misc,handwritten_event_driver,11065910,10,1,-431,187,101,121,0,MapMarker,1600179,m00013,Visible,@5208/i11000101,point marker review / confirm sequence slot
etc1g5,110659,The Search for Sicksa,side_special_misc,handwritten_event_driver,11065911,11,1,-431,187,101,121,0,MapMarker,1600179,m00013,Visible,@5208/i11000101,point marker review / confirm sequence slot
etc1g5,110659,The Search for Sicksa,side_special_misc,handwritten_event_driver,11065912,12,1,-431,187,101,121,0,MapMarker,1600179,m00013,Visible,@5208/i11000101,point marker review / confirm sequence slot
etc1g5,110659,The Search for Sicksa,side_special_misc,handwritten_event_driver,11065913,13,1,-431,187,101,121,0,MapMarker,1600179,m00013,Visible,@5208/i11000101,point marker review / confirm sequence slot
etc1g5,110659,The Search for Sicksa,side_special_misc,handwritten_event_driver,11065914,14,1,-431,187,101,121,0,MapMarker,1600179,m00013,Visible,@5208/i11000101,point marker review / confirm sequence slot
etc1g5,110659,The Search for Sicksa,side_special_misc,handwritten_event_driver,11065915,15,1,-431,187,101,121,0,MapMarker,1600179,m00013,Visible,@5208/i11000101,point marker review / confirm sequence slot
etc1g5,110659,The Search for Sicksa,side_special_misc,handwritten_event_driver,11065916,16,1,-431,187,101,121,0,MapMarker,1600179,m00013,Visible,@5208/i11000101,point marker review / confirm sequence slot
etc1g5,110659,The Search for Sicksa,side_special_misc,handwritten_event_driver,11065917,17,1,-431,187,101,121,0,MapMarker,1600179,m00013,Visible,@5208/i11000101,point marker review / confirm sequence slot
etc1g5,110659,The Search for Sicksa,side_special_misc,handwritten_event_driver,11065918,18,1,-431,187,101,121,0,MapMarker,1600179,m00013,Visible,@5208/i11000101,point marker review / confirm sequence slot
etc1g5,110659,The Search for Sicksa,side_special_misc,handwritten_event_driver,11065919,19,1,-431,187,101,121,0,MapMarker,1600179,m00013,Visible,@5208/i11000101,point marker review / confirm sequence slot
etc1g5,110659,The Search for Sicksa,side_special_misc,handwritten_event_driver,11065920,20,1,-431,187,101,121,0,MapMarker,1600179,m00013,Visible,@5208/i11000101,point marker review / confirm sequence slot
etc1g6,110660,The Ultimate Prank,side_special_misc,handwritten_event_driver,11066001,1,1,-945.900024,-2289.639893,103,311,0,MapMarkerQuestArea,4000257,m00018,Visible,@5208/i11066001,marker table review
etc1g6,110660,The Ultimate Prank,side_special_misc,handwritten_event_driver,11066002,2,1,68,-1224,103,321,0,MapMarkerQuest,1600192,m00013,Visible,@5208/i11066002,quest sequence marker review / getSequenceMarkerList
etc1g6,110660,The Ultimate Prank,side_special_misc,handwritten_event_driver,11066003,3,1,68,-1224,103,321,0,MapMarkerQuest,1600192,m00013,Visible,@5208/i11066003,quest sequence marker review / getSequenceMarkerList
etc1g6,110660,The Ultimate Prank,side_special_misc,handwritten_event_driver,11066004,4,1,-27.77,-1244.199951,103,321,0,MapMarkerQuest,1200068,m00013,Visible,@5208/i11066004,quest sequence marker review / getSequenceMarkerList
etc1g6,110660,The Ultimate Prank,side_special_misc,handwritten_event_driver,11066005,5,1,-431,187,101,121,0,MapMarker,1600179,m00013,Visible,@5208/i11000101,point marker review / confirm sequence slot
etc1g6,110660,The Ultimate Prank,side_special_misc,handwritten_event_driver,11066006,6,1,-431,187,101,121,0,MapMarker,1600179,m00013,Visible,@5208/i11000101,point marker review / confirm sequence slot
etc1g6,110660,The Ultimate Prank,side_special_misc,handwritten_event_driver,11066007,7,1,-431,187,101,121,0,MapMarker,1600179,m00013,Visible,@5208/i11000101,point marker review / confirm sequence slot
etc1g6,110660,The Ultimate Prank,side_special_misc,handwritten_event_driver,11066008,8,1,-431,187,101,121,0,MapMarker,1600179,m00013,Visible,@5208/i11000101,point marker review / confirm sequence slot
etc1g6,110660,The Ultimate Prank,side_special_misc,handwritten_event_driver,11066009,9,1,-431,187,101,121,0,MapMarker,1600179,m00013,Visible,@5208/i11000101,point marker review / confirm sequence slot
etc1g6,110660,The Ultimate Prank,side_special_misc,handwritten_event_driver,11066010,10,1,-431,187,101,121,0,MapMarker,1600179,m00013,Visible,@5208/i11000101,point marker review / confirm sequence slot
etc1g6,110660,The Ultimate Prank,side_special_misc,handwritten_event_driver,11066011,11,1,-431,187,101,121,0,MapMarker,1600179,m00013,Visible,@5208/i11000101,point marker review / confirm sequence slot
etc1g6,110660,The Ultimate Prank,side_special_misc,handwritten_event_driver,11066012,12,1,-431,187,101,121,0,MapMarker,1600179,m00013,Visible,@5208/i11000101,point marker review / confirm sequence slot
etc1g6,110660,The Ultimate Prank,side_special_misc,handwritten_event_driver,11066013,13,1,-431,187,101,121,0,MapMarker,1600179,m00013,Visible,@5208/i11000101,point marker review / confirm sequence slot
etc1g6,110660,The Ultimate Prank,side_special_misc,handwritten_event_driver,11066014,14,1,-431,187,101,121,0,MapMarker,1600179,m00013,Visible,@5208/i11000101,point marker review / confirm sequence slot
etc1g6,110660,The Ultimate Prank,side_special_misc,handwritten_event_driver,11066015,15,1,-431,187,101,121,0,MapMarker,1600179,m00013,Visible,@5208/i11000101,point marker review / confirm sequence slot
etc1g6,110660,The Ultimate Prank,side_special_misc,handwritten_event_driver,11066016,16,1,-431,187,101,121,0,MapMarker,1600179,m00013,Visible,@5208/i11000101,point marker review / confirm sequence slot
etc1g6,110660,The Ultimate Prank,side_special_misc,handwritten_event_driver,11066017,17,1,-431,187,101,121,0,MapMarker,1600179,m00013,Visible,@5208/i11000101,point marker review / confirm sequence slot
etc1g6,110660,The Ultimate Prank,side_special_misc,handwritten_event_driver,11066018,18,1,-431,187,101,121,0,MapMarker,1600179,m00013,Visible,@5208/i11000101,point marker review / confirm sequence slot
etc1g6,110660,The Ultimate Prank,side_special_misc,handwritten_event_driver,11066019,19,1,-431,187,101,121,0,MapMarker,1600179,m00013,Visible,@5208/i11000101,point marker review / confirm sequence slot
etc1g6,110660,The Ultimate Prank,side_special_misc,handwritten_event_driver,11066020,20,1,-431,187,101,121,0,MapMarker,1600179,m00013,Visible,@5208/i11000101,point marker review / confirm sequence slot
etc1g8,110662,Say it with Wolf Tails,side_special_misc,handwritten_event_driver,11066201,1,1,210,-1586,103,321,0,MapMarkerQuest,1000112,m00013,Visible,@5208/i11066201,quest sequence marker review / getSequenceMarkerList
etc1g8,110662,Say it with Wolf Tails,side_special_misc,handwritten_event_driver,11066202,2,1,-533,86,101,121,50,MapMarkerQuest,1100136,m00013,Visible,@5208/i11066202,quest sequence marker review / getSequenceMarkerList
etc1g8,110662,Say it with Wolf Tails,side_special_misc,handwritten_event_driver,11066203,3,1,-1010.900024,-2319.540039,103,311,0,MapMarkerQuestArea,4000257,m00018,Visible,@5208/i11066203,marker table review
etc1g8,110662,Say it with Wolf Tails,side_special_misc,handwritten_event_driver,11066204,4,1,-431,187,101,121,0,MapMarker,1600179,m00013,Visible,@5208/i11000101,point marker review / confirm sequence slot
etc1g8,110662,Say it with Wolf Tails,side_special_misc,handwritten_event_driver,11066205,5,1,-431,187,101,121,0,MapMarker,1600179,m00013,Visible,@5208/i11000101,point marker review / confirm sequence slot
etc1g8,110662,Say it with Wolf Tails,side_special_misc,handwritten_event_driver,11066206,6,1,-431,187,101,121,0,MapMarker,1600179,m00013,Visible,@5208/i11000101,point marker review / confirm sequence slot
etc1g8,110662,Say it with Wolf Tails,side_special_misc,handwritten_event_driver,11066207,7,1,-431,187,101,121,0,MapMarker,1600179,m00013,Visible,@5208/i11000101,point marker review / confirm sequence slot
etc1g8,110662,Say it with Wolf Tails,side_special_misc,handwritten_event_driver,11066208,8,1,-431,187,101,121,0,MapMarker,1600179,m00013,Visible,@5208/i11000101,point marker review / confirm sequence slot
etc1g8,110662,Say it with Wolf Tails,side_special_misc,handwritten_event_driver,11066209,9,1,-431,187,101,121,0,MapMarker,1600179,m00013,Visible,@5208/i11000101,point marker review / confirm sequence slot
etc1g8,110662,Say it with Wolf Tails,side_special_misc,handwritten_event_driver,11066210,10,1,-431,187,101,121,0,MapMarker,1600179,m00013,Visible,@5208/i11000101,point marker review / confirm sequence slot
etc1g8,110662,Say it with Wolf Tails,side_special_misc,handwritten_event_driver,11066211,11,1,-431,187,101,121,0,MapMarker,1600179,m00013,Visible,@5208/i11000101,point marker review / confirm sequence slot
etc1g8,110662,Say it with Wolf Tails,side_special_misc,handwritten_event_driver,11066212,12,1,-431,187,101,121,0,MapMarker,1600179,m00013,Visible,@5208/i11000101,point marker review / confirm sequence slot
etc1g8,110662,Say it with Wolf Tails,side_special_misc,handwritten_event_driver,11066213,13,1,-431,187,101,121,0,MapMarker,1600179,m00013,Visible,@5208/i11000101,point marker review / confirm sequence slot
etc1g8,110662,Say it with Wolf Tails,side_special_misc,handwritten_event_driver,11066214,14,1,-431,187,101,121,0,MapMarker,1600179,m00013,Visible,@5208/i11000101,point marker review / confirm sequence slot
etc1g8,110662,Say it with Wolf Tails,side_special_misc,handwritten_event_driver,11066215,15,1,-431,187,101,121,0,MapMarker,1600179,m00013,Visible,@5208/i11000101,point marker review / confirm sequence slot
etc1g8,110662,Say it with Wolf Tails,side_special_misc,handwritten_event_driver,11066216,16,1,-431,187,101,121,0,MapMarker,1600179,m00013,Visible,@5208/i11000101,point marker review / confirm sequence slot
etc1g8,110662,Say it with Wolf Tails,side_special_misc,handwritten_event_driver,11066217,17,1,-431,187,101,121,0,MapMarker,1600179,m00013,Visible,@5208/i11000101,point marker review / confirm sequence slot
etc1g8,110662,Say it with Wolf Tails,side_special_misc,handwritten_event_driver,11066218,18,1,-431,187,101,121,0,MapMarker,1600179,m00013,Visible,@5208/i11000101,point marker review / confirm sequence slot
etc1g8,110662,Say it with Wolf Tails,side_special_misc,handwritten_event_driver,11066219,19,1,-431,187,101,121,0,MapMarker,1600179,m00013,Visible,@5208/i11000101,point marker review / confirm sequence slot
etc1g8,110662,Say it with Wolf Tails,side_special_misc,handwritten_event_driver,11066220,20,1,-431,187,101,121,0,MapMarker,1600179,m00013,Visible,@5208/i11000101,point marker review / confirm sequence slot
etc1g9,110663,Embarrassing Excerpts,side_special_misc,handwritten_event_driver,11066301,1,1,-751.929993,-2129.939941,103,311,0,MapMarkerQuestArea,4000257,m00029,Visible,@5208/i11066301,marker table review
etc1g9,110663,Embarrassing Excerpts,side_special_misc,handwritten_event_driver,11066302,2,1,162.789993,-1153.319946,103,321,0,MapMarkerQuest,1600102,m00013,Visible,@5208/i11066302,quest sequence marker review / getSequenceMarkerList
etc1g9,110663,Embarrassing Excerpts,side_special_misc,handwritten_event_driver,11066303,3,1,-431,187,101,121,0,MapMarker,1600179,m00013,Visible,@5208/i11000101,point marker review / confirm sequence slot
etc1g9,110663,Embarrassing Excerpts,side_special_misc,handwritten_event_driver,11066304,4,1,-431,187,101,121,0,MapMarker,1600179,m00013,Visible,@5208/i11000101,point marker review / confirm sequence slot
etc1g9,110663,Embarrassing Excerpts,side_special_misc,handwritten_event_driver,11066305,5,1,-431,187,101,121,0,MapMarker,1600179,m00013,Visible,@5208/i11000101,point marker review / confirm sequence slot
etc1g9,110663,Embarrassing Excerpts,side_special_misc,handwritten_event_driver,11066306,6,1,-431,187,101,121,0,MapMarker,1600179,m00013,Visible,@5208/i11000101,point marker review / confirm sequence slot
etc1g9,110663,Embarrassing Excerpts,side_special_misc,handwritten_event_driver,11066307,7,1,-431,187,101,121,0,MapMarker,1600179,m00013,Visible,@5208/i11000101,point marker review / confirm sequence slot
etc1g9,110663,Embarrassing Excerpts,side_special_misc,handwritten_event_driver,11066308,8,1,-431,187,101,121,0,MapMarker,1600179,m00013,Visible,@5208/i11000101,point marker review / confirm sequence slot
etc1g9,110663,Embarrassing Excerpts,side_special_misc,handwritten_event_driver,11066309,9,1,-431,187,101,121,0,MapMarker,1600179,m00013,Visible,@5208/i11000101,point marker review / confirm sequence slot
etc1g9,110663,Embarrassing Excerpts,side_special_misc,handwritten_event_driver,11066310,10,1,-431,187,101,121,0,MapMarker,1600179,m00013,Visible,@5208/i11000101,point marker review / confirm sequence slot
etc1g9,110663,Embarrassing Excerpts,side_special_misc,handwritten_event_driver,11066311,11,1,-431,187,101,121,0,MapMarker,1600179,m00013,Visible,@5208/i11000101,point marker review / confirm sequence slot
etc1g9,110663,Embarrassing Excerpts,side_special_misc,handwritten_event_driver,11066312,12,1,-431,187,101,121,0,MapMarker,1600179,m00013,Visible,@5208/i11000101,point marker review / confirm sequence slot
etc1g9,110663,Embarrassing Excerpts,side_special_misc,handwritten_event_driver,11066313,13,1,-431,187,101,121,0,MapMarker,1600179,m00013,Visible,@5208/i11000101,point marker review / confirm sequence slot
etc1g9,110663,Embarrassing Excerpts,side_special_misc,handwritten_event_driver,11066314,14,1,-431,187,101,121,0,MapMarker,1600179,m00013,Visible,@5208/i11000101,point marker review / confirm sequence slot
etc1g9,110663,Embarrassing Excerpts,side_special_misc,handwritten_event_driver,11066315,15,1,-431,187,101,121,0,MapMarker,1600179,m00013,Visible,@5208/i11000101,point marker review / confirm sequence slot
etc1g9,110663,Embarrassing Excerpts,side_special_misc,handwritten_event_driver,11066316,16,1,-431,187,101,121,0,MapMarker,1600179,m00013,Visible,@5208/i11000101,point marker review / confirm sequence slot
etc1g9,110663,Embarrassing Excerpts,side_special_misc,handwritten_event_driver,11066317,17,1,-431,187,101,121,0,MapMarker,1600179,m00013,Visible,@5208/i11000101,point marker review / confirm sequence slot
etc1g9,110663,Embarrassing Excerpts,side_special_misc,handwritten_event_driver,11066318,18,1,-431,187,101,121,0,MapMarker,1600179,m00013,Visible,@5208/i11000101,point marker review / confirm sequence slot
etc1g9,110663,Embarrassing Excerpts,side_special_misc,handwritten_event_driver,11066319,19,1,-431,187,101,121,0,MapMarker,1600179,m00013,Visible,@5208/i11000101,point marker review / confirm sequence slot
etc1g9,110663,Embarrassing Excerpts,side_special_misc,handwritten_event_driver,11066320,20,1,-431,187,101,121,0,MapMarker,1600179,m00013,Visible,@5208/i11000101,point marker review / confirm sequence slot
etc1l0,110633,Assessing the Damage,side_special_misc,handwritten_event_driver,11063301,1,1,1598.22998,-1026.76001,101,103,0,MapMarkerQuestArea,4000257,m00018,Visible,@5208/i11063301,marker table review
etc1l0,110633,Assessing the Damage,side_special_misc,handwritten_event_driver,11063302,2,1,-787,194,101,121,0,MapMarkerQuest,1600092,m00013,Visible,@5208/i11063302,quest sequence marker review / getSequenceMarkerList
etc1l0,110633,Assessing the Damage,side_special_misc,handwritten_event_driver,11063303,3,1,-431,187,101,121,0,MapMarker,1600179,m00013,Visible,@5208/i11000101,point marker review / confirm sequence slot
etc1l0,110633,Assessing the Damage,side_special_misc,handwritten_event_driver,11063304,4,1,-431,187,101,121,0,MapMarker,1600179,m00013,Visible,@5208/i11000101,point marker review / confirm sequence slot
etc1l0,110633,Assessing the Damage,side_special_misc,handwritten_event_driver,11063305,5,1,-431,187,101,121,0,MapMarker,1600179,m00013,Visible,@5208/i11000101,point marker review / confirm sequence slot
etc1l0,110633,Assessing the Damage,side_special_misc,handwritten_event_driver,11063306,6,1,-431,187,101,121,0,MapMarker,1600179,m00013,Visible,@5208/i11000101,point marker review / confirm sequence slot
etc1l0,110633,Assessing the Damage,side_special_misc,handwritten_event_driver,11063307,7,1,-431,187,101,121,0,MapMarker,1600179,m00013,Visible,@5208/i11000101,point marker review / confirm sequence slot
etc1l0,110633,Assessing the Damage,side_special_misc,handwritten_event_driver,11063308,8,1,-431,187,101,121,0,MapMarker,1600179,m00013,Visible,@5208/i11000101,point marker review / confirm sequence slot
etc1l0,110633,Assessing the Damage,side_special_misc,handwritten_event_driver,11063309,9,1,-431,187,101,121,0,MapMarker,1600179,m00013,Visible,@5208/i11000101,point marker review / confirm sequence slot
etc1l0,110633,Assessing the Damage,side_special_misc,handwritten_event_driver,11063310,10,1,-431,187,101,121,0,MapMarker,1600179,m00013,Visible,@5208/i11000101,point marker review / confirm sequence slot
etc1l0,110633,Assessing the Damage,side_special_misc,handwritten_event_driver,11063311,11,1,-431,187,101,121,0,MapMarker,1600179,m00013,Visible,@5208/i11000101,point marker review / confirm sequence slot
etc1l0,110633,Assessing the Damage,side_special_misc,handwritten_event_driver,11063312,12,1,-431,187,101,121,0,MapMarker,1600179,m00013,Visible,@5208/i11000101,point marker review / confirm sequence slot
etc1l0,110633,Assessing the Damage,side_special_misc,handwritten_event_driver,11063313,13,1,-431,187,101,121,0,MapMarker,1600179,m00013,Visible,@5208/i11000101,point marker review / confirm sequence slot
etc1l0,110633,Assessing the Damage,side_special_misc,handwritten_event_driver,11063314,14,1,-431,187,101,121,0,MapMarker,1600179,m00013,Visible,@5208/i11000101,point marker review / confirm sequence slot
etc1l0,110633,Assessing the Damage,side_special_misc,handwritten_event_driver,11063315,15,1,-431,187,101,121,0,MapMarker,1600179,m00013,Visible,@5208/i11000101,point marker review / confirm sequence slot
etc1l0,110633,Assessing the Damage,side_special_misc,handwritten_event_driver,11063316,16,1,-431,187,101,121,0,MapMarker,1600179,m00013,Visible,@5208/i11000101,point marker review / confirm sequence slot
etc1l0,110633,Assessing the Damage,side_special_misc,handwritten_event_driver,11063317,17,1,-431,187,101,121,0,MapMarker,1600179,m00013,Visible,@5208/i11000101,point marker review / confirm sequence slot
etc1l0,110633,Assessing the Damage,side_special_misc,handwritten_event_driver,11063318,18,1,-431,187,101,121,0,MapMarker,1600179,m00013,Visible,@5208/i11000101,point marker review / confirm sequence slot
etc1l0,110633,Assessing the Damage,side_special_misc,handwritten_event_driver,11063319,19,1,-431,187,101,121,0,MapMarker,1600179,m00013,Visible,@5208/i11000101,point marker review / confirm sequence slot
etc1l0,110633,Assessing the Damage,side_special_misc,handwritten_event_driver,11063320,20,1,-431,187,101,121,0,MapMarker,1600179,m00013,Visible,@5208/i11000101,point marker review / confirm sequence slot
etc1l1,110634,Bridging the Gap,side_special_misc,handwritten_event_driver,11063401,1,1,7.95,366.940002,101,101,0,MapMarkerQuestArea,4000257,m00018,Visible,@5208/i11063401,marker table review
etc1l1,110634,Bridging the Gap,side_special_misc,handwritten_event_driver,11063402,2,1,-475.290009,436.079987,101,121,50,MapMarkerQuest,1500052,m00013,Visible,@5208/i11063402,quest sequence marker review / getSequenceMarkerList
etc1l1,110634,Bridging the Gap,side_special_misc,handwritten_event_driver,11063403,3,1,-431,187,101,121,0,MapMarker,1600179,m00013,Visible,@5208/i11000101,point marker review / confirm sequence slot
etc1l1,110634,Bridging the Gap,side_special_misc,handwritten_event_driver,11063404,4,1,-431,187,101,121,0,MapMarker,1600179,m00013,Visible,@5208/i11000101,point marker review / confirm sequence slot
etc1l1,110634,Bridging the Gap,side_special_misc,handwritten_event_driver,11063405,5,1,-431,187,101,121,0,MapMarker,1600179,m00013,Visible,@5208/i11000101,point marker review / confirm sequence slot
etc1l1,110634,Bridging the Gap,side_special_misc,handwritten_event_driver,11063406,6,1,-431,187,101,121,0,MapMarker,1600179,m00013,Visible,@5208/i11000101,point marker review / confirm sequence slot
etc1l1,110634,Bridging the Gap,side_special_misc,handwritten_event_driver,11063407,7,1,-431,187,101,121,0,MapMarker,1600179,m00013,Visible,@5208/i11000101,point marker review / confirm sequence slot
etc1l1,110634,Bridging the Gap,side_special_misc,handwritten_event_driver,11063408,8,1,-431,187,101,121,0,MapMarker,1600179,m00013,Visible,@5208/i11000101,point marker review / confirm sequence slot
etc1l1,110634,Bridging the Gap,side_special_misc,handwritten_event_driver,11063409,9,1,-431,187,101,121,0,MapMarker,1600179,m00013,Visible,@5208/i11000101,point marker review / confirm sequence slot
etc1l1,110634,Bridging the Gap,side_special_misc,handwritten_event_driver,11063410,10,1,-431,187,101,121,0,MapMarker,1600179,m00013,Visible,@5208/i11000101,point marker review / confirm sequence slot
etc1l1,110634,Bridging the Gap,side_special_misc,handwritten_event_driver,11063411,11,1,-431,187,101,121,0,MapMarker,1600179,m00013,Visible,@5208/i11000101,point marker review / confirm sequence slot
etc1l1,110634,Bridging the Gap,side_special_misc,handwritten_event_driver,11063412,12,1,-431,187,101,121,0,MapMarker,1600179,m00013,Visible,@5208/i11000101,point marker review / confirm sequence slot
etc1l1,110634,Bridging the Gap,side_special_misc,handwritten_event_driver,11063413,13,1,-431,187,101,121,0,MapMarker,1600179,m00013,Visible,@5208/i11000101,point marker review / confirm sequence slot
etc1l1,110634,Bridging the Gap,side_special_misc,handwritten_event_driver,11063414,14,1,-431,187,101,121,0,MapMarker,1600179,m00013,Visible,@5208/i11000101,point marker review / confirm sequence slot
etc1l1,110634,Bridging the Gap,side_special_misc,handwritten_event_driver,11063415,15,1,-431,187,101,121,0,MapMarker,1600179,m00013,Visible,@5208/i11000101,point marker review / confirm sequence slot
etc1l1,110634,Bridging the Gap,side_special_misc,handwritten_event_driver,11063416,16,1,-431,187,101,121,0,MapMarker,1600179,m00013,Visible,@5208/i11000101,point marker review / confirm sequence slot
etc1l1,110634,Bridging the Gap,side_special_misc,handwritten_event_driver,11063417,17,1,-431,187,101,121,0,MapMarker,1600179,m00013,Visible,@5208/i11000101,point marker review / confirm sequence slot
etc1l1,110634,Bridging the Gap,side_special_misc,handwritten_event_driver,11063418,18,1,-431,187,101,121,0,MapMarker,1600179,m00013,Visible,@5208/i11000101,point marker review / confirm sequence slot
etc1l1,110634,Bridging the Gap,side_special_misc,handwritten_event_driver,11063419,19,1,-431,187,101,121,0,MapMarker,1600179,m00013,Visible,@5208/i11000101,point marker review / confirm sequence slot
etc1l1,110634,Bridging the Gap,side_special_misc,handwritten_event_driver,11063420,20,1,-431,187,101,121,0,MapMarker,1600179,m00013,Visible,@5208/i11000101,point marker review / confirm sequence slot
etc1l3,110636,Revenge on the Reavers,side_special_misc,handwritten_event_driver,11063601,1,1,-1741.76001,-1848.430054,101,111,0,MapMarkerQuestArea,4000257,m00018,Visible,@5208/i11063601,marker table review
etc1l3,110636,Revenge on the Reavers,side_special_misc,handwritten_event_driver,11063602,2,1,-611,-67,101,121,50,MapMarkerQuest,1200039,m00013,Visible,@5208/i11063602,quest sequence marker review / getSequenceMarkerList
etc1l3,110636,Revenge on the Reavers,side_special_misc,handwritten_event_driver,11063603,3,1,-431,187,101,121,0,MapMarker,1600179,m00013,Visible,@5208/i11000101,point marker review / confirm sequence slot
etc1l3,110636,Revenge on the Reavers,side_special_misc,handwritten_event_driver,11063604,4,1,-431,187,101,121,0,MapMarker,1600179,m00013,Visible,@5208/i11000101,point marker review / confirm sequence slot
etc1l3,110636,Revenge on the Reavers,side_special_misc,handwritten_event_driver,11063605,5,1,-431,187,101,121,0,MapMarker,1600179,m00013,Visible,@5208/i11000101,point marker review / confirm sequence slot
etc1l3,110636,Revenge on the Reavers,side_special_misc,handwritten_event_driver,11063606,6,1,-431,187,101,121,0,MapMarker,1600179,m00013,Visible,@5208/i11000101,point marker review / confirm sequence slot
etc1l3,110636,Revenge on the Reavers,side_special_misc,handwritten_event_driver,11063607,7,1,-431,187,101,121,0,MapMarker,1600179,m00013,Visible,@5208/i11000101,point marker review / confirm sequence slot
etc1l3,110636,Revenge on the Reavers,side_special_misc,handwritten_event_driver,11063608,8,1,-431,187,101,121,0,MapMarker,1600179,m00013,Visible,@5208/i11000101,point marker review / confirm sequence slot
etc1l3,110636,Revenge on the Reavers,side_special_misc,handwritten_event_driver,11063609,9,1,-431,187,101,121,0,MapMarker,1600179,m00013,Visible,@5208/i11000101,point marker review / confirm sequence slot
etc1l3,110636,Revenge on the Reavers,side_special_misc,handwritten_event_driver,11063610,10,1,-431,187,101,121,0,MapMarker,1600179,m00013,Visible,@5208/i11000101,point marker review / confirm sequence slot
etc1l3,110636,Revenge on the Reavers,side_special_misc,handwritten_event_driver,11063611,11,1,-431,187,101,121,0,MapMarker,1600179,m00013,Visible,@5208/i11000101,point marker review / confirm sequence slot
etc1l3,110636,Revenge on the Reavers,side_special_misc,handwritten_event_driver,11063612,12,1,-431,187,101,121,0,MapMarker,1600179,m00013,Visible,@5208/i11000101,point marker review / confirm sequence slot
etc1l3,110636,Revenge on the Reavers,side_special_misc,handwritten_event_driver,11063613,13,1,-431,187,101,121,0,MapMarker,1600179,m00013,Visible,@5208/i11000101,point marker review / confirm sequence slot
etc1l3,110636,Revenge on the Reavers,side_special_misc,handwritten_event_driver,11063614,14,1,-431,187,101,121,0,MapMarker,1600179,m00013,Visible,@5208/i11000101,point marker review / confirm sequence slot
etc1l3,110636,Revenge on the Reavers,side_special_misc,handwritten_event_driver,11063615,15,1,-431,187,101,121,0,MapMarker,1600179,m00013,Visible,@5208/i11000101,point marker review / confirm sequence slot
etc1l3,110636,Revenge on the Reavers,side_special_misc,handwritten_event_driver,11063616,16,1,-431,187,101,121,0,MapMarker,1600179,m00013,Visible,@5208/i11000101,point marker review / confirm sequence slot
etc1l3,110636,Revenge on the Reavers,side_special_misc,handwritten_event_driver,11063617,17,1,-431,187,101,121,0,MapMarker,1600179,m00013,Visible,@5208/i11000101,point marker review / confirm sequence slot
etc1l3,110636,Revenge on the Reavers,side_special_misc,handwritten_event_driver,11063618,18,1,-431,187,101,121,0,MapMarker,1600179,m00013,Visible,@5208/i11000101,point marker review / confirm sequence slot
etc1l3,110636,Revenge on the Reavers,side_special_misc,handwritten_event_driver,11063619,19,1,-431,187,101,121,0,MapMarker,1600179,m00013,Visible,@5208/i11000101,point marker review / confirm sequence slot
etc1l3,110636,Revenge on the Reavers,side_special_misc,handwritten_event_driver,11063620,20,1,-431,187,101,121,0,MapMarker,1600179,m00013,Visible,@5208/i11000101,point marker review / confirm sequence slot
etc1l5,110638,Till Death Do Us Part,side_special_misc,handwritten_event_driver,11063801,1,1,1096.119995,-578.47998,101,103,0,MapMarkerQuestArea,4000257,m00018,Visible,@5208/i11063801,marker table review
etc1l5,110638,Till Death Do Us Part,side_special_misc,handwritten_event_driver,11063802,2,1,-522.919983,20.98,101,121,50,MapMarkerQuest,1900024,m00013,Visible,@5208/i11063802,quest sequence marker review / getSequenceMarkerList
etc1l5,110638,Till Death Do Us Part,side_special_misc,handwritten_event_driver,11063803,3,1,-431,187,101,121,0,MapMarker,1600179,m00013,Visible,@5208/i11000101,point marker review / confirm sequence slot
etc1l5,110638,Till Death Do Us Part,side_special_misc,handwritten_event_driver,11063804,4,1,-431,187,101,121,0,MapMarker,1600179,m00013,Visible,@5208/i11000101,point marker review / confirm sequence slot
etc1l5,110638,Till Death Do Us Part,side_special_misc,handwritten_event_driver,11063805,5,1,-431,187,101,121,0,MapMarker,1600179,m00013,Visible,@5208/i11000101,point marker review / confirm sequence slot
etc1l5,110638,Till Death Do Us Part,side_special_misc,handwritten_event_driver,11063806,6,1,-431,187,101,121,0,MapMarker,1600179,m00013,Visible,@5208/i11000101,point marker review / confirm sequence slot
etc1l5,110638,Till Death Do Us Part,side_special_misc,handwritten_event_driver,11063807,7,1,-431,187,101,121,0,MapMarker,1600179,m00013,Visible,@5208/i11000101,point marker review / confirm sequence slot
etc1l5,110638,Till Death Do Us Part,side_special_misc,handwritten_event_driver,11063808,8,1,-431,187,101,121,0,MapMarker,1600179,m00013,Visible,@5208/i11000101,point marker review / confirm sequence slot
etc1l5,110638,Till Death Do Us Part,side_special_misc,handwritten_event_driver,11063809,9,1,-431,187,101,121,0,MapMarker,1600179,m00013,Visible,@5208/i11000101,point marker review / confirm sequence slot
etc1l5,110638,Till Death Do Us Part,side_special_misc,handwritten_event_driver,11063810,10,1,-431,187,101,121,0,MapMarker,1600179,m00013,Visible,@5208/i11000101,point marker review / confirm sequence slot
etc1l5,110638,Till Death Do Us Part,side_special_misc,handwritten_event_driver,11063811,11,1,-431,187,101,121,0,MapMarker,1600179,m00013,Visible,@5208/i11000101,point marker review / confirm sequence slot
etc1l5,110638,Till Death Do Us Part,side_special_misc,handwritten_event_driver,11063812,12,1,-431,187,101,121,0,MapMarker,1600179,m00013,Visible,@5208/i11000101,point marker review / confirm sequence slot
etc1l5,110638,Till Death Do Us Part,side_special_misc,handwritten_event_driver,11063813,13,1,-431,187,101,121,0,MapMarker,1600179,m00013,Visible,@5208/i11000101,point marker review / confirm sequence slot
etc1l5,110638,Till Death Do Us Part,side_special_misc,handwritten_event_driver,11063814,14,1,-431,187,101,121,0,MapMarker,1600179,m00013,Visible,@5208/i11000101,point marker review / confirm sequence slot
etc1l5,110638,Till Death Do Us Part,side_special_misc,handwritten_event_driver,11063815,15,1,-431,187,101,121,0,MapMarker,1600179,m00013,Visible,@5208/i11000101,point marker review / confirm sequence slot
etc1l5,110638,Till Death Do Us Part,side_special_misc,handwritten_event_driver,11063816,16,1,-431,187,101,121,0,MapMarker,1600179,m00013,Visible,@5208/i11000101,point marker review / confirm sequence slot
etc1l5,110638,Till Death Do Us Part,side_special_misc,handwritten_event_driver,11063817,17,1,-431,187,101,121,0,MapMarker,1600179,m00013,Visible,@5208/i11000101,point marker review / confirm sequence slot
etc1l5,110638,Till Death Do Us Part,side_special_misc,handwritten_event_driver,11063818,18,1,-431,187,101,121,0,MapMarker,1600179,m00013,Visible,@5208/i11000101,point marker review / confirm sequence slot
etc1l5,110638,Till Death Do Us Part,side_special_misc,handwritten_event_driver,11063819,19,1,-431,187,101,121,0,MapMarker,1600179,m00013,Visible,@5208/i11000101,point marker review / confirm sequence slot
etc1l5,110638,Till Death Do Us Part,side_special_misc,handwritten_event_driver,11063820,20,1,-431,187,101,121,0,MapMarker,1600179,m00013,Visible,@5208/i11000101,point marker review / confirm sequence slot
etc1l6,110639,Beryl Overboard,side_special_misc,handwritten_event_driver,11063901,1,1,1086.939941,-1079.880005,101,103,0,MapMarkerQuestArea,4000257,m00018,Visible,@5208/i11063901,marker table review
etc1l6,110639,Beryl Overboard,side_special_misc,handwritten_event_driver,11063902,2,1,-782.25,386.959991,101,121,0,MapMarkerQuest,1400059,m00013,Visible,@5208/i11063902,quest sequence marker review / getSequenceMarkerList
etc1l6,110639,Beryl Overboard,side_special_misc,handwritten_event_driver,11063903,3,1,-431,187,101,121,0,MapMarker,1600179,m00013,Visible,@5208/i11000101,point marker review / confirm sequence slot
etc1l6,110639,Beryl Overboard,side_special_misc,handwritten_event_driver,11063904,4,1,-431,187,101,121,0,MapMarker,1600179,m00013,Visible,@5208/i11000101,point marker review / confirm sequence slot
etc1l6,110639,Beryl Overboard,side_special_misc,handwritten_event_driver,11063905,5,1,-431,187,101,121,0,MapMarker,1600179,m00013,Visible,@5208/i11000101,point marker review / confirm sequence slot
etc1l6,110639,Beryl Overboard,side_special_misc,handwritten_event_driver,11063906,6,1,-431,187,101,121,0,MapMarker,1600179,m00013,Visible,@5208/i11000101,point marker review / confirm sequence slot
etc1l6,110639,Beryl Overboard,side_special_misc,handwritten_event_driver,11063907,7,1,-431,187,101,121,0,MapMarker,1600179,m00013,Visible,@5208/i11000101,point marker review / confirm sequence slot
etc1l6,110639,Beryl Overboard,side_special_misc,handwritten_event_driver,11063908,8,1,-431,187,101,121,0,MapMarker,1600179,m00013,Visible,@5208/i11000101,point marker review / confirm sequence slot
etc1l6,110639,Beryl Overboard,side_special_misc,handwritten_event_driver,11063909,9,1,-431,187,101,121,0,MapMarker,1600179,m00013,Visible,@5208/i11000101,point marker review / confirm sequence slot
etc1l6,110639,Beryl Overboard,side_special_misc,handwritten_event_driver,11063910,10,1,-431,187,101,121,0,MapMarker,1600179,m00013,Visible,@5208/i11000101,point marker review / confirm sequence slot
etc1l6,110639,Beryl Overboard,side_special_misc,handwritten_event_driver,11063911,11,1,-431,187,101,121,0,MapMarker,1600179,m00013,Visible,@5208/i11000101,point marker review / confirm sequence slot
etc1l6,110639,Beryl Overboard,side_special_misc,handwritten_event_driver,11063912,12,1,-431,187,101,121,0,MapMarker,1600179,m00013,Visible,@5208/i11000101,point marker review / confirm sequence slot
etc1l6,110639,Beryl Overboard,side_special_misc,handwritten_event_driver,11063913,13,1,-431,187,101,121,0,MapMarker,1600179,m00013,Visible,@5208/i11000101,point marker review / confirm sequence slot
etc1l6,110639,Beryl Overboard,side_special_misc,handwritten_event_driver,11063914,14,1,-431,187,101,121,0,MapMarker,1600179,m00013,Visible,@5208/i11000101,point marker review / confirm sequence slot
etc1l6,110639,Beryl Overboard,side_special_misc,handwritten_event_driver,11063915,15,1,-431,187,101,121,0,MapMarker,1600179,m00013,Visible,@5208/i11000101,point marker review / confirm sequence slot
etc1l6,110639,Beryl Overboard,side_special_misc,handwritten_event_driver,11063916,16,1,-431,187,101,121,0,MapMarker,1600179,m00013,Visible,@5208/i11000101,point marker review / confirm sequence slot
etc1l6,110639,Beryl Overboard,side_special_misc,handwritten_event_driver,11063917,17,1,-431,187,101,121,0,MapMarker,1600179,m00013,Visible,@5208/i11000101,point marker review / confirm sequence slot
etc1l6,110639,Beryl Overboard,side_special_misc,handwritten_event_driver,11063918,18,1,-431,187,101,121,0,MapMarker,1600179,m00013,Visible,@5208/i11000101,point marker review / confirm sequence slot
etc1l6,110639,Beryl Overboard,side_special_misc,handwritten_event_driver,11063919,19,1,-431,187,101,121,0,MapMarker,1600179,m00013,Visible,@5208/i11000101,point marker review / confirm sequence slot
etc1l6,110639,Beryl Overboard,side_special_misc,handwritten_event_driver,11063920,20,1,-431,187,101,121,0,MapMarker,1600179,m00013,Visible,@5208/i11000101,point marker review / confirm sequence slot
etc1l7,110640,Have You Seen My Son,side_special_misc,handwritten_event_driver,11064001,1,1,-110,305,104,421,0,MapMarkerQuest,1400031,m00013,Visible,@5208/i11064001,quest sequence marker review / getSequenceMarkerList
etc1l7,110640,Have You Seen My Son,side_special_misc,handwritten_event_driver,11064002,2,1,-71,57,104,421,0,MapMarkerQuest,1300097,m00013,Visible,@5208/i11064002,quest sequence marker review / getSequenceMarkerList
etc1l7,110640,Have You Seen My Son,side_special_misc,handwritten_event_driver,11064003,3,1,55.77,-1457.699951,104,412,0,MapMarkerQuestArea,4000257,m00018,Visible,@5208/i11064003,marker table review
etc1l7,110640,Have You Seen My Son,side_special_misc,handwritten_event_driver,11064004,4,1,-431,187,101,121,0,MapMarker,1600179,m00013,Visible,@5208/i11000101,point marker review / confirm sequence slot
etc1l7,110640,Have You Seen My Son,side_special_misc,handwritten_event_driver,11064005,5,1,-431,187,101,121,0,MapMarker,1600179,m00013,Visible,@5208/i11000101,point marker review / confirm sequence slot
etc1l7,110640,Have You Seen My Son,side_special_misc,handwritten_event_driver,11064006,6,1,-431,187,101,121,0,MapMarker,1600179,m00013,Visible,@5208/i11000101,point marker review / confirm sequence slot
etc1l7,110640,Have You Seen My Son,side_special_misc,handwritten_event_driver,11064007,7,1,-431,187,101,121,0,MapMarker,1600179,m00013,Visible,@5208/i11000101,point marker review / confirm sequence slot
etc1l7,110640,Have You Seen My Son,side_special_misc,handwritten_event_driver,11064008,8,1,-431,187,101,121,0,MapMarker,1600179,m00013,Visible,@5208/i11000101,point marker review / confirm sequence slot
etc1l7,110640,Have You Seen My Son,side_special_misc,handwritten_event_driver,11064009,9,1,-431,187,101,121,0,MapMarker,1600179,m00013,Visible,@5208/i11000101,point marker review / confirm sequence slot
etc1l7,110640,Have You Seen My Son,side_special_misc,handwritten_event_driver,11064010,10,1,-431,187,101,121,0,MapMarker,1600179,m00013,Visible,@5208/i11000101,point marker review / confirm sequence slot
etc1l7,110640,Have You Seen My Son,side_special_misc,handwritten_event_driver,11064011,11,1,-431,187,101,121,0,MapMarker,1600179,m00013,Visible,@5208/i11000101,point marker review / confirm sequence slot
etc1l7,110640,Have You Seen My Son,side_special_misc,handwritten_event_driver,11064012,12,1,-431,187,101,121,0,MapMarker,1600179,m00013,Visible,@5208/i11000101,point marker review / confirm sequence slot
etc1l7,110640,Have You Seen My Son,side_special_misc,handwritten_event_driver,11064013,13,1,-431,187,101,121,0,MapMarker,1600179,m00013,Visible,@5208/i11000101,point marker review / confirm sequence slot
etc1l7,110640,Have You Seen My Son,side_special_misc,handwritten_event_driver,11064014,14,1,-431,187,101,121,0,MapMarker,1600179,m00013,Visible,@5208/i11000101,point marker review / confirm sequence slot
etc1l7,110640,Have You Seen My Son,side_special_misc,handwritten_event_driver,11064015,15,1,-431,187,101,121,0,MapMarker,1600179,m00013,Visible,@5208/i11000101,point marker review / confirm sequence slot
etc1l7,110640,Have You Seen My Son,side_special_misc,handwritten_event_driver,11064016,16,1,-431,187,101,121,0,MapMarker,1600179,m00013,Visible,@5208/i11000101,point marker review / confirm sequence slot
etc1l7,110640,Have You Seen My Son,side_special_misc,handwritten_event_driver,11064017,17,1,-431,187,101,121,0,MapMarker,1600179,m00013,Visible,@5208/i11000101,point marker review / confirm sequence slot
etc1l7,110640,Have You Seen My Son,side_special_misc,handwritten_event_driver,11064018,18,1,-431,187,101,121,0,MapMarker,1600179,m00013,Visible,@5208/i11000101,point marker review / confirm sequence slot
etc1l7,110640,Have You Seen My Son,side_special_misc,handwritten_event_driver,11064019,19,1,-431,187,101,121,0,MapMarker,1600179,m00013,Visible,@5208/i11000101,point marker review / confirm sequence slot
etc1l7,110640,Have You Seen My Son,side_special_misc,handwritten_event_driver,11064020,20,1,-431,187,101,121,0,MapMarker,1600179,m00013,Visible,@5208/i11000101,point marker review / confirm sequence slot
etc1l8,110641,Food for Thought,side_special_misc,handwritten_event_driver,11064101,1,1,-492.380005,362.820007,101,121,50,MapMarkerQuest,1100182,m00013,Visible,@5208/i11064101,quest sequence marker review / getSequenceMarkerList
etc1l8,110641,Food for Thought,side_special_misc,handwritten_event_driver,11064102,2,1,-489.559998,184.910004,101,121,0,MapMarkerQuest,1600006,m00013,Visible,@5208/i11064102,quest sequence marker review / getSequenceMarkerList
etc1l8,110641,Food for Thought,side_special_misc,handwritten_event_driver,11064103,3,1,-493.899994,337.980011,101,121,50,MapMarkerQuest,1200047,m00013,Visible,@5208/i11064103,quest sequence marker review / getSequenceMarkerList
etc1l8,110641,Food for Thought,side_special_misc,handwritten_event_driver,11064104,4,1,-769.630005,386.51001,101,121,0,MapMarkerQuest,2470002,m00013,Visible,@5208/i11064104,quest sequence marker review / getSequenceMarkerList
etc1l8,110641,Food for Thought,side_special_misc,handwritten_event_driver,11064105,5,1,-777.01001,247.490005,101,121,0,MapMarkerQuest,1900038,m00013,Visible,@5208/i11064105,quest sequence marker review / getSequenceMarkerList
etc1l8,110641,Food for Thought,side_special_misc,handwritten_event_driver,11064106,6,1,-498.890015,304.779999,101,121,50,MapMarkerQuest,1500033,m00013,Visible,@5208/i11064106,quest sequence marker review / getSequenceMarkerList
etc1l8,110641,Food for Thought,side_special_misc,handwritten_event_driver,11064107,7,1,-431,187,101,121,0,MapMarker,1600179,m00013,Visible,@5208/i11000101,point marker review / confirm sequence slot
etc1l8,110641,Food for Thought,side_special_misc,handwritten_event_driver,11064108,8,1,-431,187,101,121,0,MapMarker,1600179,m00013,Visible,@5208/i11000101,point marker review / confirm sequence slot
etc1l8,110641,Food for Thought,side_special_misc,handwritten_event_driver,11064109,9,1,-431,187,101,121,0,MapMarker,1600179,m00013,Visible,@5208/i11000101,point marker review / confirm sequence slot
etc1l8,110641,Food for Thought,side_special_misc,handwritten_event_driver,11064110,10,1,-431,187,101,121,0,MapMarker,1600179,m00013,Visible,@5208/i11000101,point marker review / confirm sequence slot
etc1l8,110641,Food for Thought,side_special_misc,handwritten_event_driver,11064111,11,1,-431,187,101,121,0,MapMarker,1600179,m00013,Visible,@5208/i11000101,point marker review / confirm sequence slot
etc1l8,110641,Food for Thought,side_special_misc,handwritten_event_driver,11064112,12,1,-431,187,101,121,0,MapMarker,1600179,m00013,Visible,@5208/i11000101,point marker review / confirm sequence slot
etc1l8,110641,Food for Thought,side_special_misc,handwritten_event_driver,11064113,13,1,-431,187,101,121,0,MapMarker,1600179,m00013,Visible,@5208/i11000101,point marker review / confirm sequence slot
etc1l8,110641,Food for Thought,side_special_misc,handwritten_event_driver,11064114,14,1,-431,187,101,121,0,MapMarker,1600179,m00013,Visible,@5208/i11000101,point marker review / confirm sequence slot
etc1l8,110641,Food for Thought,side_special_misc,handwritten_event_driver,11064115,15,1,-431,187,101,121,0,MapMarker,1600179,m00013,Visible,@5208/i11000101,point marker review / confirm sequence slot
etc1l8,110641,Food for Thought,side_special_misc,handwritten_event_driver,11064116,16,1,-431,187,101,121,0,MapMarker,1600179,m00013,Visible,@5208/i11000101,point marker review / confirm sequence slot
etc1l8,110641,Food for Thought,side_special_misc,handwritten_event_driver,11064117,17,1,-431,187,101,121,0,MapMarker,1600179,m00013,Visible,@5208/i11000101,point marker review / confirm sequence slot
etc1l8,110641,Food for Thought,side_special_misc,handwritten_event_driver,11064118,18,1,-431,187,101,121,0,MapMarker,1600179,m00013,Visible,@5208/i11000101,point marker review / confirm sequence slot
etc1l8,110641,Food for Thought,side_special_misc,handwritten_event_driver,11064119,19,1,-431,187,101,121,0,MapMarker,1600179,m00013,Visible,@5208/i11000101,point marker review / confirm sequence slot
etc1l8,110641,Food for Thought,side_special_misc,handwritten_event_driver,11064120,20,1,-431,187,101,121,0,MapMarker,1600179,m00013,Visible,@5208/i11000101,point marker review / confirm sequence slot
etc1l9,110642,Seashells by the Seashore,side_special_misc,handwritten_event_driver,11064201,1,1,-1332.089966,-609,101,102,0,MapMarkerQuest,1500121,m00013,Visible,@5208/i11064201,quest sequence marker review / getSequenceMarkerList
etc1l9,110642,Seashells by the Seashore,side_special_misc,handwritten_event_driver,11064202,2,1,1267,-827,101,103,0,MapMarkerQuest,4000257,m00013,Visible,@5208/i11064202,quest sequence marker review / getSequenceMarkerList
etc1l9,110642,Seashells by the Seashore,side_special_misc,handwritten_event_driver,11064203,3,1,-431,187,101,121,0,MapMarker,1600179,m00013,Visible,@5208/i11000101,point marker review / confirm sequence slot
etc1l9,110642,Seashells by the Seashore,side_special_misc,handwritten_event_driver,11064204,4,1,-431,187,101,121,0,MapMarker,1600179,m00013,Visible,@5208/i11000101,point marker review / confirm sequence slot
etc1l9,110642,Seashells by the Seashore,side_special_misc,handwritten_event_driver,11064205,5,1,-431,187,101,121,0,MapMarker,1600179,m00013,Visible,@5208/i11000101,point marker review / confirm sequence slot
etc1l9,110642,Seashells by the Seashore,side_special_misc,handwritten_event_driver,11064206,6,1,-431,187,101,121,0,MapMarker,1600179,m00013,Visible,@5208/i11000101,point marker review / confirm sequence slot
etc1l9,110642,Seashells by the Seashore,side_special_misc,handwritten_event_driver,11064207,7,1,-431,187,101,121,0,MapMarker,1600179,m00013,Visible,@5208/i11000101,point marker review / confirm sequence slot
etc1l9,110642,Seashells by the Seashore,side_special_misc,handwritten_event_driver,11064208,8,1,-431,187,101,121,0,MapMarker,1600179,m00013,Visible,@5208/i11000101,point marker review / confirm sequence slot
etc1l9,110642,Seashells by the Seashore,side_special_misc,handwritten_event_driver,11064209,9,1,-431,187,101,121,0,MapMarker,1600179,m00013,Visible,@5208/i11000101,point marker review / confirm sequence slot
etc1l9,110642,Seashells by the Seashore,side_special_misc,handwritten_event_driver,11064210,10,1,-431,187,101,121,0,MapMarker,1600179,m00013,Visible,@5208/i11000101,point marker review / confirm sequence slot
etc1l9,110642,Seashells by the Seashore,side_special_misc,handwritten_event_driver,11064211,11,1,-431,187,101,121,0,MapMarker,1600179,m00013,Visible,@5208/i11000101,point marker review / confirm sequence slot
etc1l9,110642,Seashells by the Seashore,side_special_misc,handwritten_event_driver,11064212,12,1,-431,187,101,121,0,MapMarker,1600179,m00013,Visible,@5208/i11000101,point marker review / confirm sequence slot
etc1l9,110642,Seashells by the Seashore,side_special_misc,handwritten_event_driver,11064213,13,1,-431,187,101,121,0,MapMarker,1600179,m00013,Visible,@5208/i11000101,point marker review / confirm sequence slot
etc1l9,110642,Seashells by the Seashore,side_special_misc,handwritten_event_driver,11064214,14,1,-431,187,101,121,0,MapMarker,1600179,m00013,Visible,@5208/i11000101,point marker review / confirm sequence slot
etc1l9,110642,Seashells by the Seashore,side_special_misc,handwritten_event_driver,11064215,15,1,-431,187,101,121,0,MapMarker,1600179,m00013,Visible,@5208/i11000101,point marker review / confirm sequence slot
etc1l9,110642,Seashells by the Seashore,side_special_misc,handwritten_event_driver,11064216,16,1,-431,187,101,121,0,MapMarker,1600179,m00013,Visible,@5208/i11000101,point marker review / confirm sequence slot
etc1l9,110642,Seashells by the Seashore,side_special_misc,handwritten_event_driver,11064217,17,1,-431,187,101,121,0,MapMarker,1600179,m00013,Visible,@5208/i11000101,point marker review / confirm sequence slot
etc1l9,110642,Seashells by the Seashore,side_special_misc,handwritten_event_driver,11064218,18,1,-431,187,101,121,0,MapMarker,1600179,m00013,Visible,@5208/i11000101,point marker review / confirm sequence slot
etc1l9,110642,Seashells by the Seashore,side_special_misc,handwritten_event_driver,11064219,19,1,-431,187,101,121,0,MapMarker,1600179,m00013,Visible,@5208/i11000101,point marker review / confirm sequence slot
etc1l9,110642,Seashells by the Seashore,side_special_misc,handwritten_event_driver,11064220,20,1,-431,187,101,121,0,MapMarker,1600179,m00013,Visible,@5208/i11000101,point marker review / confirm sequence slot
etc1u0,110675,A Knock in the Night,side_special_misc,handwritten_event_driver,11067501,1,1,-127.519997,-1392.130005,104,412,0,MapMarkerQuestArea,4000257,m00018,Visible,@5208/i11067501,marker table review
etc1u0,110675,A Knock in the Night,side_special_misc,handwritten_event_driver,11067502,2,1,-278.970001,211.559998,104,421,0,MapMarkerQuest,1100290,m00013,Visible,@5208/i11067502,quest sequence marker review / getSequenceMarkerList
etc1u0,110675,A Knock in the Night,side_special_misc,handwritten_event_driver,11067503,3,1,-431,187,101,121,0,MapMarker,1600179,m00013,Visible,@5208/i11000101,point marker review / confirm sequence slot
etc1u0,110675,A Knock in the Night,side_special_misc,handwritten_event_driver,11067504,4,1,-431,187,101,121,0,MapMarker,1600179,m00013,Visible,@5208/i11000101,point marker review / confirm sequence slot
etc1u0,110675,A Knock in the Night,side_special_misc,handwritten_event_driver,11067505,5,1,-431,187,101,121,0,MapMarker,1600179,m00013,Visible,@5208/i11000101,point marker review / confirm sequence slot
etc1u0,110675,A Knock in the Night,side_special_misc,handwritten_event_driver,11067506,6,1,-431,187,101,121,0,MapMarker,1600179,m00013,Visible,@5208/i11000101,point marker review / confirm sequence slot
etc1u0,110675,A Knock in the Night,side_special_misc,handwritten_event_driver,11067507,7,1,-431,187,101,121,0,MapMarker,1600179,m00013,Visible,@5208/i11000101,point marker review / confirm sequence slot
etc1u0,110675,A Knock in the Night,side_special_misc,handwritten_event_driver,11067508,8,1,-431,187,101,121,0,MapMarker,1600179,m00013,Visible,@5208/i11000101,point marker review / confirm sequence slot
etc1u0,110675,A Knock in the Night,side_special_misc,handwritten_event_driver,11067509,9,1,-431,187,101,121,0,MapMarker,1600179,m00013,Visible,@5208/i11000101,point marker review / confirm sequence slot
etc1u0,110675,A Knock in the Night,side_special_misc,handwritten_event_driver,11067510,10,1,-431,187,101,121,0,MapMarker,1600179,m00013,Visible,@5208/i11000101,point marker review / confirm sequence slot
etc1u0,110675,A Knock in the Night,side_special_misc,handwritten_event_driver,11067511,11,1,-431,187,101,121,0,MapMarker,1600179,m00013,Visible,@5208/i11000101,point marker review / confirm sequence slot
etc1u0,110675,A Knock in the Night,side_special_misc,handwritten_event_driver,11067512,12,1,-431,187,101,121,0,MapMarker,1600179,m00013,Visible,@5208/i11000101,point marker review / confirm sequence slot
etc1u0,110675,A Knock in the Night,side_special_misc,handwritten_event_driver,11067513,13,1,-431,187,101,121,0,MapMarker,1600179,m00013,Visible,@5208/i11000101,point marker review / confirm sequence slot
etc1u0,110675,A Knock in the Night,side_special_misc,handwritten_event_driver,11067514,14,1,-431,187,101,121,0,MapMarker,1600179,m00013,Visible,@5208/i11000101,point marker review / confirm sequence slot
etc1u0,110675,A Knock in the Night,side_special_misc,handwritten_event_driver,11067515,15,1,-431,187,101,121,0,MapMarker,1600179,m00013,Visible,@5208/i11000101,point marker review / confirm sequence slot
etc1u0,110675,A Knock in the Night,side_special_misc,handwritten_event_driver,11067516,16,1,-431,187,101,121,0,MapMarker,1600179,m00013,Visible,@5208/i11000101,point marker review / confirm sequence slot
etc1u0,110675,A Knock in the Night,side_special_misc,handwritten_event_driver,11067517,17,1,-431,187,101,121,0,MapMarker,1600179,m00013,Visible,@5208/i11000101,point marker review / confirm sequence slot
etc1u0,110675,A Knock in the Night,side_special_misc,handwritten_event_driver,11067518,18,1,-431,187,101,121,0,MapMarker,1600179,m00013,Visible,@5208/i11000101,point marker review / confirm sequence slot
etc1u0,110675,A Knock in the Night,side_special_misc,handwritten_event_driver,11067519,19,1,-431,187,101,121,0,MapMarker,1600179,m00013,Visible,@5208/i11000101,point marker review / confirm sequence slot
etc1u0,110675,A Knock in the Night,side_special_misc,handwritten_event_driver,11067520,20,1,-431,187,101,121,0,MapMarker,1600179,m00013,Visible,@5208/i11000101,point marker review / confirm sequence slot
etc1u1,110676,Sleepless in Eorzea,side_special_misc,handwritten_event_driver,11067601,1,1,171.570007,-696.690002,104,401,0,MapMarkerQuestArea,4000257,m00018,Visible,@5208/i11067601,marker table review
etc1u1,110676,Sleepless in Eorzea,side_special_misc,handwritten_event_driver,11067602,2,1,-195.009995,293.179993,104,421,50,MapMarkerQuest,1500025,m00013,Visible,@5208/i11067602,quest sequence marker review / getSequenceMarkerList
etc1u1,110676,Sleepless in Eorzea,side_special_misc,handwritten_event_driver,11067603,3,1,-431,187,101,121,0,MapMarker,1600179,m00013,Visible,@5208/i11000101,point marker review / confirm sequence slot
etc1u1,110676,Sleepless in Eorzea,side_special_misc,handwritten_event_driver,11067604,4,1,-431,187,101,121,0,MapMarker,1600179,m00013,Visible,@5208/i11000101,point marker review / confirm sequence slot
etc1u1,110676,Sleepless in Eorzea,side_special_misc,handwritten_event_driver,11067605,5,1,-431,187,101,121,0,MapMarker,1600179,m00013,Visible,@5208/i11000101,point marker review / confirm sequence slot
etc1u1,110676,Sleepless in Eorzea,side_special_misc,handwritten_event_driver,11067606,6,1,-431,187,101,121,0,MapMarker,1600179,m00013,Visible,@5208/i11000101,point marker review / confirm sequence slot
etc1u1,110676,Sleepless in Eorzea,side_special_misc,handwritten_event_driver,11067607,7,1,-431,187,101,121,0,MapMarker,1600179,m00013,Visible,@5208/i11000101,point marker review / confirm sequence slot
etc1u1,110676,Sleepless in Eorzea,side_special_misc,handwritten_event_driver,11067608,8,1,-431,187,101,121,0,MapMarker,1600179,m00013,Visible,@5208/i11000101,point marker review / confirm sequence slot
etc1u1,110676,Sleepless in Eorzea,side_special_misc,handwritten_event_driver,11067609,9,1,-431,187,101,121,0,MapMarker,1600179,m00013,Visible,@5208/i11000101,point marker review / confirm sequence slot
etc1u1,110676,Sleepless in Eorzea,side_special_misc,handwritten_event_driver,11067610,10,1,-431,187,101,121,0,MapMarker,1600179,m00013,Visible,@5208/i11000101,point marker review / confirm sequence slot
etc1u1,110676,Sleepless in Eorzea,side_special_misc,handwritten_event_driver,11067611,11,1,-431,187,101,121,0,MapMarker,1600179,m00013,Visible,@5208/i11000101,point marker review / confirm sequence slot
etc1u1,110676,Sleepless in Eorzea,side_special_misc,handwritten_event_driver,11067612,12,1,-431,187,101,121,0,MapMarker,1600179,m00013,Visible,@5208/i11000101,point marker review / confirm sequence slot
etc1u1,110676,Sleepless in Eorzea,side_special_misc,handwritten_event_driver,11067613,13,1,-431,187,101,121,0,MapMarker,1600179,m00013,Visible,@5208/i11000101,point marker review / confirm sequence slot
etc1u1,110676,Sleepless in Eorzea,side_special_misc,handwritten_event_driver,11067614,14,1,-431,187,101,121,0,MapMarker,1600179,m00013,Visible,@5208/i11000101,point marker review / confirm sequence slot
etc1u1,110676,Sleepless in Eorzea,side_special_misc,handwritten_event_driver,11067615,15,1,-431,187,101,121,0,MapMarker,1600179,m00013,Visible,@5208/i11000101,point marker review / confirm sequence slot
etc1u1,110676,Sleepless in Eorzea,side_special_misc,handwritten_event_driver,11067616,16,1,-431,187,101,121,0,MapMarker,1600179,m00013,Visible,@5208/i11000101,point marker review / confirm sequence slot
etc1u1,110676,Sleepless in Eorzea,side_special_misc,handwritten_event_driver,11067617,17,1,-431,187,101,121,0,MapMarker,1600179,m00013,Visible,@5208/i11000101,point marker review / confirm sequence slot
etc1u1,110676,Sleepless in Eorzea,side_special_misc,handwritten_event_driver,11067618,18,1,-431,187,101,121,0,MapMarker,1600179,m00013,Visible,@5208/i11000101,point marker review / confirm sequence slot
etc1u1,110676,Sleepless in Eorzea,side_special_misc,handwritten_event_driver,11067619,19,1,-431,187,101,121,0,MapMarker,1600179,m00013,Visible,@5208/i11000101,point marker review / confirm sequence slot
etc1u1,110676,Sleepless in Eorzea,side_special_misc,handwritten_event_driver,11067620,20,1,-431,187,101,121,0,MapMarker,1600179,m00013,Visible,@5208/i11000101,point marker review / confirm sequence slot
etc1u2,110677,Dressed to Be Killed,side_special_misc,handwritten_event_driver,11067701,1,,-398.670013,-206.949997,104,414,0,MapMarkerQuestArea,4000257,m00018,Visible,@5208/i11067701,marker table review
etc1u2,110677,Dressed to Be Killed,side_special_misc,handwritten_event_driver,11067702,2,1,-334.019989,233.119995,104,421,0,MapMarkerQuest,1400117,m00013,Visible,@5208/i11067702,quest sequence marker review / getSequenceMarkerList
etc1u2,110677,Dressed to Be Killed,side_special_misc,handwritten_event_driver,11067703,3,1,-431,187,101,121,0,MapMarker,1600179,m00013,Visible,@5208/i11000101,point marker review / confirm sequence slot
etc1u2,110677,Dressed to Be Killed,side_special_misc,handwritten_event_driver,11067704,4,1,-431,187,101,121,0,MapMarker,1600179,m00013,Visible,@5208/i11000101,point marker review / confirm sequence slot
etc1u2,110677,Dressed to Be Killed,side_special_misc,handwritten_event_driver,11067705,5,1,-431,187,101,121,0,MapMarker,1600179,m00013,Visible,@5208/i11000101,point marker review / confirm sequence slot
etc1u2,110677,Dressed to Be Killed,side_special_misc,handwritten_event_driver,11067706,6,1,-431,187,101,121,0,MapMarker,1600179,m00013,Visible,@5208/i11000101,point marker review / confirm sequence slot
etc1u2,110677,Dressed to Be Killed,side_special_misc,handwritten_event_driver,11067707,7,1,-431,187,101,121,0,MapMarker,1600179,m00013,Visible,@5208/i11000101,point marker review / confirm sequence slot
etc1u2,110677,Dressed to Be Killed,side_special_misc,handwritten_event_driver,11067708,8,1,-431,187,101,121,0,MapMarker,1600179,m00013,Visible,@5208/i11000101,point marker review / confirm sequence slot
etc1u2,110677,Dressed to Be Killed,side_special_misc,handwritten_event_driver,11067709,9,1,-431,187,101,121,0,MapMarker,1600179,m00013,Visible,@5208/i11000101,point marker review / confirm sequence slot
etc1u2,110677,Dressed to Be Killed,side_special_misc,handwritten_event_driver,11067710,10,1,-431,187,101,121,0,MapMarker,1600179,m00013,Visible,@5208/i11000101,point marker review / confirm sequence slot
etc1u2,110677,Dressed to Be Killed,side_special_misc,handwritten_event_driver,11067711,11,1,-431,187,101,121,0,MapMarker,1600179,m00013,Visible,@5208/i11000101,point marker review / confirm sequence slot
etc1u2,110677,Dressed to Be Killed,side_special_misc,handwritten_event_driver,11067712,12,1,-431,187,101,121,0,MapMarker,1600179,m00013,Visible,@5208/i11000101,point marker review / confirm sequence slot
etc1u2,110677,Dressed to Be Killed,side_special_misc,handwritten_event_driver,11067713,13,1,-431,187,101,121,0,MapMarker,1600179,m00013,Visible,@5208/i11000101,point marker review / confirm sequence slot
etc1u2,110677,Dressed to Be Killed,side_special_misc,handwritten_event_driver,11067714,14,1,-431,187,101,121,0,MapMarker,1600179,m00013,Visible,@5208/i11000101,point marker review / confirm sequence slot
etc1u2,110677,Dressed to Be Killed,side_special_misc,handwritten_event_driver,11067715,15,1,-431,187,101,121,0,MapMarker,1600179,m00013,Visible,@5208/i11000101,point marker review / confirm sequence slot
etc1u2,110677,Dressed to Be Killed,side_special_misc,handwritten_event_driver,11067716,16,1,-431,187,101,121,0,MapMarker,1600179,m00013,Visible,@5208/i11000101,point marker review / confirm sequence slot
etc1u2,110677,Dressed to Be Killed,side_special_misc,handwritten_event_driver,11067717,17,1,-431,187,101,121,0,MapMarker,1600179,m00013,Visible,@5208/i11000101,point marker review / confirm sequence slot
etc1u2,110677,Dressed to Be Killed,side_special_misc,handwritten_event_driver,11067718,18,1,-431,187,101,121,0,MapMarker,1600179,m00013,Visible,@5208/i11000101,point marker review / confirm sequence slot
etc1u2,110677,Dressed to Be Killed,side_special_misc,handwritten_event_driver,11067719,19,1,-431,187,101,121,0,MapMarker,1600179,m00013,Visible,@5208/i11000101,point marker review / confirm sequence slot
etc1u2,110677,Dressed to Be Killed,side_special_misc,handwritten_event_driver,11067720,20,1,-431,187,101,121,0,MapMarker,1600179,m00013,Visible,@5208/i11000101,point marker review / confirm sequence slot
etc1u4,110679,The Customer Comes First,side_special_misc,handwritten_event_driver,11067901,1,1,-787.390015,193.539993,101,121,0,MapMarkerQuest,1600092,m00013,Visible,@5208/i11067901,quest sequence marker review / getSequenceMarkerList
etc1u4,110679,The Customer Comes First,side_special_misc,handwritten_event_driver,11067902,2,1,1756.670044,-808.22998,101,113,0,MapMarkerQuestArea,4000257,m00018,Visible,@5208/i11067902,marker table review
etc1u4,110679,The Customer Comes First,side_special_misc,handwritten_event_driver,11067903,3,1,-787.390015,193.539993,101,121,0,MapMarkerQuest,1600092,m00013,Visible,@5208/i11067903,quest sequence marker review / getSequenceMarkerList
etc1u4,110679,The Customer Comes First,side_special_misc,handwritten_event_driver,11067904,4,1,-431,187,101,121,0,MapMarker,1600179,m00013,Visible,@5208/i11000101,point marker review / confirm sequence slot
etc1u4,110679,The Customer Comes First,side_special_misc,handwritten_event_driver,11067905,5,1,-431,187,101,121,0,MapMarker,1600179,m00013,Visible,@5208/i11000101,point marker review / confirm sequence slot
etc1u4,110679,The Customer Comes First,side_special_misc,handwritten_event_driver,11067906,6,1,-431,187,101,121,0,MapMarker,1600179,m00013,Visible,@5208/i11000101,point marker review / confirm sequence slot
etc1u4,110679,The Customer Comes First,side_special_misc,handwritten_event_driver,11067907,7,1,-431,187,101,121,0,MapMarker,1600179,m00013,Visible,@5208/i11000101,point marker review / confirm sequence slot
etc1u4,110679,The Customer Comes First,side_special_misc,handwritten_event_driver,11067908,8,1,-431,187,101,121,0,MapMarker,1600179,m00013,Visible,@5208/i11000101,point marker review / confirm sequence slot
etc1u4,110679,The Customer Comes First,side_special_misc,handwritten_event_driver,11067909,9,1,-431,187,101,121,0,MapMarker,1600179,m00013,Visible,@5208/i11000101,point marker review / confirm sequence slot
etc1u4,110679,The Customer Comes First,side_special_misc,handwritten_event_driver,11067910,10,1,-431,187,101,121,0,MapMarker,1600179,m00013,Visible,@5208/i11000101,point marker review / confirm sequence slot
etc1u4,110679,The Customer Comes First,side_special_misc,handwritten_event_driver,11067911,11,1,-431,187,101,121,0,MapMarker,1600179,m00013,Visible,@5208/i11000101,point marker review / confirm sequence slot
etc1u4,110679,The Customer Comes First,side_special_misc,handwritten_event_driver,11067912,12,1,-431,187,101,121,0,MapMarker,1600179,m00013,Visible,@5208/i11000101,point marker review / confirm sequence slot
etc1u4,110679,The Customer Comes First,side_special_misc,handwritten_event_driver,11067913,13,1,-431,187,101,121,0,MapMarker,1600179,m00013,Visible,@5208/i11000101,point marker review / confirm sequence slot
etc1u4,110679,The Customer Comes First,side_special_misc,handwritten_event_driver,11067914,14,1,-431,187,101,121,0,MapMarker,1600179,m00013,Visible,@5208/i11000101,point marker review / confirm sequence slot
etc1u4,110679,The Customer Comes First,side_special_misc,handwritten_event_driver,11067915,15,1,-431,187,101,121,0,MapMarker,1600179,m00013,Visible,@5208/i11000101,point marker review / confirm sequence slot
etc1u4,110679,The Customer Comes First,side_special_misc,handwritten_event_driver,11067916,16,1,-431,187,101,121,0,MapMarker,1600179,m00013,Visible,@5208/i11000101,point marker review / confirm sequence slot
etc1u4,110679,The Customer Comes First,side_special_misc,handwritten_event_driver,11067917,17,1,-431,187,101,121,0,MapMarker,1600179,m00013,Visible,@5208/i11000101,point marker review / confirm sequence slot
etc1u4,110679,The Customer Comes First,side_special_misc,handwritten_event_driver,11067918,18,1,-431,187,101,121,0,MapMarker,1600179,m00013,Visible,@5208/i11000101,point marker review / confirm sequence slot
etc1u4,110679,The Customer Comes First,side_special_misc,handwritten_event_driver,11067919,19,1,-431,187,101,121,0,MapMarker,1600179,m00013,Visible,@5208/i11000101,point marker review / confirm sequence slot
etc1u4,110679,The Customer Comes First,side_special_misc,handwritten_event_driver,11067920,20,1,-431,187,101,121,0,MapMarker,1600179,m00013,Visible,@5208/i11000101,point marker review / confirm sequence slot
etc1u5,110680,An Inconvenient Dodo,side_special_misc,handwritten_event_driver,11068001,1,1,-0.45,-917.679993,104,401,0,MapMarkerQuestArea,4000257,m00018,Visible,@5208/i11068001,marker table review
etc1u5,110680,An Inconvenient Dodo,side_special_misc,handwritten_event_driver,11068002,2,1,-182.009995,149.009995,104,421,0,MapMarkerQuest,1900083,m00013,Visible,@5208/i11068002,quest sequence marker review / getSequenceMarkerList
etc1u5,110680,An Inconvenient Dodo,side_special_misc,handwritten_event_driver,11068003,3,1,-431,187,101,121,0,MapMarker,1600179,m00013,Visible,@5208/i11000101,point marker review / confirm sequence slot
etc1u5,110680,An Inconvenient Dodo,side_special_misc,handwritten_event_driver,11068004,4,1,-431,187,101,121,0,MapMarker,1600179,m00013,Visible,@5208/i11000101,point marker review / confirm sequence slot
etc1u5,110680,An Inconvenient Dodo,side_special_misc,handwritten_event_driver,11068005,5,1,-431,187,101,121,0,MapMarker,1600179,m00013,Visible,@5208/i11000101,point marker review / confirm sequence slot
etc1u5,110680,An Inconvenient Dodo,side_special_misc,handwritten_event_driver,11068006,6,1,-431,187,101,121,0,MapMarker,1600179,m00013,Visible,@5208/i11000101,point marker review / confirm sequence slot
etc1u5,110680,An Inconvenient Dodo,side_special_misc,handwritten_event_driver,11068007,7,1,-431,187,101,121,0,MapMarker,1600179,m00013,Visible,@5208/i11000101,point marker review / confirm sequence slot
etc1u5,110680,An Inconvenient Dodo,side_special_misc,handwritten_event_driver,11068008,8,1,-431,187,101,121,0,MapMarker,1600179,m00013,Visible,@5208/i11000101,point marker review / confirm sequence slot
etc1u5,110680,An Inconvenient Dodo,side_special_misc,handwritten_event_driver,11068009,9,1,-431,187,101,121,0,MapMarker,1600179,m00013,Visible,@5208/i11000101,point marker review / confirm sequence slot
etc1u5,110680,An Inconvenient Dodo,side_special_misc,handwritten_event_driver,11068010,10,1,-431,187,101,121,0,MapMarker,1600179,m00013,Visible,@5208/i11000101,point marker review / confirm sequence slot
etc1u5,110680,An Inconvenient Dodo,side_special_misc,handwritten_event_driver,11068011,11,1,-431,187,101,121,0,MapMarker,1600179,m00013,Visible,@5208/i11000101,point marker review / confirm sequence slot
etc1u5,110680,An Inconvenient Dodo,side_special_misc,handwritten_event_driver,11068012,12,1,-431,187,101,121,0,MapMarker,1600179,m00013,Visible,@5208/i11000101,point marker review / confirm sequence slot
etc1u5,110680,An Inconvenient Dodo,side_special_misc,handwritten_event_driver,11068013,13,1,-431,187,101,121,0,MapMarker,1600179,m00013,Visible,@5208/i11000101,point marker review / confirm sequence slot
etc1u5,110680,An Inconvenient Dodo,side_special_misc,handwritten_event_driver,11068014,14,1,-431,187,101,121,0,MapMarker,1600179,m00013,Visible,@5208/i11000101,point marker review / confirm sequence slot
etc1u5,110680,An Inconvenient Dodo,side_special_misc,handwritten_event_driver,11068015,15,1,-431,187,101,121,0,MapMarker,1600179,m00013,Visible,@5208/i11000101,point marker review / confirm sequence slot
etc1u5,110680,An Inconvenient Dodo,side_special_misc,handwritten_event_driver,11068016,16,1,-431,187,101,121,0,MapMarker,1600179,m00013,Visible,@5208/i11000101,point marker review / confirm sequence slot
etc1u5,110680,An Inconvenient Dodo,side_special_misc,handwritten_event_driver,11068017,17,1,-431,187,101,121,0,MapMarker,1600179,m00013,Visible,@5208/i11000101,point marker review / confirm sequence slot
etc1u5,110680,An Inconvenient Dodo,side_special_misc,handwritten_event_driver,11068018,18,1,-431,187,101,121,0,MapMarker,1600179,m00013,Visible,@5208/i11000101,point marker review / confirm sequence slot
etc1u5,110680,An Inconvenient Dodo,side_special_misc,handwritten_event_driver,11068019,19,1,-431,187,101,121,0,MapMarker,1600179,m00013,Visible,@5208/i11000101,point marker review / confirm sequence slot
etc1u5,110680,An Inconvenient Dodo,side_special_misc,handwritten_event_driver,11068020,20,1,-431,187,101,121,0,MapMarker,1600179,m00013,Visible,@5208/i11000101,point marker review / confirm sequence slot
etc1u6,110681,Besmitten and Besmirched,side_special_misc,handwritten_event_driver,11068101,1,1,-97.809998,225.899994,104,421,0,MapMarkerQuest,1600118,m00013,Visible,@5208/i11068101,quest sequence marker review / getSequenceMarkerList
etc1u6,110681,Besmitten and Besmirched,side_special_misc,handwritten_event_driver,11068102,2,1,-100.529999,-798.400024,104,401,0,MapMarkerQuestArea,4000257,m00018,Visible,@5208/i11068102,marker table review
etc1u6,110681,Besmitten and Besmirched,side_special_misc,handwritten_event_driver,11068103,3,1,-97.809998,325.899994,104,421,0,MapMarkerQuest,1600118,m00013,Visible,@5208/i11068103,quest sequence marker review / getSequenceMarkerList
etc1u6,110681,Besmitten and Besmirched,side_special_misc,handwritten_event_driver,11068104,4,1,-431,187,101,121,0,MapMarker,1600179,m00013,Visible,@5208/i11000101,point marker review / confirm sequence slot
etc1u6,110681,Besmitten and Besmirched,side_special_misc,handwritten_event_driver,11068105,5,1,-431,187,101,121,0,MapMarker,1600179,m00013,Visible,@5208/i11000101,point marker review / confirm sequence slot
etc1u6,110681,Besmitten and Besmirched,side_special_misc,handwritten_event_driver,11068106,6,1,-431,187,101,121,0,MapMarker,1600179,m00013,Visible,@5208/i11000101,point marker review / confirm sequence slot
etc1u6,110681,Besmitten and Besmirched,side_special_misc,handwritten_event_driver,11068107,7,1,-431,187,101,121,0,MapMarker,1600179,m00013,Visible,@5208/i11000101,point marker review / confirm sequence slot
etc1u6,110681,Besmitten and Besmirched,side_special_misc,handwritten_event_driver,11068108,8,1,-431,187,101,121,0,MapMarker,1600179,m00013,Visible,@5208/i11000101,point marker review / confirm sequence slot
etc1u6,110681,Besmitten and Besmirched,side_special_misc,handwritten_event_driver,11068109,9,1,-431,187,101,121,0,MapMarker,1600179,m00013,Visible,@5208/i11000101,point marker review / confirm sequence slot
etc1u6,110681,Besmitten and Besmirched,side_special_misc,handwritten_event_driver,11068110,10,1,-431,187,101,121,0,MapMarker,1600179,m00013,Visible,@5208/i11000101,point marker review / confirm sequence slot
etc1u6,110681,Besmitten and Besmirched,side_special_misc,handwritten_event_driver,11068111,11,1,-431,187,101,121,0,MapMarker,1600179,m00013,Visible,@5208/i11000101,point marker review / confirm sequence slot
etc1u6,110681,Besmitten and Besmirched,side_special_misc,handwritten_event_driver,11068112,12,1,-431,187,101,121,0,MapMarker,1600179,m00013,Visible,@5208/i11000101,point marker review / confirm sequence slot
etc1u6,110681,Besmitten and Besmirched,side_special_misc,handwritten_event_driver,11068113,13,1,-431,187,101,121,0,MapMarker,1600179,m00013,Visible,@5208/i11000101,point marker review / confirm sequence slot
etc1u6,110681,Besmitten and Besmirched,side_special_misc,handwritten_event_driver,11068114,14,1,-431,187,101,121,0,MapMarker,1600179,m00013,Visible,@5208/i11000101,point marker review / confirm sequence slot
etc1u6,110681,Besmitten and Besmirched,side_special_misc,handwritten_event_driver,11068115,15,1,-431,187,101,121,0,MapMarker,1600179,m00013,Visible,@5208/i11000101,point marker review / confirm sequence slot
etc1u6,110681,Besmitten and Besmirched,side_special_misc,handwritten_event_driver,11068116,16,1,-431,187,101,121,0,MapMarker,1600179,m00013,Visible,@5208/i11000101,point marker review / confirm sequence slot
etc1u6,110681,Besmitten and Besmirched,side_special_misc,handwritten_event_driver,11068117,17,1,-431,187,101,121,0,MapMarker,1600179,m00013,Visible,@5208/i11000101,point marker review / confirm sequence slot
etc1u6,110681,Besmitten and Besmirched,side_special_misc,handwritten_event_driver,11068118,18,1,-431,187,101,121,0,MapMarker,1600179,m00013,Visible,@5208/i11000101,point marker review / confirm sequence slot
etc1u6,110681,Besmitten and Besmirched,side_special_misc,handwritten_event_driver,11068119,19,1,-431,187,101,121,0,MapMarker,1600179,m00013,Visible,@5208/i11000101,point marker review / confirm sequence slot
etc1u6,110681,Besmitten and Besmirched,side_special_misc,handwritten_event_driver,11068120,20,1,-431,187,101,121,0,MapMarker,1600179,m00013,Visible,@5208/i11000101,point marker review / confirm sequence slot
etc1u7,110682,Clasping to Hope,side_special_misc,handwritten_event_driver,11068201,1,1,1586.030029,-124.82,104,402,0,MapMarkerQuest,4000257,m00013,Visible,@5208/i11068201,quest sequence marker review / getSequenceMarkerList
etc1u7,110682,Clasping to Hope,side_special_misc,handwritten_event_driver,11068202,2,1,-305,227,104,421,0,MapMarkerQuest,1500020,m00013,Visible,@5208/i11068202,quest sequence marker review / getSequenceMarkerList
etc1u7,110682,Clasping to Hope,side_special_misc,handwritten_event_driver,11068203,3,1,-431,187,101,121,0,MapMarker,1600179,m00013,Visible,@5208/i11000101,point marker review / confirm sequence slot
etc1u7,110682,Clasping to Hope,side_special_misc,handwritten_event_driver,11068204,4,1,-431,187,101,121,0,MapMarker,1600179,m00013,Visible,@5208/i11000101,point marker review / confirm sequence slot
etc1u7,110682,Clasping to Hope,side_special_misc,handwritten_event_driver,11068205,5,1,-431,187,101,121,0,MapMarker,1600179,m00013,Visible,@5208/i11000101,point marker review / confirm sequence slot
etc1u7,110682,Clasping to Hope,side_special_misc,handwritten_event_driver,11068206,6,1,-431,187,101,121,0,MapMarker,1600179,m00013,Visible,@5208/i11000101,point marker review / confirm sequence slot
etc1u7,110682,Clasping to Hope,side_special_misc,handwritten_event_driver,11068207,7,1,-431,187,101,121,0,MapMarker,1600179,m00013,Visible,@5208/i11000101,point marker review / confirm sequence slot
etc1u7,110682,Clasping to Hope,side_special_misc,handwritten_event_driver,11068208,8,1,-431,187,101,121,0,MapMarker,1600179,m00013,Visible,@5208/i11000101,point marker review / confirm sequence slot
etc1u7,110682,Clasping to Hope,side_special_misc,handwritten_event_driver,11068209,9,1,-431,187,101,121,0,MapMarker,1600179,m00013,Visible,@5208/i11000101,point marker review / confirm sequence slot
etc1u7,110682,Clasping to Hope,side_special_misc,handwritten_event_driver,11068210,10,1,-431,187,101,121,0,MapMarker,1600179,m00013,Visible,@5208/i11000101,point marker review / confirm sequence slot
etc1u7,110682,Clasping to Hope,side_special_misc,handwritten_event_driver,11068211,11,1,-431,187,101,121,0,MapMarker,1600179,m00013,Visible,@5208/i11000101,point marker review / confirm sequence slot
etc1u7,110682,Clasping to Hope,side_special_misc,handwritten_event_driver,11068212,12,1,-431,187,101,121,0,MapMarker,1600179,m00013,Visible,@5208/i11000101,point marker review / confirm sequence slot
etc1u7,110682,Clasping to Hope,side_special_misc,handwritten_event_driver,11068213,13,1,-431,187,101,121,0,MapMarker,1600179,m00013,Visible,@5208/i11000101,point marker review / confirm sequence slot
etc1u7,110682,Clasping to Hope,side_special_misc,handwritten_event_driver,11068214,14,1,-431,187,101,121,0,MapMarker,1600179,m00013,Visible,@5208/i11000101,point marker review / confirm sequence slot
etc1u7,110682,Clasping to Hope,side_special_misc,handwritten_event_driver,11068215,15,1,-431,187,101,121,0,MapMarker,1600179,m00013,Visible,@5208/i11000101,point marker review / confirm sequence slot
etc1u7,110682,Clasping to Hope,side_special_misc,handwritten_event_driver,11068216,16,1,-431,187,101,121,0,MapMarker,1600179,m00013,Visible,@5208/i11000101,point marker review / confirm sequence slot
etc1u7,110682,Clasping to Hope,side_special_misc,handwritten_event_driver,11068217,17,1,-431,187,101,121,0,MapMarker,1600179,m00013,Visible,@5208/i11000101,point marker review / confirm sequence slot
etc1u7,110682,Clasping to Hope,side_special_misc,handwritten_event_driver,11068218,18,1,-431,187,101,121,0,MapMarker,1600179,m00013,Visible,@5208/i11000101,point marker review / confirm sequence slot
etc1u7,110682,Clasping to Hope,side_special_misc,handwritten_event_driver,11068219,19,1,-431,187,101,121,0,MapMarker,1600179,m00013,Visible,@5208/i11000101,point marker review / confirm sequence slot
etc1u7,110682,Clasping to Hope,side_special_misc,handwritten_event_driver,11068220,20,1,-431,187,101,121,0,MapMarker,1600179,m00013,Visible,@5208/i11000101,point marker review / confirm sequence slot
etc1u8,110683,Traumaturgy,side_special_misc,handwritten_event_driver,11068301,1,1,1778.22998,-522.880005,104,402,0,MapMarkerQuest,4000257,m00013,Visible,@5208/i11068301,quest sequence marker review / getSequenceMarkerList
etc1u8,110683,Traumaturgy,side_special_misc,handwritten_event_driver,11068302,2,1,-305,227,104,421,0,MapMarkerQuest,1500020,m00013,Visible,@5208/i11068302,quest sequence marker review / getSequenceMarkerList
etc1u8,110683,Traumaturgy,side_special_misc,handwritten_event_driver,11068303,3,1,-431,187,101,121,0,MapMarker,1600179,m00013,Visible,@5208/i11000101,point marker review / confirm sequence slot
etc1u8,110683,Traumaturgy,side_special_misc,handwritten_event_driver,11068304,4,1,-431,187,101,121,0,MapMarker,1600179,m00013,Visible,@5208/i11000101,point marker review / confirm sequence slot
etc1u8,110683,Traumaturgy,side_special_misc,handwritten_event_driver,11068305,5,1,-431,187,101,121,0,MapMarker,1600179,m00013,Visible,@5208/i11000101,point marker review / confirm sequence slot
etc1u8,110683,Traumaturgy,side_special_misc,handwritten_event_driver,11068306,6,1,-431,187,101,121,0,MapMarker,1600179,m00013,Visible,@5208/i11000101,point marker review / confirm sequence slot
etc1u8,110683,Traumaturgy,side_special_misc,handwritten_event_driver,11068307,7,1,-431,187,101,121,0,MapMarker,1600179,m00013,Visible,@5208/i11000101,point marker review / confirm sequence slot
etc1u8,110683,Traumaturgy,side_special_misc,handwritten_event_driver,11068308,8,1,-431,187,101,121,0,MapMarker,1600179,m00013,Visible,@5208/i11000101,point marker review / confirm sequence slot
etc1u8,110683,Traumaturgy,side_special_misc,handwritten_event_driver,11068309,9,1,-431,187,101,121,0,MapMarker,1600179,m00013,Visible,@5208/i11000101,point marker review / confirm sequence slot
etc1u8,110683,Traumaturgy,side_special_misc,handwritten_event_driver,11068310,10,1,-431,187,101,121,0,MapMarker,1600179,m00013,Visible,@5208/i11000101,point marker review / confirm sequence slot
etc1u8,110683,Traumaturgy,side_special_misc,handwritten_event_driver,11068311,11,1,-431,187,101,121,0,MapMarker,1600179,m00013,Visible,@5208/i11000101,point marker review / confirm sequence slot
etc1u8,110683,Traumaturgy,side_special_misc,handwritten_event_driver,11068312,12,1,-431,187,101,121,0,MapMarker,1600179,m00013,Visible,@5208/i11000101,point marker review / confirm sequence slot
etc1u8,110683,Traumaturgy,side_special_misc,handwritten_event_driver,11068313,13,1,-431,187,101,121,0,MapMarker,1600179,m00013,Visible,@5208/i11000101,point marker review / confirm sequence slot
etc1u8,110683,Traumaturgy,side_special_misc,handwritten_event_driver,11068314,14,1,-431,187,101,121,0,MapMarker,1600179,m00013,Visible,@5208/i11000101,point marker review / confirm sequence slot
etc1u8,110683,Traumaturgy,side_special_misc,handwritten_event_driver,11068315,15,1,-431,187,101,121,0,MapMarker,1600179,m00013,Visible,@5208/i11000101,point marker review / confirm sequence slot
etc1u8,110683,Traumaturgy,side_special_misc,handwritten_event_driver,11068316,16,1,-431,187,101,121,0,MapMarker,1600179,m00013,Visible,@5208/i11000101,point marker review / confirm sequence slot
etc1u8,110683,Traumaturgy,side_special_misc,handwritten_event_driver,11068317,17,1,-431,187,101,121,0,MapMarker,1600179,m00013,Visible,@5208/i11000101,point marker review / confirm sequence slot
etc1u8,110683,Traumaturgy,side_special_misc,handwritten_event_driver,11068318,18,1,-431,187,101,121,0,MapMarker,1600179,m00013,Visible,@5208/i11000101,point marker review / confirm sequence slot
etc1u8,110683,Traumaturgy,side_special_misc,handwritten_event_driver,11068319,19,1,-431,187,101,121,0,MapMarker,1600179,m00013,Visible,@5208/i11000101,point marker review / confirm sequence slot
etc1u8,110683,Traumaturgy,side_special_misc,handwritten_event_driver,11068320,20,1,-431,187,101,121,0,MapMarker,1600179,m00013,Visible,@5208/i11000101,point marker review / confirm sequence slot
etc1u9,110684,Best Flower Ever,side_special_misc,handwritten_event_driver,11068401,1,1,1313.310059,-1028.869995,104,402,0,MapMarkerQuest,4000257,m00013,Visible,@5208/i11068401,quest sequence marker review / getSequenceMarkerList
etc1u9,110684,Best Flower Ever,side_special_misc,handwritten_event_driver,11068402,2,1,1134.599976,-1128.23999,104,402,0,MapMarkerQuest,1400140,m00013,Visible,@5208/i11068402,quest sequence marker review / getSequenceMarkerList
etc1u9,110684,Best Flower Ever,side_special_misc,handwritten_event_driver,11068403,3,1,-431,187,101,121,0,MapMarker,1600179,m00013,Visible,@5208/i11000101,point marker review / confirm sequence slot
etc1u9,110684,Best Flower Ever,side_special_misc,handwritten_event_driver,11068404,4,1,-431,187,101,121,0,MapMarker,1600179,m00013,Visible,@5208/i11000101,point marker review / confirm sequence slot
etc1u9,110684,Best Flower Ever,side_special_misc,handwritten_event_driver,11068405,5,1,-431,187,101,121,0,MapMarker,1600179,m00013,Visible,@5208/i11000101,point marker review / confirm sequence slot
etc1u9,110684,Best Flower Ever,side_special_misc,handwritten_event_driver,11068406,6,1,-431,187,101,121,0,MapMarker,1600179,m00013,Visible,@5208/i11000101,point marker review / confirm sequence slot
etc1u9,110684,Best Flower Ever,side_special_misc,handwritten_event_driver,11068407,7,1,-431,187,101,121,0,MapMarker,1600179,m00013,Visible,@5208/i11000101,point marker review / confirm sequence slot
etc1u9,110684,Best Flower Ever,side_special_misc,handwritten_event_driver,11068408,8,1,-431,187,101,121,0,MapMarker,1600179,m00013,Visible,@5208/i11000101,point marker review / confirm sequence slot
etc1u9,110684,Best Flower Ever,side_special_misc,handwritten_event_driver,11068409,9,1,-431,187,101,121,0,MapMarker,1600179,m00013,Visible,@5208/i11000101,point marker review / confirm sequence slot
etc1u9,110684,Best Flower Ever,side_special_misc,handwritten_event_driver,11068410,10,1,-431,187,101,121,0,MapMarker,1600179,m00013,Visible,@5208/i11000101,point marker review / confirm sequence slot
etc1u9,110684,Best Flower Ever,side_special_misc,handwritten_event_driver,11068411,11,1,-431,187,101,121,0,MapMarker,1600179,m00013,Visible,@5208/i11000101,point marker review / confirm sequence slot
etc1u9,110684,Best Flower Ever,side_special_misc,handwritten_event_driver,11068412,12,1,-431,187,101,121,0,MapMarker,1600179,m00013,Visible,@5208/i11000101,point marker review / confirm sequence slot
etc1u9,110684,Best Flower Ever,side_special_misc,handwritten_event_driver,11068413,13,1,-431,187,101,121,0,MapMarker,1600179,m00013,Visible,@5208/i11000101,point marker review / confirm sequence slot
etc1u9,110684,Best Flower Ever,side_special_misc,handwritten_event_driver,11068414,14,1,-431,187,101,121,0,MapMarker,1600179,m00013,Visible,@5208/i11000101,point marker review / confirm sequence slot
etc1u9,110684,Best Flower Ever,side_special_misc,handwritten_event_driver,11068415,15,1,-431,187,101,121,0,MapMarker,1600179,m00013,Visible,@5208/i11000101,point marker review / confirm sequence slot
etc1u9,110684,Best Flower Ever,side_special_misc,handwritten_event_driver,11068416,16,1,-431,187,101,121,0,MapMarker,1600179,m00013,Visible,@5208/i11000101,point marker review / confirm sequence slot
etc1u9,110684,Best Flower Ever,side_special_misc,handwritten_event_driver,11068417,17,1,-431,187,101,121,0,MapMarker,1600179,m00013,Visible,@5208/i11000101,point marker review / confirm sequence slot
etc1u9,110684,Best Flower Ever,side_special_misc,handwritten_event_driver,11068418,18,1,-431,187,101,121,0,MapMarker,1600179,m00013,Visible,@5208/i11000101,point marker review / confirm sequence slot
etc1u9,110684,Best Flower Ever,side_special_misc,handwritten_event_driver,11068419,19,1,-431,187,101,121,0,MapMarker,1600179,m00013,Visible,@5208/i11000101,point marker review / confirm sequence slot
etc1u9,110684,Best Flower Ever,side_special_misc,handwritten_event_driver,11068420,20,1,-431,187,101,121,0,MapMarker,1600179,m00013,Visible,@5208/i11000101,point marker review / confirm sequence slot
etc2g0,110664,A Forbidden Love,side_special_misc,handwritten_event_driver,11066401,1,1,144.039993,-517.580017,103,301,20,MapMarkerQuestArea,4000257,m00029,Visible,@5208/i11066401,marker table review
etc2g0,110664,A Forbidden Love,side_special_misc,handwritten_event_driver,11066402,2,1,162.789993,-1153.319946,103,321,0,MapMarkerQuest,1600102,m00013,Visible,@5208/i11066402,quest sequence marker review / getSequenceMarkerList
etc2g0,110664,A Forbidden Love,side_special_misc,handwritten_event_driver,11066403,3,1,1313.98999,963.940002,103,305,0,MapMarkerQuest,1100071,m00013,Visible,@5208/i11066403,quest sequence marker review / getSequenceMarkerList
etc2g0,110664,A Forbidden Love,side_special_misc,handwritten_event_driver,11066404,4,1,-431,187,101,121,0,MapMarker,1600179,m00013,Visible,@5208/i11000101,point marker review / confirm sequence slot
etc2g0,110664,A Forbidden Love,side_special_misc,handwritten_event_driver,11066405,5,1,-431,187,101,121,0,MapMarker,1600179,m00013,Visible,@5208/i11000101,point marker review / confirm sequence slot
etc2g0,110664,A Forbidden Love,side_special_misc,handwritten_event_driver,11066406,6,1,-431,187,101,121,0,MapMarker,1600179,m00013,Visible,@5208/i11000101,point marker review / confirm sequence slot
etc2g0,110664,A Forbidden Love,side_special_misc,handwritten_event_driver,11066407,7,1,-431,187,101,121,0,MapMarker,1600179,m00013,Visible,@5208/i11000101,point marker review / confirm sequence slot
etc2g0,110664,A Forbidden Love,side_special_misc,handwritten_event_driver,11066408,8,1,-431,187,101,121,0,MapMarker,1600179,m00013,Visible,@5208/i11000101,point marker review / confirm sequence slot
etc2g0,110664,A Forbidden Love,side_special_misc,handwritten_event_driver,11066409,9,1,-431,187,101,121,0,MapMarker,1600179,m00013,Visible,@5208/i11000101,point marker review / confirm sequence slot
etc2g0,110664,A Forbidden Love,side_special_misc,handwritten_event_driver,11066410,10,1,-431,187,101,121,0,MapMarker,1600179,m00013,Visible,@5208/i11000101,point marker review / confirm sequence slot
etc2g0,110664,A Forbidden Love,side_special_misc,handwritten_event_driver,11066411,11,1,-431,187,101,121,0,MapMarker,1600179,m00013,Visible,@5208/i11000101,point marker review / confirm sequence slot
etc2g0,110664,A Forbidden Love,side_special_misc,handwritten_event_driver,11066412,12,1,-431,187,101,121,0,MapMarker,1600179,m00013,Visible,@5208/i11000101,point marker review / confirm sequence slot
etc2g0,110664,A Forbidden Love,side_special_misc,handwritten_event_driver,11066413,13,1,-431,187,101,121,0,MapMarker,1600179,m00013,Visible,@5208/i11000101,point marker review / confirm sequence slot
etc2g0,110664,A Forbidden Love,side_special_misc,handwritten_event_driver,11066414,14,1,-431,187,101,121,0,MapMarker,1600179,m00013,Visible,@5208/i11000101,point marker review / confirm sequence slot
etc2g0,110664,A Forbidden Love,side_special_misc,handwritten_event_driver,11066415,15,1,-431,187,101,121,0,MapMarker,1600179,m00013,Visible,@5208/i11000101,point marker review / confirm sequence slot
etc2g0,110664,A Forbidden Love,side_special_misc,handwritten_event_driver,11066416,16,1,-431,187,101,121,0,MapMarker,1600179,m00013,Visible,@5208/i11000101,point marker review / confirm sequence slot
etc2g0,110664,A Forbidden Love,side_special_misc,handwritten_event_driver,11066417,17,1,-431,187,101,121,0,MapMarker,1600179,m00013,Visible,@5208/i11000101,point marker review / confirm sequence slot
etc2g0,110664,A Forbidden Love,side_special_misc,handwritten_event_driver,11066418,18,1,-431,187,101,121,0,MapMarker,1600179,m00013,Visible,@5208/i11000101,point marker review / confirm sequence slot
etc2g0,110664,A Forbidden Love,side_special_misc,handwritten_event_driver,11066419,19,1,-431,187,101,121,0,MapMarker,1600179,m00013,Visible,@5208/i11000101,point marker review / confirm sequence slot
etc2g0,110664,A Forbidden Love,side_special_misc,handwritten_event_driver,11066420,20,1,-431,187,101,121,0,MapMarker,1600179,m00013,Visible,@5208/i11000101,point marker review / confirm sequence slot
etc2g1,110665,Last Respects,side_special_misc,handwritten_event_driver,11066501,1,1,-868.960022,-2175.389893,103,303,0,MapMarkerQuestArea,4000257,m00029,Visible,@5208/i11066501,marker table review
etc2g1,110665,Last Respects,side_special_misc,handwritten_event_driver,11066502,2,1,-674.900024,-2498,103,303,0,MapMarkerQuest,1000094,m00013,Visible,@5208/i11066502,quest sequence marker review / getSequenceMarkerList
etc2g1,110665,Last Respects,side_special_misc,handwritten_event_driver,11066503,3,1,-431,187,101,121,0,MapMarker,1600179,m00013,Visible,@5208/i11000101,point marker review / confirm sequence slot
etc2g1,110665,Last Respects,side_special_misc,handwritten_event_driver,11066504,4,1,-431,187,101,121,0,MapMarker,1600179,m00013,Visible,@5208/i11000101,point marker review / confirm sequence slot
etc2g1,110665,Last Respects,side_special_misc,handwritten_event_driver,11066505,5,1,-431,187,101,121,0,MapMarker,1600179,m00013,Visible,@5208/i11000101,point marker review / confirm sequence slot
etc2g1,110665,Last Respects,side_special_misc,handwritten_event_driver,11066506,6,1,-431,187,101,121,0,MapMarker,1600179,m00013,Visible,@5208/i11000101,point marker review / confirm sequence slot
etc2g1,110665,Last Respects,side_special_misc,handwritten_event_driver,11066507,7,1,-431,187,101,121,0,MapMarker,1600179,m00013,Visible,@5208/i11000101,point marker review / confirm sequence slot
etc2g1,110665,Last Respects,side_special_misc,handwritten_event_driver,11066508,8,1,-431,187,101,121,0,MapMarker,1600179,m00013,Visible,@5208/i11000101,point marker review / confirm sequence slot
etc2g1,110665,Last Respects,side_special_misc,handwritten_event_driver,11066509,9,1,-431,187,101,121,0,MapMarker,1600179,m00013,Visible,@5208/i11000101,point marker review / confirm sequence slot
etc2g1,110665,Last Respects,side_special_misc,handwritten_event_driver,11066510,10,1,-431,187,101,121,0,MapMarker,1600179,m00013,Visible,@5208/i11000101,point marker review / confirm sequence slot
etc2g1,110665,Last Respects,side_special_misc,handwritten_event_driver,11066511,11,1,-431,187,101,121,0,MapMarker,1600179,m00013,Visible,@5208/i11000101,point marker review / confirm sequence slot
etc2g1,110665,Last Respects,side_special_misc,handwritten_event_driver,11066512,12,1,-431,187,101,121,0,MapMarker,1600179,m00013,Visible,@5208/i11000101,point marker review / confirm sequence slot
etc2g1,110665,Last Respects,side_special_misc,handwritten_event_driver,11066513,13,1,-431,187,101,121,0,MapMarker,1600179,m00013,Visible,@5208/i11000101,point marker review / confirm sequence slot
etc2g1,110665,Last Respects,side_special_misc,handwritten_event_driver,11066514,14,1,-431,187,101,121,0,MapMarker,1600179,m00013,Visible,@5208/i11000101,point marker review / confirm sequence slot
etc2g1,110665,Last Respects,side_special_misc,handwritten_event_driver,11066515,15,1,-431,187,101,121,0,MapMarker,1600179,m00013,Visible,@5208/i11000101,point marker review / confirm sequence slot
etc2g1,110665,Last Respects,side_special_misc,handwritten_event_driver,11066516,16,1,-431,187,101,121,0,MapMarker,1600179,m00013,Visible,@5208/i11000101,point marker review / confirm sequence slot
etc2g1,110665,Last Respects,side_special_misc,handwritten_event_driver,11066517,17,1,-431,187,101,121,0,MapMarker,1600179,m00013,Visible,@5208/i11000101,point marker review / confirm sequence slot
etc2g1,110665,Last Respects,side_special_misc,handwritten_event_driver,11066518,18,1,-431,187,101,121,0,MapMarker,1600179,m00013,Visible,@5208/i11000101,point marker review / confirm sequence slot
etc2g1,110665,Last Respects,side_special_misc,handwritten_event_driver,11066519,19,1,-431,187,101,121,0,MapMarker,1600179,m00013,Visible,@5208/i11000101,point marker review / confirm sequence slot
etc2g1,110665,Last Respects,side_special_misc,handwritten_event_driver,11066520,20,1,-431,187,101,121,0,MapMarker,1600179,m00013,Visible,@5208/i11000101,point marker review / confirm sequence slot
etc2g2,110666,Stone Deaf,side_special_misc,handwritten_event_driver,11066601,1,1,-362.959991,-1693.97998,103,321,0,MapMarkerQuest,1100364,m00013,Visible,@5208/i11066601,quest sequence marker review / getSequenceMarkerList
etc2g2,110666,Stone Deaf,side_special_misc,handwritten_event_driver,11066602,2,1,620.51001,1053.670044,103,305,0,MapMarkerQuestArea,4000257,m00029,Visible,@5208/i11066602,marker table review
etc2g2,110666,Stone Deaf,side_special_misc,handwritten_event_driver,11066603,3,1,-431,187,101,121,0,MapMarker,1600179,m00013,Visible,@5208/i11000101,point marker review / confirm sequence slot
etc2g2,110666,Stone Deaf,side_special_misc,handwritten_event_driver,11066604,4,1,-431,187,101,121,0,MapMarker,1600179,m00013,Visible,@5208/i11000101,point marker review / confirm sequence slot
etc2g2,110666,Stone Deaf,side_special_misc,handwritten_event_driver,11066605,5,1,-431,187,101,121,0,MapMarker,1600179,m00013,Visible,@5208/i11000101,point marker review / confirm sequence slot
etc2g2,110666,Stone Deaf,side_special_misc,handwritten_event_driver,11066606,6,1,-431,187,101,121,0,MapMarker,1600179,m00013,Visible,@5208/i11000101,point marker review / confirm sequence slot
etc2g2,110666,Stone Deaf,side_special_misc,handwritten_event_driver,11066607,7,1,-431,187,101,121,0,MapMarker,1600179,m00013,Visible,@5208/i11000101,point marker review / confirm sequence slot
etc2g2,110666,Stone Deaf,side_special_misc,handwritten_event_driver,11066608,8,1,-431,187,101,121,0,MapMarker,1600179,m00013,Visible,@5208/i11000101,point marker review / confirm sequence slot
etc2g2,110666,Stone Deaf,side_special_misc,handwritten_event_driver,11066609,9,1,-431,187,101,121,0,MapMarker,1600179,m00013,Visible,@5208/i11000101,point marker review / confirm sequence slot
etc2g2,110666,Stone Deaf,side_special_misc,handwritten_event_driver,11066610,10,1,-431,187,101,121,0,MapMarker,1600179,m00013,Visible,@5208/i11000101,point marker review / confirm sequence slot
etc2g2,110666,Stone Deaf,side_special_misc,handwritten_event_driver,11066611,11,1,-431,187,101,121,0,MapMarker,1600179,m00013,Visible,@5208/i11000101,point marker review / confirm sequence slot
etc2g2,110666,Stone Deaf,side_special_misc,handwritten_event_driver,11066612,12,1,-431,187,101,121,0,MapMarker,1600179,m00013,Visible,@5208/i11000101,point marker review / confirm sequence slot
etc2g2,110666,Stone Deaf,side_special_misc,handwritten_event_driver,11066613,13,1,-431,187,101,121,0,MapMarker,1600179,m00013,Visible,@5208/i11000101,point marker review / confirm sequence slot
etc2g2,110666,Stone Deaf,side_special_misc,handwritten_event_driver,11066614,14,1,-431,187,101,121,0,MapMarker,1600179,m00013,Visible,@5208/i11000101,point marker review / confirm sequence slot
etc2g2,110666,Stone Deaf,side_special_misc,handwritten_event_driver,11066615,15,1,-431,187,101,121,0,MapMarker,1600179,m00013,Visible,@5208/i11000101,point marker review / confirm sequence slot
etc2g2,110666,Stone Deaf,side_special_misc,handwritten_event_driver,11066616,16,1,-431,187,101,121,0,MapMarker,1600179,m00013,Visible,@5208/i11000101,point marker review / confirm sequence slot
etc2g2,110666,Stone Deaf,side_special_misc,handwritten_event_driver,11066617,17,1,-431,187,101,121,0,MapMarker,1600179,m00013,Visible,@5208/i11000101,point marker review / confirm sequence slot
etc2g2,110666,Stone Deaf,side_special_misc,handwritten_event_driver,11066618,18,1,-431,187,101,121,0,MapMarker,1600179,m00013,Visible,@5208/i11000101,point marker review / confirm sequence slot
etc2g2,110666,Stone Deaf,side_special_misc,handwritten_event_driver,11066619,19,1,-431,187,101,121,0,MapMarker,1600179,m00013,Visible,@5208/i11000101,point marker review / confirm sequence slot
etc2g2,110666,Stone Deaf,side_special_misc,handwritten_event_driver,11066620,20,1,-431,187,101,121,0,MapMarker,1600179,m00013,Visible,@5208/i11000101,point marker review / confirm sequence slot
etc2g3,110667,Hunting the Hunters,side_special_misc,handwritten_event_driver,11066701,1,1,241.820007,-1276.619995,103,321,0,MapMarkerQuest,1900140,m00013,Visible,@5208/i11066701,quest sequence marker review / getSequenceMarkerList
etc2g3,110667,Hunting the Hunters,side_special_misc,handwritten_event_driver,11066702,2,1,1269.859985,1094.050049,103,305,0,MapMarkerQuest,4000257,m00013,Visible,@5208/i11066702,quest sequence marker review / getSequenceMarkerList
etc2g3,110667,Hunting the Hunters,side_special_misc,handwritten_event_driver,11066703,3,1,-431,187,101,121,0,MapMarker,1600179,m00013,Visible,@5208/i11000101,point marker review / confirm sequence slot
etc2g3,110667,Hunting the Hunters,side_special_misc,handwritten_event_driver,11066704,4,1,-431,187,101,121,0,MapMarker,1600179,m00013,Visible,@5208/i11000101,point marker review / confirm sequence slot
etc2g3,110667,Hunting the Hunters,side_special_misc,handwritten_event_driver,11066705,5,1,-431,187,101,121,0,MapMarker,1600179,m00013,Visible,@5208/i11000101,point marker review / confirm sequence slot
etc2g3,110667,Hunting the Hunters,side_special_misc,handwritten_event_driver,11066706,6,1,-431,187,101,121,0,MapMarker,1600179,m00013,Visible,@5208/i11000101,point marker review / confirm sequence slot
etc2g3,110667,Hunting the Hunters,side_special_misc,handwritten_event_driver,11066707,7,1,-431,187,101,121,0,MapMarker,1600179,m00013,Visible,@5208/i11000101,point marker review / confirm sequence slot
etc2g3,110667,Hunting the Hunters,side_special_misc,handwritten_event_driver,11066708,8,1,-431,187,101,121,0,MapMarker,1600179,m00013,Visible,@5208/i11000101,point marker review / confirm sequence slot
etc2g3,110667,Hunting the Hunters,side_special_misc,handwritten_event_driver,11066709,9,1,-431,187,101,121,0,MapMarker,1600179,m00013,Visible,@5208/i11000101,point marker review / confirm sequence slot
etc2g3,110667,Hunting the Hunters,side_special_misc,handwritten_event_driver,11066710,10,1,-431,187,101,121,0,MapMarker,1600179,m00013,Visible,@5208/i11000101,point marker review / confirm sequence slot
etc2g3,110667,Hunting the Hunters,side_special_misc,handwritten_event_driver,11066711,11,1,-431,187,101,121,0,MapMarker,1600179,m00013,Visible,@5208/i11000101,point marker review / confirm sequence slot
etc2g3,110667,Hunting the Hunters,side_special_misc,handwritten_event_driver,11066712,12,1,-431,187,101,121,0,MapMarker,1600179,m00013,Visible,@5208/i11000101,point marker review / confirm sequence slot
etc2g3,110667,Hunting the Hunters,side_special_misc,handwritten_event_driver,11066713,13,1,-431,187,101,121,0,MapMarker,1600179,m00013,Visible,@5208/i11000101,point marker review / confirm sequence slot
etc2g3,110667,Hunting the Hunters,side_special_misc,handwritten_event_driver,11066714,14,1,-431,187,101,121,0,MapMarker,1600179,m00013,Visible,@5208/i11000101,point marker review / confirm sequence slot
etc2g3,110667,Hunting the Hunters,side_special_misc,handwritten_event_driver,11066715,15,1,-431,187,101,121,0,MapMarker,1600179,m00013,Visible,@5208/i11000101,point marker review / confirm sequence slot
etc2g3,110667,Hunting the Hunters,side_special_misc,handwritten_event_driver,11066716,16,1,-431,187,101,121,0,MapMarker,1600179,m00013,Visible,@5208/i11000101,point marker review / confirm sequence slot
etc2g3,110667,Hunting the Hunters,side_special_misc,handwritten_event_driver,11066717,17,1,-431,187,101,121,0,MapMarker,1600179,m00013,Visible,@5208/i11000101,point marker review / confirm sequence slot
etc2g3,110667,Hunting the Hunters,side_special_misc,handwritten_event_driver,11066718,18,1,-431,187,101,121,0,MapMarker,1600179,m00013,Visible,@5208/i11000101,point marker review / confirm sequence slot
etc2g3,110667,Hunting the Hunters,side_special_misc,handwritten_event_driver,11066719,19,1,-431,187,101,121,0,MapMarker,1600179,m00013,Visible,@5208/i11000101,point marker review / confirm sequence slot
etc2g3,110667,Hunting the Hunters,side_special_misc,handwritten_event_driver,11066720,20,1,-431,187,101,121,0,MapMarker,1600179,m00013,Visible,@5208/i11000101,point marker review / confirm sequence slot
etc2g4,110668,To Deskunk A Beer,side_special_misc,handwritten_event_driver,11066801,1,1,180.419998,-1400.369995,103,321,0,MapMarkerQuest,1000164,m00013,Visible,@5208/i11066801,quest sequence marker review / getSequenceMarkerList
etc2g4,110668,To Deskunk A Beer,side_special_misc,handwritten_event_driver,11066802,2,1,2555.699951,1306.630005,102,203,0,MapMarkerQuest,1200164,m00013,Visible,@5208/i11066802,quest sequence marker review / getSequenceMarkerList
etc2g4,110668,To Deskunk A Beer,side_special_misc,handwritten_event_driver,11066803,3,1,-568,-813.840027,103,301,0,MapMarkerQuest,4000257,m00013,Visible,@5208/i11066803,quest sequence marker review / getSequenceMarkerList
etc2g4,110668,To Deskunk A Beer,side_special_misc,handwritten_event_driver,11066804,4,1,-431,187,101,121,0,MapMarker,1600179,m00013,Visible,@5208/i11000101,point marker review / confirm sequence slot
etc2g4,110668,To Deskunk A Beer,side_special_misc,handwritten_event_driver,11066805,5,1,-431,187,101,121,0,MapMarker,1600179,m00013,Visible,@5208/i11000101,point marker review / confirm sequence slot
etc2g4,110668,To Deskunk A Beer,side_special_misc,handwritten_event_driver,11066806,6,1,-431,187,101,121,0,MapMarker,1600179,m00013,Visible,@5208/i11000101,point marker review / confirm sequence slot
etc2g4,110668,To Deskunk A Beer,side_special_misc,handwritten_event_driver,11066807,7,1,-431,187,101,121,0,MapMarker,1600179,m00013,Visible,@5208/i11000101,point marker review / confirm sequence slot
etc2g4,110668,To Deskunk A Beer,side_special_misc,handwritten_event_driver,11066808,8,1,-431,187,101,121,0,MapMarker,1600179,m00013,Visible,@5208/i11000101,point marker review / confirm sequence slot
etc2g4,110668,To Deskunk A Beer,side_special_misc,handwritten_event_driver,11066809,9,1,-431,187,101,121,0,MapMarker,1600179,m00013,Visible,@5208/i11000101,point marker review / confirm sequence slot
etc2g4,110668,To Deskunk A Beer,side_special_misc,handwritten_event_driver,11066810,10,1,-431,187,101,121,0,MapMarker,1600179,m00013,Visible,@5208/i11000101,point marker review / confirm sequence slot
etc2g4,110668,To Deskunk A Beer,side_special_misc,handwritten_event_driver,11066811,11,1,-431,187,101,121,0,MapMarker,1600179,m00013,Visible,@5208/i11000101,point marker review / confirm sequence slot
etc2g4,110668,To Deskunk A Beer,side_special_misc,handwritten_event_driver,11066812,12,1,-431,187,101,121,0,MapMarker,1600179,m00013,Visible,@5208/i11000101,point marker review / confirm sequence slot
etc2g4,110668,To Deskunk A Beer,side_special_misc,handwritten_event_driver,11066813,13,1,-431,187,101,121,0,MapMarker,1600179,m00013,Visible,@5208/i11000101,point marker review / confirm sequence slot
etc2g4,110668,To Deskunk A Beer,side_special_misc,handwritten_event_driver,11066814,14,1,-431,187,101,121,0,MapMarker,1600179,m00013,Visible,@5208/i11000101,point marker review / confirm sequence slot
etc2g4,110668,To Deskunk A Beer,side_special_misc,handwritten_event_driver,11066815,15,1,-431,187,101,121,0,MapMarker,1600179,m00013,Visible,@5208/i11000101,point marker review / confirm sequence slot
etc2g4,110668,To Deskunk A Beer,side_special_misc,handwritten_event_driver,11066816,16,1,-431,187,101,121,0,MapMarker,1600179,m00013,Visible,@5208/i11000101,point marker review / confirm sequence slot
etc2g4,110668,To Deskunk A Beer,side_special_misc,handwritten_event_driver,11066817,17,1,-431,187,101,121,0,MapMarker,1600179,m00013,Visible,@5208/i11000101,point marker review / confirm sequence slot
etc2g4,110668,To Deskunk A Beer,side_special_misc,handwritten_event_driver,11066818,18,1,-431,187,101,121,0,MapMarker,1600179,m00013,Visible,@5208/i11000101,point marker review / confirm sequence slot
etc2g4,110668,To Deskunk A Beer,side_special_misc,handwritten_event_driver,11066819,19,1,-431,187,101,121,0,MapMarker,1600179,m00013,Visible,@5208/i11000101,point marker review / confirm sequence slot
etc2g4,110668,To Deskunk A Beer,side_special_misc,handwritten_event_driver,11066820,20,1,-431,187,101,121,0,MapMarker,1600179,m00013,Visible,@5208/i11000101,point marker review / confirm sequence slot
etc2g5,110669,Losing One's Thread,side_special_misc,handwritten_event_driver,11066901,1,1,1028.880005,1130.859985,103,305,0,MapMarkerQuest,4000257,m00013,Visible,@5208/i11066901,quest sequence marker review / getSequenceMarkerList
etc2g5,110669,Losing One's Thread,side_special_misc,handwritten_event_driver,11066902,2,1,64.040001,-1214.380005,103,321,0,MapMarkerQuest,1400098,m00013,Visible,@5208/i11066902,quest sequence marker review / getSequenceMarkerList
etc2g5,110669,Losing One's Thread,side_special_misc,handwritten_event_driver,11066903,3,1,-431,187,101,121,0,MapMarker,1600179,m00013,Visible,@5208/i11000101,point marker review / confirm sequence slot
etc2g5,110669,Losing One's Thread,side_special_misc,handwritten_event_driver,11066904,4,1,-431,187,101,121,0,MapMarker,1600179,m00013,Visible,@5208/i11000101,point marker review / confirm sequence slot
etc2g5,110669,Losing One's Thread,side_special_misc,handwritten_event_driver,11066905,5,1,-431,187,101,121,0,MapMarker,1600179,m00013,Visible,@5208/i11000101,point marker review / confirm sequence slot
etc2g5,110669,Losing One's Thread,side_special_misc,handwritten_event_driver,11066906,6,1,-431,187,101,121,0,MapMarker,1600179,m00013,Visible,@5208/i11000101,point marker review / confirm sequence slot
etc2g5,110669,Losing One's Thread,side_special_misc,handwritten_event_driver,11066907,7,1,-431,187,101,121,0,MapMarker,1600179,m00013,Visible,@5208/i11000101,point marker review / confirm sequence slot
etc2g5,110669,Losing One's Thread,side_special_misc,handwritten_event_driver,11066908,8,1,-431,187,101,121,0,MapMarker,1600179,m00013,Visible,@5208/i11000101,point marker review / confirm sequence slot
etc2g5,110669,Losing One's Thread,side_special_misc,handwritten_event_driver,11066909,9,1,-431,187,101,121,0,MapMarker,1600179,m00013,Visible,@5208/i11000101,point marker review / confirm sequence slot
etc2g5,110669,Losing One's Thread,side_special_misc,handwritten_event_driver,11066910,10,1,-431,187,101,121,0,MapMarker,1600179,m00013,Visible,@5208/i11000101,point marker review / confirm sequence slot
etc2g5,110669,Losing One's Thread,side_special_misc,handwritten_event_driver,11066911,11,1,-431,187,101,121,0,MapMarker,1600179,m00013,Visible,@5208/i11000101,point marker review / confirm sequence slot
etc2g5,110669,Losing One's Thread,side_special_misc,handwritten_event_driver,11066912,12,1,-431,187,101,121,0,MapMarker,1600179,m00013,Visible,@5208/i11000101,point marker review / confirm sequence slot
etc2g5,110669,Losing One's Thread,side_special_misc,handwritten_event_driver,11066913,13,1,-431,187,101,121,0,MapMarker,1600179,m00013,Visible,@5208/i11000101,point marker review / confirm sequence slot
etc2g5,110669,Losing One's Thread,side_special_misc,handwritten_event_driver,11066914,14,1,-431,187,101,121,0,MapMarker,1600179,m00013,Visible,@5208/i11000101,point marker review / confirm sequence slot
etc2g5,110669,Losing One's Thread,side_special_misc,handwritten_event_driver,11066915,15,1,-431,187,101,121,0,MapMarker,1600179,m00013,Visible,@5208/i11000101,point marker review / confirm sequence slot
etc2g5,110669,Losing One's Thread,side_special_misc,handwritten_event_driver,11066916,16,1,-431,187,101,121,0,MapMarker,1600179,m00013,Visible,@5208/i11000101,point marker review / confirm sequence slot
etc2g5,110669,Losing One's Thread,side_special_misc,handwritten_event_driver,11066917,17,1,-431,187,101,121,0,MapMarker,1600179,m00013,Visible,@5208/i11000101,point marker review / confirm sequence slot
etc2g5,110669,Losing One's Thread,side_special_misc,handwritten_event_driver,11066918,18,1,-431,187,101,121,0,MapMarker,1600179,m00013,Visible,@5208/i11000101,point marker review / confirm sequence slot
etc2g5,110669,Losing One's Thread,side_special_misc,handwritten_event_driver,11066919,19,1,-431,187,101,121,0,MapMarker,1600179,m00013,Visible,@5208/i11000101,point marker review / confirm sequence slot
etc2g5,110669,Losing One's Thread,side_special_misc,handwritten_event_driver,11066920,20,1,-431,187,101,121,0,MapMarker,1600179,m00013,Visible,@5208/i11000101,point marker review / confirm sequence slot
etc2i0,110706,Counting Sheep,side_special_misc,handwritten_event_driver,11070601,1,1,-431,187,101,121,0,MapMarker,1600179,m00013,Visible,@5208/i11000101,point marker review / confirm sequence slot
etc2i0,110706,Counting Sheep,side_special_misc,handwritten_event_driver,11070602,2,1,-431,187,101,121,0,MapMarker,1600179,m00013,Visible,@5208/i11000101,point marker review / confirm sequence slot
etc2i0,110706,Counting Sheep,side_special_misc,handwritten_event_driver,11070603,3,1,-431,187,101,121,0,MapMarker,1600179,m00013,Visible,@5208/i11000101,point marker review / confirm sequence slot
etc2i0,110706,Counting Sheep,side_special_misc,handwritten_event_driver,11070604,4,1,-431,187,101,121,0,MapMarker,1600179,m00013,Visible,@5208/i11000101,point marker review / confirm sequence slot
etc2i0,110706,Counting Sheep,side_special_misc,handwritten_event_driver,11070605,5,1,-431,187,101,121,0,MapMarker,1600179,m00013,Visible,@5208/i11000101,point marker review / confirm sequence slot
etc2i0,110706,Counting Sheep,side_special_misc,handwritten_event_driver,11070606,6,1,-431,187,101,121,0,MapMarker,1600179,m00013,Visible,@5208/i11000101,point marker review / confirm sequence slot
etc2i0,110706,Counting Sheep,side_special_misc,handwritten_event_driver,11070607,7,1,-431,187,101,121,0,MapMarker,1600179,m00013,Visible,@5208/i11000101,point marker review / confirm sequence slot
etc2i0,110706,Counting Sheep,side_special_misc,handwritten_event_driver,11070608,8,1,-431,187,101,121,0,MapMarker,1600179,m00013,Visible,@5208/i11000101,point marker review / confirm sequence slot
etc2i0,110706,Counting Sheep,side_special_misc,handwritten_event_driver,11070609,9,1,-431,187,101,121,0,MapMarker,1600179,m00013,Visible,@5208/i11000101,point marker review / confirm sequence slot
etc2i0,110706,Counting Sheep,side_special_misc,handwritten_event_driver,11070610,10,1,-431,187,101,121,0,MapMarker,1600179,m00013,Visible,@5208/i11000101,point marker review / confirm sequence slot
etc2i0,110706,Counting Sheep,side_special_misc,handwritten_event_driver,11070611,11,1,-431,187,101,121,0,MapMarker,1600179,m00013,Visible,@5208/i11000101,point marker review / confirm sequence slot
etc2i0,110706,Counting Sheep,side_special_misc,handwritten_event_driver,11070612,12,1,-431,187,101,121,0,MapMarker,1600179,m00013,Visible,@5208/i11000101,point marker review / confirm sequence slot
etc2i0,110706,Counting Sheep,side_special_misc,handwritten_event_driver,11070613,13,1,-431,187,101,121,0,MapMarker,1600179,m00013,Visible,@5208/i11000101,point marker review / confirm sequence slot
etc2i0,110706,Counting Sheep,side_special_misc,handwritten_event_driver,11070614,14,1,-431,187,101,121,0,MapMarker,1600179,m00013,Visible,@5208/i11000101,point marker review / confirm sequence slot
etc2i0,110706,Counting Sheep,side_special_misc,handwritten_event_driver,11070615,15,1,-431,187,101,121,0,MapMarker,1600179,m00013,Visible,@5208/i11000101,point marker review / confirm sequence slot
etc2i0,110706,Counting Sheep,side_special_misc,handwritten_event_driver,11070616,16,1,-431,187,101,121,0,MapMarker,1600179,m00013,Visible,@5208/i11000101,point marker review / confirm sequence slot
etc2i0,110706,Counting Sheep,side_special_misc,handwritten_event_driver,11070617,17,1,-431,187,101,121,0,MapMarker,1600179,m00013,Visible,@5208/i11000101,point marker review / confirm sequence slot
etc2i0,110706,Counting Sheep,side_special_misc,handwritten_event_driver,11070618,18,1,-431,187,101,121,0,MapMarker,1600179,m00013,Visible,@5208/i11000101,point marker review / confirm sequence slot
etc2i0,110706,Counting Sheep,side_special_misc,handwritten_event_driver,11070619,19,1,-431,187,101,121,0,MapMarker,1600179,m00013,Visible,@5208/i11000101,point marker review / confirm sequence slot
etc2i0,110706,Counting Sheep,side_special_misc,handwritten_event_driver,11070620,20,1,-431,187,101,121,0,MapMarker,1600179,m00013,Visible,@5208/i11000101,point marker review / confirm sequence slot
etc2i1,110707,A Hypocritical Oath,side_special_misc,handwritten_event_driver,11070701,1,1,-431,187,101,121,0,MapMarker,1600179,m00013,Visible,@5208/i11000101,point marker review / confirm sequence slot
etc2i1,110707,A Hypocritical Oath,side_special_misc,handwritten_event_driver,11070702,2,1,-431,187,101,121,0,MapMarker,1600179,m00013,Visible,@5208/i11000101,point marker review / confirm sequence slot
etc2i1,110707,A Hypocritical Oath,side_special_misc,handwritten_event_driver,11070703,3,1,-431,187,101,121,0,MapMarker,1600179,m00013,Visible,@5208/i11000101,point marker review / confirm sequence slot
etc2i1,110707,A Hypocritical Oath,side_special_misc,handwritten_event_driver,11070704,4,1,-431,187,101,121,0,MapMarker,1600179,m00013,Visible,@5208/i11000101,point marker review / confirm sequence slot
etc2i1,110707,A Hypocritical Oath,side_special_misc,handwritten_event_driver,11070705,5,1,-431,187,101,121,0,MapMarker,1600179,m00013,Visible,@5208/i11000101,point marker review / confirm sequence slot
etc2i1,110707,A Hypocritical Oath,side_special_misc,handwritten_event_driver,11070706,6,1,-431,187,101,121,0,MapMarker,1600179,m00013,Visible,@5208/i11000101,point marker review / confirm sequence slot
etc2i1,110707,A Hypocritical Oath,side_special_misc,handwritten_event_driver,11070707,7,1,-431,187,101,121,0,MapMarker,1600179,m00013,Visible,@5208/i11000101,point marker review / confirm sequence slot
etc2i1,110707,A Hypocritical Oath,side_special_misc,handwritten_event_driver,11070708,8,1,-431,187,101,121,0,MapMarker,1600179,m00013,Visible,@5208/i11000101,point marker review / confirm sequence slot
etc2i1,110707,A Hypocritical Oath,side_special_misc,handwritten_event_driver,11070709,9,1,-431,187,101,121,0,MapMarker,1600179,m00013,Visible,@5208/i11000101,point marker review / confirm sequence slot
etc2i1,110707,A Hypocritical Oath,side_special_misc,handwritten_event_driver,11070710,10,1,-431,187,101,121,0,MapMarker,1600179,m00013,Visible,@5208/i11000101,point marker review / confirm sequence slot
etc2i1,110707,A Hypocritical Oath,side_special_misc,handwritten_event_driver,11070711,11,1,-431,187,101,121,0,MapMarker,1600179,m00013,Visible,@5208/i11000101,point marker review / confirm sequence slot
etc2i1,110707,A Hypocritical Oath,side_special_misc,handwritten_event_driver,11070712,12,1,-431,187,101,121,0,MapMarker,1600179,m00013,Visible,@5208/i11000101,point marker review / confirm sequence slot
etc2i1,110707,A Hypocritical Oath,side_special_misc,handwritten_event_driver,11070713,13,1,-431,187,101,121,0,MapMarker,1600179,m00013,Visible,@5208/i11000101,point marker review / confirm sequence slot
etc2i1,110707,A Hypocritical Oath,side_special_misc,handwritten_event_driver,11070714,14,1,-431,187,101,121,0,MapMarker,1600179,m00013,Visible,@5208/i11000101,point marker review / confirm sequence slot
etc2i1,110707,A Hypocritical Oath,side_special_misc,handwritten_event_driver,11070715,15,1,-431,187,101,121,0,MapMarker,1600179,m00013,Visible,@5208/i11000101,point marker review / confirm sequence slot
etc2i1,110707,A Hypocritical Oath,side_special_misc,handwritten_event_driver,11070716,16,1,-431,187,101,121,0,MapMarker,1600179,m00013,Visible,@5208/i11000101,point marker review / confirm sequence slot
etc2i1,110707,A Hypocritical Oath,side_special_misc,handwritten_event_driver,11070717,17,1,-431,187,101,121,0,MapMarker,1600179,m00013,Visible,@5208/i11000101,point marker review / confirm sequence slot
etc2i1,110707,A Hypocritical Oath,side_special_misc,handwritten_event_driver,11070718,18,1,-431,187,101,121,0,MapMarker,1600179,m00013,Visible,@5208/i11000101,point marker review / confirm sequence slot
etc2i1,110707,A Hypocritical Oath,side_special_misc,handwritten_event_driver,11070719,19,1,-431,187,101,121,0,MapMarker,1600179,m00013,Visible,@5208/i11000101,point marker review / confirm sequence slot
etc2i1,110707,A Hypocritical Oath,side_special_misc,handwritten_event_driver,11070720,20,1,-431,187,101,121,0,MapMarker,1600179,m00013,Visible,@5208/i11000101,point marker review / confirm sequence slot
etc2i2,110708,Blood Price,side_special_misc,handwritten_event_driver,11070801,1,1,-431,187,101,121,0,MapMarker,1600179,m00013,Visible,@5208/i11000101,point marker review / confirm sequence slot
etc2i2,110708,Blood Price,side_special_misc,handwritten_event_driver,11070802,2,1,-431,187,101,121,0,MapMarker,1600179,m00013,Visible,@5208/i11000101,point marker review / confirm sequence slot
etc2i2,110708,Blood Price,side_special_misc,handwritten_event_driver,11070803,3,1,-431,187,101,121,0,MapMarker,1600179,m00013,Visible,@5208/i11000101,point marker review / confirm sequence slot
etc2i2,110708,Blood Price,side_special_misc,handwritten_event_driver,11070804,4,1,-431,187,101,121,0,MapMarker,1600179,m00013,Visible,@5208/i11000101,point marker review / confirm sequence slot
etc2i2,110708,Blood Price,side_special_misc,handwritten_event_driver,11070805,5,1,-431,187,101,121,0,MapMarker,1600179,m00013,Visible,@5208/i11000101,point marker review / confirm sequence slot
etc2i2,110708,Blood Price,side_special_misc,handwritten_event_driver,11070806,6,1,-431,187,101,121,0,MapMarker,1600179,m00013,Visible,@5208/i11000101,point marker review / confirm sequence slot
etc2i2,110708,Blood Price,side_special_misc,handwritten_event_driver,11070807,7,1,-431,187,101,121,0,MapMarker,1600179,m00013,Visible,@5208/i11000101,point marker review / confirm sequence slot
etc2i2,110708,Blood Price,side_special_misc,handwritten_event_driver,11070808,8,1,-431,187,101,121,0,MapMarker,1600179,m00013,Visible,@5208/i11000101,point marker review / confirm sequence slot
etc2i2,110708,Blood Price,side_special_misc,handwritten_event_driver,11070809,9,1,-431,187,101,121,0,MapMarker,1600179,m00013,Visible,@5208/i11000101,point marker review / confirm sequence slot
etc2i2,110708,Blood Price,side_special_misc,handwritten_event_driver,11070810,10,1,-431,187,101,121,0,MapMarker,1600179,m00013,Visible,@5208/i11000101,point marker review / confirm sequence slot
etc2i2,110708,Blood Price,side_special_misc,handwritten_event_driver,11070811,11,1,-431,187,101,121,0,MapMarker,1600179,m00013,Visible,@5208/i11000101,point marker review / confirm sequence slot
etc2i2,110708,Blood Price,side_special_misc,handwritten_event_driver,11070812,12,1,-431,187,101,121,0,MapMarker,1600179,m00013,Visible,@5208/i11000101,point marker review / confirm sequence slot
etc2i2,110708,Blood Price,side_special_misc,handwritten_event_driver,11070813,13,1,-431,187,101,121,0,MapMarker,1600179,m00013,Visible,@5208/i11000101,point marker review / confirm sequence slot
etc2i2,110708,Blood Price,side_special_misc,handwritten_event_driver,11070814,14,1,-431,187,101,121,0,MapMarker,1600179,m00013,Visible,@5208/i11000101,point marker review / confirm sequence slot
etc2i2,110708,Blood Price,side_special_misc,handwritten_event_driver,11070815,15,1,-431,187,101,121,0,MapMarker,1600179,m00013,Visible,@5208/i11000101,point marker review / confirm sequence slot
etc2i2,110708,Blood Price,side_special_misc,handwritten_event_driver,11070816,16,1,-431,187,101,121,0,MapMarker,1600179,m00013,Visible,@5208/i11000101,point marker review / confirm sequence slot
etc2i2,110708,Blood Price,side_special_misc,handwritten_event_driver,11070817,17,1,-431,187,101,121,0,MapMarker,1600179,m00013,Visible,@5208/i11000101,point marker review / confirm sequence slot
etc2i2,110708,Blood Price,side_special_misc,handwritten_event_driver,11070818,18,1,-431,187,101,121,0,MapMarker,1600179,m00013,Visible,@5208/i11000101,point marker review / confirm sequence slot
etc2i2,110708,Blood Price,side_special_misc,handwritten_event_driver,11070819,19,1,-431,187,101,121,0,MapMarker,1600179,m00013,Visible,@5208/i11000101,point marker review / confirm sequence slot
etc2i2,110708,Blood Price,side_special_misc,handwritten_event_driver,11070820,20,1,-431,187,101,121,0,MapMarker,1600179,m00013,Visible,@5208/i11000101,point marker review / confirm sequence slot
etc2l0,110643,Fishing for Answers,side_special_misc,handwritten_event_driver,11064301,1,1,-1545.930054,-611.5,101,102,0,MapMarkerQuestArea,4000257,m00029,Visible,@5208/i11064301,marker table review
etc2l0,110643,Fishing for Answers,side_special_misc,handwritten_event_driver,11064302,2,1,-617.099976,261.670013,101,121,0,MapMarkerQuest,1200075,m00013,Visible,@5208/i11064302,quest sequence marker review / getSequenceMarkerList
etc2l0,110643,Fishing for Answers,side_special_misc,handwritten_event_driver,11064303,3,1,-431,187,101,121,0,MapMarker,1600179,m00013,Visible,@5208/i11000101,point marker review / confirm sequence slot
etc2l0,110643,Fishing for Answers,side_special_misc,handwritten_event_driver,11064304,4,1,-431,187,101,121,0,MapMarker,1600179,m00013,Visible,@5208/i11000101,point marker review / confirm sequence slot
etc2l0,110643,Fishing for Answers,side_special_misc,handwritten_event_driver,11064305,5,1,-431,187,101,121,0,MapMarker,1600179,m00013,Visible,@5208/i11000101,point marker review / confirm sequence slot
etc2l0,110643,Fishing for Answers,side_special_misc,handwritten_event_driver,11064306,6,1,-431,187,101,121,0,MapMarker,1600179,m00013,Visible,@5208/i11000101,point marker review / confirm sequence slot
etc2l0,110643,Fishing for Answers,side_special_misc,handwritten_event_driver,11064307,7,1,-431,187,101,121,0,MapMarker,1600179,m00013,Visible,@5208/i11000101,point marker review / confirm sequence slot
etc2l0,110643,Fishing for Answers,side_special_misc,handwritten_event_driver,11064308,8,1,-431,187,101,121,0,MapMarker,1600179,m00013,Visible,@5208/i11000101,point marker review / confirm sequence slot
etc2l0,110643,Fishing for Answers,side_special_misc,handwritten_event_driver,11064309,9,1,-431,187,101,121,0,MapMarker,1600179,m00013,Visible,@5208/i11000101,point marker review / confirm sequence slot
etc2l0,110643,Fishing for Answers,side_special_misc,handwritten_event_driver,11064310,10,1,-431,187,101,121,0,MapMarker,1600179,m00013,Visible,@5208/i11000101,point marker review / confirm sequence slot
etc2l0,110643,Fishing for Answers,side_special_misc,handwritten_event_driver,11064311,11,1,-431,187,101,121,0,MapMarker,1600179,m00013,Visible,@5208/i11000101,point marker review / confirm sequence slot
etc2l0,110643,Fishing for Answers,side_special_misc,handwritten_event_driver,11064312,12,1,-431,187,101,121,0,MapMarker,1600179,m00013,Visible,@5208/i11000101,point marker review / confirm sequence slot
etc2l0,110643,Fishing for Answers,side_special_misc,handwritten_event_driver,11064313,13,1,-431,187,101,121,0,MapMarker,1600179,m00013,Visible,@5208/i11000101,point marker review / confirm sequence slot
etc2l0,110643,Fishing for Answers,side_special_misc,handwritten_event_driver,11064314,14,1,-431,187,101,121,0,MapMarker,1600179,m00013,Visible,@5208/i11000101,point marker review / confirm sequence slot
etc2l0,110643,Fishing for Answers,side_special_misc,handwritten_event_driver,11064315,15,1,-431,187,101,121,0,MapMarker,1600179,m00013,Visible,@5208/i11000101,point marker review / confirm sequence slot
etc2l0,110643,Fishing for Answers,side_special_misc,handwritten_event_driver,11064316,16,1,-431,187,101,121,0,MapMarker,1600179,m00013,Visible,@5208/i11000101,point marker review / confirm sequence slot
etc2l0,110643,Fishing for Answers,side_special_misc,handwritten_event_driver,11064317,17,1,-431,187,101,121,0,MapMarker,1600179,m00013,Visible,@5208/i11000101,point marker review / confirm sequence slot
etc2l0,110643,Fishing for Answers,side_special_misc,handwritten_event_driver,11064318,18,1,-431,187,101,121,0,MapMarker,1600179,m00013,Visible,@5208/i11000101,point marker review / confirm sequence slot
etc2l0,110643,Fishing for Answers,side_special_misc,handwritten_event_driver,11064319,19,1,-431,187,101,121,0,MapMarker,1600179,m00013,Visible,@5208/i11000101,point marker review / confirm sequence slot
etc2l0,110643,Fishing for Answers,side_special_misc,handwritten_event_driver,11064320,20,1,-431,187,101,121,0,MapMarker,1600179,m00013,Visible,@5208/i11000101,point marker review / confirm sequence slot
etc2l1,110644,Moonstruck,side_special_misc,handwritten_event_driver,11064401,1,1,767,-1088,101,103,0,MapMarkerQuest,4000257,m00013,Visible,@5208/i11064401,quest sequence marker review / getSequenceMarkerList
etc2l1,110644,Moonstruck,side_special_misc,handwritten_event_driver,11064402,2,1,600,-1214,101,103,0,MapMarkerQuest,1900133,m00013,Visible,@5208/i11064402,quest sequence marker review / getSequenceMarkerList
etc2l1,110644,Moonstruck,side_special_misc,handwritten_event_driver,11064403,3,1,-431,187,101,121,0,MapMarker,1600179,m00013,Visible,@5208/i11000101,point marker review / confirm sequence slot
etc2l1,110644,Moonstruck,side_special_misc,handwritten_event_driver,11064404,4,1,-431,187,101,121,0,MapMarker,1600179,m00013,Visible,@5208/i11000101,point marker review / confirm sequence slot
etc2l1,110644,Moonstruck,side_special_misc,handwritten_event_driver,11064405,5,1,-431,187,101,121,0,MapMarker,1600179,m00013,Visible,@5208/i11000101,point marker review / confirm sequence slot
etc2l1,110644,Moonstruck,side_special_misc,handwritten_event_driver,11064406,6,1,-431,187,101,121,0,MapMarker,1600179,m00013,Visible,@5208/i11000101,point marker review / confirm sequence slot
etc2l1,110644,Moonstruck,side_special_misc,handwritten_event_driver,11064407,7,1,-431,187,101,121,0,MapMarker,1600179,m00013,Visible,@5208/i11000101,point marker review / confirm sequence slot
etc2l1,110644,Moonstruck,side_special_misc,handwritten_event_driver,11064408,8,1,-431,187,101,121,0,MapMarker,1600179,m00013,Visible,@5208/i11000101,point marker review / confirm sequence slot
etc2l1,110644,Moonstruck,side_special_misc,handwritten_event_driver,11064409,9,1,-431,187,101,121,0,MapMarker,1600179,m00013,Visible,@5208/i11000101,point marker review / confirm sequence slot
etc2l1,110644,Moonstruck,side_special_misc,handwritten_event_driver,11064410,10,1,-431,187,101,121,0,MapMarker,1600179,m00013,Visible,@5208/i11000101,point marker review / confirm sequence slot
etc2l1,110644,Moonstruck,side_special_misc,handwritten_event_driver,11064411,11,1,-431,187,101,121,0,MapMarker,1600179,m00013,Visible,@5208/i11000101,point marker review / confirm sequence slot
etc2l1,110644,Moonstruck,side_special_misc,handwritten_event_driver,11064412,12,1,-431,187,101,121,0,MapMarker,1600179,m00013,Visible,@5208/i11000101,point marker review / confirm sequence slot
etc2l1,110644,Moonstruck,side_special_misc,handwritten_event_driver,11064413,13,1,-431,187,101,121,0,MapMarker,1600179,m00013,Visible,@5208/i11000101,point marker review / confirm sequence slot
etc2l1,110644,Moonstruck,side_special_misc,handwritten_event_driver,11064414,14,1,-431,187,101,121,0,MapMarker,1600179,m00013,Visible,@5208/i11000101,point marker review / confirm sequence slot
etc2l1,110644,Moonstruck,side_special_misc,handwritten_event_driver,11064415,15,1,-431,187,101,121,0,MapMarker,1600179,m00013,Visible,@5208/i11000101,point marker review / confirm sequence slot
etc2l1,110644,Moonstruck,side_special_misc,handwritten_event_driver,11064416,16,1,-431,187,101,121,0,MapMarker,1600179,m00013,Visible,@5208/i11000101,point marker review / confirm sequence slot
etc2l1,110644,Moonstruck,side_special_misc,handwritten_event_driver,11064417,17,1,-431,187,101,121,0,MapMarker,1600179,m00013,Visible,@5208/i11000101,point marker review / confirm sequence slot
etc2l1,110644,Moonstruck,side_special_misc,handwritten_event_driver,11064418,18,1,-431,187,101,121,0,MapMarker,1600179,m00013,Visible,@5208/i11000101,point marker review / confirm sequence slot
etc2l1,110644,Moonstruck,side_special_misc,handwritten_event_driver,11064419,19,1,-431,187,101,121,0,MapMarker,1600179,m00013,Visible,@5208/i11000101,point marker review / confirm sequence slot
etc2l1,110644,Moonstruck,side_special_misc,handwritten_event_driver,11064420,20,1,-431,187,101,121,0,MapMarker,1600179,m00013,Visible,@5208/i11000101,point marker review / confirm sequence slot
etc2l3,110646,A Misty Past,side_special_misc,handwritten_event_driver,11064601,1,1,287.23999,329.480011,101,101,0,MapMarkerQuest,4000257,m00013,Visible,@5208/i11064601,quest sequence marker review / getSequenceMarkerList
etc2l3,110646,A Misty Past,side_special_misc,handwritten_event_driver,11064602,2,1,288.23999,342.119995,101,101,0,MapMarkerQuest,1900052,m00013,Visible,@5208/i11064602,quest sequence marker review / getSequenceMarkerList
etc2l3,110646,A Misty Past,side_special_misc,handwritten_event_driver,11064603,3,1,-431,187,101,121,0,MapMarker,1600179,m00013,Visible,@5208/i11000101,point marker review / confirm sequence slot
etc2l3,110646,A Misty Past,side_special_misc,handwritten_event_driver,11064604,4,1,-431,187,101,121,0,MapMarker,1600179,m00013,Visible,@5208/i11000101,point marker review / confirm sequence slot
etc2l3,110646,A Misty Past,side_special_misc,handwritten_event_driver,11064605,5,1,-431,187,101,121,0,MapMarker,1600179,m00013,Visible,@5208/i11000101,point marker review / confirm sequence slot
etc2l3,110646,A Misty Past,side_special_misc,handwritten_event_driver,11064606,6,1,-431,187,101,121,0,MapMarker,1600179,m00013,Visible,@5208/i11000101,point marker review / confirm sequence slot
etc2l3,110646,A Misty Past,side_special_misc,handwritten_event_driver,11064607,7,1,-431,187,101,121,0,MapMarker,1600179,m00013,Visible,@5208/i11000101,point marker review / confirm sequence slot
etc2l3,110646,A Misty Past,side_special_misc,handwritten_event_driver,11064608,8,1,-431,187,101,121,0,MapMarker,1600179,m00013,Visible,@5208/i11000101,point marker review / confirm sequence slot
etc2l3,110646,A Misty Past,side_special_misc,handwritten_event_driver,11064609,9,1,-431,187,101,121,0,MapMarker,1600179,m00013,Visible,@5208/i11000101,point marker review / confirm sequence slot
etc2l3,110646,A Misty Past,side_special_misc,handwritten_event_driver,11064610,10,1,-431,187,101,121,0,MapMarker,1600179,m00013,Visible,@5208/i11000101,point marker review / confirm sequence slot
etc2l3,110646,A Misty Past,side_special_misc,handwritten_event_driver,11064611,11,1,-431,187,101,121,0,MapMarker,1600179,m00013,Visible,@5208/i11000101,point marker review / confirm sequence slot
etc2l3,110646,A Misty Past,side_special_misc,handwritten_event_driver,11064612,12,1,-431,187,101,121,0,MapMarker,1600179,m00013,Visible,@5208/i11000101,point marker review / confirm sequence slot
etc2l3,110646,A Misty Past,side_special_misc,handwritten_event_driver,11064613,13,1,-431,187,101,121,0,MapMarker,1600179,m00013,Visible,@5208/i11000101,point marker review / confirm sequence slot
etc2l3,110646,A Misty Past,side_special_misc,handwritten_event_driver,11064614,14,1,-431,187,101,121,0,MapMarker,1600179,m00013,Visible,@5208/i11000101,point marker review / confirm sequence slot
etc2l3,110646,A Misty Past,side_special_misc,handwritten_event_driver,11064615,15,1,-431,187,101,121,0,MapMarker,1600179,m00013,Visible,@5208/i11000101,point marker review / confirm sequence slot
etc2l3,110646,A Misty Past,side_special_misc,handwritten_event_driver,11064616,16,1,-431,187,101,121,0,MapMarker,1600179,m00013,Visible,@5208/i11000101,point marker review / confirm sequence slot
etc2l3,110646,A Misty Past,side_special_misc,handwritten_event_driver,11064617,17,1,-431,187,101,121,0,MapMarker,1600179,m00013,Visible,@5208/i11000101,point marker review / confirm sequence slot
etc2l3,110646,A Misty Past,side_special_misc,handwritten_event_driver,11064618,18,1,-431,187,101,121,0,MapMarker,1600179,m00013,Visible,@5208/i11000101,point marker review / confirm sequence slot
etc2l3,110646,A Misty Past,side_special_misc,handwritten_event_driver,11064619,19,1,-431,187,101,121,0,MapMarker,1600179,m00013,Visible,@5208/i11000101,point marker review / confirm sequence slot
etc2l3,110646,A Misty Past,side_special_misc,handwritten_event_driver,11064620,20,1,-431,187,101,121,0,MapMarker,1600179,m00013,Visible,@5208/i11000101,point marker review / confirm sequence slot
etc2l5,110648,Carving a Name,side_special_misc,handwritten_event_driver,11064801,1,1,591.070007,-1689.829956,101,104,0,MapMarkerQuestArea,4000257,m00029,Visible,@5208/i11064801,marker table review
etc2l5,110648,Carving a Name,side_special_misc,handwritten_event_driver,11064802,2,1,631.309998,-1196.97998,101,103,0,MapMarkerQuest,1900144,m00013,Visible,@5208/i11064802,quest sequence marker review / getSequenceMarkerList
etc2l5,110648,Carving a Name,side_special_misc,handwritten_event_driver,11064803,3,1,576.659973,-1697.23999,101,104,0,MapMarkerQuest,4000257,m00013,Visible,@5208/i11064803,quest sequence marker review / getSequenceMarkerList
etc2l5,110648,Carving a Name,side_special_misc,handwritten_event_driver,11064804,4,1,-431,187,101,121,0,MapMarker,1600179,m00013,Visible,@5208/i11000101,point marker review / confirm sequence slot
etc2l5,110648,Carving a Name,side_special_misc,handwritten_event_driver,11064805,5,1,-431,187,101,121,0,MapMarker,1600179,m00013,Visible,@5208/i11000101,point marker review / confirm sequence slot
etc2l5,110648,Carving a Name,side_special_misc,handwritten_event_driver,11064806,6,1,-431,187,101,121,0,MapMarker,1600179,m00013,Visible,@5208/i11000101,point marker review / confirm sequence slot
etc2l5,110648,Carving a Name,side_special_misc,handwritten_event_driver,11064807,7,1,-431,187,101,121,0,MapMarker,1600179,m00013,Visible,@5208/i11000101,point marker review / confirm sequence slot
etc2l5,110648,Carving a Name,side_special_misc,handwritten_event_driver,11064808,8,1,-431,187,101,121,0,MapMarker,1600179,m00013,Visible,@5208/i11000101,point marker review / confirm sequence slot
etc2l5,110648,Carving a Name,side_special_misc,handwritten_event_driver,11064809,9,1,-431,187,101,121,0,MapMarker,1600179,m00013,Visible,@5208/i11000101,point marker review / confirm sequence slot
etc2l5,110648,Carving a Name,side_special_misc,handwritten_event_driver,11064810,10,1,-431,187,101,121,0,MapMarker,1600179,m00013,Visible,@5208/i11000101,point marker review / confirm sequence slot
etc2l5,110648,Carving a Name,side_special_misc,handwritten_event_driver,11064811,11,1,-431,187,101,121,0,MapMarker,1600179,m00013,Visible,@5208/i11000101,point marker review / confirm sequence slot
etc2l5,110648,Carving a Name,side_special_misc,handwritten_event_driver,11064812,12,1,-431,187,101,121,0,MapMarker,1600179,m00013,Visible,@5208/i11000101,point marker review / confirm sequence slot
etc2l5,110648,Carving a Name,side_special_misc,handwritten_event_driver,11064813,13,1,-431,187,101,121,0,MapMarker,1600179,m00013,Visible,@5208/i11000101,point marker review / confirm sequence slot
etc2l5,110648,Carving a Name,side_special_misc,handwritten_event_driver,11064814,14,1,-431,187,101,121,0,MapMarker,1600179,m00013,Visible,@5208/i11000101,point marker review / confirm sequence slot
etc2l5,110648,Carving a Name,side_special_misc,handwritten_event_driver,11064815,15,1,-431,187,101,121,0,MapMarker,1600179,m00013,Visible,@5208/i11000101,point marker review / confirm sequence slot
etc2l5,110648,Carving a Name,side_special_misc,handwritten_event_driver,11064816,16,1,-431,187,101,121,0,MapMarker,1600179,m00013,Visible,@5208/i11000101,point marker review / confirm sequence slot
etc2l5,110648,Carving a Name,side_special_misc,handwritten_event_driver,11064817,17,1,-431,187,101,121,0,MapMarker,1600179,m00013,Visible,@5208/i11000101,point marker review / confirm sequence slot
etc2l5,110648,Carving a Name,side_special_misc,handwritten_event_driver,11064818,18,1,-431,187,101,121,0,MapMarker,1600179,m00013,Visible,@5208/i11000101,point marker review / confirm sequence slot
etc2l5,110648,Carving a Name,side_special_misc,handwritten_event_driver,11064819,19,1,-431,187,101,121,0,MapMarker,1600179,m00013,Visible,@5208/i11000101,point marker review / confirm sequence slot
etc2l5,110648,Carving a Name,side_special_misc,handwritten_event_driver,11064820,20,1,-431,187,101,121,0,MapMarker,1600179,m00013,Visible,@5208/i11000101,point marker review / confirm sequence slot
etc2u0,110685,The Unheard Horizon,side_special_misc,handwritten_event_driver,11068501,1,1,-56.689999,-6.59,104,421,0,MapMarkerQuest,1400157,m00013,Visible,@5208/i11068501,quest sequence marker review / getSequenceMarkerList
etc2u0,110685,The Unheard Horizon,side_special_misc,handwritten_event_driver,11068502,2,1,-1055,-129,104,403,0,MapMarkerQuest,4000257,m00013,Visible,@5208/i11068502,quest sequence marker review / getSequenceMarkerList
etc2u0,110685,The Unheard Horizon,side_special_misc,handwritten_event_driver,11068503,3,1,-431,187,101,121,0,MapMarker,1600179,m00013,Visible,@5208/i11000101,point marker review / confirm sequence slot
etc2u0,110685,The Unheard Horizon,side_special_misc,handwritten_event_driver,11068504,4,1,-431,187,101,121,0,MapMarker,1600179,m00013,Visible,@5208/i11000101,point marker review / confirm sequence slot
etc2u0,110685,The Unheard Horizon,side_special_misc,handwritten_event_driver,11068505,5,1,-431,187,101,121,0,MapMarker,1600179,m00013,Visible,@5208/i11000101,point marker review / confirm sequence slot
etc2u0,110685,The Unheard Horizon,side_special_misc,handwritten_event_driver,11068506,6,1,-431,187,101,121,0,MapMarker,1600179,m00013,Visible,@5208/i11000101,point marker review / confirm sequence slot
etc2u0,110685,The Unheard Horizon,side_special_misc,handwritten_event_driver,11068507,7,1,-431,187,101,121,0,MapMarker,1600179,m00013,Visible,@5208/i11000101,point marker review / confirm sequence slot
etc2u0,110685,The Unheard Horizon,side_special_misc,handwritten_event_driver,11068508,8,1,-431,187,101,121,0,MapMarker,1600179,m00013,Visible,@5208/i11000101,point marker review / confirm sequence slot
etc2u0,110685,The Unheard Horizon,side_special_misc,handwritten_event_driver,11068509,9,1,-431,187,101,121,0,MapMarker,1600179,m00013,Visible,@5208/i11000101,point marker review / confirm sequence slot
etc2u0,110685,The Unheard Horizon,side_special_misc,handwritten_event_driver,11068510,10,1,-431,187,101,121,0,MapMarker,1600179,m00013,Visible,@5208/i11000101,point marker review / confirm sequence slot
etc2u0,110685,The Unheard Horizon,side_special_misc,handwritten_event_driver,11068511,11,1,-431,187,101,121,0,MapMarker,1600179,m00013,Visible,@5208/i11000101,point marker review / confirm sequence slot
etc2u0,110685,The Unheard Horizon,side_special_misc,handwritten_event_driver,11068512,12,1,-431,187,101,121,0,MapMarker,1600179,m00013,Visible,@5208/i11000101,point marker review / confirm sequence slot
etc2u0,110685,The Unheard Horizon,side_special_misc,handwritten_event_driver,11068513,13,1,-431,187,101,121,0,MapMarker,1600179,m00013,Visible,@5208/i11000101,point marker review / confirm sequence slot
etc2u0,110685,The Unheard Horizon,side_special_misc,handwritten_event_driver,11068514,14,1,-431,187,101,121,0,MapMarker,1600179,m00013,Visible,@5208/i11000101,point marker review / confirm sequence slot
etc2u0,110685,The Unheard Horizon,side_special_misc,handwritten_event_driver,11068515,15,1,-431,187,101,121,0,MapMarker,1600179,m00013,Visible,@5208/i11000101,point marker review / confirm sequence slot
etc2u0,110685,The Unheard Horizon,side_special_misc,handwritten_event_driver,11068516,16,1,-431,187,101,121,0,MapMarker,1600179,m00013,Visible,@5208/i11000101,point marker review / confirm sequence slot
etc2u0,110685,The Unheard Horizon,side_special_misc,handwritten_event_driver,11068517,17,1,-431,187,101,121,0,MapMarker,1600179,m00013,Visible,@5208/i11000101,point marker review / confirm sequence slot
etc2u0,110685,The Unheard Horizon,side_special_misc,handwritten_event_driver,11068518,18,1,-431,187,101,121,0,MapMarker,1600179,m00013,Visible,@5208/i11000101,point marker review / confirm sequence slot
etc2u0,110685,The Unheard Horizon,side_special_misc,handwritten_event_driver,11068519,19,1,-431,187,101,121,0,MapMarker,1600179,m00013,Visible,@5208/i11000101,point marker review / confirm sequence slot
etc2u0,110685,The Unheard Horizon,side_special_misc,handwritten_event_driver,11068520,20,1,-431,187,101,121,0,MapMarker,1600179,m00013,Visible,@5208/i11000101,point marker review / confirm sequence slot
etc2u1,110686,Freedom Isn't Free,side_special_misc,handwritten_event_driver,11068601,1,1,-161,117,104,421,0,MapMarkerQuest,1000134,m00013,Visible,@5208/i11068601,quest sequence marker review / getSequenceMarkerList
etc2u1,110686,Freedom Isn't Free,side_special_misc,handwritten_event_driver,11068602,2,1,2026.910034,-344.700012,104,402,0,MapMarkerQuestArea,4000257,m00029,Visible,@5208/i11068602,marker table review
etc2u1,110686,Freedom Isn't Free,side_special_misc,handwritten_event_driver,11068603,3,1,-431,187,101,121,0,MapMarker,1600179,m00013,Visible,@5208/i11000101,point marker review / confirm sequence slot
etc2u1,110686,Freedom Isn't Free,side_special_misc,handwritten_event_driver,11068604,4,1,-431,187,101,121,0,MapMarker,1600179,m00013,Visible,@5208/i11000101,point marker review / confirm sequence slot
etc2u1,110686,Freedom Isn't Free,side_special_misc,handwritten_event_driver,11068605,5,1,-431,187,101,121,0,MapMarker,1600179,m00013,Visible,@5208/i11000101,point marker review / confirm sequence slot
etc2u1,110686,Freedom Isn't Free,side_special_misc,handwritten_event_driver,11068606,6,1,-431,187,101,121,0,MapMarker,1600179,m00013,Visible,@5208/i11000101,point marker review / confirm sequence slot
etc2u1,110686,Freedom Isn't Free,side_special_misc,handwritten_event_driver,11068607,7,1,-431,187,101,121,0,MapMarker,1600179,m00013,Visible,@5208/i11000101,point marker review / confirm sequence slot
etc2u1,110686,Freedom Isn't Free,side_special_misc,handwritten_event_driver,11068608,8,1,-431,187,101,121,0,MapMarker,1600179,m00013,Visible,@5208/i11000101,point marker review / confirm sequence slot
etc2u1,110686,Freedom Isn't Free,side_special_misc,handwritten_event_driver,11068609,9,1,-431,187,101,121,0,MapMarker,1600179,m00013,Visible,@5208/i11000101,point marker review / confirm sequence slot
etc2u1,110686,Freedom Isn't Free,side_special_misc,handwritten_event_driver,11068610,10,1,-431,187,101,121,0,MapMarker,1600179,m00013,Visible,@5208/i11000101,point marker review / confirm sequence slot
etc2u1,110686,Freedom Isn't Free,side_special_misc,handwritten_event_driver,11068611,11,1,-431,187,101,121,0,MapMarker,1600179,m00013,Visible,@5208/i11000101,point marker review / confirm sequence slot
etc2u1,110686,Freedom Isn't Free,side_special_misc,handwritten_event_driver,11068612,12,1,-431,187,101,121,0,MapMarker,1600179,m00013,Visible,@5208/i11000101,point marker review / confirm sequence slot
etc2u1,110686,Freedom Isn't Free,side_special_misc,handwritten_event_driver,11068613,13,1,-431,187,101,121,0,MapMarker,1600179,m00013,Visible,@5208/i11000101,point marker review / confirm sequence slot
etc2u1,110686,Freedom Isn't Free,side_special_misc,handwritten_event_driver,11068614,14,1,-431,187,101,121,0,MapMarker,1600179,m00013,Visible,@5208/i11000101,point marker review / confirm sequence slot
etc2u1,110686,Freedom Isn't Free,side_special_misc,handwritten_event_driver,11068615,15,1,-431,187,101,121,0,MapMarker,1600179,m00013,Visible,@5208/i11000101,point marker review / confirm sequence slot
etc2u1,110686,Freedom Isn't Free,side_special_misc,handwritten_event_driver,11068616,16,1,-431,187,101,121,0,MapMarker,1600179,m00013,Visible,@5208/i11000101,point marker review / confirm sequence slot
etc2u1,110686,Freedom Isn't Free,side_special_misc,handwritten_event_driver,11068617,17,1,-431,187,101,121,0,MapMarker,1600179,m00013,Visible,@5208/i11000101,point marker review / confirm sequence slot
etc2u1,110686,Freedom Isn't Free,side_special_misc,handwritten_event_driver,11068618,18,1,-431,187,101,121,0,MapMarker,1600179,m00013,Visible,@5208/i11000101,point marker review / confirm sequence slot
etc2u1,110686,Freedom Isn't Free,side_special_misc,handwritten_event_driver,11068619,19,1,-431,187,101,121,0,MapMarker,1600179,m00013,Visible,@5208/i11000101,point marker review / confirm sequence slot
etc2u1,110686,Freedom Isn't Free,side_special_misc,handwritten_event_driver,11068620,20,1,-431,187,101,121,0,MapMarker,1600179,m00013,Visible,@5208/i11000101,point marker review / confirm sequence slot
etc2u2,110687,Ore for an Ore,side_special_misc,handwritten_event_driver,11068701,1,1,100.43,-1231.77002,104,412,0,MapMarkerQuestArea,4000257,m00029,Visible,@5208/i11068701,marker table review
etc2u2,110687,Ore for an Ore,side_special_misc,handwritten_event_driver,11068702,2,1,-113.190002,324.25,104,421,0,MapMarkerQuest,1900246,m00013,Visible,@5208/i11068702,quest sequence marker review / getSequenceMarkerList
etc2u2,110687,Ore for an Ore,side_special_misc,handwritten_event_driver,11068703,3,1,-431,187,101,121,0,MapMarker,1600179,m00013,Visible,@5208/i11000101,point marker review / confirm sequence slot
etc2u2,110687,Ore for an Ore,side_special_misc,handwritten_event_driver,11068704,4,1,-431,187,101,121,0,MapMarker,1600179,m00013,Visible,@5208/i11000101,point marker review / confirm sequence slot
etc2u2,110687,Ore for an Ore,side_special_misc,handwritten_event_driver,11068705,5,1,-431,187,101,121,0,MapMarker,1600179,m00013,Visible,@5208/i11000101,point marker review / confirm sequence slot
etc2u2,110687,Ore for an Ore,side_special_misc,handwritten_event_driver,11068706,6,1,-431,187,101,121,0,MapMarker,1600179,m00013,Visible,@5208/i11000101,point marker review / confirm sequence slot
etc2u2,110687,Ore for an Ore,side_special_misc,handwritten_event_driver,11068707,7,1,-431,187,101,121,0,MapMarker,1600179,m00013,Visible,@5208/i11000101,point marker review / confirm sequence slot
etc2u2,110687,Ore for an Ore,side_special_misc,handwritten_event_driver,11068708,8,1,-431,187,101,121,0,MapMarker,1600179,m00013,Visible,@5208/i11000101,point marker review / confirm sequence slot
etc2u2,110687,Ore for an Ore,side_special_misc,handwritten_event_driver,11068709,9,1,-431,187,101,121,0,MapMarker,1600179,m00013,Visible,@5208/i11000101,point marker review / confirm sequence slot
etc2u2,110687,Ore for an Ore,side_special_misc,handwritten_event_driver,11068710,10,1,-431,187,101,121,0,MapMarker,1600179,m00013,Visible,@5208/i11000101,point marker review / confirm sequence slot
etc2u2,110687,Ore for an Ore,side_special_misc,handwritten_event_driver,11068711,11,1,-431,187,101,121,0,MapMarker,1600179,m00013,Visible,@5208/i11000101,point marker review / confirm sequence slot
etc2u2,110687,Ore for an Ore,side_special_misc,handwritten_event_driver,11068712,12,1,-431,187,101,121,0,MapMarker,1600179,m00013,Visible,@5208/i11000101,point marker review / confirm sequence slot
etc2u2,110687,Ore for an Ore,side_special_misc,handwritten_event_driver,11068713,13,1,-431,187,101,121,0,MapMarker,1600179,m00013,Visible,@5208/i11000101,point marker review / confirm sequence slot
etc2u2,110687,Ore for an Ore,side_special_misc,handwritten_event_driver,11068714,14,1,-431,187,101,121,0,MapMarker,1600179,m00013,Visible,@5208/i11000101,point marker review / confirm sequence slot
etc2u2,110687,Ore for an Ore,side_special_misc,handwritten_event_driver,11068715,15,1,-431,187,101,121,0,MapMarker,1600179,m00013,Visible,@5208/i11000101,point marker review / confirm sequence slot
etc2u2,110687,Ore for an Ore,side_special_misc,handwritten_event_driver,11068716,16,1,-431,187,101,121,0,MapMarker,1600179,m00013,Visible,@5208/i11000101,point marker review / confirm sequence slot
etc2u2,110687,Ore for an Ore,side_special_misc,handwritten_event_driver,11068717,17,1,-431,187,101,121,0,MapMarker,1600179,m00013,Visible,@5208/i11000101,point marker review / confirm sequence slot
etc2u2,110687,Ore for an Ore,side_special_misc,handwritten_event_driver,11068718,18,1,-431,187,101,121,0,MapMarker,1600179,m00013,Visible,@5208/i11000101,point marker review / confirm sequence slot
etc2u2,110687,Ore for an Ore,side_special_misc,handwritten_event_driver,11068719,19,1,-431,187,101,121,0,MapMarker,1600179,m00013,Visible,@5208/i11000101,point marker review / confirm sequence slot
etc2u2,110687,Ore for an Ore,side_special_misc,handwritten_event_driver,11068720,20,1,-431,187,101,121,0,MapMarker,1600179,m00013,Visible,@5208/i11000101,point marker review / confirm sequence slot
etc2u5,110690,No Other Dodo Will Do,side_special_misc,handwritten_event_driver,11069001,1,1,-71.239998,57.32,104,421,0,MapMarkerQuest,1300097,m00013,Visible,@5208/i11069001,quest sequence marker review / getSequenceMarkerList
etc2u5,110690,No Other Dodo Will Do,side_special_misc,handwritten_event_driver,11069002,2,1,1181.550049,-768.359985,104,402,0,MapMarkerQuest,4000257,m00013,Visible,@5208/i11069002,quest sequence marker review / getSequenceMarkerList
etc2u5,110690,No Other Dodo Will Do,side_special_misc,handwritten_event_driver,11069003,3,1,-431,187,101,121,0,MapMarker,1600179,m00013,Visible,@5208/i11000101,point marker review / confirm sequence slot
etc2u5,110690,No Other Dodo Will Do,side_special_misc,handwritten_event_driver,11069004,4,1,-431,187,101,121,0,MapMarker,1600179,m00013,Visible,@5208/i11000101,point marker review / confirm sequence slot
etc2u5,110690,No Other Dodo Will Do,side_special_misc,handwritten_event_driver,11069005,5,1,-431,187,101,121,0,MapMarker,1600179,m00013,Visible,@5208/i11000101,point marker review / confirm sequence slot
etc2u5,110690,No Other Dodo Will Do,side_special_misc,handwritten_event_driver,11069006,6,1,-431,187,101,121,0,MapMarker,1600179,m00013,Visible,@5208/i11000101,point marker review / confirm sequence slot
etc2u5,110690,No Other Dodo Will Do,side_special_misc,handwritten_event_driver,11069007,7,1,-431,187,101,121,0,MapMarker,1600179,m00013,Visible,@5208/i11000101,point marker review / confirm sequence slot
etc2u5,110690,No Other Dodo Will Do,side_special_misc,handwritten_event_driver,11069008,8,1,-431,187,101,121,0,MapMarker,1600179,m00013,Visible,@5208/i11000101,point marker review / confirm sequence slot
etc2u5,110690,No Other Dodo Will Do,side_special_misc,handwritten_event_driver,11069009,9,1,-431,187,101,121,0,MapMarker,1600179,m00013,Visible,@5208/i11000101,point marker review / confirm sequence slot
etc2u5,110690,No Other Dodo Will Do,side_special_misc,handwritten_event_driver,11069010,10,1,-431,187,101,121,0,MapMarker,1600179,m00013,Visible,@5208/i11000101,point marker review / confirm sequence slot
etc2u5,110690,No Other Dodo Will Do,side_special_misc,handwritten_event_driver,11069011,11,1,-431,187,101,121,0,MapMarker,1600179,m00013,Visible,@5208/i11000101,point marker review / confirm sequence slot
etc2u5,110690,No Other Dodo Will Do,side_special_misc,handwritten_event_driver,11069012,12,1,-431,187,101,121,0,MapMarker,1600179,m00013,Visible,@5208/i11000101,point marker review / confirm sequence slot
etc2u5,110690,No Other Dodo Will Do,side_special_misc,handwritten_event_driver,11069013,13,1,-431,187,101,121,0,MapMarker,1600179,m00013,Visible,@5208/i11000101,point marker review / confirm sequence slot
etc2u5,110690,No Other Dodo Will Do,side_special_misc,handwritten_event_driver,11069014,14,1,-431,187,101,121,0,MapMarker,1600179,m00013,Visible,@5208/i11000101,point marker review / confirm sequence slot
etc2u5,110690,No Other Dodo Will Do,side_special_misc,handwritten_event_driver,11069015,15,1,-431,187,101,121,0,MapMarker,1600179,m00013,Visible,@5208/i11000101,point marker review / confirm sequence slot
etc2u5,110690,No Other Dodo Will Do,side_special_misc,handwritten_event_driver,11069016,16,1,-431,187,101,121,0,MapMarker,1600179,m00013,Visible,@5208/i11000101,point marker review / confirm sequence slot
etc2u5,110690,No Other Dodo Will Do,side_special_misc,handwritten_event_driver,11069017,17,1,-431,187,101,121,0,MapMarker,1600179,m00013,Visible,@5208/i11000101,point marker review / confirm sequence slot
etc2u5,110690,No Other Dodo Will Do,side_special_misc,handwritten_event_driver,11069018,18,1,-431,187,101,121,0,MapMarker,1600179,m00013,Visible,@5208/i11000101,point marker review / confirm sequence slot
etc2u5,110690,No Other Dodo Will Do,side_special_misc,handwritten_event_driver,11069019,19,1,-431,187,101,121,0,MapMarker,1600179,m00013,Visible,@5208/i11000101,point marker review / confirm sequence slot
etc2u5,110690,No Other Dodo Will Do,side_special_misc,handwritten_event_driver,11069020,20,1,-431,187,101,121,0,MapMarker,1600179,m00013,Visible,@5208/i11000101,point marker review / confirm sequence slot
noc000,110809,Guild Tasks,system,scaffold,11080901,1,1,-431,187,101,121,0,MapMarker,1600179,m00013,Visible,@5208/i11000101,point marker review / confirm sequence slot
noc000,110809,Guild Tasks,system,scaffold,11080902,2,1,-431,187,101,121,0,MapMarker,1600179,m00013,Visible,@5208/i11000101,point marker review / confirm sequence slot
noc000,110809,Guild Tasks,system,scaffold,11080903,3,1,-431,187,101,121,0,MapMarker,1600179,m00013,Visible,@5208/i11000101,point marker review / confirm sequence slot
noc000,110809,Guild Tasks,system,scaffold,11080904,4,1,-431,187,101,121,0,MapMarker,1600179,m00013,Visible,@5208/i11000101,point marker review / confirm sequence slot
noc000,110809,Guild Tasks,system,scaffold,11080905,5,1,-431,187,101,121,0,MapMarker,1600179,m00013,Visible,@5208/i11000101,point marker review / confirm sequence slot
noc000,110809,Guild Tasks,system,scaffold,11080906,6,1,-431,187,101,121,0,MapMarker,1600179,m00013,Visible,@5208/i11000101,point marker review / confirm sequence slot
noc000,110809,Guild Tasks,system,scaffold,11080907,7,1,-431,187,101,121,0,MapMarker,1600179,m00013,Visible,@5208/i11000101,point marker review / confirm sequence slot
noc000,110809,Guild Tasks,system,scaffold,11080908,8,1,-431,187,101,121,0,MapMarker,1600179,m00013,Visible,@5208/i11000101,point marker review / confirm sequence slot
noc000,110809,Guild Tasks,system,scaffold,11080909,9,1,-431,187,101,121,0,MapMarker,1600179,m00013,Visible,@5208/i11000101,point marker review / confirm sequence slot
noc000,110809,Guild Tasks,system,scaffold,11080910,10,1,-431,187,101,121,0,MapMarker,1600179,m00013,Visible,@5208/i11000101,point marker review / confirm sequence slot
noc000,110809,Guild Tasks,system,scaffold,11080911,11,1,-431,187,101,121,0,MapMarker,1600179,m00013,Visible,@5208/i11000101,point marker review / confirm sequence slot
noc000,110809,Guild Tasks,system,scaffold,11080912,12,1,-431,187,101,121,0,MapMarker,1600179,m00013,Visible,@5208/i11000101,point marker review / confirm sequence slot
noc000,110809,Guild Tasks,system,scaffold,11080913,13,1,-431,187,101,121,0,MapMarker,1600179,m00013,Visible,@5208/i11000101,point marker review / confirm sequence slot
noc000,110809,Guild Tasks,system,scaffold,11080914,14,1,-431,187,101,121,0,MapMarker,1600179,m00013,Visible,@5208/i11000101,point marker review / confirm sequence slot
noc000,110809,Guild Tasks,system,scaffold,11080915,15,1,-431,187,101,121,0,MapMarker,1600179,m00013,Visible,@5208/i11000101,point marker review / confirm sequence slot
noc000,110809,Guild Tasks,system,scaffold,11080916,16,1,-431,187,101,121,0,MapMarker,1600179,m00013,Visible,@5208/i11000101,point marker review / confirm sequence slot
noc000,110809,Guild Tasks,system,scaffold,11080917,17,1,-431,187,101,121,0,MapMarker,1600179,m00013,Visible,@5208/i11000101,point marker review / confirm sequence slot
noc000,110809,Guild Tasks,system,scaffold,11080918,18,1,-431,187,101,121,0,MapMarker,1600179,m00013,Visible,@5208/i11000101,point marker review / confirm sequence slot
noc000,110809,Guild Tasks,system,scaffold,11080919,19,1,-431,187,101,121,0,MapMarker,1600179,m00013,Visible,@5208/i11000101,point marker review / confirm sequence slot
noc000,110809,Guild Tasks,system,scaffold,11080920,20,1,-431,187,101,121,0,MapMarker,1600179,m00013,Visible,@5208/i11000101,point marker review / confirm sequence slot
trl0g1,110141,Getting Started,tutorial,handwritten_event_driver,11014101,1,1,-431,187,101,121,0,MapMarker,1600179,m00013,Visible,@5208/i11000101,point marker review / confirm sequence slot
trl0g1,110141,Getting Started,tutorial,handwritten_event_driver,11014102,2,1,-431,187,101,121,0,MapMarker,1600179,m00013,Visible,@5208/i11000101,point marker review / confirm sequence slot
trl0g1,110141,Getting Started,tutorial,handwritten_event_driver,11014103,3,1,-431,187,101,121,0,MapMarker,1600179,m00013,Visible,@5208/i11000101,point marker review / confirm sequence slot
trl0g1,110141,Getting Started,tutorial,handwritten_event_driver,11014104,4,1,-431,187,101,121,0,MapMarker,1600179,m00013,Visible,@5208/i11000101,point marker review / confirm sequence slot
trl0g1,110141,Getting Started,tutorial,handwritten_event_driver,11014105,5,1,-431,187,101,121,0,MapMarker,1600179,m00013,Visible,@5208/i11000101,point marker review / confirm sequence slot
trl0g1,110141,Getting Started,tutorial,handwritten_event_driver,11014106,6,1,-431,187,101,121,0,MapMarker,1600179,m00013,Visible,@5208/i11000101,point marker review / confirm sequence slot
trl0g1,110141,Getting Started,tutorial,handwritten_event_driver,11014107,7,1,-431,187,101,121,0,MapMarker,1600179,m00013,Visible,@5208/i11000101,point marker review / confirm sequence slot
trl0g1,110141,Getting Started,tutorial,handwritten_event_driver,11014108,8,1,-431,187,101,121,0,MapMarker,1600179,m00013,Visible,@5208/i11000101,point marker review / confirm sequence slot
trl0g1,110141,Getting Started,tutorial,handwritten_event_driver,11014109,9,1,-431,187,101,121,0,MapMarker,1600179,m00013,Visible,@5208/i11000101,point marker review / confirm sequence slot
trl0g1,110141,Getting Started,tutorial,handwritten_event_driver,11014110,10,1,-431,187,101,121,0,MapMarker,1600179,m00013,Visible,@5208/i11000101,point marker review / confirm sequence slot
trl0g1,110141,Getting Started,tutorial,handwritten_event_driver,11014111,11,1,-431,187,101,121,0,MapMarker,1600179,m00013,Visible,@5208/i11000101,point marker review / confirm sequence slot
trl0g1,110141,Getting Started,tutorial,handwritten_event_driver,11014112,12,1,-431,187,101,121,0,MapMarker,1600179,m00013,Visible,@5208/i11000101,point marker review / confirm sequence slot
trl0g1,110141,Getting Started,tutorial,handwritten_event_driver,11014113,13,1,-431,187,101,121,0,MapMarker,1600179,m00013,Visible,@5208/i11000101,point marker review / confirm sequence slot
trl0g1,110141,Getting Started,tutorial,handwritten_event_driver,11014114,14,1,-431,187,101,121,0,MapMarker,1600179,m00013,Visible,@5208/i11000101,point marker review / confirm sequence slot
trl0g1,110141,Getting Started,tutorial,handwritten_event_driver,11014115,15,1,-431,187,101,121,0,MapMarker,1600179,m00013,Visible,@5208/i11000101,point marker review / confirm sequence slot
trl0g1,110141,Getting Started,tutorial,handwritten_event_driver,11014116,16,1,-431,187,101,121,0,MapMarker,1600179,m00013,Visible,@5208/i11000101,point marker review / confirm sequence slot
trl0g1,110141,Getting Started,tutorial,handwritten_event_driver,11014117,17,1,-431,187,101,121,0,MapMarker,1600179,m00013,Visible,@5208/i11000101,point marker review / confirm sequence slot
trl0g1,110141,Getting Started,tutorial,handwritten_event_driver,11014118,18,1,-431,187,101,121,0,MapMarker,1600179,m00013,Visible,@5208/i11000101,point marker review / confirm sequence slot
trl0g1,110141,Getting Started,tutorial,handwritten_event_driver,11014119,19,1,-431,187,101,121,0,MapMarker,1600179,m00013,Visible,@5208/i11000101,point marker review / confirm sequence slot
trl0g1,110141,Getting Started,tutorial,handwritten_event_driver,11014120,20,1,-431,187,101,121,0,MapMarker,1600179,m00013,Visible,@5208/i11000101,point marker review / confirm sequence slot
trl0l1,110140,Getting Started,tutorial,handwritten_event_driver,11014001,1,1,-431,187,101,121,0,MapMarker,1600179,m00013,Visible,@5208/i11000101,point marker review / confirm sequence slot
trl0l1,110140,Getting Started,tutorial,handwritten_event_driver,11014002,2,1,-431,187,101,121,0,MapMarker,1600179,m00013,Visible,@5208/i11000101,point marker review / confirm sequence slot
trl0l1,110140,Getting Started,tutorial,handwritten_event_driver,11014003,3,1,-431,187,101,121,0,MapMarker,1600179,m00013,Visible,@5208/i11000101,point marker review / confirm sequence slot
trl0l1,110140,Getting Started,tutorial,handwritten_event_driver,11014004,4,1,-431,187,101,121,0,MapMarker,1600179,m00013,Visible,@5208/i11000101,point marker review / confirm sequence slot
trl0l1,110140,Getting Started,tutorial,handwritten_event_driver,11014005,5,1,-431,187,101,121,0,MapMarker,1600179,m00013,Visible,@5208/i11000101,point marker review / confirm sequence slot
trl0l1,110140,Getting Started,tutorial,handwritten_event_driver,11014006,6,1,-431,187,101,121,0,MapMarker,1600179,m00013,Visible,@5208/i11000101,point marker review / confirm sequence slot
trl0l1,110140,Getting Started,tutorial,handwritten_event_driver,11014007,7,1,-431,187,101,121,0,MapMarker,1600179,m00013,Visible,@5208/i11000101,point marker review / confirm sequence slot
trl0l1,110140,Getting Started,tutorial,handwritten_event_driver,11014008,8,1,-431,187,101,121,0,MapMarker,1600179,m00013,Visible,@5208/i11000101,point marker review / confirm sequence slot
trl0l1,110140,Getting Started,tutorial,handwritten_event_driver,11014009,9,1,-431,187,101,121,0,MapMarker,1600179,m00013,Visible,@5208/i11000101,point marker review / confirm sequence slot
trl0l1,110140,Getting Started,tutorial,handwritten_event_driver,11014010,10,1,-431,187,101,121,0,MapMarker,1600179,m00013,Visible,@5208/i11000101,point marker review / confirm sequence slot
trl0l1,110140,Getting Started,tutorial,handwritten_event_driver,11014011,11,1,-431,187,101,121,0,MapMarker,1600179,m00013,Visible,@5208/i11000101,point marker review / confirm sequence slot
trl0l1,110140,Getting Started,tutorial,handwritten_event_driver,11014012,12,1,-431,187,101,121,0,MapMarker,1600179,m00013,Visible,@5208/i11000101,point marker review / confirm sequence slot
trl0l1,110140,Getting Started,tutorial,handwritten_event_driver,11014013,13,1,-431,187,101,121,0,MapMarker,1600179,m00013,Visible,@5208/i11000101,point marker review / confirm sequence slot
trl0l1,110140,Getting Started,tutorial,handwritten_event_driver,11014014,14,1,-431,187,101,121,0,MapMarker,1600179,m00013,Visible,@5208/i11000101,point marker review / confirm sequence slot
trl0l1,110140,Getting Started,tutorial,handwritten_event_driver,11014015,15,1,-431,187,101,121,0,MapMarker,1600179,m00013,Visible,@5208/i11000101,point marker review / confirm sequence slot
trl0l1,110140,Getting Started,tutorial,handwritten_event_driver,11014016,16,1,-431,187,101,121,0,MapMarker,1600179,m00013,Visible,@5208/i11000101,point marker review / confirm sequence slot
trl0l1,110140,Getting Started,tutorial,handwritten_event_driver,11014017,17,1,-431,187,101,121,0,MapMarker,1600179,m00013,Visible,@5208/i11000101,point marker review / confirm sequence slot
trl0l1,110140,Getting Started,tutorial,handwritten_event_driver,11014018,18,1,-431,187,101,121,0,MapMarker,1600179,m00013,Visible,@5208/i11000101,point marker review / confirm sequence slot
trl0l1,110140,Getting Started,tutorial,handwritten_event_driver,11014019,19,1,-431,187,101,121,0,MapMarker,1600179,m00013,Visible,@5208/i11000101,point marker review / confirm sequence slot
trl0l1,110140,Getting Started,tutorial,handwritten_event_driver,11014020,20,1,-431,187,101,121,0,MapMarker,1600179,m00013,Visible,@5208/i11000101,point marker review / confirm sequence slot
