source,priority,code,quest_id,quest_name,category,local_status,operator_lane,subject_type,target,scene_key,current_status,known_command,missing_command,command_or_patch_template,safe_to_execute,risk_class,gate_policy,data_needed,next_best_operator_step,helper_hint,local_evidence,source_csv
quest_push_dependency_bundles,,alc200,110420,"Sleep, Cousin of Death",class,data_or_stub,cutscene_scaffold_route_probe=3,quest_bundle,110420,,,,,,,high,,,no-mutation scaffold route probe,cutscene push/operator proof,,
quest_push_operator_rows,104,alc200,110420,"Sleep, Cousin of Death",class,data_or_stub,cutscene_scaffold_route_probe,quest_cutscene,processEvent020,alc20020,scaffold_only_owner_recovered_probe_required,!testcutscene alc20020 delegate 1,,"callClientFunction(player, ""delegateEvent"", player, quest, ""processEvent020"", <payload?>)",no_mutation_probe_only,high,scaffold can accept/complete/reward directly,"quest sequence before/after; owner actor/event name/type; recovered cutscene args=""alc20020""; 1; true; L4_15; InitClassQuest wrapper: template can AcceptQuest, CompleteQuest, grant items, and AddExp directly; scene_log_only_no_accept_complete_reward_item_or_exp_mutation",,cutscene push/operator proof,Data\scripts\quests\alc\alc200.lua,outputs\quest-cutscene-push-matrix-atlas-20260630\recovered_cutscene_push_matrix.csv
quest_push_operator_rows,104,alc200,110420,"Sleep, Cousin of Death",class,data_or_stub,cutscene_scaffold_route_probe,quest_cutscene,processEvent030,alc20030,scaffold_only_owner_recovered_probe_required,!testcutscene alc20030 delegate 1,,"callClientFunction(player, ""delegateEvent"", player, quest, ""processEvent030"", <payload?>)",no_mutation_probe_only,high,scaffold can accept/complete/reward directly,"quest sequence before/after; owner actor/event name/type; recovered cutscene args=""alc20030""; 1; true; L4_20; InitClassQuest wrapper: template can AcceptQuest, CompleteQuest, grant items, and AddExp directly; scene_log_only_no_accept_complete_reward_item_or_exp_mutation",,cutscene push/operator proof,Data\scripts\quests\alc\alc200.lua,outputs\quest-cutscene-push-matrix-atlas-20260630\recovered_cutscene_push_matrix.csv
quest_push_operator_rows,104,alc200,110420,"Sleep, Cousin of Death",class,data_or_stub,cutscene_scaffold_route_probe,quest_cutscene,processEventNogeloixStart,alc20010,scaffold_only_owner_recovered_probe_required,!testcutscene alc20010 delegate 2,,"callClientFunction(player, ""delegateEvent"", player, quest, ""processEventNogeloixStart"", <payload?>)",no_mutation_probe_only,high,scaffold can accept/complete/reward directly,"quest sequence before/after; owner actor/event name/type; recovered cutscene args=""alc20010""; 2; InitClassQuest wrapper: template can AcceptQuest, CompleteQuest, grant items, and AddExp directly; scene_log_only_no_accept_complete_reward_item_or_exp_mutation; Nogeloix Start",,cutscene push/operator proof,Data\scripts\quests\alc\alc200.lua,outputs\quest-cutscene-push-matrix-atlas-20260630\recovered_cutscene_push_matrix.csv
quest_push_dependency_bundles,,alc300,110421,The Boy and the Dragon Gay,class,data_or_stub,cutscene_scaffold_route_probe=2,quest_bundle,110421,,,,,,,high,,,no-mutation scaffold route probe,cutscene push/operator proof,,
quest_push_operator_rows,104,alc300,110421,The Boy and the Dragon Gay,class,data_or_stub,cutscene_scaffold_route_probe,quest_cutscene,processEvent010,alc30010,scaffold_only_owner_recovered_probe_required,!testcutscene alc30010 delegate 2,,"callClientFunction(player, ""delegateEvent"", player, quest, ""processEvent010"", <payload?>)",no_mutation_probe_only,high,scaffold can accept/complete/reward directly,"quest sequence before/after; owner actor/event name/type; recovered cutscene args=""alc30010""; 2; InitClassQuest wrapper: template can AcceptQuest, CompleteQuest, grant items, and AddExp directly; scene_log_only_no_accept_complete_reward_item_or_exp_mutation",,cutscene push/operator proof,Data\scripts\quests\alc\alc300.lua,outputs\quest-cutscene-push-matrix-atlas-20260630\recovered_cutscene_push_matrix.csv
quest_push_operator_rows,104,alc300,110421,The Boy and the Dragon Gay,class,data_or_stub,cutscene_scaffold_route_probe,quest_cutscene,processEvent020,alc30020,scaffold_only_owner_recovered_probe_required,!testcutscene alc30020 delegate 2,,"callClientFunction(player, ""delegateEvent"", player, quest, ""processEvent020"", <payload?>)",no_mutation_probe_only,high,scaffold can accept/complete/reward directly,"quest sequence before/after; owner actor/event name/type; recovered cutscene args=""alc30020""; 2; InitClassQuest wrapper: template can AcceptQuest, CompleteQuest, grant items, and AddExp directly; scene_log_only_no_accept_complete_reward_item_or_exp_mutation",,cutscene push/operator proof,Data\scripts\quests\alc\alc300.lua,outputs\quest-cutscene-push-matrix-atlas-20260630\recovered_cutscene_push_matrix.csv
quest_push_dependency_bundles,,alc306,110422,"Dream On, Dream Away",class,data_or_stub,cutscene_scaffold_route_probe=3,quest_bundle,110422,,,,,,,high,,,no-mutation scaffold route probe,cutscene push/operator proof,,
quest_push_operator_rows,104,alc306,110422,"Dream On, Dream Away",class,data_or_stub,cutscene_scaffold_route_probe,quest_cutscene,processEvent010,alc30610,scaffold_only_owner_recovered_probe_required,!testcutscene alc30610 delegate 1,,"callClientFunction(player, ""delegateEvent"", player, quest, ""processEvent010"", <payload?>)",no_mutation_probe_only,high,scaffold can accept/complete/reward directly,"quest sequence before/after; owner actor/event name/type; recovered cutscene args=""alc30610""; 1; InitClassQuest wrapper: template can AcceptQuest, CompleteQuest, grant items, and AddExp directly; scene_log_only_no_accept_complete_reward_item_or_exp_mutation",,cutscene push/operator proof,Data\scripts\quests\alc\alc306.lua,outputs\quest-cutscene-push-matrix-atlas-20260630\recovered_cutscene_push_matrix.csv
quest_push_operator_rows,104,alc306,110422,"Dream On, Dream Away",class,data_or_stub,cutscene_scaffold_route_probe,quest_cutscene,processEvent010,alc30620,scaffold_only_owner_recovered_probe_required,!testcutscene alc30620 delegate 1,,"callClientFunction(player, ""delegateEvent"", player, quest, ""processEvent010"", <payload?>)",no_mutation_probe_only,high,scaffold can accept/complete/reward directly,"quest sequence before/after; owner actor/event name/type; recovered cutscene args=""alc30620""; 1; InitClassQuest wrapper: template can AcceptQuest, CompleteQuest, grant items, and AddExp directly; scene_log_only_no_accept_complete_reward_item_or_exp_mutation",,cutscene push/operator proof,Data\scripts\quests\alc\alc306.lua,outputs\quest-cutscene-push-matrix-atlas-20260630\recovered_cutscene_push_matrix.csv
quest_push_operator_rows,104,alc306,110422,"Dream On, Dream Away",class,data_or_stub,cutscene_scaffold_route_probe,quest_cutscene,processEvent030,alc30630,scaffold_only_owner_recovered_probe_required,!testcutscene alc30630 delegate 1,,"callClientFunction(player, ""delegateEvent"", player, quest, ""processEvent030"", <payload?>)",no_mutation_probe_only,high,scaffold can accept/complete/reward directly,"quest sequence before/after; owner actor/event name/type; recovered cutscene args=""alc30630""; 1; InitClassQuest wrapper: template can AcceptQuest, CompleteQuest, grant items, and AddExp directly; scene_log_only_no_accept_complete_reward_item_or_exp_mutation",,cutscene push/operator proof,Data\scripts\quests\alc\alc306.lua,outputs\quest-cutscene-push-matrix-atlas-20260630\recovered_cutscene_push_matrix.csv
quest_push_dependency_bundles,,arc200,110160,Filling the Quiver,class,data_or_stub,cutscene_scaffold_route_probe=4,quest_bundle,110160,,,,,,,high,,,no-mutation scaffold route probe,cutscene push/operator proof,,
quest_push_operator_rows,104,arc200,110160,Filling the Quiver,class,data_or_stub,cutscene_scaffold_route_probe,quest_cutscene,processEvent010,arc20010,scaffold_only_owner_recovered_probe_required,!testcutscene arc20010 delegate 1,,"callClientFunction(player, ""delegateEvent"", player, quest, ""processEvent010"", <payload?>)",no_mutation_probe_only,high,scaffold can accept/complete/reward directly,"quest sequence before/after; owner actor/event name/type; recovered cutscene args=""arc20010""; 1; InitClassQuest wrapper: template can AcceptQuest, CompleteQuest, grant items, and AddExp directly; scene_log_only_no_accept_complete_reward_item_or_exp_mutation",,cutscene push/operator proof,Data\scripts\quests\arc\arc200.lua,outputs\quest-cutscene-push-matrix-atlas-20260630\recovered_cutscene_push_matrix.csv
quest_push_operator_rows,104,arc200,110160,Filling the Quiver,class,data_or_stub,cutscene_scaffold_route_probe,quest_cutscene,processEvent020,arc20020,scaffold_only_owner_recovered_probe_required,!testcutscene arc20020 delegate 2,,"callClientFunction(player, ""delegateEvent"", player, quest, ""processEvent020"", <payload?>)",no_mutation_probe_only,high,scaffold can accept/complete/reward directly,"quest sequence before/after; owner actor/event name/type; recovered cutscene args=""arc20020""; 2; InitClassQuest wrapper: template can AcceptQuest, CompleteQuest, grant items, and AddExp directly; scene_log_only_no_accept_complete_reward_item_or_exp_mutation",,cutscene push/operator proof,Data\scripts\quests\arc\arc200.lua,outputs\quest-cutscene-push-matrix-atlas-20260630\recovered_cutscene_push_matrix.csv
quest_push_operator_rows,104,arc200,110160,Filling the Quiver,class,data_or_stub,cutscene_scaffold_route_probe,quest_cutscene,processEvent030,arc20030,scaffold_only_owner_recovered_probe_required,!testcutscene arc20030 delegate 1,,"callClientFunction(player, ""delegateEvent"", player, quest, ""processEvent030"", <payload?>)",no_mutation_probe_only,high,scaffold can accept/complete/reward directly,"quest sequence before/after; owner actor/event name/type; recovered cutscene args=""arc20030""; 1; true; L3_13; InitClassQuest wrapper: template can AcceptQuest, CompleteQuest, grant items, and AddExp directly; scene_log_only_no_accept_complete_reward_item_or_exp_mutation",,cutscene push/operator proof,Data\scripts\quests\arc\arc200.lua,outputs\quest-cutscene-push-matrix-atlas-20260630\recovered_cutscene_push_matrix.csv
quest_push_operator_rows,104,arc200,110160,Filling the Quiver,class,data_or_stub,cutscene_scaffold_route_probe,quest_cutscene,processEvent040,arc20040,scaffold_only_owner_recovered_probe_required,!testcutscene arc20040 delegate 1,,"callClientFunction(player, ""delegateEvent"", player, quest, ""processEvent040"", <payload?>)",no_mutation_probe_only,high,scaffold can accept/complete/reward directly,"quest sequence before/after; owner actor/event name/type; recovered cutscene args=""arc20040""; 1; InitClassQuest wrapper: template can AcceptQuest, CompleteQuest, grant items, and AddExp directly; scene_log_only_no_accept_complete_reward_item_or_exp_mutation",,cutscene push/operator proof,Data\scripts\quests\arc\arc200.lua,outputs\quest-cutscene-push-matrix-atlas-20260630\recovered_cutscene_push_matrix.csv
quest_push_dependency_bundles,,arc300,110161,The Foreboding Forest,class,data_or_stub,cutscene_scaffold_route_probe=7,quest_bundle,110161,,,,,,,high,,,no-mutation scaffold route probe,cutscene push/operator proof,,
quest_push_operator_rows,104,arc300,110161,The Foreboding Forest,class,data_or_stub,cutscene_scaffold_route_probe,quest_cutscene,processEvent010,arc30010,scaffold_only_owner_recovered_probe_required,!testcutscene arc30010 delegate 1,,"callClientFunction(player, ""delegateEvent"", player, quest, ""processEvent010"", <payload?>)",no_mutation_probe_only,high,scaffold can accept/complete/reward directly,"quest sequence before/after; owner actor/event name/type; recovered cutscene args=""arc30010""; 1; InitClassQuest wrapper: template can AcceptQuest, CompleteQuest, grant items, and AddExp directly; scene_log_only_no_accept_complete_reward_item_or_exp_mutation",,cutscene push/operator proof,Data\scripts\quests\arc\arc300.lua,outputs\quest-cutscene-push-matrix-atlas-20260630\recovered_cutscene_push_matrix.csv
quest_push_operator_rows,104,arc300,110161,The Foreboding Forest,class,data_or_stub,cutscene_scaffold_route_probe,quest_cutscene,processEvent015,arc30015,scaffold_only_owner_recovered_probe_required,!testcutscene arc30015 delegate 1,,"callClientFunction(player, ""delegateEvent"", player, quest, ""processEvent015"", <payload?>)",no_mutation_probe_only,high,scaffold can accept/complete/reward directly,"quest sequence before/after; owner actor/event name/type; recovered cutscene args=""arc30015""; 1; InitClassQuest wrapper: template can AcceptQuest, CompleteQuest, grant items, and AddExp directly; scene_log_only_no_accept_complete_reward_item_or_exp_mutation",,cutscene push/operator proof,Data\scripts\quests\arc\arc300.lua,outputs\quest-cutscene-push-matrix-atlas-20260630\recovered_cutscene_push_matrix.csv
quest_push_operator_rows,104,arc300,110161,The Foreboding Forest,class,data_or_stub,cutscene_scaffold_route_probe,quest_cutscene,processEvent020,arc30020,scaffold_only_owner_recovered_probe_required,!testcutscene arc30020 delegate 1,,"callClientFunction(player, ""delegateEvent"", player, quest, ""processEvent020"", <payload?>)",no_mutation_probe_only,high,scaffold can accept/complete/reward directly,"quest sequence before/after; owner actor/event name/type; recovered cutscene args=""arc30020""; 1; InitClassQuest wrapper: template can AcceptQuest, CompleteQuest, grant items, and AddExp directly; scene_log_only_no_accept_complete_reward_item_or_exp_mutation",,cutscene push/operator proof,Data\scripts\quests\arc\arc300.lua,outputs\quest-cutscene-push-matrix-atlas-20260630\recovered_cutscene_push_matrix.csv
quest_push_operator_rows,104,arc300,110161,The Foreboding Forest,class,data_or_stub,cutscene_scaffold_route_probe,quest_cutscene,processEvent027,arc30025,scaffold_only_owner_recovered_probe_required,!testcutscene arc30025 delegate 1,,"callClientFunction(player, ""delegateEvent"", player, quest, ""processEvent027"", <payload?>)",no_mutation_probe_only,high,scaffold can accept/complete/reward directly,"quest sequence before/after; owner actor/event name/type; recovered cutscene args=""arc30025""; 1; InitClassQuest wrapper: template can AcceptQuest, CompleteQuest, grant items, and AddExp directly; scene_log_only_no_accept_complete_reward_item_or_exp_mutation",,cutscene push/operator proof,Data\scripts\quests\arc\arc300.lua,outputs\quest-cutscene-push-matrix-atlas-20260630\recovered_cutscene_push_matrix.csv
quest_push_operator_rows,104,arc300,110161,The Foreboding Forest,class,data_or_stub,cutscene_scaffold_route_probe,quest_cutscene,processEvent030,arc30030,scaffold_only_owner_recovered_probe_required,!testcutscene arc30030 delegate 1,,"callClientFunction(player, ""delegateEvent"", player, quest, ""processEvent030"", <payload?>)",no_mutation_probe_only,high,scaffold can accept/complete/reward directly,"quest sequence before/after; owner actor/event name/type; recovered cutscene args=""arc30030""; 1; InitClassQuest wrapper: template can AcceptQuest, CompleteQuest, grant items, and AddExp directly; scene_log_only_no_accept_complete_reward_item_or_exp_mutation",,cutscene push/operator proof,Data\scripts\quests\arc\arc300.lua,outputs\quest-cutscene-push-matrix-atlas-20260630\recovered_cutscene_push_matrix.csv
quest_push_operator_rows,104,arc300,110161,The Foreboding Forest,class,data_or_stub,cutscene_scaffold_route_probe,quest_cutscene,processEvent040,arc30040,scaffold_only_owner_recovered_probe_required,!testcutscene arc30040 delegate 1,,"callClientFunction(player, ""delegateEvent"", player, quest, ""processEvent040"", <payload?>)",no_mutation_probe_only,high,scaffold can accept/complete/reward directly,"quest sequence before/after; owner actor/event name/type; recovered cutscene args=""arc30040""; 1; InitClassQuest wrapper: template can AcceptQuest, CompleteQuest, grant items, and AddExp directly; scene_log_only_no_accept_complete_reward_item_or_exp_mutation; A2_30",,cutscene push/operator proof,Data\scripts\quests\arc\arc300.lua,outputs\quest-cutscene-push-matrix-atlas-20260630\recovered_cutscene_push_matrix.csv
quest_push_operator_rows,104,arc300,110161,The Foreboding Forest,class,data_or_stub,cutscene_scaffold_route_probe,quest_cutscene,processEvent050,arc30050,scaffold_only_owner_recovered_probe_required,!testcutscene arc30050 delegate 1,,"callClientFunction(player, ""delegateEvent"", player, quest, ""processEvent050"", <payload?>)",no_mutation_probe_only,high,scaffold can accept/complete/reward directly,"quest sequence before/after; owner actor/event name/type; recovered cutscene args=""arc30050""; 1; InitClassQuest wrapper: template can AcceptQuest, CompleteQuest, grant items, and AddExp directly; scene_log_only_no_accept_complete_reward_item_or_exp_mutation",,cutscene push/operator proof,Data\scripts\quests\arc\arc300.lua,outputs\quest-cutscene-push-matrix-atlas-20260630\recovered_cutscene_push_matrix.csv
quest_push_dependency_bundles,,arc306,110162,There Can Be Only One,class,data_or_stub,cutscene_scaffold_route_probe=5,quest_bundle,110162,,,,,,,high,,,no-mutation scaffold route probe,cutscene push/operator proof,,
quest_push_operator_rows,104,arc306,110162,There Can Be Only One,class,data_or_stub,cutscene_scaffold_route_probe,quest_cutscene,processEvent010,arc30610,scaffold_only_owner_recovered_probe_required,!testcutscene arc30610 delegate 1,,"callClientFunction(player, ""delegateEvent"", player, quest, ""processEvent010"", <payload?>)",no_mutation_probe_only,high,scaffold can accept/complete/reward directly,"quest sequence before/after; owner actor/event name/type; recovered cutscene args=""arc30610""; 1; InitClassQuest wrapper: template can AcceptQuest, CompleteQuest, grant items, and AddExp directly; scene_log_only_no_accept_complete_reward_item_or_exp_mutation",,cutscene push/operator proof,Data\scripts\quests\arc\arc306.lua,outputs\quest-cutscene-push-matrix-atlas-20260630\recovered_cutscene_push_matrix.csv
quest_push_operator_rows,104,arc306,110162,There Can Be Only One,class,data_or_stub,cutscene_scaffold_route_probe,quest_cutscene,processEvent020,arc30620,scaffold_only_owner_recovered_probe_required,!testcutscene arc30620 delegate 1,,"callClientFunction(player, ""delegateEvent"", player, quest, ""processEvent020"", <payload?>)",no_mutation_probe_only,high,scaffold can accept/complete/reward directly,"quest sequence before/after; owner actor/event name/type; recovered cutscene args=""arc30620""; 1; InitClassQuest wrapper: template can AcceptQuest, CompleteQuest, grant items, and AddExp directly; scene_log_only_no_accept_complete_reward_item_or_exp_mutation",,cutscene push/operator proof,Data\scripts\quests\arc\arc306.lua,outputs\quest-cutscene-push-matrix-atlas-20260630\recovered_cutscene_push_matrix.csv
quest_push_operator_rows,104,arc306,110162,There Can Be Only One,class,data_or_stub,cutscene_scaffold_route_probe,quest_cutscene,processEvent030,arc30630,scaffold_only_owner_recovered_probe_required,!testcutscene arc30630 delegate 1,,"callClientFunction(player, ""delegateEvent"", player, quest, ""processEvent030"", <payload?>)",no_mutation_probe_only,high,scaffold can accept/complete/reward directly,"quest sequence before/after; owner actor/event name/type; recovered cutscene args=""arc30630""; 1; InitClassQuest wrapper: template can AcceptQuest, CompleteQuest, grant items, and AddExp directly; scene_log_only_no_accept_complete_reward_item_or_exp_mutation",,cutscene push/operator proof,Data\scripts\quests\arc\arc306.lua,outputs\quest-cutscene-push-matrix-atlas-20260630\recovered_cutscene_push_matrix.csv
quest_push_operator_rows,104,arc306,110162,There Can Be Only One,class,data_or_stub,cutscene_scaffold_route_probe,quest_cutscene,processEvent040,arc30640,scaffold_only_owner_recovered_probe_required,!testcutscene arc30640 delegate 1,,"callClientFunction(player, ""delegateEvent"", player, quest, ""processEvent040"", <payload?>)",no_mutation_probe_only,high,scaffold can accept/complete/reward directly,"quest sequence before/after; owner actor/event name/type; recovered cutscene args=""arc30640""; 1; InitClassQuest wrapper: template can AcceptQuest, CompleteQuest, grant items, and AddExp directly; scene_log_only_no_accept_complete_reward_item_or_exp_mutation",,cutscene push/operator proof,Data\scripts\quests\arc\arc306.lua,outputs\quest-cutscene-push-matrix-atlas-20260630\recovered_cutscene_push_matrix.csv
quest_push_operator_rows,104,arc306,110162,There Can Be Only One,class,data_or_stub,cutscene_scaffold_route_probe,quest_cutscene,processEvent050,arc30650,scaffold_only_owner_recovered_probe_required,!testcutscene arc30650 delegate 1,,"callClientFunction(player, ""delegateEvent"", player, quest, ""processEvent050"", <payload?>)",no_mutation_probe_only,high,scaffold can accept/complete/reward directly,"quest sequence before/after; owner actor/event name/type; recovered cutscene args=""arc30650""; 1; InitClassQuest wrapper: template can AcceptQuest, CompleteQuest, grant items, and AddExp directly; scene_log_only_no_accept_complete_reward_item_or_exp_mutation",,cutscene push/operator proof,Data\scripts\quests\arc\arc306.lua,outputs\quest-cutscene-push-matrix-atlas-20260630\recovered_cutscene_push_matrix.csv
quest_push_dependency_bundles,,bsm200,110320,An Ear for Quality,class,data_or_stub,cutscene_scaffold_route_probe=2,quest_bundle,110320,,,,,,,high,,,no-mutation scaffold route probe,cutscene push/operator proof,,
quest_push_operator_rows,104,bsm200,110320,An Ear for Quality,class,data_or_stub,cutscene_scaffold_route_probe,quest_cutscene,processEvent010,bsm20010,scaffold_only_owner_recovered_probe_required,!testcutscene bsm20010 delegate 1,,"callClientFunction(player, ""delegateEvent"", player, quest, ""processEvent010"", <payload?>)",no_mutation_probe_only,high,scaffold can accept/complete/reward directly,"quest sequence before/after; owner actor/event name/type; recovered cutscene args=""bsm20010""; 1; true; A3_12; InitClassQuest wrapper: template can AcceptQuest, CompleteQuest, grant items, and AddExp directly; scene_log_only_no_accept_complete_reward_item_or_exp_mutation",,cutscene push/operator proof,Data\scripts\quests\bsm\bsm200.lua,outputs\quest-cutscene-push-matrix-atlas-20260630\recovered_cutscene_push_matrix.csv
quest_push_operator_rows,104,bsm200,110320,An Ear for Quality,class,data_or_stub,cutscene_scaffold_route_probe,quest_cutscene,processEvent020,bsm20020,scaffold_only_owner_recovered_probe_required,!testcutscene bsm20020 delegate 1,,"callClientFunction(player, ""delegateEvent"", player, quest, ""processEvent020"", <payload?>)",no_mutation_probe_only,high,scaffold can accept/complete/reward directly,"quest sequence before/after; owner actor/event name/type; recovered cutscene args=""bsm20020""; 1; InitClassQuest wrapper: template can AcceptQuest, CompleteQuest, grant items, and AddExp directly; scene_log_only_no_accept_complete_reward_item_or_exp_mutation",,cutscene push/operator proof,Data\scripts\quests\bsm\bsm200.lua,outputs\quest-cutscene-push-matrix-atlas-20260630\recovered_cutscene_push_matrix.csv
quest_push_dependency_bundles,,bsm300,110321,Song of the Sirens,class,data_or_stub,cutscene_scaffold_route_probe=3,quest_bundle,110321,,,,,,,high,,,no-mutation scaffold route probe,cutscene push/operator proof,,
quest_push_operator_rows,104,bsm300,110321,Song of the Sirens,class,data_or_stub,cutscene_scaffold_route_probe,quest_cutscene,processEvent010,bsm30010,scaffold_only_owner_recovered_probe_required,!testcutscene bsm30010 delegate 1,,"callClientFunction(player, ""delegateEvent"", player, quest, ""processEvent010"", <payload?>)",no_mutation_probe_only,high,scaffold can accept/complete/reward directly,"quest sequence before/after; owner actor/event name/type; recovered cutscene args=""bsm30010""; 1; InitClassQuest wrapper: template can AcceptQuest, CompleteQuest, grant items, and AddExp directly; scene_log_only_no_accept_complete_reward_item_or_exp_mutation",,cutscene push/operator proof,Data\scripts\quests\bsm\bsm300.lua,outputs\quest-cutscene-push-matrix-atlas-20260630\recovered_cutscene_push_matrix.csv
quest_push_operator_rows,104,bsm300,110321,Song of the Sirens,class,data_or_stub,cutscene_scaffold_route_probe,quest_cutscene,processEvent020,bsm30020,scaffold_only_owner_recovered_probe_required,!testcutscene bsm30020 delegate 1,,"callClientFunction(player, ""delegateEvent"", player, quest, ""processEvent020"", <payload?>)",no_mutation_probe_only,high,scaffold can accept/complete/reward directly,"quest sequence before/after; owner actor/event name/type; recovered cutscene args=""bsm30020""; 1; InitClassQuest wrapper: template can AcceptQuest, CompleteQuest, grant items, and AddExp directly; scene_log_only_no_accept_complete_reward_item_or_exp_mutation",,cutscene push/operator proof,Data\scripts\quests\bsm\bsm300.lua,outputs\quest-cutscene-push-matrix-atlas-20260630\recovered_cutscene_push_matrix.csv
quest_push_operator_rows,104,bsm300,110321,Song of the Sirens,class,data_or_stub,cutscene_scaffold_route_probe,quest_cutscene,processEvent030,bsm30030,scaffold_only_owner_recovered_probe_required,!testcutscene bsm30030 delegate 1,,"callClientFunction(player, ""delegateEvent"", player, quest, ""processEvent030"", <payload?>)",no_mutation_probe_only,high,scaffold can accept/complete/reward directly,"quest sequence before/after; owner actor/event name/type; recovered cutscene args=""bsm30030""; 1; InitClassQuest wrapper: template can AcceptQuest, CompleteQuest, grant items, and AddExp directly; scene_log_only_no_accept_complete_reward_item_or_exp_mutation",,cutscene push/operator proof,Data\scripts\quests\bsm\bsm300.lua,outputs\quest-cutscene-push-matrix-atlas-20260630\recovered_cutscene_push_matrix.csv
quest_push_dependency_bundles,,bsm306,110322,The Sound of Silence,class,data_or_stub,cutscene_scaffold_route_probe=4,quest_bundle,110322,,,,,,,high,,,no-mutation scaffold route probe,cutscene push/operator proof,,
quest_push_operator_rows,104,bsm306,110322,The Sound of Silence,class,data_or_stub,cutscene_scaffold_route_probe,quest_cutscene,processEvent010,bsm30610,scaffold_only_owner_recovered_probe_required,!testcutscene bsm30610 delegate 1,,"callClientFunction(player, ""delegateEvent"", player, quest, ""processEvent010"", <payload?>)",no_mutation_probe_only,high,scaffold can accept/complete/reward directly,"quest sequence before/after; owner actor/event name/type; recovered cutscene args=""bsm30610""; 1; true; A3_29; InitClassQuest wrapper: template can AcceptQuest, CompleteQuest, grant items, and AddExp directly; scene_log_only_no_accept_complete_reward_item_or_exp_mutation; Bodenolf / scaffold actor 1400012, accept_reward_only",,cutscene push/operator proof,Data\scripts\quests\bsm\bsm306.lua,outputs\quest-cutscene-push-matrix-atlas-20260630\recovered_cutscene_push_matrix.csv
quest_push_operator_rows,104,bsm306,110322,The Sound of Silence,class,data_or_stub,cutscene_scaffold_route_probe,quest_cutscene,processEvent020,bsm30620,scaffold_only_owner_recovered_probe_required,!testcutscene bsm30620 delegate 1,,"callClientFunction(player, ""delegateEvent"", player, quest, ""processEvent020"", <payload?>)",no_mutation_probe_only,high,scaffold can accept/complete/reward directly,"quest sequence before/after; owner actor/event name/type; recovered cutscene args=""bsm30620""; 1; InitClassQuest wrapper: template can AcceptQuest, CompleteQuest, grant items, and AddExp directly; scene_log_only_no_accept_complete_reward_item_or_exp_mutation; Bodenolf / scaffold actor 1400012, accept_reward_only",,cutscene push/operator proof,Data\scripts\quests\bsm\bsm306.lua,outputs\quest-cutscene-push-matrix-atlas-20260630\recovered_cutscene_push_matrix.csv
quest_push_operator_rows,104,bsm306,110322,The Sound of Silence,class,data_or_stub,cutscene_scaffold_route_probe,quest_cutscene,processEvent030,bsm30630,scaffold_only_owner_recovered_probe_required,!testcutscene bsm30630 delegate 1,,"callClientFunction(player, ""delegateEvent"", player, quest, ""processEvent030"", <payload?>)",no_mutation_probe_only,high,scaffold can accept/complete/reward directly,"quest sequence before/after; owner actor/event name/type; recovered cutscene args=""bsm30630""; 1; InitClassQuest wrapper: template can AcceptQuest, CompleteQuest, grant items, and AddExp directly; scene_log_only_no_accept_complete_reward_item_or_exp_mutation; Bodenolf / scaffold actor 1400012, accept_reward_only",,cutscene push/operator proof,Data\scripts\quests\bsm\bsm306.lua,outputs\quest-cutscene-push-matrix-atlas-20260630\recovered_cutscene_push_matrix.csv
quest_push_operator_rows,104,bsm306,110322,The Sound of Silence,class,data_or_stub,cutscene_scaffold_route_probe,quest_cutscene,processEvent040,bsm30640,scaffold_only_owner_recovered_probe_required,!testcutscene bsm30640 delegate 1,,"callClientFunction(player, ""delegateEvent"", player, quest, ""processEvent040"", <payload?>)",no_mutation_probe_only,high,scaffold can accept/complete/reward directly,"quest sequence before/after; owner actor/event name/type; recovered cutscene args=""bsm30640""; 1; InitClassQuest wrapper: template can AcceptQuest, CompleteQuest, grant items, and AddExp directly; scene_log_only_no_accept_complete_reward_item_or_exp_mutation; Bodenolf / scaffold actor 1400012, accept_reward_only",,cutscene push/operator proof,Data\scripts\quests\bsm\bsm306.lua,outputs\quest-cutscene-push-matrix-atlas-20260630\recovered_cutscene_push_matrix.csv
quest_push_dependency_bundles,,cnj200,110260,Dendrological Duties,class,data_or_stub,cutscene_scaffold_route_probe=3,quest_bundle,110260,,,,,,,high,,,no-mutation scaffold route probe,cutscene push/operator proof,,
quest_push_operator_rows,104,cnj200,110260,Dendrological Duties,class,data_or_stub,cutscene_scaffold_route_probe,quest_cutscene,processEvent020,cnj20020,scaffold_only_owner_recovered_probe_required,!testcutscene cnj20020 delegate 1,,"callClientFunction(player, ""delegateEvent"", player, quest, ""processEvent020"", <payload?>)",no_mutation_probe_only,high,scaffold can accept/complete/reward directly,"quest sequence before/after; owner actor/event name/type; recovered cutscene args=""cnj20020""; 1; InitClassQuest wrapper: template can AcceptQuest, CompleteQuest, grant items, and AddExp directly; scene_log_only_no_accept_complete_reward_item_or_exp_mutation",,cutscene push/operator proof,Data\scripts\quests\cnj\cnj200.lua,outputs\quest-cutscene-push-matrix-atlas-20260630\recovered_cutscene_push_matrix.csv
quest_push_operator_rows,104,cnj200,110260,Dendrological Duties,class,data_or_stub,cutscene_scaffold_route_probe,quest_cutscene,processEvent030,cnj20030,scaffold_only_owner_recovered_probe_required,!testcutscene cnj20030 delegate 1,,"callClientFunction(player, ""delegateEvent"", player, quest, ""processEvent030"", <payload?>)",no_mutation_probe_only,high,scaffold can accept/complete/reward directly,"quest sequence before/after; owner actor/event name/type; recovered cutscene args=""cnj20030""; 1; InitClassQuest wrapper: template can AcceptQuest, CompleteQuest, grant items, and AddExp directly; scene_log_only_no_accept_complete_reward_item_or_exp_mutation",,cutscene push/operator proof,Data\scripts\quests\cnj\cnj200.lua,outputs\quest-cutscene-push-matrix-atlas-20260630\recovered_cutscene_push_matrix.csv
quest_push_operator_rows,104,cnj200,110260,Dendrological Duties,class,data_or_stub,cutscene_scaffold_route_probe,quest_cutscene,processEventSoileineStart,cnj20010,scaffold_only_owner_recovered_probe_required,!testcutscene cnj20010 delegate 2,,"callClientFunction(player, ""delegateEvent"", player, quest, ""processEventSoileineStart"", <payload?>)",no_mutation_probe_only,high,scaffold can accept/complete/reward directly,"quest sequence before/after; owner actor/event name/type; recovered cutscene args=""cnj20010""; 2; InitClassQuest wrapper: template can AcceptQuest, CompleteQuest, grant items, and AddExp directly; scene_log_only_no_accept_complete_reward_item_or_exp_mutation; Soileine Start",,cutscene push/operator proof,Data\scripts\quests\cnj\cnj200.lua,outputs\quest-cutscene-push-matrix-atlas-20260630\recovered_cutscene_push_matrix.csv
quest_push_dependency_bundles,,cnj300,110261,"Good Knight, Sweet Dreams",class,data_or_stub,cutscene_scaffold_route_probe=7,quest_bundle,110261,,,,,,,high,,,no-mutation scaffold route probe,cutscene push/operator proof,,
quest_push_operator_rows,104,cnj300,110261,"Good Knight, Sweet Dreams",class,data_or_stub,cutscene_scaffold_route_probe,quest_cutscene,processEvent010,cnj30010,scaffold_only_owner_recovered_probe_required,!testcutscene cnj30010 delegate 1,,"callClientFunction(player, ""delegateEvent"", player, quest, ""processEvent010"", <payload?>)",no_mutation_probe_only,high,scaffold can accept/complete/reward directly,"quest sequence before/after; owner actor/event name/type; recovered cutscene args=""cnj30010""; 1; InitClassQuest wrapper: template can AcceptQuest, CompleteQuest, grant items, and AddExp directly; scene_log_only_no_accept_complete_reward_item_or_exp_mutation",,cutscene push/operator proof,Data\scripts\quests\cnj\cnj300.lua,outputs\quest-cutscene-push-matrix-atlas-20260630\recovered_cutscene_push_matrix.csv
quest_push_operator_rows,104,cnj300,110261,"Good Knight, Sweet Dreams",class,data_or_stub,cutscene_scaffold_route_probe,quest_cutscene,processEvent020,cnj30020,scaffold_only_owner_recovered_probe_required,!testcutscene cnj30020 delegate 1,,"callClientFunction(player, ""delegateEvent"", player, quest, ""processEvent020"", <payload?>)",no_mutation_probe_only,high,scaffold can accept/complete/reward directly,"quest sequence before/after; owner actor/event name/type; recovered cutscene args=""cnj30020""; 1; InitClassQuest wrapper: template can AcceptQuest, CompleteQuest, grant items, and AddExp directly; scene_log_only_no_accept_complete_reward_item_or_exp_mutation",,cutscene push/operator proof,Data\scripts\quests\cnj\cnj300.lua,outputs\quest-cutscene-push-matrix-atlas-20260630\recovered_cutscene_push_matrix.csv
quest_push_operator_rows,104,cnj300,110261,"Good Knight, Sweet Dreams",class,data_or_stub,cutscene_scaffold_route_probe,quest_cutscene,processEvent030,cnj30030,scaffold_only_owner_recovered_probe_required,!testcutscene cnj30030 delegate 1,,"callClientFunction(player, ""delegateEvent"", player, quest, ""processEvent030"", <payload?>)",no_mutation_probe_only,high,scaffold can accept/complete/reward directly,"quest sequence before/after; owner actor/event name/type; recovered cutscene args=""cnj30030""; 1; InitClassQuest wrapper: template can AcceptQuest, CompleteQuest, grant items, and AddExp directly; scene_log_only_no_accept_complete_reward_item_or_exp_mutation",,cutscene push/operator proof,Data\scripts\quests\cnj\cnj300.lua,outputs\quest-cutscene-push-matrix-atlas-20260630\recovered_cutscene_push_matrix.csv
quest_push_operator_rows,104,cnj300,110261,"Good Knight, Sweet Dreams",class,data_or_stub,cutscene_scaffold_route_probe,quest_cutscene,processEvent040,cnj30040,scaffold_only_owner_recovered_probe_required,!testcutscene cnj30040 delegate 1,,"callClientFunction(player, ""delegateEvent"", player, quest, ""processEvent040"", <payload?>)",no_mutation_probe_only,high,scaffold can accept/complete/reward directly,"quest sequence before/after; owner actor/event name/type; recovered cutscene args=""cnj30040""; 1; InitClassQuest wrapper: template can AcceptQuest, CompleteQuest, grant items, and AddExp directly; scene_log_only_no_accept_complete_reward_item_or_exp_mutation",,cutscene push/operator proof,Data\scripts\quests\cnj\cnj300.lua,outputs\quest-cutscene-push-matrix-atlas-20260630\recovered_cutscene_push_matrix.csv
quest_push_operator_rows,104,cnj300,110261,"Good Knight, Sweet Dreams",class,data_or_stub,cutscene_scaffold_route_probe,quest_cutscene,processEvent050,cnj30050,scaffold_only_owner_recovered_probe_required,!testcutscene cnj30050 delegate 2,,"callClientFunction(player, ""delegateEvent"", player, quest, ""processEvent050"", <payload?>)",no_mutation_probe_only,high,scaffold can accept/complete/reward directly,"quest sequence before/after; owner actor/event name/type; recovered cutscene args=""cnj30050""; 2; InitClassQuest wrapper: template can AcceptQuest, CompleteQuest, grant items, and AddExp directly; scene_log_only_no_accept_complete_reward_item_or_exp_mutation; A2_108",,cutscene push/operator proof,Data\scripts\quests\cnj\cnj300.lua,outputs\quest-cutscene-push-matrix-atlas-20260630\recovered_cutscene_push_matrix.csv
quest_push_operator_rows,104,cnj300,110261,"Good Knight, Sweet Dreams",class,data_or_stub,cutscene_scaffold_route_probe,quest_cutscene,processEvent060,cnj30060,scaffold_only_owner_recovered_probe_required,!testcutscene cnj30060 delegate 1,,"callClientFunction(player, ""delegateEvent"", player, quest, ""processEvent060"", <payload?>)",no_mutation_probe_only,high,scaffold can accept/complete/reward directly,"quest sequence before/after; owner actor/event name/type; recovered cutscene args=""cnj30060""; 1; InitClassQuest wrapper: template can AcceptQuest, CompleteQuest, grant items, and AddExp directly; scene_log_only_no_accept_complete_reward_item_or_exp_mutation",,cutscene push/operator proof,Data\scripts\quests\cnj\cnj300.lua,outputs\quest-cutscene-push-matrix-atlas-20260630\recovered_cutscene_push_matrix.csv
quest_push_operator_rows,104,cnj300,110261,"Good Knight, Sweet Dreams",class,data_or_stub,cutscene_scaffold_route_probe,quest_cutscene,processEvent070,cnj30070,scaffold_only_owner_recovered_probe_required,!testcutscene cnj30070 delegate 1,,"callClientFunction(player, ""delegateEvent"", player, quest, ""processEvent070"", <payload?>)",no_mutation_probe_only,high,scaffold can accept/complete/reward directly,"quest sequence before/after; owner actor/event name/type; recovered cutscene args=""cnj30070""; 1; InitClassQuest wrapper: template can AcceptQuest, CompleteQuest, grant items, and AddExp directly; scene_log_only_no_accept_complete_reward_item_or_exp_mutation",,cutscene push/operator proof,Data\scripts\quests\cnj\cnj300.lua,outputs\quest-cutscene-push-matrix-atlas-20260630\recovered_cutscene_push_matrix.csv
quest_push_dependency_bundles,,cnj306,110262,The Call of Nature,class,data_or_stub,cutscene_scaffold_route_probe=10,quest_bundle,110262,,,,,,,high,,,no-mutation scaffold route probe,cutscene push/operator proof,,
quest_push_operator_rows,104,cnj306,110262,The Call of Nature,class,data_or_stub,cutscene_scaffold_route_probe,quest_cutscene,processEvent010,cnj30610,scaffold_only_owner_recovered_probe_required,!testcutscene cnj30610 delegate 1,,"callClientFunction(player, ""delegateEvent"", player, quest, ""processEvent010"", <payload?>)",no_mutation_probe_only,high,scaffold can accept/complete/reward directly,"quest sequence before/after; owner actor/event name/type; recovered cutscene args=""cnj30610""; 1; InitClassQuest wrapper: template can AcceptQuest, CompleteQuest, grant items, and AddExp directly; scene_log_only_no_accept_complete_reward_item_or_exp_mutation; Soileine / scaffold actor 1000141, but owner-only evidence",,cutscene push/operator proof,Data\scripts\quests\cnj\cnj306.lua,outputs\quest-cutscene-push-matrix-atlas-20260630\recovered_cutscene_push_matrix.csv
quest_push_operator_rows,104,cnj306,110262,The Call of Nature,class,data_or_stub,cutscene_scaffold_route_probe,quest_cutscene,processEvent020,cnj30620,scaffold_only_owner_recovered_probe_required,!testcutscene cnj30620 delegate 1,,"callClientFunction(player, ""delegateEvent"", player, quest, ""processEvent020"", <payload?>)",no_mutation_probe_only,high,scaffold can accept/complete/reward directly,"quest sequence before/after; owner actor/event name/type; recovered cutscene args=""cnj30620""; 1; InitClassQuest wrapper: template can AcceptQuest, CompleteQuest, grant items, and AddExp directly; scene_log_only_no_accept_complete_reward_item_or_exp_mutation; Soileine / scaffold actor 1000141, but owner-only evidence",,cutscene push/operator proof,Data\scripts\quests\cnj\cnj306.lua,outputs\quest-cutscene-push-matrix-atlas-20260630\recovered_cutscene_push_matrix.csv
quest_push_operator_rows,104,cnj306,110262,The Call of Nature,class,data_or_stub,cutscene_scaffold_route_probe,quest_cutscene,processEvent030,cnj30630,scaffold_only_owner_recovered_probe_required,!testcutscene cnj30630 delegate 1,,"callClientFunction(player, ""delegateEvent"", player, quest, ""processEvent030"", <payload?>)",no_mutation_probe_only,high,scaffold can accept/complete/reward directly,"quest sequence before/after; owner actor/event name/type; recovered cutscene args=""cnj30630""; 1; InitClassQuest wrapper: template can AcceptQuest, CompleteQuest, grant items, and AddExp directly; scene_log_only_no_accept_complete_reward_item_or_exp_mutation; Soileine / scaffold actor 1000141, but owner-only evidence",,cutscene push/operator proof,Data\scripts\quests\cnj\cnj306.lua,outputs\quest-cutscene-push-matrix-atlas-20260630\recovered_cutscene_push_matrix.csv
quest_push_operator_rows,104,cnj306,110262,The Call of Nature,class,data_or_stub,cutscene_scaffold_route_probe,quest_cutscene,processEvent040,cnj30640,scaffold_only_owner_recovered_probe_required,!testcutscene cnj30640 delegate 1,,"callClientFunction(player, ""delegateEvent"", player, quest, ""processEvent040"", <payload?>)",no_mutation_probe_only,high,scaffold can accept/complete/reward directly,"quest sequence before/after; owner actor/event name/type; recovered cutscene args=""cnj30640""; 1; InitClassQuest wrapper: template can AcceptQuest, CompleteQuest, grant items, and AddExp directly; scene_log_only_no_accept_complete_reward_item_or_exp_mutation; Soileine / scaffold actor 1000141, but owner-only evidence",,cutscene push/operator proof,Data\scripts\quests\cnj\cnj306.lua,outputs\quest-cutscene-push-matrix-atlas-20260630\recovered_cutscene_push_matrix.csv
quest_push_operator_rows,104,cnj306,110262,The Call of Nature,class,data_or_stub,cutscene_scaffold_route_probe,quest_cutscene,processEvent050,cnj30650,scaffold_only_owner_recovered_probe_required,!testcutscene cnj30650 delegate 1,,"callClientFunction(player, ""delegateEvent"", player, quest, ""processEvent050"", <payload?>)",no_mutation_probe_only,high,scaffold can accept/complete/reward directly,"quest sequence before/after; owner actor/event name/type; recovered cutscene args=""cnj30650""; 1; InitClassQuest wrapper: template can AcceptQuest, CompleteQuest, grant items, and AddExp directly; scene_log_only_no_accept_complete_reward_item_or_exp_mutation; Soileine / scaffold actor 1000141, but owner-only evidence",,cutscene push/operator proof,Data\scripts\quests\cnj\cnj306.lua,outputs\quest-cutscene-push-matrix-atlas-20260630\recovered_cutscene_push_matrix.csv
quest_push_operator_rows,104,cnj306,110262,The Call of Nature,class,data_or_stub,cutscene_scaffold_route_probe,quest_cutscene,processEvent060,cnj30660,scaffold_only_owner_recovered_probe_required,!testcutscene cnj30660 delegate 1,,"callClientFunction(player, ""delegateEvent"", player, quest, ""processEvent060"", <payload?>)",no_mutation_probe_only,high,scaffold can accept/complete/reward directly,"quest sequence before/after; owner actor/event name/type; recovered cutscene args=""cnj30660""; 1; InitClassQuest wrapper: template can AcceptQuest, CompleteQuest, grant items, and AddExp directly; scene_log_only_no_accept_complete_reward_item_or_exp_mutation; Soileine / scaffold actor 1000141, but owner-only evidence",,cutscene push/operator proof,Data\scripts\quests\cnj\cnj306.lua,outputs\quest-cutscene-push-matrix-atlas-20260630\recovered_cutscene_push_matrix.csv
quest_push_operator_rows,104,cnj306,110262,The Call of Nature,class,data_or_stub,cutscene_scaffold_route_probe,quest_cutscene,processEvent070,cnj30670,scaffold_only_owner_recovered_probe_required,!testcutscene cnj30670 delegate 1,,"callClientFunction(player, ""delegateEvent"", player, quest, ""processEvent070"", <payload?>)",no_mutation_probe_only,high,scaffold can accept/complete/reward directly,"quest sequence before/after; owner actor/event name/type; recovered cutscene args=""cnj30670""; 1; InitClassQuest wrapper: template can AcceptQuest, CompleteQuest, grant items, and AddExp directly; scene_log_only_no_accept_complete_reward_item_or_exp_mutation; Soileine / scaffold actor 1000141, but owner-only evidence",,cutscene push/operator proof,Data\scripts\quests\cnj\cnj306.lua,outputs\quest-cutscene-push-matrix-atlas-20260630\recovered_cutscene_push_matrix.csv
quest_push_operator_rows,104,cnj306,110262,The Call of Nature,class,data_or_stub,cutscene_scaffold_route_probe,quest_cutscene,processEvent080,cnj30680,scaffold_only_owner_recovered_probe_required,!testcutscene cnj30680 delegate 1,,"callClientFunction(player, ""delegateEvent"", player, quest, ""processEvent080"", <payload?>)",no_mutation_probe_only,high,scaffold can accept/complete/reward directly,"quest sequence before/after; owner actor/event name/type; recovered cutscene args=""cnj30680""; 1; InitClassQuest wrapper: template can AcceptQuest, CompleteQuest, grant items, and AddExp directly; scene_log_only_no_accept_complete_reward_item_or_exp_mutation; Soileine / scaffold actor 1000141, but owner-only evidence",,cutscene push/operator proof,Data\scripts\quests\cnj\cnj306.lua,outputs\quest-cutscene-push-matrix-atlas-20260630\recovered_cutscene_push_matrix.csv
quest_push_operator_rows,104,cnj306,110262,The Call of Nature,class,data_or_stub,cutscene_scaffold_route_probe,quest_cutscene,processEvent090,cnj30690,scaffold_only_owner_recovered_probe_required,!testcutscene cnj30690 delegate 1,,"callClientFunction(player, ""delegateEvent"", player, quest, ""processEvent090"", <payload?>)",no_mutation_probe_only,high,scaffold can accept/complete/reward directly,"quest sequence before/after; owner actor/event name/type; recovered cutscene args=""cnj30690""; 1; InitClassQuest wrapper: template can AcceptQuest, CompleteQuest, grant items, and AddExp directly; scene_log_only_no_accept_complete_reward_item_or_exp_mutation; Soileine / scaffold actor 1000141, but owner-only evidence",,cutscene push/operator proof,Data\scripts\quests\cnj\cnj306.lua,outputs\quest-cutscene-push-matrix-atlas-20260630\recovered_cutscene_push_matrix.csv
quest_push_operator_rows,104,cnj306,110262,The Call of Nature,class,data_or_stub,cutscene_scaffold_route_probe,quest_cutscene,processEvent095,cnj30690,scaffold_only_owner_recovered_probe_required,!testcutscene cnj30690 delegate 1,,"callClientFunction(player, ""delegateEvent"", player, quest, ""processEvent095"", <payload?>)",no_mutation_probe_only,high,scaffold can accept/complete/reward directly,"quest sequence before/after; owner actor/event name/type; recovered cutscene args=""cnj30690""; 1; InitClassQuest wrapper: template can AcceptQuest, CompleteQuest, grant items, and AddExp directly; scene_log_only_no_accept_complete_reward_item_or_exp_mutation; Soileine / scaffold actor 1000141, but owner-only evidence",,cutscene push/operator proof,Data\scripts\quests\cnj\cnj306.lua,outputs\quest-cutscene-push-matrix-atlas-20260630\recovered_cutscene_push_matrix.csv
quest_push_dependency_bundles,,cul200,110440,Showdown,class,data_or_stub,cutscene_scaffold_route_probe=3,quest_bundle,110440,,,,,,,high,,,no-mutation scaffold route probe,cutscene push/operator proof,,
quest_push_operator_rows,104,cul200,110440,Showdown,class,data_or_stub,cutscene_scaffold_route_probe,quest_cutscene,processEvent010,cul20010,scaffold_only_owner_recovered_probe_required,!testcutscene cul20010 delegate 1,,"callClientFunction(player, ""delegateEvent"", player, quest, ""processEvent010"", <payload?>)",no_mutation_probe_only,high,scaffold can accept/complete/reward directly,"quest sequence before/after; owner actor/event name/type; recovered cutscene args=""cul20010""; 1; InitClassQuest wrapper: template can AcceptQuest, CompleteQuest, grant items, and AddExp directly; scene_log_only_no_accept_complete_reward_item_or_exp_mutation",,cutscene push/operator proof,Data\scripts\quests\cul\cul200.lua,outputs\quest-cutscene-push-matrix-atlas-20260630\recovered_cutscene_push_matrix.csv
quest_push_operator_rows,104,cul200,110440,Showdown,class,data_or_stub,cutscene_scaffold_route_probe,quest_cutscene,processEvent020,cul20020,scaffold_only_owner_recovered_probe_required,!testcutscene cul20020 delegate 1,,"callClientFunction(player, ""delegateEvent"", player, quest, ""processEvent020"", <payload?>)",no_mutation_probe_only,high,scaffold can accept/complete/reward directly,"quest sequence before/after; owner actor/event name/type; recovered cutscene args=""cul20020""; 1; A3_51; InitClassQuest wrapper: template can AcceptQuest, CompleteQuest, grant items, and AddExp directly; scene_log_only_no_accept_complete_reward_item_or_exp_mutation",,cutscene push/operator proof,Data\scripts\quests\cul\cul200.lua,outputs\quest-cutscene-push-matrix-atlas-20260630\recovered_cutscene_push_matrix.csv
quest_push_operator_rows,104,cul200,110440,Showdown,class,data_or_stub,cutscene_scaffold_route_probe,quest_cutscene,processEvent030,cul20030,scaffold_only_owner_recovered_probe_required,!testcutscene cul20030 delegate 1,,"callClientFunction(player, ""delegateEvent"", player, quest, ""processEvent030"", <payload?>)",no_mutation_probe_only,high,scaffold can accept/complete/reward directly,"quest sequence before/after; owner actor/event name/type; recovered cutscene args=""cul20030""; 1; InitClassQuest wrapper: template can AcceptQuest, CompleteQuest, grant items, and AddExp directly; scene_log_only_no_accept_complete_reward_item_or_exp_mutation",,cutscene push/operator proof,Data\scripts\quests\cul\cul200.lua,outputs\quest-cutscene-push-matrix-atlas-20260630\recovered_cutscene_push_matrix.csv
quest_push_dependency_bundles,,cul300,110441,Mystery of the Gastronome Gone Home,class,data_or_stub,cutscene_scaffold_route_probe=3,quest_bundle,110441,,,,,,,high,,,no-mutation scaffold route probe,cutscene push/operator proof,,
quest_push_operator_rows,104,cul300,110441,Mystery of the Gastronome Gone Home,class,data_or_stub,cutscene_scaffold_route_probe,quest_cutscene,processEvent010,cul30010,scaffold_only_owner_recovered_probe_required,!testcutscene cul30010 delegate 1,,"callClientFunction(player, ""delegateEvent"", player, quest, ""processEvent010"", <payload?>)",no_mutation_probe_only,high,scaffold can accept/complete/reward directly,"quest sequence before/after; owner actor/event name/type; recovered cutscene args=""cul30010""; 1; InitClassQuest wrapper: template can AcceptQuest, CompleteQuest, grant items, and AddExp directly; scene_log_only_no_accept_complete_reward_item_or_exp_mutation",,cutscene push/operator proof,Data\scripts\quests\cul\cul300.lua,outputs\quest-cutscene-push-matrix-atlas-20260630\recovered_cutscene_push_matrix.csv
quest_push_operator_rows,104,cul300,110441,Mystery of the Gastronome Gone Home,class,data_or_stub,cutscene_scaffold_route_probe,quest_cutscene,processEvent020,cul30020,scaffold_only_owner_recovered_probe_required,!testcutscene cul30020 delegate 1,,"callClientFunction(player, ""delegateEvent"", player, quest, ""processEvent020"", <payload?>)",no_mutation_probe_only,high,scaffold can accept/complete/reward directly,"quest sequence before/after; owner actor/event name/type; recovered cutscene args=""cul30020""; 1; InitClassQuest wrapper: template can AcceptQuest, CompleteQuest, grant items, and AddExp directly; scene_log_only_no_accept_complete_reward_item_or_exp_mutation",,cutscene push/operator proof,Data\scripts\quests\cul\cul300.lua,outputs\quest-cutscene-push-matrix-atlas-20260630\recovered_cutscene_push_matrix.csv
quest_push_operator_rows,104,cul300,110441,Mystery of the Gastronome Gone Home,class,data_or_stub,cutscene_scaffold_route_probe,quest_cutscene,processEvent030,cul30030,scaffold_only_owner_recovered_probe_required,!testcutscene cul30030 delegate 1,,"callClientFunction(player, ""delegateEvent"", player, quest, ""processEvent030"", <payload?>)",no_mutation_probe_only,high,scaffold can accept/complete/reward directly,"quest sequence before/after; owner actor/event name/type; recovered cutscene args=""cul30030""; 1; InitClassQuest wrapper: template can AcceptQuest, CompleteQuest, grant items, and AddExp directly; scene_log_only_no_accept_complete_reward_item_or_exp_mutation",,cutscene push/operator proof,Data\scripts\quests\cul\cul300.lua,outputs\quest-cutscene-push-matrix-atlas-20260630\recovered_cutscene_push_matrix.csv
quest_push_dependency_bundles,,cul306,110442,Something in the Soup,class,data_or_stub,cutscene_scaffold_route_probe=9,quest_bundle,110442,,,,,,,high,,,no-mutation scaffold route probe,cutscene push/operator proof,,
quest_push_operator_rows,104,cul306,110442,Something in the Soup,class,data_or_stub,cutscene_scaffold_route_probe,quest_cutscene,processEvent020,cul30620,scaffold_only_owner_recovered_probe_required,!testcutscene cul30620 delegate 1,,"callClientFunction(player, ""delegateEvent"", player, quest, ""processEvent020"", <payload?>)",no_mutation_probe_only,high,scaffold can accept/complete/reward directly,"quest sequence before/after; owner actor/event name/type; recovered cutscene args=""cul30620""; 1; InitClassQuest wrapper: template can AcceptQuest, CompleteQuest, grant items, and AddExp directly; scene_log_only_no_accept_complete_reward_item_or_exp_mutation; A2_27",,cutscene push/operator proof,Data\scripts\quests\cul\cul306.lua,outputs\quest-cutscene-push-matrix-atlas-20260630\recovered_cutscene_push_matrix.csv
quest_push_operator_rows,104,cul306,110442,Something in the Soup,class,data_or_stub,cutscene_scaffold_route_probe,quest_cutscene,processEvent030,cul30630,scaffold_only_owner_recovered_probe_required,!testcutscene cul30630 delegate 1,,"callClientFunction(player, ""delegateEvent"", player, quest, ""processEvent030"", <payload?>)",no_mutation_probe_only,high,scaffold can accept/complete/reward directly,"quest sequence before/after; owner actor/event name/type; recovered cutscene args=""cul30630""; 1; InitClassQuest wrapper: template can AcceptQuest, CompleteQuest, grant items, and AddExp directly; scene_log_only_no_accept_complete_reward_item_or_exp_mutation",,cutscene push/operator proof,Data\scripts\quests\cul\cul306.lua,outputs\quest-cutscene-push-matrix-atlas-20260630\recovered_cutscene_push_matrix.csv
quest_push_operator_rows,104,cul306,110442,Something in the Soup,class,data_or_stub,cutscene_scaffold_route_probe,quest_cutscene,processEvent040,cul30640,scaffold_only_owner_recovered_probe_required,!testcutscene cul30640 delegate 1,,"callClientFunction(player, ""delegateEvent"", player, quest, ""processEvent040"", <payload?>)",no_mutation_probe_only,high,scaffold can accept/complete/reward directly,"quest sequence before/after; owner actor/event name/type; recovered cutscene args=""cul30640""; 1; InitClassQuest wrapper: template can AcceptQuest, CompleteQuest, grant items, and AddExp directly; scene_log_only_no_accept_complete_reward_item_or_exp_mutation",,cutscene push/operator proof,Data\scripts\quests\cul\cul306.lua,outputs\quest-cutscene-push-matrix-atlas-20260630\recovered_cutscene_push_matrix.csv
quest_push_operator_rows,104,cul306,110442,Something in the Soup,class,data_or_stub,cutscene_scaffold_route_probe,quest_cutscene,processEvent050,cul30650,scaffold_only_owner_recovered_probe_required,!testcutscene cul30650 delegate 1,,"callClientFunction(player, ""delegateEvent"", player, quest, ""processEvent050"", <payload?>)",no_mutation_probe_only,high,scaffold can accept/complete/reward directly,"quest sequence before/after; owner actor/event name/type; recovered cutscene args=""cul30650""; 1; InitClassQuest wrapper: template can AcceptQuest, CompleteQuest, grant items, and AddExp directly; scene_log_only_no_accept_complete_reward_item_or_exp_mutation; A2_60",,cutscene push/operator proof,Data\scripts\quests\cul\cul306.lua,outputs\quest-cutscene-push-matrix-atlas-20260630\recovered_cutscene_push_matrix.csv
quest_push_operator_rows,104,cul306,110442,Something in the Soup,class,data_or_stub,cutscene_scaffold_route_probe,quest_cutscene,processEvent060,cul30660,scaffold_only_owner_recovered_probe_required,!testcutscene cul30660 delegate 1,,"callClientFunction(player, ""delegateEvent"", player, quest, ""processEvent060"", <payload?>)",no_mutation_probe_only,high,scaffold can accept/complete/reward directly,"quest sequence before/after; owner actor/event name/type; recovered cutscene args=""cul30660""; 1; InitClassQuest wrapper: template can AcceptQuest, CompleteQuest, grant items, and AddExp directly; scene_log_only_no_accept_complete_reward_item_or_exp_mutation",,cutscene push/operator proof,Data\scripts\quests\cul\cul306.lua,outputs\quest-cutscene-push-matrix-atlas-20260630\recovered_cutscene_push_matrix.csv
quest_push_operator_rows,104,cul306,110442,Something in the Soup,class,data_or_stub,cutscene_scaffold_route_probe,quest_cutscene,processEvent065,cul30665,scaffold_only_owner_recovered_probe_required,!testcutscene cul30665 delegate 1,,"callClientFunction(player, ""delegateEvent"", player, quest, ""processEvent065"", <payload?>)",no_mutation_probe_only,high,scaffold can accept/complete/reward directly,"quest sequence before/after; owner actor/event name/type; recovered cutscene args=""cul30665""; 1; InitClassQuest wrapper: template can AcceptQuest, CompleteQuest, grant items, and AddExp directly; scene_log_only_no_accept_complete_reward_item_or_exp_mutation",,cutscene push/operator proof,Data\scripts\quests\cul\cul306.lua,outputs\quest-cutscene-push-matrix-atlas-20260630\recovered_cutscene_push_matrix.csv
quest_push_operator_rows,104,cul306,110442,Something in the Soup,class,data_or_stub,cutscene_scaffold_route_probe,quest_cutscene,processEvent070,cul30670,scaffold_only_owner_recovered_probe_required,!testcutscene cul30670 delegate 1,,"callClientFunction(player, ""delegateEvent"", player, quest, ""processEvent070"", <payload?>)",no_mutation_probe_only,high,scaffold can accept/complete/reward directly,"quest sequence before/after; owner actor/event name/type; recovered cutscene args=""cul30670""; 1; InitClassQuest wrapper: template can AcceptQuest, CompleteQuest, grant items, and AddExp directly; scene_log_only_no_accept_complete_reward_item_or_exp_mutation",,cutscene push/operator proof,Data\scripts\quests\cul\cul306.lua,outputs\quest-cutscene-push-matrix-atlas-20260630\recovered_cutscene_push_matrix.csv
quest_push_operator_rows,104,cul306,110442,Something in the Soup,class,data_or_stub,cutscene_scaffold_route_probe,quest_cutscene,processEventPrudentiaStart,cul30610,scaffold_only_owner_recovered_probe_required,!testcutscene cul30610 delegate 2,,"callClientFunction(player, ""delegateEvent"", player, quest, ""processEventPrudentiaStart"", <payload?>)",no_mutation_probe_only,high,scaffold can accept/complete/reward directly,"quest sequence before/after; owner actor/event name/type; recovered cutscene args=""cul30610""; 2; InitClassQuest wrapper: template can AcceptQuest, CompleteQuest, grant items, and AddExp directly; scene_log_only_no_accept_complete_reward_item_or_exp_mutation; Prudentia Start",,cutscene push/operator proof,Data\scripts\quests\cul\cul306.lua,outputs\quest-cutscene-push-matrix-atlas-20260630\recovered_cutscene_push_matrix.csv
quest_push_operator_rows,104,cul306,110442,Something in the Soup,class,data_or_stub,cutscene_scaffold_route_probe,quest_cutscene,processEventPrudentiaStart,cul30610,scaffold_only_owner_recovered_probe_required,!testcutscene cul30610 delegate 2,,"callClientFunction(player, ""delegateEvent"", player, quest, ""processEventPrudentiaStart"", <payload?>)",no_mutation_probe_only,high,scaffold can accept/complete/reward directly,"quest sequence before/after; owner actor/event name/type; recovered cutscene args=""cul30610""; 2; InitClassQuest wrapper: template can AcceptQuest, CompleteQuest, grant items, and AddExp directly; scene_log_only_no_accept_complete_reward_item_or_exp_mutation; Prudentia Start",,cutscene push/operator proof,Data\scripts\quests\cul\cul306.lua,outputs\quest-cutscene-push-matrix-atlas-20260630\recovered_cutscene_push_matrix.csv
quest_push_dependency_bundles,,exc200,110100,Bloody Baptism,class,data_or_stub,cutscene_scaffold_route_probe=5,quest_bundle,110100,,,,,,,high,,,no-mutation scaffold route probe,cutscene push/operator proof,,
quest_push_operator_rows,104,exc200,110100,Bloody Baptism,class,data_or_stub,cutscene_scaffold_route_probe,quest_cutscene,processEvent020,exc20020,scaffold_only_owner_recovered_probe_required,!testcutscene exc20020 delegate 1,,"callClientFunction(player, ""delegateEvent"", player, quest, ""processEvent020"", <payload?>)",no_mutation_probe_only,high,scaffold can accept/complete/reward directly,"quest sequence before/after; owner actor/event name/type; recovered cutscene args=""exc20020""; 1; InitClassQuest wrapper: template can AcceptQuest, CompleteQuest, grant items, and AddExp directly; scene_log_only_no_accept_complete_reward_item_or_exp_mutation",,cutscene push/operator proof,Data\scripts\quests\exc\exc200.lua,outputs\quest-cutscene-push-matrix-atlas-20260630\recovered_cutscene_push_matrix.csv
quest_push_operator_rows,104,exc200,110100,Bloody Baptism,class,data_or_stub,cutscene_scaffold_route_probe,quest_cutscene,processEvent030,exc20030,scaffold_only_owner_recovered_probe_required,!testcutscene exc20030 delegate 1,,"callClientFunction(player, ""delegateEvent"", player, quest, ""processEvent030"", <payload?>)",no_mutation_probe_only,high,scaffold can accept/complete/reward directly,"quest sequence before/after; owner actor/event name/type; recovered cutscene args=""exc20030""; 1; InitClassQuest wrapper: template can AcceptQuest, CompleteQuest, grant items, and AddExp directly; scene_log_only_no_accept_complete_reward_item_or_exp_mutation",,cutscene push/operator proof,Data\scripts\quests\exc\exc200.lua,outputs\quest-cutscene-push-matrix-atlas-20260630\recovered_cutscene_push_matrix.csv
quest_push_operator_rows,104,exc200,110100,Bloody Baptism,class,data_or_stub,cutscene_scaffold_route_probe,quest_cutscene,processEvent040,exc20040,scaffold_only_owner_recovered_probe_required,!testcutscene exc20040 delegate 1,,"callClientFunction(player, ""delegateEvent"", player, quest, ""processEvent040"", <payload?>)",no_mutation_probe_only,high,scaffold can accept/complete/reward directly,"quest sequence before/after; owner actor/event name/type; recovered cutscene args=""exc20040""; 1; InitClassQuest wrapper: template can AcceptQuest, CompleteQuest, grant items, and AddExp directly; scene_log_only_no_accept_complete_reward_item_or_exp_mutation",,cutscene push/operator proof,Data\scripts\quests\exc\exc200.lua,outputs\quest-cutscene-push-matrix-atlas-20260630\recovered_cutscene_push_matrix.csv
quest_push_operator_rows,104,exc200,110100,Bloody Baptism,class,data_or_stub,cutscene_scaffold_route_probe,quest_cutscene,processEvent050,exc20050,scaffold_only_owner_recovered_probe_required,!testcutscene exc20050 delegate 1,,"callClientFunction(player, ""delegateEvent"", player, quest, ""processEvent050"", <payload?>)",no_mutation_probe_only,high,scaffold can accept/complete/reward directly,"quest sequence before/after; owner actor/event name/type; recovered cutscene args=""exc20050""; 1; InitClassQuest wrapper: template can AcceptQuest, CompleteQuest, grant items, and AddExp directly; scene_log_only_no_accept_complete_reward_item_or_exp_mutation",,cutscene push/operator proof,Data\scripts\quests\exc\exc200.lua,outputs\quest-cutscene-push-matrix-atlas-20260630\recovered_cutscene_push_matrix.csv
quest_push_operator_rows,104,exc200,110100,Bloody Baptism,class,data_or_stub,cutscene_scaffold_route_probe,quest_cutscene,processEventWaekbyrtStart,exc20010,scaffold_only_owner_recovered_probe_required,!testcutscene exc20010 delegate 2,,"callClientFunction(player, ""delegateEvent"", player, quest, ""processEventWaekbyrtStart"", <payload?>)",no_mutation_probe_only,high,scaffold can accept/complete/reward directly,"quest sequence before/after; owner actor/event name/type; recovered cutscene args=""exc20010""; 2; InitClassQuest wrapper: template can AcceptQuest, CompleteQuest, grant items, and AddExp directly; scene_log_only_no_accept_complete_reward_item_or_exp_mutation; Waekbyrt Start",,cutscene push/operator proof,Data\scripts\quests\exc\exc200.lua,outputs\quest-cutscene-push-matrix-atlas-20260630\recovered_cutscene_push_matrix.csv
quest_push_dependency_bundles,,exc300,110101,Two-man Crew,class,data_or_stub,cutscene_scaffold_route_probe=5,quest_bundle,110101,,,,,,,high,,,no-mutation scaffold route probe,cutscene push/operator proof,,
quest_push_operator_rows,104,exc300,110101,Two-man Crew,class,data_or_stub,cutscene_scaffold_route_probe,quest_cutscene,processEvent020,exc30020,scaffold_only_owner_recovered_probe_required,!testcutscene exc30020 delegate 2,,"callClientFunction(player, ""delegateEvent"", player, quest, ""processEvent020"", <payload?>)",no_mutation_probe_only,high,scaffold can accept/complete/reward directly,"quest sequence before/after; owner actor/event name/type; recovered cutscene args=""exc30020""; 2; InitClassQuest wrapper: template can AcceptQuest, CompleteQuest, grant items, and AddExp directly; scene_log_only_no_accept_complete_reward_item_or_exp_mutation",,cutscene push/operator proof,Data\scripts\quests\exc\exc300.lua,outputs\quest-cutscene-push-matrix-atlas-20260630\recovered_cutscene_push_matrix.csv
quest_push_operator_rows,104,exc300,110101,Two-man Crew,class,data_or_stub,cutscene_scaffold_route_probe,quest_cutscene,processEvent020,exc30020,scaffold_only_owner_recovered_probe_required,!testcutscene exc30020 delegate 2,,"callClientFunction(player, ""delegateEvent"", player, quest, ""processEvent020"", <payload?>)",no_mutation_probe_only,high,scaffold can accept/complete/reward directly,"quest sequence before/after; owner actor/event name/type; recovered cutscene args=""exc30020""; 2; InitClassQuest wrapper: template can AcceptQuest, CompleteQuest, grant items, and AddExp directly; scene_log_only_no_accept_complete_reward_item_or_exp_mutation",,cutscene push/operator proof,Data\scripts\quests\exc\exc300.lua,outputs\quest-cutscene-push-matrix-atlas-20260630\recovered_cutscene_push_matrix.csv
quest_push_operator_rows,104,exc300,110101,Two-man Crew,class,data_or_stub,cutscene_scaffold_route_probe,quest_cutscene,processEvent030,exc30030,scaffold_only_owner_recovered_probe_required,!testcutscene exc30030 delegate 1,,"callClientFunction(player, ""delegateEvent"", player, quest, ""processEvent030"", <payload?>)",no_mutation_probe_only,high,scaffold can accept/complete/reward directly,"quest sequence before/after; owner actor/event name/type; recovered cutscene args=""exc30030""; 1; InitClassQuest wrapper: template can AcceptQuest, CompleteQuest, grant items, and AddExp directly; scene_log_only_no_accept_complete_reward_item_or_exp_mutation",,cutscene push/operator proof,Data\scripts\quests\exc\exc300.lua,outputs\quest-cutscene-push-matrix-atlas-20260630\recovered_cutscene_push_matrix.csv
quest_push_operator_rows,104,exc300,110101,Two-man Crew,class,data_or_stub,cutscene_scaffold_route_probe,quest_cutscene,processEventWaekbyrtStart,exc30010,scaffold_only_owner_recovered_probe_required,!testcutscene exc30010 delegate 2,,"callClientFunction(player, ""delegateEvent"", player, quest, ""processEventWaekbyrtStart"", <payload?>)",no_mutation_probe_only,high,scaffold can accept/complete/reward directly,"quest sequence before/after; owner actor/event name/type; recovered cutscene args=""exc30010""; 2; InitClassQuest wrapper: template can AcceptQuest, CompleteQuest, grant items, and AddExp directly; scene_log_only_no_accept_complete_reward_item_or_exp_mutation; Waekbyrt Start",,cutscene push/operator proof,Data\scripts\quests\exc\exc300.lua,outputs\quest-cutscene-push-matrix-atlas-20260630\recovered_cutscene_push_matrix.csv
quest_push_operator_rows,104,exc300,110101,Two-man Crew,class,data_or_stub,cutscene_scaffold_route_probe,quest_cutscene,processEventWaekbyrtStart,exc30010,scaffold_only_owner_recovered_probe_required,!testcutscene exc30010 delegate 2,,"callClientFunction(player, ""delegateEvent"", player, quest, ""processEventWaekbyrtStart"", <payload?>)",no_mutation_probe_only,high,scaffold can accept/complete/reward directly,"quest sequence before/after; owner actor/event name/type; recovered cutscene args=""exc30010""; 2; InitClassQuest wrapper: template can AcceptQuest, CompleteQuest, grant items, and AddExp directly; scene_log_only_no_accept_complete_reward_item_or_exp_mutation; Waekbyrt Start",,cutscene push/operator proof,Data\scripts\quests\exc\exc300.lua,outputs\quest-cutscene-push-matrix-atlas-20260630\recovered_cutscene_push_matrix.csv
quest_push_dependency_bundles,,exc306,110102,Captain's Orders,class,data_or_stub,cutscene_scaffold_route_probe=7,quest_bundle,110102,,,,,,,high,,,no-mutation scaffold route probe,cutscene push/operator proof,,
quest_push_operator_rows,104,exc306,110102,Captain's Orders,class,data_or_stub,cutscene_scaffold_route_probe,quest_cutscene,processEvent010,exc30610,scaffold_only_owner_recovered_probe_required,!testcutscene exc30610 delegate 1,,"callClientFunction(player, ""delegateEvent"", player, quest, ""processEvent010"", <payload?>)",no_mutation_probe_only,high,scaffold can accept/complete/reward directly,"quest sequence before/after; owner actor/event name/type; recovered cutscene args=""exc30610""; 1; InitClassQuest wrapper: template can AcceptQuest, CompleteQuest, grant items, and AddExp directly; scene_log_only_no_accept_complete_reward_item_or_exp_mutation",,cutscene push/operator proof,Data\scripts\quests\exc\exc306.lua,outputs\quest-cutscene-push-matrix-atlas-20260630\recovered_cutscene_push_matrix.csv
quest_push_operator_rows,104,exc306,110102,Captain's Orders,class,data_or_stub,cutscene_scaffold_route_probe,quest_cutscene,processEvent020,exc30620,scaffold_only_owner_recovered_probe_required,!testcutscene exc30620 delegate 1,,"callClientFunction(player, ""delegateEvent"", player, quest, ""processEvent020"", <payload?>)",no_mutation_probe_only,high,scaffold can accept/complete/reward directly,"quest sequence before/after; owner actor/event name/type; recovered cutscene args=""exc30620""; 1; InitClassQuest wrapper: template can AcceptQuest, CompleteQuest, grant items, and AddExp directly; scene_log_only_no_accept_complete_reward_item_or_exp_mutation",,cutscene push/operator proof,Data\scripts\quests\exc\exc306.lua,outputs\quest-cutscene-push-matrix-atlas-20260630\recovered_cutscene_push_matrix.csv
quest_push_operator_rows,104,exc306,110102,Captain's Orders,class,data_or_stub,cutscene_scaffold_route_probe,quest_cutscene,processEvent030,exc30630,scaffold_only_owner_recovered_probe_required,!testcutscene exc30630 delegate 1,,"callClientFunction(player, ""delegateEvent"", player, quest, ""processEvent030"", <payload?>)",no_mutation_probe_only,high,scaffold can accept/complete/reward directly,"quest sequence before/after; owner actor/event name/type; recovered cutscene args=""exc30630""; 1; InitClassQuest wrapper: template can AcceptQuest, CompleteQuest, grant items, and AddExp directly; scene_log_only_no_accept_complete_reward_item_or_exp_mutation",,cutscene push/operator proof,Data\scripts\quests\exc\exc306.lua,outputs\quest-cutscene-push-matrix-atlas-20260630\recovered_cutscene_push_matrix.csv
quest_push_operator_rows,104,exc306,110102,Captain's Orders,class,data_or_stub,cutscene_scaffold_route_probe,quest_cutscene,processEvent040,exc30640,scaffold_only_owner_recovered_probe_required,!testcutscene exc30640 delegate 1,,"callClientFunction(player, ""delegateEvent"", player, quest, ""processEvent040"", <payload?>)",no_mutation_probe_only,high,scaffold can accept/complete/reward directly,"quest sequence before/after; owner actor/event name/type; recovered cutscene args=""exc30640""; 1; InitClassQuest wrapper: template can AcceptQuest, CompleteQuest, grant items, and AddExp directly; scene_log_only_no_accept_complete_reward_item_or_exp_mutation",,cutscene push/operator proof,Data\scripts\quests\exc\exc306.lua,outputs\quest-cutscene-push-matrix-atlas-20260630\recovered_cutscene_push_matrix.csv
quest_push_operator_rows,104,exc306,110102,Captain's Orders,class,data_or_stub,cutscene_scaffold_route_probe,quest_cutscene,processEvent050,exc30650,scaffold_only_owner_recovered_probe_required,!testcutscene exc30650 delegate 1,,"callClientFunction(player, ""delegateEvent"", player, quest, ""processEvent050"", <payload?>)",no_mutation_probe_only,high,scaffold can accept/complete/reward directly,"quest sequence before/after; owner actor/event name/type; recovered cutscene args=""exc30650""; 1; InitClassQuest wrapper: template can AcceptQuest, CompleteQuest, grant items, and AddExp directly; scene_log_only_no_accept_complete_reward_item_or_exp_mutation",,cutscene push/operator proof,Data\scripts\quests\exc\exc306.lua,outputs\quest-cutscene-push-matrix-atlas-20260630\recovered_cutscene_push_matrix.csv
quest_push_operator_rows,104,exc306,110102,Captain's Orders,class,data_or_stub,cutscene_scaffold_route_probe,quest_cutscene,processEvent060,exc30660,scaffold_only_owner_recovered_probe_required,!testcutscene exc30660 delegate 1,,"callClientFunction(player, ""delegateEvent"", player, quest, ""processEvent060"", <payload?>)",no_mutation_probe_only,high,scaffold can accept/complete/reward directly,"quest sequence before/after; owner actor/event name/type; recovered cutscene args=""exc30660""; 1; InitClassQuest wrapper: template can AcceptQuest, CompleteQuest, grant items, and AddExp directly; scene_log_only_no_accept_complete_reward_item_or_exp_mutation",,cutscene push/operator proof,Data\scripts\quests\exc\exc306.lua,outputs\quest-cutscene-push-matrix-atlas-20260630\recovered_cutscene_push_matrix.csv
quest_push_operator_rows,104,exc306,110102,Captain's Orders,class,data_or_stub,cutscene_scaffold_route_probe,quest_cutscene,processEvent070,exc30670,scaffold_only_owner_recovered_probe_required,!testcutscene exc30670 delegate 1,,"callClientFunction(player, ""delegateEvent"", player, quest, ""processEvent070"", <payload?>)",no_mutation_probe_only,high,scaffold can accept/complete/reward directly,"quest sequence before/after; owner actor/event name/type; recovered cutscene args=""exc30670""; 1; InitClassQuest wrapper: template can AcceptQuest, CompleteQuest, grant items, and AddExp directly; scene_log_only_no_accept_complete_reward_item_or_exp_mutation",,cutscene push/operator proof,Data\scripts\quests\exc\exc306.lua,outputs\quest-cutscene-push-matrix-atlas-20260630\recovered_cutscene_push_matrix.csv
quest_push_dependency_bundles,,fsh200,110500,To Fight a Fishback,class,data_or_stub,cutscene_scaffold_route_probe=2,quest_bundle,110500,,,,,,,high,,,no-mutation scaffold route probe,cutscene push/operator proof,,
quest_push_operator_rows,104,fsh200,110500,To Fight a Fishback,class,data_or_stub,cutscene_scaffold_route_probe,quest_cutscene,processEvent010,fsh20010,scaffold_only_owner_recovered_probe_required,!testcutscene fsh20010 delegate 1,,"callClientFunction(player, ""delegateEvent"", player, quest, ""processEvent010"", <payload?>)",no_mutation_probe_only,high,scaffold can accept/complete/reward directly,"quest sequence before/after; owner actor/event name/type; recovered cutscene args=""fsh20010""; 1; InitClassQuest wrapper: template can AcceptQuest, CompleteQuest, grant items, and AddExp directly; scene_log_only_no_accept_complete_reward_item_or_exp_mutation",,cutscene push/operator proof,Data\scripts\quests\fsh\fsh200.lua,outputs\quest-cutscene-push-matrix-atlas-20260630\recovered_cutscene_push_matrix.csv
quest_push_operator_rows,104,fsh200,110500,To Fight a Fishback,class,data_or_stub,cutscene_scaffold_route_probe,quest_cutscene,processEvent020,fsh20020,scaffold_only_owner_recovered_probe_required,!testcutscene fsh20020 delegate 1,,"callClientFunction(player, ""delegateEvent"", player, quest, ""processEvent020"", <payload?>)",no_mutation_probe_only,high,scaffold can accept/complete/reward directly,"quest sequence before/after; owner actor/event name/type; recovered cutscene args=""fsh20020""; 1; InitClassQuest wrapper: template can AcceptQuest, CompleteQuest, grant items, and AddExp directly; scene_log_only_no_accept_complete_reward_item_or_exp_mutation",,cutscene push/operator proof,Data\scripts\quests\fsh\fsh200.lua,outputs\quest-cutscene-push-matrix-atlas-20260630\recovered_cutscene_push_matrix.csv
quest_push_dependency_bundles,,fsh300,110501,The Beast of the Barrel,class,data_or_stub,cutscene_scaffold_route_probe=8,quest_bundle,110501,,,,,,,high,,,no-mutation scaffold route probe,cutscene push/operator proof,,
quest_push_operator_rows,104,fsh300,110501,The Beast of the Barrel,class,data_or_stub,cutscene_scaffold_route_probe,quest_cutscene,processEvent010,fsh30010,scaffold_only_owner_recovered_probe_required,!testcutscene fsh30010 delegate 1,,"callClientFunction(player, ""delegateEvent"", player, quest, ""processEvent010"", <payload?>)",no_mutation_probe_only,high,scaffold can accept/complete/reward directly,"quest sequence before/after; owner actor/event name/type; recovered cutscene args=""fsh30010""; 1; L4_11; InitClassQuest wrapper: template can AcceptQuest, CompleteQuest, grant items, and AddExp directly; scene_log_only_no_accept_complete_reward_item_or_exp_mutation",,cutscene push/operator proof,Data\scripts\quests\fsh\fsh300.lua,outputs\quest-cutscene-push-matrix-atlas-20260630\recovered_cutscene_push_matrix.csv
quest_push_operator_rows,104,fsh300,110501,The Beast of the Barrel,class,data_or_stub,cutscene_scaffold_route_probe,quest_cutscene,processEvent020,fsh30020,scaffold_only_owner_recovered_probe_required,!testcutscene fsh30020 delegate 1,,"callClientFunction(player, ""delegateEvent"", player, quest, ""processEvent020"", <payload?>)",no_mutation_probe_only,high,scaffold can accept/complete/reward directly,"quest sequence before/after; owner actor/event name/type; recovered cutscene args=""fsh30020""; 1; InitClassQuest wrapper: template can AcceptQuest, CompleteQuest, grant items, and AddExp directly; scene_log_only_no_accept_complete_reward_item_or_exp_mutation",,cutscene push/operator proof,Data\scripts\quests\fsh\fsh300.lua,outputs\quest-cutscene-push-matrix-atlas-20260630\recovered_cutscene_push_matrix.csv
quest_push_operator_rows,104,fsh300,110501,The Beast of the Barrel,class,data_or_stub,cutscene_scaffold_route_probe,quest_cutscene,processEvent025,fsh30025,scaffold_only_owner_recovered_probe_required,!testcutscene fsh30025 delegate 1,,"callClientFunction(player, ""delegateEvent"", player, quest, ""processEvent025"", <payload?>)",no_mutation_probe_only,high,scaffold can accept/complete/reward directly,"quest sequence before/after; owner actor/event name/type; recovered cutscene args=""fsh30025""; 1; InitClassQuest wrapper: template can AcceptQuest, CompleteQuest, grant items, and AddExp directly; scene_log_only_no_accept_complete_reward_item_or_exp_mutation",,cutscene push/operator proof,Data\scripts\quests\fsh\fsh300.lua,outputs\quest-cutscene-push-matrix-atlas-20260630\recovered_cutscene_push_matrix.csv
quest_push_operator_rows,104,fsh300,110501,The Beast of the Barrel,class,data_or_stub,cutscene_scaffold_route_probe,quest_cutscene,processEvent030,fsh30030,scaffold_only_owner_recovered_probe_required,!testcutscene fsh30030 delegate 1,,"callClientFunction(player, ""delegateEvent"", player, quest, ""processEvent030"", <payload?>)",no_mutation_probe_only,high,scaffold can accept/complete/reward directly,"quest sequence before/after; owner actor/event name/type; recovered cutscene args=""fsh30030""; 1; InitClassQuest wrapper: template can AcceptQuest, CompleteQuest, grant items, and AddExp directly; scene_log_only_no_accept_complete_reward_item_or_exp_mutation",,cutscene push/operator proof,Data\scripts\quests\fsh\fsh300.lua,outputs\quest-cutscene-push-matrix-atlas-20260630\recovered_cutscene_push_matrix.csv
quest_push_operator_rows,104,fsh300,110501,The Beast of the Barrel,class,data_or_stub,cutscene_scaffold_route_probe,quest_cutscene,processEvent040,fsh30040,scaffold_only_owner_recovered_probe_required,!testcutscene fsh30040 delegate 1,,"callClientFunction(player, ""delegateEvent"", player, quest, ""processEvent040"", <payload?>)",no_mutation_probe_only,high,scaffold can accept/complete/reward directly,"quest sequence before/after; owner actor/event name/type; recovered cutscene args=""fsh30040""; 1; InitClassQuest wrapper: template can AcceptQuest, CompleteQuest, grant items, and AddExp directly; scene_log_only_no_accept_complete_reward_item_or_exp_mutation",,cutscene push/operator proof,Data\scripts\quests\fsh\fsh300.lua,outputs\quest-cutscene-push-matrix-atlas-20260630\recovered_cutscene_push_matrix.csv
quest_push_operator_rows,104,fsh300,110501,The Beast of the Barrel,class,data_or_stub,cutscene_scaffold_route_probe,quest_cutscene,processEvent050,fsh30050,scaffold_only_owner_recovered_probe_required,!testcutscene fsh30050 delegate 1,,"callClientFunction(player, ""delegateEvent"", player, quest, ""processEvent050"", <payload?>)",no_mutation_probe_only,high,scaffold can accept/complete/reward directly,"quest sequence before/after; owner actor/event name/type; recovered cutscene args=""fsh30050""; 1; InitClassQuest wrapper: template can AcceptQuest, CompleteQuest, grant items, and AddExp directly; scene_log_only_no_accept_complete_reward_item_or_exp_mutation",,cutscene push/operator proof,Data\scripts\quests\fsh\fsh300.lua,outputs\quest-cutscene-push-matrix-atlas-20260630\recovered_cutscene_push_matrix.csv
quest_push_operator_rows,104,fsh300,110501,The Beast of the Barrel,class,data_or_stub,cutscene_scaffold_route_probe,quest_cutscene,processEvent060,fsh30060,scaffold_only_owner_recovered_probe_required,!testcutscene fsh30060 delegate 1,,"callClientFunction(player, ""delegateEvent"", player, quest, ""processEvent060"", <payload?>)",no_mutation_probe_only,high,scaffold can accept/complete/reward directly,"quest sequence before/after; owner actor/event name/type; recovered cutscene args=""fsh30060""; 1; InitClassQuest wrapper: template can AcceptQuest, CompleteQuest, grant items, and AddExp directly; scene_log_only_no_accept_complete_reward_item_or_exp_mutation",,cutscene push/operator proof,Data\scripts\quests\fsh\fsh300.lua,outputs\quest-cutscene-push-matrix-atlas-20260630\recovered_cutscene_push_matrix.csv
quest_push_operator_rows,104,fsh300,110501,The Beast of the Barrel,class,data_or_stub,cutscene_scaffold_route_probe,quest_cutscene,processEvent070,fsh30070,scaffold_only_owner_recovered_probe_required,!testcutscene fsh30070 delegate 1,,"callClientFunction(player, ""delegateEvent"", player, quest, ""processEvent070"", <payload?>)",no_mutation_probe_only,high,scaffold can accept/complete/reward directly,"quest sequence before/after; owner actor/event name/type; recovered cutscene args=""fsh30070""; 1; InitClassQuest wrapper: template can AcceptQuest, CompleteQuest, grant items, and AddExp directly; scene_log_only_no_accept_complete_reward_item_or_exp_mutation",,cutscene push/operator proof,Data\scripts\quests\fsh\fsh300.lua,outputs\quest-cutscene-push-matrix-atlas-20260630\recovered_cutscene_push_matrix.csv
quest_push_dependency_bundles,,fsh306,110502,Polishing the Mast,class,data_or_stub,cutscene_scaffold_route_probe=6,quest_bundle,110502,,,,,,,high,,,no-mutation scaffold route probe,cutscene push/operator proof,,
quest_push_operator_rows,104,fsh306,110502,Polishing the Mast,class,data_or_stub,cutscene_scaffold_route_probe,quest_cutscene,processEvent010,fsh30610,scaffold_only_owner_recovered_probe_required,!testcutscene fsh30610 delegate 1,,"callClientFunction(player, ""delegateEvent"", player, quest, ""processEvent010"", <payload?>)",no_mutation_probe_only,high,scaffold can accept/complete/reward directly,"quest sequence before/after; owner actor/event name/type; recovered cutscene args=""fsh30610""; 1; InitClassQuest wrapper: template can AcceptQuest, CompleteQuest, grant items, and AddExp directly; scene_log_only_no_accept_complete_reward_item_or_exp_mutation",,cutscene push/operator proof,Data\scripts\quests\fsh\fsh306.lua,outputs\quest-cutscene-push-matrix-atlas-20260630\recovered_cutscene_push_matrix.csv
quest_push_operator_rows,104,fsh306,110502,Polishing the Mast,class,data_or_stub,cutscene_scaffold_route_probe,quest_cutscene,processEvent020,fsh30620,scaffold_only_owner_recovered_probe_required,!testcutscene fsh30620 delegate 1,,"callClientFunction(player, ""delegateEvent"", player, quest, ""processEvent020"", <payload?>)",no_mutation_probe_only,high,scaffold can accept/complete/reward directly,"quest sequence before/after; owner actor/event name/type; recovered cutscene args=""fsh30620""; 1; InitClassQuest wrapper: template can AcceptQuest, CompleteQuest, grant items, and AddExp directly; scene_log_only_no_accept_complete_reward_item_or_exp_mutation",,cutscene push/operator proof,Data\scripts\quests\fsh\fsh306.lua,outputs\quest-cutscene-push-matrix-atlas-20260630\recovered_cutscene_push_matrix.csv
quest_push_operator_rows,104,fsh306,110502,Polishing the Mast,class,data_or_stub,cutscene_scaffold_route_probe,quest_cutscene,processEvent030,fsh30630,scaffold_only_owner_recovered_probe_required,!testcutscene fsh30630 delegate 1,,"callClientFunction(player, ""delegateEvent"", player, quest, ""processEvent030"", <payload?>)",no_mutation_probe_only,high,scaffold can accept/complete/reward directly,"quest sequence before/after; owner actor/event name/type; recovered cutscene args=""fsh30630""; 1; InitClassQuest wrapper: template can AcceptQuest, CompleteQuest, grant items, and AddExp directly; scene_log_only_no_accept_complete_reward_item_or_exp_mutation",,cutscene push/operator proof,Data\scripts\quests\fsh\fsh306.lua,outputs\quest-cutscene-push-matrix-atlas-20260630\recovered_cutscene_push_matrix.csv
quest_push_operator_rows,104,fsh306,110502,Polishing the Mast,class,data_or_stub,cutscene_scaffold_route_probe,quest_cutscene,processEvent040,fsh30640,scaffold_only_owner_recovered_probe_required,!testcutscene fsh30640 delegate 1,,"callClientFunction(player, ""delegateEvent"", player, quest, ""processEvent040"", <payload?>)",no_mutation_probe_only,high,scaffold can accept/complete/reward directly,"quest sequence before/after; owner actor/event name/type; recovered cutscene args=""fsh30640""; 1; InitClassQuest wrapper: template can AcceptQuest, CompleteQuest, grant items, and AddExp directly; scene_log_only_no_accept_complete_reward_item_or_exp_mutation; A2_99",,cutscene push/operator proof,Data\scripts\quests\fsh\fsh306.lua,outputs\quest-cutscene-push-matrix-atlas-20260630\recovered_cutscene_push_matrix.csv
quest_push_operator_rows,104,fsh306,110502,Polishing the Mast,class,data_or_stub,cutscene_scaffold_route_probe,quest_cutscene,processEvent050,fsh30650,scaffold_only_owner_recovered_probe_required,!testcutscene fsh30650 delegate 1,,"callClientFunction(player, ""delegateEvent"", player, quest, ""processEvent050"", <payload?>)",no_mutation_probe_only,high,scaffold can accept/complete/reward directly,"quest sequence before/after; owner actor/event name/type; recovered cutscene args=""fsh30650""; 1; InitClassQuest wrapper: template can AcceptQuest, CompleteQuest, grant items, and AddExp directly; scene_log_only_no_accept_complete_reward_item_or_exp_mutation; A2_102",,cutscene push/operator proof,Data\scripts\quests\fsh\fsh306.lua,outputs\quest-cutscene-push-matrix-atlas-20260630\recovered_cutscene_push_matrix.csv
quest_push_operator_rows,104,fsh306,110502,Polishing the Mast,class,data_or_stub,cutscene_scaffold_route_probe,quest_cutscene,processEvent060,fsh30660,scaffold_only_owner_recovered_probe_required,!testcutscene fsh30660 delegate 1,,"callClientFunction(player, ""delegateEvent"", player, quest, ""processEvent060"", <payload?>)",no_mutation_probe_only,high,scaffold can accept/complete/reward directly,"quest sequence before/after; owner actor/event name/type; recovered cutscene args=""fsh30660""; 1; InitClassQuest wrapper: template can AcceptQuest, CompleteQuest, grant items, and AddExp directly; scene_log_only_no_accept_complete_reward_item_or_exp_mutation; A2_108",,cutscene push/operator proof,Data\scripts\quests\fsh\fsh306.lua,outputs\quest-cutscene-push-matrix-atlas-20260630\recovered_cutscene_push_matrix.csv
quest_push_dependency_bundles,,gla200,110080,All Bark and No Bite,class,data_or_stub,cutscene_scaffold_route_probe=3,quest_bundle,110080,,,,,,,high,,,no-mutation scaffold route probe,cutscene push/operator proof,,
quest_push_operator_rows,104,gla200,110080,All Bark and No Bite,class,data_or_stub,cutscene_scaffold_route_probe,quest_cutscene,processEvent010,gla20010,scaffold_only_owner_recovered_probe_required,!testcutscene gla20010 delegate 1,,"callClientFunction(player, ""delegateEvent"", player, quest, ""processEvent010"", <payload?>)",no_mutation_probe_only,high,scaffold can accept/complete/reward directly,"quest sequence before/after; owner actor/event name/type; recovered cutscene args=""gla20010""; 1; InitClassQuest wrapper: template can AcceptQuest, CompleteQuest, grant items, and AddExp directly; scene_log_only_no_accept_complete_reward_item_or_exp_mutation",,cutscene push/operator proof,Data\scripts\quests\gla\gla200.lua,outputs\quest-cutscene-push-matrix-atlas-20260630\recovered_cutscene_push_matrix.csv
quest_push_operator_rows,104,gla200,110080,All Bark and No Bite,class,data_or_stub,cutscene_scaffold_route_probe,quest_cutscene,processEvent020,gla20020,scaffold_only_owner_recovered_probe_required,!testcutscene gla20020 delegate 1,,"callClientFunction(player, ""delegateEvent"", player, quest, ""processEvent020"", <payload?>)",no_mutation_probe_only,high,scaffold can accept/complete/reward directly,"quest sequence before/after; owner actor/event name/type; recovered cutscene args=""gla20020""; 1; InitClassQuest wrapper: template can AcceptQuest, CompleteQuest, grant items, and AddExp directly; scene_log_only_no_accept_complete_reward_item_or_exp_mutation",,cutscene push/operator proof,Data\scripts\quests\gla\gla200.lua,outputs\quest-cutscene-push-matrix-atlas-20260630\recovered_cutscene_push_matrix.csv
quest_push_operator_rows,104,gla200,110080,All Bark and No Bite,class,data_or_stub,cutscene_scaffold_route_probe,quest_cutscene,processEvent030,gla20030,scaffold_only_owner_recovered_probe_required,!testcutscene gla20030 delegate 1,,"callClientFunction(player, ""delegateEvent"", player, quest, ""processEvent030"", <payload?>)",no_mutation_probe_only,high,scaffold can accept/complete/reward directly,"quest sequence before/after; owner actor/event name/type; recovered cutscene args=""gla20030""; 1; InitClassQuest wrapper: template can AcceptQuest, CompleteQuest, grant items, and AddExp directly; scene_log_only_no_accept_complete_reward_item_or_exp_mutation",,cutscene push/operator proof,Data\scripts\quests\gla\gla200.lua,outputs\quest-cutscene-push-matrix-atlas-20260630\recovered_cutscene_push_matrix.csv
quest_push_dependency_bundles,,gla300,110081,Unalienable Rights,class,data_or_stub,cutscene_scaffold_route_probe=9,quest_bundle,110081,,,,,,,high,,,no-mutation scaffold route probe,cutscene push/operator proof,,
quest_push_operator_rows,104,gla300,110081,Unalienable Rights,class,data_or_stub,cutscene_scaffold_route_probe,quest_cutscene,processEvent020,gla30020,scaffold_only_owner_recovered_probe_required,!testcutscene gla30020 delegate 1,,"callClientFunction(player, ""delegateEvent"", player, quest, ""processEvent020"", <payload?>)",no_mutation_probe_only,high,scaffold can accept/complete/reward directly,"quest sequence before/after; owner actor/event name/type; recovered cutscene args=""gla30020""; 1; InitClassQuest wrapper: template can AcceptQuest, CompleteQuest, grant items, and AddExp directly; scene_log_only_no_accept_complete_reward_item_or_exp_mutation; Lulutsu / scaffold actor 1300018, accept_reward_only",,cutscene push/operator proof,Data\scripts\quests\gla\gla300.lua,outputs\quest-cutscene-push-matrix-atlas-20260630\recovered_cutscene_push_matrix.csv
quest_push_operator_rows,104,gla300,110081,Unalienable Rights,class,data_or_stub,cutscene_scaffold_route_probe,quest_cutscene,processEvent030,gla30030,scaffold_only_owner_recovered_probe_required,!testcutscene gla30030 delegate 1,,"callClientFunction(player, ""delegateEvent"", player, quest, ""processEvent030"", <payload?>)",no_mutation_probe_only,high,scaffold can accept/complete/reward directly,"quest sequence before/after; owner actor/event name/type; recovered cutscene args=""gla30030""; 1; InitClassQuest wrapper: template can AcceptQuest, CompleteQuest, grant items, and AddExp directly; scene_log_only_no_accept_complete_reward_item_or_exp_mutation; Lulutsu / scaffold actor 1300018, accept_reward_only",,cutscene push/operator proof,Data\scripts\quests\gla\gla300.lua,outputs\quest-cutscene-push-matrix-atlas-20260630\recovered_cutscene_push_matrix.csv
quest_push_operator_rows,104,gla300,110081,Unalienable Rights,class,data_or_stub,cutscene_scaffold_route_probe,quest_cutscene,processEvent040,gla30040,scaffold_only_owner_recovered_probe_required,!testcutscene gla30040 delegate 1,,"callClientFunction(player, ""delegateEvent"", player, quest, ""processEvent040"", <payload?>)",no_mutation_probe_only,high,scaffold can accept/complete/reward directly,"quest sequence before/after; owner actor/event name/type; recovered cutscene args=""gla30040""; 1; InitClassQuest wrapper: template can AcceptQuest, CompleteQuest, grant items, and AddExp directly; scene_log_only_no_accept_complete_reward_item_or_exp_mutation; Lulutsu / scaffold actor 1300018, accept_reward_only",,cutscene push/operator proof,Data\scripts\quests\gla\gla300.lua,outputs\quest-cutscene-push-matrix-atlas-20260630\recovered_cutscene_push_matrix.csv
quest_push_operator_rows,104,gla300,110081,Unalienable Rights,class,data_or_stub,cutscene_scaffold_route_probe,quest_cutscene,processEvent050,gla30050,scaffold_only_owner_recovered_probe_required,!testcutscene gla30050 delegate 1,,"callClientFunction(player, ""delegateEvent"", player, quest, ""processEvent050"", <payload?>)",no_mutation_probe_only,high,scaffold can accept/complete/reward directly,"quest sequence before/after; owner actor/event name/type; recovered cutscene args=""gla30050""; 1; InitClassQuest wrapper: template can AcceptQuest, CompleteQuest, grant items, and AddExp directly; scene_log_only_no_accept_complete_reward_item_or_exp_mutation; Lulutsu / scaffold actor 1300018, accept_reward_only",,cutscene push/operator proof,Data\scripts\quests\gla\gla300.lua,outputs\quest-cutscene-push-matrix-atlas-20260630\recovered_cutscene_push_matrix.csv
quest_push_operator_rows,104,gla300,110081,Unalienable Rights,class,data_or_stub,cutscene_scaffold_route_probe,quest_cutscene,processEvent060,gla30060,scaffold_only_owner_recovered_probe_required,!testcutscene gla30060 delegate 1,,"callClientFunction(player, ""delegateEvent"", player, quest, ""processEvent060"", <payload?>)",no_mutation_probe_only,high,scaffold can accept/complete/reward directly,"quest sequence before/after; owner actor/event name/type; recovered cutscene args=""gla30060""; 1; InitClassQuest wrapper: template can AcceptQuest, CompleteQuest, grant items, and AddExp directly; scene_log_only_no_accept_complete_reward_item_or_exp_mutation; Lulutsu / scaffold actor 1300018, accept_reward_only",,cutscene push/operator proof,Data\scripts\quests\gla\gla300.lua,outputs\quest-cutscene-push-matrix-atlas-20260630\recovered_cutscene_push_matrix.csv
quest_push_operator_rows,104,gla300,110081,Unalienable Rights,class,data_or_stub,cutscene_scaffold_route_probe,quest_cutscene,processEvent070,gla30070,scaffold_only_owner_recovered_probe_required,!testcutscene gla30070 delegate 1,,"callClientFunction(player, ""delegateEvent"", player, quest, ""processEvent070"", <payload?>)",no_mutation_probe_only,high,scaffold can accept/complete/reward directly,"quest sequence before/after; owner actor/event name/type; recovered cutscene args=""gla30070""; 1; InitClassQuest wrapper: template can AcceptQuest, CompleteQuest, grant items, and AddExp directly; scene_log_only_no_accept_complete_reward_item_or_exp_mutation; Lulutsu / scaffold actor 1300018, accept_reward_only",,cutscene push/operator proof,Data\scripts\quests\gla\gla300.lua,outputs\quest-cutscene-push-matrix-atlas-20260630\recovered_cutscene_push_matrix.csv
quest_push_operator_rows,104,gla300,110081,Unalienable Rights,class,data_or_stub,cutscene_scaffold_route_probe,quest_cutscene,processEvent080,gla30080,scaffold_only_owner_recovered_probe_required,!testcutscene gla30080 delegate 1,,"callClientFunction(player, ""delegateEvent"", player, quest, ""processEvent080"", <payload?>)",no_mutation_probe_only,high,scaffold can accept/complete/reward directly,"quest sequence before/after; owner actor/event name/type; recovered cutscene args=""gla30080""; 1; InitClassQuest wrapper: template can AcceptQuest, CompleteQuest, grant items, and AddExp directly; scene_log_only_no_accept_complete_reward_item_or_exp_mutation; Lulutsu / scaffold actor 1300018, accept_reward_only",,cutscene push/operator proof,Data\scripts\quests\gla\gla300.lua,outputs\quest-cutscene-push-matrix-atlas-20260630\recovered_cutscene_push_matrix.csv
quest_push_operator_rows,104,gla300,110081,Unalienable Rights,class,data_or_stub,cutscene_scaffold_route_probe,quest_cutscene,processEventLulutsuStart,gla30010,scaffold_only_owner_recovered_probe_required,!testcutscene gla30010 delegate 2,,"callClientFunction(player, ""delegateEvent"", player, quest, ""processEventLulutsuStart"", <payload?>)",no_mutation_probe_only,high,scaffold can accept/complete/reward directly,"quest sequence before/after; owner actor/event name/type; recovered cutscene args=""gla30010""; 2; InitClassQuest wrapper: template can AcceptQuest, CompleteQuest, grant items, and AddExp directly; scene_log_only_no_accept_complete_reward_item_or_exp_mutation; Lulutsu Start",,cutscene push/operator proof,Data\scripts\quests\gla\gla300.lua,outputs\quest-cutscene-push-matrix-atlas-20260630\recovered_cutscene_push_matrix.csv
quest_push_operator_rows,104,gla300,110081,Unalienable Rights,class,data_or_stub,cutscene_scaffold_route_probe,quest_cutscene,processEventLulutsuStart,gla30010,scaffold_only_owner_recovered_probe_required,!testcutscene gla30010 delegate 2,,"callClientFunction(player, ""delegateEvent"", player, quest, ""processEventLulutsuStart"", <payload?>)",no_mutation_probe_only,high,scaffold can accept/complete/reward directly,"quest sequence before/after; owner actor/event name/type; recovered cutscene args=""gla30010""; 2; InitClassQuest wrapper: template can AcceptQuest, CompleteQuest, grant items, and AddExp directly; scene_log_only_no_accept_complete_reward_item_or_exp_mutation; Lulutsu Start",,cutscene push/operator proof,Data\scripts\quests\gla\gla300.lua,outputs\quest-cutscene-push-matrix-atlas-20260630\recovered_cutscene_push_matrix.csv
quest_push_dependency_bundles,,gla306,110082,Thrill of the Fight,class,data_or_stub,cutscene_scaffold_route_probe=6,quest_bundle,110082,,,,,,,high,,,no-mutation scaffold route probe,cutscene push/operator proof,,
quest_push_operator_rows,104,gla306,110082,Thrill of the Fight,class,data_or_stub,cutscene_scaffold_route_probe,quest_cutscene,processEvent010,gla30610,scaffold_only_owner_recovered_probe_required,!testcutscene gla30610 delegate 1,,"callClientFunction(player, ""delegateEvent"", player, quest, ""processEvent010"", <payload?>)",no_mutation_probe_only,high,scaffold can accept/complete/reward directly,"quest sequence before/after; owner actor/event name/type; recovered cutscene args=""gla30610""; 1; InitClassQuest wrapper: template can AcceptQuest, CompleteQuest, grant items, and AddExp directly; scene_log_only_no_accept_complete_reward_item_or_exp_mutation",,cutscene push/operator proof,Data\scripts\quests\gla\gla306.lua,outputs\quest-cutscene-push-matrix-atlas-20260630\recovered_cutscene_push_matrix.csv
quest_push_operator_rows,104,gla306,110082,Thrill of the Fight,class,data_or_stub,cutscene_scaffold_route_probe,quest_cutscene,processEvent020,gla30620,scaffold_only_owner_recovered_probe_required,!testcutscene gla30620 delegate 1,,"callClientFunction(player, ""delegateEvent"", player, quest, ""processEvent020"", <payload?>)",no_mutation_probe_only,high,scaffold can accept/complete/reward directly,"quest sequence before/after; owner actor/event name/type; recovered cutscene args=""gla30620""; 1; InitClassQuest wrapper: template can AcceptQuest, CompleteQuest, grant items, and AddExp directly; scene_log_only_no_accept_complete_reward_item_or_exp_mutation",,cutscene push/operator proof,Data\scripts\quests\gla\gla306.lua,outputs\quest-cutscene-push-matrix-atlas-20260630\recovered_cutscene_push_matrix.csv
quest_push_operator_rows,104,gla306,110082,Thrill of the Fight,class,data_or_stub,cutscene_scaffold_route_probe,quest_cutscene,processEvent020_999,gla30615,scaffold_only_owner_recovered_probe_required,!testcutscene gla30615 delegate 1,,"callClientFunction(player, ""delegateEvent"", player, quest, ""processEvent020_999"", <payload?>)",no_mutation_probe_only,high,scaffold can accept/complete/reward directly,"quest sequence before/after; owner actor/event name/type; recovered cutscene args=""gla30615""; 1; InitClassQuest wrapper: template can AcceptQuest, CompleteQuest, grant items, and AddExp directly; scene_log_only_no_accept_complete_reward_item_or_exp_mutation",,cutscene push/operator proof,Data\scripts\quests\gla\gla306.lua,outputs\quest-cutscene-push-matrix-atlas-20260630\recovered_cutscene_push_matrix.csv
quest_push_operator_rows,104,gla306,110082,Thrill of the Fight,class,data_or_stub,cutscene_scaffold_route_probe,quest_cutscene,processEvent030,gla30630,scaffold_only_owner_recovered_probe_required,!testcutscene gla30630 delegate 1,,"callClientFunction(player, ""delegateEvent"", player, quest, ""processEvent030"", <payload?>)",no_mutation_probe_only,high,scaffold can accept/complete/reward directly,"quest sequence before/after; owner actor/event name/type; recovered cutscene args=""gla30630""; 1; InitClassQuest wrapper: template can AcceptQuest, CompleteQuest, grant items, and AddExp directly; scene_log_only_no_accept_complete_reward_item_or_exp_mutation",,cutscene push/operator proof,Data\scripts\quests\gla\gla306.lua,outputs\quest-cutscene-push-matrix-atlas-20260630\recovered_cutscene_push_matrix.csv
quest_push_operator_rows,104,gla306,110082,Thrill of the Fight,class,data_or_stub,cutscene_scaffold_route_probe,quest_cutscene,processEvent040,gla30640,scaffold_only_owner_recovered_probe_required,!testcutscene gla30640 delegate 1,,"callClientFunction(player, ""delegateEvent"", player, quest, ""processEvent040"", <payload?>)",no_mutation_probe_only,high,scaffold can accept/complete/reward directly,"quest sequence before/after; owner actor/event name/type; recovered cutscene args=""gla30640""; 1; InitClassQuest wrapper: template can AcceptQuest, CompleteQuest, grant items, and AddExp directly; scene_log_only_no_accept_complete_reward_item_or_exp_mutation",,cutscene push/operator proof,Data\scripts\quests\gla\gla306.lua,outputs\quest-cutscene-push-matrix-atlas-20260630\recovered_cutscene_push_matrix.csv
quest_push_operator_rows,104,gla306,110082,Thrill of the Fight,class,data_or_stub,cutscene_scaffold_route_probe,quest_cutscene,processEvent050,gla30650,scaffold_only_owner_recovered_probe_required,!testcutscene gla30650 delegate 1,,"callClientFunction(player, ""delegateEvent"", player, quest, ""processEvent050"", <payload?>)",no_mutation_probe_only,high,scaffold can accept/complete/reward directly,"quest sequence before/after; owner actor/event name/type; recovered cutscene args=""gla30650""; 1; InitClassQuest wrapper: template can AcceptQuest, CompleteQuest, grant items, and AddExp directly; scene_log_only_no_accept_complete_reward_item_or_exp_mutation",,cutscene push/operator proof,Data\scripts\quests\gla\gla306.lua,outputs\quest-cutscene-push-matrix-atlas-20260630\recovered_cutscene_push_matrix.csv
quest_push_dependency_bundles,,gld200,110360,She Walks in Beauty,class,data_or_stub,cutscene_scaffold_route_probe=4,quest_bundle,110360,,,,,,,high,,,no-mutation scaffold route probe,cutscene push/operator proof,,
quest_push_operator_rows,104,gld200,110360,She Walks in Beauty,class,data_or_stub,cutscene_scaffold_route_probe,quest_cutscene,processEvent020,gld20020,scaffold_only_owner_recovered_probe_required,!testcutscene gld20020 delegate 1,,"callClientFunction(player, ""delegateEvent"", player, quest, ""processEvent020"", <payload?>)",no_mutation_probe_only,high,scaffold can accept/complete/reward directly,"quest sequence before/after; owner actor/event name/type; recovered cutscene args=""gld20020""; 1; InitClassQuest wrapper: template can AcceptQuest, CompleteQuest, grant items, and AddExp directly; scene_log_only_no_accept_complete_reward_item_or_exp_mutation",,cutscene push/operator proof,Data\scripts\quests\gld\gld200.lua,outputs\quest-cutscene-push-matrix-atlas-20260630\recovered_cutscene_push_matrix.csv
quest_push_operator_rows,104,gld200,110360,She Walks in Beauty,class,data_or_stub,cutscene_scaffold_route_probe,quest_cutscene,processEvent030,gld20030,scaffold_only_owner_recovered_probe_required,!testcutscene gld20030 delegate 1,,"callClientFunction(player, ""delegateEvent"", player, quest, ""processEvent030"", <payload?>)",no_mutation_probe_only,high,scaffold can accept/complete/reward directly,"quest sequence before/after; owner actor/event name/type; recovered cutscene args=""gld20030""; 1; InitClassQuest wrapper: template can AcceptQuest, CompleteQuest, grant items, and AddExp directly; scene_log_only_no_accept_complete_reward_item_or_exp_mutation",,cutscene push/operator proof,Data\scripts\quests\gld\gld200.lua,outputs\quest-cutscene-push-matrix-atlas-20260630\recovered_cutscene_push_matrix.csv
quest_push_operator_rows,104,gld200,110360,She Walks in Beauty,class,data_or_stub,cutscene_scaffold_route_probe,quest_cutscene,processEvent040,gld20040,scaffold_only_owner_recovered_probe_required,!testcutscene gld20040 delegate 1,,"callClientFunction(player, ""delegateEvent"", player, quest, ""processEvent040"", <payload?>)",no_mutation_probe_only,high,scaffold can accept/complete/reward directly,"quest sequence before/after; owner actor/event name/type; recovered cutscene args=""gld20040""; 1; InitClassQuest wrapper: template can AcceptQuest, CompleteQuest, grant items, and AddExp directly; scene_log_only_no_accept_complete_reward_item_or_exp_mutation",,cutscene push/operator proof,Data\scripts\quests\gld\gld200.lua,outputs\quest-cutscene-push-matrix-atlas-20260630\recovered_cutscene_push_matrix.csv
quest_push_operator_rows,104,gld200,110360,She Walks in Beauty,class,data_or_stub,cutscene_scaffold_route_probe,quest_cutscene,processEvent050,gld20050,scaffold_only_owner_recovered_probe_required,!testcutscene gld20050 delegate 1,,"callClientFunction(player, ""delegateEvent"", player, quest, ""processEvent050"", <payload?>)",no_mutation_probe_only,high,scaffold can accept/complete/reward directly,"quest sequence before/after; owner actor/event name/type; recovered cutscene args=""gld20050""; 1; InitClassQuest wrapper: template can AcceptQuest, CompleteQuest, grant items, and AddExp directly; scene_log_only_no_accept_complete_reward_item_or_exp_mutation",,cutscene push/operator proof,Data\scripts\quests\gld\gld200.lua,outputs\quest-cutscene-push-matrix-atlas-20260630\recovered_cutscene_push_matrix.csv
quest_push_dependency_bundles,,gld300,110361,F'lhaminn's Flower,class,data_or_stub,cutscene_scaffold_route_probe=6,quest_bundle,110361,,,,,,,high,,,no-mutation scaffold route probe,cutscene push/operator proof,,
quest_push_operator_rows,104,gld300,110361,F'lhaminn's Flower,class,data_or_stub,cutscene_scaffold_route_probe,quest_cutscene,processEvent020,gld30020,scaffold_only_owner_recovered_probe_required,!testcutscene gld30020 delegate 1,,"callClientFunction(player, ""delegateEvent"", player, quest, ""processEvent020"", <payload?>)",no_mutation_probe_only,high,scaffold can accept/complete/reward directly,"quest sequence before/after; owner actor/event name/type; recovered cutscene args=""gld30020""; 1; true; A3_7; InitClassQuest wrapper: template can AcceptQuest, CompleteQuest, grant items, and AddExp directly; scene_log_only_no_accept_complete_reward_item_or_exp_mutation",,cutscene push/operator proof,Data\scripts\quests\gld\gld300.lua,outputs\quest-cutscene-push-matrix-atlas-20260630\recovered_cutscene_push_matrix.csv
quest_push_operator_rows,104,gld300,110361,F'lhaminn's Flower,class,data_or_stub,cutscene_scaffold_route_probe,quest_cutscene,processEvent030,gld30030,scaffold_only_owner_recovered_probe_required,!testcutscene gld30030 delegate 1,,"callClientFunction(player, ""delegateEvent"", player, quest, ""processEvent030"", <payload?>)",no_mutation_probe_only,high,scaffold can accept/complete/reward directly,"quest sequence before/after; owner actor/event name/type; recovered cutscene args=""gld30030""; 1; InitClassQuest wrapper: template can AcceptQuest, CompleteQuest, grant items, and AddExp directly; scene_log_only_no_accept_complete_reward_item_or_exp_mutation",,cutscene push/operator proof,Data\scripts\quests\gld\gld300.lua,outputs\quest-cutscene-push-matrix-atlas-20260630\recovered_cutscene_push_matrix.csv
quest_push_operator_rows,104,gld300,110361,F'lhaminn's Flower,class,data_or_stub,cutscene_scaffold_route_probe,quest_cutscene,processEvent040,gld30040,scaffold_only_owner_recovered_probe_required,!testcutscene gld30040 delegate 1,,"callClientFunction(player, ""delegateEvent"", player, quest, ""processEvent040"", <payload?>)",no_mutation_probe_only,high,scaffold can accept/complete/reward directly,"quest sequence before/after; owner actor/event name/type; recovered cutscene args=""gld30040""; 1; InitClassQuest wrapper: template can AcceptQuest, CompleteQuest, grant items, and AddExp directly; scene_log_only_no_accept_complete_reward_item_or_exp_mutation",,cutscene push/operator proof,Data\scripts\quests\gld\gld300.lua,outputs\quest-cutscene-push-matrix-atlas-20260630\recovered_cutscene_push_matrix.csv
quest_push_operator_rows,104,gld300,110361,F'lhaminn's Flower,class,data_or_stub,cutscene_scaffold_route_probe,quest_cutscene,processEvent050,gld30050,scaffold_only_owner_recovered_probe_required,!testcutscene gld30050 delegate 1,,"callClientFunction(player, ""delegateEvent"", player, quest, ""processEvent050"", <payload?>)",no_mutation_probe_only,high,scaffold can accept/complete/reward directly,"quest sequence before/after; owner actor/event name/type; recovered cutscene args=""gld30050""; 1; InitClassQuest wrapper: template can AcceptQuest, CompleteQuest, grant items, and AddExp directly; scene_log_only_no_accept_complete_reward_item_or_exp_mutation",,cutscene push/operator proof,Data\scripts\quests\gld\gld300.lua,outputs\quest-cutscene-push-matrix-atlas-20260630\recovered_cutscene_push_matrix.csv
quest_push_operator_rows,104,gld300,110361,F'lhaminn's Flower,class,data_or_stub,cutscene_scaffold_route_probe,quest_cutscene,processEvent060,gld30060,scaffold_only_owner_recovered_probe_required,!testcutscene gld30060 delegate 1,,"callClientFunction(player, ""delegateEvent"", player, quest, ""processEvent060"", <payload?>)",no_mutation_probe_only,high,scaffold can accept/complete/reward directly,"quest sequence before/after; owner actor/event name/type; recovered cutscene args=""gld30060""; 1; InitClassQuest wrapper: template can AcceptQuest, CompleteQuest, grant items, and AddExp directly; scene_log_only_no_accept_complete_reward_item_or_exp_mutation",,cutscene push/operator proof,Data\scripts\quests\gld\gld300.lua,outputs\quest-cutscene-push-matrix-atlas-20260630\recovered_cutscene_push_matrix.csv
quest_push_operator_rows,104,gld300,110361,F'lhaminn's Flower,class,data_or_stub,cutscene_scaffold_route_probe,quest_cutscene,processEvent080,gld30080,scaffold_only_owner_recovered_probe_required,!testcutscene gld30080 delegate 1,,"callClientFunction(player, ""delegateEvent"", player, quest, ""processEvent080"", <payload?>)",no_mutation_probe_only,high,scaffold can accept/complete/reward directly,"quest sequence before/after; owner actor/event name/type; recovered cutscene args=""gld30080""; 1; InitClassQuest wrapper: template can AcceptQuest, CompleteQuest, grant items, and AddExp directly; scene_log_only_no_accept_complete_reward_item_or_exp_mutation",,cutscene push/operator proof,Data\scripts\quests\gld\gld300.lua,outputs\quest-cutscene-push-matrix-atlas-20260630\recovered_cutscene_push_matrix.csv
quest_push_dependency_bundles,,gld306,110362,Struck Through the Heart,class,data_or_stub,cutscene_scaffold_route_probe=4,quest_bundle,110362,,,,,,,high,,,no-mutation scaffold route probe,cutscene push/operator proof,,
quest_push_operator_rows,104,gld306,110362,Struck Through the Heart,class,data_or_stub,cutscene_scaffold_route_probe,quest_cutscene,processEvent015,gld30615,scaffold_only_owner_recovered_probe_required,!testcutscene gld30615 delegate 1,,"callClientFunction(player, ""delegateEvent"", player, quest, ""processEvent015"", <payload?>)",no_mutation_probe_only,high,scaffold can accept/complete/reward directly,"quest sequence before/after; owner actor/event name/type; recovered cutscene args=""gld30615""; 1; InitClassQuest wrapper: template can AcceptQuest, CompleteQuest, grant items, and AddExp directly; scene_log_only_no_accept_complete_reward_item_or_exp_mutation",,cutscene push/operator proof,Data\scripts\quests\gld\gld306.lua,outputs\quest-cutscene-push-matrix-atlas-20260630\recovered_cutscene_push_matrix.csv
quest_push_operator_rows,104,gld306,110362,Struck Through the Heart,class,data_or_stub,cutscene_scaffold_route_probe,quest_cutscene,processEvent020,gld30620,scaffold_only_owner_recovered_probe_required,!testcutscene gld30620 delegate 1,,"callClientFunction(player, ""delegateEvent"", player, quest, ""processEvent020"", <payload?>)",no_mutation_probe_only,high,scaffold can accept/complete/reward directly,"quest sequence before/after; owner actor/event name/type; recovered cutscene args=""gld30620""; 1; InitClassQuest wrapper: template can AcceptQuest, CompleteQuest, grant items, and AddExp directly; scene_log_only_no_accept_complete_reward_item_or_exp_mutation",,cutscene push/operator proof,Data\scripts\quests\gld\gld306.lua,outputs\quest-cutscene-push-matrix-atlas-20260630\recovered_cutscene_push_matrix.csv
quest_push_operator_rows,104,gld306,110362,Struck Through the Heart,class,data_or_stub,cutscene_scaffold_route_probe,quest_cutscene,processEvent030,gld30630,scaffold_only_owner_recovered_probe_required,!testcutscene gld30630 delegate 1,,"callClientFunction(player, ""delegateEvent"", player, quest, ""processEvent030"", <payload?>)",no_mutation_probe_only,high,scaffold can accept/complete/reward directly,"quest sequence before/after; owner actor/event name/type; recovered cutscene args=""gld30630""; 1; InitClassQuest wrapper: template can AcceptQuest, CompleteQuest, grant items, and AddExp directly; scene_log_only_no_accept_complete_reward_item_or_exp_mutation",,cutscene push/operator proof,Data\scripts\quests\gld\gld306.lua,outputs\quest-cutscene-push-matrix-atlas-20260630\recovered_cutscene_push_matrix.csv
quest_push_operator_rows,104,gld306,110362,Struck Through the Heart,class,data_or_stub,cutscene_scaffold_route_probe,quest_cutscene,processEventElecotteStart,gld30610,scaffold_only_owner_recovered_probe_required,!testcutscene gld30610 delegate 2,,"callClientFunction(player, ""delegateEvent"", player, quest, ""processEventElecotteStart"", <payload?>)",no_mutation_probe_only,high,scaffold can accept/complete/reward directly,"quest sequence before/after; owner actor/event name/type; recovered cutscene args=""gld30610""; 2; InitClassQuest wrapper: template can AcceptQuest, CompleteQuest, grant items, and AddExp directly; scene_log_only_no_accept_complete_reward_item_or_exp_mutation; Elecotte Start",,cutscene push/operator proof,Data\scripts\quests\gld\gld306.lua,outputs\quest-cutscene-push-matrix-atlas-20260630\recovered_cutscene_push_matrix.csv
quest_push_dependency_bundles,,hrv200,110480,Gridanian Roots,class,data_or_stub,cutscene_scaffold_route_probe=4,quest_bundle,110480,,,,,,,high,,,no-mutation scaffold route probe,cutscene push/operator proof,,
quest_push_operator_rows,104,hrv200,110480,Gridanian Roots,class,data_or_stub,cutscene_scaffold_route_probe,quest_cutscene,processEvent010,hrv20010,scaffold_only_owner_recovered_probe_required,!testcutscene hrv20010 delegate 1,,"callClientFunction(player, ""delegateEvent"", player, quest, ""processEvent010"", <payload?>)",no_mutation_probe_only,high,scaffold can accept/complete/reward directly,"quest sequence before/after; owner actor/event name/type; recovered cutscene args=""hrv20010""; 1; InitClassQuest wrapper: template can AcceptQuest, CompleteQuest, grant items, and AddExp directly; scene_log_only_no_accept_complete_reward_item_or_exp_mutation",,cutscene push/operator proof,Data\scripts\quests\hrv\hrv200.lua,outputs\quest-cutscene-push-matrix-atlas-20260630\recovered_cutscene_push_matrix.csv
quest_push_operator_rows,104,hrv200,110480,Gridanian Roots,class,data_or_stub,cutscene_scaffold_route_probe,quest_cutscene,processEvent020,hrv20020,scaffold_only_owner_recovered_probe_required,!testcutscene hrv20020 delegate 1,,"callClientFunction(player, ""delegateEvent"", player, quest, ""processEvent020"", <payload?>)",no_mutation_probe_only,high,scaffold can accept/complete/reward directly,"quest sequence before/after; owner actor/event name/type; recovered cutscene args=""hrv20020""; 1; InitClassQuest wrapper: template can AcceptQuest, CompleteQuest, grant items, and AddExp directly; scene_log_only_no_accept_complete_reward_item_or_exp_mutation",,cutscene push/operator proof,Data\scripts\quests\hrv\hrv200.lua,outputs\quest-cutscene-push-matrix-atlas-20260630\recovered_cutscene_push_matrix.csv
quest_push_operator_rows,104,hrv200,110480,Gridanian Roots,class,data_or_stub,cutscene_scaffold_route_probe,quest_cutscene,processEvent020_1,hrv20020,scaffold_only_owner_recovered_probe_required,!testcutscene hrv20020 delegate 1,,"callClientFunction(player, ""delegateEvent"", player, quest, ""processEvent020_1"", <payload?>)",no_mutation_probe_only,high,scaffold can accept/complete/reward directly,"quest sequence before/after; owner actor/event name/type; recovered cutscene args=""hrv20020""; 1; InitClassQuest wrapper: template can AcceptQuest, CompleteQuest, grant items, and AddExp directly; scene_log_only_no_accept_complete_reward_item_or_exp_mutation",,cutscene push/operator proof,Data\scripts\quests\hrv\hrv200.lua,outputs\quest-cutscene-push-matrix-atlas-20260630\recovered_cutscene_push_matrix.csv
quest_push_operator_rows,104,hrv200,110480,Gridanian Roots,class,data_or_stub,cutscene_scaffold_route_probe,quest_cutscene,processEvent030,hrv20030,scaffold_only_owner_recovered_probe_required,!testcutscene hrv20030 delegate 1,,"callClientFunction(player, ""delegateEvent"", player, quest, ""processEvent030"", <payload?>)",no_mutation_probe_only,high,scaffold can accept/complete/reward directly,"quest sequence before/after; owner actor/event name/type; recovered cutscene args=""hrv20030""; 1; InitClassQuest wrapper: template can AcceptQuest, CompleteQuest, grant items, and AddExp directly; scene_log_only_no_accept_complete_reward_item_or_exp_mutation",,cutscene push/operator proof,Data\scripts\quests\hrv\hrv200.lua,outputs\quest-cutscene-push-matrix-atlas-20260630\recovered_cutscene_push_matrix.csv
quest_push_dependency_bundles,,hrv300,110481,The Grass is Always Greener,class,data_or_stub,cutscene_scaffold_route_probe=4,quest_bundle,110481,,,,,,,high,,,no-mutation scaffold route probe,cutscene push/operator proof,,
quest_push_operator_rows,104,hrv300,110481,The Grass is Always Greener,class,data_or_stub,cutscene_scaffold_route_probe,quest_cutscene,processEvent010,hrv30010,scaffold_only_owner_recovered_probe_required,!testcutscene hrv30010 delegate 1,,"callClientFunction(player, ""delegateEvent"", player, quest, ""processEvent010"", <payload?>)",no_mutation_probe_only,high,scaffold can accept/complete/reward directly,"quest sequence before/after; owner actor/event name/type; recovered cutscene args=""hrv30010""; 1; InitClassQuest wrapper: template can AcceptQuest, CompleteQuest, grant items, and AddExp directly; scene_log_only_no_accept_complete_reward_item_or_exp_mutation",,cutscene push/operator proof,Data\scripts\quests\hrv\hrv300.lua,outputs\quest-cutscene-push-matrix-atlas-20260630\recovered_cutscene_push_matrix.csv
quest_push_operator_rows,104,hrv300,110481,The Grass is Always Greener,class,data_or_stub,cutscene_scaffold_route_probe,quest_cutscene,processEvent020,hrv30020,scaffold_only_owner_recovered_probe_required,!testcutscene hrv30020 delegate 1,,"callClientFunction(player, ""delegateEvent"", player, quest, ""processEvent020"", <payload?>)",no_mutation_probe_only,high,scaffold can accept/complete/reward directly,"quest sequence before/after; owner actor/event name/type; recovered cutscene args=""hrv30020""; 1; InitClassQuest wrapper: template can AcceptQuest, CompleteQuest, grant items, and AddExp directly; scene_log_only_no_accept_complete_reward_item_or_exp_mutation",,cutscene push/operator proof,Data\scripts\quests\hrv\hrv300.lua,outputs\quest-cutscene-push-matrix-atlas-20260630\recovered_cutscene_push_matrix.csv
quest_push_operator_rows,104,hrv300,110481,The Grass is Always Greener,class,data_or_stub,cutscene_scaffold_route_probe,quest_cutscene,processEvent030,hrv30030,scaffold_only_owner_recovered_probe_required,!testcutscene hrv30030 delegate 1,,"callClientFunction(player, ""delegateEvent"", player, quest, ""processEvent030"", <payload?>)",no_mutation_probe_only,high,scaffold can accept/complete/reward directly,"quest sequence before/after; owner actor/event name/type; recovered cutscene args=""hrv30030""; 1; InitClassQuest wrapper: template can AcceptQuest, CompleteQuest, grant items, and AddExp directly; scene_log_only_no_accept_complete_reward_item_or_exp_mutation",,cutscene push/operator proof,Data\scripts\quests\hrv\hrv300.lua,outputs\quest-cutscene-push-matrix-atlas-20260630\recovered_cutscene_push_matrix.csv
quest_push_operator_rows,104,hrv300,110481,The Grass is Always Greener,class,data_or_stub,cutscene_scaffold_route_probe,quest_cutscene,processEvent040,hrv30040,scaffold_only_owner_recovered_probe_required,!testcutscene hrv30040 delegate 1,,"callClientFunction(player, ""delegateEvent"", player, quest, ""processEvent040"", <payload?>)",no_mutation_probe_only,high,scaffold can accept/complete/reward directly,"quest sequence before/after; owner actor/event name/type; recovered cutscene args=""hrv30040""; 1; InitClassQuest wrapper: template can AcceptQuest, CompleteQuest, grant items, and AddExp directly; scene_log_only_no_accept_complete_reward_item_or_exp_mutation",,cutscene push/operator proof,Data\scripts\quests\hrv\hrv300.lua,outputs\quest-cutscene-push-matrix-atlas-20260630\recovered_cutscene_push_matrix.csv
quest_push_dependency_bundles,,hrv306,110482,A Moogle Bouquet,class,data_or_stub,cutscene_scaffold_route_probe=8,quest_bundle,110482,,,,,,,high,,,no-mutation scaffold route probe,cutscene push/operator proof,,
quest_push_operator_rows,104,hrv306,110482,A Moogle Bouquet,class,data_or_stub,cutscene_scaffold_route_probe,quest_cutscene,processEvent010,hrv30610,scaffold_only_owner_recovered_probe_required,!testcutscene hrv30610 delegate 2,,"callClientFunction(player, ""delegateEvent"", player, quest, ""processEvent010"", <payload?>)",no_mutation_probe_only,high,scaffold can accept/complete/reward directly,"quest sequence before/after; owner actor/event name/type; recovered cutscene args=""hrv30610""; 2; InitClassQuest wrapper: template can AcceptQuest, CompleteQuest, grant items, and AddExp directly; scene_log_only_no_accept_complete_reward_item_or_exp_mutation",,cutscene push/operator proof,Data\scripts\quests\hrv\hrv306.lua,outputs\quest-cutscene-push-matrix-atlas-20260630\recovered_cutscene_push_matrix.csv
quest_push_operator_rows,104,hrv306,110482,A Moogle Bouquet,class,data_or_stub,cutscene_scaffold_route_probe,quest_cutscene,processEvent010,hrv30610,scaffold_only_owner_recovered_probe_required,!testcutscene hrv30610 delegate 2,,"callClientFunction(player, ""delegateEvent"", player, quest, ""processEvent010"", <payload?>)",no_mutation_probe_only,high,scaffold can accept/complete/reward directly,"quest sequence before/after; owner actor/event name/type; recovered cutscene args=""hrv30610""; 2; InitClassQuest wrapper: template can AcceptQuest, CompleteQuest, grant items, and AddExp directly; scene_log_only_no_accept_complete_reward_item_or_exp_mutation",,cutscene push/operator proof,Data\scripts\quests\hrv\hrv306.lua,outputs\quest-cutscene-push-matrix-atlas-20260630\recovered_cutscene_push_matrix.csv
quest_push_operator_rows,104,hrv306,110482,A Moogle Bouquet,class,data_or_stub,cutscene_scaffold_route_probe,quest_cutscene,processEvent020,hrv30620,scaffold_only_owner_recovered_probe_required,!testcutscene hrv30620 delegate 1,,"callClientFunction(player, ""delegateEvent"", player, quest, ""processEvent020"", <payload?>)",no_mutation_probe_only,high,scaffold can accept/complete/reward directly,"quest sequence before/after; owner actor/event name/type; recovered cutscene args=""hrv30620""; 1; InitClassQuest wrapper: template can AcceptQuest, CompleteQuest, grant items, and AddExp directly; scene_log_only_no_accept_complete_reward_item_or_exp_mutation",,cutscene push/operator proof,Data\scripts\quests\hrv\hrv306.lua,outputs\quest-cutscene-push-matrix-atlas-20260630\recovered_cutscene_push_matrix.csv
quest_push_operator_rows,104,hrv306,110482,A Moogle Bouquet,class,data_or_stub,cutscene_scaffold_route_probe,quest_cutscene,processEvent030,hrv30630,scaffold_only_owner_recovered_probe_required,!testcutscene hrv30630 delegate 1,,"callClientFunction(player, ""delegateEvent"", player, quest, ""processEvent030"", <payload?>)",no_mutation_probe_only,high,scaffold can accept/complete/reward directly,"quest sequence before/after; owner actor/event name/type; recovered cutscene args=""hrv30630""; 1; A3_13; InitClassQuest wrapper: template can AcceptQuest, CompleteQuest, grant items, and AddExp directly; scene_log_only_no_accept_complete_reward_item_or_exp_mutation",,cutscene push/operator proof,Data\scripts\quests\hrv\hrv306.lua,outputs\quest-cutscene-push-matrix-atlas-20260630\recovered_cutscene_push_matrix.csv
quest_push_operator_rows,104,hrv306,110482,A Moogle Bouquet,class,data_or_stub,cutscene_scaffold_route_probe,quest_cutscene,processEvent040,hrv30640,scaffold_only_owner_recovered_probe_required,!testcutscene hrv30640 delegate 1,,"callClientFunction(player, ""delegateEvent"", player, quest, ""processEvent040"", <payload?>)",no_mutation_probe_only,high,scaffold can accept/complete/reward directly,"quest sequence before/after; owner actor/event name/type; recovered cutscene args=""hrv30640""; 1; InitClassQuest wrapper: template can AcceptQuest, CompleteQuest, grant items, and AddExp directly; scene_log_only_no_accept_complete_reward_item_or_exp_mutation; A2_28",,cutscene push/operator proof,Data\scripts\quests\hrv\hrv306.lua,outputs\quest-cutscene-push-matrix-atlas-20260630\recovered_cutscene_push_matrix.csv
quest_push_operator_rows,104,hrv306,110482,A Moogle Bouquet,class,data_or_stub,cutscene_scaffold_route_probe,quest_cutscene,processEvent050,hrv30650,scaffold_only_owner_recovered_probe_required,!testcutscene hrv30650 delegate 1,,"callClientFunction(player, ""delegateEvent"", player, quest, ""processEvent050"", <payload?>)",no_mutation_probe_only,high,scaffold can accept/complete/reward directly,"quest sequence before/after; owner actor/event name/type; recovered cutscene args=""hrv30650""; 1; InitClassQuest wrapper: template can AcceptQuest, CompleteQuest, grant items, and AddExp directly; scene_log_only_no_accept_complete_reward_item_or_exp_mutation",,cutscene push/operator proof,Data\scripts\quests\hrv\hrv306.lua,outputs\quest-cutscene-push-matrix-atlas-20260630\recovered_cutscene_push_matrix.csv
quest_push_operator_rows,104,hrv306,110482,A Moogle Bouquet,class,data_or_stub,cutscene_scaffold_route_probe,quest_cutscene,processEvent060,hrv30660,scaffold_only_owner_recovered_probe_required,!testcutscene hrv30660 delegate 1,,"callClientFunction(player, ""delegateEvent"", player, quest, ""processEvent060"", <payload?>)",no_mutation_probe_only,high,scaffold can accept/complete/reward directly,"quest sequence before/after; owner actor/event name/type; recovered cutscene args=""hrv30660""; 1; InitClassQuest wrapper: template can AcceptQuest, CompleteQuest, grant items, and AddExp directly; scene_log_only_no_accept_complete_reward_item_or_exp_mutation",,cutscene push/operator proof,Data\scripts\quests\hrv\hrv306.lua,outputs\quest-cutscene-push-matrix-atlas-20260630\recovered_cutscene_push_matrix.csv
quest_push_operator_rows,104,hrv306,110482,A Moogle Bouquet,class,data_or_stub,cutscene_scaffold_route_probe,quest_cutscene,processEvent070,hrv30670,scaffold_only_owner_recovered_probe_required,!testcutscene hrv30670 delegate 1,,"callClientFunction(player, ""delegateEvent"", player, quest, ""processEvent070"", <payload?>)",no_mutation_probe_only,high,scaffold can accept/complete/reward directly,"quest sequence before/after; owner actor/event name/type; recovered cutscene args=""hrv30670""; 1; InitClassQuest wrapper: template can AcceptQuest, CompleteQuest, grant items, and AddExp directly; scene_log_only_no_accept_complete_reward_item_or_exp_mutation",,cutscene push/operator proof,Data\scripts\quests\hrv\hrv306.lua,outputs\quest-cutscene-push-matrix-atlas-20260630\recovered_cutscene_push_matrix.csv
quest_push_dependency_bundles,,lnc200,110180,A Wailing Welcome,class,data_or_stub,cutscene_scaffold_route_probe=3,quest_bundle,110180,,,,,,,high,,,no-mutation scaffold route probe,cutscene push/operator proof,,
quest_push_operator_rows,104,lnc200,110180,A Wailing Welcome,class,data_or_stub,cutscene_scaffold_route_probe,quest_cutscene,processEvent010,lnc20010,scaffold_only_owner_recovered_probe_required,!testcutscene lnc20010 delegate 1,,"callClientFunction(player, ""delegateEvent"", player, quest, ""processEvent010"", <payload?>)",no_mutation_probe_only,high,scaffold can accept/complete/reward directly,"quest sequence before/after; owner actor/event name/type; recovered cutscene args=""lnc20010""; 1; InitClassQuest wrapper: template can AcceptQuest, CompleteQuest, grant items, and AddExp directly; scene_log_only_no_accept_complete_reward_item_or_exp_mutation",,cutscene push/operator proof,Data\scripts\quests\lnc\lnc200.lua,outputs\quest-cutscene-push-matrix-atlas-20260630\recovered_cutscene_push_matrix.csv
quest_push_operator_rows,104,lnc200,110180,A Wailing Welcome,class,data_or_stub,cutscene_scaffold_route_probe,quest_cutscene,processEvent020,lnc20020,scaffold_only_owner_recovered_probe_required,!testcutscene lnc20020 delegate 1,,"callClientFunction(player, ""delegateEvent"", player, quest, ""processEvent020"", <payload?>)",no_mutation_probe_only,high,scaffold can accept/complete/reward directly,"quest sequence before/after; owner actor/event name/type; recovered cutscene args=""lnc20020""; 1; InitClassQuest wrapper: template can AcceptQuest, CompleteQuest, grant items, and AddExp directly; scene_log_only_no_accept_complete_reward_item_or_exp_mutation",,cutscene push/operator proof,Data\scripts\quests\lnc\lnc200.lua,outputs\quest-cutscene-push-matrix-atlas-20260630\recovered_cutscene_push_matrix.csv
quest_push_operator_rows,104,lnc200,110180,A Wailing Welcome,class,data_or_stub,cutscene_scaffold_route_probe,quest_cutscene,processEvent030,lnc20030,scaffold_only_owner_recovered_probe_required,!testcutscene lnc20030 delegate 1,,"callClientFunction(player, ""delegateEvent"", player, quest, ""processEvent030"", <payload?>)",no_mutation_probe_only,high,scaffold can accept/complete/reward directly,"quest sequence before/after; owner actor/event name/type; recovered cutscene args=""lnc20030""; 1; InitClassQuest wrapper: template can AcceptQuest, CompleteQuest, grant items, and AddExp directly; scene_log_only_no_accept_complete_reward_item_or_exp_mutation",,cutscene push/operator proof,Data\scripts\quests\lnc\lnc200.lua,outputs\quest-cutscene-push-matrix-atlas-20260630\recovered_cutscene_push_matrix.csv
quest_push_dependency_bundles,,lnc300,110181,Culture Shock,class,data_or_stub,cutscene_scaffold_route_probe=8,quest_bundle,110181,,,,,,,high,,,no-mutation scaffold route probe,cutscene push/operator proof,,
quest_push_operator_rows,104,lnc300,110181,Culture Shock,class,data_or_stub,cutscene_scaffold_route_probe,quest_cutscene,processEvent020,lnc30020,scaffold_only_owner_recovered_probe_required,!testcutscene lnc30020 delegate 1,,"callClientFunction(player, ""delegateEvent"", player, quest, ""processEvent020"", <payload?>)",no_mutation_probe_only,high,scaffold can accept/complete/reward directly,"quest sequence before/after; owner actor/event name/type; recovered cutscene args=""lnc30020""; 1; 0; A3_10; InitClassQuest wrapper: template can AcceptQuest, CompleteQuest, grant items, and AddExp directly; scene_log_only_no_accept_complete_reward_item_or_exp_mutation",,cutscene push/operator proof,Data\scripts\quests\lnc\lnc300.lua,outputs\quest-cutscene-push-matrix-atlas-20260630\recovered_cutscene_push_matrix.csv
quest_push_operator_rows,104,lnc300,110181,Culture Shock,class,data_or_stub,cutscene_scaffold_route_probe,quest_cutscene,processEvent030,lnc30030,scaffold_only_owner_recovered_probe_required,!testcutscene lnc30030 delegate 2,,"callClientFunction(player, ""delegateEvent"", player, quest, ""processEvent030"", <payload?>)",no_mutation_probe_only,high,scaffold can accept/complete/reward directly,"quest sequence before/after; owner actor/event name/type; recovered cutscene args=""lnc30030""; 2; InitClassQuest wrapper: template can AcceptQuest, CompleteQuest, grant items, and AddExp directly; scene_log_only_no_accept_complete_reward_item_or_exp_mutation",,cutscene push/operator proof,Data\scripts\quests\lnc\lnc300.lua,outputs\quest-cutscene-push-matrix-atlas-20260630\recovered_cutscene_push_matrix.csv
quest_push_operator_rows,104,lnc300,110181,Culture Shock,class,data_or_stub,cutscene_scaffold_route_probe,quest_cutscene,processEvent040,lnc30040,scaffold_only_owner_recovered_probe_required,!testcutscene lnc30040 delegate 1,,"callClientFunction(player, ""delegateEvent"", player, quest, ""processEvent040"", <payload?>)",no_mutation_probe_only,high,scaffold can accept/complete/reward directly,"quest sequence before/after; owner actor/event name/type; recovered cutscene args=""lnc30040""; 1; InitClassQuest wrapper: template can AcceptQuest, CompleteQuest, grant items, and AddExp directly; scene_log_only_no_accept_complete_reward_item_or_exp_mutation",,cutscene push/operator proof,Data\scripts\quests\lnc\lnc300.lua,outputs\quest-cutscene-push-matrix-atlas-20260630\recovered_cutscene_push_matrix.csv
quest_push_operator_rows,104,lnc300,110181,Culture Shock,class,data_or_stub,cutscene_scaffold_route_probe,quest_cutscene,processEvent050,lnc30050,scaffold_only_owner_recovered_probe_required,!testcutscene lnc30050 delegate 1,,"callClientFunction(player, ""delegateEvent"", player, quest, ""processEvent050"", <payload?>)",no_mutation_probe_only,high,scaffold can accept/complete/reward directly,"quest sequence before/after; owner actor/event name/type; recovered cutscene args=""lnc30050""; 1; InitClassQuest wrapper: template can AcceptQuest, CompleteQuest, grant items, and AddExp directly; scene_log_only_no_accept_complete_reward_item_or_exp_mutation",,cutscene push/operator proof,Data\scripts\quests\lnc\lnc300.lua,outputs\quest-cutscene-push-matrix-atlas-20260630\recovered_cutscene_push_matrix.csv
quest_push_operator_rows,104,lnc300,110181,Culture Shock,class,data_or_stub,cutscene_scaffold_route_probe,quest_cutscene,processEvent060,lnc30060,scaffold_only_owner_recovered_probe_required,!testcutscene lnc30060 delegate 1,,"callClientFunction(player, ""delegateEvent"", player, quest, ""processEvent060"", <payload?>)",no_mutation_probe_only,high,scaffold can accept/complete/reward directly,"quest sequence before/after; owner actor/event name/type; recovered cutscene args=""lnc30060""; 1; InitClassQuest wrapper: template can AcceptQuest, CompleteQuest, grant items, and AddExp directly; scene_log_only_no_accept_complete_reward_item_or_exp_mutation",,cutscene push/operator proof,Data\scripts\quests\lnc\lnc300.lua,outputs\quest-cutscene-push-matrix-atlas-20260630\recovered_cutscene_push_matrix.csv
quest_push_operator_rows,104,lnc300,110181,Culture Shock,class,data_or_stub,cutscene_scaffold_route_probe,quest_cutscene,processEvent065,lnc30065,scaffold_only_owner_recovered_probe_required,!testcutscene lnc30065 delegate 1,,"callClientFunction(player, ""delegateEvent"", player, quest, ""processEvent065"", <payload?>)",no_mutation_probe_only,high,scaffold can accept/complete/reward directly,"quest sequence before/after; owner actor/event name/type; recovered cutscene args=""lnc30065""; 1; InitClassQuest wrapper: template can AcceptQuest, CompleteQuest, grant items, and AddExp directly; scene_log_only_no_accept_complete_reward_item_or_exp_mutation",,cutscene push/operator proof,Data\scripts\quests\lnc\lnc300.lua,outputs\quest-cutscene-push-matrix-atlas-20260630\recovered_cutscene_push_matrix.csv
quest_push_operator_rows,104,lnc300,110181,Culture Shock,class,data_or_stub,cutscene_scaffold_route_probe,quest_cutscene,processEvent070,lnc30070,scaffold_only_owner_recovered_probe_required,!testcutscene lnc30070 delegate 1,,"callClientFunction(player, ""delegateEvent"", player, quest, ""processEvent070"", <payload?>)",no_mutation_probe_only,high,scaffold can accept/complete/reward directly,"quest sequence before/after; owner actor/event name/type; recovered cutscene args=""lnc30070""; 1; InitClassQuest wrapper: template can AcceptQuest, CompleteQuest, grant items, and AddExp directly; scene_log_only_no_accept_complete_reward_item_or_exp_mutation",,cutscene push/operator proof,Data\scripts\quests\lnc\lnc300.lua,outputs\quest-cutscene-push-matrix-atlas-20260630\recovered_cutscene_push_matrix.csv
quest_push_operator_rows,104,lnc300,110181,Culture Shock,class,data_or_stub,cutscene_scaffold_route_probe,quest_cutscene,processEventJMoldvaStart,lnc30010,scaffold_only_owner_recovered_probe_required,!testcutscene lnc30010 delegate 2,,"callClientFunction(player, ""delegateEvent"", player, quest, ""processEventJMoldvaStart"", <payload?>)",no_mutation_probe_only,high,scaffold can accept/complete/reward directly,"quest sequence before/after; owner actor/event name/type; recovered cutscene args=""lnc30010""; 2; InitClassQuest wrapper: template can AcceptQuest, CompleteQuest, grant items, and AddExp directly; scene_log_only_no_accept_complete_reward_item_or_exp_mutation; J Moldva Start",,cutscene push/operator proof,Data\scripts\quests\lnc\lnc300.lua,outputs\quest-cutscene-push-matrix-atlas-20260630\recovered_cutscene_push_matrix.csv
quest_push_dependency_bundles,,lnc306,110182,Necessary Evils,class,data_or_stub,cutscene_scaffold_route_probe=5,quest_bundle,110182,,,,,,,high,,,no-mutation scaffold route probe,cutscene push/operator proof,,
quest_push_operator_rows,104,lnc306,110182,Necessary Evils,class,data_or_stub,cutscene_scaffold_route_probe,quest_cutscene,processEvent010,lnc30610,scaffold_only_owner_recovered_probe_required,!testcutscene lnc30610 delegate 1,,"callClientFunction(player, ""delegateEvent"", player, quest, ""processEvent010"", <payload?>)",no_mutation_probe_only,high,scaffold can accept/complete/reward directly,"quest sequence before/after; owner actor/event name/type; recovered cutscene args=""lnc30610""; 1; InitClassQuest wrapper: template can AcceptQuest, CompleteQuest, grant items, and AddExp directly; scene_log_only_no_accept_complete_reward_item_or_exp_mutation",,cutscene push/operator proof,Data\scripts\quests\lnc\lnc306.lua,outputs\quest-cutscene-push-matrix-atlas-20260630\recovered_cutscene_push_matrix.csv
quest_push_operator_rows,104,lnc306,110182,Necessary Evils,class,data_or_stub,cutscene_scaffold_route_probe,quest_cutscene,processEvent020,lnc30620,scaffold_only_owner_recovered_probe_required,!testcutscene lnc30620 delegate 2,,"callClientFunction(player, ""delegateEvent"", player, quest, ""processEvent020"", <payload?>)",no_mutation_probe_only,high,scaffold can accept/complete/reward directly,"quest sequence before/after; owner actor/event name/type; recovered cutscene args=""lnc30620""; 2; InitClassQuest wrapper: template can AcceptQuest, CompleteQuest, grant items, and AddExp directly; scene_log_only_no_accept_complete_reward_item_or_exp_mutation",,cutscene push/operator proof,Data\scripts\quests\lnc\lnc306.lua,outputs\quest-cutscene-push-matrix-atlas-20260630\recovered_cutscene_push_matrix.csv
quest_push_operator_rows,104,lnc306,110182,Necessary Evils,class,data_or_stub,cutscene_scaffold_route_probe,quest_cutscene,processEvent030,lnc30630,scaffold_only_owner_recovered_probe_required,!testcutscene lnc30630 delegate 1,,"callClientFunction(player, ""delegateEvent"", player, quest, ""processEvent030"", <payload?>)",no_mutation_probe_only,high,scaffold can accept/complete/reward directly,"quest sequence before/after; owner actor/event name/type; recovered cutscene args=""lnc30630""; 1; InitClassQuest wrapper: template can AcceptQuest, CompleteQuest, grant items, and AddExp directly; scene_log_only_no_accept_complete_reward_item_or_exp_mutation",,cutscene push/operator proof,Data\scripts\quests\lnc\lnc306.lua,outputs\quest-cutscene-push-matrix-atlas-20260630\recovered_cutscene_push_matrix.csv
quest_push_operator_rows,104,lnc306,110182,Necessary Evils,class,data_or_stub,cutscene_scaffold_route_probe,quest_cutscene,processEvent040,lnc30640,scaffold_only_owner_recovered_probe_required,!testcutscene lnc30640 delegate 1,,"callClientFunction(player, ""delegateEvent"", player, quest, ""processEvent040"", <payload?>)",no_mutation_probe_only,high,scaffold can accept/complete/reward directly,"quest sequence before/after; owner actor/event name/type; recovered cutscene args=""lnc30640""; 1; InitClassQuest wrapper: template can AcceptQuest, CompleteQuest, grant items, and AddExp directly; scene_log_only_no_accept_complete_reward_item_or_exp_mutation",,cutscene push/operator proof,Data\scripts\quests\lnc\lnc306.lua,outputs\quest-cutscene-push-matrix-atlas-20260630\recovered_cutscene_push_matrix.csv
quest_push_operator_rows,104,lnc306,110182,Necessary Evils,class,data_or_stub,cutscene_scaffold_route_probe,quest_cutscene,processEvent050,lnc30650,scaffold_only_owner_recovered_probe_required,!testcutscene lnc30650 delegate 1,,"callClientFunction(player, ""delegateEvent"", player, quest, ""processEvent050"", <payload?>)",no_mutation_probe_only,high,scaffold can accept/complete/reward directly,"quest sequence before/after; owner actor/event name/type; recovered cutscene args=""lnc30650""; 1; InitClassQuest wrapper: template can AcceptQuest, CompleteQuest, grant items, and AddExp directly; scene_log_only_no_accept_complete_reward_item_or_exp_mutation",,cutscene push/operator proof,Data\scripts\quests\lnc\lnc306.lua,outputs\quest-cutscene-push-matrix-atlas-20260630\recovered_cutscene_push_matrix.csv
quest_push_dependency_bundles,,min200,110460,A Piece of History,class,data_or_stub,cutscene_scaffold_route_probe=4,quest_bundle,110460,,,,,,,high,,,no-mutation scaffold route probe,cutscene push/operator proof,,
quest_push_operator_rows,104,min200,110460,A Piece of History,class,data_or_stub,cutscene_scaffold_route_probe,quest_cutscene,processEvent010,min20010,scaffold_only_owner_recovered_probe_required,!testcutscene min20010 delegate 2,,"callClientFunction(player, ""delegateEvent"", player, quest, ""processEvent010"", <payload?>)",no_mutation_probe_only,high,scaffold can accept/complete/reward directly,"quest sequence before/after; owner actor/event name/type; recovered cutscene args=""min20010""; 2; InitClassQuest wrapper: template can AcceptQuest, CompleteQuest, grant items, and AddExp directly; scene_log_only_no_accept_complete_reward_item_or_exp_mutation",,cutscene push/operator proof,Data\scripts\quests\min\min200.lua,outputs\quest-cutscene-push-matrix-atlas-20260630\recovered_cutscene_push_matrix.csv
quest_push_operator_rows,104,min200,110460,A Piece of History,class,data_or_stub,cutscene_scaffold_route_probe,quest_cutscene,processEvent020,min20020,scaffold_only_owner_recovered_probe_required,!testcutscene min20020 delegate 1,,"callClientFunction(player, ""delegateEvent"", player, quest, ""processEvent020"", <payload?>)",no_mutation_probe_only,high,scaffold can accept/complete/reward directly,"quest sequence before/after; owner actor/event name/type; recovered cutscene args=""min20020""; 1; InitClassQuest wrapper: template can AcceptQuest, CompleteQuest, grant items, and AddExp directly; scene_log_only_no_accept_complete_reward_item_or_exp_mutation",,cutscene push/operator proof,Data\scripts\quests\min\min200.lua,outputs\quest-cutscene-push-matrix-atlas-20260630\recovered_cutscene_push_matrix.csv
quest_push_operator_rows,104,min200,110460,A Piece of History,class,data_or_stub,cutscene_scaffold_route_probe,quest_cutscene,processEvent030,min20030,scaffold_only_owner_recovered_probe_required,!testcutscene min20030 delegate 1,,"callClientFunction(player, ""delegateEvent"", player, quest, ""processEvent030"", <payload?>)",no_mutation_probe_only,high,scaffold can accept/complete/reward directly,"quest sequence before/after; owner actor/event name/type; recovered cutscene args=""min20030""; 1; InitClassQuest wrapper: template can AcceptQuest, CompleteQuest, grant items, and AddExp directly; scene_log_only_no_accept_complete_reward_item_or_exp_mutation",,cutscene push/operator proof,Data\scripts\quests\min\min200.lua,outputs\quest-cutscene-push-matrix-atlas-20260630\recovered_cutscene_push_matrix.csv
quest_push_operator_rows,104,min200,110460,A Piece of History,class,data_or_stub,cutscene_scaffold_route_probe,quest_cutscene,processEvent040,min20035,scaffold_only_owner_recovered_probe_required,!testcutscene min20035 delegate 1,,"callClientFunction(player, ""delegateEvent"", player, quest, ""processEvent040"", <payload?>)",no_mutation_probe_only,high,scaffold can accept/complete/reward directly,"quest sequence before/after; owner actor/event name/type; recovered cutscene args=""min20035""; 1; InitClassQuest wrapper: template can AcceptQuest, CompleteQuest, grant items, and AddExp directly; scene_log_only_no_accept_complete_reward_item_or_exp_mutation; A2_39",,cutscene push/operator proof,Data\scripts\quests\min\min200.lua,outputs\quest-cutscene-push-matrix-atlas-20260630\recovered_cutscene_push_matrix.csv
quest_push_dependency_bundles,,min300,110461,Little Saboteurs,class,data_or_stub,cutscene_scaffold_route_probe=7,quest_bundle,110461,,,,,,,high,,,no-mutation scaffold route probe,cutscene push/operator proof,,
quest_push_operator_rows,104,min300,110461,Little Saboteurs,class,data_or_stub,cutscene_scaffold_route_probe,quest_cutscene,processEvent010,min30010,scaffold_only_owner_recovered_probe_required,!testcutscene min30010 delegate 1,,"callClientFunction(player, ""delegateEvent"", player, quest, ""processEvent010"", <payload?>)",no_mutation_probe_only,high,scaffold can accept/complete/reward directly,"quest sequence before/after; owner actor/event name/type; recovered cutscene args=""min30010""; 1; InitClassQuest wrapper: template can AcceptQuest, CompleteQuest, grant items, and AddExp directly; scene_log_only_no_accept_complete_reward_item_or_exp_mutation",,cutscene push/operator proof,Data\scripts\quests\min\min300.lua,outputs\quest-cutscene-push-matrix-atlas-20260630\recovered_cutscene_push_matrix.csv
quest_push_operator_rows,104,min300,110461,Little Saboteurs,class,data_or_stub,cutscene_scaffold_route_probe,quest_cutscene,processEvent020,min30020,scaffold_only_owner_recovered_probe_required,!testcutscene min30020 delegate 1,,"callClientFunction(player, ""delegateEvent"", player, quest, ""processEvent020"", <payload?>)",no_mutation_probe_only,high,scaffold can accept/complete/reward directly,"quest sequence before/after; owner actor/event name/type; recovered cutscene args=""min30020""; 1; InitClassQuest wrapper: template can AcceptQuest, CompleteQuest, grant items, and AddExp directly; scene_log_only_no_accept_complete_reward_item_or_exp_mutation",,cutscene push/operator proof,Data\scripts\quests\min\min300.lua,outputs\quest-cutscene-push-matrix-atlas-20260630\recovered_cutscene_push_matrix.csv
quest_push_operator_rows,104,min300,110461,Little Saboteurs,class,data_or_stub,cutscene_scaffold_route_probe,quest_cutscene,processEvent030,min30030,scaffold_only_owner_recovered_probe_required,!testcutscene min30030 delegate 1,,"callClientFunction(player, ""delegateEvent"", player, quest, ""processEvent030"", <payload?>)",no_mutation_probe_only,high,scaffold can accept/complete/reward directly,"quest sequence before/after; owner actor/event name/type; recovered cutscene args=""min30030""; 1; InitClassQuest wrapper: template can AcceptQuest, CompleteQuest, grant items, and AddExp directly; scene_log_only_no_accept_complete_reward_item_or_exp_mutation",,cutscene push/operator proof,Data\scripts\quests\min\min300.lua,outputs\quest-cutscene-push-matrix-atlas-20260630\recovered_cutscene_push_matrix.csv
quest_push_operator_rows,104,min300,110461,Little Saboteurs,class,data_or_stub,cutscene_scaffold_route_probe,quest_cutscene,processEvent040,min30040,scaffold_only_owner_recovered_probe_required,!testcutscene min30040 delegate 1,,"callClientFunction(player, ""delegateEvent"", player, quest, ""processEvent040"", <payload?>)",no_mutation_probe_only,high,scaffold can accept/complete/reward directly,"quest sequence before/after; owner actor/event name/type; recovered cutscene args=""min30040""; 1; InitClassQuest wrapper: template can AcceptQuest, CompleteQuest, grant items, and AddExp directly; scene_log_only_no_accept_complete_reward_item_or_exp_mutation",,cutscene push/operator proof,Data\scripts\quests\min\min300.lua,outputs\quest-cutscene-push-matrix-atlas-20260630\recovered_cutscene_push_matrix.csv
quest_push_operator_rows,104,min300,110461,Little Saboteurs,class,data_or_stub,cutscene_scaffold_route_probe,quest_cutscene,processEvent050,min30050,scaffold_only_owner_recovered_probe_required,!testcutscene min30050 delegate 1,,"callClientFunction(player, ""delegateEvent"", player, quest, ""processEvent050"", <payload?>)",no_mutation_probe_only,high,scaffold can accept/complete/reward directly,"quest sequence before/after; owner actor/event name/type; recovered cutscene args=""min30050""; 1; InitClassQuest wrapper: template can AcceptQuest, CompleteQuest, grant items, and AddExp directly; scene_log_only_no_accept_complete_reward_item_or_exp_mutation",,cutscene push/operator proof,Data\scripts\quests\min\min300.lua,outputs\quest-cutscene-push-matrix-atlas-20260630\recovered_cutscene_push_matrix.csv
quest_push_operator_rows,104,min300,110461,Little Saboteurs,class,data_or_stub,cutscene_scaffold_route_probe,quest_cutscene,processEvent060,min30060,scaffold_only_owner_recovered_probe_required,!testcutscene min30060 delegate 1,,"callClientFunction(player, ""delegateEvent"", player, quest, ""processEvent060"", <payload?>)",no_mutation_probe_only,high,scaffold can accept/complete/reward directly,"quest sequence before/after; owner actor/event name/type; recovered cutscene args=""min30060""; 1; InitClassQuest wrapper: template can AcceptQuest, CompleteQuest, grant items, and AddExp directly; scene_log_only_no_accept_complete_reward_item_or_exp_mutation",,cutscene push/operator proof,Data\scripts\quests\min\min300.lua,outputs\quest-cutscene-push-matrix-atlas-20260630\recovered_cutscene_push_matrix.csv
quest_push_operator_rows,104,min300,110461,Little Saboteurs,class,data_or_stub,cutscene_scaffold_route_probe,quest_cutscene,processEvent070,min30070,scaffold_only_owner_recovered_probe_required,!testcutscene min30070 delegate 1,,"callClientFunction(player, ""delegateEvent"", player, quest, ""processEvent070"", <payload?>)",no_mutation_probe_only,high,scaffold can accept/complete/reward directly,"quest sequence before/after; owner actor/event name/type; recovered cutscene args=""min30070""; 1; InitClassQuest wrapper: template can AcceptQuest, CompleteQuest, grant items, and AddExp directly; scene_log_only_no_accept_complete_reward_item_or_exp_mutation",,cutscene push/operator proof,Data\scripts\quests\min\min300.lua,outputs\quest-cutscene-push-matrix-atlas-20260630\recovered_cutscene_push_matrix.csv
quest_push_dependency_bundles,,min306,110462,Runaway Little Girl,class,data_or_stub,cutscene_scaffold_route_probe=3,quest_bundle,110462,,,,,,,high,,,no-mutation scaffold route probe,cutscene push/operator proof,,
quest_push_operator_rows,104,min306,110462,Runaway Little Girl,class,data_or_stub,cutscene_scaffold_route_probe,quest_cutscene,processEvent013,min30610,scaffold_only_owner_recovered_probe_required,!testcutscene min30610 delegate 1,,"callClientFunction(player, ""delegateEvent"", player, quest, ""processEvent013"", <payload?>)",no_mutation_probe_only,high,scaffold can accept/complete/reward directly,"quest sequence before/after; owner actor/event name/type; recovered cutscene args=""min30610""; 1; InitClassQuest wrapper: template can AcceptQuest, CompleteQuest, grant items, and AddExp directly; scene_log_only_no_accept_complete_reward_item_or_exp_mutation; A2_6",,cutscene push/operator proof,Data\scripts\quests\min\min306.lua,outputs\quest-cutscene-push-matrix-atlas-20260630\recovered_cutscene_push_matrix.csv
quest_push_operator_rows,104,min306,110462,Runaway Little Girl,class,data_or_stub,cutscene_scaffold_route_probe,quest_cutscene,processEvent030,min30630,scaffold_only_owner_recovered_probe_required,!testcutscene min30630 delegate 1,,"callClientFunction(player, ""delegateEvent"", player, quest, ""processEvent030"", <payload?>)",no_mutation_probe_only,high,scaffold can accept/complete/reward directly,"quest sequence before/after; owner actor/event name/type; recovered cutscene args=""min30630""; 1; InitClassQuest wrapper: template can AcceptQuest, CompleteQuest, grant items, and AddExp directly; scene_log_only_no_accept_complete_reward_item_or_exp_mutation",,cutscene push/operator proof,Data\scripts\quests\min\min306.lua,outputs\quest-cutscene-push-matrix-atlas-20260630\recovered_cutscene_push_matrix.csv
quest_push_operator_rows,104,min306,110462,Runaway Little Girl,class,data_or_stub,cutscene_scaffold_route_probe,quest_cutscene,processEvent040,min30640,scaffold_only_owner_recovered_probe_required,!testcutscene min30640 delegate 1,,"callClientFunction(player, ""delegateEvent"", player, quest, ""processEvent040"", <payload?>)",no_mutation_probe_only,high,scaffold can accept/complete/reward directly,"quest sequence before/after; owner actor/event name/type; recovered cutscene args=""min30640""; 1; InitClassQuest wrapper: template can AcceptQuest, CompleteQuest, grant items, and AddExp directly; scene_log_only_no_accept_complete_reward_item_or_exp_mutation",,cutscene push/operator proof,Data\scripts\quests\min\min306.lua,outputs\quest-cutscene-push-matrix-atlas-20260630\recovered_cutscene_push_matrix.csv
quest_push_dependency_bundles,,pgl200,110060,The House Always Wins,class,handwritten_event_driver,cutscene_existing_route_smoke=7,quest_bundle,110060,,,,,,,medium,,,cutscene owner/payload probe,cutscene push/operator proof,,
quest_push_operator_rows,68,pgl200,110060,The House Always Wins,class,handwritten_event_driver,cutscene_existing_route_smoke,quest_cutscene,processEvent030,pgl20030,local_exact_method_delegate_hazard,!testcutscene pgl20030 delegate 1,,"callClientFunction(player, ""delegateEvent"", player, quest, ""processEvent030"", <payload?>)",log_before_change,medium,after-warp or mutation behavior must be logged before edits,"quest sequence before/after; owner actor/event name/type; recovered cutscene args=""pgl20030""; 1; smoke_only_no_extra_mutation; A2_19",,cutscene push/operator proof,Data\scripts\quests\pgl\pgl200.lua; 200:processEvent030,outputs\quest-cutscene-push-matrix-atlas-20260630\recovered_cutscene_push_matrix.csv
quest_push_operator_rows,68,pgl200,110060,The House Always Wins,class,handwritten_event_driver,cutscene_existing_route_smoke,quest_cutscene,processEvent060,pgl20060,local_exact_method_delegate_hazard,!testcutscene pgl20060 delegate 1,,"callClientFunction(player, ""delegateEvent"", player, quest, ""processEvent060"", <payload?>)",log_before_change,medium,after-warp or mutation behavior must be logged before edits,"quest sequence before/after; owner actor/event name/type; recovered cutscene args=""pgl20060""; 1; smoke_only_no_extra_mutation",,cutscene push/operator proof,Data\scripts\quests\pgl\pgl200.lua; 235:processEvent060,outputs\quest-cutscene-push-matrix-atlas-20260630\recovered_cutscene_push_matrix.csv
quest_push_operator_rows,42,pgl200,110060,The House Always Wins,class,handwritten_event_driver,cutscene_existing_route_smoke,quest_cutscene,processEvent010,pgl20010,local_exact_method_delegate,!testcutscene pgl20010 delegate 1,,"callClientFunction(player, ""delegateEvent"", player, quest, ""processEvent010"", <payload?>)",existing_route_smoke,low,natural event route already delegates recovered method,"quest sequence before/after; owner actor/event name/type; recovered cutscene args=""pgl20010""; 1; smoke_only",,cutscene push/operator proof,Data\scripts\quests\pgl\pgl200.lua; 159:processEvent010,outputs\quest-cutscene-push-matrix-atlas-20260630\recovered_cutscene_push_matrix.csv
quest_push_operator_rows,42,pgl200,110060,The House Always Wins,class,handwritten_event_driver,cutscene_existing_route_smoke,quest_cutscene,processEvent020,pgl20020,local_exact_method_delegate,!testcutscene pgl20020 delegate 1,,"callClientFunction(player, ""delegateEvent"", player, quest, ""processEvent020"", <payload?>)",existing_route_smoke,low,natural event route already delegates recovered method,"quest sequence before/after; owner actor/event name/type; recovered cutscene args=""pgl20020""; 1; smoke_only",,cutscene push/operator proof,Data\scripts\quests\pgl\pgl200.lua; 185:processEvent020,outputs\quest-cutscene-push-matrix-atlas-20260630\recovered_cutscene_push_matrix.csv
quest_push_operator_rows,42,pgl200,110060,The House Always Wins,class,handwritten_event_driver,cutscene_existing_route_smoke,quest_cutscene,processEvent040,pgl20040,local_exact_method_delegate,!testcutscene pgl20040 delegate 1,,"callClientFunction(player, ""delegateEvent"", player, quest, ""processEvent040"", <payload?>)",existing_route_smoke,low,natural event route already delegates recovered method,"quest sequence before/after; owner actor/event name/type; recovered cutscene args=""pgl20040""; 1; smoke_only; A2_25",,cutscene push/operator proof,Data\scripts\quests\pgl\pgl200.lua; 213:processEvent040,outputs\quest-cutscene-push-matrix-atlas-20260630\recovered_cutscene_push_matrix.csv
quest_push_operator_rows,42,pgl200,110060,The House Always Wins,class,handwritten_event_driver,cutscene_existing_route_smoke,quest_cutscene,processEvent050,pgl20050,local_exact_method_delegate,!testcutscene pgl20050 delegate 1,,"callClientFunction(player, ""delegateEvent"", player, quest, ""processEvent050"", <payload?>)",existing_route_smoke,low,natural event route already delegates recovered method,"quest sequence before/after; owner actor/event name/type; recovered cutscene args=""pgl20050""; 1; smoke_only",,cutscene push/operator proof,Data\scripts\quests\pgl\pgl200.lua; 291:processEvent050,outputs\quest-cutscene-push-matrix-atlas-20260630\recovered_cutscene_push_matrix.csv
quest_push_operator_rows,42,pgl200,110060,The House Always Wins,class,handwritten_event_driver,cutscene_existing_route_smoke,quest_cutscene,processEvent070,pgl20070,local_exact_method_delegate,!testcutscene pgl20070 delegate 1,,"callClientFunction(player, ""delegateEvent"", player, quest, ""processEvent070"", <payload?>)",existing_route_smoke,low,natural event route already delegates recovered method,"quest sequence before/after; owner actor/event name/type; recovered cutscene args=""pgl20070""; 1; smoke_only",,cutscene push/operator proof,Data\scripts\quests\pgl\pgl200.lua; 248:processEvent070,outputs\quest-cutscene-push-matrix-atlas-20260630\recovered_cutscene_push_matrix.csv
quest_push_dependency_bundles,,pgl300,110061,Here There Be Pirates,class,data_or_stub,cutscene_scaffold_route_probe=8,quest_bundle,110061,,,,,,,high,,,no-mutation scaffold route probe,cutscene push/operator proof,,
quest_push_operator_rows,104,pgl300,110061,Here There Be Pirates,class,data_or_stub,cutscene_scaffold_route_probe,quest_cutscene,processEvent020,pgl30020,scaffold_only_owner_recovered_probe_required,!testcutscene pgl30020 delegate 1,,"callClientFunction(player, ""delegateEvent"", player, quest, ""processEvent020"", <payload?>)",no_mutation_probe_only,high,scaffold can accept/complete/reward directly,"quest sequence before/after; owner actor/event name/type; recovered cutscene args=""pgl30020""; 1; InitClassQuest wrapper: template can AcceptQuest, CompleteQuest, grant items, and AddExp directly; scene_log_only_no_accept_complete_reward_item_or_exp_mutation",,cutscene push/operator proof,Data\scripts\quests\pgl\pgl300.lua,outputs\quest-cutscene-push-matrix-atlas-20260630\recovered_cutscene_push_matrix.csv
quest_push_operator_rows,104,pgl300,110061,Here There Be Pirates,class,data_or_stub,cutscene_scaffold_route_probe,quest_cutscene,processEvent030,pgl30030,scaffold_only_owner_recovered_probe_required,!testcutscene pgl30030 delegate 1,,"callClientFunction(player, ""delegateEvent"", player, quest, ""processEvent030"", <payload?>)",no_mutation_probe_only,high,scaffold can accept/complete/reward directly,"quest sequence before/after; owner actor/event name/type; recovered cutscene args=""pgl30030""; 1; InitClassQuest wrapper: template can AcceptQuest, CompleteQuest, grant items, and AddExp directly; scene_log_only_no_accept_complete_reward_item_or_exp_mutation",,cutscene push/operator proof,Data\scripts\quests\pgl\pgl300.lua,outputs\quest-cutscene-push-matrix-atlas-20260630\recovered_cutscene_push_matrix.csv
quest_push_operator_rows,104,pgl300,110061,Here There Be Pirates,class,data_or_stub,cutscene_scaffold_route_probe,quest_cutscene,processEvent040,pgl30040,scaffold_only_owner_recovered_probe_required,!testcutscene pgl30040 delegate 1,,"callClientFunction(player, ""delegateEvent"", player, quest, ""processEvent040"", <payload?>)",no_mutation_probe_only,high,scaffold can accept/complete/reward directly,"quest sequence before/after; owner actor/event name/type; recovered cutscene args=""pgl30040""; 1; InitClassQuest wrapper: template can AcceptQuest, CompleteQuest, grant items, and AddExp directly; scene_log_only_no_accept_complete_reward_item_or_exp_mutation",,cutscene push/operator proof,Data\scripts\quests\pgl\pgl300.lua,outputs\quest-cutscene-push-matrix-atlas-20260630\recovered_cutscene_push_matrix.csv
quest_push_operator_rows,104,pgl300,110061,Here There Be Pirates,class,data_or_stub,cutscene_scaffold_route_probe,quest_cutscene,processEvent050,pgl30050,scaffold_only_owner_recovered_probe_required,!testcutscene pgl30050 delegate 1,,"callClientFunction(player, ""delegateEvent"", player, quest, ""processEvent050"", <payload?>)",no_mutation_probe_only,high,scaffold can accept/complete/reward directly,"quest sequence before/after; owner actor/event name/type; recovered cutscene args=""pgl30050""; 1; InitClassQuest wrapper: template can AcceptQuest, CompleteQuest, grant items, and AddExp directly; scene_log_only_no_accept_complete_reward_item_or_exp_mutation",,cutscene push/operator proof,Data\scripts\quests\pgl\pgl300.lua,outputs\quest-cutscene-push-matrix-atlas-20260630\recovered_cutscene_push_matrix.csv
quest_push_operator_rows,104,pgl300,110061,Here There Be Pirates,class,data_or_stub,cutscene_scaffold_route_probe,quest_cutscene,processEvent060,pgl30060,scaffold_only_owner_recovered_probe_required,!testcutscene pgl30060 delegate 1,,"callClientFunction(player, ""delegateEvent"", player, quest, ""processEvent060"", <payload?>)",no_mutation_probe_only,high,scaffold can accept/complete/reward directly,"quest sequence before/after; owner actor/event name/type; recovered cutscene args=""pgl30060""; 1; InitClassQuest wrapper: template can AcceptQuest, CompleteQuest, grant items, and AddExp directly; scene_log_only_no_accept_complete_reward_item_or_exp_mutation; A2_21",,cutscene push/operator proof,Data\scripts\quests\pgl\pgl300.lua,outputs\quest-cutscene-push-matrix-atlas-20260630\recovered_cutscene_push_matrix.csv
quest_push_operator_rows,104,pgl300,110061,Here There Be Pirates,class,data_or_stub,cutscene_scaffold_route_probe,quest_cutscene,processEvent070,pgl30070,scaffold_only_owner_recovered_probe_required,!testcutscene pgl30070 delegate 1,,"callClientFunction(player, ""delegateEvent"", player, quest, ""processEvent070"", <payload?>)",no_mutation_probe_only,high,scaffold can accept/complete/reward directly,"quest sequence before/after; owner actor/event name/type; recovered cutscene args=""pgl30070""; 1; InitClassQuest wrapper: template can AcceptQuest, CompleteQuest, grant items, and AddExp directly; scene_log_only_no_accept_complete_reward_item_or_exp_mutation; A2_24",,cutscene push/operator proof,Data\scripts\quests\pgl\pgl300.lua,outputs\quest-cutscene-push-matrix-atlas-20260630\recovered_cutscene_push_matrix.csv
quest_push_operator_rows,104,pgl300,110061,Here There Be Pirates,class,data_or_stub,cutscene_scaffold_route_probe,quest_cutscene,processEvent080,pgl30080,scaffold_only_owner_recovered_probe_required,!testcutscene pgl30080 delegate 1,,"callClientFunction(player, ""delegateEvent"", player, quest, ""processEvent080"", <payload?>)",no_mutation_probe_only,high,scaffold can accept/complete/reward directly,"quest sequence before/after; owner actor/event name/type; recovered cutscene args=""pgl30080""; 1; InitClassQuest wrapper: template can AcceptQuest, CompleteQuest, grant items, and AddExp directly; scene_log_only_no_accept_complete_reward_item_or_exp_mutation; A2_27",,cutscene push/operator proof,Data\scripts\quests\pgl\pgl300.lua,outputs\quest-cutscene-push-matrix-atlas-20260630\recovered_cutscene_push_matrix.csv
quest_push_operator_rows,104,pgl300,110061,Here There Be Pirates,class,data_or_stub,cutscene_scaffold_route_probe,quest_cutscene,processEventGagarunaStart,pgl30010,scaffold_only_owner_recovered_probe_required,!testcutscene pgl30010 delegate 2,,"callClientFunction(player, ""delegateEvent"", player, quest, ""processEventGagarunaStart"", <payload?>)",no_mutation_probe_only,high,scaffold can accept/complete/reward directly,"quest sequence before/after; owner actor/event name/type; recovered cutscene args=""pgl30010""; 2; InitClassQuest wrapper: template can AcceptQuest, CompleteQuest, grant items, and AddExp directly; scene_log_only_no_accept_complete_reward_item_or_exp_mutation; Gagaruna Start",,cutscene push/operator proof,Data\scripts\quests\pgl\pgl300.lua,outputs\quest-cutscene-push-matrix-atlas-20260630\recovered_cutscene_push_matrix.csv
quest_push_dependency_bundles,,pgl306,110062,Two Sides to Every Chip,class,data_or_stub,cutscene_scaffold_route_probe=10,quest_bundle,110062,,,,,,,high,,,no-mutation scaffold route probe,cutscene push/operator proof,,
quest_push_operator_rows,104,pgl306,110062,Two Sides to Every Chip,class,data_or_stub,cutscene_scaffold_route_probe,quest_cutscene,processEvent020,pgl30620,scaffold_only_owner_recovered_probe_required,!testcutscene pgl30620 delegate 1,,"callClientFunction(player, ""delegateEvent"", player, quest, ""processEvent020"", <payload?>)",no_mutation_probe_only,high,scaffold can accept/complete/reward directly,"quest sequence before/after; owner actor/event name/type; recovered cutscene args=""pgl30620""; 1; InitClassQuest wrapper: template can AcceptQuest, CompleteQuest, grant items, and AddExp directly; scene_log_only_no_accept_complete_reward_item_or_exp_mutation; Gagaruna by method/dialogue; scaffold actor 1400019 is accept_reward_only",,cutscene push/operator proof,Data\scripts\quests\pgl\pgl306.lua,outputs\quest-cutscene-push-matrix-atlas-20260630\recovered_cutscene_push_matrix.csv
quest_push_operator_rows,104,pgl306,110062,Two Sides to Every Chip,class,data_or_stub,cutscene_scaffold_route_probe,quest_cutscene,processEvent030,pgl30630,scaffold_only_owner_recovered_probe_required,!testcutscene pgl30630 delegate 1,,"callClientFunction(player, ""delegateEvent"", player, quest, ""processEvent030"", <payload?>)",no_mutation_probe_only,high,scaffold can accept/complete/reward directly,"quest sequence before/after; owner actor/event name/type; recovered cutscene args=""pgl30630""; 1; InitClassQuest wrapper: template can AcceptQuest, CompleteQuest, grant items, and AddExp directly; scene_log_only_no_accept_complete_reward_item_or_exp_mutation; Gagaruna by method/dialogue; scaffold actor 1400019 is accept_reward_only",,cutscene push/operator proof,Data\scripts\quests\pgl\pgl306.lua,outputs\quest-cutscene-push-matrix-atlas-20260630\recovered_cutscene_push_matrix.csv
quest_push_operator_rows,104,pgl306,110062,Two Sides to Every Chip,class,data_or_stub,cutscene_scaffold_route_probe,quest_cutscene,processEvent030_2,pgl30630,scaffold_only_owner_recovered_probe_required,!testcutscene pgl30630 delegate 1,,"callClientFunction(player, ""delegateEvent"", player, quest, ""processEvent030_2"", <payload?>)",no_mutation_probe_only,high,scaffold can accept/complete/reward directly,"quest sequence before/after; owner actor/event name/type; recovered cutscene args=""pgl30630""; 1; InitClassQuest wrapper: template can AcceptQuest, CompleteQuest, grant items, and AddExp directly; scene_log_only_no_accept_complete_reward_item_or_exp_mutation; Gagaruna by method/dialogue; scaffold actor 1400019 is accept_reward_only",,cutscene push/operator proof,Data\scripts\quests\pgl\pgl306.lua,outputs\quest-cutscene-push-matrix-atlas-20260630\recovered_cutscene_push_matrix.csv
quest_push_operator_rows,104,pgl306,110062,Two Sides to Every Chip,class,data_or_stub,cutscene_scaffold_route_probe,quest_cutscene,processEvent040,pgl30640,scaffold_only_owner_recovered_probe_required,!testcutscene pgl30640 delegate 1,,"callClientFunction(player, ""delegateEvent"", player, quest, ""processEvent040"", <payload?>)",no_mutation_probe_only,high,scaffold can accept/complete/reward directly,"quest sequence before/after; owner actor/event name/type; recovered cutscene args=""pgl30640""; 1; InitClassQuest wrapper: template can AcceptQuest, CompleteQuest, grant items, and AddExp directly; scene_log_only_no_accept_complete_reward_item_or_exp_mutation; Gagaruna by method/dialogue; scaffold actor 1400019 is accept_reward_only",,cutscene push/operator proof,Data\scripts\quests\pgl\pgl306.lua,outputs\quest-cutscene-push-matrix-atlas-20260630\recovered_cutscene_push_matrix.csv
quest_push_operator_rows,104,pgl306,110062,Two Sides to Every Chip,class,data_or_stub,cutscene_scaffold_route_probe,quest_cutscene,processEvent040_2,pgl30640,scaffold_only_owner_recovered_probe_required,!testcutscene pgl30640 delegate 1,,"callClientFunction(player, ""delegateEvent"", player, quest, ""processEvent040_2"", <payload?>)",no_mutation_probe_only,high,scaffold can accept/complete/reward directly,"quest sequence before/after; owner actor/event name/type; recovered cutscene args=""pgl30640""; 1; InitClassQuest wrapper: template can AcceptQuest, CompleteQuest, grant items, and AddExp directly; scene_log_only_no_accept_complete_reward_item_or_exp_mutation; Gagaruna by method/dialogue; scaffold actor 1400019 is accept_reward_only",,cutscene push/operator proof,Data\scripts\quests\pgl\pgl306.lua,outputs\quest-cutscene-push-matrix-atlas-20260630\recovered_cutscene_push_matrix.csv
quest_push_operator_rows,104,pgl306,110062,Two Sides to Every Chip,class,data_or_stub,cutscene_scaffold_route_probe,quest_cutscene,processEvent050,pgl30650,scaffold_only_owner_recovered_probe_required,!testcutscene pgl30650 delegate 1,,"callClientFunction(player, ""delegateEvent"", player, quest, ""processEvent050"", <payload?>)",no_mutation_probe_only,high,scaffold can accept/complete/reward directly,"quest sequence before/after; owner actor/event name/type; recovered cutscene args=""pgl30650""; 1; InitClassQuest wrapper: template can AcceptQuest, CompleteQuest, grant items, and AddExp directly; scene_log_only_no_accept_complete_reward_item_or_exp_mutation; Gagaruna by method/dialogue; scaffold actor 1400019 is accept_reward_only",,cutscene push/operator proof,Data\scripts\quests\pgl\pgl306.lua,outputs\quest-cutscene-push-matrix-atlas-20260630\recovered_cutscene_push_matrix.csv
quest_push_operator_rows,104,pgl306,110062,Two Sides to Every Chip,class,data_or_stub,cutscene_scaffold_route_probe,quest_cutscene,processEvent060,pgl30660,scaffold_only_owner_recovered_probe_required,!testcutscene pgl30660 delegate 1,,"callClientFunction(player, ""delegateEvent"", player, quest, ""processEvent060"", <payload?>)",no_mutation_probe_only,high,scaffold can accept/complete/reward directly,"quest sequence before/after; owner actor/event name/type; recovered cutscene args=""pgl30660""; 1; InitClassQuest wrapper: template can AcceptQuest, CompleteQuest, grant items, and AddExp directly; scene_log_only_no_accept_complete_reward_item_or_exp_mutation; Gagaruna by method/dialogue; scaffold actor 1400019 is accept_reward_only",,cutscene push/operator proof,Data\scripts\quests\pgl\pgl306.lua,outputs\quest-cutscene-push-matrix-atlas-20260630\recovered_cutscene_push_matrix.csv
quest_push_operator_rows,104,pgl306,110062,Two Sides to Every Chip,class,data_or_stub,cutscene_scaffold_route_probe,quest_cutscene,processEvent070,pgl30670,scaffold_only_owner_recovered_probe_required,!testcutscene pgl30670 delegate 1,,"callClientFunction(player, ""delegateEvent"", player, quest, ""processEvent070"", <payload?>)",no_mutation_probe_only,high,scaffold can accept/complete/reward directly,"quest sequence before/after; owner actor/event name/type; recovered cutscene args=""pgl30670""; 1; InitClassQuest wrapper: template can AcceptQuest, CompleteQuest, grant items, and AddExp directly; scene_log_only_no_accept_complete_reward_item_or_exp_mutation; Gagaruna by method/dialogue; scaffold actor 1400019 is accept_reward_only",,cutscene push/operator proof,Data\scripts\quests\pgl\pgl306.lua,outputs\quest-cutscene-push-matrix-atlas-20260630\recovered_cutscene_push_matrix.csv
quest_push_operator_rows,104,pgl306,110062,Two Sides to Every Chip,class,data_or_stub,cutscene_scaffold_route_probe,quest_cutscene,processEvent080,pgl30680,scaffold_only_owner_recovered_probe_required,!testcutscene pgl30680 delegate 1,,"callClientFunction(player, ""delegateEvent"", player, quest, ""processEvent080"", <payload?>)",no_mutation_probe_only,high,scaffold can accept/complete/reward directly,"quest sequence before/after; owner actor/event name/type; recovered cutscene args=""pgl30680""; 1; InitClassQuest wrapper: template can AcceptQuest, CompleteQuest, grant items, and AddExp directly; scene_log_only_no_accept_complete_reward_item_or_exp_mutation; Gagaruna by method/dialogue; scaffold actor 1400019 is accept_reward_only",,cutscene push/operator proof,Data\scripts\quests\pgl\pgl306.lua,outputs\quest-cutscene-push-matrix-atlas-20260630\recovered_cutscene_push_matrix.csv
quest_push_operator_rows,104,pgl306,110062,Two Sides to Every Chip,class,data_or_stub,cutscene_scaffold_route_probe,quest_cutscene,processEventGagarunaStart,pgl30610,scaffold_only_owner_recovered_probe_required,!testcutscene pgl30610 delegate 2,,"callClientFunction(player, ""delegateEvent"", player, quest, ""processEventGagarunaStart"", <payload?>)",no_mutation_probe_only,high,scaffold can accept/complete/reward directly,"quest sequence before/after; owner actor/event name/type; recovered cutscene args=""pgl30610""; 2; InitClassQuest wrapper: template can AcceptQuest, CompleteQuest, grant items, and AddExp directly; scene_log_only_no_accept_complete_reward_item_or_exp_mutation; Gagaruna Start",,cutscene push/operator proof,Data\scripts\quests\pgl\pgl306.lua,outputs\quest-cutscene-push-matrix-atlas-20260630\recovered_cutscene_push_matrix.csv
quest_push_dependency_bundles,,tan200,110380,The Silent Partners,class,data_or_stub,cutscene_scaffold_route_probe=5,quest_bundle,110380,,,,,,,high,,,no-mutation scaffold route probe,cutscene push/operator proof,,
quest_push_operator_rows,104,tan200,110380,The Silent Partners,class,data_or_stub,cutscene_scaffold_route_probe,quest_cutscene,processEvent010,tan20010,scaffold_only_owner_recovered_probe_required,!testcutscene tan20010 delegate 1,,"callClientFunction(player, ""delegateEvent"", player, quest, ""processEvent010"", <payload?>)",no_mutation_probe_only,high,scaffold can accept/complete/reward directly,"quest sequence before/after; owner actor/event name/type; recovered cutscene args=""tan20010""; 1; InitClassQuest wrapper: template can AcceptQuest, CompleteQuest, grant items, and AddExp directly; scene_log_only_no_accept_complete_reward_item_or_exp_mutation",,cutscene push/operator proof,Data\scripts\quests\tan\tan200.lua,outputs\quest-cutscene-push-matrix-atlas-20260630\recovered_cutscene_push_matrix.csv
quest_push_operator_rows,104,tan200,110380,The Silent Partners,class,data_or_stub,cutscene_scaffold_route_probe,quest_cutscene,processEvent020,tan20020,scaffold_only_owner_recovered_probe_required,!testcutscene tan20020 delegate 1,,"callClientFunction(player, ""delegateEvent"", player, quest, ""processEvent020"", <payload?>)",no_mutation_probe_only,high,scaffold can accept/complete/reward directly,"quest sequence before/after; owner actor/event name/type; recovered cutscene args=""tan20020""; 1; InitClassQuest wrapper: template can AcceptQuest, CompleteQuest, grant items, and AddExp directly; scene_log_only_no_accept_complete_reward_item_or_exp_mutation",,cutscene push/operator proof,Data\scripts\quests\tan\tan200.lua,outputs\quest-cutscene-push-matrix-atlas-20260630\recovered_cutscene_push_matrix.csv
quest_push_operator_rows,104,tan200,110380,The Silent Partners,class,data_or_stub,cutscene_scaffold_route_probe,quest_cutscene,processEvent030,tan20030,scaffold_only_owner_recovered_probe_required,!testcutscene tan20030 delegate 1,,"callClientFunction(player, ""delegateEvent"", player, quest, ""processEvent030"", <payload?>)",no_mutation_probe_only,high,scaffold can accept/complete/reward directly,"quest sequence before/after; owner actor/event name/type; recovered cutscene args=""tan20030""; 1; InitClassQuest wrapper: template can AcceptQuest, CompleteQuest, grant items, and AddExp directly; scene_log_only_no_accept_complete_reward_item_or_exp_mutation",,cutscene push/operator proof,Data\scripts\quests\tan\tan200.lua,outputs\quest-cutscene-push-matrix-atlas-20260630\recovered_cutscene_push_matrix.csv
quest_push_operator_rows,104,tan200,110380,The Silent Partners,class,data_or_stub,cutscene_scaffold_route_probe,quest_cutscene,processEvent040,tan20040,scaffold_only_owner_recovered_probe_required,!testcutscene tan20040 delegate 1,,"callClientFunction(player, ""delegateEvent"", player, quest, ""processEvent040"", <payload?>)",no_mutation_probe_only,high,scaffold can accept/complete/reward directly,"quest sequence before/after; owner actor/event name/type; recovered cutscene args=""tan20040""; 1; InitClassQuest wrapper: template can AcceptQuest, CompleteQuest, grant items, and AddExp directly; scene_log_only_no_accept_complete_reward_item_or_exp_mutation",,cutscene push/operator proof,Data\scripts\quests\tan\tan200.lua,outputs\quest-cutscene-push-matrix-atlas-20260630\recovered_cutscene_push_matrix.csv
quest_push_operator_rows,104,tan200,110380,The Silent Partners,class,data_or_stub,cutscene_scaffold_route_probe,quest_cutscene,processEvent050,tan20050,scaffold_only_owner_recovered_probe_required,!testcutscene tan20050 delegate 1,,"callClientFunction(player, ""delegateEvent"", player, quest, ""processEvent050"", <payload?>)",no_mutation_probe_only,high,scaffold can accept/complete/reward directly,"quest sequence before/after; owner actor/event name/type; recovered cutscene args=""tan20050""; 1; InitClassQuest wrapper: template can AcceptQuest, CompleteQuest, grant items, and AddExp directly; scene_log_only_no_accept_complete_reward_item_or_exp_mutation",,cutscene push/operator proof,Data\scripts\quests\tan\tan200.lua,outputs\quest-cutscene-push-matrix-atlas-20260630\recovered_cutscene_push_matrix.csv
quest_push_dependency_bundles,,tan300,110381,Design Imposters,class,data_or_stub,cutscene_scaffold_route_probe=5,quest_bundle,110381,,,,,,,high,,,no-mutation scaffold route probe,cutscene push/operator proof,,
quest_push_operator_rows,104,tan300,110381,Design Imposters,class,data_or_stub,cutscene_scaffold_route_probe,quest_cutscene,processEvent010,tan30010,scaffold_only_owner_recovered_probe_required,!testcutscene tan30010 delegate 1,,"callClientFunction(player, ""delegateEvent"", player, quest, ""processEvent010"", <payload?>)",no_mutation_probe_only,high,scaffold can accept/complete/reward directly,"quest sequence before/after; owner actor/event name/type; recovered cutscene args=""tan30010""; 1; InitClassQuest wrapper: template can AcceptQuest, CompleteQuest, grant items, and AddExp directly; scene_log_only_no_accept_complete_reward_item_or_exp_mutation",,cutscene push/operator proof,Data\scripts\quests\tan\tan300.lua,outputs\quest-cutscene-push-matrix-atlas-20260630\recovered_cutscene_push_matrix.csv
quest_push_operator_rows,104,tan300,110381,Design Imposters,class,data_or_stub,cutscene_scaffold_route_probe,quest_cutscene,processEvent020,tan30020,scaffold_only_owner_recovered_probe_required,!testcutscene tan30020 delegate 1,,"callClientFunction(player, ""delegateEvent"", player, quest, ""processEvent020"", <payload?>)",no_mutation_probe_only,high,scaffold can accept/complete/reward directly,"quest sequence before/after; owner actor/event name/type; recovered cutscene args=""tan30020""; 1; InitClassQuest wrapper: template can AcceptQuest, CompleteQuest, grant items, and AddExp directly; scene_log_only_no_accept_complete_reward_item_or_exp_mutation",,cutscene push/operator proof,Data\scripts\quests\tan\tan300.lua,outputs\quest-cutscene-push-matrix-atlas-20260630\recovered_cutscene_push_matrix.csv
quest_push_operator_rows,104,tan300,110381,Design Imposters,class,data_or_stub,cutscene_scaffold_route_probe,quest_cutscene,processEvent030,tan30030,scaffold_only_owner_recovered_probe_required,!testcutscene tan30030 delegate 1,,"callClientFunction(player, ""delegateEvent"", player, quest, ""processEvent030"", <payload?>)",no_mutation_probe_only,high,scaffold can accept/complete/reward directly,"quest sequence before/after; owner actor/event name/type; recovered cutscene args=""tan30030""; 1; InitClassQuest wrapper: template can AcceptQuest, CompleteQuest, grant items, and AddExp directly; scene_log_only_no_accept_complete_reward_item_or_exp_mutation",,cutscene push/operator proof,Data\scripts\quests\tan\tan300.lua,outputs\quest-cutscene-push-matrix-atlas-20260630\recovered_cutscene_push_matrix.csv
quest_push_operator_rows,104,tan300,110381,Design Imposters,class,data_or_stub,cutscene_scaffold_route_probe,quest_cutscene,processEvent040,tan30040,scaffold_only_owner_recovered_probe_required,!testcutscene tan30040 delegate 1,,"callClientFunction(player, ""delegateEvent"", player, quest, ""processEvent040"", <payload?>)",no_mutation_probe_only,high,scaffold can accept/complete/reward directly,"quest sequence before/after; owner actor/event name/type; recovered cutscene args=""tan30040""; 1; InitClassQuest wrapper: template can AcceptQuest, CompleteQuest, grant items, and AddExp directly; scene_log_only_no_accept_complete_reward_item_or_exp_mutation",,cutscene push/operator proof,Data\scripts\quests\tan\tan300.lua,outputs\quest-cutscene-push-matrix-atlas-20260630\recovered_cutscene_push_matrix.csv
quest_push_operator_rows,104,tan300,110381,Design Imposters,class,data_or_stub,cutscene_scaffold_route_probe,quest_cutscene,processEvent050,tan30050,scaffold_only_owner_recovered_probe_required,!testcutscene tan30050 delegate 1,,"callClientFunction(player, ""delegateEvent"", player, quest, ""processEvent050"", <payload?>)",no_mutation_probe_only,high,scaffold can accept/complete/reward directly,"quest sequence before/after; owner actor/event name/type; recovered cutscene args=""tan30050""; 1; InitClassQuest wrapper: template can AcceptQuest, CompleteQuest, grant items, and AddExp directly; scene_log_only_no_accept_complete_reward_item_or_exp_mutation",,cutscene push/operator proof,Data\scripts\quests\tan\tan300.lua,outputs\quest-cutscene-push-matrix-atlas-20260630\recovered_cutscene_push_matrix.csv
quest_push_dependency_bundles,,tan306,110382,Head of the Class,class,data_or_stub,cutscene_scaffold_route_probe=4,quest_bundle,110382,,,,,,,high,,,no-mutation scaffold route probe,cutscene push/operator proof,,
quest_push_operator_rows,104,tan306,110382,Head of the Class,class,data_or_stub,cutscene_scaffold_route_probe,quest_cutscene,processEvent010,tan30610,scaffold_only_owner_recovered_probe_required,!testcutscene tan30610 delegate 1,,"callClientFunction(player, ""delegateEvent"", player, quest, ""processEvent010"", <payload?>)",no_mutation_probe_only,high,scaffold can accept/complete/reward directly,"quest sequence before/after; owner actor/event name/type; recovered cutscene args=""tan30610""; 1; InitClassQuest wrapper: template can AcceptQuest, CompleteQuest, grant items, and AddExp directly; scene_log_only_no_accept_complete_reward_item_or_exp_mutation",,cutscene push/operator proof,Data\scripts\quests\tan\tan306.lua,outputs\quest-cutscene-push-matrix-atlas-20260630\recovered_cutscene_push_matrix.csv
quest_push_operator_rows,104,tan306,110382,Head of the Class,class,data_or_stub,cutscene_scaffold_route_probe,quest_cutscene,processEvent020,tan30620,scaffold_only_owner_recovered_probe_required,!testcutscene tan30620 delegate 1,,"callClientFunction(player, ""delegateEvent"", player, quest, ""processEvent020"", <payload?>)",no_mutation_probe_only,high,scaffold can accept/complete/reward directly,"quest sequence before/after; owner actor/event name/type; recovered cutscene args=""tan30620""; 1; InitClassQuest wrapper: template can AcceptQuest, CompleteQuest, grant items, and AddExp directly; scene_log_only_no_accept_complete_reward_item_or_exp_mutation",,cutscene push/operator proof,Data\scripts\quests\tan\tan306.lua,outputs\quest-cutscene-push-matrix-atlas-20260630\recovered_cutscene_push_matrix.csv
quest_push_operator_rows,104,tan306,110382,Head of the Class,class,data_or_stub,cutscene_scaffold_route_probe,quest_cutscene,processEvent030,tan30630,scaffold_only_owner_recovered_probe_required,!testcutscene tan30630 delegate 1,,"callClientFunction(player, ""delegateEvent"", player, quest, ""processEvent030"", <payload?>)",no_mutation_probe_only,high,scaffold can accept/complete/reward directly,"quest sequence before/after; owner actor/event name/type; recovered cutscene args=""tan30630""; 1; InitClassQuest wrapper: template can AcceptQuest, CompleteQuest, grant items, and AddExp directly; scene_log_only_no_accept_complete_reward_item_or_exp_mutation",,cutscene push/operator proof,Data\scripts\quests\tan\tan306.lua,outputs\quest-cutscene-push-matrix-atlas-20260630\recovered_cutscene_push_matrix.csv
quest_push_operator_rows,104,tan306,110382,Head of the Class,class,data_or_stub,cutscene_scaffold_route_probe,quest_cutscene,processEvent040,tan30640,scaffold_only_owner_recovered_probe_required,!testcutscene tan30640 delegate 1,,"callClientFunction(player, ""delegateEvent"", player, quest, ""processEvent040"", <payload?>)",no_mutation_probe_only,high,scaffold can accept/complete/reward directly,"quest sequence before/after; owner actor/event name/type; recovered cutscene args=""tan30640""; 1; InitClassQuest wrapper: template can AcceptQuest, CompleteQuest, grant items, and AddExp directly; scene_log_only_no_accept_complete_reward_item_or_exp_mutation; A2_24",,cutscene push/operator proof,Data\scripts\quests\tan\tan306.lua,outputs\quest-cutscene-push-matrix-atlas-20260630\recovered_cutscene_push_matrix.csv
quest_push_dependency_bundles,,thm200,110240,The Big Payback,class,data_or_stub,cutscene_scaffold_route_probe=4,quest_bundle,110240,,,,,,,high,,,no-mutation scaffold route probe,cutscene push/operator proof,,
quest_push_operator_rows,104,thm200,110240,The Big Payback,class,data_or_stub,cutscene_scaffold_route_probe,quest_cutscene,processEvent020,thm20020,scaffold_only_owner_recovered_probe_required,!testcutscene thm20020 delegate 1,,"callClientFunction(player, ""delegateEvent"", player, quest, ""processEvent020"", <payload?>)",no_mutation_probe_only,high,scaffold can accept/complete/reward directly,"quest sequence before/after; owner actor/event name/type; recovered cutscene args=""thm20020""; 1; InitClassQuest wrapper: template can AcceptQuest, CompleteQuest, grant items, and AddExp directly; scene_log_only_no_accept_complete_reward_item_or_exp_mutation",,cutscene push/operator proof,Data\scripts\quests\thm\thm200.lua,outputs\quest-cutscene-push-matrix-atlas-20260630\recovered_cutscene_push_matrix.csv
quest_push_operator_rows,104,thm200,110240,The Big Payback,class,data_or_stub,cutscene_scaffold_route_probe,quest_cutscene,processEvent030,thm20030,scaffold_only_owner_recovered_probe_required,!testcutscene thm20030 delegate 1,,"callClientFunction(player, ""delegateEvent"", player, quest, ""processEvent030"", <payload?>)",no_mutation_probe_only,high,scaffold can accept/complete/reward directly,"quest sequence before/after; owner actor/event name/type; recovered cutscene args=""thm20030""; 1; InitClassQuest wrapper: template can AcceptQuest, CompleteQuest, grant items, and AddExp directly; scene_log_only_no_accept_complete_reward_item_or_exp_mutation",,cutscene push/operator proof,Data\scripts\quests\thm\thm200.lua,outputs\quest-cutscene-push-matrix-atlas-20260630\recovered_cutscene_push_matrix.csv
quest_push_operator_rows,104,thm200,110240,The Big Payback,class,data_or_stub,cutscene_scaffold_route_probe,quest_cutscene,processEventYayakeStart,thm20010,scaffold_only_owner_recovered_probe_required,!testcutscene thm20010 delegate 2,,"callClientFunction(player, ""delegateEvent"", player, quest, ""processEventYayakeStart"", <payload?>)",no_mutation_probe_only,high,scaffold can accept/complete/reward directly,"quest sequence before/after; owner actor/event name/type; recovered cutscene args=""thm20010""; 2; InitClassQuest wrapper: template can AcceptQuest, CompleteQuest, grant items, and AddExp directly; scene_log_only_no_accept_complete_reward_item_or_exp_mutation; Yayake Start",,cutscene push/operator proof,Data\scripts\quests\thm\thm200.lua,outputs\quest-cutscene-push-matrix-atlas-20260630\recovered_cutscene_push_matrix.csv
quest_push_operator_rows,104,thm200,110240,The Big Payback,class,data_or_stub,cutscene_scaffold_route_probe,quest_cutscene,processEventYayakeStart,thm20010,scaffold_only_owner_recovered_probe_required,!testcutscene thm20010 delegate 2,,"callClientFunction(player, ""delegateEvent"", player, quest, ""processEventYayakeStart"", <payload?>)",no_mutation_probe_only,high,scaffold can accept/complete/reward directly,"quest sequence before/after; owner actor/event name/type; recovered cutscene args=""thm20010""; 2; InitClassQuest wrapper: template can AcceptQuest, CompleteQuest, grant items, and AddExp directly; scene_log_only_no_accept_complete_reward_item_or_exp_mutation; Yayake Start",,cutscene push/operator proof,Data\scripts\quests\thm\thm200.lua,outputs\quest-cutscene-push-matrix-atlas-20260630\recovered_cutscene_push_matrix.csv
quest_push_dependency_bundles,,thm300,110241,Revelry in Rivalry,class,data_or_stub,cutscene_scaffold_route_probe=6,quest_bundle,110241,,,,,,,high,,,no-mutation scaffold route probe,cutscene push/operator proof,,
quest_push_operator_rows,104,thm300,110241,Revelry in Rivalry,class,data_or_stub,cutscene_scaffold_route_probe,quest_cutscene,processEvent020,thm30020,scaffold_only_owner_recovered_probe_required,!testcutscene thm30020 delegate 1,,"callClientFunction(player, ""delegateEvent"", player, quest, ""processEvent020"", <payload?>)",no_mutation_probe_only,high,scaffold can accept/complete/reward directly,"quest sequence before/after; owner actor/event name/type; recovered cutscene args=""thm30020""; 1; InitClassQuest wrapper: template can AcceptQuest, CompleteQuest, grant items, and AddExp directly; scene_log_only_no_accept_complete_reward_item_or_exp_mutation",,cutscene push/operator proof,Data\scripts\quests\thm\thm300.lua,outputs\quest-cutscene-push-matrix-atlas-20260630\recovered_cutscene_push_matrix.csv
quest_push_operator_rows,104,thm300,110241,Revelry in Rivalry,class,data_or_stub,cutscene_scaffold_route_probe,quest_cutscene,processEvent030,thm30030,scaffold_only_owner_recovered_probe_required,!testcutscene thm30030 delegate 1,,"callClientFunction(player, ""delegateEvent"", player, quest, ""processEvent030"", <payload?>)",no_mutation_probe_only,high,scaffold can accept/complete/reward directly,"quest sequence before/after; owner actor/event name/type; recovered cutscene args=""thm30030""; 1; InitClassQuest wrapper: template can AcceptQuest, CompleteQuest, grant items, and AddExp directly; scene_log_only_no_accept_complete_reward_item_or_exp_mutation; A2_21",,cutscene push/operator proof,Data\scripts\quests\thm\thm300.lua,outputs\quest-cutscene-push-matrix-atlas-20260630\recovered_cutscene_push_matrix.csv
quest_push_operator_rows,104,thm300,110241,Revelry in Rivalry,class,data_or_stub,cutscene_scaffold_route_probe,quest_cutscene,processEvent030_1,thm30030,scaffold_only_owner_recovered_probe_required,!testcutscene thm30030 delegate 1,,"callClientFunction(player, ""delegateEvent"", player, quest, ""processEvent030_1"", <payload?>)",no_mutation_probe_only,high,scaffold can accept/complete/reward directly,"quest sequence before/after; owner actor/event name/type; recovered cutscene args=""thm30030""; 1; InitClassQuest wrapper: template can AcceptQuest, CompleteQuest, grant items, and AddExp directly; scene_log_only_no_accept_complete_reward_item_or_exp_mutation; A2_24",,cutscene push/operator proof,Data\scripts\quests\thm\thm300.lua,outputs\quest-cutscene-push-matrix-atlas-20260630\recovered_cutscene_push_matrix.csv
quest_push_operator_rows,104,thm300,110241,Revelry in Rivalry,class,data_or_stub,cutscene_scaffold_route_probe,quest_cutscene,processEvent040,thm30040,scaffold_only_owner_recovered_probe_required,!testcutscene thm30040 delegate 1,,"callClientFunction(player, ""delegateEvent"", player, quest, ""processEvent040"", <payload?>)",no_mutation_probe_only,high,scaffold can accept/complete/reward directly,"quest sequence before/after; owner actor/event name/type; recovered cutscene args=""thm30040""; 1; InitClassQuest wrapper: template can AcceptQuest, CompleteQuest, grant items, and AddExp directly; scene_log_only_no_accept_complete_reward_item_or_exp_mutation",,cutscene push/operator proof,Data\scripts\quests\thm\thm300.lua,outputs\quest-cutscene-push-matrix-atlas-20260630\recovered_cutscene_push_matrix.csv
quest_push_operator_rows,104,thm300,110241,Revelry in Rivalry,class,data_or_stub,cutscene_scaffold_route_probe,quest_cutscene,processEventYayakeStart,thm30010,scaffold_only_owner_recovered_probe_required,!testcutscene thm30010 delegate 2,,"callClientFunction(player, ""delegateEvent"", player, quest, ""processEventYayakeStart"", <payload?>)",no_mutation_probe_only,high,scaffold can accept/complete/reward directly,"quest sequence before/after; owner actor/event name/type; recovered cutscene args=""thm30010""; 2; InitClassQuest wrapper: template can AcceptQuest, CompleteQuest, grant items, and AddExp directly; scene_log_only_no_accept_complete_reward_item_or_exp_mutation; Yayake Start",,cutscene push/operator proof,Data\scripts\quests\thm\thm300.lua,outputs\quest-cutscene-push-matrix-atlas-20260630\recovered_cutscene_push_matrix.csv
quest_push_operator_rows,104,thm300,110241,Revelry in Rivalry,class,data_or_stub,cutscene_scaffold_route_probe,quest_cutscene,processEventYayakeStart,thm30010,scaffold_only_owner_recovered_probe_required,!testcutscene thm30010 delegate 2,,"callClientFunction(player, ""delegateEvent"", player, quest, ""processEventYayakeStart"", <payload?>)",no_mutation_probe_only,high,scaffold can accept/complete/reward directly,"quest sequence before/after; owner actor/event name/type; recovered cutscene args=""thm30010""; 2; InitClassQuest wrapper: template can AcceptQuest, CompleteQuest, grant items, and AddExp directly; scene_log_only_no_accept_complete_reward_item_or_exp_mutation; Yayake Start",,cutscene push/operator proof,Data\scripts\quests\thm\thm300.lua,outputs\quest-cutscene-push-matrix-atlas-20260630\recovered_cutscene_push_matrix.csv
quest_push_dependency_bundles,,thm306,110242,Law and the Order,class,data_or_stub,cutscene_scaffold_route_probe=7,quest_bundle,110242,,,,,,,high,,,no-mutation scaffold route probe,cutscene push/operator proof,,
quest_push_operator_rows,104,thm306,110242,Law and the Order,class,data_or_stub,cutscene_scaffold_route_probe,quest_cutscene,processEvent020,thm30620,scaffold_only_owner_recovered_probe_required,!testcutscene thm30620 delegate 1,,"callClientFunction(player, ""delegateEvent"", player, quest, ""processEvent020"", <payload?>)",no_mutation_probe_only,high,scaffold can accept/complete/reward directly,"quest sequence before/after; owner actor/event name/type; recovered cutscene args=""thm30620""; 1; InitClassQuest wrapper: template can AcceptQuest, CompleteQuest, grant items, and AddExp directly; scene_log_only_no_accept_complete_reward_item_or_exp_mutation",,cutscene push/operator proof,Data\scripts\quests\thm\thm306.lua,outputs\quest-cutscene-push-matrix-atlas-20260630\recovered_cutscene_push_matrix.csv
quest_push_operator_rows,104,thm306,110242,Law and the Order,class,data_or_stub,cutscene_scaffold_route_probe,quest_cutscene,processEvent030,thm30630,scaffold_only_owner_recovered_probe_required,!testcutscene thm30630 delegate 1,,"callClientFunction(player, ""delegateEvent"", player, quest, ""processEvent030"", <payload?>)",no_mutation_probe_only,high,scaffold can accept/complete/reward directly,"quest sequence before/after; owner actor/event name/type; recovered cutscene args=""thm30630""; 1; InitClassQuest wrapper: template can AcceptQuest, CompleteQuest, grant items, and AddExp directly; scene_log_only_no_accept_complete_reward_item_or_exp_mutation",,cutscene push/operator proof,Data\scripts\quests\thm\thm306.lua,outputs\quest-cutscene-push-matrix-atlas-20260630\recovered_cutscene_push_matrix.csv
quest_push_operator_rows,104,thm306,110242,Law and the Order,class,data_or_stub,cutscene_scaffold_route_probe,quest_cutscene,processEvent040,thm30640,scaffold_only_owner_recovered_probe_required,!testcutscene thm30640 delegate 1,,"callClientFunction(player, ""delegateEvent"", player, quest, ""processEvent040"", <payload?>)",no_mutation_probe_only,high,scaffold can accept/complete/reward directly,"quest sequence before/after; owner actor/event name/type; recovered cutscene args=""thm30640""; 1; InitClassQuest wrapper: template can AcceptQuest, CompleteQuest, grant items, and AddExp directly; scene_log_only_no_accept_complete_reward_item_or_exp_mutation",,cutscene push/operator proof,Data\scripts\quests\thm\thm306.lua,outputs\quest-cutscene-push-matrix-atlas-20260630\recovered_cutscene_push_matrix.csv
quest_push_operator_rows,104,thm306,110242,Law and the Order,class,data_or_stub,cutscene_scaffold_route_probe,quest_cutscene,processEvent050,thm30650,scaffold_only_owner_recovered_probe_required,!testcutscene thm30650 delegate 1,,"callClientFunction(player, ""delegateEvent"", player, quest, ""processEvent050"", <payload?>)",no_mutation_probe_only,high,scaffold can accept/complete/reward directly,"quest sequence before/after; owner actor/event name/type; recovered cutscene args=""thm30650""; 1; InitClassQuest wrapper: template can AcceptQuest, CompleteQuest, grant items, and AddExp directly; scene_log_only_no_accept_complete_reward_item_or_exp_mutation",,cutscene push/operator proof,Data\scripts\quests\thm\thm306.lua,outputs\quest-cutscene-push-matrix-atlas-20260630\recovered_cutscene_push_matrix.csv
quest_push_operator_rows,104,thm306,110242,Law and the Order,class,data_or_stub,cutscene_scaffold_route_probe,quest_cutscene,processEvent060,thm30660,scaffold_only_owner_recovered_probe_required,!testcutscene thm30660 delegate 1,,"callClientFunction(player, ""delegateEvent"", player, quest, ""processEvent060"", <payload?>)",no_mutation_probe_only,high,scaffold can accept/complete/reward directly,"quest sequence before/after; owner actor/event name/type; recovered cutscene args=""thm30660""; 1; InitClassQuest wrapper: template can AcceptQuest, CompleteQuest, grant items, and AddExp directly; scene_log_only_no_accept_complete_reward_item_or_exp_mutation",,cutscene push/operator proof,Data\scripts\quests\thm\thm306.lua,outputs\quest-cutscene-push-matrix-atlas-20260630\recovered_cutscene_push_matrix.csv
quest_push_operator_rows,104,thm306,110242,Law and the Order,class,data_or_stub,cutscene_scaffold_route_probe,quest_cutscene,processEventYayakeStart,thm30610,scaffold_only_owner_recovered_probe_required,!testcutscene thm30610 delegate 2,,"callClientFunction(player, ""delegateEvent"", player, quest, ""processEventYayakeStart"", <payload?>)",no_mutation_probe_only,high,scaffold can accept/complete/reward directly,"quest sequence before/after; owner actor/event name/type; recovered cutscene args=""thm30610""; 2; InitClassQuest wrapper: template can AcceptQuest, CompleteQuest, grant items, and AddExp directly; scene_log_only_no_accept_complete_reward_item_or_exp_mutation; Yayake Start",,cutscene push/operator proof,Data\scripts\quests\thm\thm306.lua,outputs\quest-cutscene-push-matrix-atlas-20260630\recovered_cutscene_push_matrix.csv
quest_push_operator_rows,104,thm306,110242,Law and the Order,class,data_or_stub,cutscene_scaffold_route_probe,quest_cutscene,processEventYayakeStart,thm30610,scaffold_only_owner_recovered_probe_required,!testcutscene thm30610 delegate 2,,"callClientFunction(player, ""delegateEvent"", player, quest, ""processEventYayakeStart"", <payload?>)",no_mutation_probe_only,high,scaffold can accept/complete/reward directly,"quest sequence before/after; owner actor/event name/type; recovered cutscene args=""thm30610""; 2; InitClassQuest wrapper: template can AcceptQuest, CompleteQuest, grant items, and AddExp directly; scene_log_only_no_accept_complete_reward_item_or_exp_mutation; Yayake Start",,cutscene push/operator proof,Data\scripts\quests\thm\thm306.lua,outputs\quest-cutscene-push-matrix-atlas-20260630\recovered_cutscene_push_matrix.csv
quest_push_dependency_bundles,,wdk200,110300,The Mouths of Babes,class,data_or_stub,cutscene_scaffold_route_probe=3,quest_bundle,110300,,,,,,,high,,,no-mutation scaffold route probe,cutscene push/operator proof,,
quest_push_operator_rows,104,wdk200,110300,The Mouths of Babes,class,data_or_stub,cutscene_scaffold_route_probe,quest_cutscene,processEvent010,wdk20010,scaffold_only_owner_recovered_probe_required,!testcutscene wdk20010 delegate 1,,"callClientFunction(player, ""delegateEvent"", player, quest, ""processEvent010"", <payload?>)",no_mutation_probe_only,high,scaffold can accept/complete/reward directly,"quest sequence before/after; owner actor/event name/type; recovered cutscene args=""wdk20010""; 1; InitClassQuest wrapper: template can AcceptQuest, CompleteQuest, grant items, and AddExp directly; scene_log_only_no_accept_complete_reward_item_or_exp_mutation",,cutscene push/operator proof,Data\scripts\quests\wdk\wdk200.lua,outputs\quest-cutscene-push-matrix-atlas-20260630\recovered_cutscene_push_matrix.csv
quest_push_operator_rows,104,wdk200,110300,The Mouths of Babes,class,data_or_stub,cutscene_scaffold_route_probe,quest_cutscene,processEvent020,wdk20020,scaffold_only_owner_recovered_probe_required,!testcutscene wdk20020 delegate 1,,"callClientFunction(player, ""delegateEvent"", player, quest, ""processEvent020"", <payload?>)",no_mutation_probe_only,high,scaffold can accept/complete/reward directly,"quest sequence before/after; owner actor/event name/type; recovered cutscene args=""wdk20020""; 1; InitClassQuest wrapper: template can AcceptQuest, CompleteQuest, grant items, and AddExp directly; scene_log_only_no_accept_complete_reward_item_or_exp_mutation",,cutscene push/operator proof,Data\scripts\quests\wdk\wdk200.lua,outputs\quest-cutscene-push-matrix-atlas-20260630\recovered_cutscene_push_matrix.csv
quest_push_operator_rows,104,wdk200,110300,The Mouths of Babes,class,data_or_stub,cutscene_scaffold_route_probe,quest_cutscene,processEvent030,wdk20030,scaffold_only_owner_recovered_probe_required,!testcutscene wdk20030 delegate 1,,"callClientFunction(player, ""delegateEvent"", player, quest, ""processEvent030"", <payload?>)",no_mutation_probe_only,high,scaffold can accept/complete/reward directly,"quest sequence before/after; owner actor/event name/type; recovered cutscene args=""wdk20030""; 1; InitClassQuest wrapper: template can AcceptQuest, CompleteQuest, grant items, and AddExp directly; scene_log_only_no_accept_complete_reward_item_or_exp_mutation",,cutscene push/operator proof,Data\scripts\quests\wdk\wdk200.lua,outputs\quest-cutscene-push-matrix-atlas-20260630\recovered_cutscene_push_matrix.csv
quest_push_dependency_bundles,,wdk300,110301,Hide and Seek Shenanigans,class,data_or_stub,cutscene_scaffold_route_probe=6,quest_bundle,110301,,,,,,,high,,,no-mutation scaffold route probe,cutscene push/operator proof,,
quest_push_operator_rows,104,wdk300,110301,Hide and Seek Shenanigans,class,data_or_stub,cutscene_scaffold_route_probe,quest_cutscene,processEvent010,wdk30010,scaffold_only_owner_recovered_probe_required,!testcutscene wdk30010 delegate 1,,"callClientFunction(player, ""delegateEvent"", player, quest, ""processEvent010"", <payload?>)",no_mutation_probe_only,high,scaffold can accept/complete/reward directly,"quest sequence before/after; owner actor/event name/type; recovered cutscene args=""wdk30010""; 1; InitClassQuest wrapper: template can AcceptQuest, CompleteQuest, grant items, and AddExp directly; scene_log_only_no_accept_complete_reward_item_or_exp_mutation",,cutscene push/operator proof,Data\scripts\quests\wdk\wdk300.lua,outputs\quest-cutscene-push-matrix-atlas-20260630\recovered_cutscene_push_matrix.csv
quest_push_operator_rows,104,wdk300,110301,Hide and Seek Shenanigans,class,data_or_stub,cutscene_scaffold_route_probe,quest_cutscene,processEvent020,wdk30020,scaffold_only_owner_recovered_probe_required,!testcutscene wdk30020 delegate 1,,"callClientFunction(player, ""delegateEvent"", player, quest, ""processEvent020"", <payload?>)",no_mutation_probe_only,high,scaffold can accept/complete/reward directly,"quest sequence before/after; owner actor/event name/type; recovered cutscene args=""wdk30020""; 1; InitClassQuest wrapper: template can AcceptQuest, CompleteQuest, grant items, and AddExp directly; scene_log_only_no_accept_complete_reward_item_or_exp_mutation",,cutscene push/operator proof,Data\scripts\quests\wdk\wdk300.lua,outputs\quest-cutscene-push-matrix-atlas-20260630\recovered_cutscene_push_matrix.csv
quest_push_operator_rows,104,wdk300,110301,Hide and Seek Shenanigans,class,data_or_stub,cutscene_scaffold_route_probe,quest_cutscene,processEvent030,wdk30030,scaffold_only_owner_recovered_probe_required,!testcutscene wdk30030 delegate 1,,"callClientFunction(player, ""delegateEvent"", player, quest, ""processEvent030"", <payload?>)",no_mutation_probe_only,high,scaffold can accept/complete/reward directly,"quest sequence before/after; owner actor/event name/type; recovered cutscene args=""wdk30030""; 1; InitClassQuest wrapper: template can AcceptQuest, CompleteQuest, grant items, and AddExp directly; scene_log_only_no_accept_complete_reward_item_or_exp_mutation",,cutscene push/operator proof,Data\scripts\quests\wdk\wdk300.lua,outputs\quest-cutscene-push-matrix-atlas-20260630\recovered_cutscene_push_matrix.csv
quest_push_operator_rows,104,wdk300,110301,Hide and Seek Shenanigans,class,data_or_stub,cutscene_scaffold_route_probe,quest_cutscene,processEvent040,wdk30040,scaffold_only_owner_recovered_probe_required,!testcutscene wdk30040 delegate 1,,"callClientFunction(player, ""delegateEvent"", player, quest, ""processEvent040"", <payload?>)",no_mutation_probe_only,high,scaffold can accept/complete/reward directly,"quest sequence before/after; owner actor/event name/type; recovered cutscene args=""wdk30040""; 1; InitClassQuest wrapper: template can AcceptQuest, CompleteQuest, grant items, and AddExp directly; scene_log_only_no_accept_complete_reward_item_or_exp_mutation",,cutscene push/operator proof,Data\scripts\quests\wdk\wdk300.lua,outputs\quest-cutscene-push-matrix-atlas-20260630\recovered_cutscene_push_matrix.csv
quest_push_operator_rows,104,wdk300,110301,Hide and Seek Shenanigans,class,data_or_stub,cutscene_scaffold_route_probe,quest_cutscene,processEvent050,wdk30050,scaffold_only_owner_recovered_probe_required,!testcutscene wdk30050 delegate 1,,"callClientFunction(player, ""delegateEvent"", player, quest, ""processEvent050"", <payload?>)",no_mutation_probe_only,high,scaffold can accept/complete/reward directly,"quest sequence before/after; owner actor/event name/type; recovered cutscene args=""wdk30050""; 1; InitClassQuest wrapper: template can AcceptQuest, CompleteQuest, grant items, and AddExp directly; scene_log_only_no_accept_complete_reward_item_or_exp_mutation",,cutscene push/operator proof,Data\scripts\quests\wdk\wdk300.lua,outputs\quest-cutscene-push-matrix-atlas-20260630\recovered_cutscene_push_matrix.csv
quest_push_operator_rows,104,wdk300,110301,Hide and Seek Shenanigans,class,data_or_stub,cutscene_scaffold_route_probe,quest_cutscene,processEvent060,wdk30060,scaffold_only_owner_recovered_probe_required,!testcutscene wdk30060 delegate 1,,"callClientFunction(player, ""delegateEvent"", player, quest, ""processEvent060"", <payload?>)",no_mutation_probe_only,high,scaffold can accept/complete/reward directly,"quest sequence before/after; owner actor/event name/type; recovered cutscene args=""wdk30060""; 1; InitClassQuest wrapper: template can AcceptQuest, CompleteQuest, grant items, and AddExp directly; scene_log_only_no_accept_complete_reward_item_or_exp_mutation; A2_27",,cutscene push/operator proof,Data\scripts\quests\wdk\wdk300.lua,outputs\quest-cutscene-push-matrix-atlas-20260630\recovered_cutscene_push_matrix.csv
quest_push_dependency_bundles,,wdk306,110302,Spanning the Spectrum,class,data_or_stub,cutscene_scaffold_route_probe=6,quest_bundle,110302,,,,,,,high,,,no-mutation scaffold route probe,cutscene push/operator proof,,
quest_push_operator_rows,104,wdk306,110302,Spanning the Spectrum,class,data_or_stub,cutscene_scaffold_route_probe,quest_cutscene,processEvent010,wdk30610,scaffold_only_owner_recovered_probe_required,!testcutscene wdk30610 delegate 1,,"callClientFunction(player, ""delegateEvent"", player, quest, ""processEvent010"", <payload?>)",no_mutation_probe_only,high,scaffold can accept/complete/reward directly,"quest sequence before/after; owner actor/event name/type; recovered cutscene args=""wdk30610""; 1; InitClassQuest wrapper: template can AcceptQuest, CompleteQuest, grant items, and AddExp directly; scene_log_only_no_accept_complete_reward_item_or_exp_mutation",,cutscene push/operator proof,Data\scripts\quests\wdk\wdk306.lua,outputs\quest-cutscene-push-matrix-atlas-20260630\recovered_cutscene_push_matrix.csv
quest_push_operator_rows,104,wdk306,110302,Spanning the Spectrum,class,data_or_stub,cutscene_scaffold_route_probe,quest_cutscene,processEvent020,wdk30620,scaffold_only_owner_recovered_probe_required,!testcutscene wdk30620 delegate 1,,"callClientFunction(player, ""delegateEvent"", player, quest, ""processEvent020"", <payload?>)",no_mutation_probe_only,high,scaffold can accept/complete/reward directly,"quest sequence before/after; owner actor/event name/type; recovered cutscene args=""wdk30620""; 1; InitClassQuest wrapper: template can AcceptQuest, CompleteQuest, grant items, and AddExp directly; scene_log_only_no_accept_complete_reward_item_or_exp_mutation",,cutscene push/operator proof,Data\scripts\quests\wdk\wdk306.lua,outputs\quest-cutscene-push-matrix-atlas-20260630\recovered_cutscene_push_matrix.csv
quest_push_operator_rows,104,wdk306,110302,Spanning the Spectrum,class,data_or_stub,cutscene_scaffold_route_probe,quest_cutscene,processEvent030,wdk30630,scaffold_only_owner_recovered_probe_required,!testcutscene wdk30630 delegate 1,,"callClientFunction(player, ""delegateEvent"", player, quest, ""processEvent030"", <payload?>)",no_mutation_probe_only,high,scaffold can accept/complete/reward directly,"quest sequence before/after; owner actor/event name/type; recovered cutscene args=""wdk30630""; 1; InitClassQuest wrapper: template can AcceptQuest, CompleteQuest, grant items, and AddExp directly; scene_log_only_no_accept_complete_reward_item_or_exp_mutation",,cutscene push/operator proof,Data\scripts\quests\wdk\wdk306.lua,outputs\quest-cutscene-push-matrix-atlas-20260630\recovered_cutscene_push_matrix.csv
quest_push_operator_rows,104,wdk306,110302,Spanning the Spectrum,class,data_or_stub,cutscene_scaffold_route_probe,quest_cutscene,processEvent040,wdk30640,scaffold_only_owner_recovered_probe_required,!testcutscene wdk30640 delegate 1,,"callClientFunction(player, ""delegateEvent"", player, quest, ""processEvent040"", <payload?>)",no_mutation_probe_only,high,scaffold can accept/complete/reward directly,"quest sequence before/after; owner actor/event name/type; recovered cutscene args=""wdk30640""; 1; InitClassQuest wrapper: template can AcceptQuest, CompleteQuest, grant items, and AddExp directly; scene_log_only_no_accept_complete_reward_item_or_exp_mutation",,cutscene push/operator proof,Data\scripts\quests\wdk\wdk306.lua,outputs\quest-cutscene-push-matrix-atlas-20260630\recovered_cutscene_push_matrix.csv
quest_push_operator_rows,104,wdk306,110302,Spanning the Spectrum,class,data_or_stub,cutscene_scaffold_route_probe,quest_cutscene,processEvent050,wdk30650,scaffold_only_owner_recovered_probe_required,!testcutscene wdk30650 delegate 1,,"callClientFunction(player, ""delegateEvent"", player, quest, ""processEvent050"", <payload?>)",no_mutation_probe_only,high,scaffold can accept/complete/reward directly,"quest sequence before/after; owner actor/event name/type; recovered cutscene args=""wdk30650""; 1; InitClassQuest wrapper: template can AcceptQuest, CompleteQuest, grant items, and AddExp directly; scene_log_only_no_accept_complete_reward_item_or_exp_mutation",,cutscene push/operator proof,Data\scripts\quests\wdk\wdk306.lua,outputs\quest-cutscene-push-matrix-atlas-20260630\recovered_cutscene_push_matrix.csv
quest_push_operator_rows,104,wdk306,110302,Spanning the Spectrum,class,data_or_stub,cutscene_scaffold_route_probe,quest_cutscene,processEvent060,wdk30660,scaffold_only_owner_recovered_probe_required,!testcutscene wdk30660 delegate 1,,"callClientFunction(player, ""delegateEvent"", player, quest, ""processEvent060"", <payload?>)",no_mutation_probe_only,high,scaffold can accept/complete/reward directly,"quest sequence before/after; owner actor/event name/type; recovered cutscene args=""wdk30660""; 1; InitClassQuest wrapper: template can AcceptQuest, CompleteQuest, grant items, and AddExp directly; scene_log_only_no_accept_complete_reward_item_or_exp_mutation",,cutscene push/operator proof,Data\scripts\quests\wdk\wdk306.lua,outputs\quest-cutscene-push-matrix-atlas-20260630\recovered_cutscene_push_matrix.csv
quest_push_dependency_bundles,,wvr200,110400,Hoodwinked,class,data_or_stub,cutscene_scaffold_route_probe=3,quest_bundle,110400,,,,,,,high,,,no-mutation scaffold route probe,cutscene push/operator proof,,
quest_push_operator_rows,104,wvr200,110400,Hoodwinked,class,data_or_stub,cutscene_scaffold_route_probe,quest_cutscene,processEvent010,wvr20010,scaffold_only_owner_recovered_probe_required,!testcutscene wvr20010 delegate 1,,"callClientFunction(player, ""delegateEvent"", player, quest, ""processEvent010"", <payload?>)",no_mutation_probe_only,high,scaffold can accept/complete/reward directly,"quest sequence before/after; owner actor/event name/type; recovered cutscene args=""wvr20010""; 1; InitClassQuest wrapper: template can AcceptQuest, CompleteQuest, grant items, and AddExp directly; scene_log_only_no_accept_complete_reward_item_or_exp_mutation",,cutscene push/operator proof,Data\scripts\quests\wvr\wvr200.lua,outputs\quest-cutscene-push-matrix-atlas-20260630\recovered_cutscene_push_matrix.csv
quest_push_operator_rows,104,wvr200,110400,Hoodwinked,class,data_or_stub,cutscene_scaffold_route_probe,quest_cutscene,processEvent020,wvr20020,scaffold_only_owner_recovered_probe_required,!testcutscene wvr20020 delegate 1,,"callClientFunction(player, ""delegateEvent"", player, quest, ""processEvent020"", <payload?>)",no_mutation_probe_only,high,scaffold can accept/complete/reward directly,"quest sequence before/after; owner actor/event name/type; recovered cutscene args=""wvr20020""; 1; InitClassQuest wrapper: template can AcceptQuest, CompleteQuest, grant items, and AddExp directly; scene_log_only_no_accept_complete_reward_item_or_exp_mutation",,cutscene push/operator proof,Data\scripts\quests\wvr\wvr200.lua,outputs\quest-cutscene-push-matrix-atlas-20260630\recovered_cutscene_push_matrix.csv
quest_push_operator_rows,104,wvr200,110400,Hoodwinked,class,data_or_stub,cutscene_scaffold_route_probe,quest_cutscene,processEvent030,wvr20030,scaffold_only_owner_recovered_probe_required,!testcutscene wvr20030 delegate 1,,"callClientFunction(player, ""delegateEvent"", player, quest, ""processEvent030"", <payload?>)",no_mutation_probe_only,high,scaffold can accept/complete/reward directly,"quest sequence before/after; owner actor/event name/type; recovered cutscene args=""wvr20030""; 1; InitClassQuest wrapper: template can AcceptQuest, CompleteQuest, grant items, and AddExp directly; scene_log_only_no_accept_complete_reward_item_or_exp_mutation",,cutscene push/operator proof,Data\scripts\quests\wvr\wvr200.lua,outputs\quest-cutscene-push-matrix-atlas-20260630\recovered_cutscene_push_matrix.csv
quest_push_dependency_bundles,,wvr300,110401,Dance the Night Away,class,data_or_stub,cutscene_scaffold_route_probe=3,quest_bundle,110401,,,,,,,high,,,no-mutation scaffold route probe,cutscene push/operator proof,,
quest_push_operator_rows,104,wvr300,110401,Dance the Night Away,class,data_or_stub,cutscene_scaffold_route_probe,quest_cutscene,processEvent020,wvr30020,scaffold_only_owner_recovered_probe_required,!testcutscene wvr30020 delegate 1,,"callClientFunction(player, ""delegateEvent"", player, quest, ""processEvent020"", <payload?>)",no_mutation_probe_only,high,scaffold can accept/complete/reward directly,"quest sequence before/after; owner actor/event name/type; recovered cutscene args=""wvr30020""; 1; InitClassQuest wrapper: template can AcceptQuest, CompleteQuest, grant items, and AddExp directly; scene_log_only_no_accept_complete_reward_item_or_exp_mutation",,cutscene push/operator proof,Data\scripts\quests\wvr\wvr300.lua,outputs\quest-cutscene-push-matrix-atlas-20260630\recovered_cutscene_push_matrix.csv
quest_push_operator_rows,104,wvr300,110401,Dance the Night Away,class,data_or_stub,cutscene_scaffold_route_probe,quest_cutscene,processEventDeaustieStart,wvr30010,scaffold_only_owner_recovered_probe_required,!testcutscene wvr30010 delegate 2,,"callClientFunction(player, ""delegateEvent"", player, quest, ""processEventDeaustieStart"", <payload?>)",no_mutation_probe_only,high,scaffold can accept/complete/reward directly,"quest sequence before/after; owner actor/event name/type; recovered cutscene args=""wvr30010""; 2; InitClassQuest wrapper: template can AcceptQuest, CompleteQuest, grant items, and AddExp directly; scene_log_only_no_accept_complete_reward_item_or_exp_mutation; Deaustie Start",,cutscene push/operator proof,Data\scripts\quests\wvr\wvr300.lua,outputs\quest-cutscene-push-matrix-atlas-20260630\recovered_cutscene_push_matrix.csv
quest_push_operator_rows,104,wvr300,110401,Dance the Night Away,class,data_or_stub,cutscene_scaffold_route_probe,quest_cutscene,processEventDeaustieStart,wvr30010,scaffold_only_owner_recovered_probe_required,!testcutscene wvr30010 delegate 2,,"callClientFunction(player, ""delegateEvent"", player, quest, ""processEventDeaustieStart"", <payload?>)",no_mutation_probe_only,high,scaffold can accept/complete/reward directly,"quest sequence before/after; owner actor/event name/type; recovered cutscene args=""wvr30010""; 2; InitClassQuest wrapper: template can AcceptQuest, CompleteQuest, grant items, and AddExp directly; scene_log_only_no_accept_complete_reward_item_or_exp_mutation; Deaustie Start",,cutscene push/operator proof,Data\scripts\quests\wvr\wvr300.lua,outputs\quest-cutscene-push-matrix-atlas-20260630\recovered_cutscene_push_matrix.csv
quest_push_dependency_bundles,,wvr306,110402,A Fruitful Murder,class,data_or_stub,cutscene_scaffold_route_probe=3,quest_bundle,110402,,,,!sqbprivate status <code>; !sqbprivate spawn <spawn-ready-code>; private mob materialization recipe,,,high,,,no-mutation scaffold route probe,cutscene push/operator proof,,
quest_push_operator_rows,104,wvr306,110402,A Fruitful Murder,class,data_or_stub,cutscene_scaffold_route_probe,quest_cutscene,processEvent010,wvr30610,scaffold_only_owner_recovered_probe_required,!testcutscene wvr30610 delegate 1,,"callClientFunction(player, ""delegateEvent"", player, quest, ""processEvent010"", <payload?>)",no_mutation_probe_only,high,scaffold can accept/complete/reward directly,"quest sequence before/after; owner actor/event name/type; recovered cutscene args=""wvr30610""; 1; InitClassQuest wrapper: template can AcceptQuest, CompleteQuest, grant items, and AddExp directly; scene_log_only_no_accept_complete_reward_item_or_exp_mutation",,cutscene push/operator proof,Data\scripts\quests\wvr\wvr306.lua,outputs\quest-cutscene-push-matrix-atlas-20260630\recovered_cutscene_push_matrix.csv
quest_push_operator_rows,104,wvr306,110402,A Fruitful Murder,class,data_or_stub,cutscene_scaffold_route_probe,quest_cutscene,processEvent020,wvr30620,scaffold_only_owner_recovered_probe_required,!testcutscene wvr30620 delegate 1,,"callClientFunction(player, ""delegateEvent"", player, quest, ""processEvent020"", <payload?>)",no_mutation_probe_only,high,scaffold can accept/complete/reward directly,"quest sequence before/after; owner actor/event name/type; recovered cutscene args=""wvr30620""; 1; InitClassQuest wrapper: template can AcceptQuest, CompleteQuest, grant items, and AddExp directly; scene_log_only_no_accept_complete_reward_item_or_exp_mutation",,cutscene push/operator proof,Data\scripts\quests\wvr\wvr306.lua,outputs\quest-cutscene-push-matrix-atlas-20260630\recovered_cutscene_push_matrix.csv
quest_push_operator_rows,104,wvr306,110402,A Fruitful Murder,class,data_or_stub,cutscene_scaffold_route_probe,quest_cutscene,processEvent030,wvr30630,scaffold_only_owner_recovered_probe_required,!testcutscene wvr30630 delegate 1,,"callClientFunction(player, ""delegateEvent"", player, quest, ""processEvent030"", <payload?>)",no_mutation_probe_only,high,scaffold can accept/complete/reward directly,"quest sequence before/after; owner actor/event name/type; recovered cutscene args=""wvr30630""; 1; InitClassQuest wrapper: template can AcceptQuest, CompleteQuest, grant items, and AddExp directly; scene_log_only_no_accept_complete_reward_item_or_exp_mutation",,cutscene push/operator proof,Data\scripts\quests\wvr\wvr306.lua,outputs\quest-cutscene-push-matrix-atlas-20260630\recovered_cutscene_push_matrix.csv
quest_push_operator_rows,38,wvr306,110402,A Fruitful Murder,class,data_or_stub,fight_sqb_private,fight_sqb,,,log_only_until_callback_and_cutscene_ready,,!sqbprivate status <code>; !sqbprivate spawn <spawn-ready-code>; private mob materialization recipe,,recover_actor_first,high,recover callback actor id first,0; 3; make materialization and callback identity concrete before trusting kill_route_present,,fight push/operator proof,,outputs\quest-sqb-adapter-atlas-20260630\sqb_adapter_rows.csv
quest_push_dependency_bundles,,com0g1,111601,Breaking the Seals,grand_company,handwritten_event_driver,cutscene_existing_route_smoke=2,quest_bundle,111601,,,!quest 111601 add; !quest 111601 sequence 30; !testbnpckill 2202206,!sqbprivate status <code>; !sqbprivate spawn <spawn-ready-code>; private mob materialization recipe,,,high,,,"callback smoke, then SQB-private materialization",cutscene push/operator proof,,
quest_push_operator_rows,114,com0g1,111601,Breaking the Seals,grand_company,handwritten_event_driver,fight_sqb_private,fight_sqb,2202206,,private_probe_materialization_available_reward_locked,!quest 111601 add; !quest 111601 sequence 30; !testbnpckill 2202206,!sqbprivate status <code>; !sqbprivate spawn <spawn-ready-code>; private mob materialization recipe,,callback_smoke_only,high,SEQ_040,mob_type_no_sql_spawn; 0; 2; add spawn row or route the objective through private content SpawnEnemy,,fight push/operator proof,,outputs\quest-sqb-adapter-atlas-20260630\sqb_adapter_rows.csv
quest_push_operator_rows,68,com0g1,111601,Breaking the Seals,grand_company,handwritten_event_driver,cutscene_existing_route_smoke,quest_cutscene,processEventUrianger,COM0G105,local_exact_method_delegate_hazard,!testcutscene COM0G105 delegate 2,,"callClientFunction(player, ""delegateEvent"", player, quest, ""processEventUrianger"", <payload?>)",log_before_change,medium,after-warp or mutation behavior must be logged before edits,"quest sequence before/after; owner actor/event name/type; recovered cutscene args=""COM0G105""; 2; smoke_only_no_extra_mutation; Urianger",,cutscene push/operator proof,Data\scripts\quests\com\com0g1.lua; 77:processEventUrianger; 82:processEventUrianger,outputs\quest-cutscene-push-matrix-atlas-20260630\recovered_cutscene_push_matrix.csv
quest_push_operator_rows,68,com0g1,111601,Breaking the Seals,grand_company,handwritten_event_driver,cutscene_existing_route_smoke,quest_cutscene,processEventUriangerMore,COM0G110,local_exact_method_delegate_hazard,!testcutscene COM0G110 delegate 1,,"callClientFunction(player, ""delegateEvent"", player, quest, ""processEventUriangerMore"", <payload?>)",log_before_change,medium,after-warp or mutation behavior must be logged before edits,"quest sequence before/after; owner actor/event name/type; recovered cutscene args=""COM0G110""; 1; 0; A3_20; smoke_only_no_extra_mutation; Urianger More",,cutscene push/operator proof,Data\scripts\quests\com\com0g1.lua; 87:processEventUriangerMore; 94:processEventUriangerMore,outputs\quest-cutscene-push-matrix-atlas-20260630\recovered_cutscene_push_matrix.csv
quest_push_dependency_bundles,,com0g4,111604,The Mail Must Get Through,grand_company,handwritten_event_driver,cutscene_existing_route_smoke=1,quest_bundle,111604,,,,!sqbprivate status <code>; !sqbprivate spawn <spawn-ready-code>; private mob materialization recipe,,,high,,,cutscene owner/payload probe,cutscene push/operator proof,,
quest_push_operator_rows,88,com0g4,111604,The Mail Must Get Through,grand_company,handwritten_event_driver,fight_sqb_private,fight_sqb,,,log_only_until_callback_and_cutscene_ready,,!sqbprivate status <code>; !sqbprivate spawn <spawn-ready-code>; private mob materialization recipe,,recover_actor_first,high,recover callback actor id first,0; make materialization and callback identity concrete before trusting kill_route_present,,fight push/operator proof,,outputs\quest-sqb-adapter-atlas-20260630\sqb_adapter_rows.csv
quest_push_operator_rows,42,com0g4,111604,The Mail Must Get Through,grand_company,handwritten_event_driver,cutscene_existing_route_smoke,quest_cutscene,processEventClear,com0g410,local_exact_method_delegate,!testcutscene com0g410 delegate 1,,"callClientFunction(player, ""delegateEvent"", player, quest, ""processEventClear"", <payload?>)",existing_route_smoke,low,natural event route already delegates recovered method,"quest sequence before/after; owner actor/event name/type; recovered cutscene args=""com0g410""; 1; smoke_only; A2_25",,cutscene push/operator proof,Data\scripts\quests\com\com0g4.lua; 61:processEventClear; 66:processEventClear,outputs\quest-cutscene-push-matrix-atlas-20260630\recovered_cutscene_push_matrix.csv
quest_push_dependency_bundles,,com0g5,111605,Their Finest Hour,grand_company,handwritten_event_driver,cutscene_existing_route_smoke=1,quest_bundle,111605,,,,,,,medium,,,cutscene owner/payload probe,cutscene push/operator proof,,
quest_push_operator_rows,68,com0g5,111605,Their Finest Hour,grand_company,handwritten_event_driver,cutscene_existing_route_smoke,quest_cutscene,processEvent005,com0g610,local_exact_method_delegate_hazard,!testcutscene com0g610 delegate 1,,"callClientFunction(player, ""delegateEvent"", player, quest, ""processEvent005"", <payload?>)",log_before_change,medium,after-warp or mutation behavior must be logged before edits,"quest sequence before/after; owner actor/event name/type; recovered cutscene args=""com0g610""; 1; smoke_only_no_extra_mutation",,cutscene push/operator proof,Data\scripts\quests\com\com0g5.lua; 82:processEvent005,outputs\quest-cutscene-push-matrix-atlas-20260630\recovered_cutscene_push_matrix.csv
quest_push_dependency_bundles,,com0g6,111606,Appetite for Destruction,grand_company,handwritten_event_driver,cutscene_existing_route_smoke=1,quest_bundle,111606,,,,!sqbprivate status <code>; !sqbprivate spawn <spawn-ready-code>; private mob materialization recipe,,,high,,,cutscene owner/payload probe,cutscene push/operator proof,,
quest_push_operator_rows,88,com0g6,111606,Appetite for Destruction,grand_company,handwritten_event_driver,fight_sqb_private,fight_sqb,,,log_only_until_callback_and_cutscene_ready,,!sqbprivate status <code>; !sqbprivate spawn <spawn-ready-code>; private mob materialization recipe,,recover_actor_first,high,recover callback actor id first,0; make materialization and callback identity concrete before trusting kill_route_present,,fight push/operator proof,,outputs\quest-sqb-adapter-atlas-20260630\sqb_adapter_rows.csv
quest_push_operator_rows,42,com0g6,111606,Appetite for Destruction,grand_company,handwritten_event_driver,cutscene_existing_route_smoke,quest_cutscene,processEventNq,COM0G510,local_exact_method_delegate,!testcutscene COM0G510 delegate 1,,"callClientFunction(player, ""delegateEvent"", player, quest, ""processEventNq"", <payload?>)",existing_route_smoke,low,natural event route already delegates recovered method,"quest sequence before/after; owner actor/event name/type; recovered cutscene args=""COM0G510""; 1; smoke_only",,cutscene push/operator proof,Data\scripts\quests\com\com0g6.lua; 75:processEventNq,outputs\quest-cutscene-push-matrix-atlas-20260630\recovered_cutscene_push_matrix.csv
quest_push_dependency_bundles,,com0l1,111401,The Price of Integrity,grand_company,handwritten_event_driver,cutscene_existing_route_smoke=2,quest_bundle,111401,,,!quest 111401 add; !quest 111401 sequence 30; !testbnpckill 2200708,!sqbprivate status <code>; !sqbprivate spawn <spawn-ready-code>; private mob materialization recipe,,,high,,,"callback smoke, then SQB-private materialization",cutscene push/operator proof,,
quest_push_operator_rows,114,com0l1,111401,The Price of Integrity,grand_company,handwritten_event_driver,fight_sqb_private,fight_sqb,2200708,,private_probe_materialization_available_reward_locked,!quest 111401 add; !quest 111401 sequence 30; !testbnpckill 2200708,!sqbprivate status <code>; !sqbprivate spawn <spawn-ready-code>; private mob materialization recipe,,callback_smoke_only,high,SEQ_040,mob_type_no_sql_spawn; 0; 2; add spawn row or route the objective through private content SpawnEnemy,,fight push/operator proof,,outputs\quest-sqb-adapter-atlas-20260630\sqb_adapter_rows.csv
quest_push_operator_rows,68,com0l1,111401,The Price of Integrity,grand_company,handwritten_event_driver,cutscene_existing_route_smoke,quest_cutscene,processEvent_020,COM0L105,local_exact_method_delegate_hazard,!testcutscene COM0L105 delegate 2,,"callClientFunction(player, ""delegateEvent"", player, quest, ""processEvent_020"", <payload?>)",log_before_change,medium,after-warp or mutation behavior must be logged before edits,"quest sequence before/after; owner actor/event name/type; recovered cutscene args=""COM0L105""; 2; smoke_only_no_extra_mutation",,cutscene push/operator proof,Data\scripts\quests\com\com0l1.lua; 77:processEvent_020; 82:processEvent_020,outputs\quest-cutscene-push-matrix-atlas-20260630\recovered_cutscene_push_matrix.csv
quest_push_operator_rows,68,com0l1,111401,The Price of Integrity,grand_company,handwritten_event_driver,cutscene_existing_route_smoke,quest_cutscene,processEvent_030,COM0l110,local_exact_method_delegate_hazard,!testcutscene COM0l110 delegate 1,,"callClientFunction(player, ""delegateEvent"", player, quest, ""processEvent_030"", <payload?>)",log_before_change,medium,after-warp or mutation behavior must be logged before edits,"quest sequence before/after; owner actor/event name/type; recovered cutscene args=""COM0l110""; 1; 0; A3_29; smoke_only_no_extra_mutation",,cutscene push/operator proof,Data\scripts\quests\com\com0l1.lua; 87:processEvent_030; 93:processEvent_030,outputs\quest-cutscene-push-matrix-atlas-20260630\recovered_cutscene_push_matrix.csv
quest_push_dependency_bundles,,com0l4,111404,Engineering Victory,grand_company,handwritten_event_driver,cutscene_existing_route_smoke=1,quest_bundle,111404,,,,!sqbprivate status <code>; !sqbprivate spawn <spawn-ready-code>; private mob materialization recipe,,,high,,,cutscene owner/payload probe,cutscene push/operator proof,,
quest_push_operator_rows,88,com0l4,111404,Engineering Victory,grand_company,handwritten_event_driver,fight_sqb_private,fight_sqb,,,log_only_until_callback_and_cutscene_ready,,!sqbprivate status <code>; !sqbprivate spawn <spawn-ready-code>; private mob materialization recipe,,recover_actor_first,high,recover callback actor id first,0; make materialization and callback identity concrete before trusting kill_route_present,,fight push/operator proof,,outputs\quest-sqb-adapter-atlas-20260630\sqb_adapter_rows.csv
quest_push_operator_rows,42,com0l4,111404,Engineering Victory,grand_company,handwritten_event_driver,cutscene_existing_route_smoke,quest_cutscene,processEvent_020,com0l410,local_exact_method_delegate,!testcutscene com0l410 delegate 1,,"callClientFunction(player, ""delegateEvent"", player, quest, ""processEvent_020"", <payload?>)",existing_route_smoke,low,natural event route already delegates recovered method,"quest sequence before/after; owner actor/event name/type; recovered cutscene args=""com0l410""; 1; smoke_only; A2_38",,cutscene push/operator proof,Data\scripts\quests\com\com0l4.lua; 61:processEvent_020; 67:processEvent_020,outputs\quest-cutscene-push-matrix-atlas-20260630\recovered_cutscene_push_matrix.csv
quest_push_dependency_bundles,,com0l5,111405,An Officer and a Wise Man,grand_company,handwritten_event_driver,cutscene_missing_delegate=3; cutscene_existing_route_smoke=1,quest_bundle,111405,,,,!sqbprivate status <code>; !sqbprivate spawn <spawn-ready-code>; private mob materialization recipe,,,high,,,cutscene owner/payload probe,cutscene push/operator proof,,
quest_push_operator_rows,92,com0l5,111405,An Officer and a Wise Man,grand_company,handwritten_event_driver,cutscene_missing_delegate,quest_cutscene,processEvent_elevator_nq1,elv0l110,local_missing_recovered_delegate,!testcutscene elv0l110 delegate 1,,"callClientFunction(player, ""delegateEvent"", player, quest, ""processEvent_elevator_nq1"", <payload?>)",probe_command_required,medium,local route does not yet expose recovered method safely,"quest sequence before/after; owner actor/event name/type; recovered cutscene args=""elv0l110""; 1; 0; probe_before_patch; A2_44",,cutscene push/operator proof,Data\scripts\quests\com\com0l5.lua,outputs\quest-cutscene-push-matrix-atlas-20260630\recovered_cutscene_push_matrix.csv
quest_push_operator_rows,92,com0l5,111405,An Officer and a Wise Man,grand_company,handwritten_event_driver,cutscene_missing_delegate,quest_cutscene,processEvent_elevator_nq1,com0l610,local_missing_recovered_delegate,!testcutscene com0l610 delegate 1,,"callClientFunction(player, ""delegateEvent"", player, quest, ""processEvent_elevator_nq1"", <payload?>)",probe_command_required,medium,local route does not yet expose recovered method safely,"quest sequence before/after; owner actor/event name/type; recovered cutscene args=""com0l610""; 1; 0; probe_before_patch; A2_44",,cutscene push/operator proof,Data\scripts\quests\com\com0l5.lua,outputs\quest-cutscene-push-matrix-atlas-20260630\recovered_cutscene_push_matrix.csv
quest_push_operator_rows,92,com0l5,111405,An Officer and a Wise Man,grand_company,handwritten_event_driver,cutscene_missing_delegate,quest_cutscene,processEvent_elevator_nq2,elv0l110,local_missing_recovered_delegate,!testcutscene elv0l110 delegate 1,,"callClientFunction(player, ""delegateEvent"", player, quest, ""processEvent_elevator_nq2"", <payload?>)",probe_command_required,medium,local route does not yet expose recovered method safely,"quest sequence before/after; owner actor/event name/type; recovered cutscene args=""elv0l110""; 1; 0; probe_before_patch; A2_47",,cutscene push/operator proof,Data\scripts\quests\com\com0l5.lua,outputs\quest-cutscene-push-matrix-atlas-20260630\recovered_cutscene_push_matrix.csv
quest_push_operator_rows,70,com0l5,111405,An Officer and a Wise Man,grand_company,handwritten_event_driver,fight_sqb_private,fight_sqb,,,log_only_until_callback_and_cutscene_ready,,!sqbprivate status <code>; !sqbprivate spawn <spawn-ready-code>; private mob materialization recipe,,recover_actor_first,high,recover callback actor id first,0; 3; make materialization and callback identity concrete before trusting kill_route_present,,fight push/operator proof,,outputs\quest-sqb-adapter-atlas-20260630\sqb_adapter_rows.csv
quest_push_operator_rows,68,com0l5,111405,An Officer and a Wise Man,grand_company,handwritten_event_driver,cutscene_existing_route_smoke,quest_cutscene,processEvent_010,COM0l110,local_exact_method_delegate_hazard,!testcutscene COM0l110 delegate 1,,"callClientFunction(player, ""delegateEvent"", player, quest, ""processEvent_010"", <payload?>)",log_before_change,medium,after-warp or mutation behavior must be logged before edits,"quest sequence before/after; owner actor/event name/type; recovered cutscene args=""COM0l110""; 1; 0; smoke_only_no_extra_mutation",,cutscene push/operator proof,Data\scripts\quests\com\com0l5.lua; 87:processEvent_010,outputs\quest-cutscene-push-matrix-atlas-20260630\recovered_cutscene_push_matrix.csv
quest_push_dependency_bundles,,com0l6,111406,Ceruleum Shock,grand_company,handwritten_event_driver,cutscene_missing_delegate=2; cutscene_existing_route_smoke=1,quest_bundle,111406,,,,!sqbprivate status <code>; !sqbprivate spawn <spawn-ready-code>; private mob materialization recipe,,,high,,,cutscene owner/payload probe,cutscene push/operator proof,,
quest_push_operator_rows,92,com0l6,111406,Ceruleum Shock,grand_company,handwritten_event_driver,cutscene_missing_delegate,quest_cutscene,processEvent_elevator_nq1,elv0l01a,local_missing_recovered_delegate,!testcutscene elv0l01a delegate 1,,"callClientFunction(player, ""delegateEvent"", player, quest, ""processEvent_elevator_nq1"", <payload?>)",probe_command_required,medium,local route does not yet expose recovered method safely,"quest sequence before/after; owner actor/event name/type; recovered cutscene args=""elv0l01a""; 1; 0; probe_before_patch",,cutscene push/operator proof,Data\scripts\quests\com\com0l6.lua,outputs\quest-cutscene-push-matrix-atlas-20260630\recovered_cutscene_push_matrix.csv
quest_push_operator_rows,92,com0l6,111406,Ceruleum Shock,grand_company,handwritten_event_driver,cutscene_missing_delegate,quest_cutscene,processEvent_elevator_nq2,elv0l02a,local_missing_recovered_delegate,!testcutscene elv0l02a delegate 1,,"callClientFunction(player, ""delegateEvent"", player, quest, ""processEvent_elevator_nq2"", <payload?>)",probe_command_required,medium,local route does not yet expose recovered method safely,"quest sequence before/after; owner actor/event name/type; recovered cutscene args=""elv0l02a""; 1; 0; probe_before_patch",,cutscene push/operator proof,Data\scripts\quests\com\com0l6.lua,outputs\quest-cutscene-push-matrix-atlas-20260630\recovered_cutscene_push_matrix.csv
quest_push_operator_rows,88,com0l6,111406,Ceruleum Shock,grand_company,handwritten_event_driver,fight_sqb_private,fight_sqb,,,log_only_until_callback_and_cutscene_ready,,!sqbprivate status <code>; !sqbprivate spawn <spawn-ready-code>; private mob materialization recipe,,recover_actor_first,high,recover callback actor id first,0; 2; make materialization and callback identity concrete before trusting kill_route_present,,fight push/operator proof,,outputs\quest-sqb-adapter-atlas-20260630\sqb_adapter_rows.csv
quest_push_operator_rows,42,com0l6,111406,Ceruleum Shock,grand_company,handwritten_event_driver,cutscene_existing_route_smoke,quest_cutscene,processEvent_010,com0l510,local_exact_method_delegate,!testcutscene com0l510 delegate 1,,"callClientFunction(player, ""delegateEvent"", player, quest, ""processEvent_010"", <payload?>)",existing_route_smoke,low,natural event route already delegates recovered method,"quest sequence before/after; owner actor/event name/type; recovered cutscene args=""com0l510""; 1; 0; A3_29; smoke_only",,cutscene push/operator proof,Data\scripts\quests\com\com0l6.lua; 75:processEvent_010,outputs\quest-cutscene-push-matrix-atlas-20260630\recovered_cutscene_push_matrix.csv
quest_push_dependency_bundles,,com0u1,111801,Career Opportunities,grand_company,handwritten_event_driver,cutscene_existing_route_smoke=2,quest_bundle,111801,,,!quest 111801 add; !quest 111801 sequence 30; !testbnpckill 2200205,!sqbprivate status <code>; !sqbprivate spawn <spawn-ready-code>; private mob materialization recipe,,,high,,,"callback smoke, then SQB-private materialization",cutscene push/operator proof,,
quest_push_operator_rows,114,com0u1,111801,Career Opportunities,grand_company,handwritten_event_driver,fight_sqb_private,fight_sqb,2200205,,private_probe_materialization_available_reward_locked,!quest 111801 add; !quest 111801 sequence 30; !testbnpckill 2200205,!sqbprivate status <code>; !sqbprivate spawn <spawn-ready-code>; private mob materialization recipe,,callback_smoke_only,high,SEQ_040,mob_type_no_sql_spawn; 0; 2; add spawn row or route the objective through private content SpawnEnemy,,fight push/operator proof,,outputs\quest-sqb-adapter-atlas-20260630\sqb_adapter_rows.csv
quest_push_operator_rows,68,com0u1,111801,Career Opportunities,grand_company,handwritten_event_driver,cutscene_existing_route_smoke,quest_cutscene,processEvent_020,COM0U105,local_exact_method_delegate_hazard,!testcutscene COM0U105 delegate 2,,"callClientFunction(player, ""delegateEvent"", player, quest, ""processEvent_020"", <payload?>)",log_before_change,medium,after-warp or mutation behavior must be logged before edits,"quest sequence before/after; owner actor/event name/type; recovered cutscene args=""COM0U105""; 2; smoke_only_no_extra_mutation",,cutscene push/operator proof,Data\scripts\quests\com\com0u1.lua; 77:processEvent_020; 82:processEvent_020,outputs\quest-cutscene-push-matrix-atlas-20260630\recovered_cutscene_push_matrix.csv
quest_push_operator_rows,68,com0u1,111801,Career Opportunities,grand_company,handwritten_event_driver,cutscene_existing_route_smoke,quest_cutscene,processEvent_030,COM0U110,local_exact_method_delegate_hazard,!testcutscene COM0U110 delegate 1,,"callClientFunction(player, ""delegateEvent"", player, quest, ""processEvent_030"", <payload?>)",log_before_change,medium,after-warp or mutation behavior must be logged before edits,"quest sequence before/after; owner actor/event name/type; recovered cutscene args=""COM0U110""; 1; 0; A3_20; smoke_only_no_extra_mutation",,cutscene push/operator proof,Data\scripts\quests\com\com0u1.lua; 87:processEvent_030; 93:processEvent_030,outputs\quest-cutscene-push-matrix-atlas-20260630\recovered_cutscene_push_matrix.csv
quest_push_dependency_bundles,,com0u4,111804,Arms Race,grand_company,handwritten_event_driver,cutscene_existing_route_smoke=1,quest_bundle,111804,,,!quest 111804 add; !quest 111804 sequence 10; !testbnpckill 2109801,!sqbprivate status <code>; !sqbprivate spawn <spawn-ready-code>; private mob materialization recipe,,,high,,,"callback smoke, then SQB-private materialization",cutscene push/operator proof,,
quest_push_operator_rows,100,com0u4,111804,Arms Race,grand_company,handwritten_event_driver,fight_sqb_private,fight_sqb,2109801,,private_probe_materialization_available_reward_locked,!quest 111804 add; !quest 111804 sequence 10; !testbnpckill 2109801,!sqbprivate status <code>; !sqbprivate spawn <spawn-ready-code>; private mob materialization recipe,,callback_smoke_only,high,SEQ_020,mob_type_no_sql_spawn; 0; add spawn row or route the objective through private content SpawnEnemy,,fight push/operator proof,,outputs\quest-sqb-adapter-atlas-20260630\sqb_adapter_rows.csv
quest_push_operator_rows,42,com0u4,111804,Arms Race,grand_company,handwritten_event_driver,cutscene_existing_route_smoke,quest_cutscene,processEvent_050,com0u410,local_exact_method_delegate,!testcutscene com0u410 delegate 1,,"callClientFunction(player, ""delegateEvent"", player, quest, ""processEvent_050"", <payload?>)",existing_route_smoke,low,natural event route already delegates recovered method,"quest sequence before/after; owner actor/event name/type; recovered cutscene args=""com0u410""; 1; smoke_only; A2_33",,cutscene push/operator proof,Data\scripts\quests\com\com0u4.lua; 82:processEvent_050; 87:processEvent_050,outputs\quest-cutscene-push-matrix-atlas-20260630\recovered_cutscene_push_matrix.csv
quest_push_dependency_bundles,,com0u5,111805,Burning Man,grand_company,handwritten_event_driver,cutscene_existing_route_smoke=1,quest_bundle,111805,,,,!sqbprivate status <code>; !sqbprivate spawn <spawn-ready-code>; private mob materialization recipe,,,high,,,cutscene owner/payload probe,cutscene push/operator proof,,
quest_push_operator_rows,88,com0u5,111805,Burning Man,grand_company,handwritten_event_driver,fight_sqb_private,fight_sqb,,,log_only_until_callback_and_cutscene_ready,,!sqbprivate status <code>; !sqbprivate spawn <spawn-ready-code>; private mob materialization recipe,,recover_actor_first,high,recover callback actor id first,0; 1; make materialization and callback identity concrete before trusting kill_route_present,,fight push/operator proof,,outputs\quest-sqb-adapter-atlas-20260630\sqb_adapter_rows.csv
quest_push_operator_rows,68,com0u5,111805,Burning Man,grand_company,handwritten_event_driver,cutscene_existing_route_smoke,quest_cutscene,processEvent025,com0u610,local_exact_method_delegate_hazard,!testcutscene com0u610 delegate 1,,"callClientFunction(player, ""delegateEvent"", player, quest, ""processEvent025"", <payload?>)",log_before_change,medium,after-warp or mutation behavior must be logged before edits,"quest sequence before/after; owner actor/event name/type; recovered cutscene args=""com0u610""; 1; smoke_only_no_extra_mutation",,cutscene push/operator proof,Data\scripts\quests\com\com0u5.lua; 84:processEvent025,outputs\quest-cutscene-push-matrix-atlas-20260630\recovered_cutscene_push_matrix.csv
quest_push_dependency_bundles,,com0u6,111806,Know Your Enemy,grand_company,handwritten_event_driver,cutscene_missing_delegate=2; cutscene_existing_route_smoke=1,quest_bundle,111806,,,!quest 111806 add; !quest 111806 sequence 30; !testbnpckill 2289025,!sqbprivate status <code>; !sqbprivate spawn <spawn-ready-code>; private mob materialization recipe,,,high,,,"callback smoke, then SQB-private materialization",cutscene push/operator proof,,
quest_push_operator_rows,100,com0u6,111806,Know Your Enemy,grand_company,handwritten_event_driver,fight_sqb_private,fight_sqb,2289025,,materialization_missing,!quest 111806 add; !quest 111806 sequence 30; !testbnpckill 2289025,!sqbprivate status <code>; !sqbprivate spawn <spawn-ready-code>; private mob materialization recipe,,callback_smoke_only,high,SEQ_040,no_mob_type; 0; 2; 3; add or map server_battlenpc_mob_types actorId row,,fight push/operator proof,,outputs\quest-sqb-adapter-atlas-20260630\sqb_adapter_rows.csv
quest_push_operator_rows,92,com0u6,111806,Know Your Enemy,grand_company,handwritten_event_driver,cutscene_missing_delegate,quest_cutscene,processEvent_elevator_nq1F,elv0u01a,local_missing_recovered_delegate,!testcutscene elv0u01a delegate 1,,"callClientFunction(player, ""delegateEvent"", player, quest, ""processEvent_elevator_nq1F"", <payload?>)",probe_command_required,medium,local route does not yet expose recovered method safely,"quest sequence before/after; owner actor/event name/type; recovered cutscene args=""elv0u01a""; 1; 0; probe_before_patch",,cutscene push/operator proof,Data\scripts\quests\com\com0u6.lua,outputs\quest-cutscene-push-matrix-atlas-20260630\recovered_cutscene_push_matrix.csv
quest_push_operator_rows,92,com0u6,111806,Know Your Enemy,grand_company,handwritten_event_driver,cutscene_missing_delegate,quest_cutscene,processEvent_elevator_nq2F,elv0u02a,local_missing_recovered_delegate,!testcutscene elv0u02a delegate 1,,"callClientFunction(player, ""delegateEvent"", player, quest, ""processEvent_elevator_nq2F"", <payload?>)",probe_command_required,medium,local route does not yet expose recovered method safely,"quest sequence before/after; owner actor/event name/type; recovered cutscene args=""elv0u02a""; 1; 0; probe_before_patch",,cutscene push/operator proof,Data\scripts\quests\com\com0u6.lua,outputs\quest-cutscene-push-matrix-atlas-20260630\recovered_cutscene_push_matrix.csv
quest_push_operator_rows,68,com0u6,111806,Know Your Enemy,grand_company,handwritten_event_driver,cutscene_existing_route_smoke,quest_cutscene,processEvent_005_03,com0u510,local_exact_method_delegate_hazard,!testcutscene com0u510 delegate 1,,"callClientFunction(player, ""delegateEvent"", player, quest, ""processEvent_005_03"", <payload?>)",log_before_change,medium,after-warp or mutation behavior must be logged before edits,"quest sequence before/after; owner actor/event name/type; recovered cutscene args=""com0u510""; 1; 0; A3_22; smoke_only_no_extra_mutation",,cutscene push/operator proof,Data\scripts\quests\com\com0u6.lua; 91:processEvent_005_03,outputs\quest-cutscene-push-matrix-atlas-20260630\recovered_cutscene_push_matrix.csv
quest_push_dependency_bundles,,gcg102,111627,Two Vans are Better than One,grand_company,data_or_stub,cutscene_file_no_delegate=1,quest_bundle,111627,,,,,,,medium,,,cutscene owner/payload probe,cutscene push/operator proof,,
quest_push_operator_rows,78,gcg102,111627,Two Vans are Better than One,grand_company,data_or_stub,cutscene_file_no_delegate,quest_cutscene,processEventPfrymloefNQ,gc01g210,local_file_no_delegate_inventory,!testcutscene gc01g210 delegate 1,,"callClientFunction(player, ""delegateEvent"", player, quest, ""processEventPfrymloefNQ"", <payload?>)",probe_command_required,medium,local route does not yet expose recovered method safely,"quest sequence before/after; owner actor/event name/type; recovered cutscene args=""gc01g210""; 1; probe_only; Pfrymloef NQ",,cutscene push/operator proof,Data\scripts\quests\gcg\gcg102.lua,outputs\quest-cutscene-push-matrix-atlas-20260630\recovered_cutscene_push_matrix.csv
quest_push_dependency_bundles,,gcg103,111629,Shadow of the Raven,grand_company,data_or_stub,cutscene_file_no_delegate=2,quest_bundle,111629,,,,!sqbprivate status <code>; !sqbprivate spawn <spawn-ready-code>; private mob materialization recipe,,,high,,,cutscene owner/payload probe,cutscene push/operator proof,,
quest_push_operator_rows,78,gcg103,111629,Shadow of the Raven,grand_company,data_or_stub,cutscene_file_no_delegate,quest_cutscene,processEventNQ01,gc01g310,local_file_no_delegate_inventory,!testcutscene gc01g310 delegate 1,,"callClientFunction(player, ""delegateEvent"", player, quest, ""processEventNQ01"", <payload?>)",probe_command_required,medium,local route does not yet expose recovered method safely,"quest sequence before/after; owner actor/event name/type; recovered cutscene args=""gc01g310""; 1; probe_only",,cutscene push/operator proof,Data\scripts\quests\gcg\gcg103.lua,outputs\quest-cutscene-push-matrix-atlas-20260630\recovered_cutscene_push_matrix.csv
quest_push_operator_rows,78,gcg103,111629,Shadow of the Raven,grand_company,data_or_stub,cutscene_file_no_delegate,quest_cutscene,processEventNQ02,gc01g320,local_file_no_delegate_inventory,!testcutscene gc01g320 delegate 1,,"callClientFunction(player, ""delegateEvent"", player, quest, ""processEventNQ02"", <payload?>)",probe_command_required,medium,local route does not yet expose recovered method safely,"quest sequence before/after; owner actor/event name/type; recovered cutscene args=""gc01g320""; 1; probe_only",,cutscene push/operator proof,Data\scripts\quests\gcg\gcg103.lua,outputs\quest-cutscene-push-matrix-atlas-20260630\recovered_cutscene_push_matrix.csv
quest_push_operator_rows,70,gcg103,111629,Shadow of the Raven,grand_company,data_or_stub,fight_sqb_private,fight_sqb,,,log_only_until_callback_and_cutscene_ready,,!sqbprivate status <code>; !sqbprivate spawn <spawn-ready-code>; private mob materialization recipe,,recover_actor_first,high,recover callback actor id first,0; 2; make materialization and callback identity concrete before trusting kill_route_present,,fight push/operator proof,,outputs\quest-sqb-adapter-atlas-20260630\sqb_adapter_rows.csv
quest_push_dependency_bundles,,gcg301,111617,Eternal Recurrence,grand_company,data_or_stub,,quest_bundle,111617,,,,!sqbprivate status <code>; !sqbprivate spawn <spawn-ready-code>; private mob materialization recipe,,,high,,,manual fight route recovery,high-risk push dependency review,,
quest_push_operator_rows,70,gcg301,111617,Eternal Recurrence,grand_company,data_or_stub,fight_sqb_private,fight_sqb,,,log_only_until_callback_and_cutscene_ready,,!sqbprivate status <code>; !sqbprivate spawn <spawn-ready-code>; private mob materialization recipe,,recover_actor_first,high,recover callback actor id first,0; make materialization and callback identity concrete before trusting kill_route_present,,fight push/operator proof,,outputs\quest-sqb-adapter-atlas-20260630\sqb_adapter_rows.csv
quest_push_dependency_bundles,,gcg302,111618,The Pen Is Mightier Than the Spear,grand_company,data_or_stub,,quest_bundle,111618,,,,!sqbprivate status <code>; !sqbprivate spawn <spawn-ready-code>; private mob materialization recipe,,,high,,,manual fight route recovery,high-risk push dependency review,,
quest_push_operator_rows,70,gcg302,111618,The Pen Is Mightier Than the Spear,grand_company,data_or_stub,fight_sqb_private,fight_sqb,,,log_only_until_callback_and_cutscene_ready,,!sqbprivate status <code>; !sqbprivate spawn <spawn-ready-code>; private mob materialization recipe,,recover_actor_first,high,recover callback actor id first,0; make materialization and callback identity concrete before trusting kill_route_present,,fight push/operator proof,,outputs\quest-sqb-adapter-atlas-20260630\sqb_adapter_rows.csv
quest_push_dependency_bundles,,gcg303,111619,Woes of the Botanist,grand_company,data_or_stub,,quest_bundle,111619,,,,!sqbprivate status <code>; !sqbprivate spawn <spawn-ready-code>; private mob materialization recipe,,,high,,,manual fight route recovery,high-risk push dependency review,,
quest_push_operator_rows,70,gcg303,111619,Woes of the Botanist,grand_company,data_or_stub,fight_sqb_private,fight_sqb,,,log_only_until_callback_and_cutscene_ready,,!sqbprivate status <code>; !sqbprivate spawn <spawn-ready-code>; private mob materialization recipe,,recover_actor_first,high,recover callback actor id first,0; make materialization and callback identity concrete before trusting kill_route_present,,fight push/operator proof,,outputs\quest-sqb-adapter-atlas-20260630\sqb_adapter_rows.csv
quest_push_dependency_bundles,,gcg305,111626,A Taste for Death,grand_company,data_or_stub,,quest_bundle,111626,,,,!sqbprivate status <code>; !sqbprivate spawn <spawn-ready-code>; private mob materialization recipe,,,high,,,manual fight route recovery,high-risk push dependency review,,
quest_push_operator_rows,70,gcg305,111626,A Taste for Death,grand_company,data_or_stub,fight_sqb_private,fight_sqb,,,log_only_until_callback_and_cutscene_ready,,!sqbprivate status <code>; !sqbprivate spawn <spawn-ready-code>; private mob materialization recipe,,recover_actor_first,high,recover callback actor id first,0; make materialization and callback identity concrete before trusting kill_route_present,,fight push/operator proof,,outputs\quest-sqb-adapter-atlas-20260630\sqb_adapter_rows.csv
quest_push_dependency_bundles,,gcl102,111427,Alive,grand_company,data_or_stub,cutscene_file_no_delegate=1,quest_bundle,111427,,,,,,,medium,,,cutscene owner/payload probe,cutscene push/operator proof,,
quest_push_operator_rows,78,gcl102,111427,Alive,grand_company,data_or_stub,cutscene_file_no_delegate,quest_cutscene,processEventNQ,gc01l210,local_file_no_delegate_inventory,!testcutscene gc01l210 delegate 1,,"callClientFunction(player, ""delegateEvent"", player, quest, ""processEventNQ"", <payload?>)",probe_command_required,medium,local route does not yet expose recovered method safely,"quest sequence before/after; owner actor/event name/type; recovered cutscene args=""gc01l210""; 1; probe_only",,cutscene push/operator proof,Data\scripts\quests\gcl\gcl102.lua,outputs\quest-cutscene-push-matrix-atlas-20260630\recovered_cutscene_push_matrix.csv
quest_push_dependency_bundles,,gcl103,111429,Deus ex Machina,grand_company,data_or_stub,cutscene_file_no_delegate=2,quest_bundle,111429,,,,!sqbprivate status <code>; !sqbprivate spawn <spawn-ready-code>; private mob materialization recipe,,,high,,,cutscene owner/payload probe,cutscene push/operator proof,,
quest_push_operator_rows,78,gcl103,111429,Deus ex Machina,grand_company,data_or_stub,cutscene_file_no_delegate,quest_cutscene,processEvent005_NQ,gc01l310,local_file_no_delegate_inventory,!testcutscene gc01l310 delegate 1,,"callClientFunction(player, ""delegateEvent"", player, quest, ""processEvent005_NQ"", <payload?>)",probe_command_required,medium,local route does not yet expose recovered method safely,"quest sequence before/after; owner actor/event name/type; recovered cutscene args=""gc01l310""; 1; probe_only",,cutscene push/operator proof,Data\scripts\quests\gcl\gcl103.lua,outputs\quest-cutscene-push-matrix-atlas-20260630\recovered_cutscene_push_matrix.csv
quest_push_operator_rows,78,gcl103,111429,Deus ex Machina,grand_company,data_or_stub,cutscene_file_no_delegate,quest_cutscene,processEvent015_NQ,gc01l320,local_file_no_delegate_inventory,!testcutscene gc01l320 delegate 1,,"callClientFunction(player, ""delegateEvent"", player, quest, ""processEvent015_NQ"", <payload?>)",probe_command_required,medium,local route does not yet expose recovered method safely,"quest sequence before/after; owner actor/event name/type; recovered cutscene args=""gc01l320""; 1; probe_only",,cutscene push/operator proof,Data\scripts\quests\gcl\gcl103.lua,outputs\quest-cutscene-push-matrix-atlas-20260630\recovered_cutscene_push_matrix.csv
quest_push_operator_rows,70,gcl103,111429,Deus ex Machina,grand_company,data_or_stub,fight_sqb_private,fight_sqb,,,log_only_until_callback_and_cutscene_ready,,!sqbprivate status <code>; !sqbprivate spawn <spawn-ready-code>; private mob materialization recipe,,recover_actor_first,high,recover callback actor id first,0; 2; 1; make materialization and callback identity concrete before trusting kill_route_present,,fight push/operator proof,,outputs\quest-sqb-adapter-atlas-20260630\sqb_adapter_rows.csv
quest_push_dependency_bundles,,gcl104,111430,In for Garuda Wakening (Limsa Lominsa),grand_company,data_or_stub,cutscene_file_no_delegate=5,quest_bundle,111430,,,,,,,medium,,,cutscene owner/payload probe,cutscene push/operator proof,,
quest_push_operator_rows,78,gcl104,111430,In for Garuda Wakening (Limsa Lominsa),grand_company,data_or_stub,cutscene_file_no_delegate,quest_cutscene,processEventNQ,gc010410,local_file_no_delegate_inventory,!testcutscene gc010410 delegate 1,,"callClientFunction(player, ""delegateEvent"", player, quest, ""processEventNQ"", <payload?>)",probe_command_required,medium,local route does not yet expose recovered method safely,"quest sequence before/after; owner actor/event name/type; recovered cutscene args=""gc010410""; 1; 0; probe_only; Zanthael obvious for that method; NQ* owners unresolved",,cutscene push/operator proof,Data\scripts\quests\gcl\gcl104.lua,outputs\quest-cutscene-push-matrix-atlas-20260630\recovered_cutscene_push_matrix.csv
quest_push_operator_rows,78,gcl104,111430,In for Garuda Wakening (Limsa Lominsa),grand_company,data_or_stub,cutscene_file_no_delegate,quest_cutscene,processEventNQG,gc01g410,local_file_no_delegate_inventory,!testcutscene gc01g410 delegate 2,,"callClientFunction(player, ""delegateEvent"", player, quest, ""processEventNQG"", <payload?>)",probe_command_required,medium,local route does not yet expose recovered method safely,"quest sequence before/after; owner actor/event name/type; recovered cutscene args=""gc01g410""; 2; 0; probe_only; Zanthael obvious for that method; NQ* owners unresolved",,cutscene push/operator proof,Data\scripts\quests\gcl\gcl104.lua,outputs\quest-cutscene-push-matrix-atlas-20260630\recovered_cutscene_push_matrix.csv
quest_push_operator_rows,78,gcl104,111430,In for Garuda Wakening (Limsa Lominsa),grand_company,data_or_stub,cutscene_file_no_delegate,quest_cutscene,processEventNQU,gc01u410,local_file_no_delegate_inventory,!testcutscene gc01u410 delegate 2,,"callClientFunction(player, ""delegateEvent"", player, quest, ""processEventNQU"", <payload?>)",probe_command_required,medium,local route does not yet expose recovered method safely,"quest sequence before/after; owner actor/event name/type; recovered cutscene args=""gc01u410""; 2; 0; probe_only; Zanthael obvious for that method; NQ* owners unresolved",,cutscene push/operator proof,Data\scripts\quests\gcl\gcl104.lua,outputs\quest-cutscene-push-matrix-atlas-20260630\recovered_cutscene_push_matrix.csv
quest_push_operator_rows,78,gcl104,111430,In for Garuda Wakening (Limsa Lominsa),grand_company,data_or_stub,cutscene_file_no_delegate,quest_cutscene,processEventZanthael,elv0l110,local_file_no_delegate_inventory,!testcutscene elv0l110 delegate 1,,"callClientFunction(player, ""delegateEvent"", player, quest, ""processEventZanthael"", <payload?>)",probe_command_required,medium,local route does not yet expose recovered method safely,"quest sequence before/after; owner actor/event name/type; recovered cutscene args=""elv0l110""; 1; 0; probe_only; Zanthael",,cutscene push/operator proof,Data\scripts\quests\gcl\gcl104.lua,outputs\quest-cutscene-push-matrix-atlas-20260630\recovered_cutscene_push_matrix.csv
quest_push_operator_rows,78,gcl104,111430,In for Garuda Wakening (Limsa Lominsa),grand_company,data_or_stub,cutscene_file_no_delegate,quest_cutscene,processEventZanthael,gc01l410,local_file_no_delegate_inventory,!testcutscene gc01l410 delegate 2,,"callClientFunction(player, ""delegateEvent"", player, quest, ""processEventZanthael"", <payload?>)",probe_command_required,medium,local route does not yet expose recovered method safely,"quest sequence before/after; owner actor/event name/type; recovered cutscene args=""gc01l410""; 2; 0; probe_only; Zanthael",,cutscene push/operator proof,Data\scripts\quests\gcl\gcl104.lua,outputs\quest-cutscene-push-matrix-atlas-20260630\recovered_cutscene_push_matrix.csv
quest_push_dependency_bundles,,gcl105,111431,Don't Hate the Messenger (Limsa Lominsa),grand_company,data_or_stub,cutscene_file_no_delegate=3,quest_bundle,111431,,,,,,,medium,,,cutscene owner/payload probe,cutscene push/operator proof,,
quest_push_operator_rows,78,gcl105,111431,Don't Hate the Messenger (Limsa Lominsa),grand_company,data_or_stub,cutscene_file_no_delegate,quest_cutscene,processEventNq,gc010620,local_file_no_delegate_inventory,!testcutscene gc010620 delegate 1,,"callClientFunction(player, ""delegateEvent"", player, quest, ""processEventNq"", <payload?>)",probe_command_required,medium,local route does not yet expose recovered method safely,"quest sequence before/after; owner actor/event name/type; recovered cutscene args=""gc010620""; 1; 0; A3_246; probe_only; many method-name NPCs obvious, but route owners unresolved",,cutscene push/operator proof,Data\scripts\quests\gcl\gcl105.lua,outputs\quest-cutscene-push-matrix-atlas-20260630\recovered_cutscene_push_matrix.csv
quest_push_operator_rows,78,gcl105,111431,Don't Hate the Messenger (Limsa Lominsa),grand_company,data_or_stub,cutscene_file_no_delegate,quest_cutscene,processEventNq1,gc010610,local_file_no_delegate_inventory,!testcutscene gc010610 delegate 1,,"callClientFunction(player, ""delegateEvent"", player, quest, ""processEventNq1"", <payload?>)",probe_command_required,medium,local route does not yet expose recovered method safely,"quest sequence before/after; owner actor/event name/type; recovered cutscene args=""gc010610""; 1; 0; A3_250; A4_251; probe_only; many method-name NPCs obvious, but route owners unresolved",,cutscene push/operator proof,Data\scripts\quests\gcl\gcl105.lua,outputs\quest-cutscene-push-matrix-atlas-20260630\recovered_cutscene_push_matrix.csv
quest_push_operator_rows,78,gcl105,111431,Don't Hate the Messenger (Limsa Lominsa),grand_company,data_or_stub,cutscene_file_no_delegate,quest_cutscene,processEventZanthael1,elv0l110,local_file_no_delegate_inventory,!testcutscene elv0l110 delegate 1,,"callClientFunction(player, ""delegateEvent"", player, quest, ""processEventZanthael1"", <payload?>)",probe_command_required,medium,local route does not yet expose recovered method safely,"quest sequence before/after; owner actor/event name/type; recovered cutscene args=""elv0l110""; 1; 0; probe_only; Zanthael 1",,cutscene push/operator proof,Data\scripts\quests\gcl\gcl105.lua,outputs\quest-cutscene-push-matrix-atlas-20260630\recovered_cutscene_push_matrix.csv
quest_push_dependency_bundles,,gcl106,111432,United We Stand (Limsa Lominsa),grand_company,data_or_stub,cutscene_file_no_delegate=1,quest_bundle,111432,,,,,,,medium,,,cutscene owner/payload probe,cutscene push/operator proof,,
quest_push_operator_rows,78,gcl106,111432,United We Stand (Limsa Lominsa),grand_company,data_or_stub,cutscene_file_no_delegate,quest_cutscene,processEvent_LimsaWarp_Zanthael_01,elv0l110,local_file_no_delegate_inventory,!testcutscene elv0l110 delegate 1,,"callClientFunction(player, ""delegateEvent"", player, quest, ""processEvent_LimsaWarp_Zanthael_01"", <payload?>)",probe_command_required,medium,local route does not yet expose recovered method safely,"quest sequence before/after; owner actor/event name/type; recovered cutscene args=""elv0l110""; 1; 0; probe_only; Limsa Warp Zanthael 01",,cutscene push/operator proof,Data\scripts\quests\gcl\gcl106.lua,outputs\quest-cutscene-push-matrix-atlas-20260630\recovered_cutscene_push_matrix.csv
quest_push_dependency_bundles,,gcl107,111433,To Kill a Raven (Limsa Lominsa),grand_company,data_or_stub,cutscene_file_no_delegate=3,quest_bundle,111433,,,,,,,medium,,,cutscene owner/payload probe,cutscene push/operator proof,,
quest_push_operator_rows,78,gcl107,111433,To Kill a Raven (Limsa Lominsa),grand_company,data_or_stub,cutscene_file_no_delegate,quest_cutscene,processEventKinnison03,gc010750,local_file_no_delegate_inventory,!testcutscene gc010750 delegate 1,,"callClientFunction(player, ""delegateEvent"", player, quest, ""processEventKinnison03"", <payload?>)",probe_command_required,medium,local route does not yet expose recovered method safely,"quest sequence before/after; owner actor/event name/type; recovered cutscene args=""gc010750""; 1; 0; A3_115; probe_only; Kinnison 03",,cutscene push/operator proof,Data\scripts\quests\gcl\gcl107.lua,outputs\quest-cutscene-push-matrix-atlas-20260630\recovered_cutscene_push_matrix.csv
quest_push_operator_rows,78,gcl107,111433,To Kill a Raven (Limsa Lominsa),grand_company,data_or_stub,cutscene_file_no_delegate,quest_cutscene,processEventNq1,gc010710,local_file_no_delegate_inventory,!testcutscene gc010710 delegate 1,,"callClientFunction(player, ""delegateEvent"", player, quest, ""processEventNq1"", <payload?>)",probe_command_required,medium,local route does not yet expose recovered method safely,"quest sequence before/after; owner actor/event name/type; recovered cutscene args=""gc010710""; 1; 0; probe_only",,cutscene push/operator proof,Data\scripts\quests\gcl\gcl107.lua,outputs\quest-cutscene-push-matrix-atlas-20260630\recovered_cutscene_push_matrix.csv
quest_push_operator_rows,78,gcl107,111433,To Kill a Raven (Limsa Lominsa),grand_company,data_or_stub,cutscene_file_no_delegate,quest_cutscene,processEventNq2,gc010714,local_file_no_delegate_inventory,!testcutscene gc010714 delegate 2,,"callClientFunction(player, ""delegateEvent"", player, quest, ""processEventNq2"", <payload?>)",probe_command_required,medium,local route does not yet expose recovered method safely,"quest sequence before/after; owner actor/event name/type; recovered cutscene args=""gc010714""; 2; 0; A3_122; probe_only",,cutscene push/operator proof,Data\scripts\quests\gcl\gcl107.lua,outputs\quest-cutscene-push-matrix-atlas-20260630\recovered_cutscene_push_matrix.csv
quest_push_dependency_bundles,,gcl301,111417,The Cove,grand_company,data_or_stub,,quest_bundle,111417,,,,!sqbprivate status <code>; !sqbprivate spawn <spawn-ready-code>; private mob materialization recipe,,,high,,,manual fight route recovery,high-risk push dependency review,,
quest_push_operator_rows,70,gcl301,111417,The Cove,grand_company,data_or_stub,fight_sqb_private,fight_sqb,,,log_only_until_callback_and_cutscene_ready,,!sqbprivate status <code>; !sqbprivate spawn <spawn-ready-code>; private mob materialization recipe,,recover_actor_first,high,recover callback actor id first,0; make materialization and callback identity concrete before trusting kill_route_present,,fight push/operator proof,,outputs\quest-sqb-adapter-atlas-20260630\sqb_adapter_rows.csv
quest_push_dependency_bundles,,gcl302,111418,Saving the Stead Instead,grand_company,data_or_stub,,quest_bundle,111418,,,,!sqbprivate status <code>; !sqbprivate spawn <spawn-ready-code>; private mob materialization recipe,,,high,,,manual fight route recovery,high-risk push dependency review,,
quest_push_operator_rows,70,gcl302,111418,Saving the Stead Instead,grand_company,data_or_stub,fight_sqb_private,fight_sqb,,,log_only_until_callback_and_cutscene_ready,,!sqbprivate status <code>; !sqbprivate spawn <spawn-ready-code>; private mob materialization recipe,,recover_actor_first,high,recover callback actor id first,0; make materialization and callback identity concrete before trusting kill_route_present,,fight push/operator proof,,outputs\quest-sqb-adapter-atlas-20260630\sqb_adapter_rows.csv
quest_push_dependency_bundles,,gcl303,111419,It's a Piece of Cake to Bake a Poison Cake,grand_company,data_or_stub,,quest_bundle,111419,,,,!sqbprivate status <code>; !sqbprivate spawn <spawn-ready-code>; private mob materialization recipe,,,high,,,manual fight route recovery,high-risk push dependency review,,
quest_push_operator_rows,70,gcl303,111419,It's a Piece of Cake to Bake a Poison Cake,grand_company,data_or_stub,fight_sqb_private,fight_sqb,,,log_only_until_callback_and_cutscene_ready,,!sqbprivate status <code>; !sqbprivate spawn <spawn-ready-code>; private mob materialization recipe,,recover_actor_first,high,recover callback actor id first,0; make materialization and callback identity concrete before trusting kill_route_present,,fight push/operator proof,,outputs\quest-sqb-adapter-atlas-20260630\sqb_adapter_rows.csv
quest_push_dependency_bundles,,gcl305,111426,Oil Crisis,grand_company,data_or_stub,,quest_bundle,111426,,,,!sqbprivate status <code>; !sqbprivate spawn <spawn-ready-code>; private mob materialization recipe,,,high,,,manual fight route recovery,high-risk push dependency review,,
quest_push_operator_rows,70,gcl305,111426,Oil Crisis,grand_company,data_or_stub,fight_sqb_private,fight_sqb,,,log_only_until_callback_and_cutscene_ready,,!sqbprivate status <code>; !sqbprivate spawn <spawn-ready-code>; private mob materialization recipe,,recover_actor_first,high,recover callback actor id first,0; make materialization and callback identity concrete before trusting kill_route_present,,fight push/operator proof,,outputs\quest-sqb-adapter-atlas-20260630\sqb_adapter_rows.csv
quest_push_dependency_bundles,,gcu102,111827,"Like Father, Like Son",grand_company,data_or_stub,cutscene_file_no_delegate=3,quest_bundle,111827,,,,,,,medium,,,cutscene owner/payload probe,cutscene push/operator proof,,
quest_push_operator_rows,78,gcu102,111827,"Like Father, Like Son",grand_company,data_or_stub,cutscene_file_no_delegate,quest_cutscene,processEvent015,gc01u210,local_file_no_delegate_inventory,!testcutscene gc01u210 delegate 1,,"callClientFunction(player, ""delegateEvent"", player, quest, ""processEvent015"", <payload?>)",probe_command_required,medium,local route does not yet expose recovered method safely,"quest sequence before/after; owner actor/event name/type; recovered cutscene args=""gc01u210""; 1; probe_only; elevator/event owner unresolved; EmpireChiefQuestGcu102 is combat actor evidence, not route owner",,cutscene push/operator proof,Data\scripts\quests\gcu\gcu102.lua,outputs\quest-cutscene-push-matrix-atlas-20260630\recovered_cutscene_push_matrix.csv
quest_push_operator_rows,78,gcu102,111827,"Like Father, Like Son",grand_company,data_or_stub,cutscene_file_no_delegate,quest_cutscene,processEvent_elevator_nq1F,elv0u01a,local_file_no_delegate_inventory,!testcutscene elv0u01a delegate 1,,"callClientFunction(player, ""delegateEvent"", player, quest, ""processEvent_elevator_nq1F"", <payload?>)",probe_command_required,medium,local route does not yet expose recovered method safely,"quest sequence before/after; owner actor/event name/type; recovered cutscene args=""elv0u01a""; 1; 0; probe_only; elevator/event owner unresolved; EmpireChiefQuestGcu102 is combat actor evidence, not route owner",,cutscene push/operator proof,Data\scripts\quests\gcu\gcu102.lua,outputs\quest-cutscene-push-matrix-atlas-20260630\recovered_cutscene_push_matrix.csv
quest_push_operator_rows,78,gcu102,111827,"Like Father, Like Son",grand_company,data_or_stub,cutscene_file_no_delegate,quest_cutscene,processEvent_elevator_nq2F,elv0u02a,local_file_no_delegate_inventory,!testcutscene elv0u02a delegate 1,,"callClientFunction(player, ""delegateEvent"", player, quest, ""processEvent_elevator_nq2F"", <payload?>)",probe_command_required,medium,local route does not yet expose recovered method safely,"quest sequence before/after; owner actor/event name/type; recovered cutscene args=""elv0u02a""; 1; 0; probe_only; elevator/event owner unresolved; EmpireChiefQuestGcu102 is combat actor evidence, not route owner",,cutscene push/operator proof,Data\scripts\quests\gcu\gcu102.lua,outputs\quest-cutscene-push-matrix-atlas-20260630\recovered_cutscene_push_matrix.csv
quest_push_dependency_bundles,,gcu103,111829,Careless Whispers,grand_company,data_or_stub,cutscene_file_no_delegate=2,quest_bundle,111829,,,,!sqbprivate status <code>; !sqbprivate spawn <spawn-ready-code>; private mob materialization recipe,,,high,,,cutscene owner/payload probe,cutscene push/operator proof,,
quest_push_operator_rows,78,gcu103,111829,Careless Whispers,grand_company,data_or_stub,cutscene_file_no_delegate,quest_cutscene,processEvent_010_NQ_1,gc01u320,local_file_no_delegate_inventory,!testcutscene gc01u320 delegate 1,,"callClientFunction(player, ""delegateEvent"", player, quest, ""processEvent_010_NQ_1"", <payload?>)",probe_command_required,medium,local route does not yet expose recovered method safely,"quest sequence before/after; owner actor/event name/type; recovered cutscene args=""gc01u320""; 1; probe_only",,cutscene push/operator proof,Data\scripts\quests\gcu\gcu103.lua,outputs\quest-cutscene-push-matrix-atlas-20260630\recovered_cutscene_push_matrix.csv
quest_push_operator_rows,78,gcu103,111829,Careless Whispers,grand_company,data_or_stub,cutscene_file_no_delegate,quest_cutscene,processEvent_025_NQ_2,gc01u310,local_file_no_delegate_inventory,!testcutscene gc01u310 delegate 1,,"callClientFunction(player, ""delegateEvent"", player, quest, ""processEvent_025_NQ_2"", <payload?>)",probe_command_required,medium,local route does not yet expose recovered method safely,"quest sequence before/after; owner actor/event name/type; recovered cutscene args=""gc01u310""; 1; probe_only",,cutscene push/operator proof,Data\scripts\quests\gcu\gcu103.lua,outputs\quest-cutscene-push-matrix-atlas-20260630\recovered_cutscene_push_matrix.csv
quest_push_operator_rows,70,gcu103,111829,Careless Whispers,grand_company,data_or_stub,fight_sqb_private,fight_sqb,,,log_only_until_callback_and_cutscene_ready,,!sqbprivate status <code>; !sqbprivate spawn <spawn-ready-code>; private mob materialization recipe,,recover_actor_first,high,recover callback actor id first,0; 2; make materialization and callback identity concrete before trusting kill_route_present,,fight push/operator proof,,outputs\quest-sqb-adapter-atlas-20260630\sqb_adapter_rows.csv
quest_push_dependency_bundles,,gcu301,111817,Prying Eyes,grand_company,data_or_stub,,quest_bundle,111817,,,,!sqbprivate status <code>; !sqbprivate spawn <spawn-ready-code>; private mob materialization recipe,,,high,,,manual fight route recovery,high-risk push dependency review,,
quest_push_operator_rows,70,gcu301,111817,Prying Eyes,grand_company,data_or_stub,fight_sqb_private,fight_sqb,,,log_only_until_callback_and_cutscene_ready,,!sqbprivate status <code>; !sqbprivate spawn <spawn-ready-code>; private mob materialization recipe,,recover_actor_first,high,recover callback actor id first,0; make materialization and callback identity concrete before trusting kill_route_present,,fight push/operator proof,,outputs\quest-sqb-adapter-atlas-20260630\sqb_adapter_rows.csv
quest_push_dependency_bundles,,gcu302,111818,Different Strokes,grand_company,data_or_stub,,quest_bundle,111818,,,,!sqbprivate status <code>; !sqbprivate spawn <spawn-ready-code>; private mob materialization recipe,,,high,,,manual fight route recovery,high-risk push dependency review,,
quest_push_operator_rows,70,gcu302,111818,Different Strokes,grand_company,data_or_stub,fight_sqb_private,fight_sqb,,,log_only_until_callback_and_cutscene_ready,,!sqbprivate status <code>; !sqbprivate spawn <spawn-ready-code>; private mob materialization recipe,,recover_actor_first,high,recover callback actor id first,0; make materialization and callback identity concrete before trusting kill_route_present,,fight push/operator proof,,outputs\quest-sqb-adapter-atlas-20260630\sqb_adapter_rows.csv
quest_push_dependency_bundles,,gcu303,111819,A Weaver and a Mummer,grand_company,data_or_stub,,quest_bundle,111819,,,,!sqbprivate status <code>; !sqbprivate spawn <spawn-ready-code>; private mob materialization recipe,,,high,,,manual fight route recovery,high-risk push dependency review,,
quest_push_operator_rows,70,gcu303,111819,A Weaver and a Mummer,grand_company,data_or_stub,fight_sqb_private,fight_sqb,,,log_only_until_callback_and_cutscene_ready,,!sqbprivate status <code>; !sqbprivate spawn <spawn-ready-code>; private mob materialization recipe,,recover_actor_first,high,recover callback actor id first,0; 1; make materialization and callback identity concrete before trusting kill_route_present,,fight push/operator proof,,outputs\quest-sqb-adapter-atlas-20260630\sqb_adapter_rows.csv
quest_push_dependency_bundles,,gcu305,111826,Challenge Accepted,grand_company,data_or_stub,,quest_bundle,111826,,,,!sqbprivate status <code>; !sqbprivate spawn <spawn-ready-code>; private mob materialization recipe,,,high,,,manual fight route recovery,high-risk push dependency review,,
quest_push_operator_rows,70,gcu305,111826,Challenge Accepted,grand_company,data_or_stub,fight_sqb_private,fight_sqb,,,log_only_until_callback_and_cutscene_ready,,!sqbprivate status <code>; !sqbprivate spawn <spawn-ready-code>; private mob materialization recipe,,recover_actor_first,high,recover callback actor id first,0; make materialization and callback identity concrete before trusting kill_route_present,,fight push/operator proof,,outputs\quest-sqb-adapter-atlas-20260630\sqb_adapter_rows.csv
quest_push_dependency_bundles,,blm0j1,111261,Hearing Voices,job,data_or_stub,cutscene_scaffold_route_probe=2,quest_bundle,111261,,,,!sqbprivate status <code>; !sqbprivate spawn <spawn-ready-code>; private mob materialization recipe,,,high,,,no-mutation scaffold route probe,cutscene push/operator proof,,
quest_push_operator_rows,104,blm0j1,111261,Hearing Voices,job,data_or_stub,cutscene_scaffold_route_probe,quest_cutscene,processEvent010,blm0j110,scaffold_only_owner_recovered_probe_required,!testcutscene blm0j110 delegate 1,,"callClientFunction(player, ""delegateEvent"", player, quest, ""processEvent010"", <payload?>)",no_mutation_probe_only,high,scaffold can accept/complete/reward directly,"quest sequence before/after; owner actor/event name/type; recovered cutscene args=""blm0j110""; 1; InitJobQuest wrapper: template can AcceptQuest, CompleteQuest, grant key items/items/actions, and AddExp directly; scene_log_only_no_accept_complete_reward_item_or_exp_mutation",,cutscene push/operator proof,Data\scripts\quests\blm\blm0j1.lua,outputs\quest-cutscene-push-matrix-atlas-20260630\recovered_cutscene_push_matrix.csv
quest_push_operator_rows,104,blm0j1,111261,Hearing Voices,job,data_or_stub,cutscene_scaffold_route_probe,quest_cutscene,processEvent020,blm0j120,scaffold_only_owner_recovered_probe_required,!testcutscene blm0j120 delegate 1,,"callClientFunction(player, ""delegateEvent"", player, quest, ""processEvent020"", <payload?>)",no_mutation_probe_only,high,scaffold can accept/complete/reward directly,"quest sequence before/after; owner actor/event name/type; recovered cutscene args=""blm0j120""; 1; InitJobQuest wrapper: template can AcceptQuest, CompleteQuest, grant key items/items/actions, and AddExp directly; scene_log_only_no_accept_complete_reward_item_or_exp_mutation",,cutscene push/operator proof,Data\scripts\quests\blm\blm0j1.lua,outputs\quest-cutscene-push-matrix-atlas-20260630\recovered_cutscene_push_matrix.csv
quest_push_operator_rows,38,blm0j1,111261,Hearing Voices,job,data_or_stub,fight_sqb_private,fight_sqb,,,log_only_until_callback_and_cutscene_ready,,!sqbprivate status <code>; !sqbprivate spawn <spawn-ready-code>; private mob materialization recipe,,recover_actor_first,high,recover callback actor id first,0; 2; make materialization and callback identity concrete before trusting kill_route_present,,fight push/operator proof,,outputs\quest-sqb-adapter-atlas-20260630\sqb_adapter_rows.csv
quest_push_dependency_bundles,,blm0j6,111266,Always Bet on Black,job,data_or_stub,cutscene_scaffold_route_probe=3,quest_bundle,111266,,,,,,,high,,,no-mutation scaffold route probe,cutscene push/operator proof,,
quest_push_operator_rows,104,blm0j6,111266,Always Bet on Black,job,data_or_stub,cutscene_scaffold_route_probe,quest_cutscene,processEventNQ01,blm0j610,scaffold_only_owner_recovered_probe_required,!testcutscene blm0j610 delegate 1,,"callClientFunction(player, ""delegateEvent"", player, quest, ""processEventNQ01"", <payload?>)",no_mutation_probe_only,high,scaffold can accept/complete/reward directly,"quest sequence before/after; owner actor/event name/type; recovered cutscene args=""blm0j610""; 1; InitJobQuest wrapper: template can AcceptQuest, CompleteQuest, grant key items/items/actions, and AddExp directly; scene_log_only_no_accept_complete_reward_item_or_exp_mutation",,cutscene push/operator proof,Data\scripts\quests\blm\blm0j6.lua,outputs\quest-cutscene-push-matrix-atlas-20260630\recovered_cutscene_push_matrix.csv
quest_push_operator_rows,104,blm0j6,111266,Always Bet on Black,job,data_or_stub,cutscene_scaffold_route_probe,quest_cutscene,processEventNQ02,blm0j620,scaffold_only_owner_recovered_probe_required,!testcutscene blm0j620 delegate 1,,"callClientFunction(player, ""delegateEvent"", player, quest, ""processEventNQ02"", <payload?>)",no_mutation_probe_only,high,scaffold can accept/complete/reward directly,"quest sequence before/after; owner actor/event name/type; recovered cutscene args=""blm0j620""; 1; InitJobQuest wrapper: template can AcceptQuest, CompleteQuest, grant key items/items/actions, and AddExp directly; scene_log_only_no_accept_complete_reward_item_or_exp_mutation",,cutscene push/operator proof,Data\scripts\quests\blm\blm0j6.lua,outputs\quest-cutscene-push-matrix-atlas-20260630\recovered_cutscene_push_matrix.csv
quest_push_operator_rows,104,blm0j6,111266,Always Bet on Black,job,data_or_stub,cutscene_scaffold_route_probe,quest_cutscene,processEventNQ03,blm0j620,scaffold_only_owner_recovered_probe_required,!testcutscene blm0j620 delegate 1,,"callClientFunction(player, ""delegateEvent"", player, quest, ""processEventNQ03"", <payload?>)",no_mutation_probe_only,high,scaffold can accept/complete/reward directly,"quest sequence before/after; owner actor/event name/type; recovered cutscene args=""blm0j620""; 1; InitJobQuest wrapper: template can AcceptQuest, CompleteQuest, grant key items/items/actions, and AddExp directly; scene_log_only_no_accept_complete_reward_item_or_exp_mutation",,cutscene push/operator proof,Data\scripts\quests\blm\blm0j6.lua,outputs\quest-cutscene-push-matrix-atlas-20260630\recovered_cutscene_push_matrix.csv
quest_push_dependency_bundles,,brd0j1,111301,A Song of Bards and Bowmen,job,data_or_stub,,quest_bundle,111301,,,,!sqbprivate status <code>; !sqbprivate spawn <spawn-ready-code>; private mob materialization recipe,,,high,,,manual fight route recovery,high-risk push dependency review,,
quest_push_operator_rows,38,brd0j1,111301,A Song of Bards and Bowmen,job,data_or_stub,fight_sqb_private,fight_sqb,,,log_only_until_callback_and_cutscene_ready,,!sqbprivate status <code>; !sqbprivate spawn <spawn-ready-code>; private mob materialization recipe,,recover_actor_first,high,recover callback actor id first,0; make materialization and callback identity concrete before trusting kill_route_present,,fight push/operator proof,,outputs\quest-sqb-adapter-atlas-20260630\sqb_adapter_rows.csv
quest_push_dependency_bundles,,brd0j4,111304,Doing It the Bard Way,job,data_or_stub,cutscene_scaffold_route_probe=3,quest_bundle,111304,,,,!sqbprivate status <code>; !sqbprivate spawn <spawn-ready-code>; private mob materialization recipe,,,high,,,no-mutation scaffold route probe,cutscene push/operator proof,,
quest_push_operator_rows,104,brd0j4,111304,Doing It the Bard Way,job,data_or_stub,cutscene_scaffold_route_probe,quest_cutscene,processEventNQ01,brd0j410,scaffold_only_owner_recovered_probe_required,!testcutscene brd0j410 delegate 1,,"callClientFunction(player, ""delegateEvent"", player, quest, ""processEventNQ01"", <payload?>)",no_mutation_probe_only,high,scaffold can accept/complete/reward directly,"quest sequence before/after; owner actor/event name/type; recovered cutscene args=""brd0j410""; 1; InitJobQuest wrapper: template can AcceptQuest, CompleteQuest, grant key items/items/actions, and AddExp directly; scene_log_only_no_accept_complete_reward_item_or_exp_mutation",,cutscene push/operator proof,Data\scripts\quests\brd\brd0j4.lua,outputs\quest-cutscene-push-matrix-atlas-20260630\recovered_cutscene_push_matrix.csv
quest_push_operator_rows,104,brd0j4,111304,Doing It the Bard Way,job,data_or_stub,cutscene_scaffold_route_probe,quest_cutscene,processEventNQ02,brd0j410,scaffold_only_owner_recovered_probe_required,!testcutscene brd0j410 delegate 1,,"callClientFunction(player, ""delegateEvent"", player, quest, ""processEventNQ02"", <payload?>)",no_mutation_probe_only,high,scaffold can accept/complete/reward directly,"quest sequence before/after; owner actor/event name/type; recovered cutscene args=""brd0j410""; 1; InitJobQuest wrapper: template can AcceptQuest, CompleteQuest, grant key items/items/actions, and AddExp directly; scene_log_only_no_accept_complete_reward_item_or_exp_mutation",,cutscene push/operator proof,Data\scripts\quests\brd\brd0j4.lua,outputs\quest-cutscene-push-matrix-atlas-20260630\recovered_cutscene_push_matrix.csv
quest_push_operator_rows,104,brd0j4,111304,Doing It the Bard Way,job,data_or_stub,cutscene_scaffold_route_probe,quest_cutscene,processEventNQ03,brd0j420,scaffold_only_owner_recovered_probe_required,!testcutscene brd0j420 delegate 1,,"callClientFunction(player, ""delegateEvent"", player, quest, ""processEventNQ03"", <payload?>)",no_mutation_probe_only,high,scaffold can accept/complete/reward directly,"quest sequence before/after; owner actor/event name/type; recovered cutscene args=""brd0j420""; 1; InitJobQuest wrapper: template can AcceptQuest, CompleteQuest, grant key items/items/actions, and AddExp directly; scene_log_only_no_accept_complete_reward_item_or_exp_mutation",,cutscene push/operator proof,Data\scripts\quests\brd\brd0j4.lua,outputs\quest-cutscene-push-matrix-atlas-20260630\recovered_cutscene_push_matrix.csv
quest_push_operator_rows,38,brd0j4,111304,Doing It the Bard Way,job,data_or_stub,fight_sqb_private,fight_sqb,,,log_only_until_callback_and_cutscene_ready,,!sqbprivate status <code>; !sqbprivate spawn <spawn-ready-code>; private mob materialization recipe,,recover_actor_first,high,recover callback actor id first,0; 3; 1; make materialization and callback identity concrete before trusting kill_route_present,,fight push/operator proof,,outputs\quest-sqb-adapter-atlas-20260630\sqb_adapter_rows.csv
quest_push_dependency_bundles,,brd0j6,111306,Requiem for the Fallen,job,data_or_stub,cutscene_scaffold_route_probe=1,quest_bundle,111306,,,,,,,high,,,no-mutation scaffold route probe,cutscene push/operator proof,,
quest_push_operator_rows,104,brd0j6,111306,Requiem for the Fallen,job,data_or_stub,cutscene_scaffold_route_probe,quest_cutscene,processEvent_010,brd0j610,scaffold_only_owner_recovered_probe_required,!testcutscene brd0j610 delegate 1,,"callClientFunction(player, ""delegateEvent"", player, quest, ""processEvent_010"", <payload?>)",no_mutation_probe_only,high,scaffold can accept/complete/reward directly,"quest sequence before/after; owner actor/event name/type; recovered cutscene args=""brd0j610""; 1; InitJobQuest wrapper: template can AcceptQuest, CompleteQuest, grant key items/items/actions, and AddExp directly; scene_log_only_no_accept_complete_reward_item_or_exp_mutation",,cutscene push/operator proof,Data\scripts\quests\brd\brd0j6.lua,outputs\quest-cutscene-push-matrix-atlas-20260630\recovered_cutscene_push_matrix.csv
quest_push_dependency_bundles,,drg0j1,111321,Eye of the Dragon,job,data_or_stub,cutscene_scaffold_route_probe=1,quest_bundle,111321,,,,!sqbprivate status <code>; !sqbprivate spawn <spawn-ready-code>; private mob materialization recipe,,,high,,,no-mutation scaffold route probe,cutscene push/operator proof,,
quest_push_operator_rows,104,drg0j1,111321,Eye of the Dragon,job,data_or_stub,cutscene_scaffold_route_probe,quest_cutscene,processEventNQ,drg0j110,scaffold_only_owner_recovered_probe_required,!testcutscene drg0j110 delegate 1,,"callClientFunction(player, ""delegateEvent"", player, quest, ""processEventNQ"", <payload?>)",no_mutation_probe_only,high,scaffold can accept/complete/reward directly,"quest sequence before/after; owner actor/event name/type; recovered cutscene args=""drg0j110""; 1; InitJobQuest wrapper: template can AcceptQuest, CompleteQuest, grant key items/items/actions, and AddExp directly; scene_log_only_no_accept_complete_reward_item_or_exp_mutation",,cutscene push/operator proof,Data\scripts\quests\drg\drg0j1.lua,outputs\quest-cutscene-push-matrix-atlas-20260630\recovered_cutscene_push_matrix.csv
quest_push_operator_rows,38,drg0j1,111321,Eye of the Dragon,job,data_or_stub,fight_sqb_private,fight_sqb,,,log_only_until_callback_and_cutscene_ready,,!sqbprivate status <code>; !sqbprivate spawn <spawn-ready-code>; private mob materialization recipe,,recover_actor_first,high,recover callback actor id first,0; 1; make materialization and callback identity concrete before trusting kill_route_present,,fight push/operator proof,,outputs\quest-sqb-adapter-atlas-20260630\sqb_adapter_rows.csv
quest_push_dependency_bundles,,drg0j4,111324,Double Dragoon,job,data_or_stub,cutscene_scaffold_route_probe=1,quest_bundle,111324,,,,,,,high,,,no-mutation scaffold route probe,cutscene push/operator proof,,
quest_push_operator_rows,104,drg0j4,111324,Double Dragoon,job,data_or_stub,cutscene_scaffold_route_probe,quest_cutscene,processEvent_NQ_Drg0j410,Drg0j410,scaffold_only_owner_recovered_probe_required,!testcutscene Drg0j410 delegate 1,,"callClientFunction(player, ""delegateEvent"", player, quest, ""processEvent_NQ_Drg0j410"", <payload?>)",no_mutation_probe_only,high,scaffold can accept/complete/reward directly,"quest sequence before/after; owner actor/event name/type; recovered cutscene args=""Drg0j410""; 1; InitJobQuest wrapper: template can AcceptQuest, CompleteQuest, grant key items/items/actions, and AddExp directly; scene_log_only_no_accept_complete_reward_item_or_exp_mutation; N Drg 0 j 410",,cutscene push/operator proof,Data\scripts\quests\drg\drg0j4.lua,outputs\quest-cutscene-push-matrix-atlas-20260630\recovered_cutscene_push_matrix.csv
quest_push_dependency_bundles,,drg0j6,111326,Into the Dragon's Maw,job,data_or_stub,cutscene_scaffold_route_probe=3,quest_bundle,111326,,,,!sqbprivate status <code>; !sqbprivate spawn <spawn-ready-code>; private mob materialization recipe,,,high,,,no-mutation scaffold route probe,cutscene push/operator proof,,
quest_push_operator_rows,104,drg0j6,111326,Into the Dragon's Maw,job,data_or_stub,cutscene_scaffold_route_probe,quest_cutscene,processEvent010,Drg0j610,scaffold_only_owner_recovered_probe_required,!testcutscene Drg0j610 delegate 1,,"callClientFunction(player, ""delegateEvent"", player, quest, ""processEvent010"", <payload?>)",no_mutation_probe_only,high,scaffold can accept/complete/reward directly,"quest sequence before/after; owner actor/event name/type; recovered cutscene args=""Drg0j610""; 1; InitJobQuest wrapper: template can AcceptQuest, CompleteQuest, grant key items/items/actions, and AddExp directly; scene_log_only_no_accept_complete_reward_item_or_exp_mutation",,cutscene push/operator proof,Data\scripts\quests\drg\drg0j6.lua,outputs\quest-cutscene-push-matrix-atlas-20260630\recovered_cutscene_push_matrix.csv
quest_push_operator_rows,104,drg0j6,111326,Into the Dragon's Maw,job,data_or_stub,cutscene_scaffold_route_probe,quest_cutscene,processEvent020,Drg0j620,scaffold_only_owner_recovered_probe_required,!testcutscene Drg0j620 delegate 1,,"callClientFunction(player, ""delegateEvent"", player, quest, ""processEvent020"", <payload?>)",no_mutation_probe_only,high,scaffold can accept/complete/reward directly,"quest sequence before/after; owner actor/event name/type; recovered cutscene args=""Drg0j620""; 1; InitJobQuest wrapper: template can AcceptQuest, CompleteQuest, grant key items/items/actions, and AddExp directly; scene_log_only_no_accept_complete_reward_item_or_exp_mutation",,cutscene push/operator proof,Data\scripts\quests\drg\drg0j6.lua,outputs\quest-cutscene-push-matrix-atlas-20260630\recovered_cutscene_push_matrix.csv
quest_push_operator_rows,104,drg0j6,111326,Into the Dragon's Maw,job,data_or_stub,cutscene_scaffold_route_probe,quest_cutscene,processEvent025,Drg0j620,scaffold_only_owner_recovered_probe_required,!testcutscene Drg0j620 delegate 1,,"callClientFunction(player, ""delegateEvent"", player, quest, ""processEvent025"", <payload?>)",no_mutation_probe_only,high,scaffold can accept/complete/reward directly,"quest sequence before/after; owner actor/event name/type; recovered cutscene args=""Drg0j620""; 1; InitJobQuest wrapper: template can AcceptQuest, CompleteQuest, grant key items/items/actions, and AddExp directly; scene_log_only_no_accept_complete_reward_item_or_exp_mutation",,cutscene push/operator proof,Data\scripts\quests\drg\drg0j6.lua,outputs\quest-cutscene-push-matrix-atlas-20260630\recovered_cutscene_push_matrix.csv
quest_push_operator_rows,38,drg0j6,111326,Into the Dragon's Maw,job,data_or_stub,fight_sqb_private,fight_sqb,,,log_only_until_callback_and_cutscene_ready,,!sqbprivate status <code>; !sqbprivate spawn <spawn-ready-code>; private mob materialization recipe,,recover_actor_first,high,recover callback actor id first,0; 3; 1; make materialization and callback identity concrete before trusting kill_route_present,,fight push/operator proof,,outputs\quest-sqb-adapter-atlas-20260630\sqb_adapter_rows.csv
quest_push_dependency_bundles,,mnk0j1,111221,Brother from Another Mother,job,data_or_stub,cutscene_scaffold_route_probe=1,quest_bundle,111221,,,,!sqbprivate status <code>; !sqbprivate spawn <spawn-ready-code>; private mob materialization recipe,,,high,,,no-mutation scaffold route probe,cutscene push/operator proof,,
quest_push_operator_rows,104,mnk0j1,111221,Brother from Another Mother,job,data_or_stub,cutscene_scaffold_route_probe,quest_cutscene,processEvent010,mnk0j110,scaffold_only_owner_recovered_probe_required,!testcutscene mnk0j110 delegate 1,,"callClientFunction(player, ""delegateEvent"", player, quest, ""processEvent010"", <payload?>)",no_mutation_probe_only,high,scaffold can accept/complete/reward directly,"quest sequence before/after; owner actor/event name/type; recovered cutscene args=""mnk0j110""; 1; InitJobQuest wrapper: template can AcceptQuest, CompleteQuest, grant key items/items/actions, and AddExp directly; scene_log_only_no_accept_complete_reward_item_or_exp_mutation",,cutscene push/operator proof,Data\scripts\quests\mnk\mnk0j1.lua,outputs\quest-cutscene-push-matrix-atlas-20260630\recovered_cutscene_push_matrix.csv
quest_push_operator_rows,38,mnk0j1,111221,Brother from Another Mother,job,data_or_stub,fight_sqb_private,fight_sqb,,,log_only_until_callback_and_cutscene_ready,,!sqbprivate status <code>; !sqbprivate spawn <spawn-ready-code>; private mob materialization recipe,,recover_actor_first,high,recover callback actor id first,0; 1; make materialization and callback identity concrete before trusting kill_route_present,,fight push/operator proof,,outputs\quest-sqb-adapter-atlas-20260630\sqb_adapter_rows.csv
quest_push_dependency_bundles,,mnk0j3,111223,The Pursuit of Power,job,data_or_stub,cutscene_scaffold_route_probe=1,quest_bundle,111223,,,,,,,high,,,no-mutation scaffold route probe,cutscene push/operator proof,,
quest_push_operator_rows,104,mnk0j3,111223,The Pursuit of Power,job,data_or_stub,cutscene_scaffold_route_probe,quest_cutscene,processEventClear,mnk0j310,scaffold_only_owner_recovered_probe_required,!testcutscene mnk0j310 delegate 1,,"callClientFunction(player, ""delegateEvent"", player, quest, ""processEventClear"", <payload?>)",no_mutation_probe_only,high,scaffold can accept/complete/reward directly,"quest sequence before/after; owner actor/event name/type; recovered cutscene args=""mnk0j310""; 1; InitJobQuest wrapper: template can AcceptQuest, CompleteQuest, grant key items/items/actions, and AddExp directly; scene_log_only_no_accept_complete_reward_item_or_exp_mutation",,cutscene push/operator proof,Data\scripts\quests\mnk\mnk0j3.lua,outputs\quest-cutscene-push-matrix-atlas-20260630\recovered_cutscene_push_matrix.csv
quest_push_dependency_bundles,,mnk0j6,111226,Return of the King...of Ruin,job,data_or_stub,cutscene_scaffold_route_probe=2,quest_bundle,111226,,,,,,,high,,,no-mutation scaffold route probe,cutscene push/operator proof,,
quest_push_operator_rows,104,mnk0j6,111226,Return of the King...of Ruin,job,data_or_stub,cutscene_scaffold_route_probe,quest_cutscene,processEvent005,mnk0j610,scaffold_only_owner_recovered_probe_required,!testcutscene mnk0j610 delegate 1,,"callClientFunction(player, ""delegateEvent"", player, quest, ""processEvent005"", <payload?>)",no_mutation_probe_only,high,scaffold can accept/complete/reward directly,"quest sequence before/after; owner actor/event name/type; recovered cutscene args=""mnk0j610""; 1; InitJobQuest wrapper: template can AcceptQuest, CompleteQuest, grant key items/items/actions, and AddExp directly; scene_log_only_no_accept_complete_reward_item_or_exp_mutation",,cutscene push/operator proof,Data\scripts\quests\mnk\mnk0j6.lua,outputs\quest-cutscene-push-matrix-atlas-20260630\recovered_cutscene_push_matrix.csv
quest_push_operator_rows,104,mnk0j6,111226,Return of the King...of Ruin,job,data_or_stub,cutscene_scaffold_route_probe,quest_cutscene,processEvent015,mnk0j620,scaffold_only_owner_recovered_probe_required,!testcutscene mnk0j620 delegate 1,,"callClientFunction(player, ""delegateEvent"", player, quest, ""processEvent015"", <payload?>)",no_mutation_probe_only,high,scaffold can accept/complete/reward directly,"quest sequence before/after; owner actor/event name/type; recovered cutscene args=""mnk0j620""; 1; InitJobQuest wrapper: template can AcceptQuest, CompleteQuest, grant key items/items/actions, and AddExp directly; scene_log_only_no_accept_complete_reward_item_or_exp_mutation",,cutscene push/operator proof,Data\scripts\quests\mnk\mnk0j6.lua,outputs\quest-cutscene-push-matrix-atlas-20260630\recovered_cutscene_push_matrix.csv
quest_push_dependency_bundles,,pld0j1,111281,Paladin's Pledge,job,data_or_stub,cutscene_scaffold_route_probe=2,quest_bundle,111281,,,,!sqbprivate status <code>; !sqbprivate spawn <spawn-ready-code>; private mob materialization recipe,,,high,,,no-mutation scaffold route probe,cutscene push/operator proof,,
quest_push_operator_rows,104,pld0j1,111281,Paladin's Pledge,job,data_or_stub,cutscene_scaffold_route_probe,quest_cutscene,processEvent010,pld0j110,scaffold_only_owner_recovered_probe_required,!testcutscene pld0j110 delegate 1,,"callClientFunction(player, ""delegateEvent"", player, quest, ""processEvent010"", <payload?>)",no_mutation_probe_only,high,scaffold can accept/complete/reward directly,"quest sequence before/after; owner actor/event name/type; recovered cutscene args=""pld0j110""; 1; InitJobQuest wrapper: template can AcceptQuest, CompleteQuest, grant key items/items/actions, and AddExp directly; scene_log_only_no_accept_complete_reward_item_or_exp_mutation",,cutscene push/operator proof,Data\scripts\quests\pld\pld0j1.lua,outputs\quest-cutscene-push-matrix-atlas-20260630\recovered_cutscene_push_matrix.csv
quest_push_operator_rows,104,pld0j1,111281,Paladin's Pledge,job,data_or_stub,cutscene_scaffold_route_probe,quest_cutscene,processEvent015,pld0j110,scaffold_only_owner_recovered_probe_required,!testcutscene pld0j110 delegate 1,,"callClientFunction(player, ""delegateEvent"", player, quest, ""processEvent015"", <payload?>)",no_mutation_probe_only,high,scaffold can accept/complete/reward directly,"quest sequence before/after; owner actor/event name/type; recovered cutscene args=""pld0j110""; 1; InitJobQuest wrapper: template can AcceptQuest, CompleteQuest, grant key items/items/actions, and AddExp directly; scene_log_only_no_accept_complete_reward_item_or_exp_mutation",,cutscene push/operator proof,Data\scripts\quests\pld\pld0j1.lua,outputs\quest-cutscene-push-matrix-atlas-20260630\recovered_cutscene_push_matrix.csv
quest_push_operator_rows,38,pld0j1,111281,Paladin's Pledge,job,data_or_stub,fight_sqb_private,fight_sqb,,,log_only_until_callback_and_cutscene_ready,,!sqbprivate status <code>; !sqbprivate spawn <spawn-ready-code>; private mob materialization recipe,,recover_actor_first,high,recover callback actor id first,0; 2; 1; make materialization and callback identity concrete before trusting kill_route_present,,fight push/operator proof,,outputs\quest-sqb-adapter-atlas-20260630\sqb_adapter_rows.csv
quest_push_dependency_bundles,,pld0j5,111285,Parley on High Ground,job,data_or_stub,cutscene_scaffold_route_probe=2,quest_bundle,111285,,,,!sqbprivate status <code>; !sqbprivate spawn <spawn-ready-code>; private mob materialization recipe,,,high,,,no-mutation scaffold route probe,cutscene push/operator proof,,
quest_push_operator_rows,104,pld0j5,111285,Parley on High Ground,job,data_or_stub,cutscene_scaffold_route_probe,quest_cutscene,processEvent_005NQ_1,pld0j510,scaffold_only_owner_recovered_probe_required,!testcutscene pld0j510 delegate 1,,"callClientFunction(player, ""delegateEvent"", player, quest, ""processEvent_005NQ_1"", <payload?>)",no_mutation_probe_only,high,scaffold can accept/complete/reward directly,"quest sequence before/after; owner actor/event name/type; recovered cutscene args=""pld0j510""; 1; InitJobQuest wrapper: template can AcceptQuest, CompleteQuest, grant key items/items/actions, and AddExp directly; scene_log_only_no_accept_complete_reward_item_or_exp_mutation",,cutscene push/operator proof,Data\scripts\quests\pld\pld0j5.lua,outputs\quest-cutscene-push-matrix-atlas-20260630\recovered_cutscene_push_matrix.csv
quest_push_operator_rows,104,pld0j5,111285,Parley on High Ground,job,data_or_stub,cutscene_scaffold_route_probe,quest_cutscene,processEvent_015NQ_2,pld0j520,scaffold_only_owner_recovered_probe_required,!testcutscene pld0j520 delegate 1,,"callClientFunction(player, ""delegateEvent"", player, quest, ""processEvent_015NQ_2"", <payload?>)",no_mutation_probe_only,high,scaffold can accept/complete/reward directly,"quest sequence before/after; owner actor/event name/type; recovered cutscene args=""pld0j520""; 1; InitJobQuest wrapper: template can AcceptQuest, CompleteQuest, grant key items/items/actions, and AddExp directly; scene_log_only_no_accept_complete_reward_item_or_exp_mutation",,cutscene push/operator proof,Data\scripts\quests\pld\pld0j5.lua,outputs\quest-cutscene-push-matrix-atlas-20260630\recovered_cutscene_push_matrix.csv
quest_push_operator_rows,38,pld0j5,111285,Parley on High Ground,job,data_or_stub,fight_sqb_private,fight_sqb,,,log_only_until_callback_and_cutscene_ready,,!sqbprivate status <code>; !sqbprivate spawn <spawn-ready-code>; private mob materialization recipe,,recover_actor_first,high,recover callback actor id first,0; 2; 1; make materialization and callback identity concrete before trusting kill_route_present,,fight push/operator proof,,outputs\quest-sqb-adapter-atlas-20260630\sqb_adapter_rows.csv
quest_push_dependency_bundles,,pld0j6,111286,Keeping the Oath,job,data_or_stub,cutscene_scaffold_route_probe=3,quest_bundle,111286,,,,,,,high,,,no-mutation scaffold route probe,cutscene push/operator proof,,
quest_push_operator_rows,104,pld0j6,111286,Keeping the Oath,job,data_or_stub,cutscene_scaffold_route_probe,quest_cutscene,processEventNQ01,pld0j610,scaffold_only_owner_recovered_probe_required,!testcutscene pld0j610 delegate 1,,"callClientFunction(player, ""delegateEvent"", player, quest, ""processEventNQ01"", <payload?>)",no_mutation_probe_only,high,scaffold can accept/complete/reward directly,"quest sequence before/after; owner actor/event name/type; recovered cutscene args=""pld0j610""; 1; InitJobQuest wrapper: template can AcceptQuest, CompleteQuest, grant key items/items/actions, and AddExp directly; scene_log_only_no_accept_complete_reward_item_or_exp_mutation",,cutscene push/operator proof,Data\scripts\quests\pld\pld0j6.lua,outputs\quest-cutscene-push-matrix-atlas-20260630\recovered_cutscene_push_matrix.csv
quest_push_operator_rows,104,pld0j6,111286,Keeping the Oath,job,data_or_stub,cutscene_scaffold_route_probe,quest_cutscene,processEventNQ02,pld0j620,scaffold_only_owner_recovered_probe_required,!testcutscene pld0j620 delegate 1,,"callClientFunction(player, ""delegateEvent"", player, quest, ""processEventNQ02"", <payload?>)",no_mutation_probe_only,high,scaffold can accept/complete/reward directly,"quest sequence before/after; owner actor/event name/type; recovered cutscene args=""pld0j620""; 1; InitJobQuest wrapper: template can AcceptQuest, CompleteQuest, grant key items/items/actions, and AddExp directly; scene_log_only_no_accept_complete_reward_item_or_exp_mutation",,cutscene push/operator proof,Data\scripts\quests\pld\pld0j6.lua,outputs\quest-cutscene-push-matrix-atlas-20260630\recovered_cutscene_push_matrix.csv
quest_push_operator_rows,104,pld0j6,111286,Keeping the Oath,job,data_or_stub,cutscene_scaffold_route_probe,quest_cutscene,processEventNQ03,pld0j620,scaffold_only_owner_recovered_probe_required,!testcutscene pld0j620 delegate 1,,"callClientFunction(player, ""delegateEvent"", player, quest, ""processEventNQ03"", <payload?>)",no_mutation_probe_only,high,scaffold can accept/complete/reward directly,"quest sequence before/after; owner actor/event name/type; recovered cutscene args=""pld0j620""; 1; InitJobQuest wrapper: template can AcceptQuest, CompleteQuest, grant key items/items/actions, and AddExp directly; scene_log_only_no_accept_complete_reward_item_or_exp_mutation",,cutscene push/operator proof,Data\scripts\quests\pld\pld0j6.lua,outputs\quest-cutscene-push-matrix-atlas-20260630\recovered_cutscene_push_matrix.csv
quest_push_dependency_bundles,,war0j1,111201,Pride and Duty (Will Take You from the Mountain),job,data_or_stub,,quest_bundle,111201,,,,!sqbprivate status <code>; !sqbprivate spawn <spawn-ready-code>; private mob materialization recipe,,,high,,,manual fight route recovery,high-risk push dependency review,,
quest_push_operator_rows,38,war0j1,111201,Pride and Duty (Will Take You from the Mountain),job,data_or_stub,fight_sqb_private,fight_sqb,,,log_only_until_callback_and_cutscene_ready,,!sqbprivate status <code>; !sqbprivate spawn <spawn-ready-code>; private mob materialization recipe,,recover_actor_first,high,recover callback actor id first,0; make materialization and callback identity concrete before trusting kill_route_present,,fight push/operator proof,,outputs\quest-sqb-adapter-atlas-20260630\sqb_adapter_rows.csv
quest_push_dependency_bundles,,war0j3,111203,Curious Gorge Goes to the Bazaar,job,data_or_stub,cutscene_scaffold_route_probe=1,quest_bundle,111203,,,,!sqbprivate status <code>; !sqbprivate spawn <spawn-ready-code>; private mob materialization recipe,,,high,,,no-mutation scaffold route probe,cutscene push/operator proof,,
quest_push_operator_rows,104,war0j3,111203,Curious Gorge Goes to the Bazaar,job,data_or_stub,cutscene_scaffold_route_probe,quest_cutscene,processEvent005,war0j310,scaffold_only_owner_recovered_probe_required,!testcutscene war0j310 delegate 1,,"callClientFunction(player, ""delegateEvent"", player, quest, ""processEvent005"", <payload?>)",no_mutation_probe_only,high,scaffold can accept/complete/reward directly,"quest sequence before/after; owner actor/event name/type; recovered cutscene args=""war0j310""; 1; 0; A3_13; InitJobQuest wrapper: template can AcceptQuest, CompleteQuest, grant key items/items/actions, and AddExp directly; scene_log_only_no_accept_complete_reward_item_or_exp_mutation",,cutscene push/operator proof,Data\scripts\quests\war\war0j3.lua,outputs\quest-cutscene-push-matrix-atlas-20260630\recovered_cutscene_push_matrix.csv
quest_push_operator_rows,38,war0j3,111203,Curious Gorge Goes to the Bazaar,job,data_or_stub,fight_sqb_private,fight_sqb,,,log_only_until_callback_and_cutscene_ready,,!sqbprivate status <code>; !sqbprivate spawn <spawn-ready-code>; private mob materialization recipe,,recover_actor_first,high,recover callback actor id first,0; 1; make materialization and callback identity concrete before trusting kill_route_present,,fight push/operator proof,,outputs\quest-sqb-adapter-atlas-20260630\sqb_adapter_rows.csv
quest_push_dependency_bundles,,war0j6,111206,How to Quit You,job,data_or_stub,cutscene_scaffold_route_probe=1,quest_bundle,111206,,,,,,,high,,,no-mutation scaffold route probe,cutscene push/operator proof,,
quest_push_operator_rows,104,war0j6,111206,How to Quit You,job,data_or_stub,cutscene_scaffold_route_probe,quest_cutscene,processEvent020,war0j620,scaffold_only_owner_recovered_probe_required,!testcutscene war0j620 delegate 1,,"callClientFunction(player, ""delegateEvent"", player, quest, ""processEvent020"", <payload?>)",no_mutation_probe_only,high,scaffold can accept/complete/reward directly,"quest sequence before/after; owner actor/event name/type; recovered cutscene args=""war0j620""; 1; InitJobQuest wrapper: template can AcceptQuest, CompleteQuest, grant key items/items/actions, and AddExp directly; scene_log_only_no_accept_complete_reward_item_or_exp_mutation",,cutscene push/operator proof,Data\scripts\quests\war\war0j6.lua,outputs\quest-cutscene-push-matrix-atlas-20260630\recovered_cutscene_push_matrix.csv
quest_push_dependency_bundles,,whm0j1,111241,Seeds of Initiative,job,data_or_stub,cutscene_scaffold_route_probe=1,quest_bundle,111241,,,,!sqbprivate status <code>; !sqbprivate spawn <spawn-ready-code>; private mob materialization recipe,,,high,,,no-mutation scaffold route probe,cutscene push/operator proof,,
quest_push_operator_rows,104,whm0j1,111241,Seeds of Initiative,job,data_or_stub,cutscene_scaffold_route_probe,quest_cutscene,processEventClearNQ,whm0j110,scaffold_only_owner_recovered_probe_required,!testcutscene whm0j110 delegate 1,,"callClientFunction(player, ""delegateEvent"", player, quest, ""processEventClearNQ"", <payload?>)",no_mutation_probe_only,high,scaffold can accept/complete/reward directly,"quest sequence before/after; owner actor/event name/type; recovered cutscene args=""whm0j110""; 1; InitJobQuest wrapper: template can AcceptQuest, CompleteQuest, grant key items/items/actions, and AddExp directly; scene_log_only_no_accept_complete_reward_item_or_exp_mutation; Clear NQ",,cutscene push/operator proof,Data\scripts\quests\whm\whm0j1.lua,outputs\quest-cutscene-push-matrix-atlas-20260630\recovered_cutscene_push_matrix.csv
quest_push_operator_rows,38,whm0j1,111241,Seeds of Initiative,job,data_or_stub,fight_sqb_private,fight_sqb,,,log_only_until_callback_and_cutscene_ready,,!sqbprivate status <code>; !sqbprivate spawn <spawn-ready-code>; private mob materialization recipe,,recover_actor_first,high,recover callback actor id first,0; 1; make materialization and callback identity concrete before trusting kill_route_present,,fight push/operator proof,,outputs\quest-sqb-adapter-atlas-20260630\sqb_adapter_rows.csv
quest_push_dependency_bundles,,whm0j2,111242,When Sheep Attack,job,data_or_stub,cutscene_scaffold_route_probe=1,quest_bundle,111242,,,,,,,high,,,no-mutation scaffold route probe,cutscene push/operator proof,,
quest_push_operator_rows,104,whm0j2,111242,When Sheep Attack,job,data_or_stub,cutscene_scaffold_route_probe,quest_cutscene,processEventRAYAOSENNAStart,whm0j210,scaffold_only_owner_recovered_probe_required,!testcutscene whm0j210 delegate 1,,"callClientFunction(player, ""delegateEvent"", player, quest, ""processEventRAYAOSENNAStart"", <payload?>)",no_mutation_probe_only,high,scaffold can accept/complete/reward directly,"quest sequence before/after; owner actor/event name/type; recovered cutscene args=""whm0j210""; 1; InitJobQuest wrapper: template can AcceptQuest, CompleteQuest, grant key items/items/actions, and AddExp directly; scene_log_only_no_accept_complete_reward_item_or_exp_mutation; RAYAOSENNA Start",,cutscene push/operator proof,Data\scripts\quests\whm\whm0j2.lua,outputs\quest-cutscene-push-matrix-atlas-20260630\recovered_cutscene_push_matrix.csv
quest_push_dependency_bundles,,whm0j4,111244,The Wheel of Disaster,job,data_or_stub,cutscene_scaffold_route_probe=1,quest_bundle,111244,,,,!sqbprivate status <code>; !sqbprivate spawn <spawn-ready-code>; private mob materialization recipe,,,high,,,no-mutation scaffold route probe,cutscene push/operator proof,,
quest_push_operator_rows,104,whm0j4,111244,The Wheel of Disaster,job,data_or_stub,cutscene_scaffold_route_probe,quest_cutscene,processEventNQ,whm0j410,scaffold_only_owner_recovered_probe_required,!testcutscene whm0j410 delegate 1,,"callClientFunction(player, ""delegateEvent"", player, quest, ""processEventNQ"", <payload?>)",no_mutation_probe_only,high,scaffold can accept/complete/reward directly,"quest sequence before/after; owner actor/event name/type; recovered cutscene args=""whm0j410""; 1; InitJobQuest wrapper: template can AcceptQuest, CompleteQuest, grant key items/items/actions, and AddExp directly; scene_log_only_no_accept_complete_reward_item_or_exp_mutation",,cutscene push/operator proof,Data\scripts\quests\whm\whm0j4.lua,outputs\quest-cutscene-push-matrix-atlas-20260630\recovered_cutscene_push_matrix.csv
quest_push_operator_rows,38,whm0j4,111244,The Wheel of Disaster,job,data_or_stub,fight_sqb_private,fight_sqb,,,log_only_until_callback_and_cutscene_ready,,!sqbprivate status <code>; !sqbprivate spawn <spawn-ready-code>; private mob materialization recipe,,recover_actor_first,high,recover callback actor id first,0; 1; make materialization and callback identity concrete before trusting kill_route_present,,fight push/operator proof,,outputs\quest-sqb-adapter-atlas-20260630\sqb_adapter_rows.csv
quest_push_dependency_bundles,,whm0j6,111246,The Chorus of Cataclysm,job,data_or_stub,cutscene_scaffold_route_probe=3,quest_bundle,111246,,,,,,,high,,,no-mutation scaffold route probe,cutscene push/operator proof,,
quest_push_operator_rows,104,whm0j6,111246,The Chorus of Cataclysm,job,data_or_stub,cutscene_scaffold_route_probe,quest_cutscene,processEventCutSceneBeforeBattle,whm0j605,scaffold_only_owner_recovered_probe_required,!testcutscene whm0j605 delegate 1,,"callClientFunction(player, ""delegateEvent"", player, quest, ""processEventCutSceneBeforeBattle"", <payload?>)",no_mutation_probe_only,high,scaffold can accept/complete/reward directly,"quest sequence before/after; owner actor/event name/type; recovered cutscene args=""whm0j605""; 1; InitJobQuest wrapper: template can AcceptQuest, CompleteQuest, grant key items/items/actions, and AddExp directly; scene_log_only_no_accept_complete_reward_item_or_exp_mutation; Cut Scene Before Battle",,cutscene push/operator proof,Data\scripts\quests\whm\whm0j6.lua,outputs\quest-cutscene-push-matrix-atlas-20260630\recovered_cutscene_push_matrix.csv
quest_push_operator_rows,104,whm0j6,111246,The Chorus of Cataclysm,job,data_or_stub,cutscene_scaffold_route_probe,quest_cutscene,processEventNQ,whm0j610,scaffold_only_owner_recovered_probe_required,!testcutscene whm0j610 delegate 1,,"callClientFunction(player, ""delegateEvent"", player, quest, ""processEventNQ"", <payload?>)",no_mutation_probe_only,high,scaffold can accept/complete/reward directly,"quest sequence before/after; owner actor/event name/type; recovered cutscene args=""whm0j610""; 1; InitJobQuest wrapper: template can AcceptQuest, CompleteQuest, grant key items/items/actions, and AddExp directly; scene_log_only_no_accept_complete_reward_item_or_exp_mutation",,cutscene push/operator proof,Data\scripts\quests\whm\whm0j6.lua,outputs\quest-cutscene-push-matrix-atlas-20260630\recovered_cutscene_push_matrix.csv
quest_push_operator_rows,104,whm0j6,111246,The Chorus of Cataclysm,job,data_or_stub,cutscene_scaffold_route_probe,quest_cutscene,processEventNQ03,whm0j610,scaffold_only_owner_recovered_probe_required,!testcutscene whm0j610 delegate 1,,"callClientFunction(player, ""delegateEvent"", player, quest, ""processEventNQ03"", <payload?>)",no_mutation_probe_only,high,scaffold can accept/complete/reward directly,"quest sequence before/after; owner actor/event name/type; recovered cutscene args=""whm0j610""; 1; InitJobQuest wrapper: template can AcceptQuest, CompleteQuest, grant key items/items/actions, and AddExp directly; scene_log_only_no_accept_complete_reward_item_or_exp_mutation",,cutscene push/operator proof,Data\scripts\quests\whm\whm0j6.lua,outputs\quest-cutscene-push-matrix-atlas-20260630\recovered_cutscene_push_matrix.csv
quest_push_dependency_bundles,,man0g0,110005,Sundered Skies,main_scenario,handwritten_event_driver,cutscene_missing_delegate=1,quest_bundle,110005,,,,,,,medium,,,cutscene owner/payload probe,cutscene push/operator proof,,
quest_push_operator_rows,92,man0g0,110005,Sundered Skies,main_scenario,handwritten_event_driver,cutscene_missing_delegate,quest_cutscene,processEvent000_0,MAN0G000,local_missing_recovered_delegate,!testcutscene MAN0G000 delegate 1,,"callClientFunction(player, ""delegateEvent"", player, quest, ""processEvent000_0"", <payload?>)",probe_command_required,medium,local route does not yet expose recovered method safely,"quest sequence before/after; owner actor/event name/type; recovered cutscene args=""MAN0G000""; 1; probe_before_patch",,cutscene push/operator proof,Data\scripts\quests\man\man0g0.lua,outputs\quest-cutscene-push-matrix-atlas-20260630\recovered_cutscene_push_matrix.csv
quest_push_dependency_bundles,,man0g1,110006,Souls Gone Wild,main_scenario,handwritten_event_driver,cutscene_existing_route_smoke=18,quest_bundle,110006,,,,,,,medium,,,cutscene owner/payload probe,cutscene push/operator proof,,
quest_push_operator_rows,68,man0g1,110006,Souls Gone Wild,main_scenario,handwritten_event_driver,cutscene_existing_route_smoke,quest_cutscene,processEvent100,man0g100,local_exact_method_delegate_hazard,!testcutscene man0g100 delegate 1,,"callClientFunction(player, ""delegateEvent"", player, quest, ""processEvent100"", <payload?>)",log_before_change,medium,after-warp or mutation behavior must be logged before edits,"quest sequence before/after; owner actor/event name/type; recovered cutscene args=""man0g100""; 1; smoke_only_no_extra_mutation",,cutscene push/operator proof,Data\scripts\quests\man\man0g1.lua; 294:processEvent100,outputs\quest-cutscene-push-matrix-atlas-20260630\recovered_cutscene_push_matrix.csv
quest_push_operator_rows,68,man0g1,110006,Souls Gone Wild,main_scenario,handwritten_event_driver,cutscene_existing_route_smoke,quest_cutscene,processEvent110,man0g110,local_exact_method_delegate_hazard,!testcutscene man0g110 delegate 1,,"callClientFunction(player, ""delegateEvent"", player, quest, ""processEvent110"", <payload?>)",log_before_change,medium,after-warp or mutation behavior must be logged before edits,"quest sequence before/after; owner actor/event name/type; recovered cutscene args=""man0g110""; 1; smoke_only_no_extra_mutation",,cutscene push/operator proof,Data\scripts\quests\man\man0g1.lua; 614:processEvent110,outputs\quest-cutscene-push-matrix-atlas-20260630\recovered_cutscene_push_matrix.csv
quest_push_operator_rows,68,man0g1,110006,Souls Gone Wild,main_scenario,handwritten_event_driver,cutscene_existing_route_smoke,quest_cutscene,processEvent130,man0g130,local_exact_method_delegate_hazard,!testcutscene man0g130 delegate 1,,"callClientFunction(player, ""delegateEvent"", player, quest, ""processEvent130"", <payload?>)",log_before_change,medium,after-warp or mutation behavior must be logged before edits,"quest sequence before/after; owner actor/event name/type; recovered cutscene args=""man0g130""; 1; smoke_only_no_extra_mutation",,cutscene push/operator proof,Data\scripts\quests\man\man0g1.lua; 683:processEvent130; 793:processEvent130,outputs\quest-cutscene-push-matrix-atlas-20260630\recovered_cutscene_push_matrix.csv
quest_push_operator_rows,68,man0g1,110006,Souls Gone Wild,main_scenario,handwritten_event_driver,cutscene_existing_route_smoke,quest_cutscene,processEvent135,man0g135,local_exact_method_delegate_hazard,!testcutscene man0g135 delegate 1,,"callClientFunction(player, ""delegateEvent"", player, quest, ""processEvent135"", <payload?>)",log_before_change,medium,after-warp or mutation behavior must be logged before edits,"quest sequence before/after; owner actor/event name/type; recovered cutscene args=""man0g135""; 1; smoke_only_no_extra_mutation",,cutscene push/operator proof,Data\scripts\quests\man\man0g1.lua; 705:processEvent135,outputs\quest-cutscene-push-matrix-atlas-20260630\recovered_cutscene_push_matrix.csv
quest_push_operator_rows,68,man0g1,110006,Souls Gone Wild,main_scenario,handwritten_event_driver,cutscene_existing_route_smoke,quest_cutscene,processEvent136,man0g135,local_exact_method_delegate_hazard,!testcutscene man0g135 delegate 1,,"callClientFunction(player, ""delegateEvent"", player, quest, ""processEvent136"", <payload?>)",log_before_change,medium,after-warp or mutation behavior must be logged before edits,"quest sequence before/after; owner actor/event name/type; recovered cutscene args=""man0g135""; 1; smoke_only_no_extra_mutation",,cutscene push/operator proof,Data\scripts\quests\man\man0g1.lua; 712:processEvent136,outputs\quest-cutscene-push-matrix-atlas-20260630\recovered_cutscene_push_matrix.csv
quest_push_operator_rows,68,man0g1,110006,Souls Gone Wild,main_scenario,handwritten_event_driver,cutscene_existing_route_smoke,quest_cutscene,processEvent140,man0g140,local_exact_method_delegate_hazard,!testcutscene man0g140 delegate 1,,"callClientFunction(player, ""delegateEvent"", player, quest, ""processEvent140"", <payload?>)",log_before_change,medium,after-warp or mutation behavior must be logged before edits,"quest sequence before/after; owner actor/event name/type; recovered cutscene args=""man0g140""; 1; smoke_only_no_extra_mutation",,cutscene push/operator proof,Data\scripts\quests\man\man0g1.lua; 467:processEvent140,outputs\quest-cutscene-push-matrix-atlas-20260630\recovered_cutscene_push_matrix.csv
quest_push_operator_rows,68,man0g1,110006,Souls Gone Wild,main_scenario,handwritten_event_driver,cutscene_existing_route_smoke,quest_cutscene,processEvent150,man0g150,local_exact_method_delegate_hazard,!testcutscene man0g150 delegate 1,,"callClientFunction(player, ""delegateEvent"", player, quest, ""processEvent150"", <payload?>)",log_before_change,medium,after-warp or mutation behavior must be logged before edits,"quest sequence before/after; owner actor/event name/type; recovered cutscene args=""man0g150""; 1; smoke_only_no_extra_mutation",,cutscene push/operator proof,Data\scripts\quests\man\man0g1.lua; 951:processEvent150,outputs\quest-cutscene-push-matrix-atlas-20260630\recovered_cutscene_push_matrix.csv
quest_push_operator_rows,68,man0g1,110006,Souls Gone Wild,main_scenario,handwritten_event_driver,cutscene_existing_route_smoke,quest_cutscene,processEvent160,man0g160,local_exact_method_delegate_hazard,!testcutscene man0g160 delegate 1,,"callClientFunction(player, ""delegateEvent"", player, quest, ""processEvent160"", <payload?>)",log_before_change,medium,after-warp or mutation behavior must be logged before edits,"quest sequence before/after; owner actor/event name/type; recovered cutscene args=""man0g160""; 1; smoke_only_no_extra_mutation",,cutscene push/operator proof,Data\scripts\quests\man\man0g1.lua; 805:processEvent160,outputs\quest-cutscene-push-matrix-atlas-20260630\recovered_cutscene_push_matrix.csv
quest_push_operator_rows,68,man0g1,110006,Souls Gone Wild,main_scenario,handwritten_event_driver,cutscene_existing_route_smoke,quest_cutscene,processEvent170,man0g170,local_exact_method_delegate_hazard,!testcutscene man0g170 delegate 1,,"callClientFunction(player, ""delegateEvent"", player, quest, ""processEvent170"", <payload?>)",log_before_change,medium,after-warp or mutation behavior must be logged before edits,"quest sequence before/after; owner actor/event name/type; recovered cutscene args=""man0g170""; 1; smoke_only_no_extra_mutation",,cutscene push/operator proof,Data\scripts\quests\man\man0g1.lua; 815:processEvent170; 844:processEvent170; 867:processEvent170,outputs\quest-cutscene-push-matrix-atlas-20260630\recovered_cutscene_push_matrix.csv
quest_push_operator_rows,68,man0g1,110006,Souls Gone Wild,main_scenario,handwritten_event_driver,cutscene_existing_route_smoke,quest_cutscene,processEvent180,man0g180,local_exact_method_delegate_hazard,!testcutscene man0g180 delegate 1,,"callClientFunction(player, ""delegateEvent"", player, quest, ""processEvent180"", <payload?>)",log_before_change,medium,after-warp or mutation behavior must be logged before edits,"quest sequence before/after; owner actor/event name/type; recovered cutscene args=""man0g180""; 1; smoke_only_no_extra_mutation",,cutscene push/operator proof,Data\scripts\quests\man\man0g1.lua; 830:processEvent180,outputs\quest-cutscene-push-matrix-atlas-20260630\recovered_cutscene_push_matrix.csv
quest_push_operator_rows,68,man0g1,110006,Souls Gone Wild,main_scenario,handwritten_event_driver,cutscene_existing_route_smoke,quest_cutscene,processEvent182,man0g182,local_exact_method_delegate_hazard,!testcutscene man0g182 delegate 1,,"callClientFunction(player, ""delegateEvent"", player, quest, ""processEvent182"", <payload?>)",log_before_change,medium,after-warp or mutation behavior must be logged before edits,"quest sequence before/after; owner actor/event name/type; recovered cutscene args=""man0g182""; 1; smoke_only_no_extra_mutation",,cutscene push/operator proof,Data\scripts\quests\man\man0g1.lua; 859:processEvent182,outputs\quest-cutscene-push-matrix-atlas-20260630\recovered_cutscene_push_matrix.csv
quest_push_operator_rows,68,man0g1,110006,Souls Gone Wild,main_scenario,handwritten_event_driver,cutscene_existing_route_smoke,quest_cutscene,processEvent200,man0g200,local_exact_method_delegate_hazard,!testcutscene man0g200 delegate 1,,"callClientFunction(player, ""delegateEvent"", player, quest, ""processEvent200"", <payload?>)",log_before_change,medium,after-warp or mutation behavior must be logged before edits,"quest sequence before/after; owner actor/event name/type; recovered cutscene args=""man0g200""; 1; smoke_only_no_extra_mutation",,cutscene push/operator proof,Data\scripts\quests\man\man0g1.lua; 515:processEvent200,outputs\quest-cutscene-push-matrix-atlas-20260630\recovered_cutscene_push_matrix.csv
quest_push_operator_rows,68,man0g1,110006,Souls Gone Wild,main_scenario,handwritten_event_driver,cutscene_existing_route_smoke,quest_cutscene,processEvent210,man0g210,local_exact_method_delegate_hazard,!testcutscene man0g210 delegate 1,,"callClientFunction(player, ""delegateEvent"", player, quest, ""processEvent210"", <payload?>)",log_before_change,medium,after-warp or mutation behavior must be logged before edits,"quest sequence before/after; owner actor/event name/type; recovered cutscene args=""man0g210""; 1; smoke_only_no_extra_mutation",,cutscene push/operator proof,Data\scripts\quests\man\man0g1.lua; 525:processEvent210,outputs\quest-cutscene-push-matrix-atlas-20260630\recovered_cutscene_push_matrix.csv
quest_push_operator_rows,68,man0g1,110006,Souls Gone Wild,main_scenario,handwritten_event_driver,cutscene_existing_route_smoke,quest_cutscene,processEvent220,man0g220,local_exact_method_delegate_hazard,!testcutscene man0g220 delegate 1,,"callClientFunction(player, ""delegateEvent"", player, quest, ""processEvent220"", <payload?>)",log_before_change,medium,after-warp or mutation behavior must be logged before edits,"quest sequence before/after; owner actor/event name/type; recovered cutscene args=""man0g220""; 1; smoke_only_no_extra_mutation",,cutscene push/operator proof,Data\scripts\quests\man\man0g1.lua; 556:processEvent220,outputs\quest-cutscene-push-matrix-atlas-20260630\recovered_cutscene_push_matrix.csv
quest_push_operator_rows,42,man0g1,110006,Souls Gone Wild,main_scenario,handwritten_event_driver,cutscene_existing_route_smoke,quest_cutscene,processEvent120,man0g120,local_exact_method_delegate,!testcutscene man0g120 delegate 1,,"callClientFunction(player, ""delegateEvent"", player, quest, ""processEvent120"", <payload?>)",existing_route_smoke,low,natural event route already delegates recovered method,"quest sequence before/after; owner actor/event name/type; recovered cutscene args=""man0g120""; 1; smoke_only",,cutscene push/operator proof,Data\scripts\quests\man\man0g1.lua; 658:processEvent120,outputs\quest-cutscene-push-matrix-atlas-20260630\recovered_cutscene_push_matrix.csv
quest_push_operator_rows,42,man0g1,110006,Souls Gone Wild,main_scenario,handwritten_event_driver,cutscene_existing_route_smoke,quest_cutscene,processEvent181,man0g181,local_exact_method_delegate,!testcutscene man0g181 delegate 1,,"callClientFunction(player, ""delegateEvent"", player, quest, ""processEvent181"", <payload?>)",existing_route_smoke,low,natural event route already delegates recovered method,"quest sequence before/after; owner actor/event name/type; recovered cutscene args=""man0g181""; 1; smoke_only",,cutscene push/operator proof,Data\scripts\quests\man\man0g1.lua; 838:processEvent181,outputs\quest-cutscene-push-matrix-atlas-20260630\recovered_cutscene_push_matrix.csv
quest_push_operator_rows,42,man0g1,110006,Souls Gone Wild,main_scenario,handwritten_event_driver,cutscene_existing_route_smoke,quest_cutscene,processEvent185,man0g185,local_exact_method_delegate,!testcutscene man0g185 delegate 1,,"callClientFunction(player, ""delegateEvent"", player, quest, ""processEvent185"", <payload?>)",existing_route_smoke,low,natural event route already delegates recovered method,"quest sequence before/after; owner actor/event name/type; recovered cutscene args=""man0g185""; 1; smoke_only",,cutscene push/operator proof,Data\scripts\quests\man\man0g1.lua; 882:processEvent185,outputs\quest-cutscene-push-matrix-atlas-20260630\recovered_cutscene_push_matrix.csv
quest_push_operator_rows,42,man0g1,110006,Souls Gone Wild,main_scenario,handwritten_event_driver,cutscene_existing_route_smoke,quest_cutscene,processEvent190,man0g190,local_exact_method_delegate,!testcutscene man0g190 delegate 1,,"callClientFunction(player, ""delegateEvent"", player, quest, ""processEvent190"", <payload?>)",existing_route_smoke,low,natural event route already delegates recovered method,"quest sequence before/after; owner actor/event name/type; recovered cutscene args=""man0g190""; 1; smoke_only",,cutscene push/operator proof,Data\scripts\quests\man\man0g1.lua; 508:processEvent190; 551:processEvent190,outputs\quest-cutscene-push-matrix-atlas-20260630\recovered_cutscene_push_matrix.csv
quest_push_dependency_bundles,,man0l0,110001,Shapeless Melody,main_scenario,handwritten_event_driver,cutscene_missing_delegate=11; cutscene_existing_route_smoke=2,quest_bundle,110001,,,,,,,medium,,,cutscene owner/payload probe,cutscene push/operator proof,,
quest_push_operator_rows,92,man0l0,110001,Shapeless Melody,main_scenario,handwritten_event_driver,cutscene_missing_delegate,quest_cutscene,processEvent000_1,MAN0L000,local_missing_recovered_delegate,!testcutscene MAN0L000 delegate 1,,"callClientFunction(player, ""delegateEvent"", player, quest, ""processEvent000_1"", <payload?>)",probe_command_required,medium,local route does not yet expose recovered method safely,"quest sequence before/after; owner actor/event name/type; recovered cutscene args=""MAN0L000""; 1; probe_before_patch",,cutscene push/operator proof,Data\scripts\quests\man\man0l0.lua,outputs\quest-cutscene-push-matrix-atlas-20260630\recovered_cutscene_push_matrix.csv
quest_push_operator_rows,92,man0l0,110001,Shapeless Melody,main_scenario,handwritten_event_driver,cutscene_missing_delegate,quest_cutscene,processEventTalkMenuManCutPreview,man0l000,local_missing_recovered_delegate,!testcutscene man0l000 delegate 2,,"callClientFunction(player, ""delegateEvent"", player, quest, ""processEventTalkMenuManCutPreview"", <payload?>)",probe_command_required,medium,local route does not yet expose recovered method safely,"quest sequence before/after; owner actor/event name/type; recovered cutscene args=""man0l000""; 2; probe_before_patch; Talk Menu Man Cut Preview",,cutscene push/operator proof,Data\scripts\quests\man\man0l0.lua,outputs\quest-cutscene-push-matrix-atlas-20260630\recovered_cutscene_push_matrix.csv
quest_push_operator_rows,92,man0l0,110001,Shapeless Melody,main_scenario,handwritten_event_driver,cutscene_missing_delegate,quest_cutscene,processEventTalkMenuManCutPreview,man0l010,local_missing_recovered_delegate,!testcutscene man0l010 delegate 2,,"callClientFunction(player, ""delegateEvent"", player, quest, ""processEventTalkMenuManCutPreview"", <payload?>)",probe_command_required,medium,local route does not yet expose recovered method safely,"quest sequence before/after; owner actor/event name/type; recovered cutscene args=""man0l010""; 2; probe_before_patch; Talk Menu Man Cut Preview",,cutscene push/operator proof,Data\scripts\quests\man\man0l0.lua,outputs\quest-cutscene-push-matrix-atlas-20260630\recovered_cutscene_push_matrix.csv
quest_push_operator_rows,92,man0l0,110001,Shapeless Melody,main_scenario,handwritten_event_driver,cutscene_missing_delegate,quest_cutscene,processEventTalkMenuManCutPreview,man0l020,local_missing_recovered_delegate,!testcutscene man0l020 delegate 2,,"callClientFunction(player, ""delegateEvent"", player, quest, ""processEventTalkMenuManCutPreview"", <payload?>)",probe_command_required,medium,local route does not yet expose recovered method safely,"quest sequence before/after; owner actor/event name/type; recovered cutscene args=""man0l020""; 2; probe_before_patch; Talk Menu Man Cut Preview",,cutscene push/operator proof,Data\scripts\quests\man\man0l0.lua,outputs\quest-cutscene-push-matrix-atlas-20260630\recovered_cutscene_push_matrix.csv
quest_push_operator_rows,92,man0l0,110001,Shapeless Melody,main_scenario,handwritten_event_driver,cutscene_missing_delegate,quest_cutscene,processEventTalkMenuManCutPreview,man0l030,local_missing_recovered_delegate,!testcutscene man0l030 delegate 2,,"callClientFunction(player, ""delegateEvent"", player, quest, ""processEventTalkMenuManCutPreview"", <payload?>)",probe_command_required,medium,local route does not yet expose recovered method safely,"quest sequence before/after; owner actor/event name/type; recovered cutscene args=""man0l030""; 2; probe_before_patch; Talk Menu Man Cut Preview",,cutscene push/operator proof,Data\scripts\quests\man\man0l0.lua,outputs\quest-cutscene-push-matrix-atlas-20260630\recovered_cutscene_push_matrix.csv
quest_push_operator_rows,92,man0l0,110001,Shapeless Melody,main_scenario,handwritten_event_driver,cutscene_missing_delegate,quest_cutscene,processEventTalkMenuManCutPreview,man0l000,local_missing_recovered_delegate,!testcutscene man0l000 delegate 2,,"callClientFunction(player, ""delegateEvent"", player, quest, ""processEventTalkMenuManCutPreview"", <payload?>)",probe_command_required,medium,local route does not yet expose recovered method safely,"quest sequence before/after; owner actor/event name/type; recovered cutscene args=""man0l000""; 2; probe_before_patch; Talk Menu Man Cut Preview",,cutscene push/operator proof,Data\scripts\quests\man\man0l0.lua,outputs\quest-cutscene-push-matrix-atlas-20260630\recovered_cutscene_push_matrix.csv
quest_push_operator_rows,92,man0l0,110001,Shapeless Melody,main_scenario,handwritten_event_driver,cutscene_missing_delegate,quest_cutscene,processEventTalkMenuManCutPreview,man0l010,local_missing_recovered_delegate,!testcutscene man0l010 delegate 2,,"callClientFunction(player, ""delegateEvent"", player, quest, ""processEventTalkMenuManCutPreview"", <payload?>)",probe_command_required,medium,local route does not yet expose recovered method safely,"quest sequence before/after; owner actor/event name/type; recovered cutscene args=""man0l010""; 2; probe_before_patch; Talk Menu Man Cut Preview",,cutscene push/operator proof,Data\scripts\quests\man\man0l0.lua,outputs\quest-cutscene-push-matrix-atlas-20260630\recovered_cutscene_push_matrix.csv
quest_push_operator_rows,92,man0l0,110001,Shapeless Melody,main_scenario,handwritten_event_driver,cutscene_missing_delegate,quest_cutscene,processEventTalkMenuManCutPreview,man0l020,local_missing_recovered_delegate,!testcutscene man0l020 delegate 2,,"callClientFunction(player, ""delegateEvent"", player, quest, ""processEventTalkMenuManCutPreview"", <payload?>)",probe_command_required,medium,local route does not yet expose recovered method safely,"quest sequence before/after; owner actor/event name/type; recovered cutscene args=""man0l020""; 2; probe_before_patch; Talk Menu Man Cut Preview",,cutscene push/operator proof,Data\scripts\quests\man\man0l0.lua,outputs\quest-cutscene-push-matrix-atlas-20260630\recovered_cutscene_push_matrix.csv
quest_push_operator_rows,92,man0l0,110001,Shapeless Melody,main_scenario,handwritten_event_driver,cutscene_missing_delegate,quest_cutscene,processEventTalkMenuManCutPreview,man0l030,local_missing_recovered_delegate,!testcutscene man0l030 delegate 2,,"callClientFunction(player, ""delegateEvent"", player, quest, ""processEventTalkMenuManCutPreview"", <payload?>)",probe_command_required,medium,local route does not yet expose recovered method safely,"quest sequence before/after; owner actor/event name/type; recovered cutscene args=""man0l030""; 2; probe_before_patch; Talk Menu Man Cut Preview",,cutscene push/operator proof,Data\scripts\quests\man\man0l0.lua,outputs\quest-cutscene-push-matrix-atlas-20260630\recovered_cutscene_push_matrix.csv
quest_push_operator_rows,92,man0l0,110001,Shapeless Melody,main_scenario,handwritten_event_driver,cutscene_missing_delegate,quest_cutscene,processTtrBtl001,MAN0L010,local_missing_recovered_delegate,!testcutscene MAN0L010 delegate 1,,"callClientFunction(player, ""delegateEvent"", player, quest, ""processTtrBtl001"", <payload?>)",probe_command_required,medium,local route does not yet expose recovered method safely,"quest sequence before/after; owner actor/event name/type; recovered cutscene args=""MAN0L010""; 1; probe_before_patch; Ttr Btl 001",,cutscene push/operator proof,Data\scripts\quests\man\man0l0.lua,outputs\quest-cutscene-push-matrix-atlas-20260630\recovered_cutscene_push_matrix.csv
quest_push_operator_rows,92,man0l0,110001,Shapeless Melody,main_scenario,handwritten_event_driver,cutscene_missing_delegate,quest_cutscene,processTtrNomal001,man0l005,local_missing_recovered_delegate,!testcutscene man0l005 delegate 3,,"callClientFunction(player, ""delegateEvent"", player, quest, ""processTtrNomal001"", <payload?>)",probe_command_required,medium,local route does not yet expose recovered method safely,"quest sequence before/after; owner actor/event name/type; recovered cutscene args=A0_108; ""man0l005""; 3; probe_before_patch; Ttr Nomal 001",,cutscene push/operator proof,Data\scripts\quests\man\man0l0.lua,outputs\quest-cutscene-push-matrix-atlas-20260630\recovered_cutscene_push_matrix.csv
quest_push_operator_rows,42,man0l0,110001,Shapeless Melody,main_scenario,handwritten_event_driver,cutscene_existing_route_smoke,quest_cutscene,processTtrNomal001withHQ,MAN0L000,local_exact_method_delegate,!testcutscene MAN0L000 delegate 3,,"callClientFunction(player, ""delegateEvent"", player, quest, ""processTtrNomal001withHQ"", <payload?>)",existing_route_smoke,low,natural event route already delegates recovered method,"quest sequence before/after; owner actor/event name/type; recovered cutscene args=A0_95; ""MAN0L000""; 3; smoke_only; Ttr Nomal 001 with HQ",,cutscene push/operator proof,Data\scripts\quests\man\man0l0.lua; 170:processTtrNomal001withHQ,outputs\quest-cutscene-push-matrix-atlas-20260630\recovered_cutscene_push_matrix.csv
quest_push_operator_rows,42,man0l0,110001,Shapeless Melody,main_scenario,handwritten_event_driver,cutscene_existing_route_smoke,quest_cutscene,processTtrNomal001withHQ,man0l005,local_exact_method_delegate,!testcutscene man0l005 delegate 3,,"callClientFunction(player, ""delegateEvent"", player, quest, ""processTtrNomal001withHQ"", <payload?>)",existing_route_smoke,low,natural event route already delegates recovered method,"quest sequence before/after; owner actor/event name/type; recovered cutscene args=A0_95; ""man0l005""; 3; smoke_only; Ttr Nomal 001 with HQ",,cutscene push/operator proof,Data\scripts\quests\man\man0l0.lua; 170:processTtrNomal001withHQ,outputs\quest-cutscene-push-matrix-atlas-20260630\recovered_cutscene_push_matrix.csv
quest_push_dependency_bundles,,man0l1,110002,Treasures of the Main,main_scenario,handwritten_event_driver,cutscene_missing_delegate=16; cutscene_existing_route_smoke=15,quest_bundle,110002,,,,,,,medium,,,cutscene owner/payload probe,cutscene push/operator proof,,
quest_push_operator_rows,92,man0l1,110002,Treasures of the Main,main_scenario,handwritten_event_driver,cutscene_missing_delegate,quest_cutscene,processEventTalkMenuManCutPreview,man0l110,local_missing_recovered_delegate,!testcutscene man0l110 delegate 1,,"callClientFunction(player, ""delegateEvent"", player, quest, ""processEventTalkMenuManCutPreview"", <payload?>)",probe_command_required,medium,local route does not yet expose recovered method safely,"quest sequence before/after; owner actor/event name/type; recovered cutscene args=""man0l110""; 1; probe_before_patch; Talk Menu Man Cut Preview",,cutscene push/operator proof,Data\scripts\quests\man\man0l1.lua,outputs\quest-cutscene-push-matrix-atlas-20260630\recovered_cutscene_push_matrix.csv
quest_push_operator_rows,92,man0l1,110002,Treasures of the Main,main_scenario,handwritten_event_driver,cutscene_missing_delegate,quest_cutscene,processEventTalkMenuManCutPreview,man0l120,local_missing_recovered_delegate,!testcutscene man0l120 delegate 1,,"callClientFunction(player, ""delegateEvent"", player, quest, ""processEventTalkMenuManCutPreview"", <payload?>)",probe_command_required,medium,local route does not yet expose recovered method safely,"quest sequence before/after; owner actor/event name/type; recovered cutscene args=""man0l120""; 1; probe_before_patch; Talk Menu Man Cut Preview",,cutscene push/operator proof,Data\scripts\quests\man\man0l1.lua,outputs\quest-cutscene-push-matrix-atlas-20260630\recovered_cutscene_push_matrix.csv
quest_push_operator_rows,92,man0l1,110002,Treasures of the Main,main_scenario,handwritten_event_driver,cutscene_missing_delegate,quest_cutscene,processEventTalkMenuManCutPreview,man0l130,local_missing_recovered_delegate,!testcutscene man0l130 delegate 1,,"callClientFunction(player, ""delegateEvent"", player, quest, ""processEventTalkMenuManCutPreview"", <payload?>)",probe_command_required,medium,local route does not yet expose recovered method safely,"quest sequence before/after; owner actor/event name/type; recovered cutscene args=""man0l130""; 1; probe_before_patch; Talk Menu Man Cut Preview",,cutscene push/operator proof,Data\scripts\quests\man\man0l1.lua,outputs\quest-cutscene-push-matrix-atlas-20260630\recovered_cutscene_push_matrix.csv
quest_push_operator_rows,92,man0l1,110002,Treasures of the Main,main_scenario,handwritten_event_driver,cutscene_missing_delegate,quest_cutscene,processEventTalkMenuManCutPreview,man0l140,local_missing_recovered_delegate,!testcutscene man0l140 delegate 1,,"callClientFunction(player, ""delegateEvent"", player, quest, ""processEventTalkMenuManCutPreview"", <payload?>)",probe_command_required,medium,local route does not yet expose recovered method safely,"quest sequence before/after; owner actor/event name/type; recovered cutscene args=""man0l140""; 1; probe_before_patch; Talk Menu Man Cut Preview",,cutscene push/operator proof,Data\scripts\quests\man\man0l1.lua,outputs\quest-cutscene-push-matrix-atlas-20260630\recovered_cutscene_push_matrix.csv
quest_push_operator_rows,92,man0l1,110002,Treasures of the Main,main_scenario,handwritten_event_driver,cutscene_missing_delegate,quest_cutscene,processEventTalkMenuManCutPreview,man0l150,local_missing_recovered_delegate,!testcutscene man0l150 delegate 1,,"callClientFunction(player, ""delegateEvent"", player, quest, ""processEventTalkMenuManCutPreview"", <payload?>)",probe_command_required,medium,local route does not yet expose recovered method safely,"quest sequence before/after; owner actor/event name/type; recovered cutscene args=""man0l150""; 1; probe_before_patch; Talk Menu Man Cut Preview",,cutscene push/operator proof,Data\scripts\quests\man\man0l1.lua,outputs\quest-cutscene-push-matrix-atlas-20260630\recovered_cutscene_push_matrix.csv
quest_push_operator_rows,92,man0l1,110002,Treasures of the Main,main_scenario,handwritten_event_driver,cutscene_missing_delegate,quest_cutscene,processEventTalkMenuManCutPreview,man0l420,local_missing_recovered_delegate,!testcutscene man0l420 delegate 1,,"callClientFunction(player, ""delegateEvent"", player, quest, ""processEventTalkMenuManCutPreview"", <payload?>)",probe_command_required,medium,local route does not yet expose recovered method safely,"quest sequence before/after; owner actor/event name/type; recovered cutscene args=""man0l420""; 1; probe_before_patch; Talk Menu Man Cut Preview",,cutscene push/operator proof,Data\scripts\quests\man\man0l1.lua,outputs\quest-cutscene-push-matrix-atlas-20260630\recovered_cutscene_push_matrix.csv
quest_push_operator_rows,92,man0l1,110002,Treasures of the Main,main_scenario,handwritten_event_driver,cutscene_missing_delegate,quest_cutscene,processEventTalkMenuManCutPreview,man0l600,local_missing_recovered_delegate,!testcutscene man0l600 delegate 1,,"callClientFunction(player, ""delegateEvent"", player, quest, ""processEventTalkMenuManCutPreview"", <payload?>)",probe_command_required,medium,local route does not yet expose recovered method safely,"quest sequence before/after; owner actor/event name/type; recovered cutscene args=""man0l600""; 1; probe_before_patch; Talk Menu Man Cut Preview",,cutscene push/operator proof,Data\scripts\quests\man\man0l1.lua,outputs\quest-cutscene-push-matrix-atlas-20260630\recovered_cutscene_push_matrix.csv
quest_push_operator_rows,92,man0l1,110002,Treasures of the Main,main_scenario,handwritten_event_driver,cutscene_missing_delegate,quest_cutscene,processEventTalkMenuManCutPreview,man0l604,local_missing_recovered_delegate,!testcutscene man0l604 delegate 1,,"callClientFunction(player, ""delegateEvent"", player, quest, ""processEventTalkMenuManCutPreview"", <payload?>)",probe_command_required,medium,local route does not yet expose recovered method safely,"quest sequence before/after; owner actor/event name/type; recovered cutscene args=""man0l604""; 1; probe_before_patch; Talk Menu Man Cut Preview",,cutscene push/operator proof,Data\scripts\quests\man\man0l1.lua,outputs\quest-cutscene-push-matrix-atlas-20260630\recovered_cutscene_push_matrix.csv
quest_push_operator_rows,92,man0l1,110002,Treasures of the Main,main_scenario,handwritten_event_driver,cutscene_missing_delegate,quest_cutscene,processEventTalkMenuManCutPreview,man0l605,local_missing_recovered_delegate,!testcutscene man0l605 delegate 1,,"callClientFunction(player, ""delegateEvent"", player, quest, ""processEventTalkMenuManCutPreview"", <payload?>)",probe_command_required,medium,local route does not yet expose recovered method safely,"quest sequence before/after; owner actor/event name/type; recovered cutscene args=""man0l605""; 1; probe_before_patch; Talk Menu Man Cut Preview",,cutscene push/operator proof,Data\scripts\quests\man\man0l1.lua,outputs\quest-cutscene-push-matrix-atlas-20260630\recovered_cutscene_push_matrix.csv
quest_push_operator_rows,92,man0l1,110002,Treasures of the Main,main_scenario,handwritten_event_driver,cutscene_missing_delegate,quest_cutscene,processEventTalkMenuManCutPreview,man0l610,local_missing_recovered_delegate,!testcutscene man0l610 delegate 1,,"callClientFunction(player, ""delegateEvent"", player, quest, ""processEventTalkMenuManCutPreview"", <payload?>)",probe_command_required,medium,local route does not yet expose recovered method safely,"quest sequence before/after; owner actor/event name/type; recovered cutscene args=""man0l610""; 1; probe_before_patch; Talk Menu Man Cut Preview",,cutscene push/operator proof,Data\scripts\quests\man\man0l1.lua,outputs\quest-cutscene-push-matrix-atlas-20260630\recovered_cutscene_push_matrix.csv
quest_push_operator_rows,92,man0l1,110002,Treasures of the Main,main_scenario,handwritten_event_driver,cutscene_missing_delegate,quest_cutscene,processEventTalkMenuManCutPreview,man0l615,local_missing_recovered_delegate,!testcutscene man0l615 delegate 1,,"callClientFunction(player, ""delegateEvent"", player, quest, ""processEventTalkMenuManCutPreview"", <payload?>)",probe_command_required,medium,local route does not yet expose recovered method safely,"quest sequence before/after; owner actor/event name/type; recovered cutscene args=""man0l615""; 1; probe_before_patch; Talk Menu Man Cut Preview",,cutscene push/operator proof,Data\scripts\quests\man\man0l1.lua,outputs\quest-cutscene-push-matrix-atlas-20260630\recovered_cutscene_push_matrix.csv
quest_push_operator_rows,92,man0l1,110002,Treasures of the Main,main_scenario,handwritten_event_driver,cutscene_missing_delegate,quest_cutscene,processEventTalkMenuManCutPreview,man0l620,local_missing_recovered_delegate,!testcutscene man0l620 delegate 1,,"callClientFunction(player, ""delegateEvent"", player, quest, ""processEventTalkMenuManCutPreview"", <payload?>)",probe_command_required,medium,local route does not yet expose recovered method safely,"quest sequence before/after; owner actor/event name/type; recovered cutscene args=""man0l620""; 1; probe_before_patch; Talk Menu Man Cut Preview",,cutscene push/operator proof,Data\scripts\quests\man\man0l1.lua,outputs\quest-cutscene-push-matrix-atlas-20260630\recovered_cutscene_push_matrix.csv
quest_push_operator_rows,92,man0l1,110002,Treasures of the Main,main_scenario,handwritten_event_driver,cutscene_missing_delegate,quest_cutscene,processEventTalkMenuManCutPreview,man0l630,local_missing_recovered_delegate,!testcutscene man0l630 delegate 1,,"callClientFunction(player, ""delegateEvent"", player, quest, ""processEventTalkMenuManCutPreview"", <payload?>)",probe_command_required,medium,local route does not yet expose recovered method safely,"quest sequence before/after; owner actor/event name/type; recovered cutscene args=""man0l630""; 1; probe_before_patch; Talk Menu Man Cut Preview",,cutscene push/operator proof,Data\scripts\quests\man\man0l1.lua,outputs\quest-cutscene-push-matrix-atlas-20260630\recovered_cutscene_push_matrix.csv
quest_push_operator_rows,92,man0l1,110002,Treasures of the Main,main_scenario,handwritten_event_driver,cutscene_missing_delegate,quest_cutscene,processEventTalkMenuManCutPreview,man0l635,local_missing_recovered_delegate,!testcutscene man0l635 delegate 1,,"callClientFunction(player, ""delegateEvent"", player, quest, ""processEventTalkMenuManCutPreview"", <payload?>)",probe_command_required,medium,local route does not yet expose recovered method safely,"quest sequence before/after; owner actor/event name/type; recovered cutscene args=""man0l635""; 1; probe_before_patch; Talk Menu Man Cut Preview",,cutscene push/operator proof,Data\scripts\quests\man\man0l1.lua,outputs\quest-cutscene-push-matrix-atlas-20260630\recovered_cutscene_push_matrix.csv
quest_push_operator_rows,92,man0l1,110002,Treasures of the Main,main_scenario,handwritten_event_driver,cutscene_missing_delegate,quest_cutscene,processEventTalkMenuManCutPreview,man0l640,local_missing_recovered_delegate,!testcutscene man0l640 delegate 1,,"callClientFunction(player, ""delegateEvent"", player, quest, ""processEventTalkMenuManCutPreview"", <payload?>)",probe_command_required,medium,local route does not yet expose recovered method safely,"quest sequence before/after; owner actor/event name/type; recovered cutscene args=""man0l640""; 1; probe_before_patch; Talk Menu Man Cut Preview",,cutscene push/operator proof,Data\scripts\quests\man\man0l1.lua,outputs\quest-cutscene-push-matrix-atlas-20260630\recovered_cutscene_push_matrix.csv
quest_push_operator_rows,92,man0l1,110002,Treasures of the Main,main_scenario,handwritten_event_driver,cutscene_missing_delegate,quest_cutscene,processEventTalkMenuManCutPreview,man0l650,local_missing_recovered_delegate,!testcutscene man0l650 delegate 1,,"callClientFunction(player, ""delegateEvent"", player, quest, ""processEventTalkMenuManCutPreview"", <payload?>)",probe_command_required,medium,local route does not yet expose recovered method safely,"quest sequence before/after; owner actor/event name/type; recovered cutscene args=""man0l650""; 1; probe_before_patch; Talk Menu Man Cut Preview",,cutscene push/operator proof,Data\scripts\quests\man\man0l1.lua,outputs\quest-cutscene-push-matrix-atlas-20260630\recovered_cutscene_push_matrix.csv
quest_push_operator_rows,68,man0l1,110002,Treasures of the Main,main_scenario,handwritten_event_driver,cutscene_existing_route_smoke,quest_cutscene,processEvent010,man0l110,local_exact_method_delegate_hazard,!testcutscene man0l110 delegate 1,,"callClientFunction(player, ""delegateEvent"", player, quest, ""processEvent010"", <payload?>)",log_before_change,medium,after-warp or mutation behavior must be logged before edits,"quest sequence before/after; owner actor/event name/type; recovered cutscene args=""man0l110""; 1; smoke_only_no_extra_mutation",,cutscene push/operator proof,Data\scripts\quests\man\man0l1.lua; 168:processEvent010,outputs\quest-cutscene-push-matrix-atlas-20260630\recovered_cutscene_push_matrix.csv
quest_push_operator_rows,68,man0l1,110002,Treasures of the Main,main_scenario,handwritten_event_driver,cutscene_existing_route_smoke,quest_cutscene,processEvent020,man0l120,local_exact_method_delegate_hazard,!testcutscene man0l120 delegate 1,,"callClientFunction(player, ""delegateEvent"", player, quest, ""processEvent020"", <payload?>)",log_before_change,medium,after-warp or mutation behavior must be logged before edits,"quest sequence before/after; owner actor/event name/type; recovered cutscene args=""man0l120""; 1; smoke_only_no_extra_mutation",,cutscene push/operator proof,Data\scripts\quests\man\man0l1.lua; 460:processEvent020,outputs\quest-cutscene-push-matrix-atlas-20260630\recovered_cutscene_push_matrix.csv
quest_push_operator_rows,68,man0l1,110002,Treasures of the Main,main_scenario,handwritten_event_driver,cutscene_existing_route_smoke,quest_cutscene,processEvent040,man0l140,local_exact_method_delegate_hazard,!testcutscene man0l140 delegate 1,,"callClientFunction(player, ""delegateEvent"", player, quest, ""processEvent040"", <payload?>)",log_before_change,medium,after-warp or mutation behavior must be logged before edits,"quest sequence before/after; owner actor/event name/type; recovered cutscene args=""man0l140""; 1; smoke_only_no_extra_mutation",,cutscene push/operator proof,Data\scripts\quests\man\man0l1.lua; 599:processEvent040,outputs\quest-cutscene-push-matrix-atlas-20260630\recovered_cutscene_push_matrix.csv
quest_push_operator_rows,68,man0l1,110002,Treasures of the Main,main_scenario,handwritten_event_driver,cutscene_existing_route_smoke,quest_cutscene,processEvent050,man0l150,local_exact_method_delegate_hazard,!testcutscene man0l150 delegate 1,,"callClientFunction(player, ""delegateEvent"", player, quest, ""processEvent050"", <payload?>)",log_before_change,medium,after-warp or mutation behavior must be logged before edits,"quest sequence before/after; owner actor/event name/type; recovered cutscene args=""man0l150""; 1; smoke_only_no_extra_mutation",,cutscene push/operator proof,Data\scripts\quests\man\man0l1.lua; 514:processEvent050,outputs\quest-cutscene-push-matrix-atlas-20260630\recovered_cutscene_push_matrix.csv
quest_push_operator_rows,68,man0l1,110002,Treasures of the Main,main_scenario,handwritten_event_driver,cutscene_existing_route_smoke,quest_cutscene,processEvent060,man0l160,local_exact_method_delegate_hazard,!testcutscene man0l160 delegate 1,,"callClientFunction(player, ""delegateEvent"", player, quest, ""processEvent060"", <payload?>)",log_before_change,medium,after-warp or mutation behavior must be logged before edits,"quest sequence before/after; owner actor/event name/type; recovered cutscene args=""man0l160""; 1; smoke_only_no_extra_mutation",,cutscene push/operator proof,Data\scripts\quests\man\man0l1.lua; 611:processEvent060,outputs\quest-cutscene-push-matrix-atlas-20260630\recovered_cutscene_push_matrix.csv
quest_push_operator_rows,68,man0l1,110002,Treasures of the Main,main_scenario,handwritten_event_driver,cutscene_existing_route_smoke,quest_cutscene,processEvent065,man0l160,local_exact_method_delegate_hazard,!testcutscene man0l160 delegate 1,,"callClientFunction(player, ""delegateEvent"", player, quest, ""processEvent065"", <payload?>)",log_before_change,medium,after-warp or mutation behavior must be logged before edits,"quest sequence before/after; owner actor/event name/type; recovered cutscene args=""man0l160""; 1; smoke_only_no_extra_mutation",,cutscene push/operator proof,Data\scripts\quests\man\man0l1.lua; 608:processEvent065,outputs\quest-cutscene-push-matrix-atlas-20260630\recovered_cutscene_push_matrix.csv
quest_push_operator_rows,68,man0l1,110002,Treasures of the Main,main_scenario,handwritten_event_driver,cutscene_existing_route_smoke,quest_cutscene,processEvent600,man0l600,local_exact_method_delegate_hazard,!testcutscene man0l600 delegate 1,,"callClientFunction(player, ""delegateEvent"", player, quest, ""processEvent600"", <payload?>)",log_before_change,medium,after-warp or mutation behavior must be logged before edits,"quest sequence before/after; owner actor/event name/type; recovered cutscene args=""man0l600""; 1; smoke_only_no_extra_mutation",,cutscene push/operator proof,Data\scripts\quests\man\man0l1.lua; 329:processEvent600; 363:processEvent600,outputs\quest-cutscene-push-matrix-atlas-20260630\recovered_cutscene_push_matrix.csv
quest_push_operator_rows,68,man0l1,110002,Treasures of the Main,main_scenario,handwritten_event_driver,cutscene_existing_route_smoke,quest_cutscene,processEvent604,man0l604,local_exact_method_delegate_hazard,!testcutscene man0l604 delegate 1,,"callClientFunction(player, ""delegateEvent"", player, quest, ""processEvent604"", <payload?>)",log_before_change,medium,after-warp or mutation behavior must be logged before edits,"quest sequence before/after; owner actor/event name/type; recovered cutscene args=""man0l604""; 1; smoke_only_no_extra_mutation",,cutscene push/operator proof,Data\scripts\quests\man\man0l1.lua; 625:processEvent604; 646:processEvent604; 660:processEvent604; 836:processEvent604,outputs\quest-cutscene-push-matrix-atlas-20260630\recovered_cutscene_push_matrix.csv
quest_push_operator_rows,68,man0l1,110002,Treasures of the Main,main_scenario,handwritten_event_driver,cutscene_existing_route_smoke,quest_cutscene,processEvent605,man0l605,local_exact_method_delegate_hazard,!testcutscene man0l605 delegate 1,,"callClientFunction(player, ""delegateEvent"", player, quest, ""processEvent605"", <payload?>)",log_before_change,medium,after-warp or mutation behavior must be logged before edits,"quest sequence before/after; owner actor/event name/type; recovered cutscene args=""man0l605""; 1; smoke_only_no_extra_mutation",,cutscene push/operator proof,Data\scripts\quests\man\man0l1.lua; 634:processEvent605,outputs\quest-cutscene-push-matrix-atlas-20260630\recovered_cutscene_push_matrix.csv
quest_push_operator_rows,68,man0l1,110002,Treasures of the Main,main_scenario,handwritten_event_driver,cutscene_existing_route_smoke,quest_cutscene,processEvent615,man0l615,local_exact_method_delegate_hazard,!testcutscene man0l615 delegate 1,,"callClientFunction(player, ""delegateEvent"", player, quest, ""processEvent615"", <payload?>)",log_before_change,medium,after-warp or mutation behavior must be logged before edits,"quest sequence before/after; owner actor/event name/type; recovered cutscene args=""man0l615""; 1; smoke_only_no_extra_mutation",,cutscene push/operator proof,Data\scripts\quests\man\man0l1.lua; 380:processEvent615,outputs\quest-cutscene-push-matrix-atlas-20260630\recovered_cutscene_push_matrix.csv
quest_push_operator_rows,68,man0l1,110002,Treasures of the Main,main_scenario,handwritten_event_driver,cutscene_existing_route_smoke,quest_cutscene,processEvent630,man0l630,local_exact_method_delegate_hazard,!testcutscene man0l630 delegate 1,,"callClientFunction(player, ""delegateEvent"", player, quest, ""processEvent630"", <payload?>)",log_before_change,medium,after-warp or mutation behavior must be logged before edits,"quest sequence before/after; owner actor/event name/type; recovered cutscene args=""man0l630""; 1; smoke_only_no_extra_mutation",,cutscene push/operator proof,Data\scripts\quests\man\man0l1.lua; 408:processEvent630; 569:processEvent630,outputs\quest-cutscene-push-matrix-atlas-20260630\recovered_cutscene_push_matrix.csv
quest_push_operator_rows,68,man0l1,110002,Treasures of the Main,main_scenario,handwritten_event_driver,cutscene_existing_route_smoke,quest_cutscene,processEvent635,man0l635,local_exact_method_delegate_hazard,!testcutscene man0l635 delegate 1,,"callClientFunction(player, ""delegateEvent"", player, quest, ""processEvent635"", <payload?>)",log_before_change,medium,after-warp or mutation behavior must be logged before edits,"quest sequence before/after; owner actor/event name/type; recovered cutscene args=""man0l635""; 1; smoke_only_no_extra_mutation",,cutscene push/operator proof,Data\scripts\quests\man\man0l1.lua; 678:processEvent635,outputs\quest-cutscene-push-matrix-atlas-20260630\recovered_cutscene_push_matrix.csv
quest_push_operator_rows,42,man0l1,110002,Treasures of the Main,main_scenario,handwritten_event_driver,cutscene_existing_route_smoke,quest_cutscene,processEvent030,man0l130,local_exact_method_delegate,!testcutscene man0l130 delegate 1,,"callClientFunction(player, ""delegateEvent"", player, quest, ""processEvent030"", <payload?>)",existing_route_smoke,low,natural event route already delegates recovered method,"quest sequence before/after; owner actor/event name/type; recovered cutscene args=""man0l130""; 1; smoke_only",,cutscene push/operator proof,Data\scripts\quests\man\man0l1.lua; 501:processEvent030,outputs\quest-cutscene-push-matrix-atlas-20260630\recovered_cutscene_push_matrix.csv
quest_push_operator_rows,42,man0l1,110002,Treasures of the Main,main_scenario,handwritten_event_driver,cutscene_existing_route_smoke,quest_cutscene,processEvent610,man0l610,local_exact_method_delegate,!testcutscene man0l610 delegate 1,,"callClientFunction(player, ""delegateEvent"", player, quest, ""processEvent610"", <payload?>)",existing_route_smoke,low,natural event route already delegates recovered method,"quest sequence before/after; owner actor/event name/type; recovered cutscene args=""man0l610""; 1; smoke_only",,cutscene push/operator proof,Data\scripts\quests\man\man0l1.lua; 390:processEvent610,outputs\quest-cutscene-push-matrix-atlas-20260630\recovered_cutscene_push_matrix.csv
quest_push_operator_rows,42,man0l1,110002,Treasures of the Main,main_scenario,handwritten_event_driver,cutscene_existing_route_smoke,quest_cutscene,processEvent620,man0l620,local_exact_method_delegate,!testcutscene man0l620 delegate 1,,"callClientFunction(player, ""delegateEvent"", player, quest, ""processEvent620"", <payload?>)",existing_route_smoke,low,natural event route already delegates recovered method,"quest sequence before/after; owner actor/event name/type; recovered cutscene args=""man0l620""; 1; smoke_only",,cutscene push/operator proof,Data\scripts\quests\man\man0l1.lua; 669:processEvent620,outputs\quest-cutscene-push-matrix-atlas-20260630\recovered_cutscene_push_matrix.csv
quest_push_dependency_bundles,,man0u0,110009,Flowers for All,main_scenario,handwritten_event_driver,cutscene_missing_delegate=2; cutscene_existing_route_smoke=2,quest_bundle,110009,,,,,,,medium,,,cutscene owner/payload probe,cutscene push/operator proof,,
quest_push_operator_rows,92,man0u0,110009,Flowers for All,main_scenario,handwritten_event_driver,cutscene_missing_delegate,quest_cutscene,processEvent000,MAN0U000,local_missing_recovered_delegate,!testcutscene MAN0U000 delegate 1,,"callClientFunction(player, ""delegateEvent"", player, quest, ""processEvent000"", <payload?>)",probe_command_required,medium,local route does not yet expose recovered method safely,"quest sequence before/after; owner actor/event name/type; recovered cutscene args=""MAN0U000""; 1; probe_before_patch",,cutscene push/operator proof,Data\scripts\quests\man\man0u0.lua,outputs\quest-cutscene-push-matrix-atlas-20260630\recovered_cutscene_push_matrix.csv
quest_push_operator_rows,92,man0u0,110009,Flowers for All,main_scenario,handwritten_event_driver,cutscene_missing_delegate,quest_cutscene,processTtrNomal001,man0u005,local_missing_recovered_delegate,!testcutscene man0u005 delegate 3,,"callClientFunction(player, ""delegateEvent"", player, quest, ""processTtrNomal001"", <payload?>)",probe_command_required,medium,local route does not yet expose recovered method safely,"quest sequence before/after; owner actor/event name/type; recovered cutscene args=""man0u005""; 3; probe_before_patch; Ttr Nomal 001",,cutscene push/operator proof,Data\scripts\quests\man\man0u0.lua,outputs\quest-cutscene-push-matrix-atlas-20260630\recovered_cutscene_push_matrix.csv
quest_push_operator_rows,42,man0u0,110009,Flowers for All,main_scenario,handwritten_event_driver,cutscene_existing_route_smoke,quest_cutscene,processTtrNomal001withHQ,MAN0U000,local_exact_method_delegate,!testcutscene MAN0U000 delegate 3,,"callClientFunction(player, ""delegateEvent"", player, quest, ""processTtrNomal001withHQ"", <payload?>)",existing_route_smoke,low,natural event route already delegates recovered method,"quest sequence before/after; owner actor/event name/type; recovered cutscene args=""MAN0U000""; 3; smoke_only; Ttr Nomal 001 with HQ",,cutscene push/operator proof,Data\scripts\quests\man\man0u0.lua; 107:processTtrNomal001withHQ,outputs\quest-cutscene-push-matrix-atlas-20260630\recovered_cutscene_push_matrix.csv
quest_push_operator_rows,42,man0u0,110009,Flowers for All,main_scenario,handwritten_event_driver,cutscene_existing_route_smoke,quest_cutscene,processTtrNomal001withHQ,man0u005,local_exact_method_delegate,!testcutscene man0u005 delegate 3,,"callClientFunction(player, ""delegateEvent"", player, quest, ""processTtrNomal001withHQ"", <payload?>)",existing_route_smoke,low,natural event route already delegates recovered method,"quest sequence before/after; owner actor/event name/type; recovered cutscene args=""man0u005""; 3; smoke_only; Ttr Nomal 001 with HQ",,cutscene push/operator proof,Data\scripts\quests\man\man0u0.lua; 107:processTtrNomal001withHQ,outputs\quest-cutscene-push-matrix-atlas-20260630\recovered_cutscene_push_matrix.csv
quest_push_dependency_bundles,,man0u1,110010,Court in the Sands,main_scenario,handwritten_event_driver,cutscene_existing_route_smoke=18; cutscene_missing_delegate=1,quest_bundle,110010,,,,,,,medium,,,cutscene owner/payload probe,cutscene push/operator proof,,
quest_push_operator_rows,92,man0u1,110010,Court in the Sands,main_scenario,handwritten_event_driver,cutscene_missing_delegate,quest_cutscene,processEvent200,man0u200,local_missing_recovered_delegate,!testcutscene man0u200 delegate 1,,"callClientFunction(player, ""delegateEvent"", player, quest, ""processEvent200"", <payload?>)",probe_command_required,medium,local route does not yet expose recovered method safely,"quest sequence before/after; owner actor/event name/type; recovered cutscene args=""man0u200""; 1; probe_before_patch",,cutscene push/operator proof,Data\scripts\quests\man\man0u1.lua,outputs\quest-cutscene-push-matrix-atlas-20260630\recovered_cutscene_push_matrix.csv
quest_push_operator_rows,68,man0u1,110010,Court in the Sands,main_scenario,handwritten_event_driver,cutscene_existing_route_smoke,quest_cutscene,processEvent010,man0u110,local_exact_method_delegate_hazard,!testcutscene man0u110 delegate 1,,"callClientFunction(player, ""delegateEvent"", player, quest, ""processEvent010"", <payload?>)",log_before_change,medium,after-warp or mutation behavior must be logged before edits,"quest sequence before/after; owner actor/event name/type; recovered cutscene args=""man0u110""; 1; smoke_only_no_extra_mutation",,cutscene push/operator proof,Data\scripts\quests\man\man0u1.lua; 1331:processEvent010,outputs\quest-cutscene-push-matrix-atlas-20260630\recovered_cutscene_push_matrix.csv
quest_push_operator_rows,68,man0u1,110010,Court in the Sands,main_scenario,handwritten_event_driver,cutscene_existing_route_smoke,quest_cutscene,processEvent030,man0u130,local_exact_method_delegate_hazard,!testcutscene man0u130 delegate 1,,"callClientFunction(player, ""delegateEvent"", player, quest, ""processEvent030"", <payload?>)",log_before_change,medium,after-warp or mutation behavior must be logged before edits,"quest sequence before/after; owner actor/event name/type; recovered cutscene args=""man0u130""; 1; smoke_only_no_extra_mutation",,cutscene push/operator proof,Data\scripts\quests\man\man0u1.lua; 964:processEvent030,outputs\quest-cutscene-push-matrix-atlas-20260630\recovered_cutscene_push_matrix.csv
quest_push_operator_rows,68,man0u1,110010,Court in the Sands,main_scenario,handwritten_event_driver,cutscene_existing_route_smoke,quest_cutscene,processEvent035,man0u135,local_exact_method_delegate_hazard,!testcutscene man0u135 delegate 1,,"callClientFunction(player, ""delegateEvent"", player, quest, ""processEvent035"", <payload?>)",log_before_change,medium,after-warp or mutation behavior must be logged before edits,"quest sequence before/after; owner actor/event name/type; recovered cutscene args=""man0u135""; 1; smoke_only_no_extra_mutation",,cutscene push/operator proof,Data\scripts\quests\man\man0u1.lua; 869:processEvent035,outputs\quest-cutscene-push-matrix-atlas-20260630\recovered_cutscene_push_matrix.csv
quest_push_operator_rows,68,man0u1,110010,Court in the Sands,main_scenario,handwritten_event_driver,cutscene_existing_route_smoke,quest_cutscene,processEvent040,man0u140,local_exact_method_delegate_hazard,!testcutscene man0u140 delegate 1,,"callClientFunction(player, ""delegateEvent"", player, quest, ""processEvent040"", <payload?>)",log_before_change,medium,after-warp or mutation behavior must be logged before edits,"quest sequence before/after; owner actor/event name/type; recovered cutscene args=""man0u140""; 1; smoke_only_no_extra_mutation",,cutscene push/operator proof,Data\scripts\quests\man\man0u1.lua; 890:processEvent040; 970:processEvent040,outputs\quest-cutscene-push-matrix-atlas-20260630\recovered_cutscene_push_matrix.csv
quest_push_operator_rows,68,man0u1,110010,Court in the Sands,main_scenario,handwritten_event_driver,cutscene_existing_route_smoke,quest_cutscene,processEvent045,man0u140,local_exact_method_delegate_hazard,!testcutscene man0u140 delegate 1,,"callClientFunction(player, ""delegateEvent"", player, quest, ""processEvent045"", <payload?>)",log_before_change,medium,after-warp or mutation behavior must be logged before edits,"quest sequence before/after; owner actor/event name/type; recovered cutscene args=""man0u140""; 1; smoke_only_no_extra_mutation",,cutscene push/operator proof,Data\scripts\quests\man\man0u1.lua; 883:processEvent045,outputs\quest-cutscene-push-matrix-atlas-20260630\recovered_cutscene_push_matrix.csv
quest_push_operator_rows,68,man0u1,110010,Court in the Sands,main_scenario,handwritten_event_driver,cutscene_existing_route_smoke,quest_cutscene,processEvent050,man0u150,local_exact_method_delegate_hazard,!testcutscene man0u150 delegate 1,,"callClientFunction(player, ""delegateEvent"", player, quest, ""processEvent050"", <payload?>)",log_before_change,medium,after-warp or mutation behavior must be logged before edits,"quest sequence before/after; owner actor/event name/type; recovered cutscene args=""man0u150""; 1; smoke_only_no_extra_mutation",,cutscene push/operator proof,Data\scripts\quests\man\man0u1.lua; 574:processEvent050; 584:processEvent050; 658:processEvent050; 712:processEvent050,outputs\quest-cutscene-push-matrix-atlas-20260630\recovered_cutscene_push_matrix.csv
quest_push_operator_rows,68,man0u1,110010,Court in the Sands,main_scenario,handwritten_event_driver,cutscene_existing_route_smoke,quest_cutscene,processEvent060,man0u160,local_exact_method_delegate_hazard,!testcutscene man0u160 delegate 1,,"callClientFunction(player, ""delegateEvent"", player, quest, ""processEvent060"", <payload?>)",log_before_change,medium,after-warp or mutation behavior must be logged before edits,"quest sequence before/after; owner actor/event name/type; recovered cutscene args=""man0u160""; 1; smoke_only_no_extra_mutation",,cutscene push/operator proof,Data\scripts\quests\man\man0u1.lua; 1178:processEvent060; 1186:processEvent060; 1194:processEvent060; 1202:processEvent060; 1210:processEvent060; 1218:processEvent060; 1230:processEvent060; 1238:processEvent060; 1246:processEvent060; 1254:processEvent060; 1262:processEvent060; 1270:processEvent060,outputs\quest-cutscene-push-matrix-atlas-20260630\recovered_cutscene_push_matrix.csv
quest_push_operator_rows,68,man0u1,110010,Court in the Sands,main_scenario,handwritten_event_driver,cutscene_existing_route_smoke,quest_cutscene,processEvent070,man0u170,local_exact_method_delegate_hazard,!testcutscene man0u170 delegate 1,,"callClientFunction(player, ""delegateEvent"", player, quest, ""processEvent070"", <payload?>)",log_before_change,medium,after-warp or mutation behavior must be logged before edits,"quest sequence before/after; owner actor/event name/type; recovered cutscene args=""man0u170""; 1; smoke_only_no_extra_mutation",,cutscene push/operator proof,Data\scripts\quests\man\man0u1.lua; 690:processEvent070,outputs\quest-cutscene-push-matrix-atlas-20260630\recovered_cutscene_push_matrix.csv
quest_push_operator_rows,68,man0u1,110010,Court in the Sands,main_scenario,handwritten_event_driver,cutscene_existing_route_smoke,quest_cutscene,processEvent075,man0u175,local_exact_method_delegate_hazard,!testcutscene man0u175 delegate 1,,"callClientFunction(player, ""delegateEvent"", player, quest, ""processEvent075"", <payload?>)",log_before_change,medium,after-warp or mutation behavior must be logged before edits,"quest sequence before/after; owner actor/event name/type; recovered cutscene args=""man0u175""; 1; smoke_only_no_extra_mutation",,cutscene push/operator proof,Data\scripts\quests\man\man0u1.lua; 1003:processEvent075; 1024:processEvent075,outputs\quest-cutscene-push-matrix-atlas-20260630\recovered_cutscene_push_matrix.csv
quest_push_operator_rows,68,man0u1,110010,Court in the Sands,main_scenario,handwritten_event_driver,cutscene_existing_route_smoke,quest_cutscene,processEvent080,man0u180,local_exact_method_delegate_hazard,!testcutscene man0u180 delegate 1,,"callClientFunction(player, ""delegateEvent"", player, quest, ""processEvent080"", <payload?>)",log_before_change,medium,after-warp or mutation behavior must be logged before edits,"quest sequence before/after; owner actor/event name/type; recovered cutscene args=""man0u180""; 1; smoke_only_no_extra_mutation",,cutscene push/operator proof,Data\scripts\quests\man\man0u1.lua; 1015:processEvent080,outputs\quest-cutscene-push-matrix-atlas-20260630\recovered_cutscene_push_matrix.csv
quest_push_operator_rows,68,man0u1,110010,Court in the Sands,main_scenario,handwritten_event_driver,cutscene_existing_route_smoke,quest_cutscene,processEvent090,man0u190,local_exact_method_delegate_hazard,!testcutscene man0u190 delegate 1,,"callClientFunction(player, ""delegateEvent"", player, quest, ""processEvent090"", <payload?>)",log_before_change,medium,after-warp or mutation behavior must be logged before edits,"quest sequence before/after; owner actor/event name/type; recovered cutscene args=""man0u190""; 1; smoke_only_no_extra_mutation",,cutscene push/operator proof,Data\scripts\quests\man\man0u1.lua; 723:processEvent090,outputs\quest-cutscene-push-matrix-atlas-20260630\recovered_cutscene_push_matrix.csv
quest_push_operator_rows,68,man0u1,110010,Court in the Sands,main_scenario,handwritten_event_driver,cutscene_existing_route_smoke,quest_cutscene,processEvent090,man0u200,local_exact_method_delegate_hazard,!testcutscene man0u200 delegate 1,,"callClientFunction(player, ""delegateEvent"", player, quest, ""processEvent090"", <payload?>)",log_before_change,medium,after-warp or mutation behavior must be logged before edits,"quest sequence before/after; owner actor/event name/type; recovered cutscene args=""man0u200""; 1; smoke_only_no_extra_mutation",,cutscene push/operator proof,Data\scripts\quests\man\man0u1.lua; 723:processEvent090,outputs\quest-cutscene-push-matrix-atlas-20260630\recovered_cutscene_push_matrix.csv
quest_push_operator_rows,68,man0u1,110010,Court in the Sands,main_scenario,handwritten_event_driver,cutscene_existing_route_smoke,quest_cutscene,processEvent220,man0u220,local_exact_method_delegate_hazard,!testcutscene man0u220 delegate 1,,"callClientFunction(player, ""delegateEvent"", player, quest, ""processEvent220"", <payload?>)",log_before_change,medium,after-warp or mutation behavior must be logged before edits,"quest sequence before/after; owner actor/event name/type; recovered cutscene args=""man0u220""; 1; smoke_only_no_extra_mutation",,cutscene push/operator proof,Data\scripts\quests\man\man0u1.lua; 1047:processEvent220,outputs\quest-cutscene-push-matrix-atlas-20260630\recovered_cutscene_push_matrix.csv
quest_push_operator_rows,68,man0u1,110010,Court in the Sands,main_scenario,handwritten_event_driver,cutscene_existing_route_smoke,quest_cutscene,processEventMomodiStart,man0u100,local_exact_method_delegate_hazard,!testcutscene man0u100 delegate 1,,"callClientFunction(player, ""delegateEvent"", player, quest, ""processEventMomodiStart"", <payload?>)",log_before_change,medium,after-warp or mutation behavior must be logged before edits,"quest sequence before/after; owner actor/event name/type; recovered cutscene args=""man0u100""; 1; 0; 11000069; smoke_only_no_extra_mutation; Momodi Start",,cutscene push/operator proof,Data\scripts\quests\man\man0u1.lua; 371:processEventMomodiStart,outputs\quest-cutscene-push-matrix-atlas-20260630\recovered_cutscene_push_matrix.csv
quest_push_operator_rows,42,man0u1,110010,Court in the Sands,main_scenario,handwritten_event_driver,cutscene_existing_route_smoke,quest_cutscene,processEvent020,man0u120,local_exact_method_delegate,!testcutscene man0u120 delegate 1,,"callClientFunction(player, ""delegateEvent"", player, quest, ""processEvent020"", <payload?>)",existing_route_smoke,low,natural event route already delegates recovered method,"quest sequence before/after; owner actor/event name/type; recovered cutscene args=""man0u120""; 1; smoke_only",,cutscene push/operator proof,Data\scripts\quests\man\man0u1.lua; 1392:processEvent020,outputs\quest-cutscene-push-matrix-atlas-20260630\recovered_cutscene_push_matrix.csv
quest_push_operator_rows,42,man0u1,110010,Court in the Sands,main_scenario,handwritten_event_driver,cutscene_existing_route_smoke,quest_cutscene,processEvent205,man0u205,local_exact_method_delegate,!testcutscene man0u205 delegate 1,,"callClientFunction(player, ""delegateEvent"", player, quest, ""processEvent205"", <payload?>)",existing_route_smoke,low,natural event route already delegates recovered method,"quest sequence before/after; owner actor/event name/type; recovered cutscene args=""man0u205""; 1; smoke_only",,cutscene push/operator proof,Data\scripts\quests\man\man0u1.lua; 1036:processEvent205,outputs\quest-cutscene-push-matrix-atlas-20260630\recovered_cutscene_push_matrix.csv
quest_push_operator_rows,42,man0u1,110010,Court in the Sands,main_scenario,handwritten_event_driver,cutscene_existing_route_smoke,quest_cutscene,processEvent210,man0u210,local_exact_method_delegate,!testcutscene man0u210 delegate 1,,"callClientFunction(player, ""delegateEvent"", player, quest, ""processEvent210"", <payload?>)",existing_route_smoke,low,natural event route already delegates recovered method,"quest sequence before/after; owner actor/event name/type; recovered cutscene args=""man0u210""; 1; smoke_only",,cutscene push/operator proof,Data\scripts\quests\man\man0u1.lua; 754:processEvent210; 771:processEvent210; 789:processEvent210,outputs\quest-cutscene-push-matrix-atlas-20260630\recovered_cutscene_push_matrix.csv
quest_push_operator_rows,42,man0u1,110010,Court in the Sands,main_scenario,handwritten_event_driver,cutscene_existing_route_smoke,quest_cutscene,processEvent230,man0u230,local_exact_method_delegate,!testcutscene man0u230 delegate 1,,"callClientFunction(player, ""delegateEvent"", player, quest, ""processEvent230"", <payload?>)",existing_route_smoke,low,natural event route already delegates recovered method,"quest sequence before/after; owner actor/event name/type; recovered cutscene args=""man0u230""; 1; smoke_only",,cutscene push/operator proof,Data\scripts\quests\man\man0u1.lua; 1055:processEvent230,outputs\quest-cutscene-push-matrix-atlas-20260630\recovered_cutscene_push_matrix.csv
quest_push_dependency_bundles,,man1g0,110007,Whispers in the Wood,main_scenario,handwritten_event_driver,cutscene_existing_route_smoke=11,quest_bundle,110007,,,,,,,medium,,,cutscene owner/payload probe,cutscene push/operator proof,,
quest_push_operator_rows,68,man1g0,110007,Whispers in the Wood,main_scenario,handwritten_event_driver,cutscene_existing_route_smoke,quest_cutscene,processEvent010,man1g010,local_exact_method_delegate_hazard,!testcutscene man1g010 delegate 1,,"callClientFunction(player, ""delegateEvent"", player, quest, ""processEvent010"", <payload?>)",log_before_change,medium,after-warp or mutation behavior must be logged before edits,"quest sequence before/after; owner actor/event name/type; recovered cutscene args=""man1g010""; 1; smoke_only_no_extra_mutation",,cutscene push/operator proof,Data\scripts\quests\man\man1g0.lua; 431:processEvent010; 444:processEvent010; 472:processEvent010; 484:processEvent010,outputs\quest-cutscene-push-matrix-atlas-20260630\recovered_cutscene_push_matrix.csv
quest_push_operator_rows,68,man1g0,110007,Whispers in the Wood,main_scenario,handwritten_event_driver,cutscene_existing_route_smoke,quest_cutscene,processEvent020,man1g020,local_exact_method_delegate_hazard,!testcutscene man1g020 delegate 1,,"callClientFunction(player, ""delegateEvent"", player, quest, ""processEvent020"", <payload?>)",log_before_change,medium,after-warp or mutation behavior must be logged before edits,"quest sequence before/after; owner actor/event name/type; recovered cutscene args=""man1g020""; 1; smoke_only_no_extra_mutation",,cutscene push/operator proof,Data\scripts\quests\man\man1g0.lua; 526:processEvent020,outputs\quest-cutscene-push-matrix-atlas-20260630\recovered_cutscene_push_matrix.csv
quest_push_operator_rows,68,man1g0,110007,Whispers in the Wood,main_scenario,handwritten_event_driver,cutscene_existing_route_smoke,quest_cutscene,processEvent030,man1g030,local_exact_method_delegate_hazard,!testcutscene man1g030 delegate 1,,"callClientFunction(player, ""delegateEvent"", player, quest, ""processEvent030"", <payload?>)",log_before_change,medium,after-warp or mutation behavior must be logged before edits,"quest sequence before/after; owner actor/event name/type; recovered cutscene args=""man1g030""; 1; smoke_only_no_extra_mutation",,cutscene push/operator proof,Data\scripts\quests\man\man1g0.lua; 466:processEvent030,outputs\quest-cutscene-push-matrix-atlas-20260630\recovered_cutscene_push_matrix.csv
quest_push_operator_rows,68,man1g0,110007,Whispers in the Wood,main_scenario,handwritten_event_driver,cutscene_existing_route_smoke,quest_cutscene,processEvent040,man1g040,local_exact_method_delegate_hazard,!testcutscene man1g040 delegate 1,,"callClientFunction(player, ""delegateEvent"", player, quest, ""processEvent040"", <payload?>)",log_before_change,medium,after-warp or mutation behavior must be logged before edits,"quest sequence before/after; owner actor/event name/type; recovered cutscene args=""man1g040""; 1; smoke_only_no_extra_mutation",,cutscene push/operator proof,Data\scripts\quests\man\man1g0.lua; 535:processEvent040,outputs\quest-cutscene-push-matrix-atlas-20260630\recovered_cutscene_push_matrix.csv
quest_push_operator_rows,68,man1g0,110007,Whispers in the Wood,main_scenario,handwritten_event_driver,cutscene_existing_route_smoke,quest_cutscene,processEvent060,man1g060,local_exact_method_delegate_hazard,!testcutscene man1g060 delegate 1,,"callClientFunction(player, ""delegateEvent"", player, quest, ""processEvent060"", <payload?>)",log_before_change,medium,after-warp or mutation behavior must be logged before edits,"quest sequence before/after; owner actor/event name/type; recovered cutscene args=""man1g060""; 1; smoke_only_no_extra_mutation",,cutscene push/operator proof,Data\scripts\quests\man\man1g0.lua; 551:processEvent060; 565:processEvent060,outputs\quest-cutscene-push-matrix-atlas-20260630\recovered_cutscene_push_matrix.csv
quest_push_operator_rows,68,man1g0,110007,Whispers in the Wood,main_scenario,handwritten_event_driver,cutscene_existing_route_smoke,quest_cutscene,processEvent070,man1g070,local_exact_method_delegate_hazard,!testcutscene man1g070 delegate 1,,"callClientFunction(player, ""delegateEvent"", player, quest, ""processEvent070"", <payload?>)",log_before_change,medium,after-warp or mutation behavior must be logged before edits,"quest sequence before/after; owner actor/event name/type; recovered cutscene args=""man1g070""; 1; smoke_only_no_extra_mutation",,cutscene push/operator proof,Data\scripts\quests\man\man1g0.lua; 559:processEvent070,outputs\quest-cutscene-push-matrix-atlas-20260630\recovered_cutscene_push_matrix.csv
quest_push_operator_rows,42,man1g0,110007,Whispers in the Wood,main_scenario,handwritten_event_driver,cutscene_existing_route_smoke,quest_cutscene,processEvent050,man1g050,local_exact_method_delegate,!testcutscene man1g050 delegate 1,,"callClientFunction(player, ""delegateEvent"", player, quest, ""processEvent050"", <payload?>)",existing_route_smoke,low,natural event route already delegates recovered method,"quest sequence before/after; owner actor/event name/type; recovered cutscene args=""man1g050""; 1; smoke_only",,cutscene push/operator proof,Data\scripts\quests\man\man1g0.lua; 545:processEvent050,outputs\quest-cutscene-push-matrix-atlas-20260630\recovered_cutscene_push_matrix.csv
quest_push_operator_rows,42,man1g0,110007,Whispers in the Wood,main_scenario,handwritten_event_driver,cutscene_existing_route_smoke,quest_cutscene,processEvent080,man1g080,local_exact_method_delegate,!testcutscene man1g080 delegate 1,,"callClientFunction(player, ""delegateEvent"", player, quest, ""processEvent080"", <payload?>)",existing_route_smoke,low,natural event route already delegates recovered method,"quest sequence before/after; owner actor/event name/type; recovered cutscene args=""man1g080""; 1; smoke_only",,cutscene push/operator proof,Data\scripts\quests\man\man1g0.lua; 492:processEvent080,outputs\quest-cutscene-push-matrix-atlas-20260630\recovered_cutscene_push_matrix.csv
quest_push_operator_rows,42,man1g0,110007,Whispers in the Wood,main_scenario,handwritten_event_driver,cutscene_existing_route_smoke,quest_cutscene,processEvent090,man1g090,local_exact_method_delegate,!testcutscene man1g090 delegate 1,,"callClientFunction(player, ""delegateEvent"", player, quest, ""processEvent090"", <payload?>)",existing_route_smoke,low,natural event route already delegates recovered method,"quest sequence before/after; owner actor/event name/type; recovered cutscene args=""man1g090""; 1; smoke_only",,cutscene push/operator proof,Data\scripts\quests\man\man1g0.lua; 499:processEvent090,outputs\quest-cutscene-push-matrix-atlas-20260630\recovered_cutscene_push_matrix.csv
quest_push_operator_rows,42,man1g0,110007,Whispers in the Wood,main_scenario,handwritten_event_driver,cutscene_existing_route_smoke,quest_cutscene,processEvent100,man1g100,local_exact_method_delegate,!testcutscene man1g100 delegate 1,,"callClientFunction(player, ""delegateEvent"", player, quest, ""processEvent100"", <payload?>)",existing_route_smoke,low,natural event route already delegates recovered method,"quest sequence before/after; owner actor/event name/type; recovered cutscene args=""man1g100""; 1; smoke_only",,cutscene push/operator proof,Data\scripts\quests\man\man1g0.lua; 575:processEvent100,outputs\quest-cutscene-push-matrix-atlas-20260630\recovered_cutscene_push_matrix.csv
quest_push_operator_rows,42,man1g0,110007,Whispers in the Wood,main_scenario,handwritten_event_driver,cutscene_existing_route_smoke,quest_cutscene,processEventMiounneStart,man1g000,local_exact_method_delegate,!testcutscene man1g000 delegate 1,,"callClientFunction(player, ""delegateEvent"", player, quest, ""processEventMiounneStart"", <payload?>)",existing_route_smoke,low,natural event route already delegates recovered method,"quest sequence before/after; owner actor/event name/type; recovered cutscene args=""man1g000""; 1; smoke_only; Miounne Start",,cutscene push/operator proof,Data\scripts\quests\man\man1g0.lua; 423:processEventMiounneStart,outputs\quest-cutscene-push-matrix-atlas-20260630\recovered_cutscene_push_matrix.csv
quest_push_dependency_bundles,,man1l0,110003,Legends Adrift,main_scenario,handwritten_event_driver,cutscene_existing_route_smoke=11; cutscene_missing_delegate=6,quest_bundle,110003,,,,,,,medium,,,cutscene owner/payload probe,cutscene push/operator proof,,
quest_push_operator_rows,92,man1l0,110003,Legends Adrift,main_scenario,handwritten_event_driver,cutscene_missing_delegate,quest_cutscene,processEventTalkMenuManCutPreview,man1l200,local_missing_recovered_delegate,!testcutscene man1l200 delegate 1,,"callClientFunction(player, ""delegateEvent"", player, quest, ""processEventTalkMenuManCutPreview"", <payload?>)",probe_command_required,medium,local route does not yet expose recovered method safely,"quest sequence before/after; owner actor/event name/type; recovered cutscene args=""man1l200""; 1; probe_before_patch; Talk Menu Man Cut Preview",,cutscene push/operator proof,Data\scripts\quests\man\man1l0.lua,outputs\quest-cutscene-push-matrix-atlas-20260630\recovered_cutscene_push_matrix.csv
quest_push_operator_rows,92,man1l0,110003,Legends Adrift,main_scenario,handwritten_event_driver,cutscene_missing_delegate,quest_cutscene,processEventTalkMenuManCutPreview,man1l210,local_missing_recovered_delegate,!testcutscene man1l210 delegate 1,,"callClientFunction(player, ""delegateEvent"", player, quest, ""processEventTalkMenuManCutPreview"", <payload?>)",probe_command_required,medium,local route does not yet expose recovered method safely,"quest sequence before/after; owner actor/event name/type; recovered cutscene args=""man1l210""; 1; probe_before_patch; Talk Menu Man Cut Preview",,cutscene push/operator proof,Data\scripts\quests\man\man1l0.lua,outputs\quest-cutscene-push-matrix-atlas-20260630\recovered_cutscene_push_matrix.csv
quest_push_operator_rows,92,man1l0,110003,Legends Adrift,main_scenario,handwritten_event_driver,cutscene_missing_delegate,quest_cutscene,processEventTalkMenuManCutPreview,man1l400,local_missing_recovered_delegate,!testcutscene man1l400 delegate 1,,"callClientFunction(player, ""delegateEvent"", player, quest, ""processEventTalkMenuManCutPreview"", <payload?>)",probe_command_required,medium,local route does not yet expose recovered method safely,"quest sequence before/after; owner actor/event name/type; recovered cutscene args=""man1l400""; 1; probe_before_patch; Talk Menu Man Cut Preview",,cutscene push/operator proof,Data\scripts\quests\man\man1l0.lua,outputs\quest-cutscene-push-matrix-atlas-20260630\recovered_cutscene_push_matrix.csv
quest_push_operator_rows,92,man1l0,110003,Legends Adrift,main_scenario,handwritten_event_driver,cutscene_missing_delegate,quest_cutscene,processEventTalkMenuManCutPreview,man1l410,local_missing_recovered_delegate,!testcutscene man1l410 delegate 1,,"callClientFunction(player, ""delegateEvent"", player, quest, ""processEventTalkMenuManCutPreview"", <payload?>)",probe_command_required,medium,local route does not yet expose recovered method safely,"quest sequence before/after; owner actor/event name/type; recovered cutscene args=""man1l410""; 1; probe_before_patch; Talk Menu Man Cut Preview",,cutscene push/operator proof,Data\scripts\quests\man\man1l0.lua,outputs\quest-cutscene-push-matrix-atlas-20260630\recovered_cutscene_push_matrix.csv
quest_push_operator_rows,92,man1l0,110003,Legends Adrift,main_scenario,handwritten_event_driver,cutscene_missing_delegate,quest_cutscene,processEventTalkMenuManCutPreview,man1l600,local_missing_recovered_delegate,!testcutscene man1l600 delegate 1,,"callClientFunction(player, ""delegateEvent"", player, quest, ""processEventTalkMenuManCutPreview"", <payload?>)",probe_command_required,medium,local route does not yet expose recovered method safely,"quest sequence before/after; owner actor/event name/type; recovered cutscene args=""man1l600""; 1; probe_before_patch; Talk Menu Man Cut Preview",,cutscene push/operator proof,Data\scripts\quests\man\man1l0.lua,outputs\quest-cutscene-push-matrix-atlas-20260630\recovered_cutscene_push_matrix.csv
quest_push_operator_rows,92,man1l0,110003,Legends Adrift,main_scenario,handwritten_event_driver,cutscene_missing_delegate,quest_cutscene,processEventTalkMenuManCutPreview,man1l610,local_missing_recovered_delegate,!testcutscene man1l610 delegate 1,,"callClientFunction(player, ""delegateEvent"", player, quest, ""processEventTalkMenuManCutPreview"", <payload?>)",probe_command_required,medium,local route does not yet expose recovered method safely,"quest sequence before/after; owner actor/event name/type; recovered cutscene args=""man1l610""; 1; probe_before_patch; Talk Menu Man Cut Preview",,cutscene push/operator proof,Data\scripts\quests\man\man1l0.lua,outputs\quest-cutscene-push-matrix-atlas-20260630\recovered_cutscene_push_matrix.csv
quest_push_operator_rows,68,man1l0,110003,Legends Adrift,main_scenario,handwritten_event_driver,cutscene_existing_route_smoke,quest_cutscene,processEvent200,man1l200,local_exact_method_delegate_hazard,!testcutscene man1l200 delegate 1,,"callClientFunction(player, ""delegateEvent"", player, quest, ""processEvent200"", <payload?>)",log_before_change,medium,after-warp or mutation behavior must be logged before edits,"quest sequence before/after; owner actor/event name/type; recovered cutscene args=""man1l200""; 1; smoke_only_no_extra_mutation",,cutscene push/operator proof,Data\scripts\quests\man\man1l0.lua; 217:processEvent200; 233:processEvent200; 358:processEvent200,outputs\quest-cutscene-push-matrix-atlas-20260630\recovered_cutscene_push_matrix.csv
quest_push_operator_rows,68,man1l0,110003,Legends Adrift,main_scenario,handwritten_event_driver,cutscene_existing_route_smoke,quest_cutscene,processEvent2000,man2l000,local_exact_method_delegate_hazard,!testcutscene man2l000 delegate 1,,"callClientFunction(player, ""delegateEvent"", player, quest, ""processEvent2000"", <payload?>)",log_before_change,medium,after-warp or mutation behavior must be logged before edits,"quest sequence before/after; owner actor/event name/type; recovered cutscene args=""man2l000""; 1; 0; 11000002; smoke_only_no_extra_mutation",,cutscene push/operator proof,Data\scripts\quests\man\man1l0.lua; 303:processEvent2000; 314:processEvent2000; 371:processEvent2000,outputs\quest-cutscene-push-matrix-atlas-20260630\recovered_cutscene_push_matrix.csv
quest_push_operator_rows,68,man1l0,110003,Legends Adrift,main_scenario,handwritten_event_driver,cutscene_existing_route_smoke,quest_cutscene,processEvent2001,man2l001,local_exact_method_delegate_hazard,!testcutscene man2l001 delegate 1,,"callClientFunction(player, ""delegateEvent"", player, quest, ""processEvent2001"", <payload?>)",log_before_change,medium,after-warp or mutation behavior must be logged before edits,"quest sequence before/after; owner actor/event name/type; recovered cutscene args=""man2l001""; 1; smoke_only_no_extra_mutation",,cutscene push/operator proof,Data\scripts\quests\man\man1l0.lua; 440:processEvent2001,outputs\quest-cutscene-push-matrix-atlas-20260630\recovered_cutscene_push_matrix.csv
quest_push_operator_rows,68,man1l0,110003,Legends Adrift,main_scenario,handwritten_event_driver,cutscene_existing_route_smoke,quest_cutscene,processEvent2002,man2l002,local_exact_method_delegate_hazard,!testcutscene man2l002 delegate 1,,"callClientFunction(player, ""delegateEvent"", player, quest, ""processEvent2002"", <payload?>)",log_before_change,medium,after-warp or mutation behavior must be logged before edits,"quest sequence before/after; owner actor/event name/type; recovered cutscene args=""man2l002""; 1; smoke_only_no_extra_mutation",,cutscene push/operator proof,Data\scripts\quests\man\man1l0.lua; 448:processEvent2002,outputs\quest-cutscene-push-matrix-atlas-20260630\recovered_cutscene_push_matrix.csv
quest_push_operator_rows,68,man1l0,110003,Legends Adrift,main_scenario,handwritten_event_driver,cutscene_existing_route_smoke,quest_cutscene,processEvent215,man1l215,local_exact_method_delegate_hazard,!testcutscene man1l215 delegate 1,,"callClientFunction(player, ""delegateEvent"", player, quest, ""processEvent215"", <payload?>)",log_before_change,medium,after-warp or mutation behavior must be logged before edits,"quest sequence before/after; owner actor/event name/type; recovered cutscene args=""man1l215""; 1; smoke_only_no_extra_mutation",,cutscene push/operator proof,Data\scripts\quests\man\man1l0.lua; 227:processEvent215,outputs\quest-cutscene-push-matrix-atlas-20260630\recovered_cutscene_push_matrix.csv
quest_push_operator_rows,68,man1l0,110003,Legends Adrift,main_scenario,handwritten_event_driver,cutscene_existing_route_smoke,quest_cutscene,processEvent400,man1l400,local_exact_method_delegate_hazard,!testcutscene man1l400 delegate 1,,"callClientFunction(player, ""delegateEvent"", player, quest, ""processEvent400"", <payload?>)",log_before_change,medium,after-warp or mutation behavior must be logged before edits,"quest sequence before/after; owner actor/event name/type; recovered cutscene args=""man1l400""; 1; smoke_only_no_extra_mutation",,cutscene push/operator proof,Data\scripts\quests\man\man1l0.lua; 246:processEvent400; 259:processEvent400; 277:processEvent400,outputs\quest-cutscene-push-matrix-atlas-20260630\recovered_cutscene_push_matrix.csv
quest_push_operator_rows,68,man1l0,110003,Legends Adrift,main_scenario,handwritten_event_driver,cutscene_existing_route_smoke,quest_cutscene,processEvent410,man1l410,local_exact_method_delegate_hazard,!testcutscene man1l410 delegate 1,,"callClientFunction(player, ""delegateEvent"", player, quest, ""processEvent410"", <payload?>)",log_before_change,medium,after-warp or mutation behavior must be logged before edits,"quest sequence before/after; owner actor/event name/type; recovered cutscene args=""man1l410""; 1; smoke_only_no_extra_mutation",,cutscene push/operator proof,Data\scripts\quests\man\man1l0.lua; 412:processEvent410,outputs\quest-cutscene-push-matrix-atlas-20260630\recovered_cutscene_push_matrix.csv
quest_push_operator_rows,68,man1l0,110003,Legends Adrift,main_scenario,handwritten_event_driver,cutscene_existing_route_smoke,quest_cutscene,processEvent420,man1l420,local_exact_method_delegate_hazard,!testcutscene man1l420 delegate 1,,"callClientFunction(player, ""delegateEvent"", player, quest, ""processEvent420"", <payload?>)",log_before_change,medium,after-warp or mutation behavior must be logged before edits,"quest sequence before/after; owner actor/event name/type; recovered cutscene args=""man1l420""; 1; smoke_only_no_extra_mutation",,cutscene push/operator proof,Data\scripts\quests\man\man1l0.lua; 420:processEvent420,outputs\quest-cutscene-push-matrix-atlas-20260630\recovered_cutscene_push_matrix.csv
quest_push_operator_rows,42,man1l0,110003,Legends Adrift,main_scenario,handwritten_event_driver,cutscene_existing_route_smoke,quest_cutscene,processEvent210,man1l210,local_exact_method_delegate,!testcutscene man1l210 delegate 1,,"callClientFunction(player, ""delegateEvent"", player, quest, ""processEvent210"", <payload?>)",existing_route_smoke,low,natural event route already delegates recovered method,"quest sequence before/after; owner actor/event name/type; recovered cutscene args=""man1l210""; 1; smoke_only",,cutscene push/operator proof,Data\scripts\quests\man\man1l0.lua; 407:processEvent210,outputs\quest-cutscene-push-matrix-atlas-20260630\recovered_cutscene_push_matrix.csv
quest_push_operator_rows,42,man1l0,110003,Legends Adrift,main_scenario,handwritten_event_driver,cutscene_existing_route_smoke,quest_cutscene,processEvent600,man1l600,local_exact_method_delegate,!testcutscene man1l600 delegate 1,,"callClientFunction(player, ""delegateEvent"", player, quest, ""processEvent600"", <payload?>)",existing_route_smoke,low,natural event route already delegates recovered method,"quest sequence before/after; owner actor/event name/type; recovered cutscene args=""man1l600""; 1; smoke_only",,cutscene push/operator proof,Data\scripts\quests\man\man1l0.lua; 293:processEvent600; 429:processEvent600,outputs\quest-cutscene-push-matrix-atlas-20260630\recovered_cutscene_push_matrix.csv
quest_push_operator_rows,42,man1l0,110003,Legends Adrift,main_scenario,handwritten_event_driver,cutscene_existing_route_smoke,quest_cutscene,processEvent610,man1l610,local_exact_method_delegate,!testcutscene man1l610 delegate 1,,"callClientFunction(player, ""delegateEvent"", player, quest, ""processEvent610"", <payload?>)",existing_route_smoke,low,natural event route already delegates recovered method,"quest sequence before/after; owner actor/event name/type; recovered cutscene args=""man1l610""; 1; true; A3_85; smoke_only",,cutscene push/operator proof,Data\scripts\quests\man\man1l0.lua; 434:processEvent610,outputs\quest-cutscene-push-matrix-atlas-20260630\recovered_cutscene_push_matrix.csv
quest_push_dependency_bundles,,man1u0,110011,Golden Sacrifices,main_scenario,handwritten_event_driver,cutscene_existing_route_smoke=11,quest_bundle,110011,,,,,,,medium,,,cutscene owner/payload probe,cutscene push/operator proof,,
quest_push_operator_rows,68,man1u0,110011,Golden Sacrifices,main_scenario,handwritten_event_driver,cutscene_existing_route_smoke,quest_cutscene,processEvent010,man1u010,local_exact_method_delegate_hazard,!testcutscene man1u010 delegate 1,,"callClientFunction(player, ""delegateEvent"", player, quest, ""processEvent010"", <payload?>)",log_before_change,medium,after-warp or mutation behavior must be logged before edits,"quest sequence before/after; owner actor/event name/type; recovered cutscene args=""man1u010""; 1; smoke_only_no_extra_mutation",,cutscene push/operator proof,Data\scripts\quests\man\man1u0.lua; 262:processEvent010,outputs\quest-cutscene-push-matrix-atlas-20260630\recovered_cutscene_push_matrix.csv
quest_push_operator_rows,68,man1u0,110011,Golden Sacrifices,main_scenario,handwritten_event_driver,cutscene_existing_route_smoke,quest_cutscene,processEvent020,man1u020,local_exact_method_delegate_hazard,!testcutscene man1u020 delegate 1,,"callClientFunction(player, ""delegateEvent"", player, quest, ""processEvent020"", <payload?>)",log_before_change,medium,after-warp or mutation behavior must be logged before edits,"quest sequence before/after; owner actor/event name/type; recovered cutscene args=""man1u020""; 1; smoke_only_no_extra_mutation",,cutscene push/operator proof,Data\scripts\quests\man\man1u0.lua; 430:processEvent020,outputs\quest-cutscene-push-matrix-atlas-20260630\recovered_cutscene_push_matrix.csv
quest_push_operator_rows,68,man1u0,110011,Golden Sacrifices,main_scenario,handwritten_event_driver,cutscene_existing_route_smoke,quest_cutscene,processEvent021,man1u021,local_exact_method_delegate_hazard,!testcutscene man1u021 delegate 1,,"callClientFunction(player, ""delegateEvent"", player, quest, ""processEvent021"", <payload?>)",log_before_change,medium,after-warp or mutation behavior must be logged before edits,"quest sequence before/after; owner actor/event name/type; recovered cutscene args=""man1u021""; 1; smoke_only_no_extra_mutation",,cutscene push/operator proof,Data\scripts\quests\man\man1u0.lua; 317:processEvent021,outputs\quest-cutscene-push-matrix-atlas-20260630\recovered_cutscene_push_matrix.csv
quest_push_operator_rows,68,man1u0,110011,Golden Sacrifices,main_scenario,handwritten_event_driver,cutscene_existing_route_smoke,quest_cutscene,processEvent040,man1u040,local_exact_method_delegate_hazard,!testcutscene man1u040 delegate 1,,"callClientFunction(player, ""delegateEvent"", player, quest, ""processEvent040"", <payload?>)",log_before_change,medium,after-warp or mutation behavior must be logged before edits,"quest sequence before/after; owner actor/event name/type; recovered cutscene args=""man1u040""; 1; smoke_only_no_extra_mutation",,cutscene push/operator proof,Data\scripts\quests\man\man1u0.lua; 449:processEvent040; 458:processEvent040,outputs\quest-cutscene-push-matrix-atlas-20260630\recovered_cutscene_push_matrix.csv
quest_push_operator_rows,68,man1u0,110011,Golden Sacrifices,main_scenario,handwritten_event_driver,cutscene_existing_route_smoke,quest_cutscene,processEvent050,man1u050,local_exact_method_delegate_hazard,!testcutscene man1u050 delegate 1,,"callClientFunction(player, ""delegateEvent"", player, quest, ""processEvent050"", <payload?>)",log_before_change,medium,after-warp or mutation behavior must be logged before edits,"quest sequence before/after; owner actor/event name/type; recovered cutscene args=""man1u050""; 1; smoke_only_no_extra_mutation",,cutscene push/operator proof,Data\scripts\quests\man\man1u0.lua; 336:processEvent050,outputs\quest-cutscene-push-matrix-atlas-20260630\recovered_cutscene_push_matrix.csv
quest_push_operator_rows,68,man1u0,110011,Golden Sacrifices,main_scenario,handwritten_event_driver,cutscene_existing_route_smoke,quest_cutscene,processEvent060,man1u060,local_exact_method_delegate_hazard,!testcutscene man1u060 delegate 1,,"callClientFunction(player, ""delegateEvent"", player, quest, ""processEvent060"", <payload?>)",log_before_change,medium,after-warp or mutation behavior must be logged before edits,"quest sequence before/after; owner actor/event name/type; recovered cutscene args=""man1u060""; 1; smoke_only_no_extra_mutation",,cutscene push/operator proof,Data\scripts\quests\man\man1u0.lua; 345:processEvent060; 351:processEvent060; 373:processEvent060; 394:processEvent060,outputs\quest-cutscene-push-matrix-atlas-20260630\recovered_cutscene_push_matrix.csv
quest_push_operator_rows,68,man1u0,110011,Golden Sacrifices,main_scenario,handwritten_event_driver,cutscene_existing_route_smoke,quest_cutscene,processEvent070,man1u070,local_exact_method_delegate_hazard,!testcutscene man1u070 delegate 1,,"callClientFunction(player, ""delegateEvent"", player, quest, ""processEvent070"", <payload?>)",log_before_change,medium,after-warp or mutation behavior must be logged before edits,"quest sequence before/after; owner actor/event name/type; recovered cutscene args=""man1u070""; 1; smoke_only_no_extra_mutation",,cutscene push/operator proof,Data\scripts\quests\man\man1u0.lua; 463:processEvent070; 466:processEvent070,outputs\quest-cutscene-push-matrix-atlas-20260630\recovered_cutscene_push_matrix.csv
quest_push_operator_rows,68,man1u0,110011,Golden Sacrifices,main_scenario,handwritten_event_driver,cutscene_existing_route_smoke,quest_cutscene,processEvent090,man1u090,local_exact_method_delegate_hazard,!testcutscene man1u090 delegate 1,,"callClientFunction(player, ""delegateEvent"", player, quest, ""processEvent090"", <payload?>)",log_before_change,medium,after-warp or mutation behavior must be logged before edits,"quest sequence before/after; owner actor/event name/type; recovered cutscene args=""man1u090""; 1; smoke_only_no_extra_mutation",,cutscene push/operator proof,Data\scripts\quests\man\man1u0.lua; 472:processEvent090; 476:processEvent090,outputs\quest-cutscene-push-matrix-atlas-20260630\recovered_cutscene_push_matrix.csv
quest_push_operator_rows,68,man1u0,110011,Golden Sacrifices,main_scenario,handwritten_event_driver,cutscene_existing_route_smoke,quest_cutscene,processEventMomodiStart,man1u000,local_exact_method_delegate_hazard,!testcutscene man1u000 delegate 1,,"callClientFunction(player, ""delegateEvent"", player, quest, ""processEventMomodiStart"", <payload?>)",log_before_change,medium,after-warp or mutation behavior must be logged before edits,"quest sequence before/after; owner actor/event name/type; recovered cutscene args=""man1u000""; 1; smoke_only_no_extra_mutation; Momodi Start",,cutscene push/operator proof,Data\scripts\quests\man\man1u0.lua; 242:processEventMomodiStart; 266:processEventMomodiStart,outputs\quest-cutscene-push-matrix-atlas-20260630\recovered_cutscene_push_matrix.csv
quest_push_operator_rows,42,man1u0,110011,Golden Sacrifices,main_scenario,handwritten_event_driver,cutscene_existing_route_smoke,quest_cutscene,processEvent030,man1u030,local_exact_method_delegate,!testcutscene man1u030 delegate 1,,"callClientFunction(player, ""delegateEvent"", player, quest, ""processEvent030"", <payload?>)",existing_route_smoke,low,natural event route already delegates recovered method,"quest sequence before/after; owner actor/event name/type; recovered cutscene args=""man1u030""; 1; smoke_only",,cutscene push/operator proof,Data\scripts\quests\man\man1u0.lua; 444:processEvent030; 455:processEvent030,outputs\quest-cutscene-push-matrix-atlas-20260630\recovered_cutscene_push_matrix.csv
quest_push_operator_rows,42,man1u0,110011,Golden Sacrifices,main_scenario,handwritten_event_driver,cutscene_existing_route_smoke,quest_cutscene,processEvent080,man1u080,local_exact_method_delegate,!testcutscene man1u080 delegate 1,,"callClientFunction(player, ""delegateEvent"", player, quest, ""processEvent080"", <payload?>)",existing_route_smoke,low,natural event route already delegates recovered method,"quest sequence before/after; owner actor/event name/type; recovered cutscene args=""man1u080""; 1; smoke_only",,cutscene push/operator proof,Data\scripts\quests\man\man1u0.lua; 369:processEvent080,outputs\quest-cutscene-push-matrix-atlas-20260630\recovered_cutscene_push_matrix.csv
quest_push_dependency_bundles,,man200,110013,Fade to White,main_scenario,handwritten_event_driver,cutscene_existing_route_smoke=13; cutscene_missing_delegate=6,quest_bundle,110013,,,,,,,medium,,,cutscene owner/payload probe,cutscene push/operator proof,,
quest_push_operator_rows,92,man200,110013,Fade to White,main_scenario,handwritten_event_driver,cutscene_missing_delegate,quest_cutscene,processSnpcReselect,man20140,local_missing_recovered_delegate,!testcutscene man20140 delegate 2,,"callClientFunction(player, ""delegateEvent"", player, quest, ""processSnpcReselect"", <payload?>)",probe_command_required,medium,local route does not yet expose recovered method safely,"quest sequence before/after; owner actor/event name/type; recovered cutscene args=""man20140""; 2; L14_198; L15_199; L16_200; L17_201; L18_202; 1; L12_196; probe_before_patch; Snpc Reselect",,cutscene push/operator proof,Data\scripts\quests\man\man200.lua,outputs\quest-cutscene-push-matrix-atlas-20260630\recovered_cutscene_push_matrix.csv
quest_push_operator_rows,92,man200,110013,Fade to White,main_scenario,handwritten_event_driver,cutscene_missing_delegate,quest_cutscene,processSnpcReselect,man20140,local_missing_recovered_delegate,!testcutscene man20140 delegate 2,,"callClientFunction(player, ""delegateEvent"", player, quest, ""processSnpcReselect"", <payload?>)",probe_command_required,medium,local route does not yet expose recovered method safely,"quest sequence before/after; owner actor/event name/type; recovered cutscene args=""man20140""; 2; L14_198; L15_199; L16_200; L17_201; L18_202; 1; L12_196; probe_before_patch; Snpc Reselect",,cutscene push/operator proof,Data\scripts\quests\man\man200.lua,outputs\quest-cutscene-push-matrix-atlas-20260630\recovered_cutscene_push_matrix.csv
quest_push_operator_rows,92,man200,110013,Fade to White,main_scenario,handwritten_event_driver,cutscene_missing_delegate,quest_cutscene,processSnpcReselect,man20140,local_missing_recovered_delegate,!testcutscene man20140 delegate 2,,"callClientFunction(player, ""delegateEvent"", player, quest, ""processSnpcReselect"", <payload?>)",probe_command_required,medium,local route does not yet expose recovered method safely,"quest sequence before/after; owner actor/event name/type; recovered cutscene args=""man20140""; 2; L14_198; L15_199; L16_200; L17_201; L18_202; 1; L12_196; probe_before_patch; Snpc Reselect",,cutscene push/operator proof,Data\scripts\quests\man\man200.lua,outputs\quest-cutscene-push-matrix-atlas-20260630\recovered_cutscene_push_matrix.csv
quest_push_operator_rows,92,man200,110013,Fade to White,main_scenario,handwritten_event_driver,cutscene_missing_delegate,quest_cutscene,processSnpcReselect,man20140,local_missing_recovered_delegate,!testcutscene man20140 delegate 2,,"callClientFunction(player, ""delegateEvent"", player, quest, ""processSnpcReselect"", <payload?>)",probe_command_required,medium,local route does not yet expose recovered method safely,"quest sequence before/after; owner actor/event name/type; recovered cutscene args=""man20140""; 2; L14_198; L15_199; L16_200; L17_201; L18_202; 1; L12_196; probe_before_patch; Snpc Reselect",,cutscene push/operator proof,Data\scripts\quests\man\man200.lua,outputs\quest-cutscene-push-matrix-atlas-20260630\recovered_cutscene_push_matrix.csv
quest_push_operator_rows,92,man200,110013,Fade to White,main_scenario,handwritten_event_driver,cutscene_missing_delegate,quest_cutscene,processSnpcReselect,man20140,local_missing_recovered_delegate,!testcutscene man20140 delegate 2,,"callClientFunction(player, ""delegateEvent"", player, quest, ""processSnpcReselect"", <payload?>)",probe_command_required,medium,local route does not yet expose recovered method safely,"quest sequence before/after; owner actor/event name/type; recovered cutscene args=""man20140""; 2; L14_198; L15_199; L16_200; L17_201; L18_202; 1; L12_196; probe_before_patch; Snpc Reselect",,cutscene push/operator proof,Data\scripts\quests\man\man200.lua,outputs\quest-cutscene-push-matrix-atlas-20260630\recovered_cutscene_push_matrix.csv
quest_push_operator_rows,92,man200,110013,Fade to White,main_scenario,handwritten_event_driver,cutscene_missing_delegate,quest_cutscene,processSnpcReselect,man20140,local_missing_recovered_delegate,!testcutscene man20140 delegate 2,,"callClientFunction(player, ""delegateEvent"", player, quest, ""processSnpcReselect"", <payload?>)",probe_command_required,medium,local route does not yet expose recovered method safely,"quest sequence before/after; owner actor/event name/type; recovered cutscene args=""man20140""; 2; L14_198; L15_199; L16_200; L17_201; L18_202; 1; L12_196; probe_before_patch; Snpc Reselect",,cutscene push/operator proof,Data\scripts\quests\man\man200.lua,outputs\quest-cutscene-push-matrix-atlas-20260630\recovered_cutscene_push_matrix.csv
quest_push_operator_rows,68,man200,110013,Fade to White,main_scenario,handwritten_event_driver,cutscene_existing_route_smoke,quest_cutscene,pE00,man20100,local_exact_method_delegate_hazard,!testcutscene man20100 delegate 1,,"callClientFunction(player, ""delegateEvent"", player, quest, ""pE00"", <payload?>)",log_before_change,medium,after-warp or mutation behavior must be logged before edits,"quest sequence before/after; owner actor/event name/type; recovered cutscene args=""man20100""; 1; A3_4; A4_5; A5_6; A6_7; A7_8; smoke_only_no_extra_mutation",,cutscene push/operator proof,Data\scripts\quests\man\man200.lua; 309:pE00,outputs\quest-cutscene-push-matrix-atlas-20260630\recovered_cutscene_push_matrix.csv
quest_push_operator_rows,68,man200,110013,Fade to White,main_scenario,handwritten_event_driver,cutscene_existing_route_smoke,quest_cutscene,pE050,man20150,local_exact_method_delegate_hazard,!testcutscene man20150 delegate 1,,"callClientFunction(player, ""delegateEvent"", player, quest, ""pE050"", <payload?>)",log_before_change,medium,after-warp or mutation behavior must be logged before edits,"quest sequence before/after; owner actor/event name/type; recovered cutscene args=""man20150""; 1; ""???""; A4_136; A5_137; A6_138; A7_139; smoke_only_no_extra_mutation; A2_134",,cutscene push/operator proof,Data\scripts\quests\man\man200.lua; 194:pE050; 412:pE050,outputs\quest-cutscene-push-matrix-atlas-20260630\recovered_cutscene_push_matrix.csv
quest_push_operator_rows,68,man200,110013,Fade to White,main_scenario,handwritten_event_driver,cutscene_existing_route_smoke,quest_cutscene,pE10,man20110,local_exact_method_delegate_hazard,!testcutscene man20110 delegate 1,,"callClientFunction(player, ""delegateEvent"", player, quest, ""pE10"", <payload?>)",log_before_change,medium,after-warp or mutation behavior must be logged before edits,"quest sequence before/after; owner actor/event name/type; recovered cutscene args=""man20110""; 1; A3_69; A4_70; A5_71; A6_72; A7_73; smoke_only_no_extra_mutation",,cutscene push/operator proof,Data\scripts\quests\man\man200.lua; 327:pE10,outputs\quest-cutscene-push-matrix-atlas-20260630\recovered_cutscene_push_matrix.csv
quest_push_operator_rows,68,man200,110013,Fade to White,main_scenario,handwritten_event_driver,cutscene_existing_route_smoke,quest_cutscene,pE25,man20130,local_exact_method_delegate_hazard,!testcutscene man20130 delegate 1,,"callClientFunction(player, ""delegateEvent"", player, quest, ""pE25"", <payload?>)",log_before_change,medium,after-warp or mutation behavior must be logged before edits,"quest sequence before/after; owner actor/event name/type; recovered cutscene args=""man20130""; 1; ""???""; A4_125; A5_126; A6_127; A7_128; smoke_only_no_extra_mutation; A2_123",,cutscene push/operator proof,Data\scripts\quests\man\man200.lua; 149:pE25,outputs\quest-cutscene-push-matrix-atlas-20260630\recovered_cutscene_push_matrix.csv
quest_push_operator_rows,42,man200,110013,Fade to White,main_scenario,handwritten_event_driver,cutscene_existing_route_smoke,quest_cutscene,pE055,man20155,local_exact_method_delegate,!testcutscene man20155 delegate 1,,"callClientFunction(player, ""delegateEvent"", player, quest, ""pE055"", <payload?>)",existing_route_smoke,low,natural event route already delegates recovered method,"quest sequence before/after; owner actor/event name/type; recovered cutscene args=""man20155""; 1; A3_143; A4_144; A5_145; A6_146; A7_147; smoke_only; A2_142",,cutscene push/operator proof,Data\scripts\quests\man\man200.lua; 205:pE055,outputs\quest-cutscene-push-matrix-atlas-20260630\recovered_cutscene_push_matrix.csv
quest_push_operator_rows,42,man200,110013,Fade to White,main_scenario,handwritten_event_driver,cutscene_existing_route_smoke,quest_cutscene,pE060,man20160,local_exact_method_delegate,!testcutscene man20160 delegate 1,,"callClientFunction(player, ""delegateEvent"", player, quest, ""pE060"", <payload?>)",existing_route_smoke,low,natural event route already delegates recovered method,"quest sequence before/after; owner actor/event name/type; recovered cutscene args=""man20160""; 1; A3_160; A4_161; A5_162; A6_163; A7_164; smoke_only",,cutscene push/operator proof,Data\scripts\quests\man\man200.lua; 182:pE060,outputs\quest-cutscene-push-matrix-atlas-20260630\recovered_cutscene_push_matrix.csv
quest_push_operator_rows,42,man200,110013,Fade to White,main_scenario,handwritten_event_driver,cutscene_existing_route_smoke,quest_cutscene,pE20,man20120,local_exact_method_delegate,!testcutscene man20120 delegate 1,,"callClientFunction(player, ""delegateEvent"", player, quest, ""pE20"", <payload?>)",existing_route_smoke,low,natural event route already delegates recovered method,"quest sequence before/after; owner actor/event name/type; recovered cutscene args=""man20120""; 1; A3_77; A4_78; A5_79; A6_80; A7_81; smoke_only",,cutscene push/operator proof,Data\scripts\quests\man\man200.lua; 142:pE20,outputs\quest-cutscene-push-matrix-atlas-20260630\recovered_cutscene_push_matrix.csv
quest_push_operator_rows,42,man200,110013,Fade to White,main_scenario,handwritten_event_driver,cutscene_existing_route_smoke,quest_cutscene,processSnpcSelect,man20140,local_exact_method_delegate,!testcutscene man20140 delegate 2,,"callClientFunction(player, ""delegateEvent"", player, quest, ""processSnpcSelect"", <payload?>)",existing_route_smoke,low,natural event route already delegates recovered method,"quest sequence before/after; owner actor/event name/type; recovered cutscene args=""man20140""; 2; L14_179; L15_180; L16_181; L17_182; L18_183; 1; L12_177; smoke_only; Snpc Select",,cutscene push/operator proof,Data\scripts\quests\man\man200.lua; 162:processSnpcSelect,outputs\quest-cutscene-push-matrix-atlas-20260630\recovered_cutscene_push_matrix.csv
quest_push_operator_rows,42,man200,110013,Fade to White,main_scenario,handwritten_event_driver,cutscene_existing_route_smoke,quest_cutscene,processSnpcSelect,man20140,local_exact_method_delegate,!testcutscene man20140 delegate 2,,"callClientFunction(player, ""delegateEvent"", player, quest, ""processSnpcSelect"", <payload?>)",existing_route_smoke,low,natural event route already delegates recovered method,"quest sequence before/after; owner actor/event name/type; recovered cutscene args=""man20140""; 2; L14_179; L15_180; L16_181; L17_182; L18_183; 1; L12_177; smoke_only; Snpc Select",,cutscene push/operator proof,Data\scripts\quests\man\man200.lua; 162:processSnpcSelect,outputs\quest-cutscene-push-matrix-atlas-20260630\recovered_cutscene_push_matrix.csv
quest_push_operator_rows,42,man200,110013,Fade to White,main_scenario,handwritten_event_driver,cutscene_existing_route_smoke,quest_cutscene,processSnpcSelect,man20140,local_exact_method_delegate,!testcutscene man20140 delegate 2,,"callClientFunction(player, ""delegateEvent"", player, quest, ""processSnpcSelect"", <payload?>)",existing_route_smoke,low,natural event route already delegates recovered method,"quest sequence before/after; owner actor/event name/type; recovered cutscene args=""man20140""; 2; L14_179; L15_180; L16_181; L17_182; L18_183; 1; L12_177; smoke_only; Snpc Select",,cutscene push/operator proof,Data\scripts\quests\man\man200.lua; 162:processSnpcSelect,outputs\quest-cutscene-push-matrix-atlas-20260630\recovered_cutscene_push_matrix.csv
quest_push_operator_rows,42,man200,110013,Fade to White,main_scenario,handwritten_event_driver,cutscene_existing_route_smoke,quest_cutscene,processSnpcSelect,man20140,local_exact_method_delegate,!testcutscene man20140 delegate 2,,"callClientFunction(player, ""delegateEvent"", player, quest, ""processSnpcSelect"", <payload?>)",existing_route_smoke,low,natural event route already delegates recovered method,"quest sequence before/after; owner actor/event name/type; recovered cutscene args=""man20140""; 2; L14_179; L15_180; L16_181; L17_182; L18_183; 1; L12_177; smoke_only; Snpc Select",,cutscene push/operator proof,Data\scripts\quests\man\man200.lua; 162:processSnpcSelect,outputs\quest-cutscene-push-matrix-atlas-20260630\recovered_cutscene_push_matrix.csv
quest_push_operator_rows,42,man200,110013,Fade to White,main_scenario,handwritten_event_driver,cutscene_existing_route_smoke,quest_cutscene,processSnpcSelect,man20140,local_exact_method_delegate,!testcutscene man20140 delegate 2,,"callClientFunction(player, ""delegateEvent"", player, quest, ""processSnpcSelect"", <payload?>)",existing_route_smoke,low,natural event route already delegates recovered method,"quest sequence before/after; owner actor/event name/type; recovered cutscene args=""man20140""; 2; L14_179; L15_180; L16_181; L17_182; L18_183; 1; L12_177; smoke_only; Snpc Select",,cutscene push/operator proof,Data\scripts\quests\man\man200.lua; 162:processSnpcSelect,outputs\quest-cutscene-push-matrix-atlas-20260630\recovered_cutscene_push_matrix.csv
quest_push_operator_rows,42,man200,110013,Fade to White,main_scenario,handwritten_event_driver,cutscene_existing_route_smoke,quest_cutscene,processSnpcSelect,man20140,local_exact_method_delegate,!testcutscene man20140 delegate 2,,"callClientFunction(player, ""delegateEvent"", player, quest, ""processSnpcSelect"", <payload?>)",existing_route_smoke,low,natural event route already delegates recovered method,"quest sequence before/after; owner actor/event name/type; recovered cutscene args=""man20140""; 2; L14_179; L15_180; L16_181; L17_182; L18_183; 1; L12_177; smoke_only; Snpc Select",,cutscene push/operator proof,Data\scripts\quests\man\man200.lua; 162:processSnpcSelect,outputs\quest-cutscene-push-matrix-atlas-20260630\recovered_cutscene_push_matrix.csv
quest_push_dependency_bundles,,man206,110014,Together We Stand,main_scenario,handwritten_event_driver,cutscene_missing_delegate=6; cutscene_existing_route_smoke=5,quest_bundle,110014,,,,,,,medium,,,cutscene owner/payload probe,cutscene push/operator proof,,
quest_push_operator_rows,92,man206,110014,Together We Stand,main_scenario,handwritten_event_driver,cutscene_missing_delegate,quest_cutscene,pE13,man20603,local_missing_recovered_delegate,!testcutscene man20603 delegate 2,,"callClientFunction(player, ""delegateEvent"", player, quest, ""pE13"", player:GetSNpcNickname(), player:GetSNpcSkin(), player:GetSNpcPersonality(), player:GetSNpcCoordinate(), player:GetInitialTown())",payload_probe_only,high,SNPC tuple/payload still unknown,"SNPC5 = player:GetSNpcNickname(), player:GetSNpcSkin(), player:GetSNpcPersonality(), player:GetSNpcCoordinate(), player:GetInitialTown(); SNPC5; A4 converted through getSnpcActorClassID; branches on first cutscene return; probe SNPC tuple: player:GetSNpcNickname(); player:GetSNpcSkin(); player:GetSNpcPersonality(); player:GetSNpcCoordinate(); player:GetInitialTown(); probe/recover extra args before patch; extra arg count and value types; after-warp lifetime; quest sequence before/after; owner actor/event name/type; recovered cutscene args=""man20603""; 2; A3_103; A4_104; A5_105; A6_106; A7_107; probe_only_no_patch_until_payload_confirmed",,cutscene push/operator proof,Data\scripts\quests\man\man206.lua,outputs\quest-cutscene-push-matrix-atlas-20260630\recovered_cutscene_push_matrix.csv
quest_push_operator_rows,92,man206,110014,Together We Stand,main_scenario,handwritten_event_driver,cutscene_missing_delegate,quest_cutscene,pE13,man20603,local_missing_recovered_delegate,!testcutscene man20603 delegate 2,,"callClientFunction(player, ""delegateEvent"", player, quest, ""pE13"", player:GetSNpcNickname(), player:GetSNpcSkin(), player:GetSNpcPersonality(), player:GetSNpcCoordinate(), player:GetInitialTown())",payload_probe_only,high,SNPC tuple/payload still unknown,"SNPC5 = player:GetSNpcNickname(), player:GetSNpcSkin(), player:GetSNpcPersonality(), player:GetSNpcCoordinate(), player:GetInitialTown(); SNPC5; A4 converted through getSnpcActorClassID; branches on first cutscene return; probe SNPC tuple: player:GetSNpcNickname(); player:GetSNpcSkin(); player:GetSNpcPersonality(); player:GetSNpcCoordinate(); player:GetInitialTown(); probe/recover extra args before patch; extra arg count and value types; after-warp lifetime; quest sequence before/after; owner actor/event name/type; recovered cutscene args=""man20603""; 2; A3_103; A4_104; A5_105; A6_106; A7_107; probe_only_no_patch_until_payload_confirmed",,cutscene push/operator proof,Data\scripts\quests\man\man206.lua,outputs\quest-cutscene-push-matrix-atlas-20260630\recovered_cutscene_push_matrix.csv
quest_push_operator_rows,92,man206,110014,Together We Stand,main_scenario,handwritten_event_driver,cutscene_missing_delegate,quest_cutscene,pE13,man20603,local_missing_recovered_delegate,!testcutscene man20603 delegate 2,,"callClientFunction(player, ""delegateEvent"", player, quest, ""pE13"", player:GetSNpcNickname(), player:GetSNpcSkin(), player:GetSNpcPersonality(), player:GetSNpcCoordinate(), player:GetInitialTown())",payload_probe_only,high,SNPC tuple/payload still unknown,"SNPC5 = player:GetSNpcNickname(), player:GetSNpcSkin(), player:GetSNpcPersonality(), player:GetSNpcCoordinate(), player:GetInitialTown(); SNPC5; A4 converted through getSnpcActorClassID; branches on first cutscene return; probe SNPC tuple: player:GetSNpcNickname(); player:GetSNpcSkin(); player:GetSNpcPersonality(); player:GetSNpcCoordinate(); player:GetInitialTown(); probe/recover extra args before patch; extra arg count and value types; after-warp lifetime; quest sequence before/after; owner actor/event name/type; recovered cutscene args=""man20603""; 2; A3_103; A4_104; A5_105; A6_106; A7_107; probe_only_no_patch_until_payload_confirmed",,cutscene push/operator proof,Data\scripts\quests\man\man206.lua,outputs\quest-cutscene-push-matrix-atlas-20260630\recovered_cutscene_push_matrix.csv
quest_push_operator_rows,92,man206,110014,Together We Stand,main_scenario,handwritten_event_driver,cutscene_missing_delegate,quest_cutscene,pE20,man20620,local_missing_recovered_delegate,!testcutscene man20620 delegate 1,,"callClientFunction(player, ""delegateEvent"", player, quest, ""pE20"", player:GetSNpcNickname(), player:GetSNpcSkin(), player:GetSNpcPersonality(), player:GetSNpcCoordinate(), player:GetInitialTown())",payload_probe_only,high,SNPC tuple/payload still unknown,"SNPC5 = player:GetSNpcNickname(), player:GetSNpcSkin(), player:GetSNpcPersonality(), player:GetSNpcCoordinate(), player:GetInitialTown(); SNPC5; A4 converted through getSnpcActorClassID; default fade; probe SNPC tuple: player:GetSNpcNickname(); player:GetSNpcSkin(); player:GetSNpcPersonality(); player:GetSNpcCoordinate(); player:GetInitialTown(); probe/recover extra args before patch; extra arg count and value types; after-warp lifetime; quest sequence before/after; owner actor/event name/type; recovered cutscene args=""man20620""; 1; A3_123; A4_124; A5_125; A6_126; A7_127; probe_only_no_patch_until_payload_confirmed",,cutscene push/operator proof,Data\scripts\quests\man\man206.lua,outputs\quest-cutscene-push-matrix-atlas-20260630\recovered_cutscene_push_matrix.csv
quest_push_operator_rows,92,man206,110014,Together We Stand,main_scenario,handwritten_event_driver,cutscene_missing_delegate,quest_cutscene,pE30,man20630,local_missing_recovered_delegate,!testcutscene man20630 delegate 1,,"callClientFunction(player, ""delegateEvent"", player, quest, ""pE30"", player:GetSNpcNickname(), player:GetSNpcSkin(), player:GetSNpcPersonality(), player:GetSNpcCoordinate(), player:GetInitialTown())",payload_probe_only,high,SNPC tuple/payload still unknown,"SNPC5 = player:GetSNpcNickname(), player:GetSNpcSkin(), player:GetSNpcPersonality(), player:GetSNpcCoordinate(), player:GetInitialTown(); SNPC5; A4 converted through getSnpcActorClassID; after-warp fade; probe SNPC tuple: player:GetSNpcNickname(); player:GetSNpcSkin(); player:GetSNpcPersonality(); player:GetSNpcCoordinate(); player:GetInitialTown(); probe/recover extra args before patch; extra arg count and value types; after-warp lifetime; quest sequence before/after; owner actor/event name/type; recovered cutscene args=""man20630""; 1; A3_134; A4_135; A5_136; A6_137; A7_138; probe_only_no_patch_until_payload_confirmed",,cutscene push/operator proof,Data\scripts\quests\man\man206.lua,outputs\quest-cutscene-push-matrix-atlas-20260630\recovered_cutscene_push_matrix.csv
quest_push_operator_rows,92,man206,110014,Together We Stand,main_scenario,handwritten_event_driver,cutscene_missing_delegate,quest_cutscene,processEvent016,MAN20610,local_missing_recovered_delegate,!testcutscene MAN20610 delegate 1,,"callClientFunction(player, ""delegateEvent"", player, quest, ""processEvent016"", <payload?>)",probe_command_required,medium,local route does not yet expose recovered method safely,"quest sequence before/after; owner actor/event name/type; recovered cutscene args=""MAN20610""; 1; probe_before_patch",,cutscene push/operator proof,Data\scripts\quests\man\man206.lua,outputs\quest-cutscene-push-matrix-atlas-20260630\recovered_cutscene_push_matrix.csv
quest_push_operator_rows,68,man206,110014,Together We Stand,main_scenario,handwritten_event_driver,cutscene_existing_route_smoke,quest_cutscene,processEvent001,man20601,local_exact_method_delegate_hazard,!testcutscene man20601 delegate 2,,"callClientFunction(player, ""delegateEvent"", player, quest, ""processEvent001"", <payload?>)",log_before_change,medium,after-warp or mutation behavior must be logged before edits,"quest sequence before/after; owner actor/event name/type; recovered cutscene args=""man20601""; 2; smoke_only_no_extra_mutation",,cutscene push/operator proof,Data\scripts\quests\man\man206.lua; 245:processEvent001,outputs\quest-cutscene-push-matrix-atlas-20260630\recovered_cutscene_push_matrix.csv
quest_push_operator_rows,68,man206,110014,Together We Stand,main_scenario,handwritten_event_driver,cutscene_existing_route_smoke,quest_cutscene,processEvent001,man20601,local_exact_method_delegate_hazard,!testcutscene man20601 delegate 2,,"callClientFunction(player, ""delegateEvent"", player, quest, ""processEvent001"", <payload?>)",log_before_change,medium,after-warp or mutation behavior must be logged before edits,"quest sequence before/after; owner actor/event name/type; recovered cutscene args=""man20601""; 2; smoke_only_no_extra_mutation",,cutscene push/operator proof,Data\scripts\quests\man\man206.lua; 245:processEvent001,outputs\quest-cutscene-push-matrix-atlas-20260630\recovered_cutscene_push_matrix.csv
quest_push_operator_rows,68,man206,110014,Together We Stand,main_scenario,handwritten_event_driver,cutscene_existing_route_smoke,quest_cutscene,processEvent040,man20640,local_exact_method_delegate_hazard,!testcutscene man20640 delegate 1,,"callClientFunction(player, ""delegateEvent"", player, quest, ""processEvent040"", <payload?>)",log_before_change,medium,after-warp or mutation behavior must be logged before edits,"quest sequence before/after; owner actor/event name/type; recovered cutscene args=""man20640""; 1; smoke_only_no_extra_mutation",,cutscene push/operator proof,Data\scripts\quests\man\man206.lua; 287:processEvent040,outputs\quest-cutscene-push-matrix-atlas-20260630\recovered_cutscene_push_matrix.csv
quest_push_operator_rows,68,man206,110014,Together We Stand,main_scenario,handwritten_event_driver,cutscene_existing_route_smoke,quest_cutscene,processEventUdowntownrectStart,man20600,local_exact_method_delegate_hazard,!testcutscene man20600 delegate 1,,"callClientFunction(player, ""delegateEvent"", player, quest, ""processEventUdowntownrectStart"", <payload?>)",log_before_change,medium,after-warp or mutation behavior must be logged before edits,"quest sequence before/after; owner actor/event name/type; recovered cutscene args=""man20600""; 1; smoke_only_no_extra_mutation; Udowntownrect Start",,cutscene push/operator proof,Data\scripts\quests\man\man206.lua; 371:processEventUdowntownrectStart,outputs\quest-cutscene-push-matrix-atlas-20260630\recovered_cutscene_push_matrix.csv
quest_push_operator_rows,42,man206,110014,Together We Stand,main_scenario,handwritten_event_driver,cutscene_existing_route_smoke,quest_cutscene,pE12,man20602,local_exact_method_delegate,!testcutscene man20602 delegate 1,,"callClientFunction(player, ""delegateEvent"", player, quest, ""pE12"", <payload?>)",existing_route_smoke,low,natural event route already delegates recovered method,"quest sequence before/after; owner actor/event name/type; recovered cutscene args=""man20602""; 1; A3_77; A4_78; A5_79; A6_80; A7_81; smoke_only",,cutscene push/operator proof,Data\scripts\quests\man\man206.lua; 378:pE12,outputs\quest-cutscene-push-matrix-atlas-20260630\recovered_cutscene_push_matrix.csv
quest_push_dependency_bundles,,man2g0,110008,Beckon of the Elementals,main_scenario,handwritten_event_driver,cutscene_existing_route_smoke=12; cutscene_missing_delegate=1,quest_bundle,110008,,,,,,,medium,,,cutscene owner/payload probe,cutscene push/operator proof,,
quest_push_operator_rows,92,man2g0,110008,Beckon of the Elementals,main_scenario,handwritten_event_driver,cutscene_missing_delegate,quest_cutscene,processEvent010,man2g010,local_missing_recovered_delegate,!testcutscene man2g010 delegate 1,,"callClientFunction(player, ""delegateEvent"", player, quest, ""processEvent010"", <payload?>)",probe_command_required,medium,local route does not yet expose recovered method safely,"quest sequence before/after; owner actor/event name/type; recovered cutscene args=""man2g010""; 1; probe_before_patch",,cutscene push/operator proof,Data\scripts\quests\man\man2g0.lua,outputs\quest-cutscene-push-matrix-atlas-20260630\recovered_cutscene_push_matrix.csv
quest_push_operator_rows,68,man2g0,110008,Beckon of the Elementals,main_scenario,handwritten_event_driver,cutscene_existing_route_smoke,quest_cutscene,processEvent007,man1g900,local_exact_method_delegate_hazard,!testcutscene man1g900 delegate 1,,"callClientFunction(player, ""delegateEvent"", player, quest, ""processEvent007"", <payload?>)",log_before_change,medium,after-warp or mutation behavior must be logged before edits,"quest sequence before/after; owner actor/event name/type; recovered cutscene args=""man1g900""; 1; smoke_only_no_extra_mutation; A2_9",,cutscene push/operator proof,Data\scripts\quests\man\man2g0.lua; 365:processEvent007; 382:processEvent007; 392:processEvent007,outputs\quest-cutscene-push-matrix-atlas-20260630\recovered_cutscene_push_matrix.csv
quest_push_operator_rows,68,man2g0,110008,Beckon of the Elementals,main_scenario,handwritten_event_driver,cutscene_existing_route_smoke,quest_cutscene,processEvent007_2,man2g000,local_exact_method_delegate_hazard,!testcutscene man2g000 delegate 1,,"callClientFunction(player, ""delegateEvent"", player, quest, ""processEvent007_2"", <payload?>)",log_before_change,medium,after-warp or mutation behavior must be logged before edits,"quest sequence before/after; owner actor/event name/type; recovered cutscene args=""man2g000""; 1; smoke_only_no_extra_mutation; A2_12",,cutscene push/operator proof,Data\scripts\quests\man\man2g0.lua; 373:processEvent007_2; 396:processEvent007_2,outputs\quest-cutscene-push-matrix-atlas-20260630\recovered_cutscene_push_matrix.csv
quest_push_operator_rows,68,man2g0,110008,Beckon of the Elementals,main_scenario,handwritten_event_driver,cutscene_existing_route_smoke,quest_cutscene,processEvent030,man2g030,local_exact_method_delegate_hazard,!testcutscene man2g030 delegate 1,,"callClientFunction(player, ""delegateEvent"", player, quest, ""processEvent030"", <payload?>)",log_before_change,medium,after-warp or mutation behavior must be logged before edits,"quest sequence before/after; owner actor/event name/type; recovered cutscene args=""man2g030""; 1; smoke_only_no_extra_mutation; A2_36",,cutscene push/operator proof,Data\scripts\quests\man\man2g0.lua; 417:processEvent030; 444:processEvent030; 475:processEvent030,outputs\quest-cutscene-push-matrix-atlas-20260630\recovered_cutscene_push_matrix.csv
quest_push_operator_rows,68,man2g0,110008,Beckon of the Elementals,main_scenario,handwritten_event_driver,cutscene_existing_route_smoke,quest_cutscene,processEvent040,man2g040,local_exact_method_delegate_hazard,!testcutscene man2g040 delegate 1,,"callClientFunction(player, ""delegateEvent"", player, quest, ""processEvent040"", <payload?>)",log_before_change,medium,after-warp or mutation behavior must be logged before edits,"quest sequence before/after; owner actor/event name/type; recovered cutscene args=""man2g040""; 1; smoke_only_no_extra_mutation",,cutscene push/operator proof,Data\scripts\quests\man\man2g0.lua; 572:processEvent040,outputs\quest-cutscene-push-matrix-atlas-20260630\recovered_cutscene_push_matrix.csv
quest_push_operator_rows,68,man2g0,110008,Beckon of the Elementals,main_scenario,handwritten_event_driver,cutscene_existing_route_smoke,quest_cutscene,processEvent050,man2g050,local_exact_method_delegate_hazard,!testcutscene man2g050 delegate 1,,"callClientFunction(player, ""delegateEvent"", player, quest, ""processEvent050"", <payload?>)",log_before_change,medium,after-warp or mutation behavior must be logged before edits,"quest sequence before/after; owner actor/event name/type; recovered cutscene args=""man2g050""; 1; smoke_only_no_extra_mutation",,cutscene push/operator proof,Data\scripts\quests\man\man2g0.lua; 469:processEvent050,outputs\quest-cutscene-push-matrix-atlas-20260630\recovered_cutscene_push_matrix.csv
quest_push_operator_rows,68,man2g0,110008,Beckon of the Elementals,main_scenario,handwritten_event_driver,cutscene_existing_route_smoke,quest_cutscene,processEvent060,man2g060,local_exact_method_delegate_hazard,!testcutscene man2g060 delegate 1,,"callClientFunction(player, ""delegateEvent"", player, quest, ""processEvent060"", <payload?>)",log_before_change,medium,after-warp or mutation behavior must be logged before edits,"quest sequence before/after; owner actor/event name/type; recovered cutscene args=""man2g060""; 1; smoke_only_no_extra_mutation",,cutscene push/operator proof,Data\scripts\quests\man\man2g0.lua; 579:processEvent060; 586:processEvent060; 598:processEvent060; 605:processEvent060; 612:processEvent060,outputs\quest-cutscene-push-matrix-atlas-20260630\recovered_cutscene_push_matrix.csv
quest_push_operator_rows,68,man2g0,110008,Beckon of the Elementals,main_scenario,handwritten_event_driver,cutscene_existing_route_smoke,quest_cutscene,processEvent070,man2g070,local_exact_method_delegate_hazard,!testcutscene man2g070 delegate 1,,"callClientFunction(player, ""delegateEvent"", player, quest, ""processEvent070"", <payload?>)",log_before_change,medium,after-warp or mutation behavior must be logged before edits,"quest sequence before/after; owner actor/event name/type; recovered cutscene args=""man2g070""; 1; smoke_only_no_extra_mutation",,cutscene push/operator proof,Data\scripts\quests\man\man2g0.lua; 487:processEvent070,outputs\quest-cutscene-push-matrix-atlas-20260630\recovered_cutscene_push_matrix.csv
quest_push_operator_rows,68,man2g0,110008,Beckon of the Elementals,main_scenario,handwritten_event_driver,cutscene_existing_route_smoke,quest_cutscene,processEvent080,man2g080,local_exact_method_delegate_hazard,!testcutscene man2g080 delegate 1,,"callClientFunction(player, ""delegateEvent"", player, quest, ""processEvent080"", <payload?>)",log_before_change,medium,after-warp or mutation behavior must be logged before edits,"quest sequence before/after; owner actor/event name/type; recovered cutscene args=""man2g080""; 1; smoke_only_no_extra_mutation",,cutscene push/operator proof,Data\scripts\quests\man\man2g0.lua; 593:processEvent080,outputs\quest-cutscene-push-matrix-atlas-20260630\recovered_cutscene_push_matrix.csv
quest_push_operator_rows,68,man2g0,110008,Beckon of the Elementals,main_scenario,handwritten_event_driver,cutscene_existing_route_smoke,quest_cutscene,processEvent080,MAN2G090,local_exact_method_delegate_hazard,!testcutscene MAN2G090 delegate 1,,"callClientFunction(player, ""delegateEvent"", player, quest, ""processEvent080"", <payload?>)",log_before_change,medium,after-warp or mutation behavior must be logged before edits,"quest sequence before/after; owner actor/event name/type; recovered cutscene args=""MAN2G090""; 1; smoke_only_no_extra_mutation",,cutscene push/operator proof,Data\scripts\quests\man\man2g0.lua; 593:processEvent080,outputs\quest-cutscene-push-matrix-atlas-20260630\recovered_cutscene_push_matrix.csv
quest_push_operator_rows,68,man2g0,110008,Beckon of the Elementals,main_scenario,handwritten_event_driver,cutscene_existing_route_smoke,quest_cutscene,processEvent080,man2g095,local_exact_method_delegate_hazard,!testcutscene man2g095 delegate 1,,"callClientFunction(player, ""delegateEvent"", player, quest, ""processEvent080"", <payload?>)",log_before_change,medium,after-warp or mutation behavior must be logged before edits,"quest sequence before/after; owner actor/event name/type; recovered cutscene args=""man2g095""; 1; smoke_only_no_extra_mutation",,cutscene push/operator proof,Data\scripts\quests\man\man2g0.lua; 593:processEvent080,outputs\quest-cutscene-push-matrix-atlas-20260630\recovered_cutscene_push_matrix.csv
quest_push_operator_rows,68,man2g0,110008,Beckon of the Elementals,main_scenario,handwritten_event_driver,cutscene_existing_route_smoke,quest_cutscene,processEvent080,man2g100,local_exact_method_delegate_hazard,!testcutscene man2g100 delegate 1,,"callClientFunction(player, ""delegateEvent"", player, quest, ""processEvent080"", <payload?>)",log_before_change,medium,after-warp or mutation behavior must be logged before edits,"quest sequence before/after; owner actor/event name/type; recovered cutscene args=""man2g100""; 1; smoke_only_no_extra_mutation",,cutscene push/operator proof,Data\scripts\quests\man\man2g0.lua; 593:processEvent080,outputs\quest-cutscene-push-matrix-atlas-20260630\recovered_cutscene_push_matrix.csv
quest_push_operator_rows,42,man2g0,110008,Beckon of the Elementals,main_scenario,handwritten_event_driver,cutscene_existing_route_smoke,quest_cutscene,processEvent020,man2g020,local_exact_method_delegate,!testcutscene man2g020 delegate 1,,"callClientFunction(player, ""delegateEvent"", player, quest, ""processEvent020"", <payload?>)",existing_route_smoke,low,natural event route already delegates recovered method,"quest sequence before/after; owner actor/event name/type; recovered cutscene args=""man2g020""; 1; smoke_only",,cutscene push/operator proof,Data\scripts\quests\man\man2g0.lua; 407:processEvent020,outputs\quest-cutscene-push-matrix-atlas-20260630\recovered_cutscene_push_matrix.csv
quest_push_dependency_bundles,,man2l0,110004,Never the Twain Shall Meet,main_scenario,handwritten_event_driver,cutscene_missing_delegate=22; cutscene_existing_route_smoke=14,quest_bundle,110004,,,,,,,medium,,,cutscene owner/payload probe,cutscene push/operator proof,,
quest_push_operator_rows,92,man2l0,110004,Never the Twain Shall Meet,main_scenario,handwritten_event_driver,cutscene_missing_delegate,quest_cutscene,processEvent013,man2l013,local_missing_recovered_delegate,!testcutscene man2l013 delegate 1,,"callClientFunction(player, ""delegateEvent"", player, quest, ""processEvent013"", <payload?>)",probe_command_required,medium,local route does not yet expose recovered method safely,"quest sequence before/after; owner actor/event name/type; recovered cutscene args=""man2l013""; 1; probe_before_patch",,cutscene push/operator proof,Data\scripts\quests\man\man2l0.lua,outputs\quest-cutscene-push-matrix-atlas-20260630\recovered_cutscene_push_matrix.csv
quest_push_operator_rows,92,man2l0,110004,Never the Twain Shall Meet,main_scenario,handwritten_event_driver,cutscene_missing_delegate,quest_cutscene,processEventTalkMenuManCutPreview,man2l080,local_missing_recovered_delegate,!testcutscene man2l080 delegate 1,,"callClientFunction(player, ""delegateEvent"", player, quest, ""processEventTalkMenuManCutPreview"", <payload?>)",probe_command_required,medium,local route does not yet expose recovered method safely,"quest sequence before/after; owner actor/event name/type; recovered cutscene args=""man2l080""; 1; probe_before_patch; Talk Menu Man Cut Preview",,cutscene push/operator proof,Data\scripts\quests\man\man2l0.lua,outputs\quest-cutscene-push-matrix-atlas-20260630\recovered_cutscene_push_matrix.csv
quest_push_operator_rows,92,man2l0,110004,Never the Twain Shall Meet,main_scenario,handwritten_event_driver,cutscene_missing_delegate,quest_cutscene,processEventTalkMenuManCutPreview,man2l090,local_missing_recovered_delegate,!testcutscene man2l090 delegate 1,,"callClientFunction(player, ""delegateEvent"", player, quest, ""processEventTalkMenuManCutPreview"", <payload?>)",probe_command_required,medium,local route does not yet expose recovered method safely,"quest sequence before/after; owner actor/event name/type; recovered cutscene args=""man2l090""; 1; probe_before_patch; Talk Menu Man Cut Preview",,cutscene push/operator proof,Data\scripts\quests\man\man2l0.lua,outputs\quest-cutscene-push-matrix-atlas-20260630\recovered_cutscene_push_matrix.csv
quest_push_operator_rows,92,man2l0,110004,Never the Twain Shall Meet,main_scenario,handwritten_event_driver,cutscene_missing_delegate,quest_cutscene,processEventTalkMenuManCutPreview,man2l030,local_missing_recovered_delegate,!testcutscene man2l030 delegate 1,,"callClientFunction(player, ""delegateEvent"", player, quest, ""processEventTalkMenuManCutPreview"", <payload?>)",probe_command_required,medium,local route does not yet expose recovered method safely,"quest sequence before/after; owner actor/event name/type; recovered cutscene args=""man2l030""; 1; probe_before_patch; Talk Menu Man Cut Preview",,cutscene push/operator proof,Data\scripts\quests\man\man2l0.lua,outputs\quest-cutscene-push-matrix-atlas-20260630\recovered_cutscene_push_matrix.csv
quest_push_operator_rows,92,man2l0,110004,Never the Twain Shall Meet,main_scenario,handwritten_event_driver,cutscene_missing_delegate,quest_cutscene,processEventTalkMenuManCutPreview,man2l000,local_missing_recovered_delegate,!testcutscene man2l000 delegate 1,,"callClientFunction(player, ""delegateEvent"", player, quest, ""processEventTalkMenuManCutPreview"", <payload?>)",probe_command_required,medium,local route does not yet expose recovered method safely,"quest sequence before/after; owner actor/event name/type; recovered cutscene args=""man2l000""; 1; probe_before_patch; Talk Menu Man Cut Preview",,cutscene push/operator proof,Data\scripts\quests\man\man2l0.lua,outputs\quest-cutscene-push-matrix-atlas-20260630\recovered_cutscene_push_matrix.csv
quest_push_operator_rows,92,man2l0,110004,Never the Twain Shall Meet,main_scenario,handwritten_event_driver,cutscene_missing_delegate,quest_cutscene,processEventTalkMenuManCutPreview,man2l001,local_missing_recovered_delegate,!testcutscene man2l001 delegate 1,,"callClientFunction(player, ""delegateEvent"", player, quest, ""processEventTalkMenuManCutPreview"", <payload?>)",probe_command_required,medium,local route does not yet expose recovered method safely,"quest sequence before/after; owner actor/event name/type; recovered cutscene args=""man2l001""; 1; probe_before_patch; Talk Menu Man Cut Preview",,cutscene push/operator proof,Data\scripts\quests\man\man2l0.lua,outputs\quest-cutscene-push-matrix-atlas-20260630\recovered_cutscene_push_matrix.csv
quest_push_operator_rows,92,man2l0,110004,Never the Twain Shall Meet,main_scenario,handwritten_event_driver,cutscene_missing_delegate,quest_cutscene,processEventTalkMenuManCutPreview,man2l002,local_missing_recovered_delegate,!testcutscene man2l002 delegate 1,,"callClientFunction(player, ""delegateEvent"", player, quest, ""processEventTalkMenuManCutPreview"", <payload?>)",probe_command_required,medium,local route does not yet expose recovered method safely,"quest sequence before/after; owner actor/event name/type; recovered cutscene args=""man2l002""; 1; probe_before_patch; Talk Menu Man Cut Preview",,cutscene push/operator proof,Data\scripts\quests\man\man2l0.lua,outputs\quest-cutscene-push-matrix-atlas-20260630\recovered_cutscene_push_matrix.csv
quest_push_operator_rows,92,man2l0,110004,Never the Twain Shall Meet,main_scenario,handwritten_event_driver,cutscene_missing_delegate,quest_cutscene,processEventTalkMenuManCutPreview,man2l010,local_missing_recovered_delegate,!testcutscene man2l010 delegate 1,,"callClientFunction(player, ""delegateEvent"", player, quest, ""processEventTalkMenuManCutPreview"", <payload?>)",probe_command_required,medium,local route does not yet expose recovered method safely,"quest sequence before/after; owner actor/event name/type; recovered cutscene args=""man2l010""; 1; probe_before_patch; Talk Menu Man Cut Preview",,cutscene push/operator proof,Data\scripts\quests\man\man2l0.lua,outputs\quest-cutscene-push-matrix-atlas-20260630\recovered_cutscene_push_matrix.csv
quest_push_operator_rows,92,man2l0,110004,Never the Twain Shall Meet,main_scenario,handwritten_event_driver,cutscene_missing_delegate,quest_cutscene,processEventTalkMenuManCutPreview,man2l011,local_missing_recovered_delegate,!testcutscene man2l011 delegate 1,,"callClientFunction(player, ""delegateEvent"", player, quest, ""processEventTalkMenuManCutPreview"", <payload?>)",probe_command_required,medium,local route does not yet expose recovered method safely,"quest sequence before/after; owner actor/event name/type; recovered cutscene args=""man2l011""; 1; probe_before_patch; Talk Menu Man Cut Preview",,cutscene push/operator proof,Data\scripts\quests\man\man2l0.lua,outputs\quest-cutscene-push-matrix-atlas-20260630\recovered_cutscene_push_matrix.csv
quest_push_operator_rows,92,man2l0,110004,Never the Twain Shall Meet,main_scenario,handwritten_event_driver,cutscene_missing_delegate,quest_cutscene,processEventTalkMenuManCutPreview,man2l012,local_missing_recovered_delegate,!testcutscene man2l012 delegate 1,,"callClientFunction(player, ""delegateEvent"", player, quest, ""processEventTalkMenuManCutPreview"", <payload?>)",probe_command_required,medium,local route does not yet expose recovered method safely,"quest sequence before/after; owner actor/event name/type; recovered cutscene args=""man2l012""; 1; probe_before_patch; Talk Menu Man Cut Preview",,cutscene push/operator proof,Data\scripts\quests\man\man2l0.lua,outputs\quest-cutscene-push-matrix-atlas-20260630\recovered_cutscene_push_matrix.csv
quest_push_operator_rows,92,man2l0,110004,Never the Twain Shall Meet,main_scenario,handwritten_event_driver,cutscene_missing_delegate,quest_cutscene,processEventTalkMenuManCutPreview,man2l013,local_missing_recovered_delegate,!testcutscene man2l013 delegate 1,,"callClientFunction(player, ""delegateEvent"", player, quest, ""processEventTalkMenuManCutPreview"", <payload?>)",probe_command_required,medium,local route does not yet expose recovered method safely,"quest sequence before/after; owner actor/event name/type; recovered cutscene args=""man2l013""; 1; probe_before_patch; Talk Menu Man Cut Preview",,cutscene push/operator proof,Data\scripts\quests\man\man2l0.lua,outputs\quest-cutscene-push-matrix-atlas-20260630\recovered_cutscene_push_matrix.csv
quest_push_operator_rows,92,man2l0,110004,Never the Twain Shall Meet,main_scenario,handwritten_event_driver,cutscene_missing_delegate,quest_cutscene,processEventTalkMenuManCutPreview,man2l020,local_missing_recovered_delegate,!testcutscene man2l020 delegate 1,,"callClientFunction(player, ""delegateEvent"", player, quest, ""processEventTalkMenuManCutPreview"", <payload?>)",probe_command_required,medium,local route does not yet expose recovered method safely,"quest sequence before/after; owner actor/event name/type; recovered cutscene args=""man2l020""; 1; probe_before_patch; Talk Menu Man Cut Preview",,cutscene push/operator proof,Data\scripts\quests\man\man2l0.lua,outputs\quest-cutscene-push-matrix-atlas-20260630\recovered_cutscene_push_matrix.csv
quest_push_operator_rows,92,man2l0,110004,Never the Twain Shall Meet,main_scenario,handwritten_event_driver,cutscene_missing_delegate,quest_cutscene,processEventTalkMenuManCutPreview,man2l030,local_missing_recovered_delegate,!testcutscene man2l030 delegate 1,,"callClientFunction(player, ""delegateEvent"", player, quest, ""processEventTalkMenuManCutPreview"", <payload?>)",probe_command_required,medium,local route does not yet expose recovered method safely,"quest sequence before/after; owner actor/event name/type; recovered cutscene args=""man2l030""; 1; probe_before_patch; Talk Menu Man Cut Preview",,cutscene push/operator proof,Data\scripts\quests\man\man2l0.lua,outputs\quest-cutscene-push-matrix-atlas-20260630\recovered_cutscene_push_matrix.csv
quest_push_operator_rows,92,man2l0,110004,Never the Twain Shall Meet,main_scenario,handwritten_event_driver,cutscene_missing_delegate,quest_cutscene,processEventTalkMenuManCutPreview,man2l040,local_missing_recovered_delegate,!testcutscene man2l040 delegate 1,,"callClientFunction(player, ""delegateEvent"", player, quest, ""processEventTalkMenuManCutPreview"", <payload?>)",probe_command_required,medium,local route does not yet expose recovered method safely,"quest sequence before/after; owner actor/event name/type; recovered cutscene args=""man2l040""; 1; probe_before_patch; Talk Menu Man Cut Preview",,cutscene push/operator proof,Data\scripts\quests\man\man2l0.lua,outputs\quest-cutscene-push-matrix-atlas-20260630\recovered_cutscene_push_matrix.csv
quest_push_operator_rows,92,man2l0,110004,Never the Twain Shall Meet,main_scenario,handwritten_event_driver,cutscene_missing_delegate,quest_cutscene,processEventTalkMenuManCutPreview,man2l060,local_missing_recovered_delegate,!testcutscene man2l060 delegate 1,,"callClientFunction(player, ""delegateEvent"", player, quest, ""processEventTalkMenuManCutPreview"", <payload?>)",probe_command_required,medium,local route does not yet expose recovered method safely,"quest sequence before/after; owner actor/event name/type; recovered cutscene args=""man2l060""; 1; probe_before_patch; Talk Menu Man Cut Preview",,cutscene push/operator proof,Data\scripts\quests\man\man2l0.lua,outputs\quest-cutscene-push-matrix-atlas-20260630\recovered_cutscene_push_matrix.csv
quest_push_operator_rows,92,man2l0,110004,Never the Twain Shall Meet,main_scenario,handwritten_event_driver,cutscene_missing_delegate,quest_cutscene,processEventTalkMenuManCutPreview,man2l070,local_missing_recovered_delegate,!testcutscene man2l070 delegate 1,,"callClientFunction(player, ""delegateEvent"", player, quest, ""processEventTalkMenuManCutPreview"", <payload?>)",probe_command_required,medium,local route does not yet expose recovered method safely,"quest sequence before/after; owner actor/event name/type; recovered cutscene args=""man2l070""; 1; probe_before_patch; Talk Menu Man Cut Preview",,cutscene push/operator proof,Data\scripts\quests\man\man2l0.lua,outputs\quest-cutscene-push-matrix-atlas-20260630\recovered_cutscene_push_matrix.csv
quest_push_operator_rows,92,man2l0,110004,Never the Twain Shall Meet,main_scenario,handwritten_event_driver,cutscene_missing_delegate,quest_cutscene,processEventTalkMenuManCutPreview,man2l075,local_missing_recovered_delegate,!testcutscene man2l075 delegate 1,,"callClientFunction(player, ""delegateEvent"", player, quest, ""processEventTalkMenuManCutPreview"", <payload?>)",probe_command_required,medium,local route does not yet expose recovered method safely,"quest sequence before/after; owner actor/event name/type; recovered cutscene args=""man2l075""; 1; probe_before_patch; Talk Menu Man Cut Preview",,cutscene push/operator proof,Data\scripts\quests\man\man2l0.lua,outputs\quest-cutscene-push-matrix-atlas-20260630\recovered_cutscene_push_matrix.csv
quest_push_operator_rows,92,man2l0,110004,Never the Twain Shall Meet,main_scenario,handwritten_event_driver,cutscene_missing_delegate,quest_cutscene,processEventTalkMenuManCutPreview,man2l080,local_missing_recovered_delegate,!testcutscene man2l080 delegate 1,,"callClientFunction(player, ""delegateEvent"", player, quest, ""processEventTalkMenuManCutPreview"", <payload?>)",probe_command_required,medium,local route does not yet expose recovered method safely,"quest sequence before/after; owner actor/event name/type; recovered cutscene args=""man2l080""; 1; probe_before_patch; Talk Menu Man Cut Preview",,cutscene push/operator proof,Data\scripts\quests\man\man2l0.lua,outputs\quest-cutscene-push-matrix-atlas-20260630\recovered_cutscene_push_matrix.csv
quest_push_operator_rows,92,man2l0,110004,Never the Twain Shall Meet,main_scenario,handwritten_event_driver,cutscene_missing_delegate,quest_cutscene,processEventTalkMenuManCutPreview,man2l081,local_missing_recovered_delegate,!testcutscene man2l081 delegate 1,,"callClientFunction(player, ""delegateEvent"", player, quest, ""processEventTalkMenuManCutPreview"", <payload?>)",probe_command_required,medium,local route does not yet expose recovered method safely,"quest sequence before/after; owner actor/event name/type; recovered cutscene args=""man2l081""; 1; probe_before_patch; Talk Menu Man Cut Preview",,cutscene push/operator proof,Data\scripts\quests\man\man2l0.lua,outputs\quest-cutscene-push-matrix-atlas-20260630\recovered_cutscene_push_matrix.csv
quest_push_operator_rows,92,man2l0,110004,Never the Twain Shall Meet,main_scenario,handwritten_event_driver,cutscene_missing_delegate,quest_cutscene,processEventTalkMenuManCutPreview,man2l090,local_missing_recovered_delegate,!testcutscene man2l090 delegate 1,,"callClientFunction(player, ""delegateEvent"", player, quest, ""processEventTalkMenuManCutPreview"", <payload?>)",probe_command_required,medium,local route does not yet expose recovered method safely,"quest sequence before/after; owner actor/event name/type; recovered cutscene args=""man2l090""; 1; probe_before_patch; Talk Menu Man Cut Preview",,cutscene push/operator proof,Data\scripts\quests\man\man2l0.lua,outputs\quest-cutscene-push-matrix-atlas-20260630\recovered_cutscene_push_matrix.csv
quest_push_operator_rows,92,man2l0,110004,Never the Twain Shall Meet,main_scenario,handwritten_event_driver,cutscene_missing_delegate,quest_cutscene,processEventTalkMenuManCutPreview,man2l100,local_missing_recovered_delegate,!testcutscene man2l100 delegate 1,,"callClientFunction(player, ""delegateEvent"", player, quest, ""processEventTalkMenuManCutPreview"", <payload?>)",probe_command_required,medium,local route does not yet expose recovered method safely,"quest sequence before/after; owner actor/event name/type; recovered cutscene args=""man2l100""; 1; probe_before_patch; Talk Menu Man Cut Preview",,cutscene push/operator proof,Data\scripts\quests\man\man2l0.lua,outputs\quest-cutscene-push-matrix-atlas-20260630\recovered_cutscene_push_matrix.csv
quest_push_operator_rows,92,man2l0,110004,Never the Twain Shall Meet,main_scenario,handwritten_event_driver,cutscene_missing_delegate,quest_cutscene,processEventTalkMenuManCutPreview,man2l110,local_missing_recovered_delegate,!testcutscene man2l110 delegate 1,,"callClientFunction(player, ""delegateEvent"", player, quest, ""processEventTalkMenuManCutPreview"", <payload?>)",probe_command_required,medium,local route does not yet expose recovered method safely,"quest sequence before/after; owner actor/event name/type; recovered cutscene args=""man2l110""; 1; probe_before_patch; Talk Menu Man Cut Preview",,cutscene push/operator proof,Data\scripts\quests\man\man2l0.lua,outputs\quest-cutscene-push-matrix-atlas-20260630\recovered_cutscene_push_matrix.csv
quest_push_operator_rows,68,man2l0,110004,Never the Twain Shall Meet,main_scenario,handwritten_event_driver,cutscene_existing_route_smoke,quest_cutscene,processEvent010,man2l010,local_exact_method_delegate_hazard,!testcutscene man2l010 delegate 1,,"callClientFunction(player, ""delegateEvent"", player, quest, ""processEvent010"", <payload?>)",log_before_change,medium,after-warp or mutation behavior must be logged before edits,"quest sequence before/after; owner actor/event name/type; recovered cutscene args=""man2l010""; 1; smoke_only_no_extra_mutation",,cutscene push/operator proof,Data\scripts\quests\man\man2l0.lua; 153:processEvent010,outputs\quest-cutscene-push-matrix-atlas-20260630\recovered_cutscene_push_matrix.csv
quest_push_operator_rows,68,man2l0,110004,Never the Twain Shall Meet,main_scenario,handwritten_event_driver,cutscene_existing_route_smoke,quest_cutscene,processEvent010,man2l011,local_exact_method_delegate_hazard,!testcutscene man2l011 delegate 1,,"callClientFunction(player, ""delegateEvent"", player, quest, ""processEvent010"", <payload?>)",log_before_change,medium,after-warp or mutation behavior must be logged before edits,"quest sequence before/after; owner actor/event name/type; recovered cutscene args=""man2l011""; 1; smoke_only_no_extra_mutation",,cutscene push/operator proof,Data\scripts\quests\man\man2l0.lua; 153:processEvent010,outputs\quest-cutscene-push-matrix-atlas-20260630\recovered_cutscene_push_matrix.csv
quest_push_operator_rows,68,man2l0,110004,Never the Twain Shall Meet,main_scenario,handwritten_event_driver,cutscene_existing_route_smoke,quest_cutscene,processEvent012,man2l012,local_exact_method_delegate_hazard,!testcutscene man2l012 delegate 1,,"callClientFunction(player, ""delegateEvent"", player, quest, ""processEvent012"", <payload?>)",log_before_change,medium,after-warp or mutation behavior must be logged before edits,"quest sequence before/after; owner actor/event name/type; recovered cutscene args=""man2l012""; 1; smoke_only_no_extra_mutation",,cutscene push/operator proof,Data\scripts\quests\man\man2l0.lua; 252:processEvent012,outputs\quest-cutscene-push-matrix-atlas-20260630\recovered_cutscene_push_matrix.csv
quest_push_operator_rows,68,man2l0,110004,Never the Twain Shall Meet,main_scenario,handwritten_event_driver,cutscene_existing_route_smoke,quest_cutscene,processEvent020,man2l020,local_exact_method_delegate_hazard,!testcutscene man2l020 delegate 1,,"callClientFunction(player, ""delegateEvent"", player, quest, ""processEvent020"", <payload?>)",log_before_change,medium,after-warp or mutation behavior must be logged before edits,"quest sequence before/after; owner actor/event name/type; recovered cutscene args=""man2l020""; 1; true; A3_37; smoke_only_no_extra_mutation",,cutscene push/operator proof,Data\scripts\quests\man\man2l0.lua; 271:processEvent020,outputs\quest-cutscene-push-matrix-atlas-20260630\recovered_cutscene_push_matrix.csv
quest_push_operator_rows,68,man2l0,110004,Never the Twain Shall Meet,main_scenario,handwritten_event_driver,cutscene_existing_route_smoke,quest_cutscene,processEvent020,MAN2L030,local_exact_method_delegate_hazard,!testcutscene MAN2L030 delegate 1,,"callClientFunction(player, ""delegateEvent"", player, quest, ""processEvent020"", <payload?>)",log_before_change,medium,after-warp or mutation behavior must be logged before edits,"quest sequence before/after; owner actor/event name/type; recovered cutscene args=""MAN2L030""; 1; smoke_only_no_extra_mutation",,cutscene push/operator proof,Data\scripts\quests\man\man2l0.lua; 271:processEvent020,outputs\quest-cutscene-push-matrix-atlas-20260630\recovered_cutscene_push_matrix.csv
quest_push_operator_rows,68,man2l0,110004,Never the Twain Shall Meet,main_scenario,handwritten_event_driver,cutscene_existing_route_smoke,quest_cutscene,processEvent020,man2l040,local_exact_method_delegate_hazard,!testcutscene man2l040 delegate 1,,"callClientFunction(player, ""delegateEvent"", player, quest, ""processEvent020"", <payload?>)",log_before_change,medium,after-warp or mutation behavior must be logged before edits,"quest sequence before/after; owner actor/event name/type; recovered cutscene args=""man2l040""; 1; smoke_only_no_extra_mutation",,cutscene push/operator proof,Data\scripts\quests\man\man2l0.lua; 271:processEvent020,outputs\quest-cutscene-push-matrix-atlas-20260630\recovered_cutscene_push_matrix.csv
quest_push_operator_rows,68,man2l0,110004,Never the Twain Shall Meet,main_scenario,handwritten_event_driver,cutscene_existing_route_smoke,quest_cutscene,processEvent081,man2l081,local_exact_method_delegate_hazard,!testcutscene man2l081 delegate 1,,"callClientFunction(player, ""delegateEvent"", player, quest, ""processEvent081"", <payload?>)",log_before_change,medium,after-warp or mutation behavior must be logged before edits,"quest sequence before/after; owner actor/event name/type; recovered cutscene args=""man2l081""; 1; smoke_only_no_extra_mutation",,cutscene push/operator proof,Data\scripts\quests\man\man2l0.lua; 296:processEvent081,outputs\quest-cutscene-push-matrix-atlas-20260630\recovered_cutscene_push_matrix.csv
quest_push_operator_rows,68,man2l0,110004,Never the Twain Shall Meet,main_scenario,handwritten_event_driver,cutscene_existing_route_smoke,quest_cutscene,processEvent081,MAN2L090,local_exact_method_delegate_hazard,!testcutscene MAN2L090 delegate 1,,"callClientFunction(player, ""delegateEvent"", player, quest, ""processEvent081"", <payload?>)",log_before_change,medium,after-warp or mutation behavior must be logged before edits,"quest sequence before/after; owner actor/event name/type; recovered cutscene args=""MAN2L090""; 1; smoke_only_no_extra_mutation",,cutscene push/operator proof,Data\scripts\quests\man\man2l0.lua; 296:processEvent081,outputs\quest-cutscene-push-matrix-atlas-20260630\recovered_cutscene_push_matrix.csv
quest_push_operator_rows,68,man2l0,110004,Never the Twain Shall Meet,main_scenario,handwritten_event_driver,cutscene_existing_route_smoke,quest_cutscene,processEvent081,man2l100,local_exact_method_delegate_hazard,!testcutscene man2l100 delegate 1,,"callClientFunction(player, ""delegateEvent"", player, quest, ""processEvent081"", <payload?>)",log_before_change,medium,after-warp or mutation behavior must be logged before edits,"quest sequence before/after; owner actor/event name/type; recovered cutscene args=""man2l100""; 1; smoke_only_no_extra_mutation",,cutscene push/operator proof,Data\scripts\quests\man\man2l0.lua; 296:processEvent081,outputs\quest-cutscene-push-matrix-atlas-20260630\recovered_cutscene_push_matrix.csv
quest_push_operator_rows,68,man2l0,110004,Never the Twain Shall Meet,main_scenario,handwritten_event_driver,cutscene_existing_route_smoke,quest_cutscene,processEvent081,man2l110,local_exact_method_delegate_hazard,!testcutscene man2l110 delegate 1,,"callClientFunction(player, ""delegateEvent"", player, quest, ""processEvent081"", <payload?>)",log_before_change,medium,after-warp or mutation behavior must be logged before edits,"quest sequence before/after; owner actor/event name/type; recovered cutscene args=""man2l110""; 1; smoke_only_no_extra_mutation",,cutscene push/operator proof,Data\scripts\quests\man\man2l0.lua; 296:processEvent081,outputs\quest-cutscene-push-matrix-atlas-20260630\recovered_cutscene_push_matrix.csv
quest_push_operator_rows,42,man2l0,110004,Never the Twain Shall Meet,main_scenario,handwritten_event_driver,cutscene_existing_route_smoke,quest_cutscene,processEvent060,man2l060,local_exact_method_delegate,!testcutscene man2l060 delegate 1,,"callClientFunction(player, ""delegateEvent"", player, quest, ""processEvent060"", <payload?>)",existing_route_smoke,low,natural event route already delegates recovered method,"quest sequence before/after; owner actor/event name/type; recovered cutscene args=""man2l060""; 1; smoke_only",,cutscene push/operator proof,Data\scripts\quests\man\man2l0.lua; 282:processEvent060,outputs\quest-cutscene-push-matrix-atlas-20260630\recovered_cutscene_push_matrix.csv
quest_push_operator_rows,42,man2l0,110004,Never the Twain Shall Meet,main_scenario,handwritten_event_driver,cutscene_existing_route_smoke,quest_cutscene,processEvent070,man2l070,local_exact_method_delegate,!testcutscene man2l070 delegate 1,,"callClientFunction(player, ""delegateEvent"", player, quest, ""processEvent070"", <payload?>)",existing_route_smoke,low,natural event route already delegates recovered method,"quest sequence before/after; owner actor/event name/type; recovered cutscene args=""man2l070""; 1; smoke_only",,cutscene push/operator proof,Data\scripts\quests\man\man2l0.lua; 288:processEvent070,outputs\quest-cutscene-push-matrix-atlas-20260630\recovered_cutscene_push_matrix.csv
quest_push_operator_rows,42,man2l0,110004,Never the Twain Shall Meet,main_scenario,handwritten_event_driver,cutscene_existing_route_smoke,quest_cutscene,processEvent075,man2l075,local_exact_method_delegate,!testcutscene man2l075 delegate 1,,"callClientFunction(player, ""delegateEvent"", player, quest, ""processEvent075"", <payload?>)",existing_route_smoke,low,natural event route already delegates recovered method,"quest sequence before/after; owner actor/event name/type; recovered cutscene args=""man2l075""; 1; smoke_only",,cutscene push/operator proof,Data\scripts\quests\man\man2l0.lua; 183:processEvent075,outputs\quest-cutscene-push-matrix-atlas-20260630\recovered_cutscene_push_matrix.csv
quest_push_operator_rows,42,man2l0,110004,Never the Twain Shall Meet,main_scenario,handwritten_event_driver,cutscene_existing_route_smoke,quest_cutscene,processEvent080,man2l080,local_exact_method_delegate,!testcutscene man2l080 delegate 1,,"callClientFunction(player, ""delegateEvent"", player, quest, ""processEvent080"", <payload?>)",existing_route_smoke,low,natural event route already delegates recovered method,"quest sequence before/after; owner actor/event name/type; recovered cutscene args=""man2l080""; 1; smoke_only",,cutscene push/operator proof,Data\scripts\quests\man\man2l0.lua; 291:processEvent080; 300:processEvent080,outputs\quest-cutscene-push-matrix-atlas-20260630\recovered_cutscene_push_matrix.csv
quest_push_dependency_bundles,,man2u0,110012,Calamity Cometh,main_scenario,handwritten_event_driver,cutscene_existing_route_smoke=10; cutscene_missing_delegate=3,quest_bundle,110012,,,,,,,medium,,,cutscene owner/payload probe,cutscene push/operator proof,,
quest_push_operator_rows,92,man2u0,110012,Calamity Cometh,main_scenario,handwritten_event_driver,cutscene_missing_delegate,quest_cutscene,processEvent005,man2u000,local_missing_recovered_delegate,!testcutscene man2u000 delegate 1,,"callClientFunction(player, ""delegateEvent"", player, quest, ""processEvent005"", <payload?>)",probe_command_required,medium,local route does not yet expose recovered method safely,"quest sequence before/after; owner actor/event name/type; recovered cutscene args=""man2u000""; 1; probe_before_patch",,cutscene push/operator proof,Data\scripts\quests\man\man2u0.lua,outputs\quest-cutscene-push-matrix-atlas-20260630\recovered_cutscene_push_matrix.csv
quest_push_operator_rows,92,man2u0,110012,Calamity Cometh,main_scenario,handwritten_event_driver,cutscene_missing_delegate,quest_cutscene,processEvent005,man2u010,local_missing_recovered_delegate,!testcutscene man2u010 delegate 1,,"callClientFunction(player, ""delegateEvent"", player, quest, ""processEvent005"", <payload?>)",probe_command_required,medium,local route does not yet expose recovered method safely,"quest sequence before/after; owner actor/event name/type; recovered cutscene args=""man2u010""; 1; probe_before_patch",,cutscene push/operator proof,Data\scripts\quests\man\man2u0.lua,outputs\quest-cutscene-push-matrix-atlas-20260630\recovered_cutscene_push_matrix.csv
quest_push_operator_rows,92,man2u0,110012,Calamity Cometh,main_scenario,handwritten_event_driver,cutscene_missing_delegate,quest_cutscene,processEvent005,MAN2U020,local_missing_recovered_delegate,!testcutscene MAN2U020 delegate 1,,"callClientFunction(player, ""delegateEvent"", player, quest, ""processEvent005"", <payload?>)",probe_command_required,medium,local route does not yet expose recovered method safely,"quest sequence before/after; owner actor/event name/type; recovered cutscene args=""MAN2U020""; 1; probe_before_patch",,cutscene push/operator proof,Data\scripts\quests\man\man2u0.lua,outputs\quest-cutscene-push-matrix-atlas-20260630\recovered_cutscene_push_matrix.csv
quest_push_operator_rows,68,man2u0,110012,Calamity Cometh,main_scenario,handwritten_event_driver,cutscene_existing_route_smoke,quest_cutscene,processEvent030,man2u030,local_exact_method_delegate_hazard,!testcutscene man2u030 delegate 1,,"callClientFunction(player, ""delegateEvent"", player, quest, ""processEvent030"", <payload?>)",log_before_change,medium,after-warp or mutation behavior must be logged before edits,"quest sequence before/after; owner actor/event name/type; recovered cutscene args=""man2u030""; 1; smoke_only_no_extra_mutation",,cutscene push/operator proof,Data\scripts\quests\man\man2u0.lua; 201:processEvent030,outputs\quest-cutscene-push-matrix-atlas-20260630\recovered_cutscene_push_matrix.csv
quest_push_operator_rows,68,man2u0,110012,Calamity Cometh,main_scenario,handwritten_event_driver,cutscene_existing_route_smoke,quest_cutscene,processEvent040,man2u040,local_exact_method_delegate_hazard,!testcutscene man2u040 delegate 1,,"callClientFunction(player, ""delegateEvent"", player, quest, ""processEvent040"", <payload?>)",log_before_change,medium,after-warp or mutation behavior must be logged before edits,"quest sequence before/after; owner actor/event name/type; recovered cutscene args=""man2u040""; 1; smoke_only_no_extra_mutation",,cutscene push/operator proof,Data\scripts\quests\man\man2u0.lua; 252:processEvent040; 267:processEvent040; 282:processEvent040,outputs\quest-cutscene-push-matrix-atlas-20260630\recovered_cutscene_push_matrix.csv
quest_push_operator_rows,68,man2u0,110012,Calamity Cometh,main_scenario,handwritten_event_driver,cutscene_existing_route_smoke,quest_cutscene,processEvent050,man2u050,local_exact_method_delegate_hazard,!testcutscene man2u050 delegate 1,,"callClientFunction(player, ""delegateEvent"", player, quest, ""processEvent050"", <payload?>)",log_before_change,medium,after-warp or mutation behavior must be logged before edits,"quest sequence before/after; owner actor/event name/type; recovered cutscene args=""man2u050""; 1; smoke_only_no_extra_mutation",,cutscene push/operator proof,Data\scripts\quests\man\man2u0.lua; 259:processEvent050,outputs\quest-cutscene-push-matrix-atlas-20260630\recovered_cutscene_push_matrix.csv
quest_push_operator_rows,68,man2u0,110012,Calamity Cometh,main_scenario,handwritten_event_driver,cutscene_existing_route_smoke,quest_cutscene,processEvent080,man2u080,local_exact_method_delegate_hazard,!testcutscene man2u080 delegate 1,,"callClientFunction(player, ""delegateEvent"", player, quest, ""processEvent080"", <payload?>)",log_before_change,medium,after-warp or mutation behavior must be logged before edits,"quest sequence before/after; owner actor/event name/type; recovered cutscene args=""man2u080""; 1; smoke_only_no_extra_mutation",,cutscene push/operator proof,Data\scripts\quests\man\man2u0.lua; 294:processEvent080; 300:processEvent080,outputs\quest-cutscene-push-matrix-atlas-20260630\recovered_cutscene_push_matrix.csv
quest_push_operator_rows,68,man2u0,110012,Calamity Cometh,main_scenario,handwritten_event_driver,cutscene_existing_route_smoke,quest_cutscene,processEvent085,man2u085,local_exact_method_delegate_hazard,!testcutscene man2u085 delegate 1,,"callClientFunction(player, ""delegateEvent"", player, quest, ""processEvent085"", <payload?>)",log_before_change,medium,after-warp or mutation behavior must be logged before edits,"quest sequence before/after; owner actor/event name/type; recovered cutscene args=""man2u085""; 1; smoke_only_no_extra_mutation",,cutscene push/operator proof,Data\scripts\quests\man\man2u0.lua; 303:processEvent085,outputs\quest-cutscene-push-matrix-atlas-20260630\recovered_cutscene_push_matrix.csv
quest_push_operator_rows,68,man2u0,110012,Calamity Cometh,main_scenario,handwritten_event_driver,cutscene_existing_route_smoke,quest_cutscene,processEvent085,MAN2U090,local_exact_method_delegate_hazard,!testcutscene MAN2U090 delegate 1,,"callClientFunction(player, ""delegateEvent"", player, quest, ""processEvent085"", <payload?>)",log_before_change,medium,after-warp or mutation behavior must be logged before edits,"quest sequence before/after; owner actor/event name/type; recovered cutscene args=""MAN2U090""; 1; smoke_only_no_extra_mutation",,cutscene push/operator proof,Data\scripts\quests\man\man2u0.lua; 303:processEvent085,outputs\quest-cutscene-push-matrix-atlas-20260630\recovered_cutscene_push_matrix.csv
quest_push_operator_rows,68,man2u0,110012,Calamity Cometh,main_scenario,handwritten_event_driver,cutscene_existing_route_smoke,quest_cutscene,processEvent085,man2u100,local_exact_method_delegate_hazard,!testcutscene man2u100 delegate 1,,"callClientFunction(player, ""delegateEvent"", player, quest, ""processEvent085"", <payload?>)",log_before_change,medium,after-warp or mutation behavior must be logged before edits,"quest sequence before/after; owner actor/event name/type; recovered cutscene args=""man2u100""; 1; smoke_only_no_extra_mutation",,cutscene push/operator proof,Data\scripts\quests\man\man2u0.lua; 303:processEvent085,outputs\quest-cutscene-push-matrix-atlas-20260630\recovered_cutscene_push_matrix.csv
quest_push_operator_rows,68,man2u0,110012,Calamity Cometh,main_scenario,handwritten_event_driver,cutscene_existing_route_smoke,quest_cutscene,processEvent085,man2u110,local_exact_method_delegate_hazard,!testcutscene man2u110 delegate 1,,"callClientFunction(player, ""delegateEvent"", player, quest, ""processEvent085"", <payload?>)",log_before_change,medium,after-warp or mutation behavior must be logged before edits,"quest sequence before/after; owner actor/event name/type; recovered cutscene args=""man2u110""; 1; smoke_only_no_extra_mutation",,cutscene push/operator proof,Data\scripts\quests\man\man2u0.lua; 303:processEvent085,outputs\quest-cutscene-push-matrix-atlas-20260630\recovered_cutscene_push_matrix.csv
quest_push_operator_rows,42,man2u0,110012,Calamity Cometh,main_scenario,handwritten_event_driver,cutscene_existing_route_smoke,quest_cutscene,processEvent060,man2u060,local_exact_method_delegate,!testcutscene man2u060 delegate 1,,"callClientFunction(player, ""delegateEvent"", player, quest, ""processEvent060"", <payload?>)",existing_route_smoke,low,natural event route already delegates recovered method,"quest sequence before/after; owner actor/event name/type; recovered cutscene args=""man2u060""; 1; smoke_only",,cutscene push/operator proof,Data\scripts\quests\man\man2u0.lua; 276:processEvent060,outputs\quest-cutscene-push-matrix-atlas-20260630\recovered_cutscene_push_matrix.csv
quest_push_operator_rows,42,man2u0,110012,Calamity Cometh,main_scenario,handwritten_event_driver,cutscene_existing_route_smoke,quest_cutscene,processEvent070,man2u070,local_exact_method_delegate,!testcutscene man2u070 delegate 1,,"callClientFunction(player, ""delegateEvent"", player, quest, ""processEvent070"", <payload?>)",existing_route_smoke,low,natural event route already delegates recovered method,"quest sequence before/after; owner actor/event name/type; recovered cutscene args=""man2u070""; 1; smoke_only",,cutscene push/operator proof,Data\scripts\quests\man\man2u0.lua; 289:processEvent070,outputs\quest-cutscene-push-matrix-atlas-20260630\recovered_cutscene_push_matrix.csv
quest_push_dependency_bundles,,man300,110015,Toll of the Warden,main_scenario,handwritten_event_driver,cutscene_alias_patch=4; cutscene_existing_route_smoke=3,quest_bundle,110015,,,,,,,medium,,,scene alias patch smoke,cutscene push/operator proof,,
quest_push_operator_rows,108,man300,110015,Toll of the Warden,main_scenario,handwritten_event_driver,cutscene_alias_patch,quest_cutscene,pE20,man30020,local_scene_key_alias_hazard,!testcutscene man30020 delegate 1,,"callClientFunction(player, ""delegateEvent"", player, quest, ""pE20"", player:GetSNpcNickname(), player:GetSNpcSkin(), player:GetSNpcPersonality(), player:GetSNpcCoordinate(), player:GetInitialTown())",patch_after_smoke,medium,scene-key alias can be replaced after owner/payload smoke,"SNPC5 = player:GetSNpcNickname(), player:GetSNpcSkin(), player:GetSNpcPersonality(), player:GetSNpcCoordinate(), player:GetInitialTown(); SNPC tuple required; probe/recover extra args before patch; extra arg count and value types; after-warp lifetime; quest sequence before/after; owner actor/event name/type; recovered cutscene args=""man30020""; 1; A3_74; A4_75; A5_76; A6_77; A7_78; probe_only_no_patch_until_payload_confirmed",,cutscene push/operator proof,Data\scripts\quests\man\man300.lua; 108:man30020; 115:man30020,outputs\quest-cutscene-push-matrix-atlas-20260630\recovered_cutscene_push_matrix.csv
quest_push_operator_rows,108,man300,110015,Toll of the Warden,main_scenario,handwritten_event_driver,cutscene_alias_patch,quest_cutscene,pE30,man30030,local_scene_key_alias_hazard,!testcutscene man30030 delegate 1,,"callClientFunction(player, ""delegateEvent"", player, quest, ""pE30"", SNPC5..., <fade_default_boolean?>)",patch_after_smoke,medium,scene-key alias can be replaced after owner/payload smoke,"SNPC5 = player:GetSNpcNickname(), player:GetSNpcSkin(), player:GetSNpcPersonality(), player:GetSNpcCoordinate(), player:GetInitialTown(); SNPC5 plus A8 boolean; A8=true uses default fade, else after-warp; SNPC tuple required; probe/recover extra args before patch; extra arg count and value types; after-warp lifetime; quest sequence before/after; owner actor/event name/type; recovered cutscene args=""man30030""; 1; A3_109; A4_110; A5_111; A6_112; A7_113; probe_only_no_patch_until_payload_confirmed",,cutscene push/operator proof,Data\scripts\quests\man\man300.lua; 121:man30030,outputs\quest-cutscene-push-matrix-atlas-20260630\recovered_cutscene_push_matrix.csv
quest_push_operator_rows,108,man300,110015,Toll of the Warden,main_scenario,handwritten_event_driver,cutscene_alias_patch,quest_cutscene,pE50,man30050,local_scene_key_alias_hazard,!testcutscene man30050 delegate 1,,"callClientFunction(player, ""delegateEvent"", player, quest, ""pE50"", SNPC5..., <extra_snpc_payload_6?>)",patch_after_smoke,medium,scene-key alias can be replaced after owner/payload smoke,"SNPC5 = player:GetSNpcNickname(), player:GetSNpcSkin(), player:GetSNpcPersonality(), player:GetSNpcCoordinate(), player:GetInitialTown(); SNPC5 plus A8 extra payload passed into startSnpcNQCutScene; SNPC tuple required; probe/recover extra args before patch; extra arg count and value types; after-warp lifetime; quest sequence before/after; owner actor/event name/type; recovered cutscene args=""man30050""; 1; A3_141; A4_142; A5_143; A6_144; A7_145; A8_146; probe_only_no_patch_until_payload_confirmed",,cutscene push/operator proof,Data\scripts\quests\man\man300.lua; 133:man30050,outputs\quest-cutscene-push-matrix-atlas-20260630\recovered_cutscene_push_matrix.csv
quest_push_operator_rows,108,man300,110015,Toll of the Warden,main_scenario,handwritten_event_driver,cutscene_alias_patch,quest_cutscene,pE60,man30060,local_scene_key_alias_hazard,!testcutscene man30060 delegate 1,,"callClientFunction(player, ""delegateEvent"", player, quest, ""pE60"", player:GetSNpcNickname(), player:GetSNpcSkin(), player:GetSNpcPersonality(), player:GetSNpcCoordinate(), player:GetInitialTown())",patch_after_smoke,medium,scene-key alias can be replaced after owner/payload smoke,"SNPC5 = player:GetSNpcNickname(), player:GetSNpcSkin(), player:GetSNpcPersonality(), player:GetSNpcCoordinate(), player:GetInitialTown(); SNPC tuple required; probe/recover extra args before patch; extra arg count and value types; after-warp lifetime; quest sequence before/after; owner actor/event name/type; recovered cutscene args=""man30060""; 1; A3_189; A4_190; A5_191; A6_192; A7_193; probe_only_no_patch_until_payload_confirmed",,cutscene push/operator proof,Data\scripts\quests\man\man300.lua; 139:man30060,outputs\quest-cutscene-push-matrix-atlas-20260630\recovered_cutscene_push_matrix.csv
quest_push_operator_rows,68,man300,110015,Toll of the Warden,main_scenario,handwritten_event_driver,cutscene_existing_route_smoke,quest_cutscene,processEvent000,man30000,local_exact_method_delegate_hazard,!testcutscene man30000 delegate 1,,"callClientFunction(player, ""delegateEvent"", player, quest, ""processEvent000"", <payload?>)",log_before_change,medium,after-warp or mutation behavior must be logged before edits,"quest sequence before/after; owner actor/event name/type; recovered cutscene args=""man30000""; 1; smoke_only_no_extra_mutation",,cutscene push/operator proof,Data\scripts\quests\man\man300.lua; 96:processEvent000,outputs\quest-cutscene-push-matrix-atlas-20260630\recovered_cutscene_push_matrix.csv
quest_push_operator_rows,68,man300,110015,Toll of the Warden,main_scenario,handwritten_event_driver,cutscene_existing_route_smoke,quest_cutscene,processEvent010,man30010,local_exact_method_delegate_hazard,!testcutscene man30010 delegate 1,,"callClientFunction(player, ""delegateEvent"", player, quest, ""processEvent010"", <payload?>)",log_before_change,medium,after-warp or mutation behavior must be logged before edits,"quest sequence before/after; owner actor/event name/type; recovered cutscene args=""man30010""; 1; smoke_only_no_extra_mutation",,cutscene push/operator proof,Data\scripts\quests\man\man300.lua; 101:processEvent010,outputs\quest-cutscene-push-matrix-atlas-20260630\recovered_cutscene_push_matrix.csv
quest_push_operator_rows,42,man300,110015,Toll of the Warden,main_scenario,handwritten_event_driver,cutscene_existing_route_smoke,quest_cutscene,pE40,man30040,local_exact_method_delegate,!testcutscene man30040 delegate 1,,"callClientFunction(player, ""delegateEvent"", player, quest, ""pE40"", <payload?>)",existing_route_smoke,low,natural event route already delegates recovered method,"quest sequence before/after; owner actor/event name/type; recovered cutscene args=""man30040""; 1; A3_124; A4_125; A5_126; A6_127; A7_128; smoke_only",,cutscene push/operator proof,Data\scripts\quests\man\man300.lua; 126:pE40,outputs\quest-cutscene-push-matrix-atlas-20260630\recovered_cutscene_push_matrix.csv
quest_push_dependency_bundles,,man304,110016,Forever Taken,main_scenario,scaffold,cutscene_scaffold_route_probe=4,quest_bundle,110016,,,,,,,high,,,no-mutation scaffold route probe,cutscene push/operator proof,,
quest_push_operator_rows,104,man304,110016,Forever Taken,main_scenario,scaffold,cutscene_scaffold_route_probe,quest_cutscene,pE10,man30410,scaffold_only_owner_recovered_probe_required,!testcutscene man30410 delegate 1,,"callClientFunction(player, ""delegateEvent"", player, quest, ""pE10"", player:GetSNpcNickname(), player:GetSNpcSkin(), player:GetSNpcPersonality(), player:GetSNpcCoordinate(), player:GetInitialTown())",no_mutation_probe_only,high,scaffold can accept/complete/reward directly,"SNPC5 = player:GetSNpcNickname(), player:GetSNpcSkin(), player:GetSNpcPersonality(), player:GetSNpcCoordinate(), player:GetInitialTown(); probe SNPC tuple: player:GetSNpcNickname(); player:GetSNpcSkin(); player:GetSNpcPersonality(); player:GetSNpcCoordinate(); player:GetInitialTown(); probe/recover extra args before patch; extra arg count and value types; after-warp lifetime; quest sequence before/after; owner actor/event name/type; recovered cutscene args=""man30410""; 1; A3_13; A4_14; A5_15; A6_16; A7_17; InitQuestScaffold wrapper: template can AcceptQuest, CompleteQuest, AddItem/AddGil/AddExp, and handle push actors directly; probe_only_no_patch_until_payload_confirmed; A2_12",,cutscene push/operator proof,Data\scripts\quests\man\man304.lua,outputs\quest-cutscene-push-matrix-atlas-20260630\recovered_cutscene_push_matrix.csv
quest_push_operator_rows,104,man304,110016,Forever Taken,main_scenario,scaffold,cutscene_scaffold_route_probe,quest_cutscene,pE20,man30420,scaffold_only_owner_recovered_probe_required,!testcutscene man30420 delegate 1,,"callClientFunction(player, ""delegateEvent"", player, quest, ""pE20"", player:GetSNpcNickname(), player:GetSNpcSkin(), player:GetSNpcPersonality(), player:GetSNpcCoordinate(), player:GetInitialTown())",no_mutation_probe_only,high,scaffold can accept/complete/reward directly,"SNPC5 = player:GetSNpcNickname(), player:GetSNpcSkin(), player:GetSNpcPersonality(), player:GetSNpcCoordinate(), player:GetInitialTown(); probe SNPC tuple: player:GetSNpcNickname(); player:GetSNpcSkin(); player:GetSNpcPersonality(); player:GetSNpcCoordinate(); player:GetInitialTown(); probe/recover extra args before patch; extra arg count and value types; after-warp lifetime; quest sequence before/after; owner actor/event name/type; recovered cutscene args=""man30420""; 1; A3_21; A4_22; A5_23; A6_24; A7_25; InitQuestScaffold wrapper: template can AcceptQuest, CompleteQuest, AddItem/AddGil/AddExp, and handle push actors directly; probe_only_no_patch_until_payload_confirmed",,cutscene push/operator proof,Data\scripts\quests\man\man304.lua,outputs\quest-cutscene-push-matrix-atlas-20260630\recovered_cutscene_push_matrix.csv
quest_push_operator_rows,104,man304,110016,Forever Taken,main_scenario,scaffold,cutscene_scaffold_route_probe,quest_cutscene,pE30,man30430,scaffold_only_owner_recovered_probe_required,!testcutscene man30430 delegate 1,,"callClientFunction(player, ""delegateEvent"", player, quest, ""pE30"", player:GetSNpcNickname(), player:GetSNpcSkin(), player:GetSNpcPersonality(), player:GetSNpcCoordinate(), player:GetInitialTown())",no_mutation_probe_only,high,scaffold can accept/complete/reward directly,"SNPC5 = player:GetSNpcNickname(), player:GetSNpcSkin(), player:GetSNpcPersonality(), player:GetSNpcCoordinate(), player:GetInitialTown(); probe SNPC tuple: player:GetSNpcNickname(); player:GetSNpcSkin(); player:GetSNpcPersonality(); player:GetSNpcCoordinate(); player:GetInitialTown(); probe/recover extra args before patch; extra arg count and value types; after-warp lifetime; quest sequence before/after; owner actor/event name/type; recovered cutscene args=""man30430""; 1; A3_29; A4_30; A5_31; A6_32; A7_33; InitQuestScaffold wrapper: template can AcceptQuest, CompleteQuest, AddItem/AddGil/AddExp, and handle push actors directly; probe_only_no_patch_until_payload_confirmed; A2_28",,cutscene push/operator proof,Data\scripts\quests\man\man304.lua,outputs\quest-cutscene-push-matrix-atlas-20260630\recovered_cutscene_push_matrix.csv
quest_push_operator_rows,104,man304,110016,Forever Taken,main_scenario,scaffold,cutscene_scaffold_route_probe,quest_cutscene,pES,man30400,scaffold_only_owner_recovered_probe_required,!testcutscene man30400 delegate 2,,"callClientFunction(player, ""delegateEvent"", player, quest, ""pES"", player:GetSNpcNickname(), player:GetSNpcSkin(), player:GetSNpcPersonality(), player:GetSNpcCoordinate(), player:GetInitialTown())",no_mutation_probe_only,high,scaffold can accept/complete/reward directly,"SNPC5 = player:GetSNpcNickname(), player:GetSNpcSkin(), player:GetSNpcPersonality(), player:GetSNpcCoordinate(), player:GetInitialTown(); SNPC5 plus derived personality bucket and constants 5,10; probe SNPC tuple: player:GetSNpcNickname(); player:GetSNpcSkin(); player:GetSNpcPersonality(); player:GetSNpcCoordinate(); player:GetInitialTown(); probe/recover extra args before patch; extra arg count and value types; after-warp lifetime; quest sequence before/after; owner actor/event name/type; recovered cutscene args=""man30400""; 2; A3_4; A4_5; A5_6; A6_7; A7_8; L8_9; 5; 10; InitQuestScaffold wrapper: template can AcceptQuest, CompleteQuest, AddItem/AddGil/AddExp, and handle push actors directly; probe_only_no_patch_until_payload_confirmed; S",,cutscene push/operator proof,Data\scripts\quests\man\man304.lua,outputs\quest-cutscene-push-matrix-atlas-20260630\recovered_cutscene_push_matrix.csv
quest_push_dependency_bundles,,man308,110017,Lord Errant,main_scenario,scaffold,cutscene_scaffold_route_probe=10,quest_bundle,110017,,,,,,,high,,,no-mutation scaffold route probe,cutscene push/operator proof,,
quest_push_operator_rows,104,man308,110017,Lord Errant,main_scenario,scaffold,cutscene_scaffold_route_probe,quest_cutscene,pE01,man30800,scaffold_only_owner_recovered_probe_required,!testcutscene man30800 delegate 1,,"callClientFunction(player, ""delegateEvent"", player, quest, ""pE01"", player:GetSNpcNickname(), player:GetSNpcSkin(), player:GetSNpcPersonality(), player:GetSNpcCoordinate(), player:GetInitialTown())",no_mutation_probe_only,high,scaffold can accept/complete/reward directly,"SNPC5 = player:GetSNpcNickname(), player:GetSNpcSkin(), player:GetSNpcPersonality(), player:GetSNpcCoordinate(), player:GetInitialTown(); probe SNPC tuple: player:GetSNpcNickname(); player:GetSNpcSkin(); player:GetSNpcPersonality(); player:GetSNpcCoordinate(); player:GetInitialTown(); probe/recover extra args before patch; extra arg count and value types; after-warp lifetime; quest sequence before/after; owner actor/event name/type; recovered cutscene args=""man30800""; 1; A3_20; A4_21; A5_22; A6_23; A7_24; InitQuestScaffold wrapper: template can AcceptQuest, CompleteQuest, AddItem/AddGil/AddExp, and handle push actors directly; probe_only_no_patch_until_payload_confirmed",,cutscene push/operator proof,Data\scripts\quests\man\man308.lua,outputs\quest-cutscene-push-matrix-atlas-20260630\recovered_cutscene_push_matrix.csv
quest_push_operator_rows,104,man308,110017,Lord Errant,main_scenario,scaffold,cutscene_scaffold_route_probe,quest_cutscene,pE10,man30810,scaffold_only_owner_recovered_probe_required,!testcutscene man30810 delegate 1,,"callClientFunction(player, ""delegateEvent"", player, quest, ""pE10"", SNPC5..., <fade_default_boolean?>)",no_mutation_probe_only,high,scaffold can accept/complete/reward directly,"SNPC5 = player:GetSNpcNickname(), player:GetSNpcSkin(), player:GetSNpcPersonality(), player:GetSNpcCoordinate(), player:GetInitialTown(); SNPC5 plus A8 boolean; A8=true default fade else after-warp; probe SNPC tuple: player:GetSNpcNickname(); player:GetSNpcSkin(); player:GetSNpcPersonality(); player:GetSNpcCoordinate(); player:GetInitialTown(); probe/recover extra args before patch; extra arg count and value types; after-warp lifetime; quest sequence before/after; owner actor/event name/type; recovered cutscene args=""man30810""; 1; A3_28; A4_29; A5_30; A6_31; A7_32; InitQuestScaffold wrapper: template can AcceptQuest, CompleteQuest, AddItem/AddGil/AddExp, and handle push actors directly; probe_only_no_patch_until_payload_confirmed",,cutscene push/operator proof,Data\scripts\quests\man\man308.lua,outputs\quest-cutscene-push-matrix-atlas-20260630\recovered_cutscene_push_matrix.csv
quest_push_operator_rows,104,man308,110017,Lord Errant,main_scenario,scaffold,cutscene_scaffold_route_probe,quest_cutscene,pE30,man30830,scaffold_only_owner_recovered_probe_required,!testcutscene man30830 delegate 1,,"callClientFunction(player, ""delegateEvent"", player, quest, ""pE30"", player:GetSNpcNickname(), player:GetSNpcSkin(), player:GetSNpcPersonality(), player:GetSNpcCoordinate(), player:GetInitialTown())",no_mutation_probe_only,high,scaffold can accept/complete/reward directly,"SNPC5 = player:GetSNpcNickname(), player:GetSNpcSkin(), player:GetSNpcPersonality(), player:GetSNpcCoordinate(), player:GetInitialTown(); probe SNPC tuple: player:GetSNpcNickname(); player:GetSNpcSkin(); player:GetSNpcPersonality(); player:GetSNpcCoordinate(); player:GetInitialTown(); probe/recover extra args before patch; extra arg count and value types; after-warp lifetime; quest sequence before/after; owner actor/event name/type; recovered cutscene args=""man30830""; 1; A3_51; A4_52; A5_53; A6_54; A7_55; InitQuestScaffold wrapper: template can AcceptQuest, CompleteQuest, AddItem/AddGil/AddExp, and handle push actors directly; probe_only_no_patch_until_payload_confirmed",,cutscene push/operator proof,Data\scripts\quests\man\man308.lua,outputs\quest-cutscene-push-matrix-atlas-20260630\recovered_cutscene_push_matrix.csv
quest_push_operator_rows,104,man308,110017,Lord Errant,main_scenario,scaffold,cutscene_scaffold_route_probe,quest_cutscene,pE50,man40640,scaffold_only_owner_recovered_probe_required,!testcutscene man40640 delegate 1,,"callClientFunction(player, ""delegateEvent"", player, quest, ""pE50"", SNPC5..., <fade_default_boolean?>)",no_mutation_probe_only,high,scaffold can accept/complete/reward directly,"SNPC5 = player:GetSNpcNickname(), player:GetSNpcSkin(), player:GetSNpcPersonality(), player:GetSNpcCoordinate(), player:GetInitialTown(); SNPC5 plus A8; plays HQ man40640 then NQ man30850; probe SNPC tuple: player:GetSNpcNickname(); player:GetSNpcSkin(); player:GetSNpcPersonality(); player:GetSNpcCoordinate(); player:GetInitialTown(); probe/recover extra args before patch; extra arg count and value types; after-warp lifetime; quest sequence before/after; owner actor/event name/type; recovered cutscene args=""man40640""; 1; A3_59; A4_60; A5_61; A6_62; A7_63; InitQuestScaffold wrapper: template can AcceptQuest, CompleteQuest, AddItem/AddGil/AddExp, and handle push actors directly; probe_only_no_patch_until_payload_confirmed",,cutscene push/operator proof,Data\scripts\quests\man\man308.lua,outputs\quest-cutscene-push-matrix-atlas-20260630\recovered_cutscene_push_matrix.csv
quest_push_operator_rows,104,man308,110017,Lord Errant,main_scenario,scaffold,cutscene_scaffold_route_probe,quest_cutscene,pE50,man30850,scaffold_only_owner_recovered_probe_required,!testcutscene man30850 delegate 1,,"callClientFunction(player, ""delegateEvent"", player, quest, ""pE50"", SNPC5..., <fade_default_boolean?>)",no_mutation_probe_only,high,scaffold can accept/complete/reward directly,"SNPC5 = player:GetSNpcNickname(), player:GetSNpcSkin(), player:GetSNpcPersonality(), player:GetSNpcCoordinate(), player:GetInitialTown(); SNPC5 plus A8; plays HQ man40640 then NQ man30850; probe SNPC tuple: player:GetSNpcNickname(); player:GetSNpcSkin(); player:GetSNpcPersonality(); player:GetSNpcCoordinate(); player:GetInitialTown(); probe/recover extra args before patch; extra arg count and value types; after-warp lifetime; quest sequence before/after; owner actor/event name/type; recovered cutscene args=""man30850""; 1; A3_59; A4_60; A5_61; A6_62; A7_63; InitQuestScaffold wrapper: template can AcceptQuest, CompleteQuest, AddItem/AddGil/AddExp, and handle push actors directly; probe_only_no_patch_until_payload_confirmed",,cutscene push/operator proof,Data\scripts\quests\man\man308.lua,outputs\quest-cutscene-push-matrix-atlas-20260630\recovered_cutscene_push_matrix.csv
quest_push_operator_rows,104,man308,110017,Lord Errant,main_scenario,scaffold,cutscene_scaffold_route_probe,quest_cutscene,pE60,man30860,scaffold_only_owner_recovered_probe_required,!testcutscene man30860 delegate 1,,"callClientFunction(player, ""delegateEvent"", player, quest, ""pE60"", player:GetSNpcNickname(), player:GetSNpcSkin(), player:GetSNpcPersonality(), player:GetSNpcCoordinate(), player:GetInitialTown())",no_mutation_probe_only,high,scaffold can accept/complete/reward directly,"SNPC5 = player:GetSNpcNickname(), player:GetSNpcSkin(), player:GetSNpcPersonality(), player:GetSNpcCoordinate(), player:GetInitialTown(); probe SNPC tuple: player:GetSNpcNickname(); player:GetSNpcSkin(); player:GetSNpcPersonality(); player:GetSNpcCoordinate(); player:GetInitialTown(); probe/recover extra args before patch; extra arg count and value types; after-warp lifetime; quest sequence before/after; owner actor/event name/type; recovered cutscene args=""man30860""; 1; A3_68; A4_69; A5_70; A6_71; A7_72; InitQuestScaffold wrapper: template can AcceptQuest, CompleteQuest, AddItem/AddGil/AddExp, and handle push actors directly; probe_only_no_patch_until_payload_confirmed",,cutscene push/operator proof,Data\scripts\quests\man\man308.lua,outputs\quest-cutscene-push-matrix-atlas-20260630\recovered_cutscene_push_matrix.csv
quest_push_operator_rows,104,man308,110017,Lord Errant,main_scenario,scaffold,cutscene_scaffold_route_probe,quest_cutscene,pE80,man30880,scaffold_only_owner_recovered_probe_required,!testcutscene man30880 delegate 1,,"callClientFunction(player, ""delegateEvent"", player, quest, ""pE80"", player:GetSNpcNickname(), player:GetSNpcSkin(), player:GetSNpcPersonality(), player:GetSNpcCoordinate(), player:GetInitialTown())",no_mutation_probe_only,high,scaffold can accept/complete/reward directly,"SNPC5 = player:GetSNpcNickname(), player:GetSNpcSkin(), player:GetSNpcPersonality(), player:GetSNpcCoordinate(), player:GetInitialTown(); probe SNPC tuple: player:GetSNpcNickname(); player:GetSNpcSkin(); player:GetSNpcPersonality(); player:GetSNpcCoordinate(); player:GetInitialTown(); probe/recover extra args before patch; extra arg count and value types; after-warp lifetime; quest sequence before/after; owner actor/event name/type; recovered cutscene args=""man30880""; 1; A3_76; A4_77; A5_78; A6_79; A7_80; InitQuestScaffold wrapper: template can AcceptQuest, CompleteQuest, AddItem/AddGil/AddExp, and handle push actors directly; probe_only_no_patch_until_payload_confirmed",,cutscene push/operator proof,Data\scripts\quests\man\man308.lua,outputs\quest-cutscene-push-matrix-atlas-20260630\recovered_cutscene_push_matrix.csv
quest_push_operator_rows,104,man308,110017,Lord Errant,main_scenario,scaffold,cutscene_scaffold_route_probe,quest_cutscene,pE80,man30890,scaffold_only_owner_recovered_probe_required,!testcutscene man30890 delegate 1,,"callClientFunction(player, ""delegateEvent"", player, quest, ""pE80"", player:GetSNpcNickname(), player:GetSNpcSkin(), player:GetSNpcPersonality(), player:GetSNpcCoordinate(), player:GetInitialTown())",no_mutation_probe_only,high,scaffold can accept/complete/reward directly,"SNPC5 = player:GetSNpcNickname(), player:GetSNpcSkin(), player:GetSNpcPersonality(), player:GetSNpcCoordinate(), player:GetInitialTown(); probe SNPC tuple: player:GetSNpcNickname(); player:GetSNpcSkin(); player:GetSNpcPersonality(); player:GetSNpcCoordinate(); player:GetInitialTown(); probe/recover extra args before patch; extra arg count and value types; after-warp lifetime; quest sequence before/after; owner actor/event name/type; recovered cutscene args=""man30890""; 1; A3_76; A4_77; A5_78; A6_79; A7_80; InitQuestScaffold wrapper: template can AcceptQuest, CompleteQuest, AddItem/AddGil/AddExp, and handle push actors directly; probe_only_no_patch_until_payload_confirmed",,cutscene push/operator proof,Data\scripts\quests\man\man308.lua,outputs\quest-cutscene-push-matrix-atlas-20260630\recovered_cutscene_push_matrix.csv
quest_push_operator_rows,104,man308,110017,Lord Errant,main_scenario,scaffold,cutscene_scaffold_route_probe,quest_cutscene,pE90,man30900,scaffold_only_owner_recovered_probe_required,!testcutscene man30900 delegate 1,,"callClientFunction(player, ""delegateEvent"", player, quest, ""pE90"", player:GetSNpcNickname(), player:GetSNpcSkin(), player:GetSNpcPersonality(), player:GetSNpcCoordinate(), player:GetInitialTown())",no_mutation_probe_only,high,scaffold can accept/complete/reward directly,"SNPC5 = player:GetSNpcNickname(), player:GetSNpcSkin(), player:GetSNpcPersonality(), player:GetSNpcCoordinate(), player:GetInitialTown(); probe SNPC tuple: player:GetSNpcNickname(); player:GetSNpcSkin(); player:GetSNpcPersonality(); player:GetSNpcCoordinate(); player:GetInitialTown(); probe/recover extra args before patch; extra arg count and value types; after-warp lifetime; quest sequence before/after; owner actor/event name/type; recovered cutscene args=""man30900""; 1; A3_129; A4_130; A5_131; A6_132; A7_133; InitQuestScaffold wrapper: template can AcceptQuest, CompleteQuest, AddItem/AddGil/AddExp, and handle push actors directly; probe_only_no_patch_until_payload_confirmed",,cutscene push/operator proof,Data\scripts\quests\man\man308.lua,outputs\quest-cutscene-push-matrix-atlas-20260630\recovered_cutscene_push_matrix.csv
quest_push_operator_rows,104,man308,110017,Lord Errant,main_scenario,scaffold,cutscene_scaffold_route_probe,quest_cutscene,processEvent090,man30890,scaffold_only_owner_recovered_probe_required,!testcutscene man30890 delegate 1,,"callClientFunction(player, ""delegateEvent"", player, quest, ""processEvent090"", <payload?>)",no_mutation_probe_only,high,scaffold can accept/complete/reward directly,"quest sequence before/after; owner actor/event name/type; recovered cutscene args=""man30890""; 1; InitQuestScaffold wrapper: template can AcceptQuest, CompleteQuest, AddItem/AddGil/AddExp, and handle push actors directly; scene_log_only_no_accept_complete_reward_item_or_exp_mutation",,cutscene push/operator proof,Data\scripts\quests\man\man308.lua,outputs\quest-cutscene-push-matrix-atlas-20260630\recovered_cutscene_push_matrix.csv
quest_push_dependency_bundles,,man402,110018,Of Men They Sing,main_scenario,scaffold,cutscene_scaffold_route_probe=4,quest_bundle,110018,,,,,,,high,,,no-mutation scaffold route probe,cutscene push/operator proof,,
quest_push_operator_rows,104,man402,110018,Of Men They Sing,main_scenario,scaffold,cutscene_scaffold_route_probe,quest_cutscene,pE10,man40210,scaffold_only_owner_recovered_probe_required,!testcutscene man40210 delegate 1,,"callClientFunction(player, ""delegateEvent"", player, quest, ""pE10"", SNPC5..., <extra_payload_A8>)",no_mutation_probe_only,high,scaffold can accept/complete/reward directly,"SNPC5 = player:GetSNpcNickname(), player:GetSNpcSkin(), player:GetSNpcPersonality(), player:GetSNpcCoordinate(), player:GetInitialTown(); SNPC5 plus A8 passed twice into startSnpcNQCutScene; probe SNPC tuple: player:GetSNpcNickname(); player:GetSNpcSkin(); player:GetSNpcPersonality(); player:GetSNpcCoordinate(); player:GetInitialTown(); probe/recover extra args before patch; extra arg count and value types; after-warp lifetime; quest sequence before/after; owner actor/event name/type; recovered cutscene args=""man40210""; 1; A3_14; A4_15; A5_16; A6_17; A7_18; A8_19; InitQuestScaffold wrapper: template can AcceptQuest, CompleteQuest, AddItem/AddGil/AddExp, and handle push actors directly; probe_only_no_patch_until_payload_confirmed",,cutscene push/operator proof,Data\scripts\quests\man\man402.lua,outputs\quest-cutscene-push-matrix-atlas-20260630\recovered_cutscene_push_matrix.csv
quest_push_operator_rows,104,man402,110018,Of Men They Sing,main_scenario,scaffold,cutscene_scaffold_route_probe,quest_cutscene,pE20,man40220,scaffold_only_owner_recovered_probe_required,!testcutscene man40220 delegate 1,,"callClientFunction(player, ""delegateEvent"", player, quest, ""pE20"", player:GetSNpcNickname(), player:GetSNpcSkin(), player:GetSNpcPersonality(), player:GetSNpcCoordinate(), player:GetInitialTown())",no_mutation_probe_only,high,scaffold can accept/complete/reward directly,"SNPC5 = player:GetSNpcNickname(), player:GetSNpcSkin(), player:GetSNpcPersonality(), player:GetSNpcCoordinate(), player:GetInitialTown(); probe SNPC tuple: player:GetSNpcNickname(); player:GetSNpcSkin(); player:GetSNpcPersonality(); player:GetSNpcCoordinate(); player:GetInitialTown(); probe/recover extra args before patch; extra arg count and value types; after-warp lifetime; quest sequence before/after; owner actor/event name/type; recovered cutscene args=""man40220""; 1; A3_23; A4_24; A5_25; A6_26; A7_27; InitQuestScaffold wrapper: template can AcceptQuest, CompleteQuest, AddItem/AddGil/AddExp, and handle push actors directly; probe_only_no_patch_until_payload_confirmed",,cutscene push/operator proof,Data\scripts\quests\man\man402.lua,outputs\quest-cutscene-push-matrix-atlas-20260630\recovered_cutscene_push_matrix.csv
quest_push_operator_rows,104,man402,110018,Of Men They Sing,main_scenario,scaffold,cutscene_scaffold_route_probe,quest_cutscene,pE30,man40230,scaffold_only_owner_recovered_probe_required,!testcutscene man40230 delegate 1,,"callClientFunction(player, ""delegateEvent"", player, quest, ""pE30"", player:GetSNpcNickname(), player:GetSNpcSkin(), player:GetSNpcPersonality(), player:GetSNpcCoordinate(), player:GetInitialTown())",no_mutation_probe_only,high,scaffold can accept/complete/reward directly,"SNPC5 = player:GetSNpcNickname(), player:GetSNpcSkin(), player:GetSNpcPersonality(), player:GetSNpcCoordinate(), player:GetInitialTown(); probe SNPC tuple: player:GetSNpcNickname(); player:GetSNpcSkin(); player:GetSNpcPersonality(); player:GetSNpcCoordinate(); player:GetInitialTown(); probe/recover extra args before patch; extra arg count and value types; after-warp lifetime; quest sequence before/after; owner actor/event name/type; recovered cutscene args=""man40230""; 1; A3_31; A4_32; A5_33; A6_34; A7_35; InitQuestScaffold wrapper: template can AcceptQuest, CompleteQuest, AddItem/AddGil/AddExp, and handle push actors directly; probe_only_no_patch_until_payload_confirmed",,cutscene push/operator proof,Data\scripts\quests\man\man402.lua,outputs\quest-cutscene-push-matrix-atlas-20260630\recovered_cutscene_push_matrix.csv
quest_push_operator_rows,104,man402,110018,Of Men They Sing,main_scenario,scaffold,cutscene_scaffold_route_probe,quest_cutscene,pES,man40200,scaffold_only_owner_recovered_probe_required,!testcutscene man40200 delegate 2,,"callClientFunction(player, ""delegateEvent"", player, quest, ""pES"", player:GetSNpcNickname(), player:GetSNpcSkin(), player:GetSNpcPersonality(), player:GetSNpcCoordinate(), player:GetInitialTown())",no_mutation_probe_only,high,scaffold can accept/complete/reward directly,"SNPC5 = player:GetSNpcNickname(), player:GetSNpcSkin(), player:GetSNpcPersonality(), player:GetSNpcCoordinate(), player:GetInitialTown(); probe SNPC tuple: player:GetSNpcNickname(); player:GetSNpcSkin(); player:GetSNpcPersonality(); player:GetSNpcCoordinate(); player:GetInitialTown(); probe/recover extra args before patch; extra arg count and value types; after-warp lifetime; quest sequence before/after; owner actor/event name/type; recovered cutscene args=""man40200""; 2; A3_4; A4_5; A5_6; A6_7; A7_8; L9_10; InitQuestScaffold wrapper: template can AcceptQuest, CompleteQuest, AddItem/AddGil/AddExp, and handle push actors directly; probe_only_no_patch_until_payload_confirmed; S",,cutscene push/operator proof,Data\scripts\quests\man\man402.lua,outputs\quest-cutscene-push-matrix-atlas-20260630\recovered_cutscene_push_matrix.csv
quest_push_dependency_bundles,,man406,110019,Futures Perfect,main_scenario,scaffold,cutscene_scaffold_route_probe=11,quest_bundle,110019,,,,,,,high,,,no-mutation scaffold route probe,cutscene push/operator proof,,
quest_push_operator_rows,104,man406,110019,Futures Perfect,main_scenario,scaffold,cutscene_scaffold_route_probe,quest_cutscene,pE10,man40610,scaffold_only_owner_recovered_probe_required,!testcutscene man40610 delegate 1,,"callClientFunction(player, ""delegateEvent"", player, quest, ""pE10"", player:GetSNpcNickname(), player:GetSNpcSkin(), player:GetSNpcPersonality(), player:GetSNpcCoordinate(), player:GetInitialTown())",no_mutation_probe_only,high,scaffold can accept/complete/reward directly,"SNPC5 = player:GetSNpcNickname(), player:GetSNpcSkin(), player:GetSNpcPersonality(), player:GetSNpcCoordinate(), player:GetInitialTown(); probe SNPC tuple: player:GetSNpcNickname(); player:GetSNpcSkin(); player:GetSNpcPersonality(); player:GetSNpcCoordinate(); player:GetInitialTown(); probe/recover extra args before patch; extra arg count and value types; after-warp lifetime; quest sequence before/after; owner actor/event name/type; recovered cutscene args=""man40610""; 1; A3_41; A4_42; A5_43; A6_44; A7_45; InitQuestScaffold wrapper: template can AcceptQuest, CompleteQuest, AddItem/AddGil/AddExp, and handle push actors directly; probe_only_no_patch_until_payload_confirmed",,cutscene push/operator proof,Data\scripts\quests\man\man406.lua,outputs\quest-cutscene-push-matrix-atlas-20260630\recovered_cutscene_push_matrix.csv
quest_push_operator_rows,104,man406,110019,Futures Perfect,main_scenario,scaffold,cutscene_scaffold_route_probe,quest_cutscene,pE15,man40615,scaffold_only_owner_recovered_probe_required,!testcutscene man40615 delegate 1,,"callClientFunction(player, ""delegateEvent"", player, quest, ""pE15"", player:GetSNpcNickname(), player:GetSNpcSkin(), player:GetSNpcPersonality(), player:GetSNpcCoordinate(), player:GetInitialTown())",no_mutation_probe_only,high,scaffold can accept/complete/reward directly,"SNPC5 = player:GetSNpcNickname(), player:GetSNpcSkin(), player:GetSNpcPersonality(), player:GetSNpcCoordinate(), player:GetInitialTown(); probe SNPC tuple: player:GetSNpcNickname(); player:GetSNpcSkin(); player:GetSNpcPersonality(); player:GetSNpcCoordinate(); player:GetInitialTown(); probe/recover extra args before patch; extra arg count and value types; after-warp lifetime; quest sequence before/after; owner actor/event name/type; recovered cutscene args=""man40615""; 1; A3_76; A4_77; A5_78; A6_79; A7_80; InitQuestScaffold wrapper: template can AcceptQuest, CompleteQuest, AddItem/AddGil/AddExp, and handle push actors directly; probe_only_no_patch_until_payload_confirmed",,cutscene push/operator proof,Data\scripts\quests\man\man406.lua,outputs\quest-cutscene-push-matrix-atlas-20260630\recovered_cutscene_push_matrix.csv
quest_push_operator_rows,104,man406,110019,Futures Perfect,main_scenario,scaffold,cutscene_scaffold_route_probe,quest_cutscene,pE30,man40630,scaffold_only_owner_recovered_probe_required,!testcutscene man40630 delegate 1,,"callClientFunction(player, ""delegateEvent"", player, quest, ""pE30"", player:GetSNpcNickname(), player:GetSNpcSkin(), player:GetSNpcPersonality(), player:GetSNpcCoordinate(), player:GetInitialTown())",no_mutation_probe_only,high,scaffold can accept/complete/reward directly,"SNPC5 = player:GetSNpcNickname(), player:GetSNpcSkin(), player:GetSNpcPersonality(), player:GetSNpcCoordinate(), player:GetInitialTown(); probe SNPC tuple: player:GetSNpcNickname(); player:GetSNpcSkin(); player:GetSNpcPersonality(); player:GetSNpcCoordinate(); player:GetInitialTown(); probe/recover extra args before patch; extra arg count and value types; after-warp lifetime; quest sequence before/after; owner actor/event name/type; recovered cutscene args=""man40630""; 1; A3_123; A4_124; A5_125; A6_126; A7_127; InitQuestScaffold wrapper: template can AcceptQuest, CompleteQuest, AddItem/AddGil/AddExp, and handle push actors directly; probe_only_no_patch_until_payload_confirmed",,cutscene push/operator proof,Data\scripts\quests\man\man406.lua,outputs\quest-cutscene-push-matrix-atlas-20260630\recovered_cutscene_push_matrix.csv
quest_push_operator_rows,104,man406,110019,Futures Perfect,main_scenario,scaffold,cutscene_scaffold_route_probe,quest_cutscene,pE30,man40635,scaffold_only_owner_recovered_probe_required,!testcutscene man40635 delegate 1,,"callClientFunction(player, ""delegateEvent"", player, quest, ""pE30"", player:GetSNpcNickname(), player:GetSNpcSkin(), player:GetSNpcPersonality(), player:GetSNpcCoordinate(), player:GetInitialTown())",no_mutation_probe_only,high,scaffold can accept/complete/reward directly,"SNPC5 = player:GetSNpcNickname(), player:GetSNpcSkin(), player:GetSNpcPersonality(), player:GetSNpcCoordinate(), player:GetInitialTown(); probe SNPC tuple: player:GetSNpcNickname(); player:GetSNpcSkin(); player:GetSNpcPersonality(); player:GetSNpcCoordinate(); player:GetInitialTown(); probe/recover extra args before patch; extra arg count and value types; after-warp lifetime; quest sequence before/after; owner actor/event name/type; recovered cutscene args=""man40635""; 1; A3_123; A4_124; A5_125; A6_126; A7_127; InitQuestScaffold wrapper: template can AcceptQuest, CompleteQuest, AddItem/AddGil/AddExp, and handle push actors directly; probe_only_no_patch_until_payload_confirmed",,cutscene push/operator proof,Data\scripts\quests\man\man406.lua,outputs\quest-cutscene-push-matrix-atlas-20260630\recovered_cutscene_push_matrix.csv
quest_push_operator_rows,104,man406,110019,Futures Perfect,main_scenario,scaffold,cutscene_scaffold_route_probe,quest_cutscene,pE30,man40645,scaffold_only_owner_recovered_probe_required,!testcutscene man40645 delegate 1,,"callClientFunction(player, ""delegateEvent"", player, quest, ""pE30"", player:GetSNpcNickname(), player:GetSNpcSkin(), player:GetSNpcPersonality(), player:GetSNpcCoordinate(), player:GetInitialTown())",no_mutation_probe_only,high,scaffold can accept/complete/reward directly,"SNPC5 = player:GetSNpcNickname(), player:GetSNpcSkin(), player:GetSNpcPersonality(), player:GetSNpcCoordinate(), player:GetInitialTown(); probe SNPC tuple: player:GetSNpcNickname(); player:GetSNpcSkin(); player:GetSNpcPersonality(); player:GetSNpcCoordinate(); player:GetInitialTown(); probe/recover extra args before patch; extra arg count and value types; after-warp lifetime; quest sequence before/after; owner actor/event name/type; recovered cutscene args=""man40645""; 1; InitQuestScaffold wrapper: template can AcceptQuest, CompleteQuest, AddItem/AddGil/AddExp, and handle push actors directly; probe_only_no_patch_until_payload_confirmed",,cutscene push/operator proof,Data\scripts\quests\man\man406.lua,outputs\quest-cutscene-push-matrix-atlas-20260630\recovered_cutscene_push_matrix.csv
quest_push_operator_rows,104,man406,110019,Futures Perfect,main_scenario,scaffold,cutscene_scaffold_route_probe,quest_cutscene,pE50,man40650,scaffold_only_owner_recovered_probe_required,!testcutscene man40650 delegate 1,,"callClientFunction(player, ""delegateEvent"", player, quest, ""pE50"", player:GetSNpcNickname(), player:GetSNpcSkin(), player:GetSNpcPersonality(), player:GetSNpcCoordinate(), player:GetInitialTown())",no_mutation_probe_only,high,scaffold can accept/complete/reward directly,"SNPC5 = player:GetSNpcNickname(), player:GetSNpcSkin(), player:GetSNpcPersonality(), player:GetSNpcCoordinate(), player:GetInitialTown(); SNPC5; recovered duplicates A7 initialTown-like value; probe SNPC tuple: player:GetSNpcNickname(); player:GetSNpcSkin(); player:GetSNpcPersonality(); player:GetSNpcCoordinate(); player:GetInitialTown(); probe/recover extra args before patch; extra arg count and value types; after-warp lifetime; quest sequence before/after; owner actor/event name/type; recovered cutscene args=""man40650""; 1; A3_146; A4_147; A5_148; A6_149; A7_150; InitQuestScaffold wrapper: template can AcceptQuest, CompleteQuest, AddItem/AddGil/AddExp, and handle push actors directly; probe_only_no_patch_until_payload_confirmed",,cutscene push/operator proof,Data\scripts\quests\man\man406.lua,outputs\quest-cutscene-push-matrix-atlas-20260630\recovered_cutscene_push_matrix.csv
quest_push_operator_rows,104,man406,110019,Futures Perfect,main_scenario,scaffold,cutscene_scaffold_route_probe,quest_cutscene,pE60,man40660,scaffold_only_owner_recovered_probe_required,!testcutscene man40660 delegate 1,,"callClientFunction(player, ""delegateEvent"", player, quest, ""pE60"", player:GetSNpcNickname(), player:GetSNpcSkin(), player:GetSNpcPersonality(), player:GetSNpcCoordinate(), player:GetInitialTown())",no_mutation_probe_only,high,scaffold can accept/complete/reward directly,"SNPC5 = player:GetSNpcNickname(), player:GetSNpcSkin(), player:GetSNpcPersonality(), player:GetSNpcCoordinate(), player:GetInitialTown(); SNPC5; derives getSnpcSexualityToSkin(A5); probe SNPC tuple: player:GetSNpcNickname(); player:GetSNpcSkin(); player:GetSNpcPersonality(); player:GetSNpcCoordinate(); player:GetInitialTown(); probe/recover extra args before patch; extra arg count and value types; after-warp lifetime; quest sequence before/after; owner actor/event name/type; recovered cutscene args=""man40660""; 1; A3_162; A4_163; A5_164; A6_165; A7_166; L8_167; InitQuestScaffold wrapper: template can AcceptQuest, CompleteQuest, AddItem/AddGil/AddExp, and handle push actors directly; probe_only_no_patch_until_payload_confirmed",,cutscene push/operator proof,Data\scripts\quests\man\man406.lua,outputs\quest-cutscene-push-matrix-atlas-20260630\recovered_cutscene_push_matrix.csv
quest_push_operator_rows,104,man406,110019,Futures Perfect,main_scenario,scaffold,cutscene_scaffold_route_probe,quest_cutscene,pES,man40600,scaffold_only_owner_recovered_probe_required,!testcutscene man40600 delegate 2,,"callClientFunction(player, ""delegateEvent"", player, quest, ""pES"", player:GetSNpcNickname(), player:GetSNpcSkin(), player:GetSNpcPersonality(), player:GetSNpcCoordinate(), player:GetInitialTown())",no_mutation_probe_only,high,scaffold can accept/complete/reward directly,"SNPC5 = player:GetSNpcNickname(), player:GetSNpcSkin(), player:GetSNpcPersonality(), player:GetSNpcCoordinate(), player:GetInitialTown(); probe SNPC tuple: player:GetSNpcNickname(); player:GetSNpcSkin(); player:GetSNpcPersonality(); player:GetSNpcCoordinate(); player:GetInitialTown(); probe/recover extra args before patch; extra arg count and value types; after-warp lifetime; quest sequence before/after; owner actor/event name/type; recovered cutscene args=""man40600""; 2; A3_4; A4_5; A5_6; A6_7; A7_8; InitQuestScaffold wrapper: template can AcceptQuest, CompleteQuest, AddItem/AddGil/AddExp, and handle push actors directly; probe_only_no_patch_until_payload_confirmed; S",,cutscene push/operator proof,Data\scripts\quests\man\man406.lua,outputs\quest-cutscene-push-matrix-atlas-20260630\recovered_cutscene_push_matrix.csv
quest_push_operator_rows,104,man406,110019,Futures Perfect,main_scenario,scaffold,cutscene_scaffold_route_probe,quest_cutscene,pES,man40600,scaffold_only_owner_recovered_probe_required,!testcutscene man40600 delegate 2,,"callClientFunction(player, ""delegateEvent"", player, quest, ""pES"", player:GetSNpcNickname(), player:GetSNpcSkin(), player:GetSNpcPersonality(), player:GetSNpcCoordinate(), player:GetInitialTown())",no_mutation_probe_only,high,scaffold can accept/complete/reward directly,"SNPC5 = player:GetSNpcNickname(), player:GetSNpcSkin(), player:GetSNpcPersonality(), player:GetSNpcCoordinate(), player:GetInitialTown(); probe SNPC tuple: player:GetSNpcNickname(); player:GetSNpcSkin(); player:GetSNpcPersonality(); player:GetSNpcCoordinate(); player:GetInitialTown(); probe/recover extra args before patch; extra arg count and value types; after-warp lifetime; quest sequence before/after; owner actor/event name/type; recovered cutscene args=""man40600""; 2; A3_4; A4_5; A5_6; A6_7; A7_8; InitQuestScaffold wrapper: template can AcceptQuest, CompleteQuest, AddItem/AddGil/AddExp, and handle push actors directly; probe_only_no_patch_until_payload_confirmed; S",,cutscene push/operator proof,Data\scripts\quests\man\man406.lua,outputs\quest-cutscene-push-matrix-atlas-20260630\recovered_cutscene_push_matrix.csv
quest_push_operator_rows,104,man406,110019,Futures Perfect,main_scenario,scaffold,cutscene_scaffold_route_probe,quest_cutscene,processEvent020,man40620,scaffold_only_owner_recovered_probe_required,!testcutscene man40620 delegate 1,,"callClientFunction(player, ""delegateEvent"", player, quest, ""processEvent020"", <payload?>)",no_mutation_probe_only,high,scaffold can accept/complete/reward directly,"quest sequence before/after; owner actor/event name/type; recovered cutscene args=""man40620""; 1; InitQuestScaffold wrapper: template can AcceptQuest, CompleteQuest, AddItem/AddGil/AddExp, and handle push actors directly; scene_log_only_no_accept_complete_reward_item_or_exp_mutation",,cutscene push/operator proof,Data\scripts\quests\man\man406.lua,outputs\quest-cutscene-push-matrix-atlas-20260630\recovered_cutscene_push_matrix.csv
quest_push_operator_rows,104,man406,110019,Futures Perfect,main_scenario,scaffold,cutscene_scaffold_route_probe,quest_cutscene,processEvent025,MAN40625,scaffold_only_owner_recovered_probe_required,!testcutscene MAN40625 delegate 1,,"callClientFunction(player, ""delegateEvent"", player, quest, ""processEvent025"", <payload?>)",no_mutation_probe_only,high,scaffold can accept/complete/reward directly,"quest sequence before/after; owner actor/event name/type; recovered cutscene args=""MAN40625""; 1; InitQuestScaffold wrapper: template can AcceptQuest, CompleteQuest, AddItem/AddGil/AddExp, and handle push actors directly; scene_log_only_no_accept_complete_reward_item_or_exp_mutation",,cutscene push/operator proof,Data\scripts\quests\man\man406.lua,outputs\quest-cutscene-push-matrix-atlas-20260630\recovered_cutscene_push_matrix.csv
quest_push_dependency_bundles,,spl0i4,110802,Gone with the Snow,seasonal,handwritten_event_driver,cutscene_existing_route_smoke=1,quest_bundle,110802,,,,,,,medium,,,cutscene owner/payload probe,cutscene push/operator proof,,
quest_push_operator_rows,42,spl0i4,110802,Gone with the Snow,seasonal,handwritten_event_driver,cutscene_existing_route_smoke,quest_cutscene,processEventNQ,spl0i410,local_exact_method_delegate,!testcutscene spl0i410 delegate 1,,"callClientFunction(player, ""delegateEvent"", player, quest, ""processEventNQ"", <payload?>)",existing_route_smoke,low,natural event route already delegates recovered method,"quest sequence before/after; owner actor/event name/type; recovered cutscene args=""spl0i410""; 1; smoke_only",,cutscene push/operator proof,Data\scripts\quests\spl\spl0i4.lua; 71:processEventNQ,outputs\quest-cutscene-push-matrix-atlas-20260630\recovered_cutscene_push_matrix.csv
quest_push_dependency_bundles,,etc106,110868,A Relic Reborn,side_special_misc,handwritten_event_driver,cutscene_existing_route_smoke=1,quest_bundle,110868,,,,,,,medium,,,cutscene owner/payload probe,cutscene push/operator proof,,
quest_push_operator_rows,42,etc106,110868,A Relic Reborn,side_special_misc,handwritten_event_driver,cutscene_existing_route_smoke,quest_cutscene,processEvent100,wpn0f010,local_exact_method_delegate,!testcutscene wpn0f010 delegate 1,,"callClientFunction(player, ""delegateEvent"", player, quest, ""processEvent100"", <payload?>)",existing_route_smoke,low,natural event route already delegates recovered method,"quest sequence before/after; owner actor/event name/type; recovered cutscene args=""wpn0f010""; 1; A3_150; smoke_only; A2_149",,cutscene push/operator proof,Data\scripts\quests\etc\etc106.lua; 181:processEvent100,outputs\quest-cutscene-push-matrix-atlas-20260630\recovered_cutscene_push_matrix.csv
quest_push_dependency_bundles,,etc1u7,110682,Clasping to Hope,side_special_misc,handwritten_event_driver,,quest_bundle,110682,,,,!sqbprivate status <code>; !sqbprivate spawn <spawn-ready-code>; private mob materialization recipe,,,high,,,manual fight route recovery,high-risk push dependency review,,
quest_push_operator_rows,56,etc1u7,110682,Clasping to Hope,side_special_misc,handwritten_event_driver,fight_sqb_private,fight_sqb,,,log_only_until_callback_and_cutscene_ready,,!sqbprivate status <code>; !sqbprivate spawn <spawn-ready-code>; private mob materialization recipe,,recover_actor_first,high,recover callback actor id first,0; make materialization and callback identity concrete before trusting kill_route_present,,fight push/operator proof,,outputs\quest-sqb-adapter-atlas-20260630\sqb_adapter_rows.csv
quest_push_dependency_bundles,,etc1u8,110683,Traumaturgy,side_special_misc,handwritten_event_driver,,quest_bundle,110683,,,,!sqbprivate status <code>; !sqbprivate spawn <spawn-ready-code>; private mob materialization recipe,,,high,,,manual fight route recovery,high-risk push dependency review,,
quest_push_operator_rows,56,etc1u8,110683,Traumaturgy,side_special_misc,handwritten_event_driver,fight_sqb_private,fight_sqb,,,log_only_until_callback_and_cutscene_ready,,!sqbprivate status <code>; !sqbprivate spawn <spawn-ready-code>; private mob materialization recipe,,recover_actor_first,high,recover callback actor id first,0; make materialization and callback identity concrete before trusting kill_route_present,,fight push/operator proof,,outputs\quest-sqb-adapter-atlas-20260630\sqb_adapter_rows.csv
quest_push_dependency_bundles,,etc1u9,110684,Best Flower Ever,side_special_misc,handwritten_event_driver,,quest_bundle,110684,,,,!sqbprivate status <code>; !sqbprivate spawn <spawn-ready-code>; private mob materialization recipe,,,high,,,manual fight route recovery,high-risk push dependency review,,
quest_push_operator_rows,56,etc1u9,110684,Best Flower Ever,side_special_misc,handwritten_event_driver,fight_sqb_private,fight_sqb,,,log_only_until_callback_and_cutscene_ready,,!sqbprivate status <code>; !sqbprivate spawn <spawn-ready-code>; private mob materialization recipe,,recover_actor_first,high,recover callback actor id first,0; SEQ_001,,fight push/operator proof,,outputs\quest-sqb-adapter-atlas-20260630\sqb_adapter_rows.csv
quest_push_dependency_bundles,,etc2g3,110667,Hunting the Hunters,side_special_misc,handwritten_event_driver,,quest_bundle,110667,,,,!sqbprivate status <code>; !sqbprivate spawn <spawn-ready-code>; private mob materialization recipe,,,high,,,manual fight route recovery,high-risk push dependency review,,
quest_push_operator_rows,56,etc2g3,110667,Hunting the Hunters,side_special_misc,handwritten_event_driver,fight_sqb_private,fight_sqb,,,log_only_until_callback_and_cutscene_ready,,!sqbprivate status <code>; !sqbprivate spawn <spawn-ready-code>; private mob materialization recipe,,recover_actor_first,high,recover callback actor id first,0; make materialization and callback identity concrete before trusting kill_route_present,,fight push/operator proof,,outputs\quest-sqb-adapter-atlas-20260630\sqb_adapter_rows.csv
quest_push_dependency_bundles,,etc2g4,110668,To Deskunk A Beer,side_special_misc,handwritten_event_driver,,quest_bundle,110668,,,,!sqbprivate status <code>; !sqbprivate spawn <spawn-ready-code>; private mob materialization recipe,,,high,,,manual fight route recovery,high-risk push dependency review,,
quest_push_operator_rows,56,etc2g4,110668,To Deskunk A Beer,side_special_misc,handwritten_event_driver,fight_sqb_private,fight_sqb,,,log_only_until_callback_and_cutscene_ready,,!sqbprivate status <code>; !sqbprivate spawn <spawn-ready-code>; private mob materialization recipe,,recover_actor_first,high,recover callback actor id first,0; make materialization and callback identity concrete before trusting kill_route_present,,fight push/operator proof,,outputs\quest-sqb-adapter-atlas-20260630\sqb_adapter_rows.csv
quest_push_dependency_bundles,,etc2g5,110669,Losing One's Thread,side_special_misc,handwritten_event_driver,,quest_bundle,110669,,,,!sqbprivate status <code>; !sqbprivate spawn <spawn-ready-code>; private mob materialization recipe,,,high,,,manual fight route recovery,high-risk push dependency review,,
quest_push_operator_rows,56,etc2g5,110669,Losing One's Thread,side_special_misc,handwritten_event_driver,fight_sqb_private,fight_sqb,,,log_only_until_callback_and_cutscene_ready,,!sqbprivate status <code>; !sqbprivate spawn <spawn-ready-code>; private mob materialization recipe,,recover_actor_first,high,recover callback actor id first,0; make materialization and callback identity concrete before trusting kill_route_present,,fight push/operator proof,,outputs\quest-sqb-adapter-atlas-20260630\sqb_adapter_rows.csv
quest_push_dependency_bundles,,etc2i2,110708,Blood Price,side_special_misc,handwritten_event_driver,,quest_bundle,110708,,,,!sqbprivate status <code>; !sqbprivate spawn <spawn-ready-code>; private mob materialization recipe,,,high,,,manual fight route recovery,high-risk push dependency review,,
quest_push_operator_rows,56,etc2i2,110708,Blood Price,side_special_misc,handwritten_event_driver,fight_sqb_private,fight_sqb,,,log_only_until_callback_and_cutscene_ready,,!sqbprivate status <code>; !sqbprivate spawn <spawn-ready-code>; private mob materialization recipe,,recover_actor_first,high,recover callback actor id first,0; make materialization and callback identity concrete before trusting kill_route_present,,fight push/operator proof,,outputs\quest-sqb-adapter-atlas-20260630\sqb_adapter_rows.csv
quest_push_dependency_bundles,,etc2l1,110644,Moonstruck,side_special_misc,handwritten_event_driver,,quest_bundle,110644,,,,!sqbprivate status <code>; !sqbprivate spawn <spawn-ready-code>; private mob materialization recipe,,,high,,,manual fight route recovery,high-risk push dependency review,,
quest_push_operator_rows,56,etc2l1,110644,Moonstruck,side_special_misc,handwritten_event_driver,fight_sqb_private,fight_sqb,,,log_only_until_callback_and_cutscene_ready,,!sqbprivate status <code>; !sqbprivate spawn <spawn-ready-code>; private mob materialization recipe,,recover_actor_first,high,recover callback actor id first,0; make materialization and callback identity concrete before trusting kill_route_present,,fight push/operator proof,,outputs\quest-sqb-adapter-atlas-20260630\sqb_adapter_rows.csv
quest_push_dependency_bundles,,etc2u0,110685,The Unheard Horizon,side_special_misc,handwritten_event_driver,,quest_bundle,110685,,,,!sqbprivate status <code>; !sqbprivate spawn <spawn-ready-code>; private mob materialization recipe,,,high,,,manual fight route recovery,high-risk push dependency review,,
quest_push_operator_rows,56,etc2u0,110685,The Unheard Horizon,side_special_misc,handwritten_event_driver,fight_sqb_private,fight_sqb,,,log_only_until_callback_and_cutscene_ready,,!sqbprivate status <code>; !sqbprivate spawn <spawn-ready-code>; private mob materialization recipe,,recover_actor_first,high,recover callback actor id first,0; make materialization and callback identity concrete before trusting kill_route_present,,fight push/operator proof,,outputs\quest-sqb-adapter-atlas-20260630\sqb_adapter_rows.csv
quest_push_dependency_bundles,,etc2u5,110690,No Other Dodo Will Do,side_special_misc,handwritten_event_driver,,quest_bundle,110690,,,,!sqbprivate status <code>; !sqbprivate spawn <spawn-ready-code>; private mob materialization recipe,,,high,,,manual fight route recovery,high-risk push dependency review,,
quest_push_operator_rows,56,etc2u5,110690,No Other Dodo Will Do,side_special_misc,handwritten_event_driver,fight_sqb_private,fight_sqb,,,log_only_until_callback_and_cutscene_ready,,!sqbprivate status <code>; !sqbprivate spawn <spawn-ready-code>; private mob materialization recipe,,recover_actor_first,high,recover callback actor id first,0; make materialization and callback identity concrete before trusting kill_route_present,,fight push/operator proof,,outputs\quest-sqb-adapter-atlas-20260630\sqb_adapter_rows.csv
quest_push_dependency_bundles,,etc304,110869,Living on a Prayer,side_special_misc,handwritten_event_driver,cutscene_existing_route_smoke=6,quest_bundle,110869,,,,,,,medium,,,cutscene owner/payload probe,cutscene push/operator proof,,
quest_push_operator_rows,42,etc304,110869,Living on a Prayer,side_special_misc,handwritten_event_driver,cutscene_existing_route_smoke,quest_cutscene,processEventPray,gc010820,local_exact_method_delegate,!testcutscene gc010820 delegate 1,,"callClientFunction(player, ""delegateEvent"", player, quest, ""processEventPray"", <payload?>)",existing_route_smoke,low,natural event route already delegates recovered method,"quest sequence before/after; owner actor/event name/type; recovered cutscene args=""gc010820""; 1; 0; smoke_only; Pray",,cutscene push/operator proof,Data\scripts\quests\etc\etc304.lua; 171:processEventPray,outputs\quest-cutscene-push-matrix-atlas-20260630\recovered_cutscene_push_matrix.csv
quest_push_operator_rows,42,etc304,110869,Living on a Prayer,side_special_misc,handwritten_event_driver,cutscene_existing_route_smoke,quest_cutscene,processEventPray,gc010830,local_exact_method_delegate,!testcutscene gc010830 delegate 1,,"callClientFunction(player, ""delegateEvent"", player, quest, ""processEventPray"", <payload?>)",existing_route_smoke,low,natural event route already delegates recovered method,"quest sequence before/after; owner actor/event name/type; recovered cutscene args=""gc010830""; 1; 0; smoke_only; Pray",,cutscene push/operator proof,Data\scripts\quests\etc\etc304.lua; 171:processEventPray,outputs\quest-cutscene-push-matrix-atlas-20260630\recovered_cutscene_push_matrix.csv
quest_push_operator_rows,42,etc304,110869,Living on a Prayer,side_special_misc,handwritten_event_driver,cutscene_existing_route_smoke,quest_cutscene,processEventPray,gc010840,local_exact_method_delegate,!testcutscene gc010840 delegate 1,,"callClientFunction(player, ""delegateEvent"", player, quest, ""processEventPray"", <payload?>)",existing_route_smoke,low,natural event route already delegates recovered method,"quest sequence before/after; owner actor/event name/type; recovered cutscene args=""gc010840""; 1; 0; smoke_only; Pray",,cutscene push/operator proof,Data\scripts\quests\etc\etc304.lua; 171:processEventPray,outputs\quest-cutscene-push-matrix-atlas-20260630\recovered_cutscene_push_matrix.csv
quest_push_operator_rows,42,etc304,110869,Living on a Prayer,side_special_misc,handwritten_event_driver,cutscene_existing_route_smoke,quest_cutscene,processEventPray,gc010850,local_exact_method_delegate,!testcutscene gc010850 delegate 1,,"callClientFunction(player, ""delegateEvent"", player, quest, ""processEventPray"", <payload?>)",existing_route_smoke,low,natural event route already delegates recovered method,"quest sequence before/after; owner actor/event name/type; recovered cutscene args=""gc010850""; 1; 0; A6_23; smoke_only; Pray",,cutscene push/operator proof,Data\scripts\quests\etc\etc304.lua; 171:processEventPray,outputs\quest-cutscene-push-matrix-atlas-20260630\recovered_cutscene_push_matrix.csv
quest_push_operator_rows,42,etc304,110869,Living on a Prayer,side_special_misc,handwritten_event_driver,cutscene_existing_route_smoke,quest_cutscene,processEventPray,gc010860,local_exact_method_delegate,!testcutscene gc010860 delegate 1,,"callClientFunction(player, ""delegateEvent"", player, quest, ""processEventPray"", <payload?>)",existing_route_smoke,low,natural event route already delegates recovered method,"quest sequence before/after; owner actor/event name/type; recovered cutscene args=""gc010860""; 1; 0; smoke_only; Pray",,cutscene push/operator proof,Data\scripts\quests\etc\etc304.lua; 171:processEventPray,outputs\quest-cutscene-push-matrix-atlas-20260630\recovered_cutscene_push_matrix.csv
quest_push_operator_rows,42,etc304,110869,Living on a Prayer,side_special_misc,handwritten_event_driver,cutscene_existing_route_smoke,quest_cutscene,processEventStart,gc010810,local_exact_method_delegate,!testcutscene gc010810 delegate 2,,"callClientFunction(player, ""delegateEvent"", player, quest, ""processEventStart"", <payload?>)",existing_route_smoke,low,natural event route already delegates recovered method,"quest sequence before/after; owner actor/event name/type; recovered cutscene args=""gc010810""; 2; 0; A3_13; smoke_only",,cutscene push/operator proof,Data\scripts\quests\etc\etc304.lua; 139:processEventStart,outputs\quest-cutscene-push-matrix-atlas-20260630\recovered_cutscene_push_matrix.csv
quest_push_dependency_bundles,,etc3g1,110735,Scrubbing the Soul,side_special_misc,handwritten_event_driver,,quest_bundle,110735,,,,!sqbprivate status <code>; !sqbprivate spawn <spawn-ready-code>; private mob materialization recipe,,,high,,,manual fight route recovery,high-risk push dependency review,,
quest_push_operator_rows,56,etc3g1,110735,Scrubbing the Soul,side_special_misc,handwritten_event_driver,fight_sqb_private,fight_sqb,,,log_only_until_callback_and_cutscene_ready,,!sqbprivate status <code>; !sqbprivate spawn <spawn-ready-code>; private mob materialization recipe,,recover_actor_first,high,recover callback actor id first,0; make materialization and callback identity concrete before trusting kill_route_present,,fight push/operator proof,,outputs\quest-sqb-adapter-atlas-20260630\sqb_adapter_rows.csv
quest_push_dependency_bundles,,etc3g2,110736,Disorganized Crime,side_special_misc,handwritten_event_driver,cutscene_existing_route_smoke=1,quest_bundle,110736,,,,!sqbprivate status <code>; !sqbprivate spawn <spawn-ready-code>; private mob materialization recipe,,,high,,,cutscene owner/payload probe,cutscene push/operator proof,,
quest_push_operator_rows,68,etc3g2,110736,Disorganized Crime,side_special_misc,handwritten_event_driver,cutscene_existing_route_smoke,quest_cutscene,processEvent_020,etc3g210,local_exact_method_delegate_hazard,!testcutscene etc3g210 delegate 1,,"callClientFunction(player, ""delegateEvent"", player, quest, ""processEvent_020"", <payload?>)",log_before_change,medium,after-warp or mutation behavior must be logged before edits,"quest sequence before/after; owner actor/event name/type; recovered cutscene args=""etc3g210""; 1; smoke_only_no_extra_mutation",,cutscene push/operator proof,Data\scripts\quests\etc\etc3g2.lua; 106:processEvent_020,outputs\quest-cutscene-push-matrix-atlas-20260630\recovered_cutscene_push_matrix.csv
quest_push_operator_rows,56,etc3g2,110736,Disorganized Crime,side_special_misc,handwritten_event_driver,fight_sqb_private,fight_sqb,,,log_only_until_callback_and_cutscene_ready,,!sqbprivate status <code>; !sqbprivate spawn <spawn-ready-code>; private mob materialization recipe,,recover_actor_first,high,recover callback actor id first,0; 1; make materialization and callback identity concrete before trusting kill_route_present,,fight push/operator proof,,outputs\quest-sqb-adapter-atlas-20260630\sqb_adapter_rows.csv
quest_push_dependency_bundles,,etc3l1,110744,Winds of Change,side_special_misc,handwritten_event_driver,,quest_bundle,110744,,,,!sqbprivate status <code>; !sqbprivate spawn <spawn-ready-code>; private mob materialization recipe,,,high,,,manual fight route recovery,high-risk push dependency review,,
quest_push_operator_rows,56,etc3l1,110744,Winds of Change,side_special_misc,handwritten_event_driver,fight_sqb_private,fight_sqb,,,log_only_until_callback_and_cutscene_ready,,!sqbprivate status <code>; !sqbprivate spawn <spawn-ready-code>; private mob materialization recipe,,recover_actor_first,high,recover callback actor id first,0; make materialization and callback identity concrete before trusting kill_route_present,,fight push/operator proof,,outputs\quest-sqb-adapter-atlas-20260630\sqb_adapter_rows.csv
quest_push_dependency_bundles,,etc3l2,110745,Shot Through the Heart,side_special_misc,handwritten_event_driver,cutscene_existing_route_smoke=1,quest_bundle,110745,,,,!sqbprivate status <code>; !sqbprivate spawn <spawn-ready-code>; private mob materialization recipe,,,high,,,cutscene owner/payload probe,cutscene push/operator proof,,
quest_push_operator_rows,68,etc3l2,110745,Shot Through the Heart,side_special_misc,handwritten_event_driver,cutscene_existing_route_smoke,quest_cutscene,processEvent010_3,etc3l210,local_exact_method_delegate_hazard,!testcutscene etc3l210 delegate 1,,"callClientFunction(player, ""delegateEvent"", player, quest, ""processEvent010_3"", <payload?>)",log_before_change,medium,after-warp or mutation behavior must be logged before edits,"quest sequence before/after; owner actor/event name/type; recovered cutscene args=""etc3l210""; 1; smoke_only_no_extra_mutation",,cutscene push/operator proof,Data\scripts\quests\etc\etc3l2.lua; 99:processEvent010_3,outputs\quest-cutscene-push-matrix-atlas-20260630\recovered_cutscene_push_matrix.csv
quest_push_operator_rows,56,etc3l2,110745,Shot Through the Heart,side_special_misc,handwritten_event_driver,fight_sqb_private,fight_sqb,,,log_only_until_callback_and_cutscene_ready,,!sqbprivate status <code>; !sqbprivate spawn <spawn-ready-code>; private mob materialization recipe,,recover_actor_first,high,recover callback actor id first,0; 1; make materialization and callback identity concrete before trusting kill_route_present,,fight push/operator proof,,outputs\quest-sqb-adapter-atlas-20260630\sqb_adapter_rows.csv
quest_push_dependency_bundles,,etc3u1,110726,Quid Pro Quo,side_special_misc,handwritten_event_driver,,quest_bundle,110726,,,,!sqbprivate status <code>; !sqbprivate spawn <spawn-ready-code>; private mob materialization recipe,,,high,,,manual fight route recovery,high-risk push dependency review,,
quest_push_operator_rows,56,etc3u1,110726,Quid Pro Quo,side_special_misc,handwritten_event_driver,fight_sqb_private,fight_sqb,,,log_only_until_callback_and_cutscene_ready,,!sqbprivate status <code>; !sqbprivate spawn <spawn-ready-code>; private mob materialization recipe,,recover_actor_first,high,recover callback actor id first,0; make materialization and callback identity concrete before trusting kill_route_present,,fight push/operator proof,,outputs\quest-sqb-adapter-atlas-20260630\sqb_adapter_rows.csv
quest_push_dependency_bundles,,etc3u2,110727,There Might Be Blood,side_special_misc,handwritten_event_driver,cutscene_existing_route_smoke=1,quest_bundle,110727,,,,!sqbprivate status <code>; !sqbprivate spawn <spawn-ready-code>; private mob materialization recipe,,,high,,,cutscene owner/payload probe,cutscene push/operator proof,,
quest_push_operator_rows,56,etc3u2,110727,There Might Be Blood,side_special_misc,handwritten_event_driver,fight_sqb_private,fight_sqb,,,log_only_until_callback_and_cutscene_ready,,!sqbprivate status <code>; !sqbprivate spawn <spawn-ready-code>; private mob materialization recipe,,recover_actor_first,high,recover callback actor id first,0; make materialization and callback identity concrete before trusting kill_route_present,,fight push/operator proof,,outputs\quest-sqb-adapter-atlas-20260630\sqb_adapter_rows.csv
quest_push_operator_rows,42,etc3u2,110727,There Might Be Blood,side_special_misc,handwritten_event_driver,cutscene_existing_route_smoke,quest_cutscene,processEventNqetc3u2,etc3u210,local_exact_method_delegate,!testcutscene etc3u210 delegate 1,,"callClientFunction(player, ""delegateEvent"", player, quest, ""processEventNqetc3u2"", <payload?>)",existing_route_smoke,low,natural event route already delegates recovered method,"quest sequence before/after; owner actor/event name/type; recovered cutscene args=""etc3u210""; 1; smoke_only; Nqetc 3 u 2",,cutscene push/operator proof,Data\scripts\quests\etc\etc3u2.lua; 72:processEventNqetc3u2,outputs\quest-cutscene-push-matrix-atlas-20260630\recovered_cutscene_push_matrix.csv
quest_push_dependency_bundles,,etc5g0,110828,Waste Not Want Not,side_special_misc,handwritten_event_driver,cutscene_existing_route_smoke=1,quest_bundle,110828,,,,,,,medium,,,cutscene owner/payload probe,cutscene push/operator proof,,
quest_push_operator_rows,42,etc5g0,110828,Waste Not Want Not,side_special_misc,handwritten_event_driver,cutscene_existing_route_smoke,quest_cutscene,processEvent_020,etc5g010,local_exact_method_delegate,!testcutscene etc5g010 delegate 1,,"callClientFunction(player, ""delegateEvent"", player, quest, ""processEvent_020"", <payload?>)",existing_route_smoke,low,natural event route already delegates recovered method,"quest sequence before/after; owner actor/event name/type; recovered cutscene args=""etc5g010""; 1; smoke_only; A2_15",,cutscene push/operator proof,Data\scripts\quests\etc\etc5g0.lua; 76:processEvent_020,outputs\quest-cutscene-push-matrix-atlas-20260630\recovered_cutscene_push_matrix.csv
quest_push_dependency_bundles,,etc5l0,110838,The Ink Thief,side_special_misc,handwritten_event_driver,cutscene_existing_route_smoke=1,quest_bundle,110838,,,,,,,medium,,,cutscene owner/payload probe,cutscene push/operator proof,,
quest_push_operator_rows,42,etc5l0,110838,The Ink Thief,side_special_misc,handwritten_event_driver,cutscene_existing_route_smoke,quest_cutscene,processEvent_020,etc5l010,local_exact_method_delegate,!testcutscene etc5l010 delegate 1,,"callClientFunction(player, ""delegateEvent"", player, quest, ""processEvent_020"", <payload?>)",existing_route_smoke,low,natural event route already delegates recovered method,"quest sequence before/after; owner actor/event name/type; recovered cutscene args=""etc5l010""; 1; smoke_only; A2_15",,cutscene push/operator proof,Data\scripts\quests\etc\etc5l0.lua; 76:processEvent_020,outputs\quest-cutscene-push-matrix-atlas-20260630\recovered_cutscene_push_matrix.csv
quest_push_dependency_bundles,,etc5l1,110839,Private Eyes,side_special_misc,handwritten_event_driver,cutscene_existing_route_smoke=1,quest_bundle,110839,,,,,,,medium,,,cutscene owner/payload probe,cutscene push/operator proof,,
quest_push_operator_rows,42,etc5l1,110839,Private Eyes,side_special_misc,handwritten_event_driver,cutscene_existing_route_smoke,quest_cutscene,processEvent_020,etc5l120,local_exact_method_delegate,!testcutscene etc5l120 delegate 1,,"callClientFunction(player, ""delegateEvent"", player, quest, ""processEvent_020"", <payload?>)",existing_route_smoke,low,natural event route already delegates recovered method,"quest sequence before/after; owner actor/event name/type; recovered cutscene args=""etc5l120""; 1; true; A3_19; smoke_only",,cutscene push/operator proof,Data\scripts\quests\etc\etc5l1.lua; 124:processEvent_020,outputs\quest-cutscene-push-matrix-atlas-20260630\recovered_cutscene_push_matrix.csv
quest_push_dependency_bundles,,etc5l2,110840,Mysteries of the Red Moon,side_special_misc,handwritten_event_driver,cutscene_existing_route_smoke=1,quest_bundle,110840,,,,,,,medium,,,cutscene owner/payload probe,cutscene push/operator proof,,
quest_push_operator_rows,42,etc5l2,110840,Mysteries of the Red Moon,side_special_misc,handwritten_event_driver,cutscene_existing_route_smoke,quest_cutscene,processEvent005_NQ,etc5l210,local_exact_method_delegate,!testcutscene etc5l210 delegate 1,,"callClientFunction(player, ""delegateEvent"", player, quest, ""processEvent005_NQ"", <payload?>)",existing_route_smoke,low,natural event route already delegates recovered method,"quest sequence before/after; owner actor/event name/type; recovered cutscene args=""etc5l210""; 1; smoke_only",,cutscene push/operator proof,Data\scripts\quests\etc\etc5l2.lua; 107:processEvent005_NQ,outputs\quest-cutscene-push-matrix-atlas-20260630\recovered_cutscene_push_matrix.csv
quest_push_dependency_bundles,,etc5l3,110841,Prophecy Inspection,side_special_misc,handwritten_event_driver,cutscene_existing_route_smoke=2,quest_bundle,110841,,,,,,,medium,,,cutscene owner/payload probe,cutscene push/operator proof,,
quest_push_operator_rows,68,etc5l3,110841,Prophecy Inspection,side_special_misc,handwritten_event_driver,cutscene_existing_route_smoke,quest_cutscene,processEvent_005,etc5l320,local_exact_method_delegate_hazard,!testcutscene etc5l320 delegate 1,,"callClientFunction(player, ""delegateEvent"", player, quest, ""processEvent_005"", <payload?>)",log_before_change,medium,after-warp or mutation behavior must be logged before edits,"quest sequence before/after; owner actor/event name/type; recovered cutscene args=""etc5l320""; 1; true; smoke_only_no_extra_mutation",,cutscene push/operator proof,Data\scripts\quests\etc\etc5l3.lua; 206:processEvent_005,outputs\quest-cutscene-push-matrix-atlas-20260630\recovered_cutscene_push_matrix.csv
quest_push_operator_rows,42,etc5l3,110841,Prophecy Inspection,side_special_misc,handwritten_event_driver,cutscene_existing_route_smoke,quest_cutscene,processEvent_020,etc5l330,local_exact_method_delegate,!testcutscene etc5l330 delegate 1,,"callClientFunction(player, ""delegateEvent"", player, quest, ""processEvent_020"", <payload?>)",existing_route_smoke,low,natural event route already delegates recovered method,"quest sequence before/after; owner actor/event name/type; recovered cutscene args=""etc5l330""; 1; true; smoke_only",,cutscene push/operator proof,Data\scripts\quests\etc\etc5l3.lua; 185:processEvent_020,outputs\quest-cutscene-push-matrix-atlas-20260630\recovered_cutscene_push_matrix.csv
quest_push_dependency_bundles,,etc5u0,110848,Ring of Deceit,side_special_misc,handwritten_event_driver,cutscene_existing_route_smoke=1,quest_bundle,110848,,,,,,,medium,,,cutscene owner/payload probe,cutscene push/operator proof,,
quest_push_operator_rows,42,etc5u0,110848,Ring of Deceit,side_special_misc,handwritten_event_driver,cutscene_existing_route_smoke,quest_cutscene,processEvent_010,etc5u010,local_exact_method_delegate,!testcutscene etc5u010 delegate 1,,"callClientFunction(player, ""delegateEvent"", player, quest, ""processEvent_010"", <payload?>)",existing_route_smoke,low,natural event route already delegates recovered method,"quest sequence before/after; owner actor/event name/type; recovered cutscene args=""etc5u010""; 1; smoke_only",,cutscene push/operator proof,Data\scripts\quests\etc\etc5u0.lua; 66:processEvent_010,outputs\quest-cutscene-push-matrix-atlas-20260630\recovered_cutscene_push_matrix.csv
quest_push_dependency_bundles,,trl0g1,110141,Getting Started,tutorial,handwritten_event_driver,cutscene_existing_route_smoke=2,quest_bundle,110141,,,,,,,medium,,,cutscene owner/payload probe,cutscene push/operator proof,,
quest_push_operator_rows,42,trl0g1,110141,Getting Started,tutorial,handwritten_event_driver,cutscene_existing_route_smoke,quest_cutscene,processEvent225,man0g225,local_exact_method_delegate,!testcutscene man0g225 delegate 1,,"callClientFunction(player, ""delegateEvent"", player, quest, ""processEvent225"", <payload?>)",existing_route_smoke,low,natural event route already delegates recovered method,"quest sequence before/after; owner actor/event name/type; recovered cutscene args=""man0g225""; 1; smoke_only",,cutscene push/operator proof,Data\scripts\quests\trl\Trl0g1.lua; 19:processEvent225,outputs\quest-cutscene-push-matrix-atlas-20260630\recovered_cutscene_push_matrix.csv
quest_push_operator_rows,42,trl0g1,110141,Getting Started,tutorial,handwritten_event_driver,cutscene_existing_route_smoke,quest_cutscene,processEvent230,man0g230,local_exact_method_delegate,!testcutscene man0g230 delegate 1,,"callClientFunction(player, ""delegateEvent"", player, quest, ""processEvent230"", <payload?>)",existing_route_smoke,low,natural event route already delegates recovered method,"quest sequence before/after; owner actor/event name/type; recovered cutscene args=""man0g230""; 1; smoke_only",,cutscene push/operator proof,Data\scripts\quests\trl\Trl0g1.lua; 21:processEvent230,outputs\quest-cutscene-push-matrix-atlas-20260630\recovered_cutscene_push_matrix.csv
quest_push_dependency_bundles,,trl0l1,110140,Getting Started,tutorial,handwritten_event_driver,cutscene_existing_route_smoke=2,quest_bundle,110140,,,,,,,medium,,,cutscene owner/payload probe,cutscene push/operator proof,,
quest_push_operator_rows,42,trl0l1,110140,Getting Started,tutorial,handwritten_event_driver,cutscene_existing_route_smoke,quest_cutscene,processEvent640,man0l640,local_exact_method_delegate,!testcutscene man0l640 delegate 1,,"callClientFunction(player, ""delegateEvent"", player, quest, ""processEvent640"", <payload?>)",existing_route_smoke,low,natural event route already delegates recovered method,"quest sequence before/after; owner actor/event name/type; recovered cutscene args=""man0l640""; 1; smoke_only",,cutscene push/operator proof,Data\scripts\quests\trl\Trl0l1.lua; 19:processEvent640,outputs\quest-cutscene-push-matrix-atlas-20260630\recovered_cutscene_push_matrix.csv
quest_push_operator_rows,42,trl0l1,110140,Getting Started,tutorial,handwritten_event_driver,cutscene_existing_route_smoke,quest_cutscene,processEvent650,man0l650,local_exact_method_delegate,!testcutscene man0l650 delegate 1,,"callClientFunction(player, ""delegateEvent"", player, quest, ""processEvent650"", <payload?>)",existing_route_smoke,low,natural event route already delegates recovered method,"quest sequence before/after; owner actor/event name/type; recovered cutscene args=""man0l650""; 1; smoke_only",,cutscene push/operator proof,Data\scripts\quests\trl\Trl0l1.lua; 21:processEvent650,outputs\quest-cutscene-push-matrix-atlas-20260630\recovered_cutscene_push_matrix.csv
