code,quest_id,quest_name,category,scene_key,sample_key,replay_id,unlock_kind,functions,fade_modes,classifications,payload_shape,helper_hint,slot_hints,slot9,slot9_hint,slot10,slot10_hint,slot11,slot11_hint,slot12,slot12_hint,slot13,slot13_hint,slot14,slot14_hint,slot15,slot15_hint
alc200,110420,"Sleep, Cousin of Death",class,alc20010,alc20010,11042001,1,alc200.processEventNogeloixStart,default,direct_scene,static_no_dynamic_payload,delegateEvent / no dynamic replay payload,slot9=-200 literal zero/default placeholder; slot10=-200 literal zero/default placeholder; slot11=-200 literal zero/default placeholder; slot12=-200 literal zero/default placeholder; slot13=-200 literal zero/default placeholder; slot14=-200 literal zero/default placeholder; slot15=-200 literal zero/default placeholder,-200,literal zero/default placeholder,-200,literal zero/default placeholder,-200,literal zero/default placeholder,-200,literal zero/default placeholder,-200,literal zero/default placeholder,-200,literal zero/default placeholder,-200,literal zero/default placeholder
alc200,110420,"Sleep, Cousin of Death",class,alc20020,alc20020,11042002,1,alc200.processEvent020,after_warp,direct_scene_after_warp,dynamic_placeholder_payload,manual replay placeholder review,slot9=-218 literal true; slot10=-220 initial-town 3 selector; slot11=-200 literal zero/default placeholder; slot12=-200 literal zero/default placeholder; slot13=-200 literal zero/default placeholder; slot14=-200 literal zero/default placeholder; slot15=-200 literal zero/default placeholder,-218,literal true,-220,initial-town 3 selector,-200,literal zero/default placeholder,-200,literal zero/default placeholder,-200,literal zero/default placeholder,-200,literal zero/default placeholder,-200,literal zero/default placeholder
alc200,110420,"Sleep, Cousin of Death",class,alc20030,alc20030,11042003,1,alc200.processEvent030,default,direct_scene,dynamic_placeholder_payload,manual replay placeholder review,slot9=-218 literal true; slot10=-220 initial-town 3 selector; slot11=-200 literal zero/default placeholder; slot12=-200 literal zero/default placeholder; slot13=-200 literal zero/default placeholder; slot14=-200 literal zero/default placeholder; slot15=-200 literal zero/default placeholder,-218,literal true,-220,initial-town 3 selector,-200,literal zero/default placeholder,-200,literal zero/default placeholder,-200,literal zero/default placeholder,-200,literal zero/default placeholder,-200,literal zero/default placeholder
alc300,110421,The Boy and the Dragon Gay,class,alc30010,alc30010,11042101,1,alc300.processEvent010,default,direct_scene,static_no_dynamic_payload,delegateEvent / no dynamic replay payload,slot9=-200 literal zero/default placeholder; slot10=-200 literal zero/default placeholder; slot11=-200 literal zero/default placeholder; slot12=-200 literal zero/default placeholder; slot13=-200 literal zero/default placeholder; slot14=-200 literal zero/default placeholder; slot15=-200 literal zero/default placeholder,-200,literal zero/default placeholder,-200,literal zero/default placeholder,-200,literal zero/default placeholder,-200,literal zero/default placeholder,-200,literal zero/default placeholder,-200,literal zero/default placeholder,-200,literal zero/default placeholder
alc300,110421,The Boy and the Dragon Gay,class,alc30020,alc30020,11042102,1,alc300.processEvent020,after_warp,direct_scene_after_warp,static_no_dynamic_payload,delegateEvent / no dynamic replay payload,slot9=-200 literal zero/default placeholder; slot10=-200 literal zero/default placeholder; slot11=-200 literal zero/default placeholder; slot12=-200 literal zero/default placeholder; slot13=-200 literal zero/default placeholder; slot14=-200 literal zero/default placeholder; slot15=-200 literal zero/default placeholder,-200,literal zero/default placeholder,-200,literal zero/default placeholder,-200,literal zero/default placeholder,-200,literal zero/default placeholder,-200,literal zero/default placeholder,-200,literal zero/default placeholder,-200,literal zero/default placeholder
alc306,110422,"Dream On, Dream Away",class,alc30610,alc30610,11042201,1,alc306.processEvent010,after_warp,direct_scene_after_warp,static_no_dynamic_payload,delegateEvent / no dynamic replay payload,slot9=-200 literal zero/default placeholder; slot10=-200 literal zero/default placeholder; slot11=-200 literal zero/default placeholder; slot12=-200 literal zero/default placeholder; slot13=-200 literal zero/default placeholder; slot14=-200 literal zero/default placeholder; slot15=-200 literal zero/default placeholder,-200,literal zero/default placeholder,-200,literal zero/default placeholder,-200,literal zero/default placeholder,-200,literal zero/default placeholder,-200,literal zero/default placeholder,-200,literal zero/default placeholder,-200,literal zero/default placeholder
alc306,110422,"Dream On, Dream Away",class,alc30620,alc30620,11042202,1,alc306.processEvent010,after_warp,direct_scene_after_warp,static_no_dynamic_payload,delegateEvent / no dynamic replay payload,slot9=-200 literal zero/default placeholder; slot10=-200 literal zero/default placeholder; slot11=-200 literal zero/default placeholder; slot12=-200 literal zero/default placeholder; slot13=-200 literal zero/default placeholder; slot14=-200 literal zero/default placeholder; slot15=-200 literal zero/default placeholder,-200,literal zero/default placeholder,-200,literal zero/default placeholder,-200,literal zero/default placeholder,-200,literal zero/default placeholder,-200,literal zero/default placeholder,-200,literal zero/default placeholder,-200,literal zero/default placeholder
alc306,110422,"Dream On, Dream Away",class,alc30630,alc30630,11042203,1,alc306.processEvent030,default,direct_scene,static_no_dynamic_payload,delegateEvent / no dynamic replay payload,slot9=-200 literal zero/default placeholder; slot10=-200 literal zero/default placeholder; slot11=-200 literal zero/default placeholder; slot12=-200 literal zero/default placeholder; slot13=-200 literal zero/default placeholder; slot14=-200 literal zero/default placeholder; slot15=-200 literal zero/default placeholder,-200,literal zero/default placeholder,-200,literal zero/default placeholder,-200,literal zero/default placeholder,-200,literal zero/default placeholder,-200,literal zero/default placeholder,-200,literal zero/default placeholder,-200,literal zero/default placeholder
arc200,110160,Filling the Quiver,class,arc20010,arc20010,11016001,1,arc200.processEvent010,after_warp,direct_scene_after_warp,static_no_dynamic_payload,delegateEvent / no dynamic replay payload,slot9=-200 literal zero/default placeholder; slot10=-200 literal zero/default placeholder; slot11=-200 literal zero/default placeholder; slot12=-200 literal zero/default placeholder; slot13=-200 literal zero/default placeholder; slot14=-200 literal zero/default placeholder; slot15=-200 literal zero/default placeholder,-200,literal zero/default placeholder,-200,literal zero/default placeholder,-200,literal zero/default placeholder,-200,literal zero/default placeholder,-200,literal zero/default placeholder,-200,literal zero/default placeholder,-200,literal zero/default placeholder
arc200,110160,Filling the Quiver,class,arc20020,arc20020,11016002,1,arc200.processEvent020,default,direct_scene,static_no_dynamic_payload,delegateEvent / no dynamic replay payload,slot9=-200 literal zero/default placeholder; slot10=-200 literal zero/default placeholder; slot11=-200 literal zero/default placeholder; slot12=-200 literal zero/default placeholder; slot13=-200 literal zero/default placeholder; slot14=-200 literal zero/default placeholder; slot15=-200 literal zero/default placeholder,-200,literal zero/default placeholder,-200,literal zero/default placeholder,-200,literal zero/default placeholder,-200,literal zero/default placeholder,-200,literal zero/default placeholder,-200,literal zero/default placeholder,-200,literal zero/default placeholder
arc200,110160,Filling the Quiver,class,arc20030,arc20030,11016003,1,arc200.processEvent030,after_warp,direct_scene_after_warp,dynamic_placeholder_payload,manual replay placeholder review,slot9=-218 literal true; slot10=-215 player nation; slot11=-200 literal zero/default placeholder; slot12=-200 literal zero/default placeholder; slot13=-200 literal zero/default placeholder; slot14=-200 literal zero/default placeholder; slot15=-200 literal zero/default placeholder,-218,literal true,-215,player nation,-200,literal zero/default placeholder,-200,literal zero/default placeholder,-200,literal zero/default placeholder,-200,literal zero/default placeholder,-200,literal zero/default placeholder
arc200,110160,Filling the Quiver,class,arc20040,arc20040,11016004,1,arc200.processEvent040,after_warp,direct_scene_after_warp,static_no_dynamic_payload,delegateEvent / no dynamic replay payload,slot9=-200 literal zero/default placeholder; slot10=-200 literal zero/default placeholder; slot11=-200 literal zero/default placeholder; slot12=-200 literal zero/default placeholder; slot13=-200 literal zero/default placeholder; slot14=-200 literal zero/default placeholder; slot15=-200 literal zero/default placeholder,-200,literal zero/default placeholder,-200,literal zero/default placeholder,-200,literal zero/default placeholder,-200,literal zero/default placeholder,-200,literal zero/default placeholder,-200,literal zero/default placeholder,-200,literal zero/default placeholder
arc300,110161,The Foreboding Forest,class,arc30010,arc30010,11016101,1,arc300.processEvent010,after_warp,direct_scene_after_warp,static_no_dynamic_payload,delegateEvent / no dynamic replay payload,slot9=-200 literal zero/default placeholder; slot10=-200 literal zero/default placeholder; slot11=-200 literal zero/default placeholder; slot12=-200 literal zero/default placeholder; slot13=-200 literal zero/default placeholder; slot14=-200 literal zero/default placeholder; slot15=-200 literal zero/default placeholder,-200,literal zero/default placeholder,-200,literal zero/default placeholder,-200,literal zero/default placeholder,-200,literal zero/default placeholder,-200,literal zero/default placeholder,-200,literal zero/default placeholder,-200,literal zero/default placeholder
arc300,110161,The Foreboding Forest,class,arc30015,arc30015,11016102,1,arc300.processEvent015,after_warp,direct_scene_after_warp,static_no_dynamic_payload,delegateEvent / no dynamic replay payload,slot9=-200 literal zero/default placeholder; slot10=-200 literal zero/default placeholder; slot11=-200 literal zero/default placeholder; slot12=-200 literal zero/default placeholder; slot13=-200 literal zero/default placeholder; slot14=-200 literal zero/default placeholder; slot15=-200 literal zero/default placeholder,-200,literal zero/default placeholder,-200,literal zero/default placeholder,-200,literal zero/default placeholder,-200,literal zero/default placeholder,-200,literal zero/default placeholder,-200,literal zero/default placeholder,-200,literal zero/default placeholder
arc300,110161,The Foreboding Forest,class,arc30020,arc30020,11016103,1,arc300.processEvent020,after_warp,direct_scene_after_warp,static_no_dynamic_payload,delegateEvent / no dynamic replay payload,slot9=-200 literal zero/default placeholder; slot10=-200 literal zero/default placeholder; slot11=-200 literal zero/default placeholder; slot12=-200 literal zero/default placeholder; slot13=-200 literal zero/default placeholder; slot14=-200 literal zero/default placeholder; slot15=-200 literal zero/default placeholder,-200,literal zero/default placeholder,-200,literal zero/default placeholder,-200,literal zero/default placeholder,-200,literal zero/default placeholder,-200,literal zero/default placeholder,-200,literal zero/default placeholder,-200,literal zero/default placeholder
arc300,110161,The Foreboding Forest,class,arc30025,arc30025,11016104,1,arc300.processEvent027,after_warp,direct_scene_after_warp,static_no_dynamic_payload,delegateEvent / no dynamic replay payload,slot9=-200 literal zero/default placeholder; slot10=-200 literal zero/default placeholder; slot11=-200 literal zero/default placeholder; slot12=-200 literal zero/default placeholder; slot13=-200 literal zero/default placeholder; slot14=-200 literal zero/default placeholder; slot15=-200 literal zero/default placeholder,-200,literal zero/default placeholder,-200,literal zero/default placeholder,-200,literal zero/default placeholder,-200,literal zero/default placeholder,-200,literal zero/default placeholder,-200,literal zero/default placeholder,-200,literal zero/default placeholder
arc300,110161,The Foreboding Forest,class,arc30030,arc30030,11016105,1,arc300.processEvent030,after_warp,direct_scene_after_warp,static_no_dynamic_payload,delegateEvent / no dynamic replay payload,slot9=-200 literal zero/default placeholder; slot10=-200 literal zero/default placeholder; slot11=-200 literal zero/default placeholder; slot12=-200 literal zero/default placeholder; slot13=-200 literal zero/default placeholder; slot14=-200 literal zero/default placeholder; slot15=-200 literal zero/default placeholder,-200,literal zero/default placeholder,-200,literal zero/default placeholder,-200,literal zero/default placeholder,-200,literal zero/default placeholder,-200,literal zero/default placeholder,-200,literal zero/default placeholder,-200,literal zero/default placeholder
arc300,110161,The Foreboding Forest,class,arc30040,arc30040,11016106,1,arc300.processEvent040,after_warp,direct_scene_after_warp,static_no_dynamic_payload,delegateEvent / no dynamic replay payload,slot9=-200 literal zero/default placeholder; slot10=-200 literal zero/default placeholder; slot11=-200 literal zero/default placeholder; slot12=-200 literal zero/default placeholder; slot13=-200 literal zero/default placeholder; slot14=-200 literal zero/default placeholder; slot15=-200 literal zero/default placeholder,-200,literal zero/default placeholder,-200,literal zero/default placeholder,-200,literal zero/default placeholder,-200,literal zero/default placeholder,-200,literal zero/default placeholder,-200,literal zero/default placeholder,-200,literal zero/default placeholder
arc300,110161,The Foreboding Forest,class,arc30050,arc30050,11016107,1,arc300.processEvent050,default,direct_scene,static_no_dynamic_payload,delegateEvent / no dynamic replay payload,slot9=-200 literal zero/default placeholder; slot10=-200 literal zero/default placeholder; slot11=-200 literal zero/default placeholder; slot12=-200 literal zero/default placeholder; slot13=-200 literal zero/default placeholder; slot14=-200 literal zero/default placeholder; slot15=-200 literal zero/default placeholder,-200,literal zero/default placeholder,-200,literal zero/default placeholder,-200,literal zero/default placeholder,-200,literal zero/default placeholder,-200,literal zero/default placeholder,-200,literal zero/default placeholder,-200,literal zero/default placeholder
arc306,110162,There Can Be Only One,class,arc30610,arc30610,11016201,1,arc306.processEvent010,after_warp,direct_scene_after_warp,static_no_dynamic_payload,delegateEvent / no dynamic replay payload,slot9=-200 literal zero/default placeholder; slot10=-200 literal zero/default placeholder; slot11=-200 literal zero/default placeholder; slot12=-200 literal zero/default placeholder; slot13=-200 literal zero/default placeholder; slot14=-200 literal zero/default placeholder; slot15=-200 literal zero/default placeholder,-200,literal zero/default placeholder,-200,literal zero/default placeholder,-200,literal zero/default placeholder,-200,literal zero/default placeholder,-200,literal zero/default placeholder,-200,literal zero/default placeholder,-200,literal zero/default placeholder
arc306,110162,There Can Be Only One,class,arc30620,arc30620,11016202,1,arc306.processEvent020,after_warp,direct_scene_after_warp,static_no_dynamic_payload,delegateEvent / no dynamic replay payload,slot9=-200 literal zero/default placeholder; slot10=-200 literal zero/default placeholder; slot11=-200 literal zero/default placeholder; slot12=-200 literal zero/default placeholder; slot13=-200 literal zero/default placeholder; slot14=-200 literal zero/default placeholder; slot15=-200 literal zero/default placeholder,-200,literal zero/default placeholder,-200,literal zero/default placeholder,-200,literal zero/default placeholder,-200,literal zero/default placeholder,-200,literal zero/default placeholder,-200,literal zero/default placeholder,-200,literal zero/default placeholder
arc306,110162,There Can Be Only One,class,arc30630,arc30630,11016203,1,arc306.processEvent030,after_warp,direct_scene_after_warp,static_no_dynamic_payload,delegateEvent / no dynamic replay payload,slot9=-200 literal zero/default placeholder; slot10=-200 literal zero/default placeholder; slot11=-200 literal zero/default placeholder; slot12=-200 literal zero/default placeholder; slot13=-200 literal zero/default placeholder; slot14=-200 literal zero/default placeholder; slot15=-200 literal zero/default placeholder,-200,literal zero/default placeholder,-200,literal zero/default placeholder,-200,literal zero/default placeholder,-200,literal zero/default placeholder,-200,literal zero/default placeholder,-200,literal zero/default placeholder,-200,literal zero/default placeholder
arc306,110162,There Can Be Only One,class,arc30640,arc30640,11016204,1,arc306.processEvent040,after_warp,direct_scene_after_warp,static_no_dynamic_payload,delegateEvent / no dynamic replay payload,slot9=-200 literal zero/default placeholder; slot10=-200 literal zero/default placeholder; slot11=-200 literal zero/default placeholder; slot12=-200 literal zero/default placeholder; slot13=-200 literal zero/default placeholder; slot14=-200 literal zero/default placeholder; slot15=-200 literal zero/default placeholder,-200,literal zero/default placeholder,-200,literal zero/default placeholder,-200,literal zero/default placeholder,-200,literal zero/default placeholder,-200,literal zero/default placeholder,-200,literal zero/default placeholder,-200,literal zero/default placeholder
arc306,110162,There Can Be Only One,class,arc30650,arc30650,11016205,1,arc306.processEvent050,default,direct_scene,static_no_dynamic_payload,delegateEvent / no dynamic replay payload,slot9=-200 literal zero/default placeholder; slot10=-200 literal zero/default placeholder; slot11=-200 literal zero/default placeholder; slot12=-200 literal zero/default placeholder; slot13=-200 literal zero/default placeholder; slot14=-200 literal zero/default placeholder; slot15=-200 literal zero/default placeholder,-200,literal zero/default placeholder,-200,literal zero/default placeholder,-200,literal zero/default placeholder,-200,literal zero/default placeholder,-200,literal zero/default placeholder,-200,literal zero/default placeholder,-200,literal zero/default placeholder
bsm200,110320,An Ear for Quality,class,bsm20010,bsm20010,11032001,1,bsm200.processEvent010,default,direct_scene,dynamic_placeholder_payload,manual replay placeholder review,slot9=-218 literal true; slot10=1 unknown replay placeholder; slot11=-200 literal zero/default placeholder; slot12=-200 literal zero/default placeholder; slot13=-200 literal zero/default placeholder; slot14=-200 literal zero/default placeholder; slot15=-200 literal zero/default placeholder,-218,literal true,1,unknown replay placeholder,-200,literal zero/default placeholder,-200,literal zero/default placeholder,-200,literal zero/default placeholder,-200,literal zero/default placeholder,-200,literal zero/default placeholder
bsm200,110320,An Ear for Quality,class,bsm20010,bsm20010,11032002,1,bsm200.processEvent010,default,direct_scene,dynamic_placeholder_payload,manual replay placeholder review,slot9=-218 literal true; slot10=0 unknown replay placeholder; slot11=-200 literal zero/default placeholder; slot12=-200 literal zero/default placeholder; slot13=-200 literal zero/default placeholder; slot14=-200 literal zero/default placeholder; slot15=-200 literal zero/default placeholder,-218,literal true,0,unknown replay placeholder,-200,literal zero/default placeholder,-200,literal zero/default placeholder,-200,literal zero/default placeholder,-200,literal zero/default placeholder,-200,literal zero/default placeholder
bsm200,110320,An Ear for Quality,class,bsm20020,bsm20020,11032003,1,bsm200.processEvent020,after_warp,direct_scene_after_warp,static_no_dynamic_payload,delegateEvent / no dynamic replay payload,slot9=-200 literal zero/default placeholder; slot10=-200 literal zero/default placeholder; slot11=-200 literal zero/default placeholder; slot12=-200 literal zero/default placeholder; slot13=-200 literal zero/default placeholder; slot14=-200 literal zero/default placeholder; slot15=-200 literal zero/default placeholder,-200,literal zero/default placeholder,-200,literal zero/default placeholder,-200,literal zero/default placeholder,-200,literal zero/default placeholder,-200,literal zero/default placeholder,-200,literal zero/default placeholder,-200,literal zero/default placeholder
bsm300,110321,Song of the Sirens,class,bsm30010,bsm30010,11032101,1,bsm300.processEvent010,after_warp,direct_scene_after_warp,static_no_dynamic_payload,delegateEvent / no dynamic replay payload,slot9=-200 literal zero/default placeholder; slot10=-200 literal zero/default placeholder; slot11=-200 literal zero/default placeholder; slot12=-200 literal zero/default placeholder; slot13=-200 literal zero/default placeholder; slot14=-200 literal zero/default placeholder; slot15=-200 literal zero/default placeholder,-200,literal zero/default placeholder,-200,literal zero/default placeholder,-200,literal zero/default placeholder,-200,literal zero/default placeholder,-200,literal zero/default placeholder,-200,literal zero/default placeholder,-200,literal zero/default placeholder
bsm300,110321,Song of the Sirens,class,bsm30020,bsm30020,11032102,1,bsm300.processEvent020,after_warp,direct_scene_after_warp,static_no_dynamic_payload,delegateEvent / no dynamic replay payload,slot9=-200 literal zero/default placeholder; slot10=-200 literal zero/default placeholder; slot11=-200 literal zero/default placeholder; slot12=-200 literal zero/default placeholder; slot13=-200 literal zero/default placeholder; slot14=-200 literal zero/default placeholder; slot15=-200 literal zero/default placeholder,-200,literal zero/default placeholder,-200,literal zero/default placeholder,-200,literal zero/default placeholder,-200,literal zero/default placeholder,-200,literal zero/default placeholder,-200,literal zero/default placeholder,-200,literal zero/default placeholder
bsm300,110321,Song of the Sirens,class,bsm30030,bsm30030,11032103,1,bsm300.processEvent030,after_warp,direct_scene_after_warp,static_no_dynamic_payload,delegateEvent / no dynamic replay payload,slot9=-200 literal zero/default placeholder; slot10=-200 literal zero/default placeholder; slot11=-200 literal zero/default placeholder; slot12=-200 literal zero/default placeholder; slot13=-200 literal zero/default placeholder; slot14=-200 literal zero/default placeholder; slot15=-200 literal zero/default placeholder,-200,literal zero/default placeholder,-200,literal zero/default placeholder,-200,literal zero/default placeholder,-200,literal zero/default placeholder,-200,literal zero/default placeholder,-200,literal zero/default placeholder,-200,literal zero/default placeholder
bsm306,110322,The Sound of Silence,class,bsm30610,bsm30610,11032201,1,bsm306.processEvent010,after_warp,direct_scene_after_warp,dynamic_placeholder_payload,manual replay placeholder review,slot9=-218 literal true; slot10=1 unknown replay placeholder; slot11=-200 literal zero/default placeholder; slot12=-200 literal zero/default placeholder; slot13=-200 literal zero/default placeholder; slot14=-200 literal zero/default placeholder; slot15=-200 literal zero/default placeholder,-218,literal true,1,unknown replay placeholder,-200,literal zero/default placeholder,-200,literal zero/default placeholder,-200,literal zero/default placeholder,-200,literal zero/default placeholder,-200,literal zero/default placeholder
bsm306,110322,The Sound of Silence,class,bsm30610,bsm30610,11032202,1,bsm306.processEvent010,after_warp,direct_scene_after_warp,dynamic_placeholder_payload,manual replay placeholder review,slot9=-218 literal true; slot10=0 unknown replay placeholder; slot11=-200 literal zero/default placeholder; slot12=-200 literal zero/default placeholder; slot13=-200 literal zero/default placeholder; slot14=-200 literal zero/default placeholder; slot15=-200 literal zero/default placeholder,-218,literal true,0,unknown replay placeholder,-200,literal zero/default placeholder,-200,literal zero/default placeholder,-200,literal zero/default placeholder,-200,literal zero/default placeholder,-200,literal zero/default placeholder
bsm306,110322,The Sound of Silence,class,bsm30620,bsm30620,11032203,1,bsm306.processEvent020,none,direct_scene,static_no_dynamic_payload,delegateEvent / no dynamic replay payload,slot9=-200 literal zero/default placeholder; slot10=-200 literal zero/default placeholder; slot11=-200 literal zero/default placeholder; slot12=-200 literal zero/default placeholder; slot13=-200 literal zero/default placeholder; slot14=-200 literal zero/default placeholder; slot15=-200 literal zero/default placeholder,-200,literal zero/default placeholder,-200,literal zero/default placeholder,-200,literal zero/default placeholder,-200,literal zero/default placeholder,-200,literal zero/default placeholder,-200,literal zero/default placeholder,-200,literal zero/default placeholder
bsm306,110322,The Sound of Silence,class,bsm30630,bsm30630,11032204,1,bsm306.processEvent030,after_warp,direct_scene_after_warp,static_no_dynamic_payload,delegateEvent / no dynamic replay payload,slot9=-200 literal zero/default placeholder; slot10=-200 literal zero/default placeholder; slot11=-200 literal zero/default placeholder; slot12=-200 literal zero/default placeholder; slot13=-200 literal zero/default placeholder; slot14=-200 literal zero/default placeholder; slot15=-200 literal zero/default placeholder,-200,literal zero/default placeholder,-200,literal zero/default placeholder,-200,literal zero/default placeholder,-200,literal zero/default placeholder,-200,literal zero/default placeholder,-200,literal zero/default placeholder,-200,literal zero/default placeholder
bsm306,110322,The Sound of Silence,class,bsm30640,bsm30640,11032205,1,bsm306.processEvent040,after_warp,direct_scene_after_warp,static_no_dynamic_payload,delegateEvent / no dynamic replay payload,slot9=-200 literal zero/default placeholder; slot10=-200 literal zero/default placeholder; slot11=-200 literal zero/default placeholder; slot12=-200 literal zero/default placeholder; slot13=-200 literal zero/default placeholder; slot14=-200 literal zero/default placeholder; slot15=-200 literal zero/default placeholder,-200,literal zero/default placeholder,-200,literal zero/default placeholder,-200,literal zero/default placeholder,-200,literal zero/default placeholder,-200,literal zero/default placeholder,-200,literal zero/default placeholder,-200,literal zero/default placeholder
cnj200,110260,Dendrological Duties,class,cnj20010,cnj20010,11026001,1,cnj200.processEventSoileineStart,default,direct_scene,static_no_dynamic_payload,delegateEvent / no dynamic replay payload,slot9=-200 literal zero/default placeholder; slot10=-200 literal zero/default placeholder; slot11=-200 literal zero/default placeholder; slot12=-200 literal zero/default placeholder; slot13=-200 literal zero/default placeholder; slot14=-200 literal zero/default placeholder; slot15=-200 literal zero/default placeholder,-200,literal zero/default placeholder,-200,literal zero/default placeholder,-200,literal zero/default placeholder,-200,literal zero/default placeholder,-200,literal zero/default placeholder,-200,literal zero/default placeholder,-200,literal zero/default placeholder
cnj200,110260,Dendrological Duties,class,cnj20020,cnj20020,11026002,1,cnj200.processEvent020,after_warp,direct_scene_after_warp,static_no_dynamic_payload,delegateEvent / no dynamic replay payload,slot9=-200 literal zero/default placeholder; slot10=-200 literal zero/default placeholder; slot11=-200 literal zero/default placeholder; slot12=-200 literal zero/default placeholder; slot13=-200 literal zero/default placeholder; slot14=-200 literal zero/default placeholder; slot15=-200 literal zero/default placeholder,-200,literal zero/default placeholder,-200,literal zero/default placeholder,-200,literal zero/default placeholder,-200,literal zero/default placeholder,-200,literal zero/default placeholder,-200,literal zero/default placeholder,-200,literal zero/default placeholder
cnj200,110260,Dendrological Duties,class,cnj20030,cnj20030,11026003,1,cnj200.processEvent030,default,direct_scene,static_no_dynamic_payload,delegateEvent / no dynamic replay payload,slot9=-200 literal zero/default placeholder; slot10=-200 literal zero/default placeholder; slot11=-200 literal zero/default placeholder; slot12=-200 literal zero/default placeholder; slot13=-200 literal zero/default placeholder; slot14=-200 literal zero/default placeholder; slot15=-200 literal zero/default placeholder,-200,literal zero/default placeholder,-200,literal zero/default placeholder,-200,literal zero/default placeholder,-200,literal zero/default placeholder,-200,literal zero/default placeholder,-200,literal zero/default placeholder,-200,literal zero/default placeholder
cnj300,110261,"Good Knight, Sweet Dreams",class,cnj30010,cnj30010,11026101,1,cnj300.processEvent010,default,direct_scene,static_no_dynamic_payload,delegateEvent / no dynamic replay payload,slot9=-200 literal zero/default placeholder; slot10=-200 literal zero/default placeholder; slot11=-200 literal zero/default placeholder; slot12=-200 literal zero/default placeholder; slot13=-200 literal zero/default placeholder; slot14=-200 literal zero/default placeholder; slot15=-200 literal zero/default placeholder,-200,literal zero/default placeholder,-200,literal zero/default placeholder,-200,literal zero/default placeholder,-200,literal zero/default placeholder,-200,literal zero/default placeholder,-200,literal zero/default placeholder,-200,literal zero/default placeholder
cnj300,110261,"Good Knight, Sweet Dreams",class,cnj30020,cnj30020,11026102,1,cnj300.processEvent020,after_warp,direct_scene_after_warp,static_no_dynamic_payload,delegateEvent / no dynamic replay payload,slot9=-200 literal zero/default placeholder; slot10=-200 literal zero/default placeholder; slot11=-200 literal zero/default placeholder; slot12=-200 literal zero/default placeholder; slot13=-200 literal zero/default placeholder; slot14=-200 literal zero/default placeholder; slot15=-200 literal zero/default placeholder,-200,literal zero/default placeholder,-200,literal zero/default placeholder,-200,literal zero/default placeholder,-200,literal zero/default placeholder,-200,literal zero/default placeholder,-200,literal zero/default placeholder,-200,literal zero/default placeholder
cnj300,110261,"Good Knight, Sweet Dreams",class,cnj30030,cnj30030,11026103,1,cnj300.processEvent030,default,direct_scene,static_no_dynamic_payload,delegateEvent / no dynamic replay payload,slot9=-200 literal zero/default placeholder; slot10=-200 literal zero/default placeholder; slot11=-200 literal zero/default placeholder; slot12=-200 literal zero/default placeholder; slot13=-200 literal zero/default placeholder; slot14=-200 literal zero/default placeholder; slot15=-200 literal zero/default placeholder,-200,literal zero/default placeholder,-200,literal zero/default placeholder,-200,literal zero/default placeholder,-200,literal zero/default placeholder,-200,literal zero/default placeholder,-200,literal zero/default placeholder,-200,literal zero/default placeholder
cnj300,110261,"Good Knight, Sweet Dreams",class,cnj30040,cnj30040,11026104,1,cnj300.processEvent040,after_warp,direct_scene_after_warp,static_no_dynamic_payload,delegateEvent / no dynamic replay payload,slot9=-200 literal zero/default placeholder; slot10=-200 literal zero/default placeholder; slot11=-200 literal zero/default placeholder; slot12=-200 literal zero/default placeholder; slot13=-200 literal zero/default placeholder; slot14=-200 literal zero/default placeholder; slot15=-200 literal zero/default placeholder,-200,literal zero/default placeholder,-200,literal zero/default placeholder,-200,literal zero/default placeholder,-200,literal zero/default placeholder,-200,literal zero/default placeholder,-200,literal zero/default placeholder,-200,literal zero/default placeholder
cnj300,110261,"Good Knight, Sweet Dreams",class,cnj30050,cnj30050,11026105,1,cnj300.processEvent050,default,direct_scene,static_no_dynamic_payload,delegateEvent / no dynamic replay payload,slot9=-200 literal zero/default placeholder; slot10=-200 literal zero/default placeholder; slot11=-200 literal zero/default placeholder; slot12=-200 literal zero/default placeholder; slot13=-200 literal zero/default placeholder; slot14=-200 literal zero/default placeholder; slot15=-200 literal zero/default placeholder,-200,literal zero/default placeholder,-200,literal zero/default placeholder,-200,literal zero/default placeholder,-200,literal zero/default placeholder,-200,literal zero/default placeholder,-200,literal zero/default placeholder,-200,literal zero/default placeholder
cnj300,110261,"Good Knight, Sweet Dreams",class,cnj30060,cnj30060,11026106,1,cnj300.processEvent060,default,direct_scene,static_no_dynamic_payload,delegateEvent / no dynamic replay payload,slot9=-200 literal zero/default placeholder; slot10=-200 literal zero/default placeholder; slot11=-200 literal zero/default placeholder; slot12=-200 literal zero/default placeholder; slot13=-200 literal zero/default placeholder; slot14=-200 literal zero/default placeholder; slot15=-200 literal zero/default placeholder,-200,literal zero/default placeholder,-200,literal zero/default placeholder,-200,literal zero/default placeholder,-200,literal zero/default placeholder,-200,literal zero/default placeholder,-200,literal zero/default placeholder,-200,literal zero/default placeholder
cnj300,110261,"Good Knight, Sweet Dreams",class,cnj30070,cnj30070,11026107,1,cnj300.processEvent070,default,direct_scene,static_no_dynamic_payload,delegateEvent / no dynamic replay payload,slot9=-200 literal zero/default placeholder; slot10=-200 literal zero/default placeholder; slot11=-200 literal zero/default placeholder; slot12=-200 literal zero/default placeholder; slot13=-200 literal zero/default placeholder; slot14=-200 literal zero/default placeholder; slot15=-200 literal zero/default placeholder,-200,literal zero/default placeholder,-200,literal zero/default placeholder,-200,literal zero/default placeholder,-200,literal zero/default placeholder,-200,literal zero/default placeholder,-200,literal zero/default placeholder,-200,literal zero/default placeholder
cnj306,110262,The Call of Nature,class,cnj30610,cnj30610,11026201,1,cnj306.processEvent010,default,direct_scene,static_no_dynamic_payload,delegateEvent / no dynamic replay payload,slot9=-200 literal zero/default placeholder; slot10=-200 literal zero/default placeholder; slot11=-200 literal zero/default placeholder; slot12=-200 literal zero/default placeholder; slot13=-200 literal zero/default placeholder; slot14=-200 literal zero/default placeholder; slot15=-200 literal zero/default placeholder,-200,literal zero/default placeholder,-200,literal zero/default placeholder,-200,literal zero/default placeholder,-200,literal zero/default placeholder,-200,literal zero/default placeholder,-200,literal zero/default placeholder,-200,literal zero/default placeholder
cnj306,110262,The Call of Nature,class,cnj30620,cnj30620,11026202,1,cnj306.processEvent020,default,direct_scene,static_no_dynamic_payload,delegateEvent / no dynamic replay payload,slot9=-200 literal zero/default placeholder; slot10=-200 literal zero/default placeholder; slot11=-200 literal zero/default placeholder; slot12=-200 literal zero/default placeholder; slot13=-200 literal zero/default placeholder; slot14=-200 literal zero/default placeholder; slot15=-200 literal zero/default placeholder,-200,literal zero/default placeholder,-200,literal zero/default placeholder,-200,literal zero/default placeholder,-200,literal zero/default placeholder,-200,literal zero/default placeholder,-200,literal zero/default placeholder,-200,literal zero/default placeholder
cnj306,110262,The Call of Nature,class,cnj30630,cnj30630,11026203,1,cnj306.processEvent030,default,direct_scene,static_no_dynamic_payload,delegateEvent / no dynamic replay payload,slot9=-200 literal zero/default placeholder; slot10=-200 literal zero/default placeholder; slot11=-200 literal zero/default placeholder; slot12=-200 literal zero/default placeholder; slot13=-200 literal zero/default placeholder; slot14=-200 literal zero/default placeholder; slot15=-200 literal zero/default placeholder,-200,literal zero/default placeholder,-200,literal zero/default placeholder,-200,literal zero/default placeholder,-200,literal zero/default placeholder,-200,literal zero/default placeholder,-200,literal zero/default placeholder,-200,literal zero/default placeholder
cnj306,110262,The Call of Nature,class,cnj30640,cnj30640,11026204,1,cnj306.processEvent040,after_warp,direct_scene_after_warp,static_no_dynamic_payload,delegateEvent / no dynamic replay payload,slot9=-200 literal zero/default placeholder; slot10=-200 literal zero/default placeholder; slot11=-200 literal zero/default placeholder; slot12=-200 literal zero/default placeholder; slot13=-200 literal zero/default placeholder; slot14=-200 literal zero/default placeholder; slot15=-200 literal zero/default placeholder,-200,literal zero/default placeholder,-200,literal zero/default placeholder,-200,literal zero/default placeholder,-200,literal zero/default placeholder,-200,literal zero/default placeholder,-200,literal zero/default placeholder,-200,literal zero/default placeholder
cnj306,110262,The Call of Nature,class,cnj30650,cnj30650,11026205,1,cnj306.processEvent050,after_warp,direct_scene_after_warp,static_no_dynamic_payload,delegateEvent / no dynamic replay payload,slot9=-200 literal zero/default placeholder; slot10=-200 literal zero/default placeholder; slot11=-200 literal zero/default placeholder; slot12=-200 literal zero/default placeholder; slot13=-200 literal zero/default placeholder; slot14=-200 literal zero/default placeholder; slot15=-200 literal zero/default placeholder,-200,literal zero/default placeholder,-200,literal zero/default placeholder,-200,literal zero/default placeholder,-200,literal zero/default placeholder,-200,literal zero/default placeholder,-200,literal zero/default placeholder,-200,literal zero/default placeholder
cnj306,110262,The Call of Nature,class,cnj30660,cnj30660,11026206,1,cnj306.processEvent060,after_warp,direct_scene_after_warp,static_no_dynamic_payload,delegateEvent / no dynamic replay payload,slot9=-200 literal zero/default placeholder; slot10=-200 literal zero/default placeholder; slot11=-200 literal zero/default placeholder; slot12=-200 literal zero/default placeholder; slot13=-200 literal zero/default placeholder; slot14=-200 literal zero/default placeholder; slot15=-200 literal zero/default placeholder,-200,literal zero/default placeholder,-200,literal zero/default placeholder,-200,literal zero/default placeholder,-200,literal zero/default placeholder,-200,literal zero/default placeholder,-200,literal zero/default placeholder,-200,literal zero/default placeholder
cnj306,110262,The Call of Nature,class,cnj30670,cnj30670,11026207,1,cnj306.processEvent070,after_warp,direct_scene_after_warp,static_no_dynamic_payload,delegateEvent / no dynamic replay payload,slot9=-200 literal zero/default placeholder; slot10=-200 literal zero/default placeholder; slot11=-200 literal zero/default placeholder; slot12=-200 literal zero/default placeholder; slot13=-200 literal zero/default placeholder; slot14=-200 literal zero/default placeholder; slot15=-200 literal zero/default placeholder,-200,literal zero/default placeholder,-200,literal zero/default placeholder,-200,literal zero/default placeholder,-200,literal zero/default placeholder,-200,literal zero/default placeholder,-200,literal zero/default placeholder,-200,literal zero/default placeholder
cnj306,110262,The Call of Nature,class,cnj30680,cnj30680,11026208,1,cnj306.processEvent080,default,direct_scene,static_no_dynamic_payload,delegateEvent / no dynamic replay payload,slot9=-200 literal zero/default placeholder; slot10=-200 literal zero/default placeholder; slot11=-200 literal zero/default placeholder; slot12=-200 literal zero/default placeholder; slot13=-200 literal zero/default placeholder; slot14=-200 literal zero/default placeholder; slot15=-200 literal zero/default placeholder,-200,literal zero/default placeholder,-200,literal zero/default placeholder,-200,literal zero/default placeholder,-200,literal zero/default placeholder,-200,literal zero/default placeholder,-200,literal zero/default placeholder,-200,literal zero/default placeholder
cnj306,110262,The Call of Nature,class,cnj30690,cnj30690,11026209,1,cnj306.processEvent090;cnj306.processEvent095,after_warp;default,direct_scene;direct_scene_after_warp,static_no_dynamic_payload,delegateEvent / no dynamic replay payload,slot9=-200 literal zero/default placeholder; slot10=-200 literal zero/default placeholder; slot11=-200 literal zero/default placeholder; slot12=-200 literal zero/default placeholder; slot13=-200 literal zero/default placeholder; slot14=-200 literal zero/default placeholder; slot15=-200 literal zero/default placeholder,-200,literal zero/default placeholder,-200,literal zero/default placeholder,-200,literal zero/default placeholder,-200,literal zero/default placeholder,-200,literal zero/default placeholder,-200,literal zero/default placeholder,-200,literal zero/default placeholder
cul200,110440,Showdown,class,cul20010,cul20010,11044001,1,cul200.processEvent010,default,direct_scene,static_no_dynamic_payload,delegateEvent / no dynamic replay payload,slot9=-200 literal zero/default placeholder; slot10=-200 literal zero/default placeholder; slot11=-200 literal zero/default placeholder; slot12=-200 literal zero/default placeholder; slot13=-200 literal zero/default placeholder; slot14=-200 literal zero/default placeholder; slot15=-200 literal zero/default placeholder,-200,literal zero/default placeholder,-200,literal zero/default placeholder,-200,literal zero/default placeholder,-200,literal zero/default placeholder,-200,literal zero/default placeholder,-200,literal zero/default placeholder,-200,literal zero/default placeholder
cul200,110440,Showdown,class,cul20020,cul20020,11044002,1,cul200.processEvent020,after_warp,direct_scene_after_warp,dynamic_placeholder_payload,manual replay placeholder review,slot9=1 unknown replay placeholder; slot10=-200 literal zero/default placeholder; slot11=-200 literal zero/default placeholder; slot12=-200 literal zero/default placeholder; slot13=-200 literal zero/default placeholder; slot14=-200 literal zero/default placeholder; slot15=-200 literal zero/default placeholder,1,unknown replay placeholder,-200,literal zero/default placeholder,-200,literal zero/default placeholder,-200,literal zero/default placeholder,-200,literal zero/default placeholder,-200,literal zero/default placeholder,-200,literal zero/default placeholder
cul200,110440,Showdown,class,cul20020,cul20020,11044003,1,cul200.processEvent020,after_warp,direct_scene_after_warp,dynamic_placeholder_payload,manual replay placeholder review,slot9=2 unknown replay placeholder; slot10=-200 literal zero/default placeholder; slot11=-200 literal zero/default placeholder; slot12=-200 literal zero/default placeholder; slot13=-200 literal zero/default placeholder; slot14=-200 literal zero/default placeholder; slot15=-200 literal zero/default placeholder,2,unknown replay placeholder,-200,literal zero/default placeholder,-200,literal zero/default placeholder,-200,literal zero/default placeholder,-200,literal zero/default placeholder,-200,literal zero/default placeholder,-200,literal zero/default placeholder
cul200,110440,Showdown,class,cul20030,cul20030,11044004,1,cul200.processEvent030,after_warp,direct_scene_after_warp,static_no_dynamic_payload,delegateEvent / no dynamic replay payload,slot9=-200 literal zero/default placeholder; slot10=-200 literal zero/default placeholder; slot11=-200 literal zero/default placeholder; slot12=-200 literal zero/default placeholder; slot13=-200 literal zero/default placeholder; slot14=-200 literal zero/default placeholder; slot15=-200 literal zero/default placeholder,-200,literal zero/default placeholder,-200,literal zero/default placeholder,-200,literal zero/default placeholder,-200,literal zero/default placeholder,-200,literal zero/default placeholder,-200,literal zero/default placeholder,-200,literal zero/default placeholder
cul300,110441,Mystery of the Gastronome Gone Home,class,cul30010,cul30010,11044101,1,cul300.processEvent010,default,direct_scene,static_no_dynamic_payload,delegateEvent / no dynamic replay payload,slot9=-200 literal zero/default placeholder; slot10=-200 literal zero/default placeholder; slot11=-200 literal zero/default placeholder; slot12=-200 literal zero/default placeholder; slot13=-200 literal zero/default placeholder; slot14=-200 literal zero/default placeholder; slot15=-200 literal zero/default placeholder,-200,literal zero/default placeholder,-200,literal zero/default placeholder,-200,literal zero/default placeholder,-200,literal zero/default placeholder,-200,literal zero/default placeholder,-200,literal zero/default placeholder,-200,literal zero/default placeholder
cul300,110441,Mystery of the Gastronome Gone Home,class,cul30020,cul30020,11044102,1,cul300.processEvent020,default,direct_scene,static_no_dynamic_payload,delegateEvent / no dynamic replay payload,slot9=-200 literal zero/default placeholder; slot10=-200 literal zero/default placeholder; slot11=-200 literal zero/default placeholder; slot12=-200 literal zero/default placeholder; slot13=-200 literal zero/default placeholder; slot14=-200 literal zero/default placeholder; slot15=-200 literal zero/default placeholder,-200,literal zero/default placeholder,-200,literal zero/default placeholder,-200,literal zero/default placeholder,-200,literal zero/default placeholder,-200,literal zero/default placeholder,-200,literal zero/default placeholder,-200,literal zero/default placeholder
cul300,110441,Mystery of the Gastronome Gone Home,class,cul30030,cul30030,11044103,1,cul300.processEvent030,after_warp,direct_scene_after_warp,static_no_dynamic_payload,delegateEvent / no dynamic replay payload,slot9=-200 literal zero/default placeholder; slot10=-200 literal zero/default placeholder; slot11=-200 literal zero/default placeholder; slot12=-200 literal zero/default placeholder; slot13=-200 literal zero/default placeholder; slot14=-200 literal zero/default placeholder; slot15=-200 literal zero/default placeholder,-200,literal zero/default placeholder,-200,literal zero/default placeholder,-200,literal zero/default placeholder,-200,literal zero/default placeholder,-200,literal zero/default placeholder,-200,literal zero/default placeholder,-200,literal zero/default placeholder
cul306,110442,Something in the Soup,class,cul30610,cul30610,11044201,1,cul306.processEventPrudentiaStart,branch_or_mixed_default_and_after_warp,direct_scene_after_warp,static_no_dynamic_payload,delegateEvent / no dynamic replay payload,slot9=-200 literal zero/default placeholder; slot10=-200 literal zero/default placeholder; slot11=-200 literal zero/default placeholder; slot12=-200 literal zero/default placeholder; slot13=-200 literal zero/default placeholder; slot14=-200 literal zero/default placeholder; slot15=-200 literal zero/default placeholder,-200,literal zero/default placeholder,-200,literal zero/default placeholder,-200,literal zero/default placeholder,-200,literal zero/default placeholder,-200,literal zero/default placeholder,-200,literal zero/default placeholder,-200,literal zero/default placeholder
cul306,110442,Something in the Soup,class,cul30620,cul30620,11044202,1,cul306.processEvent020,default,direct_scene,static_no_dynamic_payload,delegateEvent / no dynamic replay payload,slot9=-200 literal zero/default placeholder; slot10=-200 literal zero/default placeholder; slot11=-200 literal zero/default placeholder; slot12=-200 literal zero/default placeholder; slot13=-200 literal zero/default placeholder; slot14=-200 literal zero/default placeholder; slot15=-200 literal zero/default placeholder,-200,literal zero/default placeholder,-200,literal zero/default placeholder,-200,literal zero/default placeholder,-200,literal zero/default placeholder,-200,literal zero/default placeholder,-200,literal zero/default placeholder,-200,literal zero/default placeholder
cul306,110442,Something in the Soup,class,cul30630,cul30630,11044203,1,cul306.processEvent030,after_warp,direct_scene_after_warp,static_no_dynamic_payload,delegateEvent / no dynamic replay payload,slot9=-200 literal zero/default placeholder; slot10=-200 literal zero/default placeholder; slot11=-200 literal zero/default placeholder; slot12=-200 literal zero/default placeholder; slot13=-200 literal zero/default placeholder; slot14=-200 literal zero/default placeholder; slot15=-200 literal zero/default placeholder,-200,literal zero/default placeholder,-200,literal zero/default placeholder,-200,literal zero/default placeholder,-200,literal zero/default placeholder,-200,literal zero/default placeholder,-200,literal zero/default placeholder,-200,literal zero/default placeholder
cul306,110442,Something in the Soup,class,cul30640,cul30640,11044204,1,cul306.processEvent040,default,direct_scene,static_no_dynamic_payload,delegateEvent / no dynamic replay payload,slot9=-200 literal zero/default placeholder; slot10=-200 literal zero/default placeholder; slot11=-200 literal zero/default placeholder; slot12=-200 literal zero/default placeholder; slot13=-200 literal zero/default placeholder; slot14=-200 literal zero/default placeholder; slot15=-200 literal zero/default placeholder,-200,literal zero/default placeholder,-200,literal zero/default placeholder,-200,literal zero/default placeholder,-200,literal zero/default placeholder,-200,literal zero/default placeholder,-200,literal zero/default placeholder,-200,literal zero/default placeholder
cul306,110442,Something in the Soup,class,cul30650,cul30650,11044205,1,cul306.processEvent050,branch_or_mixed_default_and_after_warp,direct_scene_after_warp,static_no_dynamic_payload,delegateEvent / no dynamic replay payload,slot9=-200 literal zero/default placeholder; slot10=-200 literal zero/default placeholder; slot11=-200 literal zero/default placeholder; slot12=-200 literal zero/default placeholder; slot13=-200 literal zero/default placeholder; slot14=-200 literal zero/default placeholder; slot15=-200 literal zero/default placeholder,-200,literal zero/default placeholder,-200,literal zero/default placeholder,-200,literal zero/default placeholder,-200,literal zero/default placeholder,-200,literal zero/default placeholder,-200,literal zero/default placeholder,-200,literal zero/default placeholder
cul306,110442,Something in the Soup,class,cul30660,cul30660,11044206,1,cul306.processEvent060,after_warp,direct_scene_after_warp,static_no_dynamic_payload,delegateEvent / no dynamic replay payload,slot9=-200 literal zero/default placeholder; slot10=-200 literal zero/default placeholder; slot11=-200 literal zero/default placeholder; slot12=-200 literal zero/default placeholder; slot13=-200 literal zero/default placeholder; slot14=-200 literal zero/default placeholder; slot15=-200 literal zero/default placeholder,-200,literal zero/default placeholder,-200,literal zero/default placeholder,-200,literal zero/default placeholder,-200,literal zero/default placeholder,-200,literal zero/default placeholder,-200,literal zero/default placeholder,-200,literal zero/default placeholder
cul306,110442,Something in the Soup,class,cul30665,cul30665,11044207,1,cul306.processEvent065,default,direct_scene,static_no_dynamic_payload,delegateEvent / no dynamic replay payload,slot9=-200 literal zero/default placeholder; slot10=-200 literal zero/default placeholder; slot11=-200 literal zero/default placeholder; slot12=-200 literal zero/default placeholder; slot13=-200 literal zero/default placeholder; slot14=-200 literal zero/default placeholder; slot15=-200 literal zero/default placeholder,-200,literal zero/default placeholder,-200,literal zero/default placeholder,-200,literal zero/default placeholder,-200,literal zero/default placeholder,-200,literal zero/default placeholder,-200,literal zero/default placeholder,-200,literal zero/default placeholder
cul306,110442,Something in the Soup,class,cul30670,cul30670,11044208,1,cul306.processEvent070,after_warp,direct_scene_after_warp,static_no_dynamic_payload,delegateEvent / no dynamic replay payload,slot9=-200 literal zero/default placeholder; slot10=-200 literal zero/default placeholder; slot11=-200 literal zero/default placeholder; slot12=-200 literal zero/default placeholder; slot13=-200 literal zero/default placeholder; slot14=-200 literal zero/default placeholder; slot15=-200 literal zero/default placeholder,-200,literal zero/default placeholder,-200,literal zero/default placeholder,-200,literal zero/default placeholder,-200,literal zero/default placeholder,-200,literal zero/default placeholder,-200,literal zero/default placeholder,-200,literal zero/default placeholder
exc200,110100,Bloody Baptism,class,exc20010,exc20010,11010001,1,exc200.processEventWaekbyrtStart,default,direct_scene,static_no_dynamic_payload,delegateEvent / no dynamic replay payload,slot9=-200 literal zero/default placeholder; slot10=-200 literal zero/default placeholder; slot11=-200 literal zero/default placeholder; slot12=-200 literal zero/default placeholder; slot13=-200 literal zero/default placeholder; slot14=-200 literal zero/default placeholder; slot15=-200 literal zero/default placeholder,-200,literal zero/default placeholder,-200,literal zero/default placeholder,-200,literal zero/default placeholder,-200,literal zero/default placeholder,-200,literal zero/default placeholder,-200,literal zero/default placeholder,-200,literal zero/default placeholder
exc200,110100,Bloody Baptism,class,exc20020,exc20020,11010002,1,exc200.processEvent020,after_warp,direct_scene_after_warp,static_no_dynamic_payload,delegateEvent / no dynamic replay payload,slot9=-200 literal zero/default placeholder; slot10=-200 literal zero/default placeholder; slot11=-200 literal zero/default placeholder; slot12=-200 literal zero/default placeholder; slot13=-200 literal zero/default placeholder; slot14=-200 literal zero/default placeholder; slot15=-200 literal zero/default placeholder,-200,literal zero/default placeholder,-200,literal zero/default placeholder,-200,literal zero/default placeholder,-200,literal zero/default placeholder,-200,literal zero/default placeholder,-200,literal zero/default placeholder,-200,literal zero/default placeholder
exc200,110100,Bloody Baptism,class,exc20030,exc20030,11010003,1,exc200.processEvent030,default,direct_scene,static_no_dynamic_payload,delegateEvent / no dynamic replay payload,slot9=-200 literal zero/default placeholder; slot10=-200 literal zero/default placeholder; slot11=-200 literal zero/default placeholder; slot12=-200 literal zero/default placeholder; slot13=-200 literal zero/default placeholder; slot14=-200 literal zero/default placeholder; slot15=-200 literal zero/default placeholder,-200,literal zero/default placeholder,-200,literal zero/default placeholder,-200,literal zero/default placeholder,-200,literal zero/default placeholder,-200,literal zero/default placeholder,-200,literal zero/default placeholder,-200,literal zero/default placeholder
exc200,110100,Bloody Baptism,class,exc20040,exc20040,11010004,1,exc200.processEvent040,default,direct_scene,static_no_dynamic_payload,delegateEvent / no dynamic replay payload,slot9=-200 literal zero/default placeholder; slot10=-200 literal zero/default placeholder; slot11=-200 literal zero/default placeholder; slot12=-200 literal zero/default placeholder; slot13=-200 literal zero/default placeholder; slot14=-200 literal zero/default placeholder; slot15=-200 literal zero/default placeholder,-200,literal zero/default placeholder,-200,literal zero/default placeholder,-200,literal zero/default placeholder,-200,literal zero/default placeholder,-200,literal zero/default placeholder,-200,literal zero/default placeholder,-200,literal zero/default placeholder
exc200,110100,Bloody Baptism,class,exc20050,exc20050,11010005,1,exc200.processEvent050,default,direct_scene,static_no_dynamic_payload,delegateEvent / no dynamic replay payload,slot9=-200 literal zero/default placeholder; slot10=-200 literal zero/default placeholder; slot11=-200 literal zero/default placeholder; slot12=-200 literal zero/default placeholder; slot13=-200 literal zero/default placeholder; slot14=-200 literal zero/default placeholder; slot15=-200 literal zero/default placeholder,-200,literal zero/default placeholder,-200,literal zero/default placeholder,-200,literal zero/default placeholder,-200,literal zero/default placeholder,-200,literal zero/default placeholder,-200,literal zero/default placeholder,-200,literal zero/default placeholder
exc300,110101,Two-man Crew,class,exc30010,exc30010,11010101,1,exc300.processEventWaekbyrtStart,branch_or_mixed_default_and_after_warp,direct_scene_after_warp,static_no_dynamic_payload,delegateEvent / no dynamic replay payload,slot9=-200 literal zero/default placeholder; slot10=-200 literal zero/default placeholder; slot11=-200 literal zero/default placeholder; slot12=-200 literal zero/default placeholder; slot13=-200 literal zero/default placeholder; slot14=-200 literal zero/default placeholder; slot15=-200 literal zero/default placeholder,-200,literal zero/default placeholder,-200,literal zero/default placeholder,-200,literal zero/default placeholder,-200,literal zero/default placeholder,-200,literal zero/default placeholder,-200,literal zero/default placeholder,-200,literal zero/default placeholder
exc300,110101,Two-man Crew,class,exc30020,exc30020,11010102,1,exc300.processEvent020,branch_or_mixed_default_and_after_warp,direct_scene_after_warp,static_no_dynamic_payload,delegateEvent / no dynamic replay payload,slot9=-200 literal zero/default placeholder; slot10=-200 literal zero/default placeholder; slot11=-200 literal zero/default placeholder; slot12=-200 literal zero/default placeholder; slot13=-200 literal zero/default placeholder; slot14=-200 literal zero/default placeholder; slot15=-200 literal zero/default placeholder,-200,literal zero/default placeholder,-200,literal zero/default placeholder,-200,literal zero/default placeholder,-200,literal zero/default placeholder,-200,literal zero/default placeholder,-200,literal zero/default placeholder,-200,literal zero/default placeholder
exc300,110101,Two-man Crew,class,exc30030,exc30030,11010103,1,exc300.processEvent030,default,direct_scene,static_no_dynamic_payload,delegateEvent / no dynamic replay payload,slot9=-200 literal zero/default placeholder; slot10=-200 literal zero/default placeholder; slot11=-200 literal zero/default placeholder; slot12=-200 literal zero/default placeholder; slot13=-200 literal zero/default placeholder; slot14=-200 literal zero/default placeholder; slot15=-200 literal zero/default placeholder,-200,literal zero/default placeholder,-200,literal zero/default placeholder,-200,literal zero/default placeholder,-200,literal zero/default placeholder,-200,literal zero/default placeholder,-200,literal zero/default placeholder,-200,literal zero/default placeholder
exc306,110102,Captain's Orders,class,exc30610,exc30610,11010201,1,exc306.processEvent010,after_warp,direct_scene_after_warp,static_no_dynamic_payload,delegateEvent / no dynamic replay payload,slot9=-200 literal zero/default placeholder; slot10=-200 literal zero/default placeholder; slot11=-200 literal zero/default placeholder; slot12=-200 literal zero/default placeholder; slot13=-200 literal zero/default placeholder; slot14=-200 literal zero/default placeholder; slot15=-200 literal zero/default placeholder,-200,literal zero/default placeholder,-200,literal zero/default placeholder,-200,literal zero/default placeholder,-200,literal zero/default placeholder,-200,literal zero/default placeholder,-200,literal zero/default placeholder,-200,literal zero/default placeholder
exc306,110102,Captain's Orders,class,exc30620,exc30620,11010202,1,exc306.processEvent020,after_warp,direct_scene_after_warp,static_no_dynamic_payload,delegateEvent / no dynamic replay payload,slot9=-200 literal zero/default placeholder; slot10=-200 literal zero/default placeholder; slot11=-200 literal zero/default placeholder; slot12=-200 literal zero/default placeholder; slot13=-200 literal zero/default placeholder; slot14=-200 literal zero/default placeholder; slot15=-200 literal zero/default placeholder,-200,literal zero/default placeholder,-200,literal zero/default placeholder,-200,literal zero/default placeholder,-200,literal zero/default placeholder,-200,literal zero/default placeholder,-200,literal zero/default placeholder,-200,literal zero/default placeholder
exc306,110102,Captain's Orders,class,exc30630,exc30630,11010203,1,exc306.processEvent030,after_warp,direct_scene_after_warp,static_no_dynamic_payload,delegateEvent / no dynamic replay payload,slot9=-200 literal zero/default placeholder; slot10=-200 literal zero/default placeholder; slot11=-200 literal zero/default placeholder; slot12=-200 literal zero/default placeholder; slot13=-200 literal zero/default placeholder; slot14=-200 literal zero/default placeholder; slot15=-200 literal zero/default placeholder,-200,literal zero/default placeholder,-200,literal zero/default placeholder,-200,literal zero/default placeholder,-200,literal zero/default placeholder,-200,literal zero/default placeholder,-200,literal zero/default placeholder,-200,literal zero/default placeholder
exc306,110102,Captain's Orders,class,exc30640,exc30640,11010204,1,exc306.processEvent040,after_warp,direct_scene_after_warp,static_no_dynamic_payload,delegateEvent / no dynamic replay payload,slot9=-200 literal zero/default placeholder; slot10=-200 literal zero/default placeholder; slot11=-200 literal zero/default placeholder; slot12=-200 literal zero/default placeholder; slot13=-200 literal zero/default placeholder; slot14=-200 literal zero/default placeholder; slot15=-200 literal zero/default placeholder,-200,literal zero/default placeholder,-200,literal zero/default placeholder,-200,literal zero/default placeholder,-200,literal zero/default placeholder,-200,literal zero/default placeholder,-200,literal zero/default placeholder,-200,literal zero/default placeholder
exc306,110102,Captain's Orders,class,exc30650,exc30650,11010205,1,exc306.processEvent050,branch_or_mixed_default_and_after_warp,direct_scene_after_warp,static_no_dynamic_payload,delegateEvent / no dynamic replay payload,slot9=-200 literal zero/default placeholder; slot10=-200 literal zero/default placeholder; slot11=-200 literal zero/default placeholder; slot12=-200 literal zero/default placeholder; slot13=-200 literal zero/default placeholder; slot14=-200 literal zero/default placeholder; slot15=-200 literal zero/default placeholder,-200,literal zero/default placeholder,-200,literal zero/default placeholder,-200,literal zero/default placeholder,-200,literal zero/default placeholder,-200,literal zero/default placeholder,-200,literal zero/default placeholder,-200,literal zero/default placeholder
exc306,110102,Captain's Orders,class,exc30660,exc30660,11010206,1,exc306.processEvent060,after_warp,direct_scene_after_warp,static_no_dynamic_payload,delegateEvent / no dynamic replay payload,slot9=-200 literal zero/default placeholder; slot10=-200 literal zero/default placeholder; slot11=-200 literal zero/default placeholder; slot12=-200 literal zero/default placeholder; slot13=-200 literal zero/default placeholder; slot14=-200 literal zero/default placeholder; slot15=-200 literal zero/default placeholder,-200,literal zero/default placeholder,-200,literal zero/default placeholder,-200,literal zero/default placeholder,-200,literal zero/default placeholder,-200,literal zero/default placeholder,-200,literal zero/default placeholder,-200,literal zero/default placeholder
exc306,110102,Captain's Orders,class,exc30670,exc30670,11010207,1,exc306.processEvent070,default,direct_scene,static_no_dynamic_payload,delegateEvent / no dynamic replay payload,slot9=-200 literal zero/default placeholder; slot10=-200 literal zero/default placeholder; slot11=-200 literal zero/default placeholder; slot12=-200 literal zero/default placeholder; slot13=-200 literal zero/default placeholder; slot14=-200 literal zero/default placeholder; slot15=-200 literal zero/default placeholder,-200,literal zero/default placeholder,-200,literal zero/default placeholder,-200,literal zero/default placeholder,-200,literal zero/default placeholder,-200,literal zero/default placeholder,-200,literal zero/default placeholder,-200,literal zero/default placeholder
fsh200,110500,To Fight a Fishback,class,fsh20010,fsh20010,11050001,1,fsh200.processEvent010,default,direct_scene,static_no_dynamic_payload,delegateEvent / no dynamic replay payload,slot9=-200 literal zero/default placeholder; slot10=-200 literal zero/default placeholder; slot11=-200 literal zero/default placeholder; slot12=-200 literal zero/default placeholder; slot13=-200 literal zero/default placeholder; slot14=-200 literal zero/default placeholder; slot15=-200 literal zero/default placeholder,-200,literal zero/default placeholder,-200,literal zero/default placeholder,-200,literal zero/default placeholder,-200,literal zero/default placeholder,-200,literal zero/default placeholder,-200,literal zero/default placeholder,-200,literal zero/default placeholder
fsh200,110500,To Fight a Fishback,class,fsh20020,fsh20020,11050002,1,fsh200.processEvent020,default,direct_scene,static_no_dynamic_payload,delegateEvent / no dynamic replay payload,slot9=-200 literal zero/default placeholder; slot10=-200 literal zero/default placeholder; slot11=-200 literal zero/default placeholder; slot12=-200 literal zero/default placeholder; slot13=-200 literal zero/default placeholder; slot14=-200 literal zero/default placeholder; slot15=-200 literal zero/default placeholder,-200,literal zero/default placeholder,-200,literal zero/default placeholder,-200,literal zero/default placeholder,-200,literal zero/default placeholder,-200,literal zero/default placeholder,-200,literal zero/default placeholder,-200,literal zero/default placeholder
fsh300,110501,The Beast of the Barrel,class,fsh30010,fsh30010,11050101,1,fsh300.processEvent010,default,direct_scene,static_no_dynamic_payload,delegateEvent / no dynamic replay payload,slot9=-200 literal zero/default placeholder; slot10=-200 literal zero/default placeholder; slot11=-200 literal zero/default placeholder; slot12=-200 literal zero/default placeholder; slot13=-200 literal zero/default placeholder; slot14=-200 literal zero/default placeholder; slot15=-200 literal zero/default placeholder,-200,literal zero/default placeholder,-200,literal zero/default placeholder,-200,literal zero/default placeholder,-200,literal zero/default placeholder,-200,literal zero/default placeholder,-200,literal zero/default placeholder,-200,literal zero/default placeholder
fsh300,110501,The Beast of the Barrel,class,fsh30020,fsh30020,11050102,1,fsh300.processEvent020,after_warp,direct_scene_after_warp,dynamic_placeholder_payload,manual replay placeholder review,slot9=-207 player initial town; slot10=-200 literal zero/default placeholder; slot11=-200 literal zero/default placeholder; slot12=-200 literal zero/default placeholder; slot13=-200 literal zero/default placeholder; slot14=-200 literal zero/default placeholder; slot15=-200 literal zero/default placeholder,-207,player initial town,-200,literal zero/default placeholder,-200,literal zero/default placeholder,-200,literal zero/default placeholder,-200,literal zero/default placeholder,-200,literal zero/default placeholder,-200,literal zero/default placeholder
fsh300,110501,The Beast of the Barrel,class,fsh30025,fsh30025,11050103,1,fsh300.processEvent025,after_warp,direct_scene_after_warp,static_no_dynamic_payload,delegateEvent / no dynamic replay payload,slot9=-200 literal zero/default placeholder; slot10=-200 literal zero/default placeholder; slot11=-200 literal zero/default placeholder; slot12=-200 literal zero/default placeholder; slot13=-200 literal zero/default placeholder; slot14=-200 literal zero/default placeholder; slot15=-200 literal zero/default placeholder,-200,literal zero/default placeholder,-200,literal zero/default placeholder,-200,literal zero/default placeholder,-200,literal zero/default placeholder,-200,literal zero/default placeholder,-200,literal zero/default placeholder,-200,literal zero/default placeholder
fsh300,110501,The Beast of the Barrel,class,fsh30030,fsh30030,11050104,1,fsh300.processEvent030,default,direct_scene,static_no_dynamic_payload,delegateEvent / no dynamic replay payload,slot9=-200 literal zero/default placeholder; slot10=-200 literal zero/default placeholder; slot11=-200 literal zero/default placeholder; slot12=-200 literal zero/default placeholder; slot13=-200 literal zero/default placeholder; slot14=-200 literal zero/default placeholder; slot15=-200 literal zero/default placeholder,-200,literal zero/default placeholder,-200,literal zero/default placeholder,-200,literal zero/default placeholder,-200,literal zero/default placeholder,-200,literal zero/default placeholder,-200,literal zero/default placeholder,-200,literal zero/default placeholder
fsh300,110501,The Beast of the Barrel,class,fsh30040,fsh30040,11050105,1,fsh300.processEvent040,after_warp,direct_scene_after_warp,static_no_dynamic_payload,delegateEvent / no dynamic replay payload,slot9=-200 literal zero/default placeholder; slot10=-200 literal zero/default placeholder; slot11=-200 literal zero/default placeholder; slot12=-200 literal zero/default placeholder; slot13=-200 literal zero/default placeholder; slot14=-200 literal zero/default placeholder; slot15=-200 literal zero/default placeholder,-200,literal zero/default placeholder,-200,literal zero/default placeholder,-200,literal zero/default placeholder,-200,literal zero/default placeholder,-200,literal zero/default placeholder,-200,literal zero/default placeholder,-200,literal zero/default placeholder
fsh300,110501,The Beast of the Barrel,class,fsh30050,fsh30050,11050106,1,fsh300.processEvent050,after_warp,direct_scene_after_warp,static_no_dynamic_payload,delegateEvent / no dynamic replay payload,slot9=-200 literal zero/default placeholder; slot10=-200 literal zero/default placeholder; slot11=-200 literal zero/default placeholder; slot12=-200 literal zero/default placeholder; slot13=-200 literal zero/default placeholder; slot14=-200 literal zero/default placeholder; slot15=-200 literal zero/default placeholder,-200,literal zero/default placeholder,-200,literal zero/default placeholder,-200,literal zero/default placeholder,-200,literal zero/default placeholder,-200,literal zero/default placeholder,-200,literal zero/default placeholder,-200,literal zero/default placeholder
fsh300,110501,The Beast of the Barrel,class,fsh30060,fsh30060,11050107,1,fsh300.processEvent060,default,direct_scene,static_no_dynamic_payload,delegateEvent / no dynamic replay payload,slot9=-200 literal zero/default placeholder; slot10=-200 literal zero/default placeholder; slot11=-200 literal zero/default placeholder; slot12=-200 literal zero/default placeholder; slot13=-200 literal zero/default placeholder; slot14=-200 literal zero/default placeholder; slot15=-200 literal zero/default placeholder,-200,literal zero/default placeholder,-200,literal zero/default placeholder,-200,literal zero/default placeholder,-200,literal zero/default placeholder,-200,literal zero/default placeholder,-200,literal zero/default placeholder,-200,literal zero/default placeholder
fsh300,110501,The Beast of the Barrel,class,fsh30070,fsh30070,11050108,1,fsh300.processEvent070,default,direct_scene,static_no_dynamic_payload,delegateEvent / no dynamic replay payload,slot9=-200 literal zero/default placeholder; slot10=-200 literal zero/default placeholder; slot11=-200 literal zero/default placeholder; slot12=-200 literal zero/default placeholder; slot13=-200 literal zero/default placeholder; slot14=-200 literal zero/default placeholder; slot15=-200 literal zero/default placeholder,-200,literal zero/default placeholder,-200,literal zero/default placeholder,-200,literal zero/default placeholder,-200,literal zero/default placeholder,-200,literal zero/default placeholder,-200,literal zero/default placeholder,-200,literal zero/default placeholder
fsh306,110502,Polishing the Mast,class,fsh30610,fsh30610,11050201,1,fsh306.processEvent010,after_warp,direct_scene_after_warp,static_no_dynamic_payload,delegateEvent / no dynamic replay payload,slot9=-200 literal zero/default placeholder; slot10=-200 literal zero/default placeholder; slot11=-200 literal zero/default placeholder; slot12=-200 literal zero/default placeholder; slot13=-200 literal zero/default placeholder; slot14=-200 literal zero/default placeholder; slot15=-200 literal zero/default placeholder,-200,literal zero/default placeholder,-200,literal zero/default placeholder,-200,literal zero/default placeholder,-200,literal zero/default placeholder,-200,literal zero/default placeholder,-200,literal zero/default placeholder,-200,literal zero/default placeholder
fsh306,110502,Polishing the Mast,class,fsh30620,fsh30620,11050202,1,fsh306.processEvent020,after_warp,direct_scene_after_warp,static_no_dynamic_payload,delegateEvent / no dynamic replay payload,slot9=-200 literal zero/default placeholder; slot10=-200 literal zero/default placeholder; slot11=-200 literal zero/default placeholder; slot12=-200 literal zero/default placeholder; slot13=-200 literal zero/default placeholder; slot14=-200 literal zero/default placeholder; slot15=-200 literal zero/default placeholder,-200,literal zero/default placeholder,-200,literal zero/default placeholder,-200,literal zero/default placeholder,-200,literal zero/default placeholder,-200,literal zero/default placeholder,-200,literal zero/default placeholder,-200,literal zero/default placeholder
fsh306,110502,Polishing the Mast,class,fsh30630,fsh30630,11050203,1,fsh306.processEvent030,default,direct_scene,static_no_dynamic_payload,delegateEvent / no dynamic replay payload,slot9=-200 literal zero/default placeholder; slot10=-200 literal zero/default placeholder; slot11=-200 literal zero/default placeholder; slot12=-200 literal zero/default placeholder; slot13=-200 literal zero/default placeholder; slot14=-200 literal zero/default placeholder; slot15=-200 literal zero/default placeholder,-200,literal zero/default placeholder,-200,literal zero/default placeholder,-200,literal zero/default placeholder,-200,literal zero/default placeholder,-200,literal zero/default placeholder,-200,literal zero/default placeholder,-200,literal zero/default placeholder
fsh306,110502,Polishing the Mast,class,fsh30640,fsh30640,11050204,1,fsh306.processEvent040,default,direct_scene,static_no_dynamic_payload,delegateEvent / no dynamic replay payload,slot9=-200 literal zero/default placeholder; slot10=-200 literal zero/default placeholder; slot11=-200 literal zero/default placeholder; slot12=-200 literal zero/default placeholder; slot13=-200 literal zero/default placeholder; slot14=-200 literal zero/default placeholder; slot15=-200 literal zero/default placeholder,-200,literal zero/default placeholder,-200,literal zero/default placeholder,-200,literal zero/default placeholder,-200,literal zero/default placeholder,-200,literal zero/default placeholder,-200,literal zero/default placeholder,-200,literal zero/default placeholder
fsh306,110502,Polishing the Mast,class,fsh30650,fsh30650,11050205,1,fsh306.processEvent050,default,direct_scene,static_no_dynamic_payload,delegateEvent / no dynamic replay payload,slot9=-200 literal zero/default placeholder; slot10=-200 literal zero/default placeholder; slot11=-200 literal zero/default placeholder; slot12=-200 literal zero/default placeholder; slot13=-200 literal zero/default placeholder; slot14=-200 literal zero/default placeholder; slot15=-200 literal zero/default placeholder,-200,literal zero/default placeholder,-200,literal zero/default placeholder,-200,literal zero/default placeholder,-200,literal zero/default placeholder,-200,literal zero/default placeholder,-200,literal zero/default placeholder,-200,literal zero/default placeholder
fsh306,110502,Polishing the Mast,class,fsh30660,fsh30660,11050206,1,fsh306.processEvent060,default,direct_scene,static_no_dynamic_payload,delegateEvent / no dynamic replay payload,slot9=-200 literal zero/default placeholder; slot10=-200 literal zero/default placeholder; slot11=-200 literal zero/default placeholder; slot12=-200 literal zero/default placeholder; slot13=-200 literal zero/default placeholder; slot14=-200 literal zero/default placeholder; slot15=-200 literal zero/default placeholder,-200,literal zero/default placeholder,-200,literal zero/default placeholder,-200,literal zero/default placeholder,-200,literal zero/default placeholder,-200,literal zero/default placeholder,-200,literal zero/default placeholder,-200,literal zero/default placeholder
gla200,110080,All Bark and No Bite,class,gla20010,gla20010,11008001,1,gla200.processEvent010,after_warp,direct_scene_after_warp,static_no_dynamic_payload,delegateEvent / no dynamic replay payload,slot9=-200 literal zero/default placeholder; slot10=-200 literal zero/default placeholder; slot11=-200 literal zero/default placeholder; slot12=-200 literal zero/default placeholder; slot13=-200 literal zero/default placeholder; slot14=-200 literal zero/default placeholder; slot15=-200 literal zero/default placeholder,-200,literal zero/default placeholder,-200,literal zero/default placeholder,-200,literal zero/default placeholder,-200,literal zero/default placeholder,-200,literal zero/default placeholder,-200,literal zero/default placeholder,-200,literal zero/default placeholder
gla200,110080,All Bark and No Bite,class,gla20020,gla20020,11008002,1,gla200.processEvent020,after_warp,direct_scene_after_warp,static_no_dynamic_payload,delegateEvent / no dynamic replay payload,slot9=-200 literal zero/default placeholder; slot10=-200 literal zero/default placeholder; slot11=-200 literal zero/default placeholder; slot12=-200 literal zero/default placeholder; slot13=-200 literal zero/default placeholder; slot14=-200 literal zero/default placeholder; slot15=-200 literal zero/default placeholder,-200,literal zero/default placeholder,-200,literal zero/default placeholder,-200,literal zero/default placeholder,-200,literal zero/default placeholder,-200,literal zero/default placeholder,-200,literal zero/default placeholder,-200,literal zero/default placeholder
gla200,110080,All Bark and No Bite,class,gla20030,gla20030,11008003,1,gla200.processEvent030,default,direct_scene,static_no_dynamic_payload,delegateEvent / no dynamic replay payload,slot9=-200 literal zero/default placeholder; slot10=-200 literal zero/default placeholder; slot11=-200 literal zero/default placeholder; slot12=-200 literal zero/default placeholder; slot13=-200 literal zero/default placeholder; slot14=-200 literal zero/default placeholder; slot15=-200 literal zero/default placeholder,-200,literal zero/default placeholder,-200,literal zero/default placeholder,-200,literal zero/default placeholder,-200,literal zero/default placeholder,-200,literal zero/default placeholder,-200,literal zero/default placeholder,-200,literal zero/default placeholder
gla300,110081,Unalienable Rights,class,gla30010,gla30010,11008101,1,gla300.processEventLulutsuStart,default,direct_scene,static_no_dynamic_payload,delegateEvent / no dynamic replay payload,slot9=-200 literal zero/default placeholder; slot10=-200 literal zero/default placeholder; slot11=-200 literal zero/default placeholder; slot12=-200 literal zero/default placeholder; slot13=-200 literal zero/default placeholder; slot14=-200 literal zero/default placeholder; slot15=-200 literal zero/default placeholder,-200,literal zero/default placeholder,-200,literal zero/default placeholder,-200,literal zero/default placeholder,-200,literal zero/default placeholder,-200,literal zero/default placeholder,-200,literal zero/default placeholder,-200,literal zero/default placeholder
gla300,110081,Unalienable Rights,class,gla30020,gla30020,11008102,1,gla300.processEvent020,default,direct_scene,static_no_dynamic_payload,delegateEvent / no dynamic replay payload,slot9=-200 literal zero/default placeholder; slot10=-200 literal zero/default placeholder; slot11=-200 literal zero/default placeholder; slot12=-200 literal zero/default placeholder; slot13=-200 literal zero/default placeholder; slot14=-200 literal zero/default placeholder; slot15=-200 literal zero/default placeholder,-200,literal zero/default placeholder,-200,literal zero/default placeholder,-200,literal zero/default placeholder,-200,literal zero/default placeholder,-200,literal zero/default placeholder,-200,literal zero/default placeholder,-200,literal zero/default placeholder
gla300,110081,Unalienable Rights,class,gla30030,gla30030,11008103,1,gla300.processEvent030,after_warp,direct_scene_after_warp,static_no_dynamic_payload,delegateEvent / no dynamic replay payload,slot9=-200 literal zero/default placeholder; slot10=-200 literal zero/default placeholder; slot11=-200 literal zero/default placeholder; slot12=-200 literal zero/default placeholder; slot13=-200 literal zero/default placeholder; slot14=-200 literal zero/default placeholder; slot15=-200 literal zero/default placeholder,-200,literal zero/default placeholder,-200,literal zero/default placeholder,-200,literal zero/default placeholder,-200,literal zero/default placeholder,-200,literal zero/default placeholder,-200,literal zero/default placeholder,-200,literal zero/default placeholder
gla300,110081,Unalienable Rights,class,gla30040,gla30040,11008104,1,gla300.processEvent040,after_warp,direct_scene_after_warp,static_no_dynamic_payload,delegateEvent / no dynamic replay payload,slot9=-200 literal zero/default placeholder; slot10=-200 literal zero/default placeholder; slot11=-200 literal zero/default placeholder; slot12=-200 literal zero/default placeholder; slot13=-200 literal zero/default placeholder; slot14=-200 literal zero/default placeholder; slot15=-200 literal zero/default placeholder,-200,literal zero/default placeholder,-200,literal zero/default placeholder,-200,literal zero/default placeholder,-200,literal zero/default placeholder,-200,literal zero/default placeholder,-200,literal zero/default placeholder,-200,literal zero/default placeholder
gla300,110081,Unalienable Rights,class,gla30050,gla30050,11008105,1,gla300.processEvent050,default,direct_scene,static_no_dynamic_payload,delegateEvent / no dynamic replay payload,slot9=-200 literal zero/default placeholder; slot10=-200 literal zero/default placeholder; slot11=-200 literal zero/default placeholder; slot12=-200 literal zero/default placeholder; slot13=-200 literal zero/default placeholder; slot14=-200 literal zero/default placeholder; slot15=-200 literal zero/default placeholder,-200,literal zero/default placeholder,-200,literal zero/default placeholder,-200,literal zero/default placeholder,-200,literal zero/default placeholder,-200,literal zero/default placeholder,-200,literal zero/default placeholder,-200,literal zero/default placeholder
gla300,110081,Unalienable Rights,class,gla30060,gla30060,11008106,1,gla300.processEvent060,after_warp,direct_scene_after_warp,static_no_dynamic_payload,delegateEvent / no dynamic replay payload,slot9=-200 literal zero/default placeholder; slot10=-200 literal zero/default placeholder; slot11=-200 literal zero/default placeholder; slot12=-200 literal zero/default placeholder; slot13=-200 literal zero/default placeholder; slot14=-200 literal zero/default placeholder; slot15=-200 literal zero/default placeholder,-200,literal zero/default placeholder,-200,literal zero/default placeholder,-200,literal zero/default placeholder,-200,literal zero/default placeholder,-200,literal zero/default placeholder,-200,literal zero/default placeholder,-200,literal zero/default placeholder
gla300,110081,Unalienable Rights,class,gla30070,gla30070,11008107,1,gla300.processEvent070,after_warp,direct_scene_after_warp,static_no_dynamic_payload,delegateEvent / no dynamic replay payload,slot9=-200 literal zero/default placeholder; slot10=-200 literal zero/default placeholder; slot11=-200 literal zero/default placeholder; slot12=-200 literal zero/default placeholder; slot13=-200 literal zero/default placeholder; slot14=-200 literal zero/default placeholder; slot15=-200 literal zero/default placeholder,-200,literal zero/default placeholder,-200,literal zero/default placeholder,-200,literal zero/default placeholder,-200,literal zero/default placeholder,-200,literal zero/default placeholder,-200,literal zero/default placeholder,-200,literal zero/default placeholder
gla300,110081,Unalienable Rights,class,gla30080,gla30080,11008108,1,gla300.processEvent080,after_warp,direct_scene_after_warp,static_no_dynamic_payload,delegateEvent / no dynamic replay payload,slot9=-200 literal zero/default placeholder; slot10=-200 literal zero/default placeholder; slot11=-200 literal zero/default placeholder; slot12=-200 literal zero/default placeholder; slot13=-200 literal zero/default placeholder; slot14=-200 literal zero/default placeholder; slot15=-200 literal zero/default placeholder,-200,literal zero/default placeholder,-200,literal zero/default placeholder,-200,literal zero/default placeholder,-200,literal zero/default placeholder,-200,literal zero/default placeholder,-200,literal zero/default placeholder,-200,literal zero/default placeholder
gla306,110082,Thrill of the Fight,class,gla30610,gla30610,11008201,1,gla306.processEvent010,after_warp,direct_scene_after_warp,static_no_dynamic_payload,delegateEvent / no dynamic replay payload,slot9=-200 literal zero/default placeholder; slot10=-200 literal zero/default placeholder; slot11=-200 literal zero/default placeholder; slot12=-200 literal zero/default placeholder; slot13=-200 literal zero/default placeholder; slot14=-200 literal zero/default placeholder; slot15=-200 literal zero/default placeholder,-200,literal zero/default placeholder,-200,literal zero/default placeholder,-200,literal zero/default placeholder,-200,literal zero/default placeholder,-200,literal zero/default placeholder,-200,literal zero/default placeholder,-200,literal zero/default placeholder
gla306,110082,Thrill of the Fight,class,gla30615,gla30615,11008202,1,gla306.processEvent020_999,after_warp,direct_scene_after_warp,static_no_dynamic_payload,delegateEvent / no dynamic replay payload,slot9=-200 literal zero/default placeholder; slot10=-200 literal zero/default placeholder; slot11=-200 literal zero/default placeholder; slot12=-200 literal zero/default placeholder; slot13=-200 literal zero/default placeholder; slot14=-200 literal zero/default placeholder; slot15=-200 literal zero/default placeholder,-200,literal zero/default placeholder,-200,literal zero/default placeholder,-200,literal zero/default placeholder,-200,literal zero/default placeholder,-200,literal zero/default placeholder,-200,literal zero/default placeholder,-200,literal zero/default placeholder
gla306,110082,Thrill of the Fight,class,gla30620,gla30620,11008203,1,gla306.processEvent020,after_warp,direct_scene_after_warp,static_no_dynamic_payload,delegateEvent / no dynamic replay payload,slot9=-200 literal zero/default placeholder; slot10=-200 literal zero/default placeholder; slot11=-200 literal zero/default placeholder; slot12=-200 literal zero/default placeholder; slot13=-200 literal zero/default placeholder; slot14=-200 literal zero/default placeholder; slot15=-200 literal zero/default placeholder,-200,literal zero/default placeholder,-200,literal zero/default placeholder,-200,literal zero/default placeholder,-200,literal zero/default placeholder,-200,literal zero/default placeholder,-200,literal zero/default placeholder,-200,literal zero/default placeholder
gla306,110082,Thrill of the Fight,class,gla30630,gla30630,11008204,1,gla306.processEvent030,after_warp,direct_scene_after_warp,static_no_dynamic_payload,delegateEvent / no dynamic replay payload,slot9=-200 literal zero/default placeholder; slot10=-200 literal zero/default placeholder; slot11=-200 literal zero/default placeholder; slot12=-200 literal zero/default placeholder; slot13=-200 literal zero/default placeholder; slot14=-200 literal zero/default placeholder; slot15=-200 literal zero/default placeholder,-200,literal zero/default placeholder,-200,literal zero/default placeholder,-200,literal zero/default placeholder,-200,literal zero/default placeholder,-200,literal zero/default placeholder,-200,literal zero/default placeholder,-200,literal zero/default placeholder
gla306,110082,Thrill of the Fight,class,gla30640,gla30640,11008205,1,gla306.processEvent040,after_warp,direct_scene_after_warp,static_no_dynamic_payload,delegateEvent / no dynamic replay payload,slot9=-200 literal zero/default placeholder; slot10=-200 literal zero/default placeholder; slot11=-200 literal zero/default placeholder; slot12=-200 literal zero/default placeholder; slot13=-200 literal zero/default placeholder; slot14=-200 literal zero/default placeholder; slot15=-200 literal zero/default placeholder,-200,literal zero/default placeholder,-200,literal zero/default placeholder,-200,literal zero/default placeholder,-200,literal zero/default placeholder,-200,literal zero/default placeholder,-200,literal zero/default placeholder,-200,literal zero/default placeholder
gla306,110082,Thrill of the Fight,class,gla30650,gla30650,11008206,1,gla306.processEvent050,after_warp,direct_scene_after_warp,static_no_dynamic_payload,delegateEvent / no dynamic replay payload,slot9=-200 literal zero/default placeholder; slot10=-200 literal zero/default placeholder; slot11=-200 literal zero/default placeholder; slot12=-200 literal zero/default placeholder; slot13=-200 literal zero/default placeholder; slot14=-200 literal zero/default placeholder; slot15=-200 literal zero/default placeholder,-200,literal zero/default placeholder,-200,literal zero/default placeholder,-200,literal zero/default placeholder,-200,literal zero/default placeholder,-200,literal zero/default placeholder,-200,literal zero/default placeholder,-200,literal zero/default placeholder
gld200,110360,She Walks in Beauty,class,gld20020,gld20020,11036001,1,gld200.processEvent020,default,direct_scene,static_no_dynamic_payload,delegateEvent / no dynamic replay payload,slot9=-200 literal zero/default placeholder; slot10=-200 literal zero/default placeholder; slot11=-200 literal zero/default placeholder; slot12=-200 literal zero/default placeholder; slot13=-200 literal zero/default placeholder; slot14=-200 literal zero/default placeholder; slot15=-200 literal zero/default placeholder,-200,literal zero/default placeholder,-200,literal zero/default placeholder,-200,literal zero/default placeholder,-200,literal zero/default placeholder,-200,literal zero/default placeholder,-200,literal zero/default placeholder,-200,literal zero/default placeholder
gld200,110360,She Walks in Beauty,class,gld20030,gld20030,11036002,1,gld200.processEvent030,default,direct_scene,static_no_dynamic_payload,delegateEvent / no dynamic replay payload,slot9=-200 literal zero/default placeholder; slot10=-200 literal zero/default placeholder; slot11=-200 literal zero/default placeholder; slot12=-200 literal zero/default placeholder; slot13=-200 literal zero/default placeholder; slot14=-200 literal zero/default placeholder; slot15=-200 literal zero/default placeholder,-200,literal zero/default placeholder,-200,literal zero/default placeholder,-200,literal zero/default placeholder,-200,literal zero/default placeholder,-200,literal zero/default placeholder,-200,literal zero/default placeholder,-200,literal zero/default placeholder
gld200,110360,She Walks in Beauty,class,gld20040,gld20040,11036003,1,gld200.processEvent040,after_warp,direct_scene_after_warp,static_no_dynamic_payload,delegateEvent / no dynamic replay payload,slot9=-200 literal zero/default placeholder; slot10=-200 literal zero/default placeholder; slot11=-200 literal zero/default placeholder; slot12=-200 literal zero/default placeholder; slot13=-200 literal zero/default placeholder; slot14=-200 literal zero/default placeholder; slot15=-200 literal zero/default placeholder,-200,literal zero/default placeholder,-200,literal zero/default placeholder,-200,literal zero/default placeholder,-200,literal zero/default placeholder,-200,literal zero/default placeholder,-200,literal zero/default placeholder,-200,literal zero/default placeholder
gld200,110360,She Walks in Beauty,class,gld20050,gld20050,11036004,1,gld200.processEvent050,default,direct_scene,static_no_dynamic_payload,delegateEvent / no dynamic replay payload,slot9=-200 literal zero/default placeholder; slot10=-200 literal zero/default placeholder; slot11=-200 literal zero/default placeholder; slot12=-200 literal zero/default placeholder; slot13=-200 literal zero/default placeholder; slot14=-200 literal zero/default placeholder; slot15=-200 literal zero/default placeholder,-200,literal zero/default placeholder,-200,literal zero/default placeholder,-200,literal zero/default placeholder,-200,literal zero/default placeholder,-200,literal zero/default placeholder,-200,literal zero/default placeholder,-200,literal zero/default placeholder
gld300,110361,F'lhaminn's Flower,class,gld30020,gld30020,11036101,1,gld300.processEvent020,default,direct_scene,dynamic_placeholder_payload,manual replay placeholder review,slot9=-218 literal true; slot10=-208 quest 110480 completion selector; slot11=-200 literal zero/default placeholder; slot12=-200 literal zero/default placeholder; slot13=-200 literal zero/default placeholder; slot14=-200 literal zero/default placeholder; slot15=-200 literal zero/default placeholder,-218,literal true,-208,quest 110480 completion selector,-200,literal zero/default placeholder,-200,literal zero/default placeholder,-200,literal zero/default placeholder,-200,literal zero/default placeholder,-200,literal zero/default placeholder
gld300,110361,F'lhaminn's Flower,class,gld30030,gld30030,11036102,1,gld300.processEvent030,default,direct_scene,static_no_dynamic_payload,delegateEvent / no dynamic replay payload,slot9=-200 literal zero/default placeholder; slot10=-200 literal zero/default placeholder; slot11=-200 literal zero/default placeholder; slot12=-200 literal zero/default placeholder; slot13=-200 literal zero/default placeholder; slot14=-200 literal zero/default placeholder; slot15=-200 literal zero/default placeholder,-200,literal zero/default placeholder,-200,literal zero/default placeholder,-200,literal zero/default placeholder,-200,literal zero/default placeholder,-200,literal zero/default placeholder,-200,literal zero/default placeholder,-200,literal zero/default placeholder
gld300,110361,F'lhaminn's Flower,class,gld30040,gld30040,11036103,1,gld300.processEvent040,after_warp,direct_scene_after_warp,static_no_dynamic_payload,delegateEvent / no dynamic replay payload,slot9=-200 literal zero/default placeholder; slot10=-200 literal zero/default placeholder; slot11=-200 literal zero/default placeholder; slot12=-200 literal zero/default placeholder; slot13=-200 literal zero/default placeholder; slot14=-200 literal zero/default placeholder; slot15=-200 literal zero/default placeholder,-200,literal zero/default placeholder,-200,literal zero/default placeholder,-200,literal zero/default placeholder,-200,literal zero/default placeholder,-200,literal zero/default placeholder,-200,literal zero/default placeholder,-200,literal zero/default placeholder
gld300,110361,F'lhaminn's Flower,class,gld30050,gld30050,11036104,1,gld300.processEvent050,after_warp,direct_scene_after_warp,static_no_dynamic_payload,delegateEvent / no dynamic replay payload,slot9=-200 literal zero/default placeholder; slot10=-200 literal zero/default placeholder; slot11=-200 literal zero/default placeholder; slot12=-200 literal zero/default placeholder; slot13=-200 literal zero/default placeholder; slot14=-200 literal zero/default placeholder; slot15=-200 literal zero/default placeholder,-200,literal zero/default placeholder,-200,literal zero/default placeholder,-200,literal zero/default placeholder,-200,literal zero/default placeholder,-200,literal zero/default placeholder,-200,literal zero/default placeholder,-200,literal zero/default placeholder
gld300,110361,F'lhaminn's Flower,class,gld30060,gld30060,11036105,1,gld300.processEvent060,after_warp,direct_scene_after_warp,static_no_dynamic_payload,delegateEvent / no dynamic replay payload,slot9=-200 literal zero/default placeholder; slot10=-200 literal zero/default placeholder; slot11=-200 literal zero/default placeholder; slot12=-200 literal zero/default placeholder; slot13=-200 literal zero/default placeholder; slot14=-200 literal zero/default placeholder; slot15=-200 literal zero/default placeholder,-200,literal zero/default placeholder,-200,literal zero/default placeholder,-200,literal zero/default placeholder,-200,literal zero/default placeholder,-200,literal zero/default placeholder,-200,literal zero/default placeholder,-200,literal zero/default placeholder
gld300,110361,F'lhaminn's Flower,class,gld30080,gld30080,11036106,1,gld300.processEvent080,after_warp,direct_scene_after_warp,static_no_dynamic_payload,delegateEvent / no dynamic replay payload,slot9=-200 literal zero/default placeholder; slot10=-200 literal zero/default placeholder; slot11=-200 literal zero/default placeholder; slot12=-200 literal zero/default placeholder; slot13=-200 literal zero/default placeholder; slot14=-200 literal zero/default placeholder; slot15=-200 literal zero/default placeholder,-200,literal zero/default placeholder,-200,literal zero/default placeholder,-200,literal zero/default placeholder,-200,literal zero/default placeholder,-200,literal zero/default placeholder,-200,literal zero/default placeholder,-200,literal zero/default placeholder
gld306,110362,Struck Through the Heart,class,gld30610,gld30610,11036201,1,gld306.processEventElecotteStart,default,direct_scene,static_no_dynamic_payload,delegateEvent / no dynamic replay payload,slot9=-200 literal zero/default placeholder; slot10=-200 literal zero/default placeholder; slot11=-200 literal zero/default placeholder; slot12=-200 literal zero/default placeholder; slot13=-200 literal zero/default placeholder; slot14=-200 literal zero/default placeholder; slot15=-200 literal zero/default placeholder,-200,literal zero/default placeholder,-200,literal zero/default placeholder,-200,literal zero/default placeholder,-200,literal zero/default placeholder,-200,literal zero/default placeholder,-200,literal zero/default placeholder,-200,literal zero/default placeholder
gld306,110362,Struck Through the Heart,class,gld30615,gld30615,11036202,1,gld306.processEvent015,default,direct_scene,static_no_dynamic_payload,delegateEvent / no dynamic replay payload,slot9=-200 literal zero/default placeholder; slot10=-200 literal zero/default placeholder; slot11=-200 literal zero/default placeholder; slot12=-200 literal zero/default placeholder; slot13=-200 literal zero/default placeholder; slot14=-200 literal zero/default placeholder; slot15=-200 literal zero/default placeholder,-200,literal zero/default placeholder,-200,literal zero/default placeholder,-200,literal zero/default placeholder,-200,literal zero/default placeholder,-200,literal zero/default placeholder,-200,literal zero/default placeholder,-200,literal zero/default placeholder
gld306,110362,Struck Through the Heart,class,gld30620,gld30620,11036203,1,gld306.processEvent020,default,direct_scene,static_no_dynamic_payload,delegateEvent / no dynamic replay payload,slot9=-200 literal zero/default placeholder; slot10=-200 literal zero/default placeholder; slot11=-200 literal zero/default placeholder; slot12=-200 literal zero/default placeholder; slot13=-200 literal zero/default placeholder; slot14=-200 literal zero/default placeholder; slot15=-200 literal zero/default placeholder,-200,literal zero/default placeholder,-200,literal zero/default placeholder,-200,literal zero/default placeholder,-200,literal zero/default placeholder,-200,literal zero/default placeholder,-200,literal zero/default placeholder,-200,literal zero/default placeholder
gld306,110362,Struck Through the Heart,class,gld30630,gld30630,11036204,1,gld306.processEvent030,after_warp,direct_scene_after_warp,static_no_dynamic_payload,delegateEvent / no dynamic replay payload,slot9=-200 literal zero/default placeholder; slot10=-200 literal zero/default placeholder; slot11=-200 literal zero/default placeholder; slot12=-200 literal zero/default placeholder; slot13=-200 literal zero/default placeholder; slot14=-200 literal zero/default placeholder; slot15=-200 literal zero/default placeholder,-200,literal zero/default placeholder,-200,literal zero/default placeholder,-200,literal zero/default placeholder,-200,literal zero/default placeholder,-200,literal zero/default placeholder,-200,literal zero/default placeholder,-200,literal zero/default placeholder
hrv200,110480,Gridanian Roots,class,hrv20010,hrv20010,11048001,1,hrv200.processEvent010,default,direct_scene,static_no_dynamic_payload,delegateEvent / no dynamic replay payload,slot9=-200 literal zero/default placeholder; slot10=-200 literal zero/default placeholder; slot11=-200 literal zero/default placeholder; slot12=-200 literal zero/default placeholder; slot13=-200 literal zero/default placeholder; slot14=-200 literal zero/default placeholder; slot15=-200 literal zero/default placeholder,-200,literal zero/default placeholder,-200,literal zero/default placeholder,-200,literal zero/default placeholder,-200,literal zero/default placeholder,-200,literal zero/default placeholder,-200,literal zero/default placeholder,-200,literal zero/default placeholder
hrv200,110480,Gridanian Roots,class,hrv20020,hrv20020,11048002,1,hrv200.processEvent020;hrv200.processEvent020_1,after_warp;default,direct_scene;direct_scene_after_warp,static_no_dynamic_payload,delegateEvent / no dynamic replay payload,slot9=-200 literal zero/default placeholder; slot10=-200 literal zero/default placeholder; slot11=-200 literal zero/default placeholder; slot12=-200 literal zero/default placeholder; slot13=-200 literal zero/default placeholder; slot14=-200 literal zero/default placeholder; slot15=-200 literal zero/default placeholder,-200,literal zero/default placeholder,-200,literal zero/default placeholder,-200,literal zero/default placeholder,-200,literal zero/default placeholder,-200,literal zero/default placeholder,-200,literal zero/default placeholder,-200,literal zero/default placeholder
hrv200,110480,Gridanian Roots,class,hrv20030,hrv20030,11048003,1,hrv200.processEvent030,after_warp,direct_scene_after_warp,static_no_dynamic_payload,delegateEvent / no dynamic replay payload,slot9=-200 literal zero/default placeholder; slot10=-200 literal zero/default placeholder; slot11=-200 literal zero/default placeholder; slot12=-200 literal zero/default placeholder; slot13=-200 literal zero/default placeholder; slot14=-200 literal zero/default placeholder; slot15=-200 literal zero/default placeholder,-200,literal zero/default placeholder,-200,literal zero/default placeholder,-200,literal zero/default placeholder,-200,literal zero/default placeholder,-200,literal zero/default placeholder,-200,literal zero/default placeholder,-200,literal zero/default placeholder
hrv300,110481,The Grass is Always Greener,class,hrv30010,hrv30010,11048101,1,hrv300.processEvent010,default,direct_scene,static_no_dynamic_payload,delegateEvent / no dynamic replay payload,slot9=-200 literal zero/default placeholder; slot10=-200 literal zero/default placeholder; slot11=-200 literal zero/default placeholder; slot12=-200 literal zero/default placeholder; slot13=-200 literal zero/default placeholder; slot14=-200 literal zero/default placeholder; slot15=-200 literal zero/default placeholder,-200,literal zero/default placeholder,-200,literal zero/default placeholder,-200,literal zero/default placeholder,-200,literal zero/default placeholder,-200,literal zero/default placeholder,-200,literal zero/default placeholder,-200,literal zero/default placeholder
hrv300,110481,The Grass is Always Greener,class,hrv30020,hrv30020,11048102,1,hrv300.processEvent020,default,direct_scene,static_no_dynamic_payload,delegateEvent / no dynamic replay payload,slot9=-200 literal zero/default placeholder; slot10=-200 literal zero/default placeholder; slot11=-200 literal zero/default placeholder; slot12=-200 literal zero/default placeholder; slot13=-200 literal zero/default placeholder; slot14=-200 literal zero/default placeholder; slot15=-200 literal zero/default placeholder,-200,literal zero/default placeholder,-200,literal zero/default placeholder,-200,literal zero/default placeholder,-200,literal zero/default placeholder,-200,literal zero/default placeholder,-200,literal zero/default placeholder,-200,literal zero/default placeholder
hrv300,110481,The Grass is Always Greener,class,hrv30030,hrv30030,11048103,1,hrv300.processEvent030,default,direct_scene,static_no_dynamic_payload,delegateEvent / no dynamic replay payload,slot9=-200 literal zero/default placeholder; slot10=-200 literal zero/default placeholder; slot11=-200 literal zero/default placeholder; slot12=-200 literal zero/default placeholder; slot13=-200 literal zero/default placeholder; slot14=-200 literal zero/default placeholder; slot15=-200 literal zero/default placeholder,-200,literal zero/default placeholder,-200,literal zero/default placeholder,-200,literal zero/default placeholder,-200,literal zero/default placeholder,-200,literal zero/default placeholder,-200,literal zero/default placeholder,-200,literal zero/default placeholder
hrv300,110481,The Grass is Always Greener,class,hrv30040,hrv30040,11048104,1,hrv300.processEvent040,after_warp,direct_scene_after_warp,static_no_dynamic_payload,delegateEvent / no dynamic replay payload,slot9=-200 literal zero/default placeholder; slot10=-200 literal zero/default placeholder; slot11=-200 literal zero/default placeholder; slot12=-200 literal zero/default placeholder; slot13=-200 literal zero/default placeholder; slot14=-200 literal zero/default placeholder; slot15=-200 literal zero/default placeholder,-200,literal zero/default placeholder,-200,literal zero/default placeholder,-200,literal zero/default placeholder,-200,literal zero/default placeholder,-200,literal zero/default placeholder,-200,literal zero/default placeholder,-200,literal zero/default placeholder
hrv306,110482,A Moogle Bouquet,class,hrv30610,hrv30610,11048201,1,hrv306.processEvent010,branch_or_mixed_default_and_after_warp,direct_scene_after_warp,static_no_dynamic_payload,delegateEvent / no dynamic replay payload,slot9=-200 literal zero/default placeholder; slot10=-200 literal zero/default placeholder; slot11=-200 literal zero/default placeholder; slot12=-200 literal zero/default placeholder; slot13=-200 literal zero/default placeholder; slot14=-200 literal zero/default placeholder; slot15=-200 literal zero/default placeholder,-200,literal zero/default placeholder,-200,literal zero/default placeholder,-200,literal zero/default placeholder,-200,literal zero/default placeholder,-200,literal zero/default placeholder,-200,literal zero/default placeholder,-200,literal zero/default placeholder
hrv306,110482,A Moogle Bouquet,class,hrv30620,hrv30620,11048202,1,hrv306.processEvent020,after_warp,direct_scene_after_warp,static_no_dynamic_payload,delegateEvent / no dynamic replay payload,slot9=-200 literal zero/default placeholder; slot10=-200 literal zero/default placeholder; slot11=-200 literal zero/default placeholder; slot12=-200 literal zero/default placeholder; slot13=-200 literal zero/default placeholder; slot14=-200 literal zero/default placeholder; slot15=-200 literal zero/default placeholder,-200,literal zero/default placeholder,-200,literal zero/default placeholder,-200,literal zero/default placeholder,-200,literal zero/default placeholder,-200,literal zero/default placeholder,-200,literal zero/default placeholder,-200,literal zero/default placeholder
hrv306,110482,A Moogle Bouquet,class,hrv30630,hrv30630,11048203,1,hrv306.processEvent030,after_warp,direct_scene_after_warp,dynamic_placeholder_payload,manual replay placeholder review,slot9=1 unknown replay placeholder; slot10=-200 literal zero/default placeholder; slot11=-200 literal zero/default placeholder; slot12=-200 literal zero/default placeholder; slot13=-200 literal zero/default placeholder; slot14=-200 literal zero/default placeholder; slot15=-200 literal zero/default placeholder,1,unknown replay placeholder,-200,literal zero/default placeholder,-200,literal zero/default placeholder,-200,literal zero/default placeholder,-200,literal zero/default placeholder,-200,literal zero/default placeholder,-200,literal zero/default placeholder
hrv306,110482,A Moogle Bouquet,class,hrv30630,hrv30630,11048204,1,hrv306.processEvent030,after_warp,direct_scene_after_warp,dynamic_placeholder_payload,manual replay placeholder review,slot9=0 unknown replay placeholder; slot10=-200 literal zero/default placeholder; slot11=-200 literal zero/default placeholder; slot12=-200 literal zero/default placeholder; slot13=-200 literal zero/default placeholder; slot14=-200 literal zero/default placeholder; slot15=-200 literal zero/default placeholder,0,unknown replay placeholder,-200,literal zero/default placeholder,-200,literal zero/default placeholder,-200,literal zero/default placeholder,-200,literal zero/default placeholder,-200,literal zero/default placeholder,-200,literal zero/default placeholder
hrv306,110482,A Moogle Bouquet,class,hrv30640,hrv30640,11048205,1,hrv306.processEvent040,default,direct_scene,static_no_dynamic_payload,delegateEvent / no dynamic replay payload,slot9=-200 literal zero/default placeholder; slot10=-200 literal zero/default placeholder; slot11=-200 literal zero/default placeholder; slot12=-200 literal zero/default placeholder; slot13=-200 literal zero/default placeholder; slot14=-200 literal zero/default placeholder; slot15=-200 literal zero/default placeholder,-200,literal zero/default placeholder,-200,literal zero/default placeholder,-200,literal zero/default placeholder,-200,literal zero/default placeholder,-200,literal zero/default placeholder,-200,literal zero/default placeholder,-200,literal zero/default placeholder
hrv306,110482,A Moogle Bouquet,class,hrv30650,hrv30650,11048206,1,hrv306.processEvent050,default,direct_scene,static_no_dynamic_payload,delegateEvent / no dynamic replay payload,slot9=-200 literal zero/default placeholder; slot10=-200 literal zero/default placeholder; slot11=-200 literal zero/default placeholder; slot12=-200 literal zero/default placeholder; slot13=-200 literal zero/default placeholder; slot14=-200 literal zero/default placeholder; slot15=-200 literal zero/default placeholder,-200,literal zero/default placeholder,-200,literal zero/default placeholder,-200,literal zero/default placeholder,-200,literal zero/default placeholder,-200,literal zero/default placeholder,-200,literal zero/default placeholder,-200,literal zero/default placeholder
hrv306,110482,A Moogle Bouquet,class,hrv30660,hrv30660,11048207,1,hrv306.processEvent060,default,direct_scene,static_no_dynamic_payload,delegateEvent / no dynamic replay payload,slot9=-200 literal zero/default placeholder; slot10=-200 literal zero/default placeholder; slot11=-200 literal zero/default placeholder; slot12=-200 literal zero/default placeholder; slot13=-200 literal zero/default placeholder; slot14=-200 literal zero/default placeholder; slot15=-200 literal zero/default placeholder,-200,literal zero/default placeholder,-200,literal zero/default placeholder,-200,literal zero/default placeholder,-200,literal zero/default placeholder,-200,literal zero/default placeholder,-200,literal zero/default placeholder,-200,literal zero/default placeholder
hrv306,110482,A Moogle Bouquet,class,hrv30670,hrv30670,11048208,1,hrv306.processEvent070,default,direct_scene,static_no_dynamic_payload,delegateEvent / no dynamic replay payload,slot9=-200 literal zero/default placeholder; slot10=-200 literal zero/default placeholder; slot11=-200 literal zero/default placeholder; slot12=-200 literal zero/default placeholder; slot13=-200 literal zero/default placeholder; slot14=-200 literal zero/default placeholder; slot15=-200 literal zero/default placeholder,-200,literal zero/default placeholder,-200,literal zero/default placeholder,-200,literal zero/default placeholder,-200,literal zero/default placeholder,-200,literal zero/default placeholder,-200,literal zero/default placeholder,-200,literal zero/default placeholder
lnc200,110180,A Wailing Welcome,class,lnc20010,lnc20010,11018001,1,lnc200.processEvent010,default,direct_scene,static_no_dynamic_payload,delegateEvent / no dynamic replay payload,slot9=-200 literal zero/default placeholder; slot10=-200 literal zero/default placeholder; slot11=-200 literal zero/default placeholder; slot12=-200 literal zero/default placeholder; slot13=-200 literal zero/default placeholder; slot14=-200 literal zero/default placeholder; slot15=-200 literal zero/default placeholder,-200,literal zero/default placeholder,-200,literal zero/default placeholder,-200,literal zero/default placeholder,-200,literal zero/default placeholder,-200,literal zero/default placeholder,-200,literal zero/default placeholder,-200,literal zero/default placeholder
lnc200,110180,A Wailing Welcome,class,lnc20020,lnc20020,11018002,1,lnc200.processEvent020,after_warp,direct_scene_after_warp,static_no_dynamic_payload,delegateEvent / no dynamic replay payload,slot9=-200 literal zero/default placeholder; slot10=-200 literal zero/default placeholder; slot11=-200 literal zero/default placeholder; slot12=-200 literal zero/default placeholder; slot13=-200 literal zero/default placeholder; slot14=-200 literal zero/default placeholder; slot15=-200 literal zero/default placeholder,-200,literal zero/default placeholder,-200,literal zero/default placeholder,-200,literal zero/default placeholder,-200,literal zero/default placeholder,-200,literal zero/default placeholder,-200,literal zero/default placeholder,-200,literal zero/default placeholder
lnc200,110180,A Wailing Welcome,class,lnc20030,lnc20030,11018003,1,lnc200.processEvent030,default,direct_scene,static_no_dynamic_payload,delegateEvent / no dynamic replay payload,slot9=-200 literal zero/default placeholder; slot10=-200 literal zero/default placeholder; slot11=-200 literal zero/default placeholder; slot12=-200 literal zero/default placeholder; slot13=-200 literal zero/default placeholder; slot14=-200 literal zero/default placeholder; slot15=-200 literal zero/default placeholder,-200,literal zero/default placeholder,-200,literal zero/default placeholder,-200,literal zero/default placeholder,-200,literal zero/default placeholder,-200,literal zero/default placeholder,-200,literal zero/default placeholder,-200,literal zero/default placeholder
lnc300,110181,Culture Shock,class,lnc30010,lnc30010,11018101,1,lnc300.processEventJMoldvaStart,default,direct_scene,static_no_dynamic_payload,delegateEvent / no dynamic replay payload,slot9=-200 literal zero/default placeholder; slot10=-200 literal zero/default placeholder; slot11=-200 literal zero/default placeholder; slot12=-200 literal zero/default placeholder; slot13=-200 literal zero/default placeholder; slot14=-200 literal zero/default placeholder; slot15=-200 literal zero/default placeholder,-200,literal zero/default placeholder,-200,literal zero/default placeholder,-200,literal zero/default placeholder,-200,literal zero/default placeholder,-200,literal zero/default placeholder,-200,literal zero/default placeholder,-200,literal zero/default placeholder
lnc300,110181,Culture Shock,class,lnc30020,lnc30020,11018102,1,lnc300.processEvent020,after_warp,direct_scene_after_warp,static_no_dynamic_payload,delegateEvent / no dynamic replay payload,slot9=-200 literal zero/default placeholder; slot10=-200 literal zero/default placeholder; slot11=-200 literal zero/default placeholder; slot12=-200 literal zero/default placeholder; slot13=-200 literal zero/default placeholder; slot14=-200 literal zero/default placeholder; slot15=-200 literal zero/default placeholder,-200,literal zero/default placeholder,-200,literal zero/default placeholder,-200,literal zero/default placeholder,-200,literal zero/default placeholder,-200,literal zero/default placeholder,-200,literal zero/default placeholder,-200,literal zero/default placeholder
lnc300,110181,Culture Shock,class,lnc30030,lnc30030,11018103,1,lnc300.processEvent030,default,direct_scene,static_no_dynamic_payload,delegateEvent / no dynamic replay payload,slot9=-200 literal zero/default placeholder; slot10=-200 literal zero/default placeholder; slot11=-200 literal zero/default placeholder; slot12=-200 literal zero/default placeholder; slot13=-200 literal zero/default placeholder; slot14=-200 literal zero/default placeholder; slot15=-200 literal zero/default placeholder,-200,literal zero/default placeholder,-200,literal zero/default placeholder,-200,literal zero/default placeholder,-200,literal zero/default placeholder,-200,literal zero/default placeholder,-200,literal zero/default placeholder,-200,literal zero/default placeholder
lnc300,110181,Culture Shock,class,lnc30040,lnc30040,11018104,1,lnc300.processEvent040,default,direct_scene,static_no_dynamic_payload,delegateEvent / no dynamic replay payload,slot9=-200 literal zero/default placeholder; slot10=-200 literal zero/default placeholder; slot11=-200 literal zero/default placeholder; slot12=-200 literal zero/default placeholder; slot13=-200 literal zero/default placeholder; slot14=-200 literal zero/default placeholder; slot15=-200 literal zero/default placeholder,-200,literal zero/default placeholder,-200,literal zero/default placeholder,-200,literal zero/default placeholder,-200,literal zero/default placeholder,-200,literal zero/default placeholder,-200,literal zero/default placeholder,-200,literal zero/default placeholder
lnc300,110181,Culture Shock,class,lnc30050,lnc30050,11018105,1,lnc300.processEvent050,after_warp,direct_scene_after_warp,static_no_dynamic_payload,delegateEvent / no dynamic replay payload,slot9=-200 literal zero/default placeholder; slot10=-200 literal zero/default placeholder; slot11=-200 literal zero/default placeholder; slot12=-200 literal zero/default placeholder; slot13=-200 literal zero/default placeholder; slot14=-200 literal zero/default placeholder; slot15=-200 literal zero/default placeholder,-200,literal zero/default placeholder,-200,literal zero/default placeholder,-200,literal zero/default placeholder,-200,literal zero/default placeholder,-200,literal zero/default placeholder,-200,literal zero/default placeholder,-200,literal zero/default placeholder
lnc300,110181,Culture Shock,class,lnc30060,lnc30060,11018106,1,lnc300.processEvent060,default,direct_scene,static_no_dynamic_payload,delegateEvent / no dynamic replay payload,slot9=-200 literal zero/default placeholder; slot10=-200 literal zero/default placeholder; slot11=-200 literal zero/default placeholder; slot12=-200 literal zero/default placeholder; slot13=-200 literal zero/default placeholder; slot14=-200 literal zero/default placeholder; slot15=-200 literal zero/default placeholder,-200,literal zero/default placeholder,-200,literal zero/default placeholder,-200,literal zero/default placeholder,-200,literal zero/default placeholder,-200,literal zero/default placeholder,-200,literal zero/default placeholder,-200,literal zero/default placeholder
lnc300,110181,Culture Shock,class,lnc30065,lnc30065,11018107,1,lnc300.processEvent065,after_warp,direct_scene_after_warp,static_no_dynamic_payload,delegateEvent / no dynamic replay payload,slot9=-200 literal zero/default placeholder; slot10=-200 literal zero/default placeholder; slot11=-200 literal zero/default placeholder; slot12=-200 literal zero/default placeholder; slot13=-200 literal zero/default placeholder; slot14=-200 literal zero/default placeholder; slot15=-200 literal zero/default placeholder,-200,literal zero/default placeholder,-200,literal zero/default placeholder,-200,literal zero/default placeholder,-200,literal zero/default placeholder,-200,literal zero/default placeholder,-200,literal zero/default placeholder,-200,literal zero/default placeholder
lnc300,110181,Culture Shock,class,lnc30070,lnc30070,11018108,1,lnc300.processEvent070,after_warp,direct_scene_after_warp,static_no_dynamic_payload,delegateEvent / no dynamic replay payload,slot9=-200 literal zero/default placeholder; slot10=-200 literal zero/default placeholder; slot11=-200 literal zero/default placeholder; slot12=-200 literal zero/default placeholder; slot13=-200 literal zero/default placeholder; slot14=-200 literal zero/default placeholder; slot15=-200 literal zero/default placeholder,-200,literal zero/default placeholder,-200,literal zero/default placeholder,-200,literal zero/default placeholder,-200,literal zero/default placeholder,-200,literal zero/default placeholder,-200,literal zero/default placeholder,-200,literal zero/default placeholder
lnc306,110182,Necessary Evils,class,lnc30610,lnc30610,11018201,1,lnc306.processEvent010,after_warp,direct_scene_after_warp,static_no_dynamic_payload,delegateEvent / no dynamic replay payload,slot9=-200 literal zero/default placeholder; slot10=-200 literal zero/default placeholder; slot11=-200 literal zero/default placeholder; slot12=-200 literal zero/default placeholder; slot13=-200 literal zero/default placeholder; slot14=-200 literal zero/default placeholder; slot15=-200 literal zero/default placeholder,-200,literal zero/default placeholder,-200,literal zero/default placeholder,-200,literal zero/default placeholder,-200,literal zero/default placeholder,-200,literal zero/default placeholder,-200,literal zero/default placeholder,-200,literal zero/default placeholder
lnc306,110182,Necessary Evils,class,lnc30620,lnc30620,11018202,1,lnc306.processEvent020,after_warp,direct_scene_after_warp,static_no_dynamic_payload,delegateEvent / no dynamic replay payload,slot9=-200 literal zero/default placeholder; slot10=-200 literal zero/default placeholder; slot11=-200 literal zero/default placeholder; slot12=-200 literal zero/default placeholder; slot13=-200 literal zero/default placeholder; slot14=-200 literal zero/default placeholder; slot15=-200 literal zero/default placeholder,-200,literal zero/default placeholder,-200,literal zero/default placeholder,-200,literal zero/default placeholder,-200,literal zero/default placeholder,-200,literal zero/default placeholder,-200,literal zero/default placeholder,-200,literal zero/default placeholder
lnc306,110182,Necessary Evils,class,lnc30630,lnc30630,11018203,1,lnc306.processEvent030,after_warp,direct_scene_after_warp,static_no_dynamic_payload,delegateEvent / no dynamic replay payload,slot9=-200 literal zero/default placeholder; slot10=-200 literal zero/default placeholder; slot11=-200 literal zero/default placeholder; slot12=-200 literal zero/default placeholder; slot13=-200 literal zero/default placeholder; slot14=-200 literal zero/default placeholder; slot15=-200 literal zero/default placeholder,-200,literal zero/default placeholder,-200,literal zero/default placeholder,-200,literal zero/default placeholder,-200,literal zero/default placeholder,-200,literal zero/default placeholder,-200,literal zero/default placeholder,-200,literal zero/default placeholder
lnc306,110182,Necessary Evils,class,lnc30640,lnc30640,11018204,1,lnc306.processEvent040,default,direct_scene,static_no_dynamic_payload,delegateEvent / no dynamic replay payload,slot9=-200 literal zero/default placeholder; slot10=-200 literal zero/default placeholder; slot11=-200 literal zero/default placeholder; slot12=-200 literal zero/default placeholder; slot13=-200 literal zero/default placeholder; slot14=-200 literal zero/default placeholder; slot15=-200 literal zero/default placeholder,-200,literal zero/default placeholder,-200,literal zero/default placeholder,-200,literal zero/default placeholder,-200,literal zero/default placeholder,-200,literal zero/default placeholder,-200,literal zero/default placeholder,-200,literal zero/default placeholder
lnc306,110182,Necessary Evils,class,lnc30650,lnc30650,11018205,1,lnc306.processEvent050,default,direct_scene,static_no_dynamic_payload,delegateEvent / no dynamic replay payload,slot9=-200 literal zero/default placeholder; slot10=-200 literal zero/default placeholder; slot11=-200 literal zero/default placeholder; slot12=-200 literal zero/default placeholder; slot13=-200 literal zero/default placeholder; slot14=-200 literal zero/default placeholder; slot15=-200 literal zero/default placeholder,-200,literal zero/default placeholder,-200,literal zero/default placeholder,-200,literal zero/default placeholder,-200,literal zero/default placeholder,-200,literal zero/default placeholder,-200,literal zero/default placeholder,-200,literal zero/default placeholder
min200,110460,A Piece of History,class,min20010,min20010,11046001,1,min200.processEvent010,default,direct_scene,static_no_dynamic_payload,delegateEvent / no dynamic replay payload,slot9=-200 literal zero/default placeholder; slot10=-200 literal zero/default placeholder; slot11=-200 literal zero/default placeholder; slot12=-200 literal zero/default placeholder; slot13=-200 literal zero/default placeholder; slot14=-200 literal zero/default placeholder; slot15=-200 literal zero/default placeholder,-200,literal zero/default placeholder,-200,literal zero/default placeholder,-200,literal zero/default placeholder,-200,literal zero/default placeholder,-200,literal zero/default placeholder,-200,literal zero/default placeholder,-200,literal zero/default placeholder
min200,110460,A Piece of History,class,min20020,min20020,11046002,1,min200.processEvent020,after_warp,direct_scene_after_warp,static_no_dynamic_payload,delegateEvent / no dynamic replay payload,slot9=-200 literal zero/default placeholder; slot10=-200 literal zero/default placeholder; slot11=-200 literal zero/default placeholder; slot12=-200 literal zero/default placeholder; slot13=-200 literal zero/default placeholder; slot14=-200 literal zero/default placeholder; slot15=-200 literal zero/default placeholder,-200,literal zero/default placeholder,-200,literal zero/default placeholder,-200,literal zero/default placeholder,-200,literal zero/default placeholder,-200,literal zero/default placeholder,-200,literal zero/default placeholder,-200,literal zero/default placeholder
min200,110460,A Piece of History,class,min20030,min20030,11046003,1,min200.processEvent030,after_warp,direct_scene_after_warp,static_no_dynamic_payload,delegateEvent / no dynamic replay payload,slot9=-200 literal zero/default placeholder; slot10=-200 literal zero/default placeholder; slot11=-200 literal zero/default placeholder; slot12=-200 literal zero/default placeholder; slot13=-200 literal zero/default placeholder; slot14=-200 literal zero/default placeholder; slot15=-200 literal zero/default placeholder,-200,literal zero/default placeholder,-200,literal zero/default placeholder,-200,literal zero/default placeholder,-200,literal zero/default placeholder,-200,literal zero/default placeholder,-200,literal zero/default placeholder,-200,literal zero/default placeholder
min200,110460,A Piece of History,class,min20035,min20035,11046004,1,min200.processEvent040,after_warp,direct_scene_after_warp,static_no_dynamic_payload,delegateEvent / no dynamic replay payload,slot9=-200 literal zero/default placeholder; slot10=-200 literal zero/default placeholder; slot11=-200 literal zero/default placeholder; slot12=-200 literal zero/default placeholder; slot13=-200 literal zero/default placeholder; slot14=-200 literal zero/default placeholder; slot15=-200 literal zero/default placeholder,-200,literal zero/default placeholder,-200,literal zero/default placeholder,-200,literal zero/default placeholder,-200,literal zero/default placeholder,-200,literal zero/default placeholder,-200,literal zero/default placeholder,-200,literal zero/default placeholder
min300,110461,Little Saboteurs,class,min30010,min30010,11046101,1,min300.processEvent010,default,direct_scene,static_no_dynamic_payload,delegateEvent / no dynamic replay payload,slot9=-200 literal zero/default placeholder; slot10=-200 literal zero/default placeholder; slot11=-200 literal zero/default placeholder; slot12=-200 literal zero/default placeholder; slot13=-200 literal zero/default placeholder; slot14=-200 literal zero/default placeholder; slot15=-200 literal zero/default placeholder,-200,literal zero/default placeholder,-200,literal zero/default placeholder,-200,literal zero/default placeholder,-200,literal zero/default placeholder,-200,literal zero/default placeholder,-200,literal zero/default placeholder,-200,literal zero/default placeholder
min300,110461,Little Saboteurs,class,min30020,min30020,11046102,1,min300.processEvent020,after_warp,direct_scene_after_warp,static_no_dynamic_payload,delegateEvent / no dynamic replay payload,slot9=-200 literal zero/default placeholder; slot10=-200 literal zero/default placeholder; slot11=-200 literal zero/default placeholder; slot12=-200 literal zero/default placeholder; slot13=-200 literal zero/default placeholder; slot14=-200 literal zero/default placeholder; slot15=-200 literal zero/default placeholder,-200,literal zero/default placeholder,-200,literal zero/default placeholder,-200,literal zero/default placeholder,-200,literal zero/default placeholder,-200,literal zero/default placeholder,-200,literal zero/default placeholder,-200,literal zero/default placeholder
min300,110461,Little Saboteurs,class,min30030,min30030,11046103,1,min300.processEvent030,after_warp,direct_scene_after_warp,static_no_dynamic_payload,delegateEvent / no dynamic replay payload,slot9=-200 literal zero/default placeholder; slot10=-200 literal zero/default placeholder; slot11=-200 literal zero/default placeholder; slot12=-200 literal zero/default placeholder; slot13=-200 literal zero/default placeholder; slot14=-200 literal zero/default placeholder; slot15=-200 literal zero/default placeholder,-200,literal zero/default placeholder,-200,literal zero/default placeholder,-200,literal zero/default placeholder,-200,literal zero/default placeholder,-200,literal zero/default placeholder,-200,literal zero/default placeholder,-200,literal zero/default placeholder
min300,110461,Little Saboteurs,class,min30040,min30040,11046104,1,min300.processEvent040,after_warp,direct_scene_after_warp,static_no_dynamic_payload,delegateEvent / no dynamic replay payload,slot9=-200 literal zero/default placeholder; slot10=-200 literal zero/default placeholder; slot11=-200 literal zero/default placeholder; slot12=-200 literal zero/default placeholder; slot13=-200 literal zero/default placeholder; slot14=-200 literal zero/default placeholder; slot15=-200 literal zero/default placeholder,-200,literal zero/default placeholder,-200,literal zero/default placeholder,-200,literal zero/default placeholder,-200,literal zero/default placeholder,-200,literal zero/default placeholder,-200,literal zero/default placeholder,-200,literal zero/default placeholder
min300,110461,Little Saboteurs,class,min30050,min30050,11046105,1,min300.processEvent050,after_warp,direct_scene_after_warp,static_no_dynamic_payload,delegateEvent / no dynamic replay payload,slot9=-200 literal zero/default placeholder; slot10=-200 literal zero/default placeholder; slot11=-200 literal zero/default placeholder; slot12=-200 literal zero/default placeholder; slot13=-200 literal zero/default placeholder; slot14=-200 literal zero/default placeholder; slot15=-200 literal zero/default placeholder,-200,literal zero/default placeholder,-200,literal zero/default placeholder,-200,literal zero/default placeholder,-200,literal zero/default placeholder,-200,literal zero/default placeholder,-200,literal zero/default placeholder,-200,literal zero/default placeholder
min300,110461,Little Saboteurs,class,min30060,min30060,11046106,1,min300.processEvent060,branch_or_mixed_default_and_after_warp,direct_scene_after_warp,static_no_dynamic_payload,delegateEvent / no dynamic replay payload,slot9=-200 literal zero/default placeholder; slot10=-200 literal zero/default placeholder; slot11=-200 literal zero/default placeholder; slot12=-200 literal zero/default placeholder; slot13=-200 literal zero/default placeholder; slot14=-200 literal zero/default placeholder; slot15=-200 literal zero/default placeholder,-200,literal zero/default placeholder,-200,literal zero/default placeholder,-200,literal zero/default placeholder,-200,literal zero/default placeholder,-200,literal zero/default placeholder,-200,literal zero/default placeholder,-200,literal zero/default placeholder
min300,110461,Little Saboteurs,class,min30070,min30070,11046107,1,min300.processEvent070,branch_or_mixed_default_and_after_warp,direct_scene_after_warp,static_no_dynamic_payload,delegateEvent / no dynamic replay payload,slot9=-200 literal zero/default placeholder; slot10=-200 literal zero/default placeholder; slot11=-200 literal zero/default placeholder; slot12=-200 literal zero/default placeholder; slot13=-200 literal zero/default placeholder; slot14=-200 literal zero/default placeholder; slot15=-200 literal zero/default placeholder,-200,literal zero/default placeholder,-200,literal zero/default placeholder,-200,literal zero/default placeholder,-200,literal zero/default placeholder,-200,literal zero/default placeholder,-200,literal zero/default placeholder,-200,literal zero/default placeholder
min306,110462,Runaway Little Girl,class,min30610,min30610,11046201,1,min306.processEvent013,default,direct_scene,static_no_dynamic_payload,delegateEvent / no dynamic replay payload,slot9=-200 literal zero/default placeholder; slot10=-200 literal zero/default placeholder; slot11=-200 literal zero/default placeholder; slot12=-200 literal zero/default placeholder; slot13=-200 literal zero/default placeholder; slot14=-200 literal zero/default placeholder; slot15=-200 literal zero/default placeholder,-200,literal zero/default placeholder,-200,literal zero/default placeholder,-200,literal zero/default placeholder,-200,literal zero/default placeholder,-200,literal zero/default placeholder,-200,literal zero/default placeholder,-200,literal zero/default placeholder
min306,110462,Runaway Little Girl,class,min30630,min30630,11046203,1,min306.processEvent030,after_warp,direct_scene_after_warp,static_no_dynamic_payload,delegateEvent / no dynamic replay payload,slot9=-200 literal zero/default placeholder; slot10=-200 literal zero/default placeholder; slot11=-200 literal zero/default placeholder; slot12=-200 literal zero/default placeholder; slot13=-200 literal zero/default placeholder; slot14=-200 literal zero/default placeholder; slot15=-200 literal zero/default placeholder,-200,literal zero/default placeholder,-200,literal zero/default placeholder,-200,literal zero/default placeholder,-200,literal zero/default placeholder,-200,literal zero/default placeholder,-200,literal zero/default placeholder,-200,literal zero/default placeholder
min306,110462,Runaway Little Girl,class,min30640,min30640,11046204,1,min306.processEvent040,default,direct_scene,static_no_dynamic_payload,delegateEvent / no dynamic replay payload,slot9=-200 literal zero/default placeholder; slot10=-200 literal zero/default placeholder; slot11=-200 literal zero/default placeholder; slot12=-200 literal zero/default placeholder; slot13=-200 literal zero/default placeholder; slot14=-200 literal zero/default placeholder; slot15=-200 literal zero/default placeholder,-200,literal zero/default placeholder,-200,literal zero/default placeholder,-200,literal zero/default placeholder,-200,literal zero/default placeholder,-200,literal zero/default placeholder,-200,literal zero/default placeholder,-200,literal zero/default placeholder
pgl200,110060,The House Always Wins,class,pgl20010,pgl20010,11006001,1,pgl200.processEvent010,default,direct_scene,static_no_dynamic_payload,delegateEvent / no dynamic replay payload,slot9=-200 literal zero/default placeholder; slot10=-200 literal zero/default placeholder; slot11=-200 literal zero/default placeholder; slot12=-200 literal zero/default placeholder; slot13=-200 literal zero/default placeholder; slot14=-200 literal zero/default placeholder; slot15=-200 literal zero/default placeholder,-200,literal zero/default placeholder,-200,literal zero/default placeholder,-200,literal zero/default placeholder,-200,literal zero/default placeholder,-200,literal zero/default placeholder,-200,literal zero/default placeholder,-200,literal zero/default placeholder
pgl200,110060,The House Always Wins,class,pgl20020,pgl20020,11006002,1,pgl200.processEvent020,default,direct_scene,static_no_dynamic_payload,delegateEvent / no dynamic replay payload,slot9=-200 literal zero/default placeholder; slot10=-200 literal zero/default placeholder; slot11=-200 literal zero/default placeholder; slot12=-200 literal zero/default placeholder; slot13=-200 literal zero/default placeholder; slot14=-200 literal zero/default placeholder; slot15=-200 literal zero/default placeholder,-200,literal zero/default placeholder,-200,literal zero/default placeholder,-200,literal zero/default placeholder,-200,literal zero/default placeholder,-200,literal zero/default placeholder,-200,literal zero/default placeholder,-200,literal zero/default placeholder
pgl200,110060,The House Always Wins,class,pgl20030,pgl20030,11006003,1,pgl200.processEvent030,after_warp,direct_scene_after_warp,static_no_dynamic_payload,delegateEvent / no dynamic replay payload,slot9=-200 literal zero/default placeholder; slot10=-200 literal zero/default placeholder; slot11=-200 literal zero/default placeholder; slot12=-200 literal zero/default placeholder; slot13=-200 literal zero/default placeholder; slot14=-200 literal zero/default placeholder; slot15=-200 literal zero/default placeholder,-200,literal zero/default placeholder,-200,literal zero/default placeholder,-200,literal zero/default placeholder,-200,literal zero/default placeholder,-200,literal zero/default placeholder,-200,literal zero/default placeholder,-200,literal zero/default placeholder
pgl200,110060,The House Always Wins,class,pgl20040,pgl20040,11006004,1,pgl200.processEvent040,default,direct_scene,static_no_dynamic_payload,delegateEvent / no dynamic replay payload,slot9=-200 literal zero/default placeholder; slot10=-200 literal zero/default placeholder; slot11=-200 literal zero/default placeholder; slot12=-200 literal zero/default placeholder; slot13=-200 literal zero/default placeholder; slot14=-200 literal zero/default placeholder; slot15=-200 literal zero/default placeholder,-200,literal zero/default placeholder,-200,literal zero/default placeholder,-200,literal zero/default placeholder,-200,literal zero/default placeholder,-200,literal zero/default placeholder,-200,literal zero/default placeholder,-200,literal zero/default placeholder
pgl200,110060,The House Always Wins,class,pgl20050,pgl20050,11006005,1,pgl200.processEvent050,default,direct_scene,static_no_dynamic_payload,delegateEvent / no dynamic replay payload,slot9=-200 literal zero/default placeholder; slot10=-200 literal zero/default placeholder; slot11=-200 literal zero/default placeholder; slot12=-200 literal zero/default placeholder; slot13=-200 literal zero/default placeholder; slot14=-200 literal zero/default placeholder; slot15=-200 literal zero/default placeholder,-200,literal zero/default placeholder,-200,literal zero/default placeholder,-200,literal zero/default placeholder,-200,literal zero/default placeholder,-200,literal zero/default placeholder,-200,literal zero/default placeholder,-200,literal zero/default placeholder
pgl200,110060,The House Always Wins,class,pgl20060,pgl20060,11006006,1,pgl200.processEvent060,after_warp,direct_scene_after_warp,static_no_dynamic_payload,delegateEvent / no dynamic replay payload,slot9=-200 literal zero/default placeholder; slot10=-200 literal zero/default placeholder; slot11=-200 literal zero/default placeholder; slot12=-200 literal zero/default placeholder; slot13=-200 literal zero/default placeholder; slot14=-200 literal zero/default placeholder; slot15=-200 literal zero/default placeholder,-200,literal zero/default placeholder,-200,literal zero/default placeholder,-200,literal zero/default placeholder,-200,literal zero/default placeholder,-200,literal zero/default placeholder,-200,literal zero/default placeholder,-200,literal zero/default placeholder
pgl200,110060,The House Always Wins,class,pgl20070,pgl20070,11006007,1,pgl200.processEvent070,default,direct_scene,static_no_dynamic_payload,delegateEvent / no dynamic replay payload,slot9=-200 literal zero/default placeholder; slot10=-200 literal zero/default placeholder; slot11=-200 literal zero/default placeholder; slot12=-200 literal zero/default placeholder; slot13=-200 literal zero/default placeholder; slot14=-200 literal zero/default placeholder; slot15=-200 literal zero/default placeholder,-200,literal zero/default placeholder,-200,literal zero/default placeholder,-200,literal zero/default placeholder,-200,literal zero/default placeholder,-200,literal zero/default placeholder,-200,literal zero/default placeholder,-200,literal zero/default placeholder
pgl300,110061,Here There Be Pirates,class,pgl30010,pgl30010,11006101,1,pgl300.processEventGagarunaStart,default,direct_scene,static_no_dynamic_payload,delegateEvent / no dynamic replay payload,slot9=-200 literal zero/default placeholder; slot10=-200 literal zero/default placeholder; slot11=-200 literal zero/default placeholder; slot12=-200 literal zero/default placeholder; slot13=-200 literal zero/default placeholder; slot14=-200 literal zero/default placeholder; slot15=-200 literal zero/default placeholder,-200,literal zero/default placeholder,-200,literal zero/default placeholder,-200,literal zero/default placeholder,-200,literal zero/default placeholder,-200,literal zero/default placeholder,-200,literal zero/default placeholder,-200,literal zero/default placeholder
pgl300,110061,Here There Be Pirates,class,pgl30020,pgl30020,11006102,1,pgl300.processEvent020,default,direct_scene,static_no_dynamic_payload,delegateEvent / no dynamic replay payload,slot9=-200 literal zero/default placeholder; slot10=-200 literal zero/default placeholder; slot11=-200 literal zero/default placeholder; slot12=-200 literal zero/default placeholder; slot13=-200 literal zero/default placeholder; slot14=-200 literal zero/default placeholder; slot15=-200 literal zero/default placeholder,-200,literal zero/default placeholder,-200,literal zero/default placeholder,-200,literal zero/default placeholder,-200,literal zero/default placeholder,-200,literal zero/default placeholder,-200,literal zero/default placeholder,-200,literal zero/default placeholder
pgl300,110061,Here There Be Pirates,class,pgl30030,pgl30030,11006103,1,pgl300.processEvent030,default,direct_scene,static_no_dynamic_payload,delegateEvent / no dynamic replay payload,slot9=-200 literal zero/default placeholder; slot10=-200 literal zero/default placeholder; slot11=-200 literal zero/default placeholder; slot12=-200 literal zero/default placeholder; slot13=-200 literal zero/default placeholder; slot14=-200 literal zero/default placeholder; slot15=-200 literal zero/default placeholder,-200,literal zero/default placeholder,-200,literal zero/default placeholder,-200,literal zero/default placeholder,-200,literal zero/default placeholder,-200,literal zero/default placeholder,-200,literal zero/default placeholder,-200,literal zero/default placeholder
pgl300,110061,Here There Be Pirates,class,pgl30040,pgl30040,11006104,1,pgl300.processEvent040,after_warp,direct_scene_after_warp,static_no_dynamic_payload,delegateEvent / no dynamic replay payload,slot9=-200 literal zero/default placeholder; slot10=-200 literal zero/default placeholder; slot11=-200 literal zero/default placeholder; slot12=-200 literal zero/default placeholder; slot13=-200 literal zero/default placeholder; slot14=-200 literal zero/default placeholder; slot15=-200 literal zero/default placeholder,-200,literal zero/default placeholder,-200,literal zero/default placeholder,-200,literal zero/default placeholder,-200,literal zero/default placeholder,-200,literal zero/default placeholder,-200,literal zero/default placeholder,-200,literal zero/default placeholder
pgl300,110061,Here There Be Pirates,class,pgl30050,pgl30050,11006105,1,pgl300.processEvent050,after_warp,direct_scene_after_warp,static_no_dynamic_payload,delegateEvent / no dynamic replay payload,slot9=-200 literal zero/default placeholder; slot10=-200 literal zero/default placeholder; slot11=-200 literal zero/default placeholder; slot12=-200 literal zero/default placeholder; slot13=-200 literal zero/default placeholder; slot14=-200 literal zero/default placeholder; slot15=-200 literal zero/default placeholder,-200,literal zero/default placeholder,-200,literal zero/default placeholder,-200,literal zero/default placeholder,-200,literal zero/default placeholder,-200,literal zero/default placeholder,-200,literal zero/default placeholder,-200,literal zero/default placeholder
pgl300,110061,Here There Be Pirates,class,pgl30060,pgl30060,11006106,1,pgl300.processEvent060,default,direct_scene,static_no_dynamic_payload,delegateEvent / no dynamic replay payload,slot9=-200 literal zero/default placeholder; slot10=-200 literal zero/default placeholder; slot11=-200 literal zero/default placeholder; slot12=-200 literal zero/default placeholder; slot13=-200 literal zero/default placeholder; slot14=-200 literal zero/default placeholder; slot15=-200 literal zero/default placeholder,-200,literal zero/default placeholder,-200,literal zero/default placeholder,-200,literal zero/default placeholder,-200,literal zero/default placeholder,-200,literal zero/default placeholder,-200,literal zero/default placeholder,-200,literal zero/default placeholder
pgl300,110061,Here There Be Pirates,class,pgl30070,pgl30070,11006107,1,pgl300.processEvent070,default,direct_scene,static_no_dynamic_payload,delegateEvent / no dynamic replay payload,slot9=-200 literal zero/default placeholder; slot10=-200 literal zero/default placeholder; slot11=-200 literal zero/default placeholder; slot12=-200 literal zero/default placeholder; slot13=-200 literal zero/default placeholder; slot14=-200 literal zero/default placeholder; slot15=-200 literal zero/default placeholder,-200,literal zero/default placeholder,-200,literal zero/default placeholder,-200,literal zero/default placeholder,-200,literal zero/default placeholder,-200,literal zero/default placeholder,-200,literal zero/default placeholder,-200,literal zero/default placeholder
pgl300,110061,Here There Be Pirates,class,pgl30080,pgl30080,11006108,1,pgl300.processEvent080,default,direct_scene,static_no_dynamic_payload,delegateEvent / no dynamic replay payload,slot9=-200 literal zero/default placeholder; slot10=-200 literal zero/default placeholder; slot11=-200 literal zero/default placeholder; slot12=-200 literal zero/default placeholder; slot13=-200 literal zero/default placeholder; slot14=-200 literal zero/default placeholder; slot15=-200 literal zero/default placeholder,-200,literal zero/default placeholder,-200,literal zero/default placeholder,-200,literal zero/default placeholder,-200,literal zero/default placeholder,-200,literal zero/default placeholder,-200,literal zero/default placeholder,-200,literal zero/default placeholder
pgl306,110062,Two Sides to Every Chip,class,pgl30610,pgl30610,11006201,1,pgl306.processEventGagarunaStart,default,direct_scene,static_no_dynamic_payload,delegateEvent / no dynamic replay payload,slot9=-200 literal zero/default placeholder; slot10=-200 literal zero/default placeholder; slot11=-200 literal zero/default placeholder; slot12=-200 literal zero/default placeholder; slot13=-200 literal zero/default placeholder; slot14=-200 literal zero/default placeholder; slot15=-200 literal zero/default placeholder,-200,literal zero/default placeholder,-200,literal zero/default placeholder,-200,literal zero/default placeholder,-200,literal zero/default placeholder,-200,literal zero/default placeholder,-200,literal zero/default placeholder,-200,literal zero/default placeholder
pgl306,110062,Two Sides to Every Chip,class,pgl30620,pgl30620,11006202,1,pgl306.processEvent020,after_warp,direct_scene_after_warp,static_no_dynamic_payload,delegateEvent / no dynamic replay payload,slot9=-200 literal zero/default placeholder; slot10=-200 literal zero/default placeholder; slot11=-200 literal zero/default placeholder; slot12=-200 literal zero/default placeholder; slot13=-200 literal zero/default placeholder; slot14=-200 literal zero/default placeholder; slot15=-200 literal zero/default placeholder,-200,literal zero/default placeholder,-200,literal zero/default placeholder,-200,literal zero/default placeholder,-200,literal zero/default placeholder,-200,literal zero/default placeholder,-200,literal zero/default placeholder,-200,literal zero/default placeholder
pgl306,110062,Two Sides to Every Chip,class,pgl30630,pgl30630,11006203,1,pgl306.processEvent030;pgl306.processEvent030_2,after_warp;default,direct_scene;direct_scene_after_warp,static_no_dynamic_payload,delegateEvent / no dynamic replay payload,slot9=-200 literal zero/default placeholder; slot10=-200 literal zero/default placeholder; slot11=-200 literal zero/default placeholder; slot12=-200 literal zero/default placeholder; slot13=-200 literal zero/default placeholder; slot14=-200 literal zero/default placeholder; slot15=-200 literal zero/default placeholder,-200,literal zero/default placeholder,-200,literal zero/default placeholder,-200,literal zero/default placeholder,-200,literal zero/default placeholder,-200,literal zero/default placeholder,-200,literal zero/default placeholder,-200,literal zero/default placeholder
pgl306,110062,Two Sides to Every Chip,class,pgl30640,pgl30640,11006204,1,pgl306.processEvent040;pgl306.processEvent040_2,after_warp;default,direct_scene;direct_scene_after_warp,static_no_dynamic_payload,delegateEvent / no dynamic replay payload,slot9=-200 literal zero/default placeholder; slot10=-200 literal zero/default placeholder; slot11=-200 literal zero/default placeholder; slot12=-200 literal zero/default placeholder; slot13=-200 literal zero/default placeholder; slot14=-200 literal zero/default placeholder; slot15=-200 literal zero/default placeholder,-200,literal zero/default placeholder,-200,literal zero/default placeholder,-200,literal zero/default placeholder,-200,literal zero/default placeholder,-200,literal zero/default placeholder,-200,literal zero/default placeholder,-200,literal zero/default placeholder
pgl306,110062,Two Sides to Every Chip,class,pgl30650,pgl30650,11006205,1,pgl306.processEvent050,after_warp,direct_scene_after_warp,static_no_dynamic_payload,delegateEvent / no dynamic replay payload,slot9=-200 literal zero/default placeholder; slot10=-200 literal zero/default placeholder; slot11=-200 literal zero/default placeholder; slot12=-200 literal zero/default placeholder; slot13=-200 literal zero/default placeholder; slot14=-200 literal zero/default placeholder; slot15=-200 literal zero/default placeholder,-200,literal zero/default placeholder,-200,literal zero/default placeholder,-200,literal zero/default placeholder,-200,literal zero/default placeholder,-200,literal zero/default placeholder,-200,literal zero/default placeholder,-200,literal zero/default placeholder
pgl306,110062,Two Sides to Every Chip,class,pgl30660,pgl30660,11006206,1,pgl306.processEvent060,after_warp,direct_scene_after_warp,static_no_dynamic_payload,delegateEvent / no dynamic replay payload,slot9=-200 literal zero/default placeholder; slot10=-200 literal zero/default placeholder; slot11=-200 literal zero/default placeholder; slot12=-200 literal zero/default placeholder; slot13=-200 literal zero/default placeholder; slot14=-200 literal zero/default placeholder; slot15=-200 literal zero/default placeholder,-200,literal zero/default placeholder,-200,literal zero/default placeholder,-200,literal zero/default placeholder,-200,literal zero/default placeholder,-200,literal zero/default placeholder,-200,literal zero/default placeholder,-200,literal zero/default placeholder
pgl306,110062,Two Sides to Every Chip,class,pgl30670,pgl30670,11006207,1,pgl306.processEvent070,after_warp,direct_scene_after_warp,static_no_dynamic_payload,delegateEvent / no dynamic replay payload,slot9=-200 literal zero/default placeholder; slot10=-200 literal zero/default placeholder; slot11=-200 literal zero/default placeholder; slot12=-200 literal zero/default placeholder; slot13=-200 literal zero/default placeholder; slot14=-200 literal zero/default placeholder; slot15=-200 literal zero/default placeholder,-200,literal zero/default placeholder,-200,literal zero/default placeholder,-200,literal zero/default placeholder,-200,literal zero/default placeholder,-200,literal zero/default placeholder,-200,literal zero/default placeholder,-200,literal zero/default placeholder
pgl306,110062,Two Sides to Every Chip,class,pgl30680,pgl30680,11006208,1,pgl306.processEvent080,default,direct_scene,static_no_dynamic_payload,delegateEvent / no dynamic replay payload,slot9=-200 literal zero/default placeholder; slot10=-200 literal zero/default placeholder; slot11=-200 literal zero/default placeholder; slot12=-200 literal zero/default placeholder; slot13=-200 literal zero/default placeholder; slot14=-200 literal zero/default placeholder; slot15=-200 literal zero/default placeholder,-200,literal zero/default placeholder,-200,literal zero/default placeholder,-200,literal zero/default placeholder,-200,literal zero/default placeholder,-200,literal zero/default placeholder,-200,literal zero/default placeholder,-200,literal zero/default placeholder
tan200,110380,The Silent Partners,class,tan20010,tan20010,11038001,1,tan200.processEvent010,after_warp,direct_scene_after_warp,static_no_dynamic_payload,delegateEvent / no dynamic replay payload,slot9=-200 literal zero/default placeholder; slot10=-200 literal zero/default placeholder; slot11=-200 literal zero/default placeholder; slot12=-200 literal zero/default placeholder; slot13=-200 literal zero/default placeholder; slot14=-200 literal zero/default placeholder; slot15=-200 literal zero/default placeholder,-200,literal zero/default placeholder,-200,literal zero/default placeholder,-200,literal zero/default placeholder,-200,literal zero/default placeholder,-200,literal zero/default placeholder,-200,literal zero/default placeholder,-200,literal zero/default placeholder
tan200,110380,The Silent Partners,class,tan20020,tan20020,11038002,1,tan200.processEvent020,default,direct_scene,static_no_dynamic_payload,delegateEvent / no dynamic replay payload,slot9=-200 literal zero/default placeholder; slot10=-200 literal zero/default placeholder; slot11=-200 literal zero/default placeholder; slot12=-200 literal zero/default placeholder; slot13=-200 literal zero/default placeholder; slot14=-200 literal zero/default placeholder; slot15=-200 literal zero/default placeholder,-200,literal zero/default placeholder,-200,literal zero/default placeholder,-200,literal zero/default placeholder,-200,literal zero/default placeholder,-200,literal zero/default placeholder,-200,literal zero/default placeholder,-200,literal zero/default placeholder
tan200,110380,The Silent Partners,class,tan20030,tan20030,11038003,1,tan200.processEvent030,after_warp,direct_scene_after_warp,static_no_dynamic_payload,delegateEvent / no dynamic replay payload,slot9=-200 literal zero/default placeholder; slot10=-200 literal zero/default placeholder; slot11=-200 literal zero/default placeholder; slot12=-200 literal zero/default placeholder; slot13=-200 literal zero/default placeholder; slot14=-200 literal zero/default placeholder; slot15=-200 literal zero/default placeholder,-200,literal zero/default placeholder,-200,literal zero/default placeholder,-200,literal zero/default placeholder,-200,literal zero/default placeholder,-200,literal zero/default placeholder,-200,literal zero/default placeholder,-200,literal zero/default placeholder
tan200,110380,The Silent Partners,class,tan20040,tan20040,11038004,1,tan200.processEvent040,default,direct_scene,static_no_dynamic_payload,delegateEvent / no dynamic replay payload,slot9=-200 literal zero/default placeholder; slot10=-200 literal zero/default placeholder; slot11=-200 literal zero/default placeholder; slot12=-200 literal zero/default placeholder; slot13=-200 literal zero/default placeholder; slot14=-200 literal zero/default placeholder; slot15=-200 literal zero/default placeholder,-200,literal zero/default placeholder,-200,literal zero/default placeholder,-200,literal zero/default placeholder,-200,literal zero/default placeholder,-200,literal zero/default placeholder,-200,literal zero/default placeholder,-200,literal zero/default placeholder
tan200,110380,The Silent Partners,class,tan20050,tan20050,11038005,1,tan200.processEvent050,default,direct_scene,static_no_dynamic_payload,delegateEvent / no dynamic replay payload,slot9=-200 literal zero/default placeholder; slot10=-200 literal zero/default placeholder; slot11=-200 literal zero/default placeholder; slot12=-200 literal zero/default placeholder; slot13=-200 literal zero/default placeholder; slot14=-200 literal zero/default placeholder; slot15=-200 literal zero/default placeholder,-200,literal zero/default placeholder,-200,literal zero/default placeholder,-200,literal zero/default placeholder,-200,literal zero/default placeholder,-200,literal zero/default placeholder,-200,literal zero/default placeholder,-200,literal zero/default placeholder
tan300,110381,Design Imposters,class,tan30010,tan30010,11038101,1,tan300.processEvent010,default,direct_scene,static_no_dynamic_payload,delegateEvent / no dynamic replay payload,slot9=-200 literal zero/default placeholder; slot10=-200 literal zero/default placeholder; slot11=-200 literal zero/default placeholder; slot12=-200 literal zero/default placeholder; slot13=-200 literal zero/default placeholder; slot14=-200 literal zero/default placeholder; slot15=-200 literal zero/default placeholder,-200,literal zero/default placeholder,-200,literal zero/default placeholder,-200,literal zero/default placeholder,-200,literal zero/default placeholder,-200,literal zero/default placeholder,-200,literal zero/default placeholder,-200,literal zero/default placeholder
tan300,110381,Design Imposters,class,tan30020,tan30020,11038102,1,tan300.processEvent020,default,direct_scene,static_no_dynamic_payload,delegateEvent / no dynamic replay payload,slot9=-200 literal zero/default placeholder; slot10=-200 literal zero/default placeholder; slot11=-200 literal zero/default placeholder; slot12=-200 literal zero/default placeholder; slot13=-200 literal zero/default placeholder; slot14=-200 literal zero/default placeholder; slot15=-200 literal zero/default placeholder,-200,literal zero/default placeholder,-200,literal zero/default placeholder,-200,literal zero/default placeholder,-200,literal zero/default placeholder,-200,literal zero/default placeholder,-200,literal zero/default placeholder,-200,literal zero/default placeholder
tan300,110381,Design Imposters,class,tan30030,tan30030,11038103,1,tan300.processEvent030,after_warp,direct_scene_after_warp,static_no_dynamic_payload,delegateEvent / no dynamic replay payload,slot9=-200 literal zero/default placeholder; slot10=-200 literal zero/default placeholder; slot11=-200 literal zero/default placeholder; slot12=-200 literal zero/default placeholder; slot13=-200 literal zero/default placeholder; slot14=-200 literal zero/default placeholder; slot15=-200 literal zero/default placeholder,-200,literal zero/default placeholder,-200,literal zero/default placeholder,-200,literal zero/default placeholder,-200,literal zero/default placeholder,-200,literal zero/default placeholder,-200,literal zero/default placeholder,-200,literal zero/default placeholder
tan300,110381,Design Imposters,class,tan30040,tan30040,11038104,1,tan300.processEvent040,after_warp,direct_scene_after_warp,static_no_dynamic_payload,delegateEvent / no dynamic replay payload,slot9=-200 literal zero/default placeholder; slot10=-200 literal zero/default placeholder; slot11=-200 literal zero/default placeholder; slot12=-200 literal zero/default placeholder; slot13=-200 literal zero/default placeholder; slot14=-200 literal zero/default placeholder; slot15=-200 literal zero/default placeholder,-200,literal zero/default placeholder,-200,literal zero/default placeholder,-200,literal zero/default placeholder,-200,literal zero/default placeholder,-200,literal zero/default placeholder,-200,literal zero/default placeholder,-200,literal zero/default placeholder
tan300,110381,Design Imposters,class,tan30050,tan30050,11038105,1,tan300.processEvent050,default,direct_scene,static_no_dynamic_payload,delegateEvent / no dynamic replay payload,slot9=-200 literal zero/default placeholder; slot10=-200 literal zero/default placeholder; slot11=-200 literal zero/default placeholder; slot12=-200 literal zero/default placeholder; slot13=-200 literal zero/default placeholder; slot14=-200 literal zero/default placeholder; slot15=-200 literal zero/default placeholder,-200,literal zero/default placeholder,-200,literal zero/default placeholder,-200,literal zero/default placeholder,-200,literal zero/default placeholder,-200,literal zero/default placeholder,-200,literal zero/default placeholder,-200,literal zero/default placeholder
tan306,110382,Head of the Class,class,tan30610,tan30610,11038201,1,tan306.processEvent010,after_warp,direct_scene_after_warp,static_no_dynamic_payload,delegateEvent / no dynamic replay payload,slot9=-200 literal zero/default placeholder; slot10=-200 literal zero/default placeholder; slot11=-200 literal zero/default placeholder; slot12=-200 literal zero/default placeholder; slot13=-200 literal zero/default placeholder; slot14=-200 literal zero/default placeholder; slot15=-200 literal zero/default placeholder,-200,literal zero/default placeholder,-200,literal zero/default placeholder,-200,literal zero/default placeholder,-200,literal zero/default placeholder,-200,literal zero/default placeholder,-200,literal zero/default placeholder,-200,literal zero/default placeholder
tan306,110382,Head of the Class,class,tan30620,tan30620,11038202,1,tan306.processEvent020,default,direct_scene,static_no_dynamic_payload,delegateEvent / no dynamic replay payload,slot9=-200 literal zero/default placeholder; slot10=-200 literal zero/default placeholder; slot11=-200 literal zero/default placeholder; slot12=-200 literal zero/default placeholder; slot13=-200 literal zero/default placeholder; slot14=-200 literal zero/default placeholder; slot15=-200 literal zero/default placeholder,-200,literal zero/default placeholder,-200,literal zero/default placeholder,-200,literal zero/default placeholder,-200,literal zero/default placeholder,-200,literal zero/default placeholder,-200,literal zero/default placeholder,-200,literal zero/default placeholder
tan306,110382,Head of the Class,class,tan30630,tan30630,11038203,1,tan306.processEvent030,after_warp,direct_scene_after_warp,static_no_dynamic_payload,delegateEvent / no dynamic replay payload,slot9=-200 literal zero/default placeholder; slot10=-200 literal zero/default placeholder; slot11=-200 literal zero/default placeholder; slot12=-200 literal zero/default placeholder; slot13=-200 literal zero/default placeholder; slot14=-200 literal zero/default placeholder; slot15=-200 literal zero/default placeholder,-200,literal zero/default placeholder,-200,literal zero/default placeholder,-200,literal zero/default placeholder,-200,literal zero/default placeholder,-200,literal zero/default placeholder,-200,literal zero/default placeholder,-200,literal zero/default placeholder
tan306,110382,Head of the Class,class,tan30640,tan30640,11038204,1,tan306.processEvent040,after_warp,direct_scene_after_warp,static_no_dynamic_payload,delegateEvent / no dynamic replay payload,slot9=-200 literal zero/default placeholder; slot10=-200 literal zero/default placeholder; slot11=-200 literal zero/default placeholder; slot12=-200 literal zero/default placeholder; slot13=-200 literal zero/default placeholder; slot14=-200 literal zero/default placeholder; slot15=-200 literal zero/default placeholder,-200,literal zero/default placeholder,-200,literal zero/default placeholder,-200,literal zero/default placeholder,-200,literal zero/default placeholder,-200,literal zero/default placeholder,-200,literal zero/default placeholder,-200,literal zero/default placeholder
thm200,110240,The Big Payback,class,thm20010,thm20010,11024001,1,thm200.processEventYayakeStart,default,direct_scene,static_no_dynamic_payload,delegateEvent / no dynamic replay payload,slot9=-200 literal zero/default placeholder; slot10=-200 literal zero/default placeholder; slot11=-200 literal zero/default placeholder; slot12=-200 literal zero/default placeholder; slot13=-200 literal zero/default placeholder; slot14=-200 literal zero/default placeholder; slot15=-200 literal zero/default placeholder,-200,literal zero/default placeholder,-200,literal zero/default placeholder,-200,literal zero/default placeholder,-200,literal zero/default placeholder,-200,literal zero/default placeholder,-200,literal zero/default placeholder,-200,literal zero/default placeholder
thm200,110240,The Big Payback,class,thm20020,thm20020,11024002,1,thm200.processEvent020,default,direct_scene,static_no_dynamic_payload,delegateEvent / no dynamic replay payload,slot9=-200 literal zero/default placeholder; slot10=-200 literal zero/default placeholder; slot11=-200 literal zero/default placeholder; slot12=-200 literal zero/default placeholder; slot13=-200 literal zero/default placeholder; slot14=-200 literal zero/default placeholder; slot15=-200 literal zero/default placeholder,-200,literal zero/default placeholder,-200,literal zero/default placeholder,-200,literal zero/default placeholder,-200,literal zero/default placeholder,-200,literal zero/default placeholder,-200,literal zero/default placeholder,-200,literal zero/default placeholder
thm200,110240,The Big Payback,class,thm20030,thm20030,11024003,1,thm200.processEvent030,default,direct_scene,static_no_dynamic_payload,delegateEvent / no dynamic replay payload,slot9=-200 literal zero/default placeholder; slot10=-200 literal zero/default placeholder; slot11=-200 literal zero/default placeholder; slot12=-200 literal zero/default placeholder; slot13=-200 literal zero/default placeholder; slot14=-200 literal zero/default placeholder; slot15=-200 literal zero/default placeholder,-200,literal zero/default placeholder,-200,literal zero/default placeholder,-200,literal zero/default placeholder,-200,literal zero/default placeholder,-200,literal zero/default placeholder,-200,literal zero/default placeholder,-200,literal zero/default placeholder
thm300,110241,Revelry in Rivalry,class,thm30010,thm30010,11024101,1,thm300.processEventYayakeStart,branch_or_mixed_default_and_after_warp,direct_scene_after_warp,static_no_dynamic_payload,delegateEvent / no dynamic replay payload,slot9=-200 literal zero/default placeholder; slot10=-200 literal zero/default placeholder; slot11=-200 literal zero/default placeholder; slot12=-200 literal zero/default placeholder; slot13=-200 literal zero/default placeholder; slot14=-200 literal zero/default placeholder; slot15=-200 literal zero/default placeholder,-200,literal zero/default placeholder,-200,literal zero/default placeholder,-200,literal zero/default placeholder,-200,literal zero/default placeholder,-200,literal zero/default placeholder,-200,literal zero/default placeholder,-200,literal zero/default placeholder
thm300,110241,Revelry in Rivalry,class,thm30020,thm30020,11024102,1,thm300.processEvent020,after_warp,direct_scene_after_warp,static_no_dynamic_payload,delegateEvent / no dynamic replay payload,slot9=-200 literal zero/default placeholder; slot10=-200 literal zero/default placeholder; slot11=-200 literal zero/default placeholder; slot12=-200 literal zero/default placeholder; slot13=-200 literal zero/default placeholder; slot14=-200 literal zero/default placeholder; slot15=-200 literal zero/default placeholder,-200,literal zero/default placeholder,-200,literal zero/default placeholder,-200,literal zero/default placeholder,-200,literal zero/default placeholder,-200,literal zero/default placeholder,-200,literal zero/default placeholder,-200,literal zero/default placeholder
thm300,110241,Revelry in Rivalry,class,thm30030,thm30030,11024103,1,thm300.processEvent030;thm300.processEvent030_1,default,direct_scene,static_no_dynamic_payload,delegateEvent / no dynamic replay payload,slot9=-200 literal zero/default placeholder; slot10=-200 literal zero/default placeholder; slot11=-200 literal zero/default placeholder; slot12=-200 literal zero/default placeholder; slot13=-200 literal zero/default placeholder; slot14=-200 literal zero/default placeholder; slot15=-200 literal zero/default placeholder,-200,literal zero/default placeholder,-200,literal zero/default placeholder,-200,literal zero/default placeholder,-200,literal zero/default placeholder,-200,literal zero/default placeholder,-200,literal zero/default placeholder,-200,literal zero/default placeholder
thm300,110241,Revelry in Rivalry,class,thm30040,thm30040,11024104,1,thm300.processEvent040,after_warp,direct_scene_after_warp,static_no_dynamic_payload,delegateEvent / no dynamic replay payload,slot9=-200 literal zero/default placeholder; slot10=-200 literal zero/default placeholder; slot11=-200 literal zero/default placeholder; slot12=-200 literal zero/default placeholder; slot13=-200 literal zero/default placeholder; slot14=-200 literal zero/default placeholder; slot15=-200 literal zero/default placeholder,-200,literal zero/default placeholder,-200,literal zero/default placeholder,-200,literal zero/default placeholder,-200,literal zero/default placeholder,-200,literal zero/default placeholder,-200,literal zero/default placeholder,-200,literal zero/default placeholder
thm306,110242,Law and the Order,class,thm30610,thm30610,11024201,1,thm306.processEventYayakeStart,default,direct_scene,static_no_dynamic_payload,delegateEvent / no dynamic replay payload,slot9=-200 literal zero/default placeholder; slot10=-200 literal zero/default placeholder; slot11=-200 literal zero/default placeholder; slot12=-200 literal zero/default placeholder; slot13=-200 literal zero/default placeholder; slot14=-200 literal zero/default placeholder; slot15=-200 literal zero/default placeholder,-200,literal zero/default placeholder,-200,literal zero/default placeholder,-200,literal zero/default placeholder,-200,literal zero/default placeholder,-200,literal zero/default placeholder,-200,literal zero/default placeholder,-200,literal zero/default placeholder
thm306,110242,Law and the Order,class,thm30620,thm30620,11024202,1,thm306.processEvent020,default,direct_scene,static_no_dynamic_payload,delegateEvent / no dynamic replay payload,slot9=-200 literal zero/default placeholder; slot10=-200 literal zero/default placeholder; slot11=-200 literal zero/default placeholder; slot12=-200 literal zero/default placeholder; slot13=-200 literal zero/default placeholder; slot14=-200 literal zero/default placeholder; slot15=-200 literal zero/default placeholder,-200,literal zero/default placeholder,-200,literal zero/default placeholder,-200,literal zero/default placeholder,-200,literal zero/default placeholder,-200,literal zero/default placeholder,-200,literal zero/default placeholder,-200,literal zero/default placeholder
thm306,110242,Law and the Order,class,thm30630,thm30630,11024203,1,thm306.processEvent030,default,direct_scene,static_no_dynamic_payload,delegateEvent / no dynamic replay payload,slot9=-200 literal zero/default placeholder; slot10=-200 literal zero/default placeholder; slot11=-200 literal zero/default placeholder; slot12=-200 literal zero/default placeholder; slot13=-200 literal zero/default placeholder; slot14=-200 literal zero/default placeholder; slot15=-200 literal zero/default placeholder,-200,literal zero/default placeholder,-200,literal zero/default placeholder,-200,literal zero/default placeholder,-200,literal zero/default placeholder,-200,literal zero/default placeholder,-200,literal zero/default placeholder,-200,literal zero/default placeholder
thm306,110242,Law and the Order,class,thm30640,thm30640,11024204,1,thm306.processEvent040,after_warp,direct_scene_after_warp,static_no_dynamic_payload,delegateEvent / no dynamic replay payload,slot9=-200 literal zero/default placeholder; slot10=-200 literal zero/default placeholder; slot11=-200 literal zero/default placeholder; slot12=-200 literal zero/default placeholder; slot13=-200 literal zero/default placeholder; slot14=-200 literal zero/default placeholder; slot15=-200 literal zero/default placeholder,-200,literal zero/default placeholder,-200,literal zero/default placeholder,-200,literal zero/default placeholder,-200,literal zero/default placeholder,-200,literal zero/default placeholder,-200,literal zero/default placeholder,-200,literal zero/default placeholder
thm306,110242,Law and the Order,class,thm30650,thm30650,11024205,1,thm306.processEvent050,after_warp,direct_scene_after_warp,static_no_dynamic_payload,delegateEvent / no dynamic replay payload,slot9=-200 literal zero/default placeholder; slot10=-200 literal zero/default placeholder; slot11=-200 literal zero/default placeholder; slot12=-200 literal zero/default placeholder; slot13=-200 literal zero/default placeholder; slot14=-200 literal zero/default placeholder; slot15=-200 literal zero/default placeholder,-200,literal zero/default placeholder,-200,literal zero/default placeholder,-200,literal zero/default placeholder,-200,literal zero/default placeholder,-200,literal zero/default placeholder,-200,literal zero/default placeholder,-200,literal zero/default placeholder
thm306,110242,Law and the Order,class,thm30660,thm30660,11024206,1,thm306.processEvent060,default,direct_scene,static_no_dynamic_payload,delegateEvent / no dynamic replay payload,slot9=-200 literal zero/default placeholder; slot10=-200 literal zero/default placeholder; slot11=-200 literal zero/default placeholder; slot12=-200 literal zero/default placeholder; slot13=-200 literal zero/default placeholder; slot14=-200 literal zero/default placeholder; slot15=-200 literal zero/default placeholder,-200,literal zero/default placeholder,-200,literal zero/default placeholder,-200,literal zero/default placeholder,-200,literal zero/default placeholder,-200,literal zero/default placeholder,-200,literal zero/default placeholder,-200,literal zero/default placeholder
wdk200,110300,The Mouths of Babes,class,wdk20010,wdk20010,11030001,1,wdk200.processEvent010,after_warp,direct_scene_after_warp,static_no_dynamic_payload,delegateEvent / no dynamic replay payload,slot9=-200 literal zero/default placeholder; slot10=-200 literal zero/default placeholder; slot11=-200 literal zero/default placeholder; slot12=-200 literal zero/default placeholder; slot13=-200 literal zero/default placeholder; slot14=-200 literal zero/default placeholder; slot15=-200 literal zero/default placeholder,-200,literal zero/default placeholder,-200,literal zero/default placeholder,-200,literal zero/default placeholder,-200,literal zero/default placeholder,-200,literal zero/default placeholder,-200,literal zero/default placeholder,-200,literal zero/default placeholder
wdk200,110300,The Mouths of Babes,class,wdk20020,wdk20020,11030002,1,wdk200.processEvent020,after_warp,direct_scene_after_warp,static_no_dynamic_payload,delegateEvent / no dynamic replay payload,slot9=-200 literal zero/default placeholder; slot10=-200 literal zero/default placeholder; slot11=-200 literal zero/default placeholder; slot12=-200 literal zero/default placeholder; slot13=-200 literal zero/default placeholder; slot14=-200 literal zero/default placeholder; slot15=-200 literal zero/default placeholder,-200,literal zero/default placeholder,-200,literal zero/default placeholder,-200,literal zero/default placeholder,-200,literal zero/default placeholder,-200,literal zero/default placeholder,-200,literal zero/default placeholder,-200,literal zero/default placeholder
wdk200,110300,The Mouths of Babes,class,wdk20030,wdk20030,11030003,1,wdk200.processEvent030,default,direct_scene,static_no_dynamic_payload,delegateEvent / no dynamic replay payload,slot9=-200 literal zero/default placeholder; slot10=-200 literal zero/default placeholder; slot11=-200 literal zero/default placeholder; slot12=-200 literal zero/default placeholder; slot13=-200 literal zero/default placeholder; slot14=-200 literal zero/default placeholder; slot15=-200 literal zero/default placeholder,-200,literal zero/default placeholder,-200,literal zero/default placeholder,-200,literal zero/default placeholder,-200,literal zero/default placeholder,-200,literal zero/default placeholder,-200,literal zero/default placeholder,-200,literal zero/default placeholder
wdk300,110301,Hide and Seek Shenanigans,class,wdk30010,wdk30010,11030101,1,wdk300.processEvent010,after_warp,direct_scene_after_warp,static_no_dynamic_payload,delegateEvent / no dynamic replay payload,slot9=-200 literal zero/default placeholder; slot10=-200 literal zero/default placeholder; slot11=-200 literal zero/default placeholder; slot12=-200 literal zero/default placeholder; slot13=-200 literal zero/default placeholder; slot14=-200 literal zero/default placeholder; slot15=-200 literal zero/default placeholder,-200,literal zero/default placeholder,-200,literal zero/default placeholder,-200,literal zero/default placeholder,-200,literal zero/default placeholder,-200,literal zero/default placeholder,-200,literal zero/default placeholder,-200,literal zero/default placeholder
wdk300,110301,Hide and Seek Shenanigans,class,wdk30020,wdk30020,11030102,1,wdk300.processEvent020,after_warp,direct_scene_after_warp,static_no_dynamic_payload,delegateEvent / no dynamic replay payload,slot9=-200 literal zero/default placeholder; slot10=-200 literal zero/default placeholder; slot11=-200 literal zero/default placeholder; slot12=-200 literal zero/default placeholder; slot13=-200 literal zero/default placeholder; slot14=-200 literal zero/default placeholder; slot15=-200 literal zero/default placeholder,-200,literal zero/default placeholder,-200,literal zero/default placeholder,-200,literal zero/default placeholder,-200,literal zero/default placeholder,-200,literal zero/default placeholder,-200,literal zero/default placeholder,-200,literal zero/default placeholder
wdk300,110301,Hide and Seek Shenanigans,class,wdk30030,wdk30030,11030103,1,wdk300.processEvent030,after_warp,direct_scene_after_warp,static_no_dynamic_payload,delegateEvent / no dynamic replay payload,slot9=-200 literal zero/default placeholder; slot10=-200 literal zero/default placeholder; slot11=-200 literal zero/default placeholder; slot12=-200 literal zero/default placeholder; slot13=-200 literal zero/default placeholder; slot14=-200 literal zero/default placeholder; slot15=-200 literal zero/default placeholder,-200,literal zero/default placeholder,-200,literal zero/default placeholder,-200,literal zero/default placeholder,-200,literal zero/default placeholder,-200,literal zero/default placeholder,-200,literal zero/default placeholder,-200,literal zero/default placeholder
wdk300,110301,Hide and Seek Shenanigans,class,wdk30040,wdk30040,11030104,1,wdk300.processEvent040,default,direct_scene,static_no_dynamic_payload,delegateEvent / no dynamic replay payload,slot9=-200 literal zero/default placeholder; slot10=-200 literal zero/default placeholder; slot11=-200 literal zero/default placeholder; slot12=-200 literal zero/default placeholder; slot13=-200 literal zero/default placeholder; slot14=-200 literal zero/default placeholder; slot15=-200 literal zero/default placeholder,-200,literal zero/default placeholder,-200,literal zero/default placeholder,-200,literal zero/default placeholder,-200,literal zero/default placeholder,-200,literal zero/default placeholder,-200,literal zero/default placeholder,-200,literal zero/default placeholder
wdk300,110301,Hide and Seek Shenanigans,class,wdk30050,wdk30050,11030105,1,wdk300.processEvent050,default,direct_scene,static_no_dynamic_payload,delegateEvent / no dynamic replay payload,slot9=-200 literal zero/default placeholder; slot10=-200 literal zero/default placeholder; slot11=-200 literal zero/default placeholder; slot12=-200 literal zero/default placeholder; slot13=-200 literal zero/default placeholder; slot14=-200 literal zero/default placeholder; slot15=-200 literal zero/default placeholder,-200,literal zero/default placeholder,-200,literal zero/default placeholder,-200,literal zero/default placeholder,-200,literal zero/default placeholder,-200,literal zero/default placeholder,-200,literal zero/default placeholder,-200,literal zero/default placeholder
wdk300,110301,Hide and Seek Shenanigans,class,wdk30060,wdk30060,11030106,1,wdk300.processEvent060,default,direct_scene,static_no_dynamic_payload,delegateEvent / no dynamic replay payload,slot9=-200 literal zero/default placeholder; slot10=-200 literal zero/default placeholder; slot11=-200 literal zero/default placeholder; slot12=-200 literal zero/default placeholder; slot13=-200 literal zero/default placeholder; slot14=-200 literal zero/default placeholder; slot15=-200 literal zero/default placeholder,-200,literal zero/default placeholder,-200,literal zero/default placeholder,-200,literal zero/default placeholder,-200,literal zero/default placeholder,-200,literal zero/default placeholder,-200,literal zero/default placeholder,-200,literal zero/default placeholder
wdk306,110302,Spanning the Spectrum,class,wdk30610,wdk30610,11030201,1,wdk306.processEvent010,after_warp,direct_scene_after_warp,static_no_dynamic_payload,delegateEvent / no dynamic replay payload,slot9=-200 literal zero/default placeholder; slot10=-200 literal zero/default placeholder; slot11=-200 literal zero/default placeholder; slot12=-200 literal zero/default placeholder; slot13=-200 literal zero/default placeholder; slot14=-200 literal zero/default placeholder; slot15=-200 literal zero/default placeholder,-200,literal zero/default placeholder,-200,literal zero/default placeholder,-200,literal zero/default placeholder,-200,literal zero/default placeholder,-200,literal zero/default placeholder,-200,literal zero/default placeholder,-200,literal zero/default placeholder
wdk306,110302,Spanning the Spectrum,class,wdk30620,wdk30620,11030202,1,wdk306.processEvent020,after_warp,direct_scene_after_warp,static_no_dynamic_payload,delegateEvent / no dynamic replay payload,slot9=-200 literal zero/default placeholder; slot10=-200 literal zero/default placeholder; slot11=-200 literal zero/default placeholder; slot12=-200 literal zero/default placeholder; slot13=-200 literal zero/default placeholder; slot14=-200 literal zero/default placeholder; slot15=-200 literal zero/default placeholder,-200,literal zero/default placeholder,-200,literal zero/default placeholder,-200,literal zero/default placeholder,-200,literal zero/default placeholder,-200,literal zero/default placeholder,-200,literal zero/default placeholder,-200,literal zero/default placeholder
wdk306,110302,Spanning the Spectrum,class,wdk30630,wdk30630,11030203,1,wdk306.processEvent030,default,direct_scene,static_no_dynamic_payload,delegateEvent / no dynamic replay payload,slot9=-200 literal zero/default placeholder; slot10=-200 literal zero/default placeholder; slot11=-200 literal zero/default placeholder; slot12=-200 literal zero/default placeholder; slot13=-200 literal zero/default placeholder; slot14=-200 literal zero/default placeholder; slot15=-200 literal zero/default placeholder,-200,literal zero/default placeholder,-200,literal zero/default placeholder,-200,literal zero/default placeholder,-200,literal zero/default placeholder,-200,literal zero/default placeholder,-200,literal zero/default placeholder,-200,literal zero/default placeholder
wdk306,110302,Spanning the Spectrum,class,wdk30640,wdk30640,11030204,1,wdk306.processEvent040,after_warp,direct_scene_after_warp,static_no_dynamic_payload,delegateEvent / no dynamic replay payload,slot9=-200 literal zero/default placeholder; slot10=-200 literal zero/default placeholder; slot11=-200 literal zero/default placeholder; slot12=-200 literal zero/default placeholder; slot13=-200 literal zero/default placeholder; slot14=-200 literal zero/default placeholder; slot15=-200 literal zero/default placeholder,-200,literal zero/default placeholder,-200,literal zero/default placeholder,-200,literal zero/default placeholder,-200,literal zero/default placeholder,-200,literal zero/default placeholder,-200,literal zero/default placeholder,-200,literal zero/default placeholder
wdk306,110302,Spanning the Spectrum,class,wdk30650,wdk30650,11030205,1,wdk306.processEvent050,after_warp,direct_scene_after_warp,static_no_dynamic_payload,delegateEvent / no dynamic replay payload,slot9=-200 literal zero/default placeholder; slot10=-200 literal zero/default placeholder; slot11=-200 literal zero/default placeholder; slot12=-200 literal zero/default placeholder; slot13=-200 literal zero/default placeholder; slot14=-200 literal zero/default placeholder; slot15=-200 literal zero/default placeholder,-200,literal zero/default placeholder,-200,literal zero/default placeholder,-200,literal zero/default placeholder,-200,literal zero/default placeholder,-200,literal zero/default placeholder,-200,literal zero/default placeholder,-200,literal zero/default placeholder
wdk306,110302,Spanning the Spectrum,class,wdk30660,wdk30660,11030206,1,wdk306.processEvent060,after_warp,direct_scene_after_warp,static_no_dynamic_payload,delegateEvent / no dynamic replay payload,slot9=-200 literal zero/default placeholder; slot10=-200 literal zero/default placeholder; slot11=-200 literal zero/default placeholder; slot12=-200 literal zero/default placeholder; slot13=-200 literal zero/default placeholder; slot14=-200 literal zero/default placeholder; slot15=-200 literal zero/default placeholder,-200,literal zero/default placeholder,-200,literal zero/default placeholder,-200,literal zero/default placeholder,-200,literal zero/default placeholder,-200,literal zero/default placeholder,-200,literal zero/default placeholder,-200,literal zero/default placeholder
wvr200,110400,Hoodwinked,class,wvr20010,wvr20010,11040001,1,wvr200.processEvent010,after_warp,direct_scene_after_warp,static_no_dynamic_payload,delegateEvent / no dynamic replay payload,slot9=-200 literal zero/default placeholder; slot10=-200 literal zero/default placeholder; slot11=-200 literal zero/default placeholder; slot12=-200 literal zero/default placeholder; slot13=-200 literal zero/default placeholder; slot14=-200 literal zero/default placeholder; slot15=-200 literal zero/default placeholder,-200,literal zero/default placeholder,-200,literal zero/default placeholder,-200,literal zero/default placeholder,-200,literal zero/default placeholder,-200,literal zero/default placeholder,-200,literal zero/default placeholder,-200,literal zero/default placeholder
wvr200,110400,Hoodwinked,class,wvr20020,wvr20020,11040002,1,wvr200.processEvent020,after_warp,direct_scene_after_warp,static_no_dynamic_payload,delegateEvent / no dynamic replay payload,slot9=-200 literal zero/default placeholder; slot10=-200 literal zero/default placeholder; slot11=-200 literal zero/default placeholder; slot12=-200 literal zero/default placeholder; slot13=-200 literal zero/default placeholder; slot14=-200 literal zero/default placeholder; slot15=-200 literal zero/default placeholder,-200,literal zero/default placeholder,-200,literal zero/default placeholder,-200,literal zero/default placeholder,-200,literal zero/default placeholder,-200,literal zero/default placeholder,-200,literal zero/default placeholder,-200,literal zero/default placeholder
wvr200,110400,Hoodwinked,class,wvr20030,wvr20030,11040003,1,wvr200.processEvent030,default,direct_scene,static_no_dynamic_payload,delegateEvent / no dynamic replay payload,slot9=-200 literal zero/default placeholder; slot10=-200 literal zero/default placeholder; slot11=-200 literal zero/default placeholder; slot12=-200 literal zero/default placeholder; slot13=-200 literal zero/default placeholder; slot14=-200 literal zero/default placeholder; slot15=-200 literal zero/default placeholder,-200,literal zero/default placeholder,-200,literal zero/default placeholder,-200,literal zero/default placeholder,-200,literal zero/default placeholder,-200,literal zero/default placeholder,-200,literal zero/default placeholder,-200,literal zero/default placeholder
wvr300,110401,Dance the Night Away,class,wvr30010,wvr30010,11040101,1,wvr300.processEventDeaustieStart,branch_or_mixed_default_and_after_warp,direct_scene_after_warp,static_no_dynamic_payload,delegateEvent / no dynamic replay payload,slot9=-200 literal zero/default placeholder; slot10=-200 literal zero/default placeholder; slot11=-200 literal zero/default placeholder; slot12=-200 literal zero/default placeholder; slot13=-200 literal zero/default placeholder; slot14=-200 literal zero/default placeholder; slot15=-200 literal zero/default placeholder,-200,literal zero/default placeholder,-200,literal zero/default placeholder,-200,literal zero/default placeholder,-200,literal zero/default placeholder,-200,literal zero/default placeholder,-200,literal zero/default placeholder,-200,literal zero/default placeholder
wvr300,110401,Dance the Night Away,class,wvr30020,wvr30020,11040102,1,wvr300.processEvent020,after_warp,direct_scene_after_warp,static_no_dynamic_payload,delegateEvent / no dynamic replay payload,slot9=-200 literal zero/default placeholder; slot10=-200 literal zero/default placeholder; slot11=-200 literal zero/default placeholder; slot12=-200 literal zero/default placeholder; slot13=-200 literal zero/default placeholder; slot14=-200 literal zero/default placeholder; slot15=-200 literal zero/default placeholder,-200,literal zero/default placeholder,-200,literal zero/default placeholder,-200,literal zero/default placeholder,-200,literal zero/default placeholder,-200,literal zero/default placeholder,-200,literal zero/default placeholder,-200,literal zero/default placeholder
wvr306,110402,A Fruitful Murder,class,wvr30610,wvr30610,11040201,1,wvr306.processEvent010,default,direct_scene,static_no_dynamic_payload,delegateEvent / no dynamic replay payload,slot9=-200 literal zero/default placeholder; slot10=-200 literal zero/default placeholder; slot11=-200 literal zero/default placeholder; slot12=-200 literal zero/default placeholder; slot13=-200 literal zero/default placeholder; slot14=-200 literal zero/default placeholder; slot15=-200 literal zero/default placeholder,-200,literal zero/default placeholder,-200,literal zero/default placeholder,-200,literal zero/default placeholder,-200,literal zero/default placeholder,-200,literal zero/default placeholder,-200,literal zero/default placeholder,-200,literal zero/default placeholder
wvr306,110402,A Fruitful Murder,class,wvr30620,wvr30620,11040202,1,wvr306.processEvent020,default,direct_scene,static_no_dynamic_payload,delegateEvent / no dynamic replay payload,slot9=-200 literal zero/default placeholder; slot10=-200 literal zero/default placeholder; slot11=-200 literal zero/default placeholder; slot12=-200 literal zero/default placeholder; slot13=-200 literal zero/default placeholder; slot14=-200 literal zero/default placeholder; slot15=-200 literal zero/default placeholder,-200,literal zero/default placeholder,-200,literal zero/default placeholder,-200,literal zero/default placeholder,-200,literal zero/default placeholder,-200,literal zero/default placeholder,-200,literal zero/default placeholder,-200,literal zero/default placeholder
wvr306,110402,A Fruitful Murder,class,wvr30630,wvr30630,11040203,1,wvr306.processEvent030,default,direct_scene,static_no_dynamic_payload,delegateEvent / no dynamic replay payload,slot9=-200 literal zero/default placeholder; slot10=-200 literal zero/default placeholder; slot11=-200 literal zero/default placeholder; slot12=-200 literal zero/default placeholder; slot13=-200 literal zero/default placeholder; slot14=-200 literal zero/default placeholder; slot15=-200 literal zero/default placeholder,-200,literal zero/default placeholder,-200,literal zero/default placeholder,-200,literal zero/default placeholder,-200,literal zero/default placeholder,-200,literal zero/default placeholder,-200,literal zero/default placeholder,-200,literal zero/default placeholder
com0g1,111601,Breaking the Seals,grand_company,com0g105,COM0G105,11160101,1,com0g1.processEventUrianger,branch_or_mixed_default_and_after_warp,direct_scene_after_warp,static_no_dynamic_payload,delegateEvent / no dynamic replay payload,slot9=-200 literal zero/default placeholder; slot10=-200 literal zero/default placeholder; slot11=-200 literal zero/default placeholder; slot12=-200 literal zero/default placeholder; slot13=-200 literal zero/default placeholder; slot14=-200 literal zero/default placeholder; slot15=-200 literal zero/default placeholder,-200,literal zero/default placeholder,-200,literal zero/default placeholder,-200,literal zero/default placeholder,-200,literal zero/default placeholder,-200,literal zero/default placeholder,-200,literal zero/default placeholder,-200,literal zero/default placeholder
com0g1,111601,Breaking the Seals,grand_company,com0g110,COM0G110,11160102,1,com0g1.processEventUriangerMore,after_warp,direct_scene_after_warp,dynamic_placeholder_payload,manual replay placeholder review,slot9=-218 literal true; slot10=-209 quest 110019 completion plus initial-town 2 selector; slot11=-200 literal zero/default placeholder; slot12=-200 literal zero/default placeholder; slot13=-200 literal zero/default placeholder; slot14=-200 literal zero/default placeholder; slot15=-200 literal zero/default placeholder,-218,literal true,-209,quest 110019 completion plus initial-town 2 selector,-200,literal zero/default placeholder,-200,literal zero/default placeholder,-200,literal zero/default placeholder,-200,literal zero/default placeholder,-200,literal zero/default placeholder
com0g4,111604,The Mail Must Get Through,grand_company,com0g410,com0g410,11160401,1,com0g4.processEventClear,default,direct_scene,static_no_dynamic_payload,delegateEvent / no dynamic replay payload,slot9=-200 literal zero/default placeholder; slot10=-200 literal zero/default placeholder; slot11=-200 literal zero/default placeholder; slot12=-200 literal zero/default placeholder; slot13=-200 literal zero/default placeholder; slot14=-200 literal zero/default placeholder; slot15=-200 literal zero/default placeholder,-200,literal zero/default placeholder,-200,literal zero/default placeholder,-200,literal zero/default placeholder,-200,literal zero/default placeholder,-200,literal zero/default placeholder,-200,literal zero/default placeholder,-200,literal zero/default placeholder
com0g5,111605,Their Finest Hour,grand_company,com0g610,com0g610,11160501,1,com0g5.processEvent005,after_warp,direct_scene_after_warp,static_no_dynamic_payload,delegateEvent / no dynamic replay payload,slot9=-200 literal zero/default placeholder; slot10=-200 literal zero/default placeholder; slot11=-200 literal zero/default placeholder; slot12=-200 literal zero/default placeholder; slot13=-200 literal zero/default placeholder; slot14=-200 literal zero/default placeholder; slot15=-200 literal zero/default placeholder,-200,literal zero/default placeholder,-200,literal zero/default placeholder,-200,literal zero/default placeholder,-200,literal zero/default placeholder,-200,literal zero/default placeholder,-200,literal zero/default placeholder,-200,literal zero/default placeholder
com0g6,111606,Appetite for Destruction,grand_company,com0g510,COM0G510,11160601,1,com0g6.processEventNq,default,direct_scene,static_no_dynamic_payload,delegateEvent / no dynamic replay payload,slot9=-200 literal zero/default placeholder; slot10=-200 literal zero/default placeholder; slot11=-200 literal zero/default placeholder; slot12=-200 literal zero/default placeholder; slot13=-200 literal zero/default placeholder; slot14=-200 literal zero/default placeholder; slot15=-200 literal zero/default placeholder,-200,literal zero/default placeholder,-200,literal zero/default placeholder,-200,literal zero/default placeholder,-200,literal zero/default placeholder,-200,literal zero/default placeholder,-200,literal zero/default placeholder,-200,literal zero/default placeholder
com0l1,111401,The Price of Integrity,grand_company,com0l105,COM0L105,11140101,1,com0l1.processEvent_020,branch_or_mixed_default_and_after_warp,direct_scene_after_warp,static_no_dynamic_payload,delegateEvent / no dynamic replay payload,slot9=-200 literal zero/default placeholder; slot10=-200 literal zero/default placeholder; slot11=-200 literal zero/default placeholder; slot12=-200 literal zero/default placeholder; slot13=-200 literal zero/default placeholder; slot14=-200 literal zero/default placeholder; slot15=-200 literal zero/default placeholder,-200,literal zero/default placeholder,-200,literal zero/default placeholder,-200,literal zero/default placeholder,-200,literal zero/default placeholder,-200,literal zero/default placeholder,-200,literal zero/default placeholder,-200,literal zero/default placeholder
com0l1,111401,The Price of Integrity,grand_company,com0l110,COM0l110,11140102,1,com0l1.processEvent_030;com0l5.processEvent_010,after_warp,direct_scene_after_warp,dynamic_placeholder_payload,manual replay placeholder review,slot9=0 unknown replay placeholder; slot10=-210 quest 110019 completion plus initial-town 1 selector; slot11=-200 literal zero/default placeholder; slot12=-200 literal zero/default placeholder; slot13=-200 literal zero/default placeholder; slot14=-200 literal zero/default placeholder; slot15=-200 literal zero/default placeholder,0,unknown replay placeholder,-210,quest 110019 completion plus initial-town 1 selector,-200,literal zero/default placeholder,-200,literal zero/default placeholder,-200,literal zero/default placeholder,-200,literal zero/default placeholder,-200,literal zero/default placeholder
com0l4,111404,Engineering Victory,grand_company,com0l410,com0l410,11140401,1,com0l4.processEvent_020,default,direct_scene,static_no_dynamic_payload,delegateEvent / no dynamic replay payload,slot9=-200 literal zero/default placeholder; slot10=-200 literal zero/default placeholder; slot11=-200 literal zero/default placeholder; slot12=-200 literal zero/default placeholder; slot13=-200 literal zero/default placeholder; slot14=-200 literal zero/default placeholder; slot15=-200 literal zero/default placeholder,-200,literal zero/default placeholder,-200,literal zero/default placeholder,-200,literal zero/default placeholder,-200,literal zero/default placeholder,-200,literal zero/default placeholder,-200,literal zero/default placeholder,-200,literal zero/default placeholder
com0l5,111405,An Officer and a Wise Man,grand_company,com0l110,COM0l110,11140102,1,com0l1.processEvent_030;com0l5.processEvent_010,after_warp,direct_scene_after_warp,dynamic_placeholder_payload,manual replay placeholder review,slot9=0 unknown replay placeholder; slot10=-210 quest 110019 completion plus initial-town 1 selector; slot11=-200 literal zero/default placeholder; slot12=-200 literal zero/default placeholder; slot13=-200 literal zero/default placeholder; slot14=-200 literal zero/default placeholder; slot15=-200 literal zero/default placeholder,0,unknown replay placeholder,-210,quest 110019 completion plus initial-town 1 selector,-200,literal zero/default placeholder,-200,literal zero/default placeholder,-200,literal zero/default placeholder,-200,literal zero/default placeholder,-200,literal zero/default placeholder
com0l5,111405,An Officer and a Wise Man,grand_company,com0l610,com0l610,11140501,1,com0l5.processEvent_elevator_nq1,after_warp,direct_scene_after_warp,static_no_dynamic_payload,delegateEvent / no dynamic replay payload,slot9=-200 literal zero/default placeholder; slot10=-200 literal zero/default placeholder; slot11=-200 literal zero/default placeholder; slot12=-200 literal zero/default placeholder; slot13=-200 literal zero/default placeholder; slot14=-200 literal zero/default placeholder; slot15=-200 literal zero/default placeholder,-200,literal zero/default placeholder,-200,literal zero/default placeholder,-200,literal zero/default placeholder,-200,literal zero/default placeholder,-200,literal zero/default placeholder,-200,literal zero/default placeholder,-200,literal zero/default placeholder
com0l6,111406,Ceruleum Shock,grand_company,com0l510,com0l510,11140601,1,com0l6.processEvent_010,default,direct_scene,dynamic_placeholder_payload,manual replay placeholder review,slot9=0 unknown replay placeholder; slot10=-212 not completed 111806/111606 selector; slot11=-200 literal zero/default placeholder; slot12=-200 literal zero/default placeholder; slot13=-200 literal zero/default placeholder; slot14=-200 literal zero/default placeholder; slot15=-200 literal zero/default placeholder,0,unknown replay placeholder,-212,not completed 111806/111606 selector,-200,literal zero/default placeholder,-200,literal zero/default placeholder,-200,literal zero/default placeholder,-200,literal zero/default placeholder,-200,literal zero/default placeholder
com0u1,111801,Career Opportunities,grand_company,com0u105,COM0U105,11180101,1,com0u1.processEvent_020,branch_or_mixed_default_and_after_warp,direct_scene_after_warp,static_no_dynamic_payload,delegateEvent / no dynamic replay payload,slot9=-200 literal zero/default placeholder; slot10=-200 literal zero/default placeholder; slot11=-200 literal zero/default placeholder; slot12=-200 literal zero/default placeholder; slot13=-200 literal zero/default placeholder; slot14=-200 literal zero/default placeholder; slot15=-200 literal zero/default placeholder,-200,literal zero/default placeholder,-200,literal zero/default placeholder,-200,literal zero/default placeholder,-200,literal zero/default placeholder,-200,literal zero/default placeholder,-200,literal zero/default placeholder,-200,literal zero/default placeholder
com0u1,111801,Career Opportunities,grand_company,com0u110,COM0U110,11180102,1,com0u1.processEvent_030,after_warp,direct_scene_after_warp,dynamic_placeholder_payload,manual replay placeholder review,slot9=0 unknown replay placeholder; slot10=-211 quest 110019 completion plus initial-town 3 selector; slot11=-200 literal zero/default placeholder; slot12=-200 literal zero/default placeholder; slot13=-200 literal zero/default placeholder; slot14=-200 literal zero/default placeholder; slot15=-200 literal zero/default placeholder,0,unknown replay placeholder,-211,quest 110019 completion plus initial-town 3 selector,-200,literal zero/default placeholder,-200,literal zero/default placeholder,-200,literal zero/default placeholder,-200,literal zero/default placeholder,-200,literal zero/default placeholder
com0u4,111804,Arms Race,grand_company,com0u410,com0u410,11180401,1,com0u4.processEvent_050,default,direct_scene,static_no_dynamic_payload,delegateEvent / no dynamic replay payload,slot9=-200 literal zero/default placeholder; slot10=-200 literal zero/default placeholder; slot11=-200 literal zero/default placeholder; slot12=-200 literal zero/default placeholder; slot13=-200 literal zero/default placeholder; slot14=-200 literal zero/default placeholder; slot15=-200 literal zero/default placeholder,-200,literal zero/default placeholder,-200,literal zero/default placeholder,-200,literal zero/default placeholder,-200,literal zero/default placeholder,-200,literal zero/default placeholder,-200,literal zero/default placeholder,-200,literal zero/default placeholder
com0u5,111805,Burning Man,grand_company,com0u610,com0u610,11180501,1,com0u5.processEvent025,after_warp,direct_scene_after_warp,static_no_dynamic_payload,delegateEvent / no dynamic replay payload,slot9=-200 literal zero/default placeholder; slot10=-200 literal zero/default placeholder; slot11=-200 literal zero/default placeholder; slot12=-200 literal zero/default placeholder; slot13=-200 literal zero/default placeholder; slot14=-200 literal zero/default placeholder; slot15=-200 literal zero/default placeholder,-200,literal zero/default placeholder,-200,literal zero/default placeholder,-200,literal zero/default placeholder,-200,literal zero/default placeholder,-200,literal zero/default placeholder,-200,literal zero/default placeholder,-200,literal zero/default placeholder
com0u6,111806,Know Your Enemy,grand_company,com0u510,com0u510,11180601,1,com0u6.processEvent_005_03,after_warp,direct_scene_after_warp,dynamic_placeholder_payload,manual replay placeholder review,slot9=0 unknown replay placeholder; slot10=-213 not completed 111406/111606 selector; slot11=-200 literal zero/default placeholder; slot12=-200 literal zero/default placeholder; slot13=-200 literal zero/default placeholder; slot14=-200 literal zero/default placeholder; slot15=-200 literal zero/default placeholder,0,unknown replay placeholder,-213,not completed 111406/111606 selector,-200,literal zero/default placeholder,-200,literal zero/default placeholder,-200,literal zero/default placeholder,-200,literal zero/default placeholder,-200,literal zero/default placeholder
gcg102,111627,Two Vans are Better than One,grand_company,gc01g210,gc01g210,11162701,1,gcg102.processEventPfrymloefNQ,default,direct_scene,static_no_dynamic_payload,delegateEvent / no dynamic replay payload,slot9=-200 literal zero/default placeholder; slot10=-200 literal zero/default placeholder; slot11=-200 literal zero/default placeholder; slot12=-200 literal zero/default placeholder; slot13=-200 literal zero/default placeholder; slot14=-200 literal zero/default placeholder; slot15=-200 literal zero/default placeholder,-200,literal zero/default placeholder,-200,literal zero/default placeholder,-200,literal zero/default placeholder,-200,literal zero/default placeholder,-200,literal zero/default placeholder,-200,literal zero/default placeholder,-200,literal zero/default placeholder
gcg103,111629,Shadow of the Raven,grand_company,gc01g310,gc01g310,11162901,1,gcg103.processEventNQ01,default,direct_scene,static_no_dynamic_payload,delegateEvent / no dynamic replay payload,slot9=-200 literal zero/default placeholder; slot10=-200 literal zero/default placeholder; slot11=-200 literal zero/default placeholder; slot12=-200 literal zero/default placeholder; slot13=-200 literal zero/default placeholder; slot14=-200 literal zero/default placeholder; slot15=-200 literal zero/default placeholder,-200,literal zero/default placeholder,-200,literal zero/default placeholder,-200,literal zero/default placeholder,-200,literal zero/default placeholder,-200,literal zero/default placeholder,-200,literal zero/default placeholder,-200,literal zero/default placeholder
gcg103,111629,Shadow of the Raven,grand_company,gc01g320,gc01g320,11162902,1,gcg103.processEventNQ02,default,direct_scene,static_no_dynamic_payload,delegateEvent / no dynamic replay payload,slot9=-200 literal zero/default placeholder; slot10=-200 literal zero/default placeholder; slot11=-200 literal zero/default placeholder; slot12=-200 literal zero/default placeholder; slot13=-200 literal zero/default placeholder; slot14=-200 literal zero/default placeholder; slot15=-200 literal zero/default placeholder,-200,literal zero/default placeholder,-200,literal zero/default placeholder,-200,literal zero/default placeholder,-200,literal zero/default placeholder,-200,literal zero/default placeholder,-200,literal zero/default placeholder,-200,literal zero/default placeholder
gcl102,111427,Alive,grand_company,gc01l210,gc01l210,11142701,1,gcl102.processEventNQ,after_warp,direct_scene_after_warp,static_no_dynamic_payload,delegateEvent / no dynamic replay payload,slot9=-200 literal zero/default placeholder; slot10=-200 literal zero/default placeholder; slot11=-200 literal zero/default placeholder; slot12=-200 literal zero/default placeholder; slot13=-200 literal zero/default placeholder; slot14=-200 literal zero/default placeholder; slot15=-200 literal zero/default placeholder,-200,literal zero/default placeholder,-200,literal zero/default placeholder,-200,literal zero/default placeholder,-200,literal zero/default placeholder,-200,literal zero/default placeholder,-200,literal zero/default placeholder,-200,literal zero/default placeholder
gcl103,111429,Deus ex Machina,grand_company,gc01l310,gc01l310,11142901,1,gcl103.processEvent005_NQ,branch_or_mixed_default_and_after_warp,direct_scene_after_warp,static_no_dynamic_payload,delegateEvent / no dynamic replay payload,slot9=-200 literal zero/default placeholder; slot10=-200 literal zero/default placeholder; slot11=-200 literal zero/default placeholder; slot12=-200 literal zero/default placeholder; slot13=-200 literal zero/default placeholder; slot14=-200 literal zero/default placeholder; slot15=-200 literal zero/default placeholder,-200,literal zero/default placeholder,-200,literal zero/default placeholder,-200,literal zero/default placeholder,-200,literal zero/default placeholder,-200,literal zero/default placeholder,-200,literal zero/default placeholder,-200,literal zero/default placeholder
gcl103,111429,Deus ex Machina,grand_company,gc01l320,gc01l320,11142902,1,gcl103.processEvent015_NQ,default,direct_scene,static_no_dynamic_payload,delegateEvent / no dynamic replay payload,slot9=-200 literal zero/default placeholder; slot10=-200 literal zero/default placeholder; slot11=-200 literal zero/default placeholder; slot12=-200 literal zero/default placeholder; slot13=-200 literal zero/default placeholder; slot14=-200 literal zero/default placeholder; slot15=-200 literal zero/default placeholder,-200,literal zero/default placeholder,-200,literal zero/default placeholder,-200,literal zero/default placeholder,-200,literal zero/default placeholder,-200,literal zero/default placeholder,-200,literal zero/default placeholder,-200,literal zero/default placeholder
gcl104,111430,In for Garuda Wakening (Limsa Lominsa),grand_company,gc010410,gc010410,11143001,1,gcl104.processEventNQ,default,direct_scene,static_no_dynamic_payload,delegateEvent / no dynamic replay payload,slot9=-200 literal zero/default placeholder; slot10=-200 literal zero/default placeholder; slot11=-200 literal zero/default placeholder; slot12=-200 literal zero/default placeholder; slot13=-200 literal zero/default placeholder; slot14=-200 literal zero/default placeholder; slot15=-200 literal zero/default placeholder,-200,literal zero/default placeholder,-200,literal zero/default placeholder,-200,literal zero/default placeholder,-200,literal zero/default placeholder,-200,literal zero/default placeholder,-200,literal zero/default placeholder,-200,literal zero/default placeholder
gcl104,111430,In for Garuda Wakening (Limsa Lominsa),grand_company,gc01l410,gc01l410,11143004,1,gcl104.processEventZanthael,after_warp,direct_scene_after_warp,static_no_dynamic_payload,delegateEvent / no dynamic replay payload,slot9=-200 literal zero/default placeholder; slot10=-200 literal zero/default placeholder; slot11=-200 literal zero/default placeholder; slot12=-200 literal zero/default placeholder; slot13=-200 literal zero/default placeholder; slot14=-200 literal zero/default placeholder; slot15=-200 literal zero/default placeholder,-200,literal zero/default placeholder,-200,literal zero/default placeholder,-200,literal zero/default placeholder,-200,literal zero/default placeholder,-200,literal zero/default placeholder,-200,literal zero/default placeholder,-200,literal zero/default placeholder
gcl104,111430,In for Garuda Wakening (Limsa Lominsa),grand_company,gc010410,gc010410,11163001,1,gcl104.processEventNQ,default,direct_scene,static_no_dynamic_payload,delegateEvent / no dynamic replay payload,slot9=-200 literal zero/default placeholder; slot10=-200 literal zero/default placeholder; slot11=-200 literal zero/default placeholder; slot12=-200 literal zero/default placeholder; slot13=-200 literal zero/default placeholder; slot14=-200 literal zero/default placeholder; slot15=-200 literal zero/default placeholder,-200,literal zero/default placeholder,-200,literal zero/default placeholder,-200,literal zero/default placeholder,-200,literal zero/default placeholder,-200,literal zero/default placeholder,-200,literal zero/default placeholder,-200,literal zero/default placeholder
gcl104,111430,In for Garuda Wakening (Limsa Lominsa),grand_company,gc01g410,gc01g410,11163004,1,gcl104.processEventNQG,after_warp,direct_scene_after_warp,static_no_dynamic_payload,delegateEvent / no dynamic replay payload,slot9=-200 literal zero/default placeholder; slot10=-200 literal zero/default placeholder; slot11=-200 literal zero/default placeholder; slot12=-200 literal zero/default placeholder; slot13=-200 literal zero/default placeholder; slot14=-200 literal zero/default placeholder; slot15=-200 literal zero/default placeholder,-200,literal zero/default placeholder,-200,literal zero/default placeholder,-200,literal zero/default placeholder,-200,literal zero/default placeholder,-200,literal zero/default placeholder,-200,literal zero/default placeholder,-200,literal zero/default placeholder
gcl104,111430,In for Garuda Wakening (Limsa Lominsa),grand_company,gc010410,gc010410,11183001,1,gcl104.processEventNQ,default,direct_scene,static_no_dynamic_payload,delegateEvent / no dynamic replay payload,slot9=-200 literal zero/default placeholder; slot10=-200 literal zero/default placeholder; slot11=-200 literal zero/default placeholder; slot12=-200 literal zero/default placeholder; slot13=-200 literal zero/default placeholder; slot14=-200 literal zero/default placeholder; slot15=-200 literal zero/default placeholder,-200,literal zero/default placeholder,-200,literal zero/default placeholder,-200,literal zero/default placeholder,-200,literal zero/default placeholder,-200,literal zero/default placeholder,-200,literal zero/default placeholder,-200,literal zero/default placeholder
gcl104,111430,In for Garuda Wakening (Limsa Lominsa),grand_company,gc01u410,gc01u410,11183004,1,gcl104.processEventNQU,after_warp,direct_scene_after_warp,static_no_dynamic_payload,delegateEvent / no dynamic replay payload,slot9=-200 literal zero/default placeholder; slot10=-200 literal zero/default placeholder; slot11=-200 literal zero/default placeholder; slot12=-200 literal zero/default placeholder; slot13=-200 literal zero/default placeholder; slot14=-200 literal zero/default placeholder; slot15=-200 literal zero/default placeholder,-200,literal zero/default placeholder,-200,literal zero/default placeholder,-200,literal zero/default placeholder,-200,literal zero/default placeholder,-200,literal zero/default placeholder,-200,literal zero/default placeholder,-200,literal zero/default placeholder
gcl105,111431,Don't Hate the Messenger (Limsa Lominsa),grand_company,gc010610,gc010610,11143101,1,gcl105.processEventNq1,default,direct_scene,dynamic_placeholder_payload,manual replay placeholder review,"slot9=0 unknown replay placeholder; slot10=-222 quest 110019 completion flag; slot11=-221 player Grand Company, defaulting zero to one; slot12=-200 literal zero/default placeholder; slot13=-200 literal zero/default placeholder; slot14=-200 literal zero/default placeholder; slot15=-200 literal zero/default placeholder",0,unknown replay placeholder,-222,quest 110019 completion flag,-221,"player Grand Company, defaulting zero to one",-200,literal zero/default placeholder,-200,literal zero/default placeholder,-200,literal zero/default placeholder,-200,literal zero/default placeholder
gcl105,111431,Don't Hate the Messenger (Limsa Lominsa),grand_company,gc010620,gc010620,11143102,1,gcl105.processEventNq,after_warp,direct_scene_after_warp,static_no_dynamic_payload,delegateEvent / no dynamic replay payload,slot9=-200 literal zero/default placeholder; slot10=-200 literal zero/default placeholder; slot11=-200 literal zero/default placeholder; slot12=-200 literal zero/default placeholder; slot13=-200 literal zero/default placeholder; slot14=-200 literal zero/default placeholder; slot15=-200 literal zero/default placeholder,-200,literal zero/default placeholder,-200,literal zero/default placeholder,-200,literal zero/default placeholder,-200,literal zero/default placeholder,-200,literal zero/default placeholder,-200,literal zero/default placeholder,-200,literal zero/default placeholder
gcl105,111431,Don't Hate the Messenger (Limsa Lominsa),grand_company,gc010610,gc010610,11163101,1,gcl105.processEventNq1,default,direct_scene,dynamic_placeholder_payload,manual replay placeholder review,slot9=1 unknown replay placeholder; slot10=-207 player initial town; slot11=-200 literal zero/default placeholder; slot12=-200 literal zero/default placeholder; slot13=-200 literal zero/default placeholder; slot14=-200 literal zero/default placeholder; slot15=-200 literal zero/default placeholder,1,unknown replay placeholder,-207,player initial town,-200,literal zero/default placeholder,-200,literal zero/default placeholder,-200,literal zero/default placeholder,-200,literal zero/default placeholder,-200,literal zero/default placeholder
gcl105,111431,Don't Hate the Messenger (Limsa Lominsa),grand_company,gc010620,gc010620,11163102,1,gcl105.processEventNq,after_warp,direct_scene_after_warp,static_no_dynamic_payload,delegateEvent / no dynamic replay payload,slot9=-200 literal zero/default placeholder; slot10=-200 literal zero/default placeholder; slot11=-200 literal zero/default placeholder; slot12=-200 literal zero/default placeholder; slot13=-200 literal zero/default placeholder; slot14=-200 literal zero/default placeholder; slot15=-200 literal zero/default placeholder,-200,literal zero/default placeholder,-200,literal zero/default placeholder,-200,literal zero/default placeholder,-200,literal zero/default placeholder,-200,literal zero/default placeholder,-200,literal zero/default placeholder,-200,literal zero/default placeholder
gcl105,111431,Don't Hate the Messenger (Limsa Lominsa),grand_company,gc010610,gc010610,11183101,1,gcl105.processEventNq1,default,direct_scene,dynamic_placeholder_payload,manual replay placeholder review,"slot9=0 unknown replay placeholder; slot10=-222 quest 110019 completion flag; slot11=-221 player Grand Company, defaulting zero to one; slot12=-200 literal zero/default placeholder; slot13=-200 literal zero/default placeholder; slot14=-200 literal zero/default placeholder; slot15=-200 literal zero/default placeholder",0,unknown replay placeholder,-222,quest 110019 completion flag,-221,"player Grand Company, defaulting zero to one",-200,literal zero/default placeholder,-200,literal zero/default placeholder,-200,literal zero/default placeholder,-200,literal zero/default placeholder
gcl105,111431,Don't Hate the Messenger (Limsa Lominsa),grand_company,gc010620,gc010620,11183102,1,gcl105.processEventNq,after_warp,direct_scene_after_warp,static_no_dynamic_payload,delegateEvent / no dynamic replay payload,slot9=-200 literal zero/default placeholder; slot10=-200 literal zero/default placeholder; slot11=-200 literal zero/default placeholder; slot12=-200 literal zero/default placeholder; slot13=-200 literal zero/default placeholder; slot14=-200 literal zero/default placeholder; slot15=-200 literal zero/default placeholder,-200,literal zero/default placeholder,-200,literal zero/default placeholder,-200,literal zero/default placeholder,-200,literal zero/default placeholder,-200,literal zero/default placeholder,-200,literal zero/default placeholder,-200,literal zero/default placeholder
gcl107,111433,To Kill a Raven (Limsa Lominsa),grand_company,gc010710,gc010710,11143301,1,gcl107.processEventNq1,default,direct_scene,static_no_dynamic_payload,delegateEvent / no dynamic replay payload,slot9=-200 literal zero/default placeholder; slot10=-200 literal zero/default placeholder; slot11=-200 literal zero/default placeholder; slot12=-200 literal zero/default placeholder; slot13=-200 literal zero/default placeholder; slot14=-200 literal zero/default placeholder; slot15=-200 literal zero/default placeholder,-200,literal zero/default placeholder,-200,literal zero/default placeholder,-200,literal zero/default placeholder,-200,literal zero/default placeholder,-200,literal zero/default placeholder,-200,literal zero/default placeholder,-200,literal zero/default placeholder
gcl107,111433,To Kill a Raven (Limsa Lominsa),grand_company,gc010714,gc010714,11143302,1,gcl107.processEventNq2,default,direct_scene,dynamic_placeholder_payload,manual replay placeholder review,slot9=0 unknown replay placeholder; slot10=0 unknown replay placeholder; slot11=-200 literal zero/default placeholder; slot12=-200 literal zero/default placeholder; slot13=-200 literal zero/default placeholder; slot14=-200 literal zero/default placeholder; slot15=-200 literal zero/default placeholder,0,unknown replay placeholder,0,unknown replay placeholder,-200,literal zero/default placeholder,-200,literal zero/default placeholder,-200,literal zero/default placeholder,-200,literal zero/default placeholder,-200,literal zero/default placeholder
gcl107,111433,To Kill a Raven (Limsa Lominsa),grand_company,gc010714,gc010714,11143303,1,gcl107.processEventNq2,default,direct_scene,dynamic_placeholder_payload,manual replay placeholder review,slot9=0 unknown replay placeholder; slot10=1 unknown replay placeholder; slot11=-200 literal zero/default placeholder; slot12=-200 literal zero/default placeholder; slot13=-200 literal zero/default placeholder; slot14=-200 literal zero/default placeholder; slot15=-200 literal zero/default placeholder,0,unknown replay placeholder,1,unknown replay placeholder,-200,literal zero/default placeholder,-200,literal zero/default placeholder,-200,literal zero/default placeholder,-200,literal zero/default placeholder,-200,literal zero/default placeholder
gcl107,111433,To Kill a Raven (Limsa Lominsa),grand_company,gc010750,gc010750,11143308,1,gcl107.processEventKinnison03,default,direct_scene,dynamic_placeholder_payload,manual replay placeholder review,"slot9=0 unknown replay placeholder; slot10=-221 player Grand Company, defaulting zero to one; slot11=-200 literal zero/default placeholder; slot12=-200 literal zero/default placeholder; slot13=-200 literal zero/default placeholder; slot14=-200 literal zero/default placeholder; slot15=-200 literal zero/default placeholder",0,unknown replay placeholder,-221,"player Grand Company, defaulting zero to one",-200,literal zero/default placeholder,-200,literal zero/default placeholder,-200,literal zero/default placeholder,-200,literal zero/default placeholder,-200,literal zero/default placeholder
gcl107,111433,To Kill a Raven (Limsa Lominsa),grand_company,gc010710,gc010710,11163301,1,gcl107.processEventNq1,default,direct_scene,static_no_dynamic_payload,delegateEvent / no dynamic replay payload,slot9=-200 literal zero/default placeholder; slot10=-200 literal zero/default placeholder; slot11=-200 literal zero/default placeholder; slot12=-200 literal zero/default placeholder; slot13=-200 literal zero/default placeholder; slot14=-200 literal zero/default placeholder; slot15=-200 literal zero/default placeholder,-200,literal zero/default placeholder,-200,literal zero/default placeholder,-200,literal zero/default placeholder,-200,literal zero/default placeholder,-200,literal zero/default placeholder,-200,literal zero/default placeholder,-200,literal zero/default placeholder
gcl107,111433,To Kill a Raven (Limsa Lominsa),grand_company,gc010714,gc010714,11163302,1,gcl107.processEventNq2,default,direct_scene,dynamic_placeholder_payload,manual replay placeholder review,slot9=0 unknown replay placeholder; slot10=0 unknown replay placeholder; slot11=-200 literal zero/default placeholder; slot12=-200 literal zero/default placeholder; slot13=-200 literal zero/default placeholder; slot14=-200 literal zero/default placeholder; slot15=-200 literal zero/default placeholder,0,unknown replay placeholder,0,unknown replay placeholder,-200,literal zero/default placeholder,-200,literal zero/default placeholder,-200,literal zero/default placeholder,-200,literal zero/default placeholder,-200,literal zero/default placeholder
gcl107,111433,To Kill a Raven (Limsa Lominsa),grand_company,gc010714,gc010714,11163303,1,gcl107.processEventNq2,default,direct_scene,dynamic_placeholder_payload,manual replay placeholder review,slot9=0 unknown replay placeholder; slot10=1 unknown replay placeholder; slot11=-200 literal zero/default placeholder; slot12=-200 literal zero/default placeholder; slot13=-200 literal zero/default placeholder; slot14=-200 literal zero/default placeholder; slot15=-200 literal zero/default placeholder,0,unknown replay placeholder,1,unknown replay placeholder,-200,literal zero/default placeholder,-200,literal zero/default placeholder,-200,literal zero/default placeholder,-200,literal zero/default placeholder,-200,literal zero/default placeholder
gcl107,111433,To Kill a Raven (Limsa Lominsa),grand_company,gc010750,gc010750,11163308,1,gcl107.processEventKinnison03,default,direct_scene,dynamic_placeholder_payload,manual replay placeholder review,"slot9=0 unknown replay placeholder; slot10=-221 player Grand Company, defaulting zero to one; slot11=-200 literal zero/default placeholder; slot12=-200 literal zero/default placeholder; slot13=-200 literal zero/default placeholder; slot14=-200 literal zero/default placeholder; slot15=-200 literal zero/default placeholder",0,unknown replay placeholder,-221,"player Grand Company, defaulting zero to one",-200,literal zero/default placeholder,-200,literal zero/default placeholder,-200,literal zero/default placeholder,-200,literal zero/default placeholder,-200,literal zero/default placeholder
gcl107,111433,To Kill a Raven (Limsa Lominsa),grand_company,gc010710,gc010710,11183301,1,gcl107.processEventNq1,default,direct_scene,static_no_dynamic_payload,delegateEvent / no dynamic replay payload,slot9=-200 literal zero/default placeholder; slot10=-200 literal zero/default placeholder; slot11=-200 literal zero/default placeholder; slot12=-200 literal zero/default placeholder; slot13=-200 literal zero/default placeholder; slot14=-200 literal zero/default placeholder; slot15=-200 literal zero/default placeholder,-200,literal zero/default placeholder,-200,literal zero/default placeholder,-200,literal zero/default placeholder,-200,literal zero/default placeholder,-200,literal zero/default placeholder,-200,literal zero/default placeholder,-200,literal zero/default placeholder
gcl107,111433,To Kill a Raven (Limsa Lominsa),grand_company,gc010714,gc010714,11183302,1,gcl107.processEventNq2,default,direct_scene,dynamic_placeholder_payload,manual replay placeholder review,slot9=0 unknown replay placeholder; slot10=0 unknown replay placeholder; slot11=-200 literal zero/default placeholder; slot12=-200 literal zero/default placeholder; slot13=-200 literal zero/default placeholder; slot14=-200 literal zero/default placeholder; slot15=-200 literal zero/default placeholder,0,unknown replay placeholder,0,unknown replay placeholder,-200,literal zero/default placeholder,-200,literal zero/default placeholder,-200,literal zero/default placeholder,-200,literal zero/default placeholder,-200,literal zero/default placeholder
gcl107,111433,To Kill a Raven (Limsa Lominsa),grand_company,gc010714,gc010714,11183303,1,gcl107.processEventNq2,default,direct_scene,dynamic_placeholder_payload,manual replay placeholder review,slot9=0 unknown replay placeholder; slot10=1 unknown replay placeholder; slot11=-200 literal zero/default placeholder; slot12=-200 literal zero/default placeholder; slot13=-200 literal zero/default placeholder; slot14=-200 literal zero/default placeholder; slot15=-200 literal zero/default placeholder,0,unknown replay placeholder,1,unknown replay placeholder,-200,literal zero/default placeholder,-200,literal zero/default placeholder,-200,literal zero/default placeholder,-200,literal zero/default placeholder,-200,literal zero/default placeholder
gcl107,111433,To Kill a Raven (Limsa Lominsa),grand_company,gc010750,gc010750,11183308,1,gcl107.processEventKinnison03,default,direct_scene,dynamic_placeholder_payload,manual replay placeholder review,"slot9=0 unknown replay placeholder; slot10=-221 player Grand Company, defaulting zero to one; slot11=-200 literal zero/default placeholder; slot12=-200 literal zero/default placeholder; slot13=-200 literal zero/default placeholder; slot14=-200 literal zero/default placeholder; slot15=-200 literal zero/default placeholder",0,unknown replay placeholder,-221,"player Grand Company, defaulting zero to one",-200,literal zero/default placeholder,-200,literal zero/default placeholder,-200,literal zero/default placeholder,-200,literal zero/default placeholder,-200,literal zero/default placeholder
gcu102,111827,"Like Father, Like Son",grand_company,gc01u210,gc01u210,11182701,1,gcu102.processEvent015,default,direct_scene,static_no_dynamic_payload,delegateEvent / no dynamic replay payload,slot9=-200 literal zero/default placeholder; slot10=-200 literal zero/default placeholder; slot11=-200 literal zero/default placeholder; slot12=-200 literal zero/default placeholder; slot13=-200 literal zero/default placeholder; slot14=-200 literal zero/default placeholder; slot15=-200 literal zero/default placeholder,-200,literal zero/default placeholder,-200,literal zero/default placeholder,-200,literal zero/default placeholder,-200,literal zero/default placeholder,-200,literal zero/default placeholder,-200,literal zero/default placeholder,-200,literal zero/default placeholder
gcu103,111829,Careless Whispers,grand_company,gc01u320,gc01u320,11182901,1,gcu103.processEvent_010_NQ_1,default,direct_scene,static_no_dynamic_payload,delegateEvent / no dynamic replay payload,slot9=-200 literal zero/default placeholder; slot10=-200 literal zero/default placeholder; slot11=-200 literal zero/default placeholder; slot12=-200 literal zero/default placeholder; slot13=-200 literal zero/default placeholder; slot14=-200 literal zero/default placeholder; slot15=-200 literal zero/default placeholder,-200,literal zero/default placeholder,-200,literal zero/default placeholder,-200,literal zero/default placeholder,-200,literal zero/default placeholder,-200,literal zero/default placeholder,-200,literal zero/default placeholder,-200,literal zero/default placeholder
gcu103,111829,Careless Whispers,grand_company,gc01u310,gc01u310,11182902,1,gcu103.processEvent_025_NQ_2,default,direct_scene,static_no_dynamic_payload,delegateEvent / no dynamic replay payload,slot9=-200 literal zero/default placeholder; slot10=-200 literal zero/default placeholder; slot11=-200 literal zero/default placeholder; slot12=-200 literal zero/default placeholder; slot13=-200 literal zero/default placeholder; slot14=-200 literal zero/default placeholder; slot15=-200 literal zero/default placeholder,-200,literal zero/default placeholder,-200,literal zero/default placeholder,-200,literal zero/default placeholder,-200,literal zero/default placeholder,-200,literal zero/default placeholder,-200,literal zero/default placeholder,-200,literal zero/default placeholder
blm0j1,111261,Hearing Voices,job,blm0j110,blm0j110,11126101,1,blm0j1.processEvent010,default,direct_scene,static_no_dynamic_payload,delegateEvent / no dynamic replay payload,slot9=-200 literal zero/default placeholder; slot10=-200 literal zero/default placeholder; slot11=-200 literal zero/default placeholder; slot12=-200 literal zero/default placeholder; slot13=-200 literal zero/default placeholder; slot14=-200 literal zero/default placeholder; slot15=-200 literal zero/default placeholder,-200,literal zero/default placeholder,-200,literal zero/default placeholder,-200,literal zero/default placeholder,-200,literal zero/default placeholder,-200,literal zero/default placeholder,-200,literal zero/default placeholder,-200,literal zero/default placeholder
blm0j1,111261,Hearing Voices,job,blm0j120,blm0j120,11126102,1,blm0j1.processEvent020,default,direct_scene,static_no_dynamic_payload,delegateEvent / no dynamic replay payload,slot9=-200 literal zero/default placeholder; slot10=-200 literal zero/default placeholder; slot11=-200 literal zero/default placeholder; slot12=-200 literal zero/default placeholder; slot13=-200 literal zero/default placeholder; slot14=-200 literal zero/default placeholder; slot15=-200 literal zero/default placeholder,-200,literal zero/default placeholder,-200,literal zero/default placeholder,-200,literal zero/default placeholder,-200,literal zero/default placeholder,-200,literal zero/default placeholder,-200,literal zero/default placeholder,-200,literal zero/default placeholder
blm0j6,111266,Always Bet on Black,job,blm0j610,blm0j610,11126601,1,blm0j6.processEventNQ01,branch_or_mixed_default_and_after_warp,direct_scene_after_warp,static_no_dynamic_payload,delegateEvent / no dynamic replay payload,slot9=-200 literal zero/default placeholder; slot10=-200 literal zero/default placeholder; slot11=-200 literal zero/default placeholder; slot12=-200 literal zero/default placeholder; slot13=-200 literal zero/default placeholder; slot14=-200 literal zero/default placeholder; slot15=-200 literal zero/default placeholder,-200,literal zero/default placeholder,-200,literal zero/default placeholder,-200,literal zero/default placeholder,-200,literal zero/default placeholder,-200,literal zero/default placeholder,-200,literal zero/default placeholder,-200,literal zero/default placeholder
blm0j6,111266,Always Bet on Black,job,blm0j620,blm0j620,11126602,1,blm0j6.processEventNQ02;blm0j6.processEventNQ03,after_warp;default,direct_scene;direct_scene_after_warp,static_no_dynamic_payload,delegateEvent / no dynamic replay payload,slot9=-200 literal zero/default placeholder; slot10=-200 literal zero/default placeholder; slot11=-200 literal zero/default placeholder; slot12=-200 literal zero/default placeholder; slot13=-200 literal zero/default placeholder; slot14=-200 literal zero/default placeholder; slot15=-200 literal zero/default placeholder,-200,literal zero/default placeholder,-200,literal zero/default placeholder,-200,literal zero/default placeholder,-200,literal zero/default placeholder,-200,literal zero/default placeholder,-200,literal zero/default placeholder,-200,literal zero/default placeholder
brd0j4,111304,Doing It the Bard Way,job,brd0j410,brd0j410,11130401,1,brd0j4.processEventNQ01;brd0j4.processEventNQ02,branch_or_mixed_default_and_after_warp;default,direct_scene;direct_scene_after_warp,static_no_dynamic_payload,delegateEvent / no dynamic replay payload,slot9=-200 literal zero/default placeholder; slot10=-200 literal zero/default placeholder; slot11=-200 literal zero/default placeholder; slot12=-200 literal zero/default placeholder; slot13=-200 literal zero/default placeholder; slot14=-200 literal zero/default placeholder; slot15=-200 literal zero/default placeholder,-200,literal zero/default placeholder,-200,literal zero/default placeholder,-200,literal zero/default placeholder,-200,literal zero/default placeholder,-200,literal zero/default placeholder,-200,literal zero/default placeholder,-200,literal zero/default placeholder
brd0j4,111304,Doing It the Bard Way,job,brd0j420,brd0j420,11130402,1,brd0j4.processEventNQ03,default,direct_scene,static_no_dynamic_payload,delegateEvent / no dynamic replay payload,slot9=-200 literal zero/default placeholder; slot10=-200 literal zero/default placeholder; slot11=-200 literal zero/default placeholder; slot12=-200 literal zero/default placeholder; slot13=-200 literal zero/default placeholder; slot14=-200 literal zero/default placeholder; slot15=-200 literal zero/default placeholder,-200,literal zero/default placeholder,-200,literal zero/default placeholder,-200,literal zero/default placeholder,-200,literal zero/default placeholder,-200,literal zero/default placeholder,-200,literal zero/default placeholder,-200,literal zero/default placeholder
brd0j6,111306,Requiem for the Fallen,job,brd0j610,brd0j610,11130601,1,brd0j6.processEvent_010,default,direct_scene,static_no_dynamic_payload,delegateEvent / no dynamic replay payload,slot9=-200 literal zero/default placeholder; slot10=-200 literal zero/default placeholder; slot11=-200 literal zero/default placeholder; slot12=-200 literal zero/default placeholder; slot13=-200 literal zero/default placeholder; slot14=-200 literal zero/default placeholder; slot15=-200 literal zero/default placeholder,-200,literal zero/default placeholder,-200,literal zero/default placeholder,-200,literal zero/default placeholder,-200,literal zero/default placeholder,-200,literal zero/default placeholder,-200,literal zero/default placeholder,-200,literal zero/default placeholder
drg0j1,111321,Eye of the Dragon,job,drg0j110,drg0j110,11132101,1,drg0j1.processEventNQ,default,direct_scene,static_no_dynamic_payload,delegateEvent / no dynamic replay payload,slot9=-200 literal zero/default placeholder; slot10=-200 literal zero/default placeholder; slot11=-200 literal zero/default placeholder; slot12=-200 literal zero/default placeholder; slot13=-200 literal zero/default placeholder; slot14=-200 literal zero/default placeholder; slot15=-200 literal zero/default placeholder,-200,literal zero/default placeholder,-200,literal zero/default placeholder,-200,literal zero/default placeholder,-200,literal zero/default placeholder,-200,literal zero/default placeholder,-200,literal zero/default placeholder,-200,literal zero/default placeholder
drg0j4,111324,Double Dragoon,job,drg0j410,Drg0j410,11132401,1,drg0j4.processEvent_NQ_Drg0j410,default,direct_scene,static_no_dynamic_payload,delegateEvent / no dynamic replay payload,slot9=-200 literal zero/default placeholder; slot10=-200 literal zero/default placeholder; slot11=-200 literal zero/default placeholder; slot12=-200 literal zero/default placeholder; slot13=-200 literal zero/default placeholder; slot14=-200 literal zero/default placeholder; slot15=-200 literal zero/default placeholder,-200,literal zero/default placeholder,-200,literal zero/default placeholder,-200,literal zero/default placeholder,-200,literal zero/default placeholder,-200,literal zero/default placeholder,-200,literal zero/default placeholder,-200,literal zero/default placeholder
drg0j6,111326,Into the Dragon's Maw,job,drg0j610,Drg0j610,11132601,1,drg0j6.processEvent010,default,direct_scene,static_no_dynamic_payload,delegateEvent / no dynamic replay payload,slot9=-200 literal zero/default placeholder; slot10=-200 literal zero/default placeholder; slot11=-200 literal zero/default placeholder; slot12=-200 literal zero/default placeholder; slot13=-200 literal zero/default placeholder; slot14=-200 literal zero/default placeholder; slot15=-200 literal zero/default placeholder,-200,literal zero/default placeholder,-200,literal zero/default placeholder,-200,literal zero/default placeholder,-200,literal zero/default placeholder,-200,literal zero/default placeholder,-200,literal zero/default placeholder,-200,literal zero/default placeholder
drg0j6,111326,Into the Dragon's Maw,job,drg0j620,Drg0j620,11132602,1,drg0j6.processEvent020;drg0j6.processEvent025,after_warp;default,direct_scene;direct_scene_after_warp,static_no_dynamic_payload,delegateEvent / no dynamic replay payload,slot9=-200 literal zero/default placeholder; slot10=-200 literal zero/default placeholder; slot11=-200 literal zero/default placeholder; slot12=-200 literal zero/default placeholder; slot13=-200 literal zero/default placeholder; slot14=-200 literal zero/default placeholder; slot15=-200 literal zero/default placeholder,-200,literal zero/default placeholder,-200,literal zero/default placeholder,-200,literal zero/default placeholder,-200,literal zero/default placeholder,-200,literal zero/default placeholder,-200,literal zero/default placeholder,-200,literal zero/default placeholder
mnk0j1,111221,Brother from Another Mother,job,mnk0j110,mnk0j110,11122101,1,mnk0j1.processEvent010,default,direct_scene,static_no_dynamic_payload,delegateEvent / no dynamic replay payload,slot9=-200 literal zero/default placeholder; slot10=-200 literal zero/default placeholder; slot11=-200 literal zero/default placeholder; slot12=-200 literal zero/default placeholder; slot13=-200 literal zero/default placeholder; slot14=-200 literal zero/default placeholder; slot15=-200 literal zero/default placeholder,-200,literal zero/default placeholder,-200,literal zero/default placeholder,-200,literal zero/default placeholder,-200,literal zero/default placeholder,-200,literal zero/default placeholder,-200,literal zero/default placeholder,-200,literal zero/default placeholder
mnk0j3,111223,The Pursuit of Power,job,mnk0j310,mnk0j310,11122301,1,mnk0j3.processEventClear,default,direct_scene,static_no_dynamic_payload,delegateEvent / no dynamic replay payload,slot9=-200 literal zero/default placeholder; slot10=-200 literal zero/default placeholder; slot11=-200 literal zero/default placeholder; slot12=-200 literal zero/default placeholder; slot13=-200 literal zero/default placeholder; slot14=-200 literal zero/default placeholder; slot15=-200 literal zero/default placeholder,-200,literal zero/default placeholder,-200,literal zero/default placeholder,-200,literal zero/default placeholder,-200,literal zero/default placeholder,-200,literal zero/default placeholder,-200,literal zero/default placeholder,-200,literal zero/default placeholder
mnk0j6,111226,Return of the King...of Ruin,job,mnk0j610,mnk0j610,11122601,1,mnk0j6.processEvent005,branch_or_mixed_default_and_after_warp,direct_scene_after_warp,static_no_dynamic_payload,delegateEvent / no dynamic replay payload,slot9=-200 literal zero/default placeholder; slot10=-200 literal zero/default placeholder; slot11=-200 literal zero/default placeholder; slot12=-200 literal zero/default placeholder; slot13=-200 literal zero/default placeholder; slot14=-200 literal zero/default placeholder; slot15=-200 literal zero/default placeholder,-200,literal zero/default placeholder,-200,literal zero/default placeholder,-200,literal zero/default placeholder,-200,literal zero/default placeholder,-200,literal zero/default placeholder,-200,literal zero/default placeholder,-200,literal zero/default placeholder
mnk0j6,111226,Return of the King...of Ruin,job,mnk0j620,mnk0j620,11122602,1,mnk0j6.processEvent015,after_warp,direct_scene_after_warp,static_no_dynamic_payload,delegateEvent / no dynamic replay payload,slot9=-200 literal zero/default placeholder; slot10=-200 literal zero/default placeholder; slot11=-200 literal zero/default placeholder; slot12=-200 literal zero/default placeholder; slot13=-200 literal zero/default placeholder; slot14=-200 literal zero/default placeholder; slot15=-200 literal zero/default placeholder,-200,literal zero/default placeholder,-200,literal zero/default placeholder,-200,literal zero/default placeholder,-200,literal zero/default placeholder,-200,literal zero/default placeholder,-200,literal zero/default placeholder,-200,literal zero/default placeholder
pld0j1,111281,Paladin's Pledge,job,pld0j110,pld0j110,11128101,1,pld0j1.processEvent010;pld0j1.processEvent015,after_warp;default,direct_scene;direct_scene_after_warp,static_no_dynamic_payload,delegateEvent / no dynamic replay payload,slot9=-200 literal zero/default placeholder; slot10=-200 literal zero/default placeholder; slot11=-200 literal zero/default placeholder; slot12=-200 literal zero/default placeholder; slot13=-200 literal zero/default placeholder; slot14=-200 literal zero/default placeholder; slot15=-200 literal zero/default placeholder,-200,literal zero/default placeholder,-200,literal zero/default placeholder,-200,literal zero/default placeholder,-200,literal zero/default placeholder,-200,literal zero/default placeholder,-200,literal zero/default placeholder,-200,literal zero/default placeholder
pld0j5,111285,Parley on High Ground,job,pld0j510,pld0j510,11128501,1,pld0j5.processEvent_005NQ_1,branch_or_mixed_default_and_after_warp,direct_scene_after_warp,static_no_dynamic_payload,delegateEvent / no dynamic replay payload,slot9=-200 literal zero/default placeholder; slot10=-200 literal zero/default placeholder; slot11=-200 literal zero/default placeholder; slot12=-200 literal zero/default placeholder; slot13=-200 literal zero/default placeholder; slot14=-200 literal zero/default placeholder; slot15=-200 literal zero/default placeholder,-200,literal zero/default placeholder,-200,literal zero/default placeholder,-200,literal zero/default placeholder,-200,literal zero/default placeholder,-200,literal zero/default placeholder,-200,literal zero/default placeholder,-200,literal zero/default placeholder
pld0j5,111285,Parley on High Ground,job,pld0j520,pld0j520,11128502,1,pld0j5.processEvent_015NQ_2,default,direct_scene,static_no_dynamic_payload,delegateEvent / no dynamic replay payload,slot9=-200 literal zero/default placeholder; slot10=-200 literal zero/default placeholder; slot11=-200 literal zero/default placeholder; slot12=-200 literal zero/default placeholder; slot13=-200 literal zero/default placeholder; slot14=-200 literal zero/default placeholder; slot15=-200 literal zero/default placeholder,-200,literal zero/default placeholder,-200,literal zero/default placeholder,-200,literal zero/default placeholder,-200,literal zero/default placeholder,-200,literal zero/default placeholder,-200,literal zero/default placeholder,-200,literal zero/default placeholder
pld0j6,111286,Keeping the Oath,job,pld0j610,pld0j610,11128601,1,pld0j6.processEventNQ01,branch_or_mixed_default_and_after_warp,direct_scene_after_warp,static_no_dynamic_payload,delegateEvent / no dynamic replay payload,slot9=-200 literal zero/default placeholder; slot10=-200 literal zero/default placeholder; slot11=-200 literal zero/default placeholder; slot12=-200 literal zero/default placeholder; slot13=-200 literal zero/default placeholder; slot14=-200 literal zero/default placeholder; slot15=-200 literal zero/default placeholder,-200,literal zero/default placeholder,-200,literal zero/default placeholder,-200,literal zero/default placeholder,-200,literal zero/default placeholder,-200,literal zero/default placeholder,-200,literal zero/default placeholder,-200,literal zero/default placeholder
pld0j6,111286,Keeping the Oath,job,pld0j620,pld0j620,11128602,1,pld0j6.processEventNQ02;pld0j6.processEventNQ03,after_warp;default,direct_scene;direct_scene_after_warp,static_no_dynamic_payload,delegateEvent / no dynamic replay payload,slot9=-200 literal zero/default placeholder; slot10=-200 literal zero/default placeholder; slot11=-200 literal zero/default placeholder; slot12=-200 literal zero/default placeholder; slot13=-200 literal zero/default placeholder; slot14=-200 literal zero/default placeholder; slot15=-200 literal zero/default placeholder,-200,literal zero/default placeholder,-200,literal zero/default placeholder,-200,literal zero/default placeholder,-200,literal zero/default placeholder,-200,literal zero/default placeholder,-200,literal zero/default placeholder,-200,literal zero/default placeholder
war0j3,111203,Curious Gorge Goes to the Bazaar,job,war0j310,war0j310,11120301,1,war0j3.processEvent005,default,direct_scene,static_no_dynamic_payload,delegateEvent / no dynamic replay payload,slot9=-200 literal zero/default placeholder; slot10=-200 literal zero/default placeholder; slot11=-200 literal zero/default placeholder; slot12=-200 literal zero/default placeholder; slot13=-200 literal zero/default placeholder; slot14=-200 literal zero/default placeholder; slot15=-200 literal zero/default placeholder,-200,literal zero/default placeholder,-200,literal zero/default placeholder,-200,literal zero/default placeholder,-200,literal zero/default placeholder,-200,literal zero/default placeholder,-200,literal zero/default placeholder,-200,literal zero/default placeholder
war0j6,111206,How to Quit You,job,war0j620,war0j620,11120602,1,war0j6.processEvent020,default,direct_scene,static_no_dynamic_payload,delegateEvent / no dynamic replay payload,slot9=-200 literal zero/default placeholder; slot10=-200 literal zero/default placeholder; slot11=-200 literal zero/default placeholder; slot12=-200 literal zero/default placeholder; slot13=-200 literal zero/default placeholder; slot14=-200 literal zero/default placeholder; slot15=-200 literal zero/default placeholder,-200,literal zero/default placeholder,-200,literal zero/default placeholder,-200,literal zero/default placeholder,-200,literal zero/default placeholder,-200,literal zero/default placeholder,-200,literal zero/default placeholder,-200,literal zero/default placeholder
whm0j1,111241,Seeds of Initiative,job,whm0j110,whm0j110,11124101,1,whm0j1.processEventClearNQ,default,direct_scene,static_no_dynamic_payload,delegateEvent / no dynamic replay payload,slot9=-200 literal zero/default placeholder; slot10=-200 literal zero/default placeholder; slot11=-200 literal zero/default placeholder; slot12=-200 literal zero/default placeholder; slot13=-200 literal zero/default placeholder; slot14=-200 literal zero/default placeholder; slot15=-200 literal zero/default placeholder,-200,literal zero/default placeholder,-200,literal zero/default placeholder,-200,literal zero/default placeholder,-200,literal zero/default placeholder,-200,literal zero/default placeholder,-200,literal zero/default placeholder,-200,literal zero/default placeholder
whm0j2,111242,When Sheep Attack,job,whm0j210,whm0j210,11124201,1,whm0j2.processEventRAYAOSENNAStart,default,direct_scene,static_no_dynamic_payload,delegateEvent / no dynamic replay payload,slot9=-200 literal zero/default placeholder; slot10=-200 literal zero/default placeholder; slot11=-200 literal zero/default placeholder; slot12=-200 literal zero/default placeholder; slot13=-200 literal zero/default placeholder; slot14=-200 literal zero/default placeholder; slot15=-200 literal zero/default placeholder,-200,literal zero/default placeholder,-200,literal zero/default placeholder,-200,literal zero/default placeholder,-200,literal zero/default placeholder,-200,literal zero/default placeholder,-200,literal zero/default placeholder,-200,literal zero/default placeholder
whm0j4,111244,The Wheel of Disaster,job,whm0j410,whm0j410,11124401,1,whm0j4.processEventNQ,default,direct_scene,static_no_dynamic_payload,delegateEvent / no dynamic replay payload,slot9=-200 literal zero/default placeholder; slot10=-200 literal zero/default placeholder; slot11=-200 literal zero/default placeholder; slot12=-200 literal zero/default placeholder; slot13=-200 literal zero/default placeholder; slot14=-200 literal zero/default placeholder; slot15=-200 literal zero/default placeholder,-200,literal zero/default placeholder,-200,literal zero/default placeholder,-200,literal zero/default placeholder,-200,literal zero/default placeholder,-200,literal zero/default placeholder,-200,literal zero/default placeholder,-200,literal zero/default placeholder
whm0j6,111246,The Chorus of Cataclysm,job,whm0j605,whm0j605,11124601,1,whm0j6.processEventCutSceneBeforeBattle,default,direct_scene,static_no_dynamic_payload,delegateEvent / no dynamic replay payload,slot9=-200 literal zero/default placeholder; slot10=-200 literal zero/default placeholder; slot11=-200 literal zero/default placeholder; slot12=-200 literal zero/default placeholder; slot13=-200 literal zero/default placeholder; slot14=-200 literal zero/default placeholder; slot15=-200 literal zero/default placeholder,-200,literal zero/default placeholder,-200,literal zero/default placeholder,-200,literal zero/default placeholder,-200,literal zero/default placeholder,-200,literal zero/default placeholder,-200,literal zero/default placeholder,-200,literal zero/default placeholder
whm0j6,111246,The Chorus of Cataclysm,job,whm0j610,whm0j610,11124602,1,whm0j6.processEventNQ;whm0j6.processEventNQ03,default,direct_scene,static_no_dynamic_payload,delegateEvent / no dynamic replay payload,slot9=-200 literal zero/default placeholder; slot10=-200 literal zero/default placeholder; slot11=-200 literal zero/default placeholder; slot12=-200 literal zero/default placeholder; slot13=-200 literal zero/default placeholder; slot14=-200 literal zero/default placeholder; slot15=-200 literal zero/default placeholder,-200,literal zero/default placeholder,-200,literal zero/default placeholder,-200,literal zero/default placeholder,-200,literal zero/default placeholder,-200,literal zero/default placeholder,-200,literal zero/default placeholder,-200,literal zero/default placeholder
man0g0,110005,Sundered Skies,main_scenario,man0g000,MAN0G000,11000501,2,man0g0.processEvent000_0,default,direct_scene,static_no_dynamic_payload,delegateEvent / no dynamic replay payload,slot9=-200 literal zero/default placeholder; slot10=-200 literal zero/default placeholder; slot11=-200 literal zero/default placeholder; slot12=-200 literal zero/default placeholder; slot13=-200 literal zero/default placeholder; slot14=-200 literal zero/default placeholder; slot15=-200 literal zero/default placeholder,-200,literal zero/default placeholder,-200,literal zero/default placeholder,-200,literal zero/default placeholder,-200,literal zero/default placeholder,-200,literal zero/default placeholder,-200,literal zero/default placeholder,-200,literal zero/default placeholder
man0g1,110006,Souls Gone Wild,main_scenario,man0g100,man0g100,11000601,1,man0g1.processEvent100,after_warp,direct_scene_after_warp,static_no_dynamic_payload,delegateEvent / no dynamic replay payload,slot9=-200 literal zero/default placeholder; slot10=-200 literal zero/default placeholder; slot11=-200 literal zero/default placeholder; slot12=-200 literal zero/default placeholder; slot13=-200 literal zero/default placeholder; slot14=-200 literal zero/default placeholder; slot15=-200 literal zero/default placeholder,-200,literal zero/default placeholder,-200,literal zero/default placeholder,-200,literal zero/default placeholder,-200,literal zero/default placeholder,-200,literal zero/default placeholder,-200,literal zero/default placeholder,-200,literal zero/default placeholder
man0g1,110006,Souls Gone Wild,main_scenario,man0g110,man0g110,11000602,1,man0g1.processEvent110,after_warp,direct_scene_after_warp,static_no_dynamic_payload,delegateEvent / no dynamic replay payload,slot9=-200 literal zero/default placeholder; slot10=-200 literal zero/default placeholder; slot11=-200 literal zero/default placeholder; slot12=-200 literal zero/default placeholder; slot13=-200 literal zero/default placeholder; slot14=-200 literal zero/default placeholder; slot15=-200 literal zero/default placeholder,-200,literal zero/default placeholder,-200,literal zero/default placeholder,-200,literal zero/default placeholder,-200,literal zero/default placeholder,-200,literal zero/default placeholder,-200,literal zero/default placeholder,-200,literal zero/default placeholder
man0g1,110006,Souls Gone Wild,main_scenario,man0g120,man0g120,11000603,1,man0g1.processEvent120,default,direct_scene,static_no_dynamic_payload,delegateEvent / no dynamic replay payload,slot9=-200 literal zero/default placeholder; slot10=-200 literal zero/default placeholder; slot11=-200 literal zero/default placeholder; slot12=-200 literal zero/default placeholder; slot13=-200 literal zero/default placeholder; slot14=-200 literal zero/default placeholder; slot15=-200 literal zero/default placeholder,-200,literal zero/default placeholder,-200,literal zero/default placeholder,-200,literal zero/default placeholder,-200,literal zero/default placeholder,-200,literal zero/default placeholder,-200,literal zero/default placeholder,-200,literal zero/default placeholder
man0g1,110006,Souls Gone Wild,main_scenario,man0g130,man0g130,11000604,1,man0g1.processEvent130,after_warp,direct_scene_after_warp,static_no_dynamic_payload,delegateEvent / no dynamic replay payload,slot9=-200 literal zero/default placeholder; slot10=-200 literal zero/default placeholder; slot11=-200 literal zero/default placeholder; slot12=-200 literal zero/default placeholder; slot13=-200 literal zero/default placeholder; slot14=-200 literal zero/default placeholder; slot15=-200 literal zero/default placeholder,-200,literal zero/default placeholder,-200,literal zero/default placeholder,-200,literal zero/default placeholder,-200,literal zero/default placeholder,-200,literal zero/default placeholder,-200,literal zero/default placeholder,-200,literal zero/default placeholder
man0g1,110006,Souls Gone Wild,main_scenario,man0g135,man0g135,11000605,1,man0g1.processEvent135;man0g1.processEvent136,after_warp,direct_scene_after_warp,static_no_dynamic_payload,delegateEvent / no dynamic replay payload,slot9=-200 literal zero/default placeholder; slot10=-200 literal zero/default placeholder; slot11=-200 literal zero/default placeholder; slot12=-200 literal zero/default placeholder; slot13=-200 literal zero/default placeholder; slot14=-200 literal zero/default placeholder; slot15=-200 literal zero/default placeholder,-200,literal zero/default placeholder,-200,literal zero/default placeholder,-200,literal zero/default placeholder,-200,literal zero/default placeholder,-200,literal zero/default placeholder,-200,literal zero/default placeholder,-200,literal zero/default placeholder
man0g1,110006,Souls Gone Wild,main_scenario,man0g140,man0g140,11000606,1,man0g1.processEvent140,after_warp,direct_scene_after_warp,static_no_dynamic_payload,delegateEvent / no dynamic replay payload,slot9=-200 literal zero/default placeholder; slot10=-200 literal zero/default placeholder; slot11=-200 literal zero/default placeholder; slot12=-200 literal zero/default placeholder; slot13=-200 literal zero/default placeholder; slot14=-200 literal zero/default placeholder; slot15=-200 literal zero/default placeholder,-200,literal zero/default placeholder,-200,literal zero/default placeholder,-200,literal zero/default placeholder,-200,literal zero/default placeholder,-200,literal zero/default placeholder,-200,literal zero/default placeholder,-200,literal zero/default placeholder
man0g1,110006,Souls Gone Wild,main_scenario,man0g150,man0g150,11000607,1,man0g1.processEvent150,after_warp,direct_scene_after_warp,static_no_dynamic_payload,delegateEvent / no dynamic replay payload,slot9=-200 literal zero/default placeholder; slot10=-200 literal zero/default placeholder; slot11=-200 literal zero/default placeholder; slot12=-200 literal zero/default placeholder; slot13=-200 literal zero/default placeholder; slot14=-200 literal zero/default placeholder; slot15=-200 literal zero/default placeholder,-200,literal zero/default placeholder,-200,literal zero/default placeholder,-200,literal zero/default placeholder,-200,literal zero/default placeholder,-200,literal zero/default placeholder,-200,literal zero/default placeholder,-200,literal zero/default placeholder
man0g1,110006,Souls Gone Wild,main_scenario,man0g160,man0g160,11000608,1,man0g1.processEvent160,after_warp,direct_scene_after_warp,static_no_dynamic_payload,delegateEvent / no dynamic replay payload,slot9=-200 literal zero/default placeholder; slot10=-200 literal zero/default placeholder; slot11=-200 literal zero/default placeholder; slot12=-200 literal zero/default placeholder; slot13=-200 literal zero/default placeholder; slot14=-200 literal zero/default placeholder; slot15=-200 literal zero/default placeholder,-200,literal zero/default placeholder,-200,literal zero/default placeholder,-200,literal zero/default placeholder,-200,literal zero/default placeholder,-200,literal zero/default placeholder,-200,literal zero/default placeholder,-200,literal zero/default placeholder
man0g1,110006,Souls Gone Wild,main_scenario,man0g170,man0g170,11000609,1,man0g1.processEvent170,after_warp,direct_scene_after_warp,static_no_dynamic_payload,delegateEvent / no dynamic replay payload,slot9=-200 literal zero/default placeholder; slot10=-200 literal zero/default placeholder; slot11=-200 literal zero/default placeholder; slot12=-200 literal zero/default placeholder; slot13=-200 literal zero/default placeholder; slot14=-200 literal zero/default placeholder; slot15=-200 literal zero/default placeholder,-200,literal zero/default placeholder,-200,literal zero/default placeholder,-200,literal zero/default placeholder,-200,literal zero/default placeholder,-200,literal zero/default placeholder,-200,literal zero/default placeholder,-200,literal zero/default placeholder
man0g1,110006,Souls Gone Wild,main_scenario,man0g180,man0g180,11000610,1,man0g1.processEvent180,after_warp,direct_scene_after_warp,static_no_dynamic_payload,delegateEvent / no dynamic replay payload,slot9=-200 literal zero/default placeholder; slot10=-200 literal zero/default placeholder; slot11=-200 literal zero/default placeholder; slot12=-200 literal zero/default placeholder; slot13=-200 literal zero/default placeholder; slot14=-200 literal zero/default placeholder; slot15=-200 literal zero/default placeholder,-200,literal zero/default placeholder,-200,literal zero/default placeholder,-200,literal zero/default placeholder,-200,literal zero/default placeholder,-200,literal zero/default placeholder,-200,literal zero/default placeholder,-200,literal zero/default placeholder
man0g1,110006,Souls Gone Wild,main_scenario,man0g181,man0g181,11000611,1,man0g1.processEvent181,default,direct_scene,static_no_dynamic_payload,delegateEvent / no dynamic replay payload,slot9=-200 literal zero/default placeholder; slot10=-200 literal zero/default placeholder; slot11=-200 literal zero/default placeholder; slot12=-200 literal zero/default placeholder; slot13=-200 literal zero/default placeholder; slot14=-200 literal zero/default placeholder; slot15=-200 literal zero/default placeholder,-200,literal zero/default placeholder,-200,literal zero/default placeholder,-200,literal zero/default placeholder,-200,literal zero/default placeholder,-200,literal zero/default placeholder,-200,literal zero/default placeholder,-200,literal zero/default placeholder
man0g1,110006,Souls Gone Wild,main_scenario,man0g182,man0g182,11000612,1,man0g1.processEvent182,after_warp,direct_scene_after_warp,static_no_dynamic_payload,delegateEvent / no dynamic replay payload,slot9=-200 literal zero/default placeholder; slot10=-200 literal zero/default placeholder; slot11=-200 literal zero/default placeholder; slot12=-200 literal zero/default placeholder; slot13=-200 literal zero/default placeholder; slot14=-200 literal zero/default placeholder; slot15=-200 literal zero/default placeholder,-200,literal zero/default placeholder,-200,literal zero/default placeholder,-200,literal zero/default placeholder,-200,literal zero/default placeholder,-200,literal zero/default placeholder,-200,literal zero/default placeholder,-200,literal zero/default placeholder
man0g1,110006,Souls Gone Wild,main_scenario,man0g185,man0g185,11000613,1,man0g1.processEvent185,default,direct_scene,static_no_dynamic_payload,delegateEvent / no dynamic replay payload,slot9=-200 literal zero/default placeholder; slot10=-200 literal zero/default placeholder; slot11=-200 literal zero/default placeholder; slot12=-200 literal zero/default placeholder; slot13=-200 literal zero/default placeholder; slot14=-200 literal zero/default placeholder; slot15=-200 literal zero/default placeholder,-200,literal zero/default placeholder,-200,literal zero/default placeholder,-200,literal zero/default placeholder,-200,literal zero/default placeholder,-200,literal zero/default placeholder,-200,literal zero/default placeholder,-200,literal zero/default placeholder
man0g1,110006,Souls Gone Wild,main_scenario,man0g190,man0g190,11000614,1,man0g1.processEvent190,default,direct_scene,static_no_dynamic_payload,delegateEvent / no dynamic replay payload,slot9=-200 literal zero/default placeholder; slot10=-200 literal zero/default placeholder; slot11=-200 literal zero/default placeholder; slot12=-200 literal zero/default placeholder; slot13=-200 literal zero/default placeholder; slot14=-200 literal zero/default placeholder; slot15=-200 literal zero/default placeholder,-200,literal zero/default placeholder,-200,literal zero/default placeholder,-200,literal zero/default placeholder,-200,literal zero/default placeholder,-200,literal zero/default placeholder,-200,literal zero/default placeholder,-200,literal zero/default placeholder
man0g1,110006,Souls Gone Wild,main_scenario,man0g200,man0g200,11000615,1,man0g1.processEvent200,after_warp,direct_scene_after_warp,static_no_dynamic_payload,delegateEvent / no dynamic replay payload,slot9=-200 literal zero/default placeholder; slot10=-200 literal zero/default placeholder; slot11=-200 literal zero/default placeholder; slot12=-200 literal zero/default placeholder; slot13=-200 literal zero/default placeholder; slot14=-200 literal zero/default placeholder; slot15=-200 literal zero/default placeholder,-200,literal zero/default placeholder,-200,literal zero/default placeholder,-200,literal zero/default placeholder,-200,literal zero/default placeholder,-200,literal zero/default placeholder,-200,literal zero/default placeholder,-200,literal zero/default placeholder
man0g1,110006,Souls Gone Wild,main_scenario,man0g210,man0g210,11000616,1,man0g1.processEvent210,after_warp,direct_scene_after_warp,static_no_dynamic_payload,delegateEvent / no dynamic replay payload,slot9=-200 literal zero/default placeholder; slot10=-200 literal zero/default placeholder; slot11=-200 literal zero/default placeholder; slot12=-200 literal zero/default placeholder; slot13=-200 literal zero/default placeholder; slot14=-200 literal zero/default placeholder; slot15=-200 literal zero/default placeholder,-200,literal zero/default placeholder,-200,literal zero/default placeholder,-200,literal zero/default placeholder,-200,literal zero/default placeholder,-200,literal zero/default placeholder,-200,literal zero/default placeholder,-200,literal zero/default placeholder
man0g1,110006,Souls Gone Wild,main_scenario,man0g220,man0g220,11000617,1,man0g1.processEvent220,after_warp,direct_scene_after_warp,static_no_dynamic_payload,delegateEvent / no dynamic replay payload,slot9=-200 literal zero/default placeholder; slot10=-200 literal zero/default placeholder; slot11=-200 literal zero/default placeholder; slot12=-200 literal zero/default placeholder; slot13=-200 literal zero/default placeholder; slot14=-200 literal zero/default placeholder; slot15=-200 literal zero/default placeholder,-200,literal zero/default placeholder,-200,literal zero/default placeholder,-200,literal zero/default placeholder,-200,literal zero/default placeholder,-200,literal zero/default placeholder,-200,literal zero/default placeholder,-200,literal zero/default placeholder
man0l0,110001,Shapeless Melody,main_scenario,man0l000,MAN0L000,11000101,2,man0l0.processEvent000_1;man0l0.processEventTalkMenuManCutPreview,default,direct_scene,static_no_dynamic_payload,delegateEvent / no dynamic replay payload,slot9=-200 literal zero/default placeholder; slot10=-200 literal zero/default placeholder; slot11=-200 literal zero/default placeholder; slot12=-200 literal zero/default placeholder; slot13=-200 literal zero/default placeholder; slot14=-200 literal zero/default placeholder; slot15=-200 literal zero/default placeholder,-200,literal zero/default placeholder,-200,literal zero/default placeholder,-200,literal zero/default placeholder,-200,literal zero/default placeholder,-200,literal zero/default placeholder,-200,literal zero/default placeholder,-200,literal zero/default placeholder
man0l0,110001,Shapeless Melody,main_scenario,man0l010,man0l010,11000103,2,man0l0.processEventTalkMenuManCutPreview;man0l0.processTtrBtl001,default,direct_scene,static_no_dynamic_payload,delegateEvent / no dynamic replay payload,slot9=-200 literal zero/default placeholder; slot10=-200 literal zero/default placeholder; slot11=-200 literal zero/default placeholder; slot12=-200 literal zero/default placeholder; slot13=-200 literal zero/default placeholder; slot14=-200 literal zero/default placeholder; slot15=-200 literal zero/default placeholder,-200,literal zero/default placeholder,-200,literal zero/default placeholder,-200,literal zero/default placeholder,-200,literal zero/default placeholder,-200,literal zero/default placeholder,-200,literal zero/default placeholder,-200,literal zero/default placeholder
man0l0,110001,Shapeless Melody,main_scenario,man0l020,man0l020,11000104,2,man0l0.processEventTalkMenuManCutPreview,default,direct_scene,static_no_dynamic_payload,delegateEvent / no dynamic replay payload,slot9=-200 literal zero/default placeholder; slot10=-200 literal zero/default placeholder; slot11=-200 literal zero/default placeholder; slot12=-200 literal zero/default placeholder; slot13=-200 literal zero/default placeholder; slot14=-200 literal zero/default placeholder; slot15=-200 literal zero/default placeholder,-200,literal zero/default placeholder,-200,literal zero/default placeholder,-200,literal zero/default placeholder,-200,literal zero/default placeholder,-200,literal zero/default placeholder,-200,literal zero/default placeholder,-200,literal zero/default placeholder
man0l0,110001,Shapeless Melody,main_scenario,man0l030,man0l030,11000105,2,man0l0.processEventTalkMenuManCutPreview,default,direct_scene,static_no_dynamic_payload,delegateEvent / no dynamic replay payload,slot9=-200 literal zero/default placeholder; slot10=-200 literal zero/default placeholder; slot11=-200 literal zero/default placeholder; slot12=-200 literal zero/default placeholder; slot13=-200 literal zero/default placeholder; slot14=-200 literal zero/default placeholder; slot15=-200 literal zero/default placeholder,-200,literal zero/default placeholder,-200,literal zero/default placeholder,-200,literal zero/default placeholder,-200,literal zero/default placeholder,-200,literal zero/default placeholder,-200,literal zero/default placeholder,-200,literal zero/default placeholder
man0l1,110002,Treasures of the Main,main_scenario,man0l110,man0l110,11000201,1,man0l1.processEvent010;man0l1.processEventTalkMenuManCutPreview,after_warp;default,direct_scene;direct_scene_after_warp,static_no_dynamic_payload,delegateEvent / no dynamic replay payload,slot9=-200 literal zero/default placeholder; slot10=-200 literal zero/default placeholder; slot11=-200 literal zero/default placeholder; slot12=-200 literal zero/default placeholder; slot13=-200 literal zero/default placeholder; slot14=-200 literal zero/default placeholder; slot15=-200 literal zero/default placeholder,-200,literal zero/default placeholder,-200,literal zero/default placeholder,-200,literal zero/default placeholder,-200,literal zero/default placeholder,-200,literal zero/default placeholder,-200,literal zero/default placeholder,-200,literal zero/default placeholder
man0l1,110002,Treasures of the Main,main_scenario,man0l120,man0l120,11000202,1,man0l1.processEvent020;man0l1.processEventTalkMenuManCutPreview,after_warp;default,direct_scene;direct_scene_after_warp,static_no_dynamic_payload,delegateEvent / no dynamic replay payload,slot9=-200 literal zero/default placeholder; slot10=-200 literal zero/default placeholder; slot11=-200 literal zero/default placeholder; slot12=-200 literal zero/default placeholder; slot13=-200 literal zero/default placeholder; slot14=-200 literal zero/default placeholder; slot15=-200 literal zero/default placeholder,-200,literal zero/default placeholder,-200,literal zero/default placeholder,-200,literal zero/default placeholder,-200,literal zero/default placeholder,-200,literal zero/default placeholder,-200,literal zero/default placeholder,-200,literal zero/default placeholder
man0l1,110002,Treasures of the Main,main_scenario,man0l130,man0l130,11000203,1,man0l1.processEvent030;man0l1.processEventTalkMenuManCutPreview,default,direct_scene,static_no_dynamic_payload,delegateEvent / no dynamic replay payload,slot9=-200 literal zero/default placeholder; slot10=-200 literal zero/default placeholder; slot11=-200 literal zero/default placeholder; slot12=-200 literal zero/default placeholder; slot13=-200 literal zero/default placeholder; slot14=-200 literal zero/default placeholder; slot15=-200 literal zero/default placeholder,-200,literal zero/default placeholder,-200,literal zero/default placeholder,-200,literal zero/default placeholder,-200,literal zero/default placeholder,-200,literal zero/default placeholder,-200,literal zero/default placeholder,-200,literal zero/default placeholder
man0l1,110002,Treasures of the Main,main_scenario,man0l140,man0l140,11000204,1,man0l1.processEvent040;man0l1.processEventTalkMenuManCutPreview,after_warp;default,direct_scene;direct_scene_after_warp,static_no_dynamic_payload,delegateEvent / no dynamic replay payload,slot9=-200 literal zero/default placeholder; slot10=-200 literal zero/default placeholder; slot11=-200 literal zero/default placeholder; slot12=-200 literal zero/default placeholder; slot13=-200 literal zero/default placeholder; slot14=-200 literal zero/default placeholder; slot15=-200 literal zero/default placeholder,-200,literal zero/default placeholder,-200,literal zero/default placeholder,-200,literal zero/default placeholder,-200,literal zero/default placeholder,-200,literal zero/default placeholder,-200,literal zero/default placeholder,-200,literal zero/default placeholder
man0l1,110002,Treasures of the Main,main_scenario,man0l150,man0l150,11000205,1,man0l1.processEvent050;man0l1.processEventTalkMenuManCutPreview,after_warp;default,direct_scene;direct_scene_after_warp,static_no_dynamic_payload,delegateEvent / no dynamic replay payload,slot9=-200 literal zero/default placeholder; slot10=-200 literal zero/default placeholder; slot11=-200 literal zero/default placeholder; slot12=-200 literal zero/default placeholder; slot13=-200 literal zero/default placeholder; slot14=-200 literal zero/default placeholder; slot15=-200 literal zero/default placeholder,-200,literal zero/default placeholder,-200,literal zero/default placeholder,-200,literal zero/default placeholder,-200,literal zero/default placeholder,-200,literal zero/default placeholder,-200,literal zero/default placeholder,-200,literal zero/default placeholder
man0l1,110002,Treasures of the Main,main_scenario,man0l160,man0l160,11000206,1,man0l1.processEvent060;man0l1.processEvent065,after_warp,direct_scene_after_warp,static_no_dynamic_payload,delegateEvent / no dynamic replay payload,slot9=-200 literal zero/default placeholder; slot10=-200 literal zero/default placeholder; slot11=-200 literal zero/default placeholder; slot12=-200 literal zero/default placeholder; slot13=-200 literal zero/default placeholder; slot14=-200 literal zero/default placeholder; slot15=-200 literal zero/default placeholder,-200,literal zero/default placeholder,-200,literal zero/default placeholder,-200,literal zero/default placeholder,-200,literal zero/default placeholder,-200,literal zero/default placeholder,-200,literal zero/default placeholder,-200,literal zero/default placeholder
man0l1,110002,Treasures of the Main,main_scenario,man0l600,man0l600,11000207,1,man0l1.processEvent600;man0l1.processEventTalkMenuManCutPreview,after_warp;default,direct_scene;direct_scene_after_warp,static_no_dynamic_payload,delegateEvent / no dynamic replay payload,slot9=-200 literal zero/default placeholder; slot10=-200 literal zero/default placeholder; slot11=-200 literal zero/default placeholder; slot12=-200 literal zero/default placeholder; slot13=-200 literal zero/default placeholder; slot14=-200 literal zero/default placeholder; slot15=-200 literal zero/default placeholder,-200,literal zero/default placeholder,-200,literal zero/default placeholder,-200,literal zero/default placeholder,-200,literal zero/default placeholder,-200,literal zero/default placeholder,-200,literal zero/default placeholder,-200,literal zero/default placeholder
man0l1,110002,Treasures of the Main,main_scenario,man0l604,man0l604,11000208,1,man0l1.processEvent604;man0l1.processEventTalkMenuManCutPreview,after_warp;default,direct_scene;direct_scene_after_warp,static_no_dynamic_payload,delegateEvent / no dynamic replay payload,slot9=-200 literal zero/default placeholder; slot10=-200 literal zero/default placeholder; slot11=-200 literal zero/default placeholder; slot12=-200 literal zero/default placeholder; slot13=-200 literal zero/default placeholder; slot14=-200 literal zero/default placeholder; slot15=-200 literal zero/default placeholder,-200,literal zero/default placeholder,-200,literal zero/default placeholder,-200,literal zero/default placeholder,-200,literal zero/default placeholder,-200,literal zero/default placeholder,-200,literal zero/default placeholder,-200,literal zero/default placeholder
man0l1,110002,Treasures of the Main,main_scenario,man0l605,man0l605,11000209,1,man0l1.processEvent605;man0l1.processEventTalkMenuManCutPreview,after_warp;default,direct_scene;direct_scene_after_warp,static_no_dynamic_payload,delegateEvent / no dynamic replay payload,slot9=-200 literal zero/default placeholder; slot10=-200 literal zero/default placeholder; slot11=-200 literal zero/default placeholder; slot12=-200 literal zero/default placeholder; slot13=-200 literal zero/default placeholder; slot14=-200 literal zero/default placeholder; slot15=-200 literal zero/default placeholder,-200,literal zero/default placeholder,-200,literal zero/default placeholder,-200,literal zero/default placeholder,-200,literal zero/default placeholder,-200,literal zero/default placeholder,-200,literal zero/default placeholder,-200,literal zero/default placeholder
man0l1,110002,Treasures of the Main,main_scenario,man0l610,man0l610,11000210,1,man0l1.processEvent610;man0l1.processEventTalkMenuManCutPreview,default,direct_scene,static_no_dynamic_payload,delegateEvent / no dynamic replay payload,slot9=-200 literal zero/default placeholder; slot10=-200 literal zero/default placeholder; slot11=-200 literal zero/default placeholder; slot12=-200 literal zero/default placeholder; slot13=-200 literal zero/default placeholder; slot14=-200 literal zero/default placeholder; slot15=-200 literal zero/default placeholder,-200,literal zero/default placeholder,-200,literal zero/default placeholder,-200,literal zero/default placeholder,-200,literal zero/default placeholder,-200,literal zero/default placeholder,-200,literal zero/default placeholder,-200,literal zero/default placeholder
man0l1,110002,Treasures of the Main,main_scenario,man0l615,man0l615,11000211,1,man0l1.processEvent615;man0l1.processEventTalkMenuManCutPreview,after_warp;default,direct_scene;direct_scene_after_warp,static_no_dynamic_payload,delegateEvent / no dynamic replay payload,slot9=-200 literal zero/default placeholder; slot10=-200 literal zero/default placeholder; slot11=-200 literal zero/default placeholder; slot12=-200 literal zero/default placeholder; slot13=-200 literal zero/default placeholder; slot14=-200 literal zero/default placeholder; slot15=-200 literal zero/default placeholder,-200,literal zero/default placeholder,-200,literal zero/default placeholder,-200,literal zero/default placeholder,-200,literal zero/default placeholder,-200,literal zero/default placeholder,-200,literal zero/default placeholder,-200,literal zero/default placeholder
man0l1,110002,Treasures of the Main,main_scenario,man0l620,man0l620,11000212,1,man0l1.processEvent620;man0l1.processEventTalkMenuManCutPreview,default,direct_scene,static_no_dynamic_payload,delegateEvent / no dynamic replay payload,slot9=-200 literal zero/default placeholder; slot10=-200 literal zero/default placeholder; slot11=-200 literal zero/default placeholder; slot12=-200 literal zero/default placeholder; slot13=-200 literal zero/default placeholder; slot14=-200 literal zero/default placeholder; slot15=-200 literal zero/default placeholder,-200,literal zero/default placeholder,-200,literal zero/default placeholder,-200,literal zero/default placeholder,-200,literal zero/default placeholder,-200,literal zero/default placeholder,-200,literal zero/default placeholder,-200,literal zero/default placeholder
man0l1,110002,Treasures of the Main,main_scenario,man0l630,man0l630,11000213,1,man0l1.processEvent630;man0l1.processEventTalkMenuManCutPreview,after_warp;default,direct_scene;direct_scene_after_warp,static_no_dynamic_payload,delegateEvent / no dynamic replay payload,slot9=-200 literal zero/default placeholder; slot10=-200 literal zero/default placeholder; slot11=-200 literal zero/default placeholder; slot12=-200 literal zero/default placeholder; slot13=-200 literal zero/default placeholder; slot14=-200 literal zero/default placeholder; slot15=-200 literal zero/default placeholder,-200,literal zero/default placeholder,-200,literal zero/default placeholder,-200,literal zero/default placeholder,-200,literal zero/default placeholder,-200,literal zero/default placeholder,-200,literal zero/default placeholder,-200,literal zero/default placeholder
man0l1,110002,Treasures of the Main,main_scenario,man0l635,man0l635,11000214,1,man0l1.processEvent635;man0l1.processEventTalkMenuManCutPreview,after_warp;default,direct_scene;direct_scene_after_warp,static_no_dynamic_payload,delegateEvent / no dynamic replay payload,slot9=-200 literal zero/default placeholder; slot10=-200 literal zero/default placeholder; slot11=-200 literal zero/default placeholder; slot12=-200 literal zero/default placeholder; slot13=-200 literal zero/default placeholder; slot14=-200 literal zero/default placeholder; slot15=-200 literal zero/default placeholder,-200,literal zero/default placeholder,-200,literal zero/default placeholder,-200,literal zero/default placeholder,-200,literal zero/default placeholder,-200,literal zero/default placeholder,-200,literal zero/default placeholder,-200,literal zero/default placeholder
man0u0,110009,Flowers for All,main_scenario,man0u000,MAN0U000,11000901,2,man0u0.processEvent000;man0u0.processTtrNomal001withHQ,default;none,direct_scene,static_no_dynamic_payload,delegateEvent / no dynamic replay payload,slot9=-200 literal zero/default placeholder; slot10=-200 literal zero/default placeholder; slot11=-200 literal zero/default placeholder; slot12=-200 literal zero/default placeholder; slot13=-200 literal zero/default placeholder; slot14=-200 literal zero/default placeholder; slot15=-200 literal zero/default placeholder,-200,literal zero/default placeholder,-200,literal zero/default placeholder,-200,literal zero/default placeholder,-200,literal zero/default placeholder,-200,literal zero/default placeholder,-200,literal zero/default placeholder,-200,literal zero/default placeholder
man0u0,110009,Flowers for All,main_scenario,man0u005,man0u005,11000902,1,man0u0.processTtrNomal001;man0u0.processTtrNomal001withHQ,none,direct_scene,static_no_dynamic_payload,delegateEvent / no dynamic replay payload,slot9=-200 literal zero/default placeholder; slot10=-200 literal zero/default placeholder; slot11=-200 literal zero/default placeholder; slot12=-200 literal zero/default placeholder; slot13=-200 literal zero/default placeholder; slot14=-200 literal zero/default placeholder; slot15=-200 literal zero/default placeholder,-200,literal zero/default placeholder,-200,literal zero/default placeholder,-200,literal zero/default placeholder,-200,literal zero/default placeholder,-200,literal zero/default placeholder,-200,literal zero/default placeholder,-200,literal zero/default placeholder
man0u1,110010,Court in the Sands,main_scenario,man0u100,man0u100,11001001,1,man0u1.processEventMomodiStart,after_warp,direct_scene_after_warp,static_no_dynamic_payload,delegateEvent / no dynamic replay payload,slot9=-200 literal zero/default placeholder; slot10=-200 literal zero/default placeholder; slot11=-200 literal zero/default placeholder; slot12=-200 literal zero/default placeholder; slot13=-200 literal zero/default placeholder; slot14=-200 literal zero/default placeholder; slot15=-200 literal zero/default placeholder,-200,literal zero/default placeholder,-200,literal zero/default placeholder,-200,literal zero/default placeholder,-200,literal zero/default placeholder,-200,literal zero/default placeholder,-200,literal zero/default placeholder,-200,literal zero/default placeholder
man0u1,110010,Court in the Sands,main_scenario,man0u110,man0u110,11001002,1,man0u1.processEvent010,after_warp,direct_scene_after_warp,static_no_dynamic_payload,delegateEvent / no dynamic replay payload,slot9=-200 literal zero/default placeholder; slot10=-200 literal zero/default placeholder; slot11=-200 literal zero/default placeholder; slot12=-200 literal zero/default placeholder; slot13=-200 literal zero/default placeholder; slot14=-200 literal zero/default placeholder; slot15=-200 literal zero/default placeholder,-200,literal zero/default placeholder,-200,literal zero/default placeholder,-200,literal zero/default placeholder,-200,literal zero/default placeholder,-200,literal zero/default placeholder,-200,literal zero/default placeholder,-200,literal zero/default placeholder
man0u1,110010,Court in the Sands,main_scenario,man0u120,man0u120,11001003,1,man0u1.processEvent020,default,direct_scene,static_no_dynamic_payload,delegateEvent / no dynamic replay payload,slot9=-200 literal zero/default placeholder; slot10=-200 literal zero/default placeholder; slot11=-200 literal zero/default placeholder; slot12=-200 literal zero/default placeholder; slot13=-200 literal zero/default placeholder; slot14=-200 literal zero/default placeholder; slot15=-200 literal zero/default placeholder,-200,literal zero/default placeholder,-200,literal zero/default placeholder,-200,literal zero/default placeholder,-200,literal zero/default placeholder,-200,literal zero/default placeholder,-200,literal zero/default placeholder,-200,literal zero/default placeholder
man0u1,110010,Court in the Sands,main_scenario,man0u130,man0u130,11001004,1,man0u1.processEvent030,after_warp,direct_scene_after_warp,static_no_dynamic_payload,delegateEvent / no dynamic replay payload,slot9=-200 literal zero/default placeholder; slot10=-200 literal zero/default placeholder; slot11=-200 literal zero/default placeholder; slot12=-200 literal zero/default placeholder; slot13=-200 literal zero/default placeholder; slot14=-200 literal zero/default placeholder; slot15=-200 literal zero/default placeholder,-200,literal zero/default placeholder,-200,literal zero/default placeholder,-200,literal zero/default placeholder,-200,literal zero/default placeholder,-200,literal zero/default placeholder,-200,literal zero/default placeholder,-200,literal zero/default placeholder
man0u1,110010,Court in the Sands,main_scenario,man0u135,man0u135,11001005,1,man0u1.processEvent035,after_warp,direct_scene_after_warp,static_no_dynamic_payload,delegateEvent / no dynamic replay payload,slot9=-200 literal zero/default placeholder; slot10=-200 literal zero/default placeholder; slot11=-200 literal zero/default placeholder; slot12=-200 literal zero/default placeholder; slot13=-200 literal zero/default placeholder; slot14=-200 literal zero/default placeholder; slot15=-200 literal zero/default placeholder,-200,literal zero/default placeholder,-200,literal zero/default placeholder,-200,literal zero/default placeholder,-200,literal zero/default placeholder,-200,literal zero/default placeholder,-200,literal zero/default placeholder,-200,literal zero/default placeholder
man0u1,110010,Court in the Sands,main_scenario,man0u140,man0u140,11001006,1,man0u1.processEvent040;man0u1.processEvent045,after_warp,direct_scene_after_warp,static_no_dynamic_payload,delegateEvent / no dynamic replay payload,slot9=-200 literal zero/default placeholder; slot10=-200 literal zero/default placeholder; slot11=-200 literal zero/default placeholder; slot12=-200 literal zero/default placeholder; slot13=-200 literal zero/default placeholder; slot14=-200 literal zero/default placeholder; slot15=-200 literal zero/default placeholder,-200,literal zero/default placeholder,-200,literal zero/default placeholder,-200,literal zero/default placeholder,-200,literal zero/default placeholder,-200,literal zero/default placeholder,-200,literal zero/default placeholder,-200,literal zero/default placeholder
man0u1,110010,Court in the Sands,main_scenario,man0u150,man0u150,11001007,1,man0u1.processEvent050,after_warp,direct_scene_after_warp,static_no_dynamic_payload,delegateEvent / no dynamic replay payload,slot9=-200 literal zero/default placeholder; slot10=-200 literal zero/default placeholder; slot11=-200 literal zero/default placeholder; slot12=-200 literal zero/default placeholder; slot13=-200 literal zero/default placeholder; slot14=-200 literal zero/default placeholder; slot15=-200 literal zero/default placeholder,-200,literal zero/default placeholder,-200,literal zero/default placeholder,-200,literal zero/default placeholder,-200,literal zero/default placeholder,-200,literal zero/default placeholder,-200,literal zero/default placeholder,-200,literal zero/default placeholder
man0u1,110010,Court in the Sands,main_scenario,man0u160,man0u160,11001008,1,man0u1.processEvent060,after_warp,direct_scene_after_warp,static_no_dynamic_payload,delegateEvent / no dynamic replay payload,slot9=-200 literal zero/default placeholder; slot10=-200 literal zero/default placeholder; slot11=-200 literal zero/default placeholder; slot12=-200 literal zero/default placeholder; slot13=-200 literal zero/default placeholder; slot14=-200 literal zero/default placeholder; slot15=-200 literal zero/default placeholder,-200,literal zero/default placeholder,-200,literal zero/default placeholder,-200,literal zero/default placeholder,-200,literal zero/default placeholder,-200,literal zero/default placeholder,-200,literal zero/default placeholder,-200,literal zero/default placeholder
man0u1,110010,Court in the Sands,main_scenario,man0u170,man0u170,11001009,1,man0u1.processEvent070,after_warp,direct_scene_after_warp,static_no_dynamic_payload,delegateEvent / no dynamic replay payload,slot9=-200 literal zero/default placeholder; slot10=-200 literal zero/default placeholder; slot11=-200 literal zero/default placeholder; slot12=-200 literal zero/default placeholder; slot13=-200 literal zero/default placeholder; slot14=-200 literal zero/default placeholder; slot15=-200 literal zero/default placeholder,-200,literal zero/default placeholder,-200,literal zero/default placeholder,-200,literal zero/default placeholder,-200,literal zero/default placeholder,-200,literal zero/default placeholder,-200,literal zero/default placeholder,-200,literal zero/default placeholder
man0u1,110010,Court in the Sands,main_scenario,man0u175,man0u175,11001010,1,man0u1.processEvent075,after_warp,direct_scene_after_warp,static_no_dynamic_payload,delegateEvent / no dynamic replay payload,slot9=-200 literal zero/default placeholder; slot10=-200 literal zero/default placeholder; slot11=-200 literal zero/default placeholder; slot12=-200 literal zero/default placeholder; slot13=-200 literal zero/default placeholder; slot14=-200 literal zero/default placeholder; slot15=-200 literal zero/default placeholder,-200,literal zero/default placeholder,-200,literal zero/default placeholder,-200,literal zero/default placeholder,-200,literal zero/default placeholder,-200,literal zero/default placeholder,-200,literal zero/default placeholder,-200,literal zero/default placeholder
man0u1,110010,Court in the Sands,main_scenario,man0u180,man0u180,11001011,1,man0u1.processEvent080,after_warp,direct_scene_after_warp,static_no_dynamic_payload,delegateEvent / no dynamic replay payload,slot9=-200 literal zero/default placeholder; slot10=-200 literal zero/default placeholder; slot11=-200 literal zero/default placeholder; slot12=-200 literal zero/default placeholder; slot13=-200 literal zero/default placeholder; slot14=-200 literal zero/default placeholder; slot15=-200 literal zero/default placeholder,-200,literal zero/default placeholder,-200,literal zero/default placeholder,-200,literal zero/default placeholder,-200,literal zero/default placeholder,-200,literal zero/default placeholder,-200,literal zero/default placeholder,-200,literal zero/default placeholder
man0u1,110010,Court in the Sands,main_scenario,man0u190,man0u190,11001012,1,man0u1.processEvent090,after_warp,direct_scene_after_warp,static_no_dynamic_payload,delegateEvent / no dynamic replay payload,slot9=-200 literal zero/default placeholder; slot10=-200 literal zero/default placeholder; slot11=-200 literal zero/default placeholder; slot12=-200 literal zero/default placeholder; slot13=-200 literal zero/default placeholder; slot14=-200 literal zero/default placeholder; slot15=-200 literal zero/default placeholder,-200,literal zero/default placeholder,-200,literal zero/default placeholder,-200,literal zero/default placeholder,-200,literal zero/default placeholder,-200,literal zero/default placeholder,-200,literal zero/default placeholder,-200,literal zero/default placeholder
man0u1,110010,Court in the Sands,main_scenario,man0u200,man0u200,11001013,1,man0u1.processEvent090;man0u1.processEvent200,after_warp;default,direct_scene;direct_scene_after_warp,static_no_dynamic_payload,delegateEvent / no dynamic replay payload,slot9=-200 literal zero/default placeholder; slot10=-200 literal zero/default placeholder; slot11=-200 literal zero/default placeholder; slot12=-200 literal zero/default placeholder; slot13=-200 literal zero/default placeholder; slot14=-200 literal zero/default placeholder; slot15=-200 literal zero/default placeholder,-200,literal zero/default placeholder,-200,literal zero/default placeholder,-200,literal zero/default placeholder,-200,literal zero/default placeholder,-200,literal zero/default placeholder,-200,literal zero/default placeholder,-200,literal zero/default placeholder
man0u1,110010,Court in the Sands,main_scenario,man0u205,man0u205,11001014,1,man0u1.processEvent205,default,direct_scene,static_no_dynamic_payload,delegateEvent / no dynamic replay payload,slot9=-200 literal zero/default placeholder; slot10=-200 literal zero/default placeholder; slot11=-200 literal zero/default placeholder; slot12=-200 literal zero/default placeholder; slot13=-200 literal zero/default placeholder; slot14=-200 literal zero/default placeholder; slot15=-200 literal zero/default placeholder,-200,literal zero/default placeholder,-200,literal zero/default placeholder,-200,literal zero/default placeholder,-200,literal zero/default placeholder,-200,literal zero/default placeholder,-200,literal zero/default placeholder,-200,literal zero/default placeholder
man0u1,110010,Court in the Sands,main_scenario,man0u210,man0u210,11001015,1,man0u1.processEvent210,default,direct_scene,static_no_dynamic_payload,delegateEvent / no dynamic replay payload,slot9=-200 literal zero/default placeholder; slot10=-200 literal zero/default placeholder; slot11=-200 literal zero/default placeholder; slot12=-200 literal zero/default placeholder; slot13=-200 literal zero/default placeholder; slot14=-200 literal zero/default placeholder; slot15=-200 literal zero/default placeholder,-200,literal zero/default placeholder,-200,literal zero/default placeholder,-200,literal zero/default placeholder,-200,literal zero/default placeholder,-200,literal zero/default placeholder,-200,literal zero/default placeholder,-200,literal zero/default placeholder
man0u1,110010,Court in the Sands,main_scenario,man0u220,man0u220,11001016,1,man0u1.processEvent220,after_warp,direct_scene_after_warp,static_no_dynamic_payload,delegateEvent / no dynamic replay payload,slot9=-200 literal zero/default placeholder; slot10=-200 literal zero/default placeholder; slot11=-200 literal zero/default placeholder; slot12=-200 literal zero/default placeholder; slot13=-200 literal zero/default placeholder; slot14=-200 literal zero/default placeholder; slot15=-200 literal zero/default placeholder,-200,literal zero/default placeholder,-200,literal zero/default placeholder,-200,literal zero/default placeholder,-200,literal zero/default placeholder,-200,literal zero/default placeholder,-200,literal zero/default placeholder,-200,literal zero/default placeholder
man0u1,110010,Court in the Sands,main_scenario,man0u230,man0u230,11001017,1,man0u1.processEvent230,default,direct_scene,static_no_dynamic_payload,delegateEvent / no dynamic replay payload,slot9=-200 literal zero/default placeholder; slot10=-200 literal zero/default placeholder; slot11=-200 literal zero/default placeholder; slot12=-200 literal zero/default placeholder; slot13=-200 literal zero/default placeholder; slot14=-200 literal zero/default placeholder; slot15=-200 literal zero/default placeholder,-200,literal zero/default placeholder,-200,literal zero/default placeholder,-200,literal zero/default placeholder,-200,literal zero/default placeholder,-200,literal zero/default placeholder,-200,literal zero/default placeholder,-200,literal zero/default placeholder
man1g0,110007,Whispers in the Wood,main_scenario,man1g000,man1g000,11000701,1,man1g0.processEventMiounneStart,default,direct_scene,static_no_dynamic_payload,delegateEvent / no dynamic replay payload,slot9=-200 literal zero/default placeholder; slot10=-200 literal zero/default placeholder; slot11=-200 literal zero/default placeholder; slot12=-200 literal zero/default placeholder; slot13=-200 literal zero/default placeholder; slot14=-200 literal zero/default placeholder; slot15=-200 literal zero/default placeholder,-200,literal zero/default placeholder,-200,literal zero/default placeholder,-200,literal zero/default placeholder,-200,literal zero/default placeholder,-200,literal zero/default placeholder,-200,literal zero/default placeholder,-200,literal zero/default placeholder
man1g0,110007,Whispers in the Wood,main_scenario,man1g010,man1g010,11000702,1,man1g0.processEvent010,after_warp,direct_scene_after_warp,static_no_dynamic_payload,delegateEvent / no dynamic replay payload,slot9=-200 literal zero/default placeholder; slot10=-200 literal zero/default placeholder; slot11=-200 literal zero/default placeholder; slot12=-200 literal zero/default placeholder; slot13=-200 literal zero/default placeholder; slot14=-200 literal zero/default placeholder; slot15=-200 literal zero/default placeholder,-200,literal zero/default placeholder,-200,literal zero/default placeholder,-200,literal zero/default placeholder,-200,literal zero/default placeholder,-200,literal zero/default placeholder,-200,literal zero/default placeholder,-200,literal zero/default placeholder
man1g0,110007,Whispers in the Wood,main_scenario,man1g020,man1g020,11000703,1,man1g0.processEvent020,after_warp,direct_scene_after_warp,static_no_dynamic_payload,delegateEvent / no dynamic replay payload,slot9=-200 literal zero/default placeholder; slot10=-200 literal zero/default placeholder; slot11=-200 literal zero/default placeholder; slot12=-200 literal zero/default placeholder; slot13=-200 literal zero/default placeholder; slot14=-200 literal zero/default placeholder; slot15=-200 literal zero/default placeholder,-200,literal zero/default placeholder,-200,literal zero/default placeholder,-200,literal zero/default placeholder,-200,literal zero/default placeholder,-200,literal zero/default placeholder,-200,literal zero/default placeholder,-200,literal zero/default placeholder
man1g0,110007,Whispers in the Wood,main_scenario,man1g030,man1g030,11000704,1,man1g0.processEvent030,after_warp,direct_scene_after_warp,static_no_dynamic_payload,delegateEvent / no dynamic replay payload,slot9=-200 literal zero/default placeholder; slot10=-200 literal zero/default placeholder; slot11=-200 literal zero/default placeholder; slot12=-200 literal zero/default placeholder; slot13=-200 literal zero/default placeholder; slot14=-200 literal zero/default placeholder; slot15=-200 literal zero/default placeholder,-200,literal zero/default placeholder,-200,literal zero/default placeholder,-200,literal zero/default placeholder,-200,literal zero/default placeholder,-200,literal zero/default placeholder,-200,literal zero/default placeholder,-200,literal zero/default placeholder
man1g0,110007,Whispers in the Wood,main_scenario,man1g040,man1g040,11000705,1,man1g0.processEvent040,after_warp,direct_scene_after_warp,static_no_dynamic_payload,delegateEvent / no dynamic replay payload,slot9=-200 literal zero/default placeholder; slot10=-200 literal zero/default placeholder; slot11=-200 literal zero/default placeholder; slot12=-200 literal zero/default placeholder; slot13=-200 literal zero/default placeholder; slot14=-200 literal zero/default placeholder; slot15=-200 literal zero/default placeholder,-200,literal zero/default placeholder,-200,literal zero/default placeholder,-200,literal zero/default placeholder,-200,literal zero/default placeholder,-200,literal zero/default placeholder,-200,literal zero/default placeholder,-200,literal zero/default placeholder
man1g0,110007,Whispers in the Wood,main_scenario,man1g050,man1g050,11000706,1,man1g0.processEvent050,default,direct_scene,static_no_dynamic_payload,delegateEvent / no dynamic replay payload,slot9=-200 literal zero/default placeholder; slot10=-200 literal zero/default placeholder; slot11=-200 literal zero/default placeholder; slot12=-200 literal zero/default placeholder; slot13=-200 literal zero/default placeholder; slot14=-200 literal zero/default placeholder; slot15=-200 literal zero/default placeholder,-200,literal zero/default placeholder,-200,literal zero/default placeholder,-200,literal zero/default placeholder,-200,literal zero/default placeholder,-200,literal zero/default placeholder,-200,literal zero/default placeholder,-200,literal zero/default placeholder
man1g0,110007,Whispers in the Wood,main_scenario,man1g060,man1g060,11000707,1,man1g0.processEvent060,after_warp,direct_scene_after_warp,static_no_dynamic_payload,delegateEvent / no dynamic replay payload,slot9=-200 literal zero/default placeholder; slot10=-200 literal zero/default placeholder; slot11=-200 literal zero/default placeholder; slot12=-200 literal zero/default placeholder; slot13=-200 literal zero/default placeholder; slot14=-200 literal zero/default placeholder; slot15=-200 literal zero/default placeholder,-200,literal zero/default placeholder,-200,literal zero/default placeholder,-200,literal zero/default placeholder,-200,literal zero/default placeholder,-200,literal zero/default placeholder,-200,literal zero/default placeholder,-200,literal zero/default placeholder
man1g0,110007,Whispers in the Wood,main_scenario,man1g070,man1g070,11000708,1,man1g0.processEvent070,after_warp,direct_scene_after_warp,static_no_dynamic_payload,delegateEvent / no dynamic replay payload,slot9=-200 literal zero/default placeholder; slot10=-200 literal zero/default placeholder; slot11=-200 literal zero/default placeholder; slot12=-200 literal zero/default placeholder; slot13=-200 literal zero/default placeholder; slot14=-200 literal zero/default placeholder; slot15=-200 literal zero/default placeholder,-200,literal zero/default placeholder,-200,literal zero/default placeholder,-200,literal zero/default placeholder,-200,literal zero/default placeholder,-200,literal zero/default placeholder,-200,literal zero/default placeholder,-200,literal zero/default placeholder
man1g0,110007,Whispers in the Wood,main_scenario,man1g080,man1g080,11000709,1,man1g0.processEvent080,default,direct_scene,static_no_dynamic_payload,delegateEvent / no dynamic replay payload,slot9=-200 literal zero/default placeholder; slot10=-200 literal zero/default placeholder; slot11=-200 literal zero/default placeholder; slot12=-200 literal zero/default placeholder; slot13=-200 literal zero/default placeholder; slot14=-200 literal zero/default placeholder; slot15=-200 literal zero/default placeholder,-200,literal zero/default placeholder,-200,literal zero/default placeholder,-200,literal zero/default placeholder,-200,literal zero/default placeholder,-200,literal zero/default placeholder,-200,literal zero/default placeholder,-200,literal zero/default placeholder
man1g0,110007,Whispers in the Wood,main_scenario,man1g090,man1g090,11000710,1,man1g0.processEvent090,default,direct_scene,static_no_dynamic_payload,delegateEvent / no dynamic replay payload,slot9=-200 literal zero/default placeholder; slot10=-200 literal zero/default placeholder; slot11=-200 literal zero/default placeholder; slot12=-200 literal zero/default placeholder; slot13=-200 literal zero/default placeholder; slot14=-200 literal zero/default placeholder; slot15=-200 literal zero/default placeholder,-200,literal zero/default placeholder,-200,literal zero/default placeholder,-200,literal zero/default placeholder,-200,literal zero/default placeholder,-200,literal zero/default placeholder,-200,literal zero/default placeholder,-200,literal zero/default placeholder
man1g0,110007,Whispers in the Wood,main_scenario,man1g100,man1g100,11000711,1,man1g0.processEvent100,default,direct_scene,static_no_dynamic_payload,delegateEvent / no dynamic replay payload,slot9=-200 literal zero/default placeholder; slot10=-200 literal zero/default placeholder; slot11=-200 literal zero/default placeholder; slot12=-200 literal zero/default placeholder; slot13=-200 literal zero/default placeholder; slot14=-200 literal zero/default placeholder; slot15=-200 literal zero/default placeholder,-200,literal zero/default placeholder,-200,literal zero/default placeholder,-200,literal zero/default placeholder,-200,literal zero/default placeholder,-200,literal zero/default placeholder,-200,literal zero/default placeholder,-200,literal zero/default placeholder
man1l0,110003,Legends Adrift,main_scenario,man1l200,man1l200,11000301,1,man1l0.processEvent200;man1l0.processEventTalkMenuManCutPreview,after_warp;default,direct_scene;direct_scene_after_warp,static_no_dynamic_payload,delegateEvent / no dynamic replay payload,slot9=-200 literal zero/default placeholder; slot10=-200 literal zero/default placeholder; slot11=-200 literal zero/default placeholder; slot12=-200 literal zero/default placeholder; slot13=-200 literal zero/default placeholder; slot14=-200 literal zero/default placeholder; slot15=-200 literal zero/default placeholder,-200,literal zero/default placeholder,-200,literal zero/default placeholder,-200,literal zero/default placeholder,-200,literal zero/default placeholder,-200,literal zero/default placeholder,-200,literal zero/default placeholder,-200,literal zero/default placeholder
man1l0,110003,Legends Adrift,main_scenario,man1l210,man1l210,11000302,1,man1l0.processEvent210;man1l0.processEventTalkMenuManCutPreview,default,direct_scene,static_no_dynamic_payload,delegateEvent / no dynamic replay payload,slot9=-200 literal zero/default placeholder; slot10=-200 literal zero/default placeholder; slot11=-200 literal zero/default placeholder; slot12=-200 literal zero/default placeholder; slot13=-200 literal zero/default placeholder; slot14=-200 literal zero/default placeholder; slot15=-200 literal zero/default placeholder,-200,literal zero/default placeholder,-200,literal zero/default placeholder,-200,literal zero/default placeholder,-200,literal zero/default placeholder,-200,literal zero/default placeholder,-200,literal zero/default placeholder,-200,literal zero/default placeholder
man1l0,110003,Legends Adrift,main_scenario,man1l215,man1l215,11000303,1,man1l0.processEvent215,after_warp,direct_scene_after_warp,static_no_dynamic_payload,delegateEvent / no dynamic replay payload,slot9=-200 literal zero/default placeholder; slot10=-200 literal zero/default placeholder; slot11=-200 literal zero/default placeholder; slot12=-200 literal zero/default placeholder; slot13=-200 literal zero/default placeholder; slot14=-200 literal zero/default placeholder; slot15=-200 literal zero/default placeholder,-200,literal zero/default placeholder,-200,literal zero/default placeholder,-200,literal zero/default placeholder,-200,literal zero/default placeholder,-200,literal zero/default placeholder,-200,literal zero/default placeholder,-200,literal zero/default placeholder
man1l0,110003,Legends Adrift,main_scenario,man1l400,man1l400,11000304,1,man1l0.processEvent400;man1l0.processEventTalkMenuManCutPreview,after_warp;default,direct_scene;direct_scene_after_warp,static_no_dynamic_payload,delegateEvent / no dynamic replay payload,slot9=-200 literal zero/default placeholder; slot10=-200 literal zero/default placeholder; slot11=-200 literal zero/default placeholder; slot12=-200 literal zero/default placeholder; slot13=-200 literal zero/default placeholder; slot14=-200 literal zero/default placeholder; slot15=-200 literal zero/default placeholder,-200,literal zero/default placeholder,-200,literal zero/default placeholder,-200,literal zero/default placeholder,-200,literal zero/default placeholder,-200,literal zero/default placeholder,-200,literal zero/default placeholder,-200,literal zero/default placeholder
man1l0,110003,Legends Adrift,main_scenario,man1l410,man1l410,11000305,1,man1l0.processEvent410;man1l0.processEventTalkMenuManCutPreview,after_warp;default,direct_scene;direct_scene_after_warp,static_no_dynamic_payload,delegateEvent / no dynamic replay payload,slot9=-200 literal zero/default placeholder; slot10=-200 literal zero/default placeholder; slot11=-200 literal zero/default placeholder; slot12=-200 literal zero/default placeholder; slot13=-200 literal zero/default placeholder; slot14=-200 literal zero/default placeholder; slot15=-200 literal zero/default placeholder,-200,literal zero/default placeholder,-200,literal zero/default placeholder,-200,literal zero/default placeholder,-200,literal zero/default placeholder,-200,literal zero/default placeholder,-200,literal zero/default placeholder,-200,literal zero/default placeholder
man1l0,110003,Legends Adrift,main_scenario,man1l420,man1l420,11000306,1,man1l0.processEvent420,after_warp,direct_scene_after_warp,static_no_dynamic_payload,delegateEvent / no dynamic replay payload,slot9=-200 literal zero/default placeholder; slot10=-200 literal zero/default placeholder; slot11=-200 literal zero/default placeholder; slot12=-200 literal zero/default placeholder; slot13=-200 literal zero/default placeholder; slot14=-200 literal zero/default placeholder; slot15=-200 literal zero/default placeholder,-200,literal zero/default placeholder,-200,literal zero/default placeholder,-200,literal zero/default placeholder,-200,literal zero/default placeholder,-200,literal zero/default placeholder,-200,literal zero/default placeholder,-200,literal zero/default placeholder
man1l0,110003,Legends Adrift,main_scenario,man1l600,man1l600,11000307,1,man1l0.processEvent600;man1l0.processEventTalkMenuManCutPreview,default,direct_scene,static_no_dynamic_payload,delegateEvent / no dynamic replay payload,slot9=-200 literal zero/default placeholder; slot10=-200 literal zero/default placeholder; slot11=-200 literal zero/default placeholder; slot12=-200 literal zero/default placeholder; slot13=-200 literal zero/default placeholder; slot14=-200 literal zero/default placeholder; slot15=-200 literal zero/default placeholder,-200,literal zero/default placeholder,-200,literal zero/default placeholder,-200,literal zero/default placeholder,-200,literal zero/default placeholder,-200,literal zero/default placeholder,-200,literal zero/default placeholder,-200,literal zero/default placeholder
man1l0,110003,Legends Adrift,main_scenario,man1l610,man1l610,11000308,1,man1l0.processEvent610;man1l0.processEventTalkMenuManCutPreview,default,direct_scene,dynamic_placeholder_payload,manual replay placeholder review,slot9=-218 literal true; slot10=-206 player main-skill 41 flag; slot11=-200 literal zero/default placeholder; slot12=-200 literal zero/default placeholder; slot13=-200 literal zero/default placeholder; slot14=-200 literal zero/default placeholder; slot15=-200 literal zero/default placeholder,-218,literal true,-206,player main-skill 41 flag,-200,literal zero/default placeholder,-200,literal zero/default placeholder,-200,literal zero/default placeholder,-200,literal zero/default placeholder,-200,literal zero/default placeholder
man1l0,110003,Legends Adrift,main_scenario,man2l000,man2l000,11000309,1,man1l0.processEvent2000;man2l0.processEventTalkMenuManCutPreview,after_warp;default,direct_scene;direct_scene_after_warp,dynamic_placeholder_payload,manual replay placeholder review,slot9=0 unknown replay placeholder; slot10=11000002 unknown replay placeholder; slot11=-200 literal zero/default placeholder; slot12=-200 literal zero/default placeholder; slot13=-200 literal zero/default placeholder; slot14=-200 literal zero/default placeholder; slot15=-200 literal zero/default placeholder,0,unknown replay placeholder,11000002,unknown replay placeholder,-200,literal zero/default placeholder,-200,literal zero/default placeholder,-200,literal zero/default placeholder,-200,literal zero/default placeholder,-200,literal zero/default placeholder
man1l0,110003,Legends Adrift,main_scenario,man2l001,man2l001,11000310,1,man1l0.processEvent2001;man2l0.processEventTalkMenuManCutPreview,after_warp;default,direct_scene;direct_scene_after_warp,static_no_dynamic_payload,delegateEvent / no dynamic replay payload,slot9=-200 literal zero/default placeholder; slot10=-200 literal zero/default placeholder; slot11=-200 literal zero/default placeholder; slot12=-200 literal zero/default placeholder; slot13=-200 literal zero/default placeholder; slot14=-200 literal zero/default placeholder; slot15=-200 literal zero/default placeholder,-200,literal zero/default placeholder,-200,literal zero/default placeholder,-200,literal zero/default placeholder,-200,literal zero/default placeholder,-200,literal zero/default placeholder,-200,literal zero/default placeholder,-200,literal zero/default placeholder
man1l0,110003,Legends Adrift,main_scenario,man2l002,man2l002,11000311,1,man1l0.processEvent2002;man2l0.processEventTalkMenuManCutPreview,after_warp;default,direct_scene;direct_scene_after_warp,static_no_dynamic_payload,delegateEvent / no dynamic replay payload,slot9=-200 literal zero/default placeholder; slot10=-200 literal zero/default placeholder; slot11=-200 literal zero/default placeholder; slot12=-200 literal zero/default placeholder; slot13=-200 literal zero/default placeholder; slot14=-200 literal zero/default placeholder; slot15=-200 literal zero/default placeholder,-200,literal zero/default placeholder,-200,literal zero/default placeholder,-200,literal zero/default placeholder,-200,literal zero/default placeholder,-200,literal zero/default placeholder,-200,literal zero/default placeholder,-200,literal zero/default placeholder
man1u0,110011,Golden Sacrifices,main_scenario,man1u000,man1u000,11001101,1,man1u0.processEventMomodiStart,after_warp,direct_scene_after_warp,static_no_dynamic_payload,delegateEvent / no dynamic replay payload,slot9=-200 literal zero/default placeholder; slot10=-200 literal zero/default placeholder; slot11=-200 literal zero/default placeholder; slot12=-200 literal zero/default placeholder; slot13=-200 literal zero/default placeholder; slot14=-200 literal zero/default placeholder; slot15=-200 literal zero/default placeholder,-200,literal zero/default placeholder,-200,literal zero/default placeholder,-200,literal zero/default placeholder,-200,literal zero/default placeholder,-200,literal zero/default placeholder,-200,literal zero/default placeholder,-200,literal zero/default placeholder
man1u0,110011,Golden Sacrifices,main_scenario,man1u010,man1u010,11001102,1,man1u0.processEvent010,after_warp,direct_scene_after_warp,static_no_dynamic_payload,delegateEvent / no dynamic replay payload,slot9=-200 literal zero/default placeholder; slot10=-200 literal zero/default placeholder; slot11=-200 literal zero/default placeholder; slot12=-200 literal zero/default placeholder; slot13=-200 literal zero/default placeholder; slot14=-200 literal zero/default placeholder; slot15=-200 literal zero/default placeholder,-200,literal zero/default placeholder,-200,literal zero/default placeholder,-200,literal zero/default placeholder,-200,literal zero/default placeholder,-200,literal zero/default placeholder,-200,literal zero/default placeholder,-200,literal zero/default placeholder
man1u0,110011,Golden Sacrifices,main_scenario,man1u020,man1u020,11001103,1,man1u0.processEvent020,after_warp,direct_scene_after_warp,static_no_dynamic_payload,delegateEvent / no dynamic replay payload,slot9=-200 literal zero/default placeholder; slot10=-200 literal zero/default placeholder; slot11=-200 literal zero/default placeholder; slot12=-200 literal zero/default placeholder; slot13=-200 literal zero/default placeholder; slot14=-200 literal zero/default placeholder; slot15=-200 literal zero/default placeholder,-200,literal zero/default placeholder,-200,literal zero/default placeholder,-200,literal zero/default placeholder,-200,literal zero/default placeholder,-200,literal zero/default placeholder,-200,literal zero/default placeholder,-200,literal zero/default placeholder
man1u0,110011,Golden Sacrifices,main_scenario,man1u021,man1u021,11001104,1,man1u0.processEvent021,after_warp,direct_scene_after_warp,static_no_dynamic_payload,delegateEvent / no dynamic replay payload,slot9=-200 literal zero/default placeholder; slot10=-200 literal zero/default placeholder; slot11=-200 literal zero/default placeholder; slot12=-200 literal zero/default placeholder; slot13=-200 literal zero/default placeholder; slot14=-200 literal zero/default placeholder; slot15=-200 literal zero/default placeholder,-200,literal zero/default placeholder,-200,literal zero/default placeholder,-200,literal zero/default placeholder,-200,literal zero/default placeholder,-200,literal zero/default placeholder,-200,literal zero/default placeholder,-200,literal zero/default placeholder
man1u0,110011,Golden Sacrifices,main_scenario,man1u030,man1u030,11001105,1,man1u0.processEvent030,default,direct_scene,static_no_dynamic_payload,delegateEvent / no dynamic replay payload,slot9=-200 literal zero/default placeholder; slot10=-200 literal zero/default placeholder; slot11=-200 literal zero/default placeholder; slot12=-200 literal zero/default placeholder; slot13=-200 literal zero/default placeholder; slot14=-200 literal zero/default placeholder; slot15=-200 literal zero/default placeholder,-200,literal zero/default placeholder,-200,literal zero/default placeholder,-200,literal zero/default placeholder,-200,literal zero/default placeholder,-200,literal zero/default placeholder,-200,literal zero/default placeholder,-200,literal zero/default placeholder
man1u0,110011,Golden Sacrifices,main_scenario,man1u040,man1u040,11001106,1,man1u0.processEvent040,after_warp,direct_scene_after_warp,static_no_dynamic_payload,delegateEvent / no dynamic replay payload,slot9=-200 literal zero/default placeholder; slot10=-200 literal zero/default placeholder; slot11=-200 literal zero/default placeholder; slot12=-200 literal zero/default placeholder; slot13=-200 literal zero/default placeholder; slot14=-200 literal zero/default placeholder; slot15=-200 literal zero/default placeholder,-200,literal zero/default placeholder,-200,literal zero/default placeholder,-200,literal zero/default placeholder,-200,literal zero/default placeholder,-200,literal zero/default placeholder,-200,literal zero/default placeholder,-200,literal zero/default placeholder
man1u0,110011,Golden Sacrifices,main_scenario,man1u050,man1u050,11001107,1,man1u0.processEvent050,after_warp,direct_scene_after_warp,static_no_dynamic_payload,delegateEvent / no dynamic replay payload,slot9=-200 literal zero/default placeholder; slot10=-200 literal zero/default placeholder; slot11=-200 literal zero/default placeholder; slot12=-200 literal zero/default placeholder; slot13=-200 literal zero/default placeholder; slot14=-200 literal zero/default placeholder; slot15=-200 literal zero/default placeholder,-200,literal zero/default placeholder,-200,literal zero/default placeholder,-200,literal zero/default placeholder,-200,literal zero/default placeholder,-200,literal zero/default placeholder,-200,literal zero/default placeholder,-200,literal zero/default placeholder
man1u0,110011,Golden Sacrifices,main_scenario,man1u060,man1u060,11001108,1,man1u0.processEvent060,after_warp,direct_scene_after_warp,static_no_dynamic_payload,delegateEvent / no dynamic replay payload,slot9=-200 literal zero/default placeholder; slot10=-200 literal zero/default placeholder; slot11=-200 literal zero/default placeholder; slot12=-200 literal zero/default placeholder; slot13=-200 literal zero/default placeholder; slot14=-200 literal zero/default placeholder; slot15=-200 literal zero/default placeholder,-200,literal zero/default placeholder,-200,literal zero/default placeholder,-200,literal zero/default placeholder,-200,literal zero/default placeholder,-200,literal zero/default placeholder,-200,literal zero/default placeholder,-200,literal zero/default placeholder
man1u0,110011,Golden Sacrifices,main_scenario,man1u070,man1u070,11001109,1,man1u0.processEvent070,after_warp,direct_scene_after_warp,static_no_dynamic_payload,delegateEvent / no dynamic replay payload,slot9=-200 literal zero/default placeholder; slot10=-200 literal zero/default placeholder; slot11=-200 literal zero/default placeholder; slot12=-200 literal zero/default placeholder; slot13=-200 literal zero/default placeholder; slot14=-200 literal zero/default placeholder; slot15=-200 literal zero/default placeholder,-200,literal zero/default placeholder,-200,literal zero/default placeholder,-200,literal zero/default placeholder,-200,literal zero/default placeholder,-200,literal zero/default placeholder,-200,literal zero/default placeholder,-200,literal zero/default placeholder
man1u0,110011,Golden Sacrifices,main_scenario,man1u080,man1u080,11001110,1,man1u0.processEvent080,default,direct_scene,static_no_dynamic_payload,delegateEvent / no dynamic replay payload,slot9=-200 literal zero/default placeholder; slot10=-200 literal zero/default placeholder; slot11=-200 literal zero/default placeholder; slot12=-200 literal zero/default placeholder; slot13=-200 literal zero/default placeholder; slot14=-200 literal zero/default placeholder; slot15=-200 literal zero/default placeholder,-200,literal zero/default placeholder,-200,literal zero/default placeholder,-200,literal zero/default placeholder,-200,literal zero/default placeholder,-200,literal zero/default placeholder,-200,literal zero/default placeholder,-200,literal zero/default placeholder
man1u0,110011,Golden Sacrifices,main_scenario,man1u090,man1u090,11001111,1,man1u0.processEvent090,after_warp,direct_scene_after_warp,static_no_dynamic_payload,delegateEvent / no dynamic replay payload,slot9=-200 literal zero/default placeholder; slot10=-200 literal zero/default placeholder; slot11=-200 literal zero/default placeholder; slot12=-200 literal zero/default placeholder; slot13=-200 literal zero/default placeholder; slot14=-200 literal zero/default placeholder; slot15=-200 literal zero/default placeholder,-200,literal zero/default placeholder,-200,literal zero/default placeholder,-200,literal zero/default placeholder,-200,literal zero/default placeholder,-200,literal zero/default placeholder,-200,literal zero/default placeholder,-200,literal zero/default placeholder
man200,110013,Fade to White,main_scenario,man20100,man20100,11001301,1,man200.pE00,after_warp,direct_scene_after_warp,snpc_raw_tuple,getSnpcReplayArgList / getSnpcDelegateArgList,slot9=-201 SNPC nickname; slot10=-202 SNPC raw skin; slot11=-203 SNPC personality; slot12=-204 SNPC coordinate; slot13=-205 player initial town; slot14=-200 literal zero/default placeholder; slot15=-200 literal zero/default placeholder,-201,SNPC nickname,-202,SNPC raw skin,-203,SNPC personality,-204,SNPC coordinate,-205,player initial town,-200,literal zero/default placeholder,-200,literal zero/default placeholder
man200,110013,Fade to White,main_scenario,man20110,man20110,11001302,1,man200.pE10,after_warp,direct_scene_after_warp,snpc_raw_tuple,getSnpcReplayArgList / getSnpcDelegateArgList,slot9=-201 SNPC nickname; slot10=-202 SNPC raw skin; slot11=-203 SNPC personality; slot12=-204 SNPC coordinate; slot13=-205 player initial town; slot14=-200 literal zero/default placeholder; slot15=-200 literal zero/default placeholder,-201,SNPC nickname,-202,SNPC raw skin,-203,SNPC personality,-204,SNPC coordinate,-205,player initial town,-200,literal zero/default placeholder,-200,literal zero/default placeholder
man200,110013,Fade to White,main_scenario,man20120,man20120,11001303,1,man200.pE20,default,direct_scene,snpc_raw_tuple,getSnpcReplayArgList / getSnpcDelegateArgList,slot9=-201 SNPC nickname; slot10=-202 SNPC raw skin; slot11=-203 SNPC personality; slot12=-204 SNPC coordinate; slot13=-205 player initial town; slot14=-200 literal zero/default placeholder; slot15=-200 literal zero/default placeholder,-201,SNPC nickname,-202,SNPC raw skin,-203,SNPC personality,-204,SNPC coordinate,-205,player initial town,-200,literal zero/default placeholder,-200,literal zero/default placeholder
man200,110013,Fade to White,main_scenario,man20130,man20130,11001304,1,man200.pE25,after_warp,direct_scene_after_warp,dynamic_placeholder_payload,manual replay placeholder review,slot9=-216 literal unknown-name string; slot10=-202 SNPC raw skin; slot11=-203 SNPC personality; slot12=-204 SNPC coordinate; slot13=-205 player initial town; slot14=-200 literal zero/default placeholder; slot15=-200 literal zero/default placeholder,-216,literal unknown-name string,-202,SNPC raw skin,-203,SNPC personality,-204,SNPC coordinate,-205,player initial town,-200,literal zero/default placeholder,-200,literal zero/default placeholder
man200,110013,Fade to White,main_scenario,man20150,man20150,11001305,1,man200.pE050,after_warp,direct_scene_after_warp,dynamic_placeholder_payload,manual replay placeholder review,slot9=-216 literal unknown-name string; slot10=-202 SNPC raw skin; slot11=-203 SNPC personality; slot12=-204 SNPC coordinate; slot13=-205 player initial town; slot14=-200 literal zero/default placeholder; slot15=-200 literal zero/default placeholder,-216,literal unknown-name string,-202,SNPC raw skin,-203,SNPC personality,-204,SNPC coordinate,-205,player initial town,-200,literal zero/default placeholder,-200,literal zero/default placeholder
man200,110013,Fade to White,main_scenario,man20160,man20160,11001306,1,man200.pE060,default,direct_scene,snpc_raw_tuple,getSnpcReplayArgList / getSnpcDelegateArgList,slot9=-201 SNPC nickname; slot10=-202 SNPC raw skin; slot11=-203 SNPC personality; slot12=-204 SNPC coordinate; slot13=-205 player initial town; slot14=-200 literal zero/default placeholder; slot15=-200 literal zero/default placeholder,-201,SNPC nickname,-202,SNPC raw skin,-203,SNPC personality,-204,SNPC coordinate,-205,player initial town,-200,literal zero/default placeholder,-200,literal zero/default placeholder
man206,110014,Together We Stand,main_scenario,man20600,man20600,11001401,1,man206.processEventUdowntownrectStart,after_warp,direct_scene_after_warp,static_no_dynamic_payload,delegateEvent / no dynamic replay payload,slot9=-200 literal zero/default placeholder; slot10=-200 literal zero/default placeholder; slot11=-200 literal zero/default placeholder; slot12=-200 literal zero/default placeholder; slot13=-200 literal zero/default placeholder; slot14=-200 literal zero/default placeholder; slot15=-200 literal zero/default placeholder,-200,literal zero/default placeholder,-200,literal zero/default placeholder,-200,literal zero/default placeholder,-200,literal zero/default placeholder,-200,literal zero/default placeholder,-200,literal zero/default placeholder,-200,literal zero/default placeholder
man206,110014,Together We Stand,main_scenario,man20601,man20601,11001402,1,man206.processEvent001,branch_or_mixed_default_and_after_warp,direct_scene_after_warp,static_no_dynamic_payload,delegateEvent / no dynamic replay payload,slot9=-200 literal zero/default placeholder; slot10=-200 literal zero/default placeholder; slot11=-200 literal zero/default placeholder; slot12=-200 literal zero/default placeholder; slot13=-200 literal zero/default placeholder; slot14=-200 literal zero/default placeholder; slot15=-200 literal zero/default placeholder,-200,literal zero/default placeholder,-200,literal zero/default placeholder,-200,literal zero/default placeholder,-200,literal zero/default placeholder,-200,literal zero/default placeholder,-200,literal zero/default placeholder,-200,literal zero/default placeholder
man206,110014,Together We Stand,main_scenario,man20602,man20602,11001403,1,man206.pE12,default,direct_scene,snpc_raw_tuple,getSnpcReplayArgList / getSnpcDelegateArgList,slot9=-201 SNPC nickname; slot10=-202 SNPC raw skin; slot11=-203 SNPC personality; slot12=-204 SNPC coordinate; slot13=-205 player initial town; slot14=-200 literal zero/default placeholder; slot15=-200 literal zero/default placeholder,-201,SNPC nickname,-202,SNPC raw skin,-203,SNPC personality,-204,SNPC coordinate,-205,player initial town,-200,literal zero/default placeholder,-200,literal zero/default placeholder
man206,110014,Together We Stand,main_scenario,man20603,man20603,11001404,1,man206.pE13,branch_or_mixed_default_and_after_warp,direct_scene_after_warp,snpc_raw_tuple,getSnpcReplayArgList / getSnpcDelegateArgList,slot9=-201 SNPC nickname; slot10=-202 SNPC raw skin; slot11=-203 SNPC personality; slot12=-204 SNPC coordinate; slot13=-205 player initial town; slot14=-200 literal zero/default placeholder; slot15=-200 literal zero/default placeholder,-201,SNPC nickname,-202,SNPC raw skin,-203,SNPC personality,-204,SNPC coordinate,-205,player initial town,-200,literal zero/default placeholder,-200,literal zero/default placeholder
man206,110014,Together We Stand,main_scenario,man20610,MAN20610,11001405,2,man206.processEvent016,default,direct_scene,static_no_dynamic_payload,delegateEvent / no dynamic replay payload,slot9=-200 literal zero/default placeholder; slot10=-200 literal zero/default placeholder; slot11=-200 literal zero/default placeholder; slot12=-200 literal zero/default placeholder; slot13=-200 literal zero/default placeholder; slot14=-200 literal zero/default placeholder; slot15=-200 literal zero/default placeholder,-200,literal zero/default placeholder,-200,literal zero/default placeholder,-200,literal zero/default placeholder,-200,literal zero/default placeholder,-200,literal zero/default placeholder,-200,literal zero/default placeholder,-200,literal zero/default placeholder
man206,110014,Together We Stand,main_scenario,man20620,man20620,11001406,1,man206.pE20,default,direct_scene,snpc_raw_tuple,getSnpcReplayArgList / getSnpcDelegateArgList,slot9=-201 SNPC nickname; slot10=-202 SNPC raw skin; slot11=-203 SNPC personality; slot12=-204 SNPC coordinate; slot13=-205 player initial town; slot14=-200 literal zero/default placeholder; slot15=-200 literal zero/default placeholder,-201,SNPC nickname,-202,SNPC raw skin,-203,SNPC personality,-204,SNPC coordinate,-205,player initial town,-200,literal zero/default placeholder,-200,literal zero/default placeholder
man206,110014,Together We Stand,main_scenario,man20630,man20630,11001407,1,man206.pE30,after_warp,direct_scene_after_warp,snpc_raw_tuple,getSnpcReplayArgList / getSnpcDelegateArgList,slot9=-201 SNPC nickname; slot10=-202 SNPC raw skin; slot11=-203 SNPC personality; slot12=-204 SNPC coordinate; slot13=-205 player initial town; slot14=-200 literal zero/default placeholder; slot15=-200 literal zero/default placeholder,-201,SNPC nickname,-202,SNPC raw skin,-203,SNPC personality,-204,SNPC coordinate,-205,player initial town,-200,literal zero/default placeholder,-200,literal zero/default placeholder
man206,110014,Together We Stand,main_scenario,man20640,man20640,11001408,1,man206.processEvent040,after_warp,direct_scene_after_warp,static_no_dynamic_payload,delegateEvent / no dynamic replay payload,slot9=-200 literal zero/default placeholder; slot10=-200 literal zero/default placeholder; slot11=-200 literal zero/default placeholder; slot12=-200 literal zero/default placeholder; slot13=-200 literal zero/default placeholder; slot14=-200 literal zero/default placeholder; slot15=-200 literal zero/default placeholder,-200,literal zero/default placeholder,-200,literal zero/default placeholder,-200,literal zero/default placeholder,-200,literal zero/default placeholder,-200,literal zero/default placeholder,-200,literal zero/default placeholder,-200,literal zero/default placeholder
man2g0,110008,Beckon of the Elementals,main_scenario,man1g900,man1g900,11000801,1,man2g0.processEvent007,after_warp,direct_scene_after_warp,static_no_dynamic_payload,delegateEvent / no dynamic replay payload,slot9=-200 literal zero/default placeholder; slot10=-200 literal zero/default placeholder; slot11=-200 literal zero/default placeholder; slot12=-200 literal zero/default placeholder; slot13=-200 literal zero/default placeholder; slot14=-200 literal zero/default placeholder; slot15=-200 literal zero/default placeholder,-200,literal zero/default placeholder,-200,literal zero/default placeholder,-200,literal zero/default placeholder,-200,literal zero/default placeholder,-200,literal zero/default placeholder,-200,literal zero/default placeholder,-200,literal zero/default placeholder
man2g0,110008,Beckon of the Elementals,main_scenario,man2g000,man2g000,11000802,2,man2g0.processEvent007_2,after_warp,direct_scene_after_warp,static_no_dynamic_payload,delegateEvent / no dynamic replay payload,slot9=-200 literal zero/default placeholder; slot10=-200 literal zero/default placeholder; slot11=-200 literal zero/default placeholder; slot12=-200 literal zero/default placeholder; slot13=-200 literal zero/default placeholder; slot14=-200 literal zero/default placeholder; slot15=-200 literal zero/default placeholder,-200,literal zero/default placeholder,-200,literal zero/default placeholder,-200,literal zero/default placeholder,-200,literal zero/default placeholder,-200,literal zero/default placeholder,-200,literal zero/default placeholder,-200,literal zero/default placeholder
man2g0,110008,Beckon of the Elementals,main_scenario,man2g010,man2g010,11000803,1,man2g0.processEvent010,after_warp,direct_scene_after_warp,static_no_dynamic_payload,delegateEvent / no dynamic replay payload,slot9=-200 literal zero/default placeholder; slot10=-200 literal zero/default placeholder; slot11=-200 literal zero/default placeholder; slot12=-200 literal zero/default placeholder; slot13=-200 literal zero/default placeholder; slot14=-200 literal zero/default placeholder; slot15=-200 literal zero/default placeholder,-200,literal zero/default placeholder,-200,literal zero/default placeholder,-200,literal zero/default placeholder,-200,literal zero/default placeholder,-200,literal zero/default placeholder,-200,literal zero/default placeholder,-200,literal zero/default placeholder
man2g0,110008,Beckon of the Elementals,main_scenario,man2g020,man2g020,11000804,1,man2g0.processEvent020,default,direct_scene,static_no_dynamic_payload,delegateEvent / no dynamic replay payload,slot9=-200 literal zero/default placeholder; slot10=-200 literal zero/default placeholder; slot11=-200 literal zero/default placeholder; slot12=-200 literal zero/default placeholder; slot13=-200 literal zero/default placeholder; slot14=-200 literal zero/default placeholder; slot15=-200 literal zero/default placeholder,-200,literal zero/default placeholder,-200,literal zero/default placeholder,-200,literal zero/default placeholder,-200,literal zero/default placeholder,-200,literal zero/default placeholder,-200,literal zero/default placeholder,-200,literal zero/default placeholder
man2g0,110008,Beckon of the Elementals,main_scenario,man2g030,man2g030,11000805,1,man2g0.processEvent030,after_warp,direct_scene_after_warp,static_no_dynamic_payload,delegateEvent / no dynamic replay payload,slot9=-200 literal zero/default placeholder; slot10=-200 literal zero/default placeholder; slot11=-200 literal zero/default placeholder; slot12=-200 literal zero/default placeholder; slot13=-200 literal zero/default placeholder; slot14=-200 literal zero/default placeholder; slot15=-200 literal zero/default placeholder,-200,literal zero/default placeholder,-200,literal zero/default placeholder,-200,literal zero/default placeholder,-200,literal zero/default placeholder,-200,literal zero/default placeholder,-200,literal zero/default placeholder,-200,literal zero/default placeholder
man2g0,110008,Beckon of the Elementals,main_scenario,man2g040,man2g040,11000806,1,man2g0.processEvent040,after_warp,direct_scene_after_warp,static_no_dynamic_payload,delegateEvent / no dynamic replay payload,slot9=-200 literal zero/default placeholder; slot10=-200 literal zero/default placeholder; slot11=-200 literal zero/default placeholder; slot12=-200 literal zero/default placeholder; slot13=-200 literal zero/default placeholder; slot14=-200 literal zero/default placeholder; slot15=-200 literal zero/default placeholder,-200,literal zero/default placeholder,-200,literal zero/default placeholder,-200,literal zero/default placeholder,-200,literal zero/default placeholder,-200,literal zero/default placeholder,-200,literal zero/default placeholder,-200,literal zero/default placeholder
man2g0,110008,Beckon of the Elementals,main_scenario,man2g050,man2g050,11000807,1,man2g0.processEvent050,after_warp,direct_scene_after_warp,static_no_dynamic_payload,delegateEvent / no dynamic replay payload,slot9=-200 literal zero/default placeholder; slot10=-200 literal zero/default placeholder; slot11=-200 literal zero/default placeholder; slot12=-200 literal zero/default placeholder; slot13=-200 literal zero/default placeholder; slot14=-200 literal zero/default placeholder; slot15=-200 literal zero/default placeholder,-200,literal zero/default placeholder,-200,literal zero/default placeholder,-200,literal zero/default placeholder,-200,literal zero/default placeholder,-200,literal zero/default placeholder,-200,literal zero/default placeholder,-200,literal zero/default placeholder
man2g0,110008,Beckon of the Elementals,main_scenario,man2g060,man2g060,11000808,1,man2g0.processEvent060,after_warp,direct_scene_after_warp,static_no_dynamic_payload,delegateEvent / no dynamic replay payload,slot9=-200 literal zero/default placeholder; slot10=-200 literal zero/default placeholder; slot11=-200 literal zero/default placeholder; slot12=-200 literal zero/default placeholder; slot13=-200 literal zero/default placeholder; slot14=-200 literal zero/default placeholder; slot15=-200 literal zero/default placeholder,-200,literal zero/default placeholder,-200,literal zero/default placeholder,-200,literal zero/default placeholder,-200,literal zero/default placeholder,-200,literal zero/default placeholder,-200,literal zero/default placeholder,-200,literal zero/default placeholder
man2g0,110008,Beckon of the Elementals,main_scenario,man2g070,man2g070,11000809,1,man2g0.processEvent070,after_warp,direct_scene_after_warp,static_no_dynamic_payload,delegateEvent / no dynamic replay payload,slot9=-200 literal zero/default placeholder; slot10=-200 literal zero/default placeholder; slot11=-200 literal zero/default placeholder; slot12=-200 literal zero/default placeholder; slot13=-200 literal zero/default placeholder; slot14=-200 literal zero/default placeholder; slot15=-200 literal zero/default placeholder,-200,literal zero/default placeholder,-200,literal zero/default placeholder,-200,literal zero/default placeholder,-200,literal zero/default placeholder,-200,literal zero/default placeholder,-200,literal zero/default placeholder,-200,literal zero/default placeholder
man2g0,110008,Beckon of the Elementals,main_scenario,man2g080,man2g080,11000810,1,man2g0.processEvent080,after_warp,direct_scene_after_warp,static_no_dynamic_payload,delegateEvent / no dynamic replay payload,slot9=-200 literal zero/default placeholder; slot10=-200 literal zero/default placeholder; slot11=-200 literal zero/default placeholder; slot12=-200 literal zero/default placeholder; slot13=-200 literal zero/default placeholder; slot14=-200 literal zero/default placeholder; slot15=-200 literal zero/default placeholder,-200,literal zero/default placeholder,-200,literal zero/default placeholder,-200,literal zero/default placeholder,-200,literal zero/default placeholder,-200,literal zero/default placeholder,-200,literal zero/default placeholder,-200,literal zero/default placeholder
man2g0,110008,Beckon of the Elementals,main_scenario,man2g090,MAN2G090,11000811,2,man2g0.processEvent080,after_warp,direct_scene_after_warp,static_no_dynamic_payload,delegateEvent / no dynamic replay payload,slot9=-200 literal zero/default placeholder; slot10=-200 literal zero/default placeholder; slot11=-200 literal zero/default placeholder; slot12=-200 literal zero/default placeholder; slot13=-200 literal zero/default placeholder; slot14=-200 literal zero/default placeholder; slot15=-200 literal zero/default placeholder,-200,literal zero/default placeholder,-200,literal zero/default placeholder,-200,literal zero/default placeholder,-200,literal zero/default placeholder,-200,literal zero/default placeholder,-200,literal zero/default placeholder,-200,literal zero/default placeholder
man2g0,110008,Beckon of the Elementals,main_scenario,man2g095,man2g095,11000812,1,man2g0.processEvent080,after_warp,direct_scene_after_warp,static_no_dynamic_payload,delegateEvent / no dynamic replay payload,slot9=-200 literal zero/default placeholder; slot10=-200 literal zero/default placeholder; slot11=-200 literal zero/default placeholder; slot12=-200 literal zero/default placeholder; slot13=-200 literal zero/default placeholder; slot14=-200 literal zero/default placeholder; slot15=-200 literal zero/default placeholder,-200,literal zero/default placeholder,-200,literal zero/default placeholder,-200,literal zero/default placeholder,-200,literal zero/default placeholder,-200,literal zero/default placeholder,-200,literal zero/default placeholder,-200,literal zero/default placeholder
man2g0,110008,Beckon of the Elementals,main_scenario,man2g100,man2g100,11000813,1,man2g0.processEvent080,after_warp,direct_scene_after_warp,static_no_dynamic_payload,delegateEvent / no dynamic replay payload,slot9=-200 literal zero/default placeholder; slot10=-200 literal zero/default placeholder; slot11=-200 literal zero/default placeholder; slot12=-200 literal zero/default placeholder; slot13=-200 literal zero/default placeholder; slot14=-200 literal zero/default placeholder; slot15=-200 literal zero/default placeholder,-200,literal zero/default placeholder,-200,literal zero/default placeholder,-200,literal zero/default placeholder,-200,literal zero/default placeholder,-200,literal zero/default placeholder,-200,literal zero/default placeholder,-200,literal zero/default placeholder
man2l0,110004,Never the Twain Shall Meet,main_scenario,man2l000,man2l000,11000309,1,man1l0.processEvent2000;man2l0.processEventTalkMenuManCutPreview,after_warp;default,direct_scene;direct_scene_after_warp,dynamic_placeholder_payload,manual replay placeholder review,slot9=0 unknown replay placeholder; slot10=11000002 unknown replay placeholder; slot11=-200 literal zero/default placeholder; slot12=-200 literal zero/default placeholder; slot13=-200 literal zero/default placeholder; slot14=-200 literal zero/default placeholder; slot15=-200 literal zero/default placeholder,0,unknown replay placeholder,11000002,unknown replay placeholder,-200,literal zero/default placeholder,-200,literal zero/default placeholder,-200,literal zero/default placeholder,-200,literal zero/default placeholder,-200,literal zero/default placeholder
man2l0,110004,Never the Twain Shall Meet,main_scenario,man2l001,man2l001,11000310,1,man1l0.processEvent2001;man2l0.processEventTalkMenuManCutPreview,after_warp;default,direct_scene;direct_scene_after_warp,static_no_dynamic_payload,delegateEvent / no dynamic replay payload,slot9=-200 literal zero/default placeholder; slot10=-200 literal zero/default placeholder; slot11=-200 literal zero/default placeholder; slot12=-200 literal zero/default placeholder; slot13=-200 literal zero/default placeholder; slot14=-200 literal zero/default placeholder; slot15=-200 literal zero/default placeholder,-200,literal zero/default placeholder,-200,literal zero/default placeholder,-200,literal zero/default placeholder,-200,literal zero/default placeholder,-200,literal zero/default placeholder,-200,literal zero/default placeholder,-200,literal zero/default placeholder
man2l0,110004,Never the Twain Shall Meet,main_scenario,man2l002,man2l002,11000311,1,man1l0.processEvent2002;man2l0.processEventTalkMenuManCutPreview,after_warp;default,direct_scene;direct_scene_after_warp,static_no_dynamic_payload,delegateEvent / no dynamic replay payload,slot9=-200 literal zero/default placeholder; slot10=-200 literal zero/default placeholder; slot11=-200 literal zero/default placeholder; slot12=-200 literal zero/default placeholder; slot13=-200 literal zero/default placeholder; slot14=-200 literal zero/default placeholder; slot15=-200 literal zero/default placeholder,-200,literal zero/default placeholder,-200,literal zero/default placeholder,-200,literal zero/default placeholder,-200,literal zero/default placeholder,-200,literal zero/default placeholder,-200,literal zero/default placeholder,-200,literal zero/default placeholder
man2l0,110004,Never the Twain Shall Meet,main_scenario,man2l010,man2l010,11000401,1,man2l0.processEvent010;man2l0.processEventTalkMenuManCutPreview,after_warp;default,direct_scene;direct_scene_after_warp,static_no_dynamic_payload,delegateEvent / no dynamic replay payload,slot9=-200 literal zero/default placeholder; slot10=-200 literal zero/default placeholder; slot11=-200 literal zero/default placeholder; slot12=-200 literal zero/default placeholder; slot13=-200 literal zero/default placeholder; slot14=-200 literal zero/default placeholder; slot15=-200 literal zero/default placeholder,-200,literal zero/default placeholder,-200,literal zero/default placeholder,-200,literal zero/default placeholder,-200,literal zero/default placeholder,-200,literal zero/default placeholder,-200,literal zero/default placeholder,-200,literal zero/default placeholder
man2l0,110004,Never the Twain Shall Meet,main_scenario,man2l011,man2l011,11000402,1,man2l0.processEvent010;man2l0.processEventTalkMenuManCutPreview,after_warp;default,direct_scene;direct_scene_after_warp,static_no_dynamic_payload,delegateEvent / no dynamic replay payload,slot9=-200 literal zero/default placeholder; slot10=-200 literal zero/default placeholder; slot11=-200 literal zero/default placeholder; slot12=-200 literal zero/default placeholder; slot13=-200 literal zero/default placeholder; slot14=-200 literal zero/default placeholder; slot15=-200 literal zero/default placeholder,-200,literal zero/default placeholder,-200,literal zero/default placeholder,-200,literal zero/default placeholder,-200,literal zero/default placeholder,-200,literal zero/default placeholder,-200,literal zero/default placeholder,-200,literal zero/default placeholder
man2l0,110004,Never the Twain Shall Meet,main_scenario,man2l012,man2l012,11000403,1,man2l0.processEvent012;man2l0.processEventTalkMenuManCutPreview,after_warp;default,direct_scene;direct_scene_after_warp,static_no_dynamic_payload,delegateEvent / no dynamic replay payload,slot9=-200 literal zero/default placeholder; slot10=-200 literal zero/default placeholder; slot11=-200 literal zero/default placeholder; slot12=-200 literal zero/default placeholder; slot13=-200 literal zero/default placeholder; slot14=-200 literal zero/default placeholder; slot15=-200 literal zero/default placeholder,-200,literal zero/default placeholder,-200,literal zero/default placeholder,-200,literal zero/default placeholder,-200,literal zero/default placeholder,-200,literal zero/default placeholder,-200,literal zero/default placeholder,-200,literal zero/default placeholder
man2l0,110004,Never the Twain Shall Meet,main_scenario,man2l013,man2l013,11000404,1,man2l0.processEvent013;man2l0.processEventTalkMenuManCutPreview,after_warp;default,direct_scene;direct_scene_after_warp,static_no_dynamic_payload,delegateEvent / no dynamic replay payload,slot9=-200 literal zero/default placeholder; slot10=-200 literal zero/default placeholder; slot11=-200 literal zero/default placeholder; slot12=-200 literal zero/default placeholder; slot13=-200 literal zero/default placeholder; slot14=-200 literal zero/default placeholder; slot15=-200 literal zero/default placeholder,-200,literal zero/default placeholder,-200,literal zero/default placeholder,-200,literal zero/default placeholder,-200,literal zero/default placeholder,-200,literal zero/default placeholder,-200,literal zero/default placeholder,-200,literal zero/default placeholder
man2l0,110004,Never the Twain Shall Meet,main_scenario,man2l020,man2l020,11000405,1,man2l0.processEvent020;man2l0.processEventTalkMenuManCutPreview,after_warp;default,direct_scene;direct_scene_after_warp,dynamic_placeholder_payload,manual replay placeholder review,slot9=-218 literal true; slot10=1 unknown replay placeholder; slot11=-200 literal zero/default placeholder; slot12=-200 literal zero/default placeholder; slot13=-200 literal zero/default placeholder; slot14=-200 literal zero/default placeholder; slot15=-200 literal zero/default placeholder,-218,literal true,1,unknown replay placeholder,-200,literal zero/default placeholder,-200,literal zero/default placeholder,-200,literal zero/default placeholder,-200,literal zero/default placeholder,-200,literal zero/default placeholder
man2l0,110004,Never the Twain Shall Meet,main_scenario,man2l020,man2l020,11000406,1,man2l0.processEvent020;man2l0.processEventTalkMenuManCutPreview,after_warp;default,direct_scene;direct_scene_after_warp,dynamic_placeholder_payload,manual replay placeholder review,slot9=-218 literal true; slot10=2 unknown replay placeholder; slot11=-200 literal zero/default placeholder; slot12=-200 literal zero/default placeholder; slot13=-200 literal zero/default placeholder; slot14=-200 literal zero/default placeholder; slot15=-200 literal zero/default placeholder,-218,literal true,2,unknown replay placeholder,-200,literal zero/default placeholder,-200,literal zero/default placeholder,-200,literal zero/default placeholder,-200,literal zero/default placeholder,-200,literal zero/default placeholder
man2l0,110004,Never the Twain Shall Meet,main_scenario,man2l030,MAN2L030,11000407,2,man2l0.processEvent020;man2l0.processEventTalkMenuManCutPreview,after_warp;default,direct_scene;direct_scene_after_warp,static_no_dynamic_payload,delegateEvent / no dynamic replay payload,slot9=-200 literal zero/default placeholder; slot10=-200 literal zero/default placeholder; slot11=-200 literal zero/default placeholder; slot12=-200 literal zero/default placeholder; slot13=-200 literal zero/default placeholder; slot14=-200 literal zero/default placeholder; slot15=-200 literal zero/default placeholder,-200,literal zero/default placeholder,-200,literal zero/default placeholder,-200,literal zero/default placeholder,-200,literal zero/default placeholder,-200,literal zero/default placeholder,-200,literal zero/default placeholder,-200,literal zero/default placeholder
man2l0,110004,Never the Twain Shall Meet,main_scenario,man2l040,man2l040,11000408,1,man2l0.processEvent020;man2l0.processEventTalkMenuManCutPreview,after_warp;default,direct_scene;direct_scene_after_warp,static_no_dynamic_payload,delegateEvent / no dynamic replay payload,slot9=-200 literal zero/default placeholder; slot10=-200 literal zero/default placeholder; slot11=-200 literal zero/default placeholder; slot12=-200 literal zero/default placeholder; slot13=-200 literal zero/default placeholder; slot14=-200 literal zero/default placeholder; slot15=-200 literal zero/default placeholder,-200,literal zero/default placeholder,-200,literal zero/default placeholder,-200,literal zero/default placeholder,-200,literal zero/default placeholder,-200,literal zero/default placeholder,-200,literal zero/default placeholder,-200,literal zero/default placeholder
man2l0,110004,Never the Twain Shall Meet,main_scenario,man2l060,man2l060,11000409,1,man2l0.processEvent060;man2l0.processEventTalkMenuManCutPreview,default,direct_scene,static_no_dynamic_payload,delegateEvent / no dynamic replay payload,slot9=-200 literal zero/default placeholder; slot10=-200 literal zero/default placeholder; slot11=-200 literal zero/default placeholder; slot12=-200 literal zero/default placeholder; slot13=-200 literal zero/default placeholder; slot14=-200 literal zero/default placeholder; slot15=-200 literal zero/default placeholder,-200,literal zero/default placeholder,-200,literal zero/default placeholder,-200,literal zero/default placeholder,-200,literal zero/default placeholder,-200,literal zero/default placeholder,-200,literal zero/default placeholder,-200,literal zero/default placeholder
man2l0,110004,Never the Twain Shall Meet,main_scenario,man2l070,man2l070,11000410,1,man2l0.processEvent070;man2l0.processEventTalkMenuManCutPreview,default,direct_scene,static_no_dynamic_payload,delegateEvent / no dynamic replay payload,slot9=-200 literal zero/default placeholder; slot10=-200 literal zero/default placeholder; slot11=-200 literal zero/default placeholder; slot12=-200 literal zero/default placeholder; slot13=-200 literal zero/default placeholder; slot14=-200 literal zero/default placeholder; slot15=-200 literal zero/default placeholder,-200,literal zero/default placeholder,-200,literal zero/default placeholder,-200,literal zero/default placeholder,-200,literal zero/default placeholder,-200,literal zero/default placeholder,-200,literal zero/default placeholder,-200,literal zero/default placeholder
man2l0,110004,Never the Twain Shall Meet,main_scenario,man2l075,man2l075,11000411,1,man2l0.processEvent075;man2l0.processEventTalkMenuManCutPreview,default,direct_scene,static_no_dynamic_payload,delegateEvent / no dynamic replay payload,slot9=-200 literal zero/default placeholder; slot10=-200 literal zero/default placeholder; slot11=-200 literal zero/default placeholder; slot12=-200 literal zero/default placeholder; slot13=-200 literal zero/default placeholder; slot14=-200 literal zero/default placeholder; slot15=-200 literal zero/default placeholder,-200,literal zero/default placeholder,-200,literal zero/default placeholder,-200,literal zero/default placeholder,-200,literal zero/default placeholder,-200,literal zero/default placeholder,-200,literal zero/default placeholder,-200,literal zero/default placeholder
man2l0,110004,Never the Twain Shall Meet,main_scenario,man2l080,man2l080,11000412,1,man2l0.processEvent080;man2l0.processEventTalkMenuManCutPreview,default,direct_scene,static_no_dynamic_payload,delegateEvent / no dynamic replay payload,slot9=-200 literal zero/default placeholder; slot10=-200 literal zero/default placeholder; slot11=-200 literal zero/default placeholder; slot12=-200 literal zero/default placeholder; slot13=-200 literal zero/default placeholder; slot14=-200 literal zero/default placeholder; slot15=-200 literal zero/default placeholder,-200,literal zero/default placeholder,-200,literal zero/default placeholder,-200,literal zero/default placeholder,-200,literal zero/default placeholder,-200,literal zero/default placeholder,-200,literal zero/default placeholder,-200,literal zero/default placeholder
man2l0,110004,Never the Twain Shall Meet,main_scenario,man2l081,man2l081,11000413,1,man2l0.processEvent081;man2l0.processEventTalkMenuManCutPreview,after_warp;default,direct_scene;direct_scene_after_warp,static_no_dynamic_payload,delegateEvent / no dynamic replay payload,slot9=-200 literal zero/default placeholder; slot10=-200 literal zero/default placeholder; slot11=-200 literal zero/default placeholder; slot12=-200 literal zero/default placeholder; slot13=-200 literal zero/default placeholder; slot14=-200 literal zero/default placeholder; slot15=-200 literal zero/default placeholder,-200,literal zero/default placeholder,-200,literal zero/default placeholder,-200,literal zero/default placeholder,-200,literal zero/default placeholder,-200,literal zero/default placeholder,-200,literal zero/default placeholder,-200,literal zero/default placeholder
man2l0,110004,Never the Twain Shall Meet,main_scenario,man2l090,MAN2L090,11000414,2,man2l0.processEvent081;man2l0.processEventTalkMenuManCutPreview,after_warp;default,direct_scene;direct_scene_after_warp,static_no_dynamic_payload,delegateEvent / no dynamic replay payload,slot9=-200 literal zero/default placeholder; slot10=-200 literal zero/default placeholder; slot11=-200 literal zero/default placeholder; slot12=-200 literal zero/default placeholder; slot13=-200 literal zero/default placeholder; slot14=-200 literal zero/default placeholder; slot15=-200 literal zero/default placeholder,-200,literal zero/default placeholder,-200,literal zero/default placeholder,-200,literal zero/default placeholder,-200,literal zero/default placeholder,-200,literal zero/default placeholder,-200,literal zero/default placeholder,-200,literal zero/default placeholder
man2l0,110004,Never the Twain Shall Meet,main_scenario,man2l100,man2l100,11000415,1,man2l0.processEvent081;man2l0.processEventTalkMenuManCutPreview,after_warp;default,direct_scene;direct_scene_after_warp,static_no_dynamic_payload,delegateEvent / no dynamic replay payload,slot9=-200 literal zero/default placeholder; slot10=-200 literal zero/default placeholder; slot11=-200 literal zero/default placeholder; slot12=-200 literal zero/default placeholder; slot13=-200 literal zero/default placeholder; slot14=-200 literal zero/default placeholder; slot15=-200 literal zero/default placeholder,-200,literal zero/default placeholder,-200,literal zero/default placeholder,-200,literal zero/default placeholder,-200,literal zero/default placeholder,-200,literal zero/default placeholder,-200,literal zero/default placeholder,-200,literal zero/default placeholder
man2l0,110004,Never the Twain Shall Meet,main_scenario,man2l110,man2l110,11000416,1,man2l0.processEvent081;man2l0.processEventTalkMenuManCutPreview,after_warp;default,direct_scene;direct_scene_after_warp,static_no_dynamic_payload,delegateEvent / no dynamic replay payload,slot9=-200 literal zero/default placeholder; slot10=-200 literal zero/default placeholder; slot11=-200 literal zero/default placeholder; slot12=-200 literal zero/default placeholder; slot13=-200 literal zero/default placeholder; slot14=-200 literal zero/default placeholder; slot15=-200 literal zero/default placeholder,-200,literal zero/default placeholder,-200,literal zero/default placeholder,-200,literal zero/default placeholder,-200,literal zero/default placeholder,-200,literal zero/default placeholder,-200,literal zero/default placeholder,-200,literal zero/default placeholder
man2u0,110012,Calamity Cometh,main_scenario,man2u000,man2u000,11001201,1,man2u0.processEvent005,after_warp,direct_scene_after_warp,static_no_dynamic_payload,delegateEvent / no dynamic replay payload,slot9=-200 literal zero/default placeholder; slot10=-200 literal zero/default placeholder; slot11=-200 literal zero/default placeholder; slot12=-200 literal zero/default placeholder; slot13=-200 literal zero/default placeholder; slot14=-200 literal zero/default placeholder; slot15=-200 literal zero/default placeholder,-200,literal zero/default placeholder,-200,literal zero/default placeholder,-200,literal zero/default placeholder,-200,literal zero/default placeholder,-200,literal zero/default placeholder,-200,literal zero/default placeholder,-200,literal zero/default placeholder
man2u0,110012,Calamity Cometh,main_scenario,man2u010,man2u010,11001202,1,man2u0.processEvent005,after_warp,direct_scene_after_warp,static_no_dynamic_payload,delegateEvent / no dynamic replay payload,slot9=-200 literal zero/default placeholder; slot10=-200 literal zero/default placeholder; slot11=-200 literal zero/default placeholder; slot12=-200 literal zero/default placeholder; slot13=-200 literal zero/default placeholder; slot14=-200 literal zero/default placeholder; slot15=-200 literal zero/default placeholder,-200,literal zero/default placeholder,-200,literal zero/default placeholder,-200,literal zero/default placeholder,-200,literal zero/default placeholder,-200,literal zero/default placeholder,-200,literal zero/default placeholder,-200,literal zero/default placeholder
man2u0,110012,Calamity Cometh,main_scenario,man2u020,MAN2U020,11001203,2,man2u0.processEvent005,after_warp,direct_scene_after_warp,static_no_dynamic_payload,delegateEvent / no dynamic replay payload,slot9=-200 literal zero/default placeholder; slot10=-200 literal zero/default placeholder; slot11=-200 literal zero/default placeholder; slot12=-200 literal zero/default placeholder; slot13=-200 literal zero/default placeholder; slot14=-200 literal zero/default placeholder; slot15=-200 literal zero/default placeholder,-200,literal zero/default placeholder,-200,literal zero/default placeholder,-200,literal zero/default placeholder,-200,literal zero/default placeholder,-200,literal zero/default placeholder,-200,literal zero/default placeholder,-200,literal zero/default placeholder
man2u0,110012,Calamity Cometh,main_scenario,man2u030,man2u030,11001204,1,man2u0.processEvent030,after_warp,direct_scene_after_warp,static_no_dynamic_payload,delegateEvent / no dynamic replay payload,slot9=-200 literal zero/default placeholder; slot10=-200 literal zero/default placeholder; slot11=-200 literal zero/default placeholder; slot12=-200 literal zero/default placeholder; slot13=-200 literal zero/default placeholder; slot14=-200 literal zero/default placeholder; slot15=-200 literal zero/default placeholder,-200,literal zero/default placeholder,-200,literal zero/default placeholder,-200,literal zero/default placeholder,-200,literal zero/default placeholder,-200,literal zero/default placeholder,-200,literal zero/default placeholder,-200,literal zero/default placeholder
man2u0,110012,Calamity Cometh,main_scenario,man2u040,man2u040,11001205,1,man2u0.processEvent040,after_warp,direct_scene_after_warp,static_no_dynamic_payload,delegateEvent / no dynamic replay payload,slot9=-200 literal zero/default placeholder; slot10=-200 literal zero/default placeholder; slot11=-200 literal zero/default placeholder; slot12=-200 literal zero/default placeholder; slot13=-200 literal zero/default placeholder; slot14=-200 literal zero/default placeholder; slot15=-200 literal zero/default placeholder,-200,literal zero/default placeholder,-200,literal zero/default placeholder,-200,literal zero/default placeholder,-200,literal zero/default placeholder,-200,literal zero/default placeholder,-200,literal zero/default placeholder,-200,literal zero/default placeholder
man2u0,110012,Calamity Cometh,main_scenario,man2u050,man2u050,11001206,1,man2u0.processEvent050,after_warp,direct_scene_after_warp,static_no_dynamic_payload,delegateEvent / no dynamic replay payload,slot9=-200 literal zero/default placeholder; slot10=-200 literal zero/default placeholder; slot11=-200 literal zero/default placeholder; slot12=-200 literal zero/default placeholder; slot13=-200 literal zero/default placeholder; slot14=-200 literal zero/default placeholder; slot15=-200 literal zero/default placeholder,-200,literal zero/default placeholder,-200,literal zero/default placeholder,-200,literal zero/default placeholder,-200,literal zero/default placeholder,-200,literal zero/default placeholder,-200,literal zero/default placeholder,-200,literal zero/default placeholder
man2u0,110012,Calamity Cometh,main_scenario,man2u060,man2u060,11001207,1,man2u0.processEvent060,default,direct_scene,static_no_dynamic_payload,delegateEvent / no dynamic replay payload,slot9=-200 literal zero/default placeholder; slot10=-200 literal zero/default placeholder; slot11=-200 literal zero/default placeholder; slot12=-200 literal zero/default placeholder; slot13=-200 literal zero/default placeholder; slot14=-200 literal zero/default placeholder; slot15=-200 literal zero/default placeholder,-200,literal zero/default placeholder,-200,literal zero/default placeholder,-200,literal zero/default placeholder,-200,literal zero/default placeholder,-200,literal zero/default placeholder,-200,literal zero/default placeholder,-200,literal zero/default placeholder
man2u0,110012,Calamity Cometh,main_scenario,man2u070,man2u070,11001208,1,man2u0.processEvent070,default,direct_scene,static_no_dynamic_payload,delegateEvent / no dynamic replay payload,slot9=-200 literal zero/default placeholder; slot10=-200 literal zero/default placeholder; slot11=-200 literal zero/default placeholder; slot12=-200 literal zero/default placeholder; slot13=-200 literal zero/default placeholder; slot14=-200 literal zero/default placeholder; slot15=-200 literal zero/default placeholder,-200,literal zero/default placeholder,-200,literal zero/default placeholder,-200,literal zero/default placeholder,-200,literal zero/default placeholder,-200,literal zero/default placeholder,-200,literal zero/default placeholder,-200,literal zero/default placeholder
man2u0,110012,Calamity Cometh,main_scenario,man2u080,man2u080,11001209,1,man2u0.processEvent080,after_warp,direct_scene_after_warp,static_no_dynamic_payload,delegateEvent / no dynamic replay payload,slot9=-200 literal zero/default placeholder; slot10=-200 literal zero/default placeholder; slot11=-200 literal zero/default placeholder; slot12=-200 literal zero/default placeholder; slot13=-200 literal zero/default placeholder; slot14=-200 literal zero/default placeholder; slot15=-200 literal zero/default placeholder,-200,literal zero/default placeholder,-200,literal zero/default placeholder,-200,literal zero/default placeholder,-200,literal zero/default placeholder,-200,literal zero/default placeholder,-200,literal zero/default placeholder,-200,literal zero/default placeholder
man2u0,110012,Calamity Cometh,main_scenario,man2u085,man2u085,11001210,1,man2u0.processEvent085,after_warp,direct_scene_after_warp,static_no_dynamic_payload,delegateEvent / no dynamic replay payload,slot9=-200 literal zero/default placeholder; slot10=-200 literal zero/default placeholder; slot11=-200 literal zero/default placeholder; slot12=-200 literal zero/default placeholder; slot13=-200 literal zero/default placeholder; slot14=-200 literal zero/default placeholder; slot15=-200 literal zero/default placeholder,-200,literal zero/default placeholder,-200,literal zero/default placeholder,-200,literal zero/default placeholder,-200,literal zero/default placeholder,-200,literal zero/default placeholder,-200,literal zero/default placeholder,-200,literal zero/default placeholder
man2u0,110012,Calamity Cometh,main_scenario,man2u090,MAN2U090,11001211,2,man2u0.processEvent085,after_warp,direct_scene_after_warp,static_no_dynamic_payload,delegateEvent / no dynamic replay payload,slot9=-200 literal zero/default placeholder; slot10=-200 literal zero/default placeholder; slot11=-200 literal zero/default placeholder; slot12=-200 literal zero/default placeholder; slot13=-200 literal zero/default placeholder; slot14=-200 literal zero/default placeholder; slot15=-200 literal zero/default placeholder,-200,literal zero/default placeholder,-200,literal zero/default placeholder,-200,literal zero/default placeholder,-200,literal zero/default placeholder,-200,literal zero/default placeholder,-200,literal zero/default placeholder,-200,literal zero/default placeholder
man2u0,110012,Calamity Cometh,main_scenario,man2u100,man2u100,11001212,1,man2u0.processEvent085,after_warp,direct_scene_after_warp,static_no_dynamic_payload,delegateEvent / no dynamic replay payload,slot9=-200 literal zero/default placeholder; slot10=-200 literal zero/default placeholder; slot11=-200 literal zero/default placeholder; slot12=-200 literal zero/default placeholder; slot13=-200 literal zero/default placeholder; slot14=-200 literal zero/default placeholder; slot15=-200 literal zero/default placeholder,-200,literal zero/default placeholder,-200,literal zero/default placeholder,-200,literal zero/default placeholder,-200,literal zero/default placeholder,-200,literal zero/default placeholder,-200,literal zero/default placeholder,-200,literal zero/default placeholder
man2u0,110012,Calamity Cometh,main_scenario,man2u110,man2u110,11001213,1,man2u0.processEvent085,after_warp,direct_scene_after_warp,static_no_dynamic_payload,delegateEvent / no dynamic replay payload,slot9=-200 literal zero/default placeholder; slot10=-200 literal zero/default placeholder; slot11=-200 literal zero/default placeholder; slot12=-200 literal zero/default placeholder; slot13=-200 literal zero/default placeholder; slot14=-200 literal zero/default placeholder; slot15=-200 literal zero/default placeholder,-200,literal zero/default placeholder,-200,literal zero/default placeholder,-200,literal zero/default placeholder,-200,literal zero/default placeholder,-200,literal zero/default placeholder,-200,literal zero/default placeholder,-200,literal zero/default placeholder
man300,110015,Toll of the Warden,main_scenario,man30000,man30000,11001501,1,man300.processEvent000,after_warp,direct_scene_after_warp,static_no_dynamic_payload,delegateEvent / no dynamic replay payload,slot9=-200 literal zero/default placeholder; slot10=-200 literal zero/default placeholder; slot11=-200 literal zero/default placeholder; slot12=-200 literal zero/default placeholder; slot13=-200 literal zero/default placeholder; slot14=-200 literal zero/default placeholder; slot15=-200 literal zero/default placeholder,-200,literal zero/default placeholder,-200,literal zero/default placeholder,-200,literal zero/default placeholder,-200,literal zero/default placeholder,-200,literal zero/default placeholder,-200,literal zero/default placeholder,-200,literal zero/default placeholder
man300,110015,Toll of the Warden,main_scenario,man30010,man30010,11001502,1,man300.processEvent010,after_warp,direct_scene_after_warp,static_no_dynamic_payload,delegateEvent / no dynamic replay payload,slot9=-200 literal zero/default placeholder; slot10=-200 literal zero/default placeholder; slot11=-200 literal zero/default placeholder; slot12=-200 literal zero/default placeholder; slot13=-200 literal zero/default placeholder; slot14=-200 literal zero/default placeholder; slot15=-200 literal zero/default placeholder,-200,literal zero/default placeholder,-200,literal zero/default placeholder,-200,literal zero/default placeholder,-200,literal zero/default placeholder,-200,literal zero/default placeholder,-200,literal zero/default placeholder,-200,literal zero/default placeholder
man300,110015,Toll of the Warden,main_scenario,man30020,man30020,11001503,1,man300.pE20,after_warp,direct_scene_after_warp,snpc_raw_tuple,getSnpcReplayArgList / getSnpcDelegateArgList,slot9=-201 SNPC nickname; slot10=-202 SNPC raw skin; slot11=-203 SNPC personality; slot12=-204 SNPC coordinate; slot13=-205 player initial town; slot14=-200 literal zero/default placeholder; slot15=-200 literal zero/default placeholder,-201,SNPC nickname,-202,SNPC raw skin,-203,SNPC personality,-204,SNPC coordinate,-205,player initial town,-200,literal zero/default placeholder,-200,literal zero/default placeholder
man300,110015,Toll of the Warden,main_scenario,man30030,man30030,11001504,1,man300.pE30,branch_or_mixed_default_and_after_warp,direct_scene_after_warp,snpc_raw_tuple,getSnpcReplayArgList / getSnpcDelegateArgList,slot9=-201 SNPC nickname; slot10=-202 SNPC raw skin; slot11=-203 SNPC personality; slot12=-204 SNPC coordinate; slot13=-205 player initial town; slot14=-200 literal zero/default placeholder; slot15=-200 literal zero/default placeholder,-201,SNPC nickname,-202,SNPC raw skin,-203,SNPC personality,-204,SNPC coordinate,-205,player initial town,-200,literal zero/default placeholder,-200,literal zero/default placeholder
man300,110015,Toll of the Warden,main_scenario,man30040,man30040,11001505,1,man300.pE40,default,direct_scene,snpc_raw_tuple,getSnpcReplayArgList / getSnpcDelegateArgList,slot9=-201 SNPC nickname; slot10=-202 SNPC raw skin; slot11=-203 SNPC personality; slot12=-204 SNPC coordinate; slot13=-205 player initial town; slot14=-200 literal zero/default placeholder; slot15=-200 literal zero/default placeholder,-201,SNPC nickname,-202,SNPC raw skin,-203,SNPC personality,-204,SNPC coordinate,-205,player initial town,-200,literal zero/default placeholder,-200,literal zero/default placeholder
man300,110015,Toll of the Warden,main_scenario,man30050,man30050,11001506,1,man300.pE50,after_warp,direct_scene_after_warp,snpc_raw_tuple,getSnpcReplayArgList / getSnpcDelegateArgList,slot9=-201 SNPC nickname; slot10=-202 SNPC raw skin; slot11=-203 SNPC personality; slot12=-204 SNPC coordinate; slot13=-205 player initial town; slot14=10 unknown replay placeholder; slot15=-200 literal zero/default placeholder,-201,SNPC nickname,-202,SNPC raw skin,-203,SNPC personality,-204,SNPC coordinate,-205,player initial town,10,unknown replay placeholder,-200,literal zero/default placeholder
man300,110015,Toll of the Warden,main_scenario,man30060,man30060,11001507,1,man300.pE60,after_warp,direct_scene_after_warp,snpc_raw_tuple,getSnpcReplayArgList / getSnpcDelegateArgList,slot9=-201 SNPC nickname; slot10=-202 SNPC raw skin; slot11=-203 SNPC personality; slot12=-204 SNPC coordinate; slot13=-205 player initial town; slot14=-200 literal zero/default placeholder; slot15=-200 literal zero/default placeholder,-201,SNPC nickname,-202,SNPC raw skin,-203,SNPC personality,-204,SNPC coordinate,-205,player initial town,-200,literal zero/default placeholder,-200,literal zero/default placeholder
man304,110016,Forever Taken,main_scenario,man30400,man30400,11001601,1,man304.pES,default,direct_scene,snpc_raw_tuple,getSnpcReplayArgList / getSnpcDelegateArgList,slot9=-201 SNPC nickname; slot10=-202 SNPC raw skin; slot11=-203 SNPC personality; slot12=-204 SNPC coordinate; slot13=-205 player initial town; slot14=-214 SNPC skin remapped to grouped skin/body selector; slot15=5 unknown replay placeholder,-201,SNPC nickname,-202,SNPC raw skin,-203,SNPC personality,-204,SNPC coordinate,-205,player initial town,-214,SNPC skin remapped to grouped skin/body selector,5,unknown replay placeholder
man304,110016,Forever Taken,main_scenario,man30410,man30410,11001602,1,man304.pE10,default,direct_scene,snpc_raw_tuple,getSnpcReplayArgList / getSnpcDelegateArgList,slot9=-201 SNPC nickname; slot10=-202 SNPC raw skin; slot11=-203 SNPC personality; slot12=-204 SNPC coordinate; slot13=-205 player initial town; slot14=-200 literal zero/default placeholder; slot15=-200 literal zero/default placeholder,-201,SNPC nickname,-202,SNPC raw skin,-203,SNPC personality,-204,SNPC coordinate,-205,player initial town,-200,literal zero/default placeholder,-200,literal zero/default placeholder
man304,110016,Forever Taken,main_scenario,man30420,man30420,11001603,1,man304.pE20,after_warp,direct_scene_after_warp,snpc_raw_tuple,getSnpcReplayArgList / getSnpcDelegateArgList,slot9=-201 SNPC nickname; slot10=-202 SNPC raw skin; slot11=-203 SNPC personality; slot12=-204 SNPC coordinate; slot13=-205 player initial town; slot14=-200 literal zero/default placeholder; slot15=-200 literal zero/default placeholder,-201,SNPC nickname,-202,SNPC raw skin,-203,SNPC personality,-204,SNPC coordinate,-205,player initial town,-200,literal zero/default placeholder,-200,literal zero/default placeholder
man304,110016,Forever Taken,main_scenario,man30430,man30430,11001604,1,man304.pE30,after_warp,direct_scene_after_warp,snpc_raw_tuple,getSnpcReplayArgList / getSnpcDelegateArgList,slot9=-201 SNPC nickname; slot10=-202 SNPC raw skin; slot11=-203 SNPC personality; slot12=-204 SNPC coordinate; slot13=-205 player initial town; slot14=-200 literal zero/default placeholder; slot15=-200 literal zero/default placeholder,-201,SNPC nickname,-202,SNPC raw skin,-203,SNPC personality,-204,SNPC coordinate,-205,player initial town,-200,literal zero/default placeholder,-200,literal zero/default placeholder
man308,110017,Lord Errant,main_scenario,man30800,man30800,11001701,1,man308.pE01,default,direct_scene,snpc_raw_tuple,getSnpcReplayArgList / getSnpcDelegateArgList,slot9=-201 SNPC nickname; slot10=-202 SNPC raw skin; slot11=-203 SNPC personality; slot12=-204 SNPC coordinate; slot13=-205 player initial town; slot14=-200 literal zero/default placeholder; slot15=-200 literal zero/default placeholder,-201,SNPC nickname,-202,SNPC raw skin,-203,SNPC personality,-204,SNPC coordinate,-205,player initial town,-200,literal zero/default placeholder,-200,literal zero/default placeholder
man308,110017,Lord Errant,main_scenario,man30810,man30810,11001702,1,man308.pE10,branch_or_mixed_default_and_after_warp,direct_scene_after_warp,snpc_raw_tuple,getSnpcReplayArgList / getSnpcDelegateArgList,slot9=-201 SNPC nickname; slot10=-202 SNPC raw skin; slot11=-203 SNPC personality; slot12=-204 SNPC coordinate; slot13=-205 player initial town; slot14=-200 literal zero/default placeholder; slot15=-200 literal zero/default placeholder,-201,SNPC nickname,-202,SNPC raw skin,-203,SNPC personality,-204,SNPC coordinate,-205,player initial town,-200,literal zero/default placeholder,-200,literal zero/default placeholder
man308,110017,Lord Errant,main_scenario,man30830,man30830,11001703,1,man308.pE30,after_warp,direct_scene_after_warp,snpc_raw_tuple,getSnpcReplayArgList / getSnpcDelegateArgList,slot9=-201 SNPC nickname; slot10=-202 SNPC raw skin; slot11=-203 SNPC personality; slot12=-204 SNPC coordinate; slot13=-205 player initial town; slot14=-200 literal zero/default placeholder; slot15=-200 literal zero/default placeholder,-201,SNPC nickname,-202,SNPC raw skin,-203,SNPC personality,-204,SNPC coordinate,-205,player initial town,-200,literal zero/default placeholder,-200,literal zero/default placeholder
man308,110017,Lord Errant,main_scenario,man40640,man40640,11001704,2,man308.pE50,branch_or_mixed_default_and_after_warp,direct_scene_after_warp,static_no_dynamic_payload,delegateEvent / no dynamic replay payload,slot9=-200 literal zero/default placeholder; slot10=-200 literal zero/default placeholder; slot11=-200 literal zero/default placeholder; slot12=-200 literal zero/default placeholder; slot13=-200 literal zero/default placeholder; slot14=-200 literal zero/default placeholder; slot15=-200 literal zero/default placeholder,-200,literal zero/default placeholder,-200,literal zero/default placeholder,-200,literal zero/default placeholder,-200,literal zero/default placeholder,-200,literal zero/default placeholder,-200,literal zero/default placeholder,-200,literal zero/default placeholder
man308,110017,Lord Errant,main_scenario,man30850,man30850,11001705,1,man308.pE50,branch_or_mixed_default_and_after_warp,direct_scene_after_warp,snpc_raw_tuple,getSnpcReplayArgList / getSnpcDelegateArgList,slot9=-201 SNPC nickname; slot10=-202 SNPC raw skin; slot11=-203 SNPC personality; slot12=-204 SNPC coordinate; slot13=-205 player initial town; slot14=-200 literal zero/default placeholder; slot15=-200 literal zero/default placeholder,-201,SNPC nickname,-202,SNPC raw skin,-203,SNPC personality,-204,SNPC coordinate,-205,player initial town,-200,literal zero/default placeholder,-200,literal zero/default placeholder
man308,110017,Lord Errant,main_scenario,man30860,man30860,11001706,1,man308.pE60,default,direct_scene,snpc_raw_tuple,getSnpcReplayArgList / getSnpcDelegateArgList,slot9=-201 SNPC nickname; slot10=-202 SNPC raw skin; slot11=-203 SNPC personality; slot12=-204 SNPC coordinate; slot13=-205 player initial town; slot14=-200 literal zero/default placeholder; slot15=-200 literal zero/default placeholder,-201,SNPC nickname,-202,SNPC raw skin,-203,SNPC personality,-204,SNPC coordinate,-205,player initial town,-200,literal zero/default placeholder,-200,literal zero/default placeholder
man308,110017,Lord Errant,main_scenario,man30880,man30880,11001707,1,man308.pE80,default,direct_scene,snpc_raw_tuple,getSnpcReplayArgList / getSnpcDelegateArgList,slot9=-201 SNPC nickname; slot10=-202 SNPC raw skin; slot11=-203 SNPC personality; slot12=-204 SNPC coordinate; slot13=-205 player initial town; slot14=-200 literal zero/default placeholder; slot15=-200 literal zero/default placeholder,-201,SNPC nickname,-202,SNPC raw skin,-203,SNPC personality,-204,SNPC coordinate,-205,player initial town,-200,literal zero/default placeholder,-200,literal zero/default placeholder
man308,110017,Lord Errant,main_scenario,man30890,man30890,11001708,1,man308.pE80;man308.processEvent090,default,direct_scene,snpc_raw_tuple,getSnpcReplayArgList / getSnpcDelegateArgList,slot9=-201 SNPC nickname; slot10=-202 SNPC raw skin; slot11=-203 SNPC personality; slot12=-204 SNPC coordinate; slot13=-205 player initial town; slot14=-200 literal zero/default placeholder; slot15=-200 literal zero/default placeholder,-201,SNPC nickname,-202,SNPC raw skin,-203,SNPC personality,-204,SNPC coordinate,-205,player initial town,-200,literal zero/default placeholder,-200,literal zero/default placeholder
man308,110017,Lord Errant,main_scenario,man30900,man30900,11001709,1,man308.pE90,after_warp,direct_scene_after_warp,snpc_raw_tuple,getSnpcReplayArgList / getSnpcDelegateArgList,slot9=-201 SNPC nickname; slot10=-202 SNPC raw skin; slot11=-203 SNPC personality; slot12=-204 SNPC coordinate; slot13=-205 player initial town; slot14=-200 literal zero/default placeholder; slot15=-200 literal zero/default placeholder,-201,SNPC nickname,-202,SNPC raw skin,-203,SNPC personality,-204,SNPC coordinate,-205,player initial town,-200,literal zero/default placeholder,-200,literal zero/default placeholder
man402,110018,Of Men They Sing,main_scenario,man40200,man40200,11001801,1,man402.pES,default,direct_scene,snpc_raw_tuple_plus_sexuality_skin,getSnpcReplayArgListWithSexualitySkin,slot9=-201 SNPC nickname; slot10=-202 SNPC raw skin; slot11=-203 SNPC personality; slot12=-204 SNPC coordinate; slot13=-205 player initial town; slot14=-217 SNPC personality remapped through getSnpcSexualityToSkin; slot15=-200 literal zero/default placeholder,-201,SNPC nickname,-202,SNPC raw skin,-203,SNPC personality,-204,SNPC coordinate,-205,player initial town,-217,SNPC personality remapped through getSnpcSexualityToSkin,-200,literal zero/default placeholder
man402,110018,Of Men They Sing,main_scenario,man40210,man40210,11001802,1,man402.pE10,default,direct_scene,snpc_raw_tuple,getSnpcReplayArgList / getSnpcDelegateArgList,slot9=-201 SNPC nickname; slot10=-202 SNPC raw skin; slot11=-203 SNPC personality; slot12=-204 SNPC coordinate; slot13=-205 player initial town; slot14=1 unknown replay placeholder; slot15=1 unknown replay placeholder,-201,SNPC nickname,-202,SNPC raw skin,-203,SNPC personality,-204,SNPC coordinate,-205,player initial town,1,unknown replay placeholder,1,unknown replay placeholder
man402,110018,Of Men They Sing,main_scenario,man40220,man40220,11001803,1,man402.pE20,default,direct_scene,snpc_raw_tuple,getSnpcReplayArgList / getSnpcDelegateArgList,slot9=-201 SNPC nickname; slot10=-202 SNPC raw skin; slot11=-203 SNPC personality; slot12=-204 SNPC coordinate; slot13=-205 player initial town; slot14=-200 literal zero/default placeholder; slot15=-200 literal zero/default placeholder,-201,SNPC nickname,-202,SNPC raw skin,-203,SNPC personality,-204,SNPC coordinate,-205,player initial town,-200,literal zero/default placeholder,-200,literal zero/default placeholder
man402,110018,Of Men They Sing,main_scenario,man40230,man40230,11001804,1,man402.pE30,after_warp,direct_scene_after_warp,snpc_raw_tuple,getSnpcReplayArgList / getSnpcDelegateArgList,slot9=-201 SNPC nickname; slot10=-202 SNPC raw skin; slot11=-203 SNPC personality; slot12=-204 SNPC coordinate; slot13=-205 player initial town; slot14=-200 literal zero/default placeholder; slot15=-200 literal zero/default placeholder,-201,SNPC nickname,-202,SNPC raw skin,-203,SNPC personality,-204,SNPC coordinate,-205,player initial town,-200,literal zero/default placeholder,-200,literal zero/default placeholder
man406,110019,Futures Perfect,main_scenario,man40600,man40600,11001901,1,man406.pES,branch_or_mixed_default_and_after_warp,direct_scene_after_warp,snpc_raw_tuple,getSnpcReplayArgList / getSnpcDelegateArgList,slot9=-201 SNPC nickname; slot10=-202 SNPC raw skin; slot11=-203 SNPC personality; slot12=-204 SNPC coordinate; slot13=-205 player initial town; slot14=-200 literal zero/default placeholder; slot15=-200 literal zero/default placeholder,-201,SNPC nickname,-202,SNPC raw skin,-203,SNPC personality,-204,SNPC coordinate,-205,player initial town,-200,literal zero/default placeholder,-200,literal zero/default placeholder
man406,110019,Futures Perfect,main_scenario,man40610,man40610,11001902,1,man406.pE10,default,direct_scene,snpc_raw_tuple,getSnpcReplayArgList / getSnpcDelegateArgList,slot9=-201 SNPC nickname; slot10=-202 SNPC raw skin; slot11=-203 SNPC personality; slot12=-204 SNPC coordinate; slot13=-205 player initial town; slot14=-200 literal zero/default placeholder; slot15=-200 literal zero/default placeholder,-201,SNPC nickname,-202,SNPC raw skin,-203,SNPC personality,-204,SNPC coordinate,-205,player initial town,-200,literal zero/default placeholder,-200,literal zero/default placeholder
man406,110019,Futures Perfect,main_scenario,man40615,man40615,11001903,1,man406.pE15,after_warp,direct_scene_after_warp,snpc_raw_tuple,getSnpcReplayArgList / getSnpcDelegateArgList,slot9=-201 SNPC nickname; slot10=-202 SNPC raw skin; slot11=-203 SNPC personality; slot12=-204 SNPC coordinate; slot13=-205 player initial town; slot14=-200 literal zero/default placeholder; slot15=-200 literal zero/default placeholder,-201,SNPC nickname,-202,SNPC raw skin,-203,SNPC personality,-204,SNPC coordinate,-205,player initial town,-200,literal zero/default placeholder,-200,literal zero/default placeholder
man406,110019,Futures Perfect,main_scenario,man40620,man40620,11001904,1,man406.processEvent020,branch_or_mixed_default_and_after_warp,direct_scene_after_warp,static_no_dynamic_payload,delegateEvent / no dynamic replay payload,slot9=-200 literal zero/default placeholder; slot10=-200 literal zero/default placeholder; slot11=-200 literal zero/default placeholder; slot12=-200 literal zero/default placeholder; slot13=-200 literal zero/default placeholder; slot14=-200 literal zero/default placeholder; slot15=-200 literal zero/default placeholder,-200,literal zero/default placeholder,-200,literal zero/default placeholder,-200,literal zero/default placeholder,-200,literal zero/default placeholder,-200,literal zero/default placeholder,-200,literal zero/default placeholder,-200,literal zero/default placeholder
man406,110019,Futures Perfect,main_scenario,man40625,MAN40625,11001905,1,man406.processEvent025,default,direct_scene,static_no_dynamic_payload,delegateEvent / no dynamic replay payload,slot9=-200 literal zero/default placeholder; slot10=-200 literal zero/default placeholder; slot11=-200 literal zero/default placeholder; slot12=-200 literal zero/default placeholder; slot13=-200 literal zero/default placeholder; slot14=-200 literal zero/default placeholder; slot15=-200 literal zero/default placeholder,-200,literal zero/default placeholder,-200,literal zero/default placeholder,-200,literal zero/default placeholder,-200,literal zero/default placeholder,-200,literal zero/default placeholder,-200,literal zero/default placeholder,-200,literal zero/default placeholder
man406,110019,Futures Perfect,main_scenario,man40630,man40630,11001906,1,man406.pE30,after_warp,direct_scene_after_warp,snpc_raw_tuple,getSnpcReplayArgList / getSnpcDelegateArgList,slot9=-201 SNPC nickname; slot10=-202 SNPC raw skin; slot11=-203 SNPC personality; slot12=-204 SNPC coordinate; slot13=-205 player initial town; slot14=-200 literal zero/default placeholder; slot15=-200 literal zero/default placeholder,-201,SNPC nickname,-202,SNPC raw skin,-203,SNPC personality,-204,SNPC coordinate,-205,player initial town,-200,literal zero/default placeholder,-200,literal zero/default placeholder
man406,110019,Futures Perfect,main_scenario,man40635,man40635,11001907,2,man406.pE30,after_warp,direct_scene_after_warp,snpc_raw_tuple,getSnpcReplayArgList / getSnpcDelegateArgList,slot9=-201 SNPC nickname; slot10=-202 SNPC raw skin; slot11=-203 SNPC personality; slot12=-204 SNPC coordinate; slot13=-205 player initial town; slot14=-200 literal zero/default placeholder; slot15=-200 literal zero/default placeholder,-201,SNPC nickname,-202,SNPC raw skin,-203,SNPC personality,-204,SNPC coordinate,-205,player initial town,-200,literal zero/default placeholder,-200,literal zero/default placeholder
man406,110019,Futures Perfect,main_scenario,man40650,man40650,11001908,1,man406.pE50,after_warp,direct_scene_after_warp,snpc_raw_tuple_plus_initial_town_extra,"getSnpcDelegateArgListWithExtras(player, helpers.getInitialTown(player))",slot9=-201 SNPC nickname; slot10=-202 SNPC raw skin; slot11=-203 SNPC personality; slot12=-204 SNPC coordinate; slot13=-205 player initial town; slot14=-205 player initial town; slot15=-200 literal zero/default placeholder,-201,SNPC nickname,-202,SNPC raw skin,-203,SNPC personality,-204,SNPC coordinate,-205,player initial town,-205,player initial town,-200,literal zero/default placeholder
man406,110019,Futures Perfect,main_scenario,man40660,man40660,11001909,1,man406.pE60,after_warp,direct_scene_after_warp,snpc_raw_tuple_plus_sexuality_skin,getSnpcReplayArgListWithSexualitySkin,slot9=-201 SNPC nickname; slot10=-202 SNPC raw skin; slot11=-203 SNPC personality; slot12=-204 SNPC coordinate; slot13=-205 player initial town; slot14=-217 SNPC personality remapped through getSnpcSexualityToSkin; slot15=-200 literal zero/default placeholder,-201,SNPC nickname,-202,SNPC raw skin,-203,SNPC personality,-204,SNPC coordinate,-205,player initial town,-217,SNPC personality remapped through getSnpcSexualityToSkin,-200,literal zero/default placeholder
spl0i4,110802,Gone with the Snow,seasonal,spl0i410,spl0i410,11080201,1,spl0i4.processEventNQ,default,direct_scene,static_no_dynamic_payload,delegateEvent / no dynamic replay payload,slot9=-200 literal zero/default placeholder; slot10=-200 literal zero/default placeholder; slot11=-200 literal zero/default placeholder; slot12=-200 literal zero/default placeholder; slot13=-200 literal zero/default placeholder; slot14=-200 literal zero/default placeholder; slot15=-200 literal zero/default placeholder,-200,literal zero/default placeholder,-200,literal zero/default placeholder,-200,literal zero/default placeholder,-200,literal zero/default placeholder,-200,literal zero/default placeholder,-200,literal zero/default placeholder,-200,literal zero/default placeholder
etc304,110869,Living on a Prayer,side_special_misc,gc010810,gc010810,11086901,1,etc304.processEventStart,default,direct_scene,dynamic_placeholder_payload,manual replay placeholder review,slot9=-200 literal zero/default placeholder; slot10=15 unknown replay placeholder; slot11=-200 literal zero/default placeholder; slot12=-200 literal zero/default placeholder; slot13=-200 literal zero/default placeholder; slot14=-200 literal zero/default placeholder; slot15=-200 literal zero/default placeholder,-200,literal zero/default placeholder,15,unknown replay placeholder,-200,literal zero/default placeholder,-200,literal zero/default placeholder,-200,literal zero/default placeholder,-200,literal zero/default placeholder,-200,literal zero/default placeholder
etc304,110869,Living on a Prayer,side_special_misc,gc010820,gc010820,11086902,1,etc304.processEventPray,default,direct_scene,static_no_dynamic_payload,delegateEvent / no dynamic replay payload,slot9=-200 literal zero/default placeholder; slot10=-200 literal zero/default placeholder; slot11=-200 literal zero/default placeholder; slot12=-200 literal zero/default placeholder; slot13=-200 literal zero/default placeholder; slot14=-200 literal zero/default placeholder; slot15=-200 literal zero/default placeholder,-200,literal zero/default placeholder,-200,literal zero/default placeholder,-200,literal zero/default placeholder,-200,literal zero/default placeholder,-200,literal zero/default placeholder,-200,literal zero/default placeholder,-200,literal zero/default placeholder
etc304,110869,Living on a Prayer,side_special_misc,gc010830,gc010830,11086903,1,etc304.processEventPray,default,direct_scene,static_no_dynamic_payload,delegateEvent / no dynamic replay payload,slot9=-200 literal zero/default placeholder; slot10=-200 literal zero/default placeholder; slot11=-200 literal zero/default placeholder; slot12=-200 literal zero/default placeholder; slot13=-200 literal zero/default placeholder; slot14=-200 literal zero/default placeholder; slot15=-200 literal zero/default placeholder,-200,literal zero/default placeholder,-200,literal zero/default placeholder,-200,literal zero/default placeholder,-200,literal zero/default placeholder,-200,literal zero/default placeholder,-200,literal zero/default placeholder,-200,literal zero/default placeholder
etc304,110869,Living on a Prayer,side_special_misc,gc010850,gc010850,11086904,1,etc304.processEventPray,default,direct_scene,dynamic_placeholder_payload,manual replay placeholder review,"slot9=-200 literal zero/default placeholder; slot10=-221 player Grand Company, defaulting zero to one; slot11=-200 literal zero/default placeholder; slot12=-200 literal zero/default placeholder; slot13=-200 literal zero/default placeholder; slot14=-200 literal zero/default placeholder; slot15=-200 literal zero/default placeholder",-200,literal zero/default placeholder,-221,"player Grand Company, defaulting zero to one",-200,literal zero/default placeholder,-200,literal zero/default placeholder,-200,literal zero/default placeholder,-200,literal zero/default placeholder,-200,literal zero/default placeholder
etc304,110869,Living on a Prayer,side_special_misc,gc010840,gc010840,11086905,1,etc304.processEventPray,default,direct_scene,static_no_dynamic_payload,delegateEvent / no dynamic replay payload,slot9=-200 literal zero/default placeholder; slot10=-200 literal zero/default placeholder; slot11=-200 literal zero/default placeholder; slot12=-200 literal zero/default placeholder; slot13=-200 literal zero/default placeholder; slot14=-200 literal zero/default placeholder; slot15=-200 literal zero/default placeholder,-200,literal zero/default placeholder,-200,literal zero/default placeholder,-200,literal zero/default placeholder,-200,literal zero/default placeholder,-200,literal zero/default placeholder,-200,literal zero/default placeholder,-200,literal zero/default placeholder
etc304,110869,Living on a Prayer,side_special_misc,gc010860,gc010860,11086906,1,etc304.processEventPray,default,direct_scene,static_no_dynamic_payload,delegateEvent / no dynamic replay payload,slot9=-200 literal zero/default placeholder; slot10=-200 literal zero/default placeholder; slot11=-200 literal zero/default placeholder; slot12=-200 literal zero/default placeholder; slot13=-200 literal zero/default placeholder; slot14=-200 literal zero/default placeholder; slot15=-200 literal zero/default placeholder,-200,literal zero/default placeholder,-200,literal zero/default placeholder,-200,literal zero/default placeholder,-200,literal zero/default placeholder,-200,literal zero/default placeholder,-200,literal zero/default placeholder,-200,literal zero/default placeholder
etc3g2,110736,Disorganized Crime,side_special_misc,etc3g210,etc3g210,11073601,1,etc3g2.processEvent_020,after_warp,direct_scene_after_warp,static_no_dynamic_payload,delegateEvent / no dynamic replay payload,slot9=-200 literal zero/default placeholder; slot10=-200 literal zero/default placeholder; slot11=-200 literal zero/default placeholder; slot12=-200 literal zero/default placeholder; slot13=-200 literal zero/default placeholder; slot14=-200 literal zero/default placeholder; slot15=-200 literal zero/default placeholder,-200,literal zero/default placeholder,-200,literal zero/default placeholder,-200,literal zero/default placeholder,-200,literal zero/default placeholder,-200,literal zero/default placeholder,-200,literal zero/default placeholder,-200,literal zero/default placeholder
etc3l2,110745,Shot Through the Heart,side_special_misc,etc3l210,etc3l210,11074501,1,etc3l2.processEvent010_3,after_warp,direct_scene_after_warp,static_no_dynamic_payload,delegateEvent / no dynamic replay payload,slot9=-200 literal zero/default placeholder; slot10=-200 literal zero/default placeholder; slot11=-200 literal zero/default placeholder; slot12=-200 literal zero/default placeholder; slot13=-200 literal zero/default placeholder; slot14=-200 literal zero/default placeholder; slot15=-200 literal zero/default placeholder,-200,literal zero/default placeholder,-200,literal zero/default placeholder,-200,literal zero/default placeholder,-200,literal zero/default placeholder,-200,literal zero/default placeholder,-200,literal zero/default placeholder,-200,literal zero/default placeholder
etc3u2,110727,There Might Be Blood,side_special_misc,etc3u210,etc3u210,11072701,1,etc3u2.processEventNqetc3u2,default,direct_scene,static_no_dynamic_payload,delegateEvent / no dynamic replay payload,slot9=-200 literal zero/default placeholder; slot10=-200 literal zero/default placeholder; slot11=-200 literal zero/default placeholder; slot12=-200 literal zero/default placeholder; slot13=-200 literal zero/default placeholder; slot14=-200 literal zero/default placeholder; slot15=-200 literal zero/default placeholder,-200,literal zero/default placeholder,-200,literal zero/default placeholder,-200,literal zero/default placeholder,-200,literal zero/default placeholder,-200,literal zero/default placeholder,-200,literal zero/default placeholder,-200,literal zero/default placeholder
etc5g0,110828,Waste Not Want Not,side_special_misc,etc5g010,etc5g010,11082801,1,etc5g0.processEvent_020,default,direct_scene,static_no_dynamic_payload,delegateEvent / no dynamic replay payload,slot9=-200 literal zero/default placeholder; slot10=-200 literal zero/default placeholder; slot11=-200 literal zero/default placeholder; slot12=-200 literal zero/default placeholder; slot13=-200 literal zero/default placeholder; slot14=-200 literal zero/default placeholder; slot15=-200 literal zero/default placeholder,-200,literal zero/default placeholder,-200,literal zero/default placeholder,-200,literal zero/default placeholder,-200,literal zero/default placeholder,-200,literal zero/default placeholder,-200,literal zero/default placeholder,-200,literal zero/default placeholder
etc5l0,110838,The Ink Thief,side_special_misc,etc5l010,etc5l010,11083801,1,etc5l0.processEvent_020,default,direct_scene,static_no_dynamic_payload,delegateEvent / no dynamic replay payload,slot9=-200 literal zero/default placeholder; slot10=-200 literal zero/default placeholder; slot11=-200 literal zero/default placeholder; slot12=-200 literal zero/default placeholder; slot13=-200 literal zero/default placeholder; slot14=-200 literal zero/default placeholder; slot15=-200 literal zero/default placeholder,-200,literal zero/default placeholder,-200,literal zero/default placeholder,-200,literal zero/default placeholder,-200,literal zero/default placeholder,-200,literal zero/default placeholder,-200,literal zero/default placeholder,-200,literal zero/default placeholder
etc5l1,110839,Private Eyes,side_special_misc,etc5l120,etc5l120,11083902,1,etc5l1.processEvent_020,default,direct_scene,dynamic_placeholder_payload,manual replay placeholder review,slot9=-218 literal true; slot10=-223 completion flag for 111827/111627/111427; slot11=-200 literal zero/default placeholder; slot12=-200 literal zero/default placeholder; slot13=-200 literal zero/default placeholder; slot14=-200 literal zero/default placeholder; slot15=-200 literal zero/default placeholder,-218,literal true,-223,completion flag for 111827/111627/111427,-200,literal zero/default placeholder,-200,literal zero/default placeholder,-200,literal zero/default placeholder,-200,literal zero/default placeholder,-200,literal zero/default placeholder
etc5l2,110840,Mysteries of the Red Moon,side_special_misc,etc5l210,etc5l210,11084001,1,etc5l2.processEvent005_NQ,default,direct_scene,static_no_dynamic_payload,delegateEvent / no dynamic replay payload,slot9=-200 literal zero/default placeholder; slot10=-200 literal zero/default placeholder; slot11=-200 literal zero/default placeholder; slot12=-200 literal zero/default placeholder; slot13=-200 literal zero/default placeholder; slot14=-200 literal zero/default placeholder; slot15=-200 literal zero/default placeholder,-200,literal zero/default placeholder,-200,literal zero/default placeholder,-200,literal zero/default placeholder,-200,literal zero/default placeholder,-200,literal zero/default placeholder,-200,literal zero/default placeholder,-200,literal zero/default placeholder
etc5l3,110841,Prophecy Inspection,side_special_misc,etc5l320,etc5l320,11084104,1,etc5l3.processEvent_005,after_warp,direct_scene_after_warp,static_no_dynamic_payload,delegateEvent / no dynamic replay payload,slot9=-200 literal zero/default placeholder; slot10=-200 literal zero/default placeholder; slot11=-200 literal zero/default placeholder; slot12=-200 literal zero/default placeholder; slot13=-200 literal zero/default placeholder; slot14=-200 literal zero/default placeholder; slot15=-200 literal zero/default placeholder,-200,literal zero/default placeholder,-200,literal zero/default placeholder,-200,literal zero/default placeholder,-200,literal zero/default placeholder,-200,literal zero/default placeholder,-200,literal zero/default placeholder,-200,literal zero/default placeholder
etc5l3,110841,Prophecy Inspection,side_special_misc,etc5l330,etc5l330,11084105,1,etc5l3.processEvent_020,default,direct_scene,static_no_dynamic_payload,delegateEvent / no dynamic replay payload,slot9=-200 literal zero/default placeholder; slot10=-200 literal zero/default placeholder; slot11=-200 literal zero/default placeholder; slot12=-200 literal zero/default placeholder; slot13=-200 literal zero/default placeholder; slot14=-200 literal zero/default placeholder; slot15=-200 literal zero/default placeholder,-200,literal zero/default placeholder,-200,literal zero/default placeholder,-200,literal zero/default placeholder,-200,literal zero/default placeholder,-200,literal zero/default placeholder,-200,literal zero/default placeholder,-200,literal zero/default placeholder
etc5u0,110848,Ring of Deceit,side_special_misc,etc5u010,etc5u010,11084801,1,etc5u0.processEvent_010,default,direct_scene,static_no_dynamic_payload,delegateEvent / no dynamic replay payload,slot9=-200 literal zero/default placeholder; slot10=-200 literal zero/default placeholder; slot11=-200 literal zero/default placeholder; slot12=-200 literal zero/default placeholder; slot13=-200 literal zero/default placeholder; slot14=-200 literal zero/default placeholder; slot15=-200 literal zero/default placeholder,-200,literal zero/default placeholder,-200,literal zero/default placeholder,-200,literal zero/default placeholder,-200,literal zero/default placeholder,-200,literal zero/default placeholder,-200,literal zero/default placeholder,-200,literal zero/default placeholder
